150
22500
112 34
40 43
122 72
101 46
6 95
51 133
138 44
60 55
130 96
144 14
41 83
145 135
45 81
6 63
109 88
77 25
37 144
70 42
117 67
131 149
124 127
11 21
134 12
64 23
122 121
117 22
51 115
77 110
109 136
60 143
75 7
89 141
135 125
0 54
59 132
119 43
25 147
61 17
106 44
77 63
109 81
109 4
132 23
31 14
73 88
128 79
68 37
79 31
110 51
75 141
96 92
6 55
135 149
148 100
103 88
108 0
8 102
30 102
75 11
127 148
129 71
60 93
6 29
90 121
67 22
24 63
132 45
26 10
36 133
52 27
8 125
72 26
5 95
88 89
100 114
1 131
0 9
34 95
41 70
75 6
139 71
117 140
93 50
102 90
81 91
2 46
79 58
110 115
49 36
27 24
24 87
67 108
90 85
80 142
116 139
121 3
20 85
141 34
9 121
22 142
103 34
6 84
54 76
132 84
88 124
9 118
106 72
38 147
43 22
127 79
129 73
136 131
37 83
29 27
143 135
26 20
133 23
71 50
134 75
2 8
28 38
136 6
121 105
67 111
44 41
116 99
28 148
94 100
48 30
149 109
32 43
72 0
135 23
44 30
106 126
74 96
127 137
89 90
77 97
38 5
60 139
149 35
107 134
60 133
111 52
32 28
149 146
13 21
51 68
9 122
36 0
104 145
133 7
89 83
142 65
41 19
67 147
121 54
13 35
21 105
43 25
140 44
48 35
65 79
121 139
149 95
80 142
54 85
53 73
59 71
111 13
15 118
34 94
142 75
13 131
45 91
11 93
66 69
13 137
103 111
118 102
129 6
34 72
107 94
60 26
5 95
147 133
148 120
69 120
123 7
143 131
146 144
58 136
107 88
99 130
118 77
140 78
113 57
27 13
110 44
70 126
135 118
145 64
117 21
74 62
34 10
10 56
97 13
49 83
51 110
60 96
144 8
124 43
59 117
22 68
108 36
114 65
91 79
146 110
19 65
64 101
88 27
120 4
39 73
92 37
132 73
17 84
118 114
37 66
17 68
3 83
138 3
46 81
25 32
138 47
49 19
9 117
138 58
58 93
36 0
47 23
5 46
132 147
123 139
123 50
117 121
28 33
84 109
105 57
74 41
47 64
17 105
50 65
145 72
19 55
49 145
105 28
41 44
87 86
105 42
49 37
89 67
64 62
92 82
23 55
81 19
121 42
15 87
78 0
10 132
10 56
29 43
37 24
15 119
120 22
65 98
138 26
100 22
95 19
142 30
119 105
106 46
62 37
46 124
123 144
97 135
97 112
34 138
84 66
48 135
61 25
147 75
147 122
56 35
57 138
145 107
50 22
97 135
44 128
144 100
125 27
46 69
112 37
98 61
148 140
65 54
120 8
111 61
3 99
11 74
52 92
6 75
39 130
86 106
48 68
132 42
60 76
26 62
16 135
89 32
22 109
4 93
77 27
132 130
43 1
29 59
132 9
32 45
10 109
141 58
147 53
88 125
41 73
76 126
146 106
120 87
30 93
136 44
95 37
115 79
67 102
39 38
44 79
117 73
130 75
21 90
70 6
53 73
11 16
68 48
55 4
147 109
140 13
142 130
99 62
133 68
21 7
12 40
105 137
9 19
59 146
141 117
20 71
124 32
37 67
114 84
23 71
149 71
115 106
120 57
46 38
121 130
49 92
41 121
108 15
2 6
32 144
44 95
12 140
38 21
145 141
64 96
56 36
27 63
33 108
68 82
92 7
18 2
40 18
119 37
19 16
26 90
36 119
32 37
8 10
123 0
127 124
72 66
76 89
54 101
31 20
143 22
104 135
90 69
19 138
48 33
60 113
113 49
139 117
25 75
8 35
109 137
119 139
33 22
50 7
90 100
60 83
52 119
125 109
38 83
46 7
11 33
8 118
25 48
129 3
99 55
97 81
60 110
129 25
25 96
54 117
148 137
45 131
11 8
8 75
56 25
62 60
66 93
114 20
38 72
131 58
71 14
52 60
93 147
85 14
90 9
67 88
0 14
5 114
1 4
1 66
149 116
49 65
21 52
21 49
138 145
132 6
39 135
56 3
136 45
93 35
8 131
118 73
106 124
55 98
120 75
123 19
129 5
83 123
124 7
82 75
32 110
93 97
99 103
88 66
138 131
83 79
77 111
134 136
35 21
84 60
147 50
14 34
14 96
120 7
28 50
100 138
96 45
85 33
48 140
25 86
70 22
29 119
17 83
84 111
110 143
89 81
60 77
103 63
34 84
115 14
94 81
141 98
20 16
117 59
109 113
120 63
95 7
137 14
66 129
138 38
0 78
4 140
88 100
9 38
128 14
37 90
123 105
115 23
94 103
57 107
140 115
142 140
141 144
73 81
64 134
39 117
94 106
64 52
120 58
102 40
57 108
13 114
143 145
61 60
86 85
68 111
69 106
69 47
58 141
103 17
47 139
125 48
136 149
140 72
20 111
6 45
70 1
28 135
118 52
101 98
135 49
96 98
77 11
130 106
16 127
48 12
47 19
84 67
85 5
110 135
149 65
9 62
18 118
149 8
118 104
108 114
139 55
9 78
48 98
54 110
140 107
42 15
11 55
96 99
126 124
36 14
9 56
4 61
25 114
21 111
119 21
142 145
123 52
3 96
18 60
67 10
6 4
111 85
132 6
16 7
52 120
87 120
37 67
134 103
45 72
37 50
22 34
131 106
127 140
78 47
116 87
14 45
93 68
27 103
114 64
25 80
53 84
100 143
119 39
119 129
107 122
116 22
118 4
122 7
8 58
138 62
29 49
10 86
140 72
44 126
1 127
39 97
140 120
99 31
139 56
138 73
82 146
117 6
65 50
103 33
28 27
66 144
113 43
104 129
92 144
26 9
112 16
146 129
122 45
34 128
132 80
86 49
143 142
43 143
29 78
146 125
129 108
79 17
39 149
34 119
67 118
108 5
73 5
145 88
38 12
134 138
54 44
92 84
83 123
78 10
79 32
72 43
49 108
13 118
61 18
65 60
126 132
4 117
123 67
117 73
50 148
55 53
118 149
13 60
124 127
51 115
98 48
72 60
56 44
13 120
69 98
116 71
49 53
120 138
140 2
69 33
61 120
54 21
82 67
22 93
90 29
49 1
36 74
89 132
117 1
126 103
102 7
148 66
103 106
89 103
70 32
43 33
81 95
90 10
71 92
33 51
71 42
51 137
37 97
16 86
48 138
61 121
75 126
44 91
9 137
145 126
40 126
48 28
140 36
11 145
39 146
99 20
3 1
64 126
104 127
132 38
20 41
73 134
134 136
72 48
137 11
47 59
143 144
64 63
47 54
137 1
3 143
110 24
46 118
123 131
12 67
134 117
145 33
15 34
87 73
95 99
8 41
1 71
73 148
42 98
92 8
47 10
61 149
18 127
75 124
12 132
52 70
59 77
122 105
103 117
119 92
68 50
16 95
27 24
36 146
125 8
110 80
58 133
25 129
31 89
15 94
34 21
49 58
35 112
13 94
21 90
84 89
94 79
15 124
20 123
28 140
124 141
20 114
110 98
54 41
73 93
18 33
91 90
15 148
32 58
63 47
136 58
114 109
5 25
25 147
100 129
120 45
22 101
63 42
84 64
107 90
75 144
57 106
96 127
20 73
46 47
106 58
61 3
60 129
34 119
46 140
149 133
21 77
36 11
109 93
125 52
108 18
25 105
82 32
143 84
121 14
149 131
114 108
19 128
67 131
54 73
53 72
33 123
96 121
114 82
129 25
55 139
116 56
41 101
43 105
94 49
66 51
18 24
49 18
110 38
12 115
28 0
85 13
108 105
16 125
81 123
74 115
86 120
23 67
148 72
10 69
48 19
120 131
104 91
7 17
15 102
36 57
42 40
44 41
50 121
103 89
105 31
95 1
80 16
2 33
25 74
135 58
29 140
102 59
35 113
88 147
55 29
19 10
13 53
48 37
61 139
119 30
132 100
76 18
148 103
138 71
106 20
38 83
49 81
50 66
5 4
73 78
20 102
51 77
62 110
144 30
37 46
24 135
21 93
14 126
115 124
7 128
81 82
125 55
101 66
108 0
45 141
143 114
2 90
13 106
79 108
114 138
16 94
64 2
144 46
14 37
93 13
41 2
53 23
78 75
93 92
98 23
133 56
128 53
78 45
21 145
66 63
137 20
8 23
12 21
143 31
61 79
144 21
139 109
121 143
46 142
74 28
55 27
26 65
38 88
113 62
115 49
21 73
33 142
27 125
146 121
91 138
79 100
143 135
57 91
55 98
110 72
66 134
141 20
110 136
115 37
129 94
5 101
111 107
44 140
85 133
28 29
129 72
17 105
5 74
44 35
96 118
92 23
62 63
111 16
110 89
106 44
105 59
122 11
115 91
70 93
59 134
112 92
91 37
6 135
11 115
0 55
36 0
149 140
4 11
43 149
11 64
48 15
118 10
35 110
54 135
123 30
3 46
31 39
17 38
146 56
145 9
146 1
144 97
21 133
38 6
6 110
127 148
85 64
45 102
39 96
81 37
63 51
28 22
50 133
101 75
47 46
134 70
83 34
21 138
23 15
84 33
68 54
95 91
83 13
111 58
91 52
72 99
89 17
94 97
10 33
1 77
1 10
116 115
141 79
37 49
89 39
96 46
5 131
131 36
133 48
55 36
69 70
113 44
3 30
147 6
54 14
104 93
8 13
68 147
30 17
12 34
121 9
82 28
47 17
141 27
22 122
37 149
44 40
105 47
82 126
103 29
95 89
86 109
95 34
91 111
92 127
11 135
78 146
6 28
50 31
58 106
51 68
126 135
87 116
22 2
145 17
116 92
123 126
136 14
50 141
32 105
118 114
22 131
74 96
56 89
97 125
64 94
147 136
90 3
85 16
55 5
42 20
86 95
106 7
100 34
50 14
110 62
116 42
44 9
65 67
106 143
86 149
27 139
140 148
137 119
131 55
138 115
129 143
84 3
15 132
72 56
76 93
141 144
111 25
8 42
105 101
34 2
124 52
149 6
136 72
8 68
61 111
3 37
13 56
32 73
26 62
88 63
56 144
138 84
76 39
134 144
35 50
110 57
54 91
117 128
11 86
81 21
77 119
133 123
118 95
132 112
18 79
40 139
52 145
134 87
92 55
17 33
20 94
11 49
62 21
74 113
7 86
95 34
74 16
114 10
109 129
69 63
92 100
43 52
59 71
17 96
40 131
6 2
85 45
30 22
124 134
109 11
102 142
108 126
51 45
124 141
26 141
45 17
42 22
97 145
13 127
84 109
37 51
74 85
65 99
54 33
22 129
72 112
48 75
22 93
138 7
40 140
65 143
25 81
134 78
67 11
11 96
114 88
36 4
50 14
124 35
76 56
18 128
88 140
106 68
146 60
75 55
84 96
67 52
14 11
72 25
127 35
126 147
0 34
37 107
114 44
105 63
98 7
87 62
84 58
89 86
147 142
103 128
120 7
11 118
87 125
33 78
106 121
34 85
133 110
89 34
51 53
24 80
9 88
132 80
23 83
91 95
40 14
31 141
64 101
65 149
23 30
82 54
131 143
72 125
122 96
88 90
50 8
21 100
22 30
4 79
69 73
128 22
17 8
77 4
146 118
70 62
88 81
133 12
131 43
92 65
36 1
127 80
3 16
66 11
117 82
6 120
82 136
77 2
76 99
13 108
119 112
134 50
26 6
6 130
4 10
143 8
2 81
12 103
95 3
62 59
27 129
19 51
107 96
39 99
95 117
35 144
122 109
107 96
75 140
84 10
39 34
74 129
17 25
73 77
86 17
109 50
122 2
17 42
72 68
73 5
49 119
43 25
87 136
17 40
51 19
66 127
117 61
87 116
147 121
2 60
114 4
110 75
26 7
100 61
34 70
120 79
38 96
15 0
5 45
10 81
25 134
148 128
134 24
102 125
132 124
149 7
133 106
147 149
87 58
117 4
46 114
62 3
25 85
143 5
43 17
89 140
65 44
107 7
26 111
40 78
64 102
80 9
75 142
108 5
5 147
70 25
55 147
64 138
9 4
145 71
111 114
87 89
0 133
53 86
70 148
125 72
128 84
104 8
81 77
8 0
143 40
110 119
95 145
130 64
14 96
10 60
93 147
93 74
122 126
145 79
40 0
33 25
36 78
75 138
74 94
145 114
1 58
51 68
60 82
99 2
120 135
85 62
13 96
29 109
71 137
87 37
40 16
50 6
28 85
111 72
132 82
98 78
51 55
84 17
18 104
50 125
20 109
53 54
82 16
87 100
44 108
66 106
88 148
106 35
131 91
12 44
148 86
30 57
45 122
144 102
44 82
26 51
28 118
105 144
67 47
37 19
57 40
17 60
118 103
9 90
117 116
7 109
89 141
60 42
21 65
88 2
95 89
27 117
66 123
116 70
85 92
26 63
51 16
55 20
27 146
59 133
62 63
90 5
4 109
81 148
47 100
8 111
21 79
20 123
21 4
49 135
14 93
103 131
115 94
98 43
49 99
60 135
112 51
62 90
55 98
119 8
14 51
3 76
79 65
123 105
0 36
108 79
63 106
118 57
142 133
116 13
84 114
29 129
14 123
10 22
37 85
76 118
18 28
5 84
109 30
143 48
41 70
21 90
58 40
27 36
149 33
126 129
148 131
132 49
70 8
83 50
9 136
105 97
15 83
107 85
118 12
79 143
129 102
78 81
58 70
111 20
25 87
45 129
40 74
38 68
26 41
143 142
101 58
47 79
6 90
56 67
43 145
18 84
138 115
148 125
60 30
86 134
108 95
140 64
32 144
138 41
117 45
115 94
144 81
140 70
70 130
57 89
44 140
91 76
70 42
75 33
125 66
111 79
22 91
105 46
7 108
147 148
114 2
24 85
51 67
23 74
80 50
121 132
91 123
145 59
18 17
137 115
33 127
76 105
25 68
94 110
26 71
141 17
116 52
116 83
57 137
33 64
14 74
133 29
8 82
102 44
101 79
75 82
36 56
114 4
78 2
49 66
87 110
42 5
126 80
22 32
85 17
128 1
108 19
100 96
90 109
121 70
81 36
42 6
38 146
21 26
125 88
14 122
135 26
41 129
102 16
113 76
116 119
135 91
4 13
113 28
131 46
102 50
107 100
120 106
61 108
75 102
112 19
64 120
147 126
71 110
90 117
89 117
128 103
5 79
123 31
91 2
26 37
70 77
24 80
31 119
11 89
66 12
43 25
30 101
141 75
134 56
15 30
8 17
20 116
91 112
108 136
12 92
119 111
141 67
23 102
15 12
84 123
131 65
89 79
63 124
3 5
42 124
0 141
147 145
143 13
60 93
116 132
128 136
122 24
108 11
20 54
24 55
19 12
70 21
16 13
133 51
24 131
141 145
148 112
4 134
73 121
146 104
69 123
55 82
44 113
149 141
40 35
124 21
148 72
101 118
47 83
16 69
22 12
33 123
105 81
32 106
64 83
92 56
49 21
56 3
4 2
97 22
142 6
50 67
98 74
112 43
25 92
8 11
41 121
4 106
146 52
17 26
49 124
86 8
121 113
75 112
134 103
143 30
141 138
111 25
17 51
78 11
122 140
86 3
79 146
65 126
9 95
77 132
5 139
104 14
103 105
79 95
94 91
143 125
105 120
31 69
146 103
104 80
87 94
9 111
133 2
62 144
83 21
71 48
62 144
17 78
3 0
86 145
141 108
77 119
21 63
80 147
98 59
69 0
13 10
9 57
109 32
84 27
42 136
86 72
71 57
86 22
125 2
149 144
107 116
78 101
87 45
74 117
29 4
76 130
36 97
12 113
90 126
19 3
122 18
73 135
70 53
7 31
3 103
140 60
71 142
37 94
55 41
33 106
7 99
84 41
94 84
76 62
146 89
34 93
98 111
77 103
1 19
145 102
45 42
127 112
47 96
51 76
47 27
101 27
122 45
116 83
102 138
85 74
25 16
21 113
68 11
58 36
115 24
0 17
6 149
116 101
91 18
134 91
131 85
20 15
59 37
24 119
5 2
128 79
127 128
106 118
135 83
4 43
120 148
54 79
118 54
7 132
131 40
30 21
69 143
8 131
5 0
106 111
138 54
19 11
88 58
83 65
127 76
28 33
42 15
89 83
51 49
19 65
33 130
75 44
86 120
16 32
126 131
117 26
133 4
149 71
119 139
19 64
139 58
120 73
17 149
38 75
3 114
87 143
50 99
49 76
77 138
34 107
136 102
33 69
45 88
65 130
127 31
65 35
69 51
46 134
18 77
94 66
41 32
42 148
135 59
148 45
47 28
123 149
121 13
149 29
38 60
95 79
33 76
146 122
43 65
49 26
70 93
95 74
129 62
1 128
30 127
74 67
14 9
145 10
127 63
24 94
148 16
113 36
20 55
105 1
92 96
105 120
42 125
103 45
88 37
19 91
135 29
47 9
2 93
100 25
52 42
16 3
26 1
111 26
130 118
93 104
92 23
36 70
16 139
1 121
43 81
10 105
100 128
37 90
103 57
56 137
15 104
105 34
95 49
76 47
38 123
105 44
44 92
39 35
63 146
89 37
33 133
149 98
82 140
132 42
80 68
31 116
141 30
29 56
6 22
20 10
19 142
75 29
81 63
110 37
64 84
49 32
101 56
66 48
6 135
143 34
142 58
119 78
77 135
110 33
2 139
102 18
57 3
135 1
93 133
125 77
26 63
43 75
136 52
22 104
54 46
49 15
117 26
56 76
93 74
121 70
113 24
65 110
145 7
120 78
106 9
54 102
19 2
97 128
12 85
37 94
50 78
58 88
99 74
62 118
29 102
59 39
76 98
64 115
83 5
69 26
51 133
99 124
94 64
21 9
46 57
142 7
26 102
138 117
45 69
3 133
107 118
131 127
137 42
123 116
3 85
133 39
77 80
33 97
129 29
20 89
40 10
8 66
138 85
0 17
107 78
118 11
40 92
89 55
58 25
125 73
138 141
4 53
131 50
129 72
36 28
13 127
98 11
16 69
87 94
49 135
32 1
48 53
84 53
20 63
147 133
140 130
89 127
127 40
73 65
34 74
146 79
133 26
133 85
100 94
35 22
121 15
22 138
126 128
2 46
0 84
78 111
109 117
96 84
7 25
62 32
61 116
41 110
46 113
0 2
68 133
46 126
147 64
68 26
145 83
64 3
127 146
132 113
121 67
136 148
135 1
144 7
113 102
25 104
79 65
92 16
20 16
120 86
128 75
108 136
22 20
146 133
144 93
107 39
79 10
137 37
74 116
29 86
2 43
70 74
44 29
60 7
99 124
144 93
30 25
63 142
31 51
9 89
120 15
23 145
75 121
97 144
94 148
69 51
50 139
134 22
28 63
81 41
149 111
108 133
21 25
101 5
58 61
78 139
119 85
32 145
149 32
86 53
58 70
22 35
93 29
102 64
6 81
114 22
91 35
3 95
122 129
14 120
87 53
107 18
141 71
106 78
17 105
149 94
117 41
1 97
115 100
56 25
98 139
16 30
86 55
133 76
82 60
1 125
115 11
38 122
91 48
24 96
27 131
88 13
13 69
137 102
42 132
132 19
84 46
71 5
96 78
41 14
7 38
80 84
112 33
98 39
132 33
42 17
116 115
0 133
116 25
138 83
148 39
97 101
64 38
2 144
94 12
54 23
20 72
76 95
8 137
97 96
51 74
71 39
107 65
137 84
67 119
126 109
108 71
128 106
107 104
93 3
47 38
121 99
110 127
90 32
133 88
127 87
6 145
5 130
49 31
25 124
49 36
15 132
54 25
117 78
18 85
131 92
77 79
127 15
27 128
60 99
104 53
54 124
32 23
26 93
34 122
37 115
72 100
24 136
12 2
44 137
116 129
122 5
32 52
22 49
131 40
107 8
0 28
125 55
15 28
80 58
11 97
120 137
96 71
7 100
137 133
72 13
138 147
0 142
109 52
53 0
19 148
20 59
48 0
116 114
113 91
117 28
116 86
61 46
75 15
19 137
10 110
136 87
123 59
94 46
62 125
35 111
142 104
34 68
79 21
99 30
50 145
135 55
46 90
4 138
91 47
11 135
92 30
132 4
136 119
21 84
121 72
89 86
140 145
32 73
69 23
17 142
27 54
82 86
104 55
43 78
83 77
78 104
46 116
93 108
49 52
136 102
124 112
149 36
61 9
142 122
22 103
137 88
106 89
35 27
19 95
36 42
77 136
32 29
15 131
12 79
11 97
127 117
3 21
93 94
114 33
106 149
58 107
117 53
112 122
119 89
57 139
28 106
138 98
22 21
36 18
109 64
148 13
112 91
77 23
4 5
104 121
18 35
52 35
146 142
56 127
144 96
80 147
90 44
94 136
26 0
144 75
24 44
36 88
136 135
95 25
0 70
124 114
114 145
20 67
13 35
128 138
107 77
91 29
134 71
23 79
110 108
56 67
40 146
63 77
12 65
26 117
36 32
84 2
26 71
72 120
86 111
61 76
89 106
100 97
79 17
2 29
82 71
125 56
13 86
117 109
52 9
27 80
8 32
39 12
11 127
13 45
27 54
83 87
100 9
75 109
49 94
99 126
143 23
14 117
4 9
125 13
11 149
37 93
27 58
145 75
46 85
64 113
102 43
54 53
134 15
132 95
24 47
86 16
52 40
81 62
47 100
54 62
42 121
11 84
13 71
56 31
72 149
65 72
112 9
61 111
147 120
0 102
92 39
50 41
135 12
58 42
137 37
5 70
30 27
104 93
79 108
117 69
40 65
65 132
42 94
46 79
140 119
96 74
102 148
35 31
3 48
139 106
103 142
73 143
15 77
95 50
79 15
25 131
129 111
78 12
35 70
73 39
65 18
43 131
53 81
13 149
135 13
11 69
36 21
121 15
91 64
119 52
33 104
106 49
113 96
38 1
128 71
14 77
58 146
84 20
17 6
1 23
94 64
28 50
82 56
122 12
39 102
51 124
54 140
4 27
89 27
98 18
32 125
5 92
34 126
31 141
57 139
111 113
56 88
65 101
131 31
68 31
10 112
76 108
93 15
83 22
55 75
55 129
88 8
122 123
37 50
64 34
114 149
93 18
1 75
124 133
146 142
74 87
62 126
39 149
141 146
119 2
42 35
43 139
57 21
100 28
24 46
134 21
12 34
112 80
76 134
22 105
136 60
88 96
4 119
25 79
79 77
101 45
133 78
61 102
146 29
43 87
23 38
18 122
17 3
85 146
86 49
109 114
33 77
107 17
101 57
115 94
11 94
135 37
37 88
120 41
131 37
114 149
77 98
95 92
71 8
47 24
100 69
74 126
131 108
44 111
74 105
21 78
131 101
112 62
101 47
113 36
34 125
34 83
51 91
3 116
86 62
3 86
37 120
19 13
136 123
114 2
10 42
73 7
34 142
42 88
76 37
22 52
88 122
5 1
52 137
27 17
92 93
138 122
0 54
40 23
137 5
146 65
144 100
5 2
100 108
53 54
28 74
15 11
61 42
134 77
55 1
33 37
6 46
138 37
29 12
25 98
16 130
93 34
39 30
94 96
52 113
83 4
61 96
2 20
91 103
140 114
105 42
30 39
59 19
72 122
146 132
125 110
92 64
37 137
113 28
144 37
138 22
139 62
102 61
35 147
105 66
31 26
121 31
3 51
136 56
5 142
24 39
11 47
115 107
23 80
3 14
113 33
11 79
42 57
74 80
144 48
26 77
120 7
40 9
134 62
73 53
123 86
119 41
76 17
85 40
25 141
7 86
20 0
23 19
136 4
63 145
93 49
97 123
82 13
53 123
122 70
135 6
2 107
37 32
53 125
73 50
142 56
105 31
21 100
52 103
109 102
149 121
56 49
78 59
47 60
112 88
41 146
3 33
31 17
66 99
57 81
101 87
49 16
119 114
107 87
16 61
22 9
92 112
52 123
78 8
42 89
11 29
62 98
133 118
63 75
33 95
76 128
42 111
66 86
82 87
12 135
26 100
76 106
124 83
85 82
126 147
50 125
26 146
130 84
130 26
58 14
60 4
51 93
140 15
11 137
61 130
14 113
37 21
125 129
34 68
103 128
109 86
9 83
58 65
29 59
35 44
28 46
25 55
81 86
132 21
108 54
30 141
14 16
62 123
42 106
39 109
14 61
65 142
80 130
9 61
109 40
62 129
95 107
120 27
85 127
95 65
84 105
27 61
117 9
45 97
77 27
140 92
73 143
129 28
51 8
80 143
138 121
113 99
63 82
101 51
138 108
95 39
11 35
123 132
4 65
111 140
27 2
98 86
14 72
50 81
61 12
9 11
101 142
96 46
88 112
119 73
144 82
113 111
116 69
142 89
12 139
45 66
135 121
16 84
29 55
87 34
0 43
146 16
101 149
107 140
63 18
3 29
80 68
0 121
114 31
28 66
74 137
135 138
131 134
88 85
50 36
113 82
46 94
59 80
85 19
94 77
93 130
108 17
56 9
132 46
123 104
107 146
141 61
27 25
108 90
55 132
138 129
70 111
91 59
126 82
102 15
18 123
38 27
39 134
102 20
88 79
131 4
57 48
145 40
138 133
53 138
85 146
143 149
110 18
143 48
107 100
28 88
21 27
143 97
3 49
117 127
133 54
51 148
67 1
128 131
142 20
143 38
36 144
134 92
95 45
90 66
87 63
105 78
148 13
134 19
20 47
90 40
98 27
23 96
5 17
134 55
45 119
11 28
106 72
128 146
37 52
41 126
87 8
2 139
92 55
71 29
27 23
44 134
73 89
57 91
17 103
60 85
7 60
45 107
134 100
62 76
43 32
4 73
108 106
107 89
22 11
94 71
127 26
117 74
6 77
18 118
40 129
119 63
102 110
89 105
13 137
46 140
82 32
21 1
113 99
140 131
141 12
53 10
47 85
38 71
134 102
13 55
62 116
132 123
2 11
78 112
137 9
77 122
17 35
66 129
32 16
40 82
12 10
88 122
12 88
142 96
3 88
145 89
137 104
14 99
103 135
36 122
84 64
126 143
113 148
47 144
91 101
123 36
10 118
128 111
74 110
79 16
54 81
99 80
52 4
2 26
68 115
90 101
96 112
113 112
37 39
73 32
98 79
52 66
93 70
62 120
16 37
69 53
27 107
77 30
46 76
63 109
95 119
109 134
75 44
101 12
146 58
23 94
114 108
41 117
108 33
28 9
64 104
83 46
96 52
115 24
90 25
100 124
124 24
58 13
9 48
120 133
37 149
100 148
64 95
105 106
130 61
16 32
87 70
61 18
85 24
89 123
91 64
83 96
71 49
91 30
45 63
43 71
12 55
63 114
142 39
13 74
29 118
18 40
75 136
69 92
55 48
124 1
3 77
94 114
45 112
51 24
121 122
123 43
32 130
111 104
135 81
138 58
22 126
109 37
24 146
59 61
45 11
147 112
133 119
34 46
97 31
32 8
45 1
7 126
121 133
132 124
50 84
111 120
13 44
62 149
51 94
87 137
141 122
35 149
52 110
60 94
102 97
55 41
111 123
59 47
28 105
16 21
11 91
114 41
47 65
79 74
116 140
57 62
124 54
59 8
43 84
40 93
27 46
77 27
25 2
121 105
84 100
75 87
50 9
111 97
15 75
95 56
43 98
80 63
10 26
143 138
147 36
86 64
93 97
122 114
41 19
37 149
89 121
10 23
117 141
24 9
54 81
27 80
4 24
22 85
67 147
83 84
21 96
27 15
6 120
129 84
61 131
58 56
46 77
137 105
90 129
15 143
33 118
136 4
88 8
108 20
53 62
9 117
99 87
11 108
19 28
68 47
149 119
110 144
89 147
63 135
87 119
129 77
91 5
21 11
65 111
79 15
37 119
60 130
148 118
20 48
29 40
5 119
111 101
53 66
96 130
28 101
115 140
140 12
83 92
78 8
77 110
41 49
123 73
145 36
63 134
76 141
76 69
146 15
123 127
114 30
59 135
44 101
109 25
140 43
31 56
63 17
128 106
17 123
139 8
129 130
64 69
0 65
22 129
66 76
57 100
27 11
39 19
73 109
85 91
13 6
95 99
53 116
3 149
4 53
141 101
25 26
141 83
129 148
6 108
80 31
106 85
86 65
44 72
2 57
103 70
69 30
121 48
9 28
149 62
63 51
86 7
144 91
130 118
72 133
59 36
33 40
14 24
81 69
29 54
24 95
4 28
149 64
146 111
11 10
20 65
83 63
0 64
115 9
32 0
111 137
88 38
101 106
5 2
111 140
125 89
13 91
32 92
102 43
116 122
41 80
25 45
4 67
25 62
19 103
112 83
108 24
6 43
122 10
51 79
105 55
26 82
125 15
58 66
110 52
83 68
8 64
137 2
57 129
116 0
139 100
59 25
28 139
60 95
107 40
39 54
5 135
106 38
93 91
81 115
111 87
45 80
57 100
57 2
95 11
100 77
113 117
126 149
8 98
117 111
90 2
0 36
68 8
39 110
64 121
11 70
114 44
116 126
1 44
123 69
101 74
81 129
3 2
82 115
14 149
66 18
141 77
128 43
112 116
112 95
11 72
78 40
134 44
81 146
121 128
111 18
39 9
23 122
5 138
63 108
62 105
9 93
67 116
138 25
17 89
146 43
44 124
11 83
23 36
12 35
70 56
53 26
124 135
53 143
75 103
46 140
19 79
2 121
43 12
72 137
92 138
92 71
121 10
64 125
54 55
135 35
63 135
99 91
75 78
87 90
74 113
115 56
57 141
11 56
60 129
127 133
10 6
111 84
40 80
29 146
128 76
81 43
111 135
13 114
86 111
132 10
83 147
77 42
113 111
88 63
97 20
26 102
109 47
58 119
109 81
72 29
75 122
41 147
115 96
116 89
106 77
13 82
10 114
13 128
31 135
9 38
47 52
22 70
99 30
60 146
138 44
44 80
144 123
73 44
67 37
141 110
0 114
118 119
127 5
58 133
14 30
116 60
87 44
18 144
118 98
136 45
95 89
118 63
28 35
16 129
58 116
2 60
2 115
87 35
134 113
76 119
2 7
9 85
93 77
14 109
123 7
92 63
26 101
99 35
141 12
109 82
68 47
128 65
103 135
117 42
62 103
87 4
48 79
119 59
40 98
106 40
27 32
80 94
96 104
142 103
137 30
10 92
61 34
38 23
42 139
25 16
144 8
95 5
52 119
79 35
116 91
19 138
115 112
147 122
104 22
99 113
102 55
117 15
16 0
8 20
94 45
111 75
84 102
111 73
69 134
126 36
118 48
138 31
11 25
25 135
99 34
35 104
17 122
114 85
84 134
11 91
92 142
66 143
149 8
143 77
97 139
52 142
40 43
56 2
50 2
113 40
98 50
45 110
1 131
65 145
39 128
131 139
12 106
132 124
68 33
51 42
131 17
43 110
53 139
28 138
60 68
136 33
142 93
145 128
118 33
49 71
110 64
43 16
126 130
28 14
101 133
62 36
91 63
128 134
40 89
53 143
59 80
70 112
77 112
22 93
2 9
131 64
137 123
3 64
146 92
30 57
113 51
107 108
130 145
24 95
12 146
60 139
128 56
119 66
87 112
65 75
0 147
100 61
80 111
94 148
27 15
12 123
64 28
119 108
34 136
66 119
28 54
25 122
76 110
85 97
97 127
18 12
89 122
41 141
117 6
98 91
30 108
109 23
95 107
95 145
99 35
115 6
50 6
133 144
87 93
41 86
109 1
104 125
67 51
66 147
86 39
110 84
48 4
90 21
110 147
70 21
67 73
23 136
33 18
73 145
58 15
148 9
68 75
45 147
38 146
34 148
15 137
6 71
65 21
13 4
42 78
3 22
80 108
9 82
88 130
104 117
134 50
22 129
85 6
104 126
37 121
115 0
106 130
1 145
14 76
53 66
68 88
64 84
107 56
98 41
37 63
124 122
100 42
135 40
33 2
36 149
3 109
29 149
72 30
106 69
62 110
111 10
23 96
134 114
95 67
129 92
126 103
149 142
78 100
97 9
89 93
53 149
96 52
92 0
5 137
22 36
9 103
104 84
149 67
2 144
94 103
27 20
114 148
47 24
148 138
40 52
98 33
74 105
84 49
123 117
17 112
48 66
98 126
99 113
81 45
12 7
64 15
45 116
49 36
1 136
127 114
54 19
44 57
84 91
104 44
77 78
78 0
4 78
29 119
114 73
31 124
18 139
46 63
94 51
42 103
118 74
40 115
71 27
91 126
127 139
22 121
142 6
22 43
85 59
108 16
111 45
8 106
118 115
136 10
140 26
105 108
106 6
21 135
90 71
103 78
144 126
135 45
29 43
60 6
20 63
49 44
59 29
33 109
95 48
133 92
126 72
42 101
95 93
66 33
90 21
50 133
40 66
12 61
44 95
49 83
73 143
86 119
141 80
32 39
21 52
119 15
23 10
62 83
134 48
149 126
81 71
83 71
143 106
52 29
129 117
72 122
109 121
81 144
141 62
82 36
5 42
31 133
39 19
3 60
78 141
147 143
67 34
131 34
47 64
14 149
147 104
110 134
13 5
57 134
63 119
30 40
110 137
110 78
74 47
99 136
134 39
34 133
128 49
85 59
1 95
28 12
86 108
7 56
72 95
22 132
148 34
22 72
101 68
137 118
5 98
12 121
4 62
83 31
136 84
115 138
70 80
113 40
71 3
19 62
20 23
16 55
137 18
4 69
143 73
90 111
22 59
123 80
16 146
134 53
70 66
70 122
2 122
9 97
29 104
95 140
0 96
39 26
116 146
145 118
126 58
90 101
147 74
15 114
110 83
105 98
124 53
14 62
146 74
141 3
111 32
38 28
130 121
88 102
142 13
123 92
117 9
103 105
25 34
126 47
44 118
120 132
142 57
29 86
141 148
35 113
13 140
73 100
43 123
7 41
72 65
10 86
61 116
66 124
16 95
62 114
76 64
131 10
29 72
13 47
21 86
106 44
19 104
81 55
60 54
132 94
28 59
117 10
67 75
131 68
96 138
25 26
56 71
23 126
142 131
88 124
96 3
38 12
5 109
9 70
38 65
137 13
40 2
87 30
85 148
122 41
65 116
23 120
143 85
68 30
31 141
133 128
29 120
111 76
19 127
35 136
97 91
71 42
76 82
74 112
8 69
82 96
136 104
130 127
12 30
131 143
117 128
18 112
77 75
119 82
53 149
103 6
43 11
101 43
32 126
96 102
129 81
93 97
12 143
45 146
37 44
88 47
54 94
128 89
76 30
96 121
16 70
50 104
99 55
122 127
7 66
32 41
122 132
74 30
19 106
69 66
105 138
82 13
113 80
42 53
15 85
92 140
125 77
138 105
19 40
98 42
145 99
9 4
26 128
133 27
94 83
19 103
31 141
74 35
128 137
139 143
46 39
57 86
62 87
53 68
147 107
5 64
125 81
125 145
105 33
67 51
70 31
138 142
100 98
118 130
143 120
82 0
24 16
119 67
123 42
66 9
86 54
40 63
52 48
22 112
41 79
129 131
143 87
108 3
109 13
51 95
70 131
141 92
34 90
132 126
27 118
114 78
73 60
27 23
9 27
146 36
52 126
100 99
67 135
26 142
26 127
102 53
117 144
84 120
33 115
116 120
114 17
71 72
98 21
45 86
4 78
85 86
144 27
9 37
62 2
39 32
22 32
3 17
112 51
41 145
83 7
105 63
123 19
26 95
111 37
117 67
2 144
93 132
122 101
43 129
0 10
131 102
113 37
62 65
41 110
102 146
114 60
137 128
55 8
57 13
13 103
61 16
96 42
135 26
49 23
12 38
87 34
70 20
46 135
40 130
23 81
99 139
137 54
102 80
27 88
146 33
23 147
106 85
4 42
38 137
44 35
82 2
143 130
73 52
87 44
30 18
0 18
132 88
117 124
108 28
45 47
66 114
30 137
74 12
64 76
105 6
17 85
6 54
0 18
22 43
96 75
39 99
27 145
4 10
110 80
112 8
53 51
81 75
49 47
104 119
9 48
32 62
52 101
79 148
38 55
15 47
129 53
97 143
87 123
85 141
116 24
132 99
30 80
113 62
47 105
64 92
13 71
89 131
118 133
15 37
94 101
98 61
52 144
108 44
56 35
118 127
55 108
49 37
141 137
56 92
96 51
44 63
44 124
120 139
117 144
33 38
71 122
140 116
71 66
118 9
144 146
97 130
23 45
84 27
11 25
53 73
96 11
54 85
108 86
59 131
57 141
107 53
92 148
99 140
18 10
62 107
5 75
36 84
110 142
50 113
64 65
128 50
90 121
146 71
102 63
22 41
93 111
87 74
66 128
61 117
139 29
137 74
33 71
95 127
55 13
76 80
59 144
129 66
59 81
85 90
69 46
64 80
40 46
142 7
147 140
88 37
5 92
75 117
56 61
56 7
136 105
21 71
119 95
105 106
20 125
124 128
68 0
110 72
149 16
130 25
95 97
4 147
16 30
114 109
116 114
68 86
75 43
20 23
104 119
140 36
77 99
71 17
15 97
138 132
140 62
93 36
72 73
70 112
106 1
41 122
37 49
1 37
57 114
102 98
128 100
42 1
94 32
46 87
105 48
9 20
34 99
87 70
146 99
111 33
119 120
43 96
86 93
143 49
95 26
29 149
101 119
29 84
74 85
69 39
74 133
26 117
100 11
134 71
63 86
82 17
53 115
128 9
74 23
22 116
144 119
142 8
67 92
102 105
76 136
21 66
7 35
114 57
66 93
118 23
93 135
82 119
85 91
91 137
25 30
34 107
92 50
112 56
87 96
123 116
118 109
50 29
101 17
25 141
104 66
111 32
127 116
108 37
138 111
62 9
120 136
95 63
93 48
57 65
14 135
43 92
28 69
119 18
34 124
118 78
23 56
64 41
36 120
78 49
6 104
63 47
109 31
22 80
73 46
87 34
78 84
8 16
28 12
93 18
80 43
101 121
70 17
33 86
8 23
118 120
41 44
119 26
95 80
9 66
90 34
7 6
56 16
118 45
31 21
110 67
36 110
75 57
81 26
102 30
26 133
26 113
10 91
94 104
133 99
41 127
42 84
32 30
90 85
136 14
108 119
29 54
133 132
124 110
113 17
18 9
5 126
63 97
36 16
78 59
41 135
26 108
32 146
37 45
28 84
64 60
137 27
107 62
84 75
39 117
133 86
110 29
28 36
147 85
54 109
99 78
27 67
26 22
107 9
68 93
146 35
129 58
63 121
32 123
127 43
24 44
19 143
102 43
59 68
22 143
43 141
78 146
16 48
16 46
41 118
116 23
120 125
89 75
138 70
124 26
135 143
56 139
106 98
52 5
143 15
61 146
11 89
58 89
79 120
108 99
96 90
12 146
123 19
14 62
114 26
44 121
98 76
30 58
95 91
36 59
125 116
46 120
96 35
62 64
7 142
25 125
84 91
143 121
97 43
84 67
23 94
127 75
57 24
64 0
142 62
12 5
85 28
76 28
109 106
89 33
59 113
72 16
30 16
72 64
100 95
9 98
3 6
18 98
22 16
114 98
64 39
81 4
77 82
46 57
136 59
141 49
83 88
1 109
66 26
112 6
11 144
30 137
76 109
100 97
90 49
2 88
22 145
54 89
45 116
46 63
30 115
75 43
23 27
108 51
13 58
56 134
53 94
35 14
16 124
61 66
39 65
1 45
114 99
63 101
26 36
23 38
84 127
136 115
55 128
1 144
79 15
46 109
19 74
133 103
11 12
80 117
66 139
19 56
85 119
50 17
47 92
71 36
78 24
48 106
45 48
18 93
100 122
125 105
102 101
102 76
92 31
68 128
15 44
45 70
135 6
130 61
64 104
68 107
22 143
18 93
46 52
117 12
33 13
82 56
138 136
131 82
114 25
50 96
108 91
22 110
105 40
27 42
104 55
140 99
144 112
39 114
47 28
78 119
21 111
121 21
38 70
67 108
67 37
41 30
4 27
143 32
140 145
117 29
55 53
145 92
105 109
74 119
56 148
139 131
40 45
56 98
79 74
77 3
141 148
117 88
77 143
8 124
89 84
143 77
87 82
46 88
35 105
81 90
14 104
143 116
46 31
29 43
141 29
48 34
147 98
104 75
121 115
115 36
31 4
117 126
113 114
6 10
77 61
1 56
105 84
52 3
35 69
110 40
39 136
86 130
61 41
127 29
45 84
33 96
142 86
10 68
106 46
143 134
59 49
141 120
57 28
50 101
86 70
142 73
8 64
18 99
92 9
1 34
98 73
137 129
45 56
143 30
74 85
43 105
51 70
33 116
26 128
50 116
96 42
3 99
109 62
147 15
42 126
27 127
38 114
12 2
84 36
93 139
37 71
67 22
10 44
82 145
82 106
120 55
70 2
112 87
114 98
137 13
28 27
83 73
116 8
15 74
94 110
8 84
114 19
86 25
137 30
35 130
92 61
52 119
96 30
85 135
63 34
115 93
26 10
67 4
12 59
12 133
100 103
121 129
24 78
98 76
60 46
101 7
84 78
78 5
145 45
48 69
97 60
112 123
76 71
131 108
39 117
28 91
17 40
62 74
40 38
61 140
135 15
13 86
45 0
114 95
137 102
130 83
60 62
64 97
0 72
68 131
20 5
116 26
97 53
89 62
18 79
124 149
51 48
67 124
41 101
49 45
70 63
7 106
72 31
107 11
109 125
74 46
88 126
139 128
59 109
94 122
48 128
7 146
97 55
68 107
128 95
48 148
46 146
129 46
148 137
77 12
27 109
149 111
111 93
25 105
41 109
10 40
131 69
27 75
5 6
109 31
139 98
109 3
118 81
72 77
69 29
76 4
19 25
122 59
99 121
28 108
50 132
54 109
12 115
112 11
98 73
57 137
88 128
34 80
98 16
127 140
47 133
95 46
127 101
39 12
108 36
91 126
6 110
70 15
105 137
89 68
7 125
31 22
128 96
14 34
77 49
90 97
115 109
19 67
9 74
31 107
20 116
1 18
99 71
50 118
139 34
144 71
12 135
41 83
90 72
52 47
5 128
35 28
23 91
55 47
146 29
24 137
73 12
2 134
13 149
134 19
125 19
77 113
31 84
12 96
89 8
38 48
0 6
44 74
49 138
106 27
39 40
107 52
127 144
91 52
17 8
13 40
75 33
75 24
37 80
100 35
142 108
22 51
137 99
88 81
143 60
32 73
96 110
50 27
109 148
9 138
96 81
71 56
105 149
120 134
135 62
55 63
57 138
128 123
103 111
30 89
85 122
81 72
31 42
142 86
141 130
119 21
55 129
134 39
114 137
44 120
2 78
83 141
49 57
142 143
74 105
88 28
114 59
67 122
85 56
126 76
71 83
35 128
64 26
148 42
29 6
15 80
71 115
69 59
71 47
39 33
50 37
50 91
124 66
48 59
79 32
132 71
42 79
49 111
2 36
145 2
125 23
89 77
143 30
83 26
112 41
84 77
147 13
112 68
123 114
75 101
36 95
103 41
8 17
91 36
51 126
95 148
123 85
121 106
7 53
127 138
78 87
141 43
56 3
20 66
75 121
47 133
129 26
115 4
106 143
68 53
127 114
138 33
31 100
5 126
51 87
87 130
82 78
148 142
21 54
145 29
119 78
121 52
71 143
11 101
17 28
2 65
28 128
1 99
22 102
124 58
117 19
42 112
26 86
23 119
74 126
126 4
61 128
36 98
22 84
28 130
114 92
47 57
87 51
136 91
30 110
112 141
21 8
36 117
74 73
89 66
5 67
52 38
9 86
9 27
118 32
121 135
41 139
117 143
116 115
77 126
110 52
18 140
27 142
80 36
121 118
101 68
8 118
112 114
117 27
31 78
11 68
93 67
27 31
10 79
78 43
60 89
80 25
15 42
98 64
8 55
114 74
120 104
149 18
18 45
35 20
46 111
22 123
54 5
68 26
97 11
63 68
118 97
17 141
103 42
127 76
53 59
134 110
95 92
98 86
27 6
16 137
0 44
73 13
74 6
28 134
129 97
143 37
54 116
18 50
2 31
124 63
98 61
147 58
135 103
80 23
145 98
72 122
111 7
132 26
97 30
24 104
148 137
63 46
71 129
102 105
109 0
48 106
11 138
100 49
40 4
73 139
89 127
57 51
141 88
91 23
48 1
21 117
108 146
133 73
25 117
62 18
17 11
86 113
125 132
135 127
116 109
99 121
109 99
76 130
0 148
5 91
140 32
109 3
64 88
47 78
116 72
71 104
63 44
122 71
116 23
30 35
109 125
112 139
146 0
63 112
113 141
47 113
121 49
65 137
17 148
32 124
128 13
135 91
84 86
122 90
42 103
61 102
55 148
45 44
21 124
64 99
66 5
58 51
137 73
65 28
89 48
112 72
91 14
122 129
42 127
121 25
11 130
36 146
144 149
26 123
66 115
80 103
58 149
136 33
46 136
55 47
4 131
105 96
2 138
79 12
87 125
7 91
112 24
106 127
7 138
82 52
146 43
55 82
40 111
62 83
47 66
131 38
143 47
108 112
114 130
10 124
74 87
72 25
42 53
25 146
116 65
112 17
72 18
146 82
39 101
103 148
44 147
5 85
57 118
110 54
115 40
16 133
9 1
6 50
134 137
115 35
144 39
60 123
76 48
87 42
112 30
113 74
18 28
106 40
114 17
34 32
54 127
89 101
40 62
44 136
39 47
117 11
102 113
95 119
54 7
0 132
14 100
57 31
5 46
25 41
69 129
35 32
24 103
37 132
21 57
10 6
26 15
142 76
105 30
76 61
101 144
66 32
63 10
39 2
136 81
62 97
131 113
119 42
78 57
1 46
144 66
14 59
132 59
35 28
66 21
58 0
115 26
118 141
125 39
73 81
9 30
10 103
53 6
57 75
56 57
42 76
26 116
132 107
1 69
28 48
18 46
5 100
116 127
0 92
85 125
40 109
61 136
64 106
98 85
22 30
28 50
148 70
106 47
39 86
95 136
73 41
45 57
102 133
149 15
52 94
15 27
56 26
46 139
104 1
19 4
30 89
31 124
40 5
115 70
14 105
120 64
40 98
112 24
51 101
145 149
115 89
138 143
89 29
145 22
11 56
118 87
23 36
68 99
67 23
130 68
64 18
66 26
33 126
95 109
135 117
111 132
55 12
18 10
55 22
134 124
96 141
5 48
40 62
71 57
2 41
65 80
130 24
81 46
117 126
77 48
15 98
108 12
147 133
31 146
124 31
129 36
16 22
39 72
128 118
35 128
34 106
80 15
63 124
79 106
66 50
36 80
113 101
61 114
54 102
67 59
6 141
115 40
23 79
5 128
65 46
9 1
44 42
136 140
7 117
129 33
38 122
112 51
60 128
53 64
20 105
80 140
32 40
116 37
103 133
101 43
88 26
20 5
68 67
42 72
46 141
125 69
113 93
78 123
19 148
124 95
64 140
134 105
124 12
22 75
20 123
62 40
40 4
34 40
79 31
137 139
3 12
72 57
93 91
72 136
54 36
36 147
37 38
88 4
122 46
147 4
31 22
49 104
6 114
45 132
18 66
133 73
1 123
6 66
27 120
90 105
109 66
27 33
92 69
118 136
62 21
40 76
65 148
64 135
35 131
48 95
91 148
131 77
10 34
87 4
35 31
94 148
109 20
69 135
66 16
87 107
40 9
143 5
33 135
0 146
48 78
13 5
21 58
99 27
32 20
78 28
91 53
32 95
34 37
39 104
95 97
107 87
140 141
18 19
130 27
98 145
53 92
4 135
93 125
91 108
10 57
17 88
23 93
131 57
31 21
128 71
135 115
116 51
101 59
137 109
116 71
148 144
116 10
80 106
106 112
64 123
128 75
112 34
48 60
68 39
61 63
127 134
95 67
77 40
24 106
76 85
140 65
132 106
74 21
137 2
6 77
111 50
35 13
131 108
85 146
37 135
70 41
86 73
118 88
55 108
52 75
53 79
117 148
141 106
75 12
141 35
20 33
135 115
20 80
106 36
20 23
85 100
79 53
75 143
114 116
71 95
67 99
29 61
23 14
72 47
18 42
53 128
46 59
73 68
96 11
58 104
69 27
97 79
2 140
68 149
10 80
6 135
62 38
47 11
86 91
110 144
134 111
113 49
82 93
63 108
127 96
146 49
108 10
133 100
8 9
149 92
135 39
18 29
100 133
88 135
2 21
139 124
71 76
60 64
146 84
106 109
84 63
63 56
50 78
73 91
4 28
17 94
62 118
147 115
82 104
135 138
90 56
23 4
53 44
55 86
15 9
130 120
80 37
61 13
49 99
40 34
47 44
142 31
144 28
21 58
28 81
21 95
89 42
44 51
126 69
63 122
142 74
69 100
113 92
121 123
130 117
92 71
134 7
58 120
111 134
118 39
36 139
124 16
16 132
130 97
28 120
8 12
111 17
134 123
36 87
147 59
126 23
11 90
136 108
70 37
73 90
23 133
69 126
65 27
137 4
8 68
11 59
104 118
38 94
124 2
135 128
52 145
6 108
47 140
143 149
12 141
130 67
42 38
121 10
149 60
44 89
3 144
18 44
119 146
145 46
41 57
95 124
136 79
36 114
11 91
107 72
30 71
147 105
139 115
79 70
85 36
88 81
129 105
9 88
124 106
61 75
45 57
103 123
16 100
64 128
43 104
52 148
87 132
42 52
13 141
121 50
43 21
70 30
65 136
128 88
115 78
28 87
147 38
92 133
108 88
119 108
0 61
141 114
16 15
84 120
67 146
60 3
52 120
66 28
15 35
25 59
111 64
98 147
46 82
17 49
137 96
139 134
6 67
130 54
65 142
13 123
138 21
119 142
96 100
62 106
96 69
17 105
93 57
11 147
122 148
68 144
75 125
119 13
104 26
67 32
148 44
96 113
23 0
19 83
140 43
23 84
61 113
65 146
38 57
125 27
118 62
35 26
27 16
21 36
120 43
35 94
18 98
111 13
124 106
121 40
108 55
67 105
37 57
29 56
78 30
19 67
43 102
21 86
36 75
138 115
111 58
121 94
13 115
94 149
71 64
137 94
15 57
139 124
146 71
66 119
136 81
98 53
0 28
39 70
4 123
1 119
104 14
87 63
143 20
7 41
3 9
6 23
35 140
52 60
43 131
127 53
90 119
111 80
80 137
103 139
81 149
6 112
66 8
134 99
49 52
97 1
88 9
127 1
27 134
34 27
4 112
147 35
56 128
25 42
42 104
34 43
110 106
3 10
136 108
131 64
147 81
36 55
30 131
20 79
8 105
0 25
15 65
126 149
73 95
7 55
79 38
127 109
120 8
63 73
84 115
67 9
115 101
87 97
88 5
73 63
17 76
108 144
41 33
54 17
145 37
55 146
24 147
22 59
136 52
67 29
91 20
88 33
39 141
133 68
60 51
94 99
140 37
67 65
57 33
83 48
12 89
46 85
98 104
37 25
143 105
88 140
125 86
45 13
12 90
38 96
109 25
20 122
131 21
112 92
148 57
28 84
94 122
74 91
65 99
130 121
147 97
141 7
100 33
29 106
56 90
78 8
90 29
13 75
71 77
137 73
100 39
41 120
142 95
46 132
140 141
71 86
72 23
71 58
27 61
23 131
107 137
51 135
105 115
2 109
109 97
24 146
35 115
60 111
147 32
103 26
15 4
69 149
111 75
37 86
49 28
82 131
7 76
108 148
74 9
41 115
21 55
56 81
9 125
25 71
39 105
32 145
92 6
96 6
24 134
146 86
56 146
49 124
134 128
80 95
103 42
46 16
120 130
136 69
54 14
104 25
64 122
58 29
16 70
83 44
146 125
148 39
113 84
123 7
56 69
20 79
113 146
108 130
49 125
86 30
43 52
38 116
128 69
123 106
21 7
2 119
16 107
55 73
29 20
39 37
118 19
32 82
96 148
64 60
41 140
8 71
128 120
26 139
15 120
10 49
79 101
95 15
77 140
136 112
144 36
2 17
140 59
21 141
68 30
5 89
90 11
38 51
57 120
53 95
59 22
136 106
18 74
101 8
79 77
107 137
23 79
144 19
143 101
146 59
15 143
139 142
133 128
41 26
93 32
77 22
4 81
59 123
112 65
60 57
65 25
131 139
68 48
147 71
102 144
115 34
138 142
74 96
49 117
5 80
139 0
39 113
51 127
86 44
133 12
58 51
104 88
95 96
41 21
145 81
105 111
19 56
106 54
139 117
128 88
136 56
87 41
147 28
110 133
73 142
83 50
2 17
38 43
132 149
8 31
10 16
92 69
46 63
1 42
138 5
104 7
62 92
136 66
111 23
57 144
14 66
82 100
136 84
38 127
11 34
13 99
41 58
144 128
120 113
0 39
123 5
35 116
138 104
79 145
114 42
19 69
44 143
143 32
99 52
18 99
124 51
120 91
130 91
71 142
119 139
23 43
132 30
27 96
140 118
104 37
65 144
33 123
26 88
92 108
5 10
143 78
136 112
39 113
60 77
102 19
106 51
109 92
55 5
96 35
16 40
63 58
30 109
27 97
90 48
29 134
28 145
37 33
115 0
52 15
52 27
17 30
81 108
146 7
129 149
17 118
74 147
122 60
131 97
142 26
1 67
60 118
89 28
55 138
11 49
33 56
74 1
125 19
144 106
148 38
133 113
78 74
74 135
18 17
56 93
77 125
131 77
21 9
40 105
32 95
122 141
134 20
147 52
4 120
45 112
7 73
119 120
128 43
52 119
70 19
135 32
54 20
121 134
127 131
130 0
145 72
37 29
135 11
86 105
109 107
31 120
125 134
47 77
104 132
147 15
90 70
51 117
148 143
108 142
2 104
34 124
11 49
78 96
24 60
127 84
25 41
52 17
54 79
85 149
116 55
14 102
23 66
17 3
73 43
126 92
100 3
80 101
29 69
55 69
138 65
34 104
96 55
4 144
128 41
18 132
114 91
120 47
45 134
1 18
77 31
19 64
7 142
115 66
35 33
114 84
112 75
21 146
119 15
122 39
75 35
48 7
36 141
3 43
83 84
139 42
11 127
45 61
1 91
106 72
71 26
59 57
30 78
104 112
92 55
122 50
6 55
50 117
84 43
113 115
85 79
80 146
100 71
37 67
132 92
28 114
97 9
3 132
92 13
100 132
22 131
27 89
24 64
148 14
135 84
85 126
71 44
7 47
125 107
15 87
77 106
3 34
116 2
140 23
108 32
39 95
113 41
55 22
77 112
138 99
86 69
38 109
55 64
123 68
64 144
16 53
14 78
29 45
55 95
139 83
90 13
35 42
16 17
76 13
65 137
118 63
68 0
44 137
104 69
8 91
9 102
50 99
24 41
92 126
112 34
72 65
26 11
95 23
98 79
135 134
84 25
18 121
39 88
101 67
135 143
79 125
34 69
25 56
127 43
62 21
146 81
59 125
77 146
9 92
134 37
65 56
149 80
7 132
94 48
48 24
109 7
12 133
8 66
74 149
39 91
129 79
5 24
43 40
61 1
46 17
46 20
106 9
40 32
106 37
12 104
112 120
36 126
68 66
76 90
114 39
17 133
51 133
132 83
93 112
125 94
132 55
29 96
118 110
1 71
123 88
5 98
59 6
73 28
149 109
7 60
37 74
44 96
94 129
44 103
108 132
30 41
119 148
48 88
72 45
107 26
107 135
62 34
92 29
50 82
138 113
73 11
95 120
45 74
109 64
29 25
28 115
8 123
98 12
68 105
72 68
40 73
49 72
89 66
145 5
133 23
147 20
129 0
60 99
42 79
102 131
79 132
96 98
7 113
134 64
95 76
4 88
77 3
138 142
22 97
105 63
20 78
92 71
17 66
143 147
47 14
1 69
58 69
76 125
98 121
118 113
92 31
30 79
85 46
9 23
74 141
147 25
122 89
149 125
40 99
132 76
136 122
112 15
91 43
118 9
108 67
90 23
87 98
61 132
0 2
29 74
71 130
64 80
91 8
93 35
103 136
103 80
26 2
25 86
35 29
121 94
69 48
88 79
47 81
87 110
55 72
49 144
54 5
43 78
64 119
22 50
97 106
126 76
41 128
120 105
33 76
33 32
119 106
14 116
130 44
102 25
29 148
28 117
15 53
80 74
67 142
30 107
92 7
129 100
20 9
111 19
65 67
134 110
95 69
8 137
138 92
49 104
36 122
14 94
118 47
57 25
52 54
128 34
135 100
16 102
109 83
146 59
144 148
143 75
62 103
138 84
51 138
20 47
49 73
71 90
77 114
77 43
91 26
147 22
19 28
94 138
50 83
54 0
132 30
131 51
53 132
12 87
94 110
13 91
99 19
22 62
56 46
5 128
27 30
128 19
113 82
105 100
84 118
20 26
21 112
21 112
89 128
146 121
81 58
90 119
4 75
37 51
0 38
104 0
0 146
8 35
99 86
18 90
85 44
124 143
83 35
40 98
11 25
55 108
73 118
36 90
70 30
12 82
87 56
77 104
45 118
98 90
121 72
120 104
27 86
26 10
147 97
111 7
121 101
137 79
114 85
84 65
148 122
57 139
28 20
4 40
71 95
38 133
61 22
94 99
126 112
130 138
74 54
11 45
144 137
77 33
104 35
81 95
72 146
127 78
52 101
3 4
68 126
69 40
92 50
68 1
23 2
122 109
15 125
145 149
57 103
29 27
143 25
116 64
76 75
9 15
107 100
128 51
136 11
54 149
107 65
137 145
140 138
64 138
38 85
55 92
24 90
135 128
56 44
107 12
91 73
123 143
30 48
68 58
29 38
124 15
11 127
75 145
78 136
32 108
14 27
72 60
33 112
48 16
77 91
20 141
88 61
94 136
36 59
148 140
24 16
132 6
36 53
43 83
58 104
66 35
33 131
147 83
31 21
38 54
64 41
101 88
149 137
36 16
117 35
133 44
144 14
74 138
146 148
48 70
49 7
6 30
77 105
142 37
112 102
14 141
72 140
19 77
141 36
10 103
135 54
48 137
61 41
142 97
47 28
72 87
126 5
34 4
50 44
103 20
49 70
147 20
115 35
99 111
58 56
129 85
129 137
23 66
66 61
123 52
37 76
23 146
62 101
80 17
138 43
121 82
48 63
1 76
25 93
140 131
111 76
56 102
19 54
76 71
119 35
61 132
142 49
49 102
133 33
35 30
7 32
89 69
134 107
147 112
88 34
9 37
131 139
89 22
49 38
55 87
60 12
24 114
63 140
10 44
42 140
131 20
77 7
148 142
22 27
13 104
35 48
87 116
112 74
4 88
130 88
27 60
12 115
44 61
82 78
33 75
34 65
147 34
61 133
17 97
3 126
146 51
83 124
77 41
39 3
1 53
34 109
44 108
130 47
65 100
49 24
46 131
114 28
3 45
51 64
7 125
72 8
1 83
60 11
115 62
24 108
61 115
135 76
139 79
65 132
149 10
3 139
121 3
43 27
90 140
14 5
52 60
127 11
108 139
63 37
83 51
124 45
81 117
115 142
107 90
70 41
24 35
21 44
27 22
112 63
68 80
14 45
119 120
76 15
105 119
27 26
101 43
148 88
21 93
30 17
129 11
139 56
0 80
61 144
106 32
41 78
20 31
120 139
47 83
11 81
26 145
4 130
65 75
46 99
135 25
44 65
50 3
38 130
19 49
83 108
35 12
19 74
95 124
29 114
34 144
89 59
131 23
69 134
140 29
44 70
80 129
81 12
0 138
109 51
144 56
110 66
76 122
35 1
122 149
54 135
38 10
16 27
92 56
22 137
25 136
125 13
119 76
139 116
127 50
104 44
9 72
4 1
30 86
87 76
95 25
55 138
2 116
2 40
7 71
7 107
97 17
27 12
104 44
123 40
41 146
48 90
37 15
106 95
110 39
54 106
114 135
34 114
32 16
145 111
117 39
136 129
41 62
48 52
42 132
85 126
104 130
63 15
6 72
56 126
117 18
23 107
64 34
5 83
94 136
99 44
87 127
60 118
93 34
102 103
76 72
47 98
64 105
133 56
25 52
69 104
43 41
143 80
49 61
95 140
65 18
99 136
141 97
103 79
11 121
11 125
146 100
51 95
143 62
89 102
48 12
14 116
75 140
51 135
13 124
123 69
96 16
114 78
55 138
75 48
39 3
91 3
118 105
44 10
29 0
138 104
98 9
128 87
119 143
99 100
9 41
127 129
140 9
59 148
134 42
85 5
7 62
126 88
21 27
113 10
47 73
34 69
142 137
126 63
31 114
82 0
28 122
138 119
35 25
32 102
137 123
117 93
129 53
59 123
91 81
58 69
40 34
149 105
26 14
34 5
3 55
23 122
32 92
144 29
139 103
138 76
115 64
112 56
97 38
65 2
37 75
51 110
112 113
149 132
40 103
10 98
35 25
121 124
85 16
101 82
118 112
11 43
119 12
30 99
74 9
115 47
148 120
75 112
97 118
135 59
32 47
148 73
107 79
70 108
19 44
72 80
55 108
101 63
50 146
106 24
22 104
29 122
12 114
121 47
43 11
38 51
22 116
140 46
89 28
99 145
146 98
79 69
7 19
58 11
32 49
91 57
104 99
104 36
46 48
2 0
77 108
8 136
104 52
73 4
148 109
30 68
79 112
86 9
42 102
94 9
42 71
108 139
124 67
42 116
87 109
116 119
85 18
88 27
34 44
39 115
114 140
61 49
79 75
49 40
99 40
18 145
54 142
98 128
23 58
132 76
54 56
114 143
6 114
54 36
87 2
113 49
148 12
112 58
2 58
30 112
11 74
53 84
85 99
64 59
87 3
3 47
88 120
59 48
146 118
146 121
21 59
136 23
136 102
113 30
19 136
130 83
37 74
47 95
36 106
0 50
111 82
12 132
88 53
21 39
95 48
55 3
36 133
2 146
134 15
105 113
132 131
125 26
12 48
123 7
123 127
110 76
82 100
118 45
9 99
107 42
147 114
78 110
38 68
44 90
23 144
144 145
29 37
21 147
31 98
16 55
138 65
81 106
83 39
5 42
90 91
85 143
72 84
148 57
80 117
86 18
68 85
138 30
117 110
143 88
3 40
132 121
106 44
25 77
128 89
59 43
12 34
97 140
97 0
0 7
31 28
46 132
58 70
94 147
111 115
105 91
131 74
96 60
130 99
47 110
21 107
108 117
20 53
67 32
132 61
115 28
78 85
107 7
32 33
62 30
26 101
11 60
115 132
43 31
107 16
77 39
51 109
21 123
34 115
45 131
25 52
139 149
30 78
30 65
125 15
32 2
1 50
116 24
8 110
55 9
18 126
65 71
95 114
109 56
124 61
38 112
123 134
120 112
57 97
98 119
15 99
129 97
16 22
124 74
25 128
72 10
144 41
65 1
147 143
6 60
123 100
18 141
9 43
145 21
70 63
22 129
0 63
144 50
25 109
77 91
54 35
46 143
63 149
59 73
105 131
24 145
15 133
125 136
6 43
24 40
56 142
15 107
81 12
114 18
116 58
118 101
112 100
60 120
138 45
148 54
113 89
87 111
110 95
79 97
33 99
29 125
128 137
97 145
147 48
93 139
137 67
144 131
109 82
55 50
32 115
134 135
2 105
20 76
116 139
27 48
113 109
36 82
36 46
133 10
38 140
47 25
56 90
97 137
120 138
91 98
79 91
55 97
56 88
24 43
64 146
142 121
50 78
103 106
122 39
48 83
102 67
26 137
107 23
24 1
37 98
1 24
39 81
22 3
34 141
62 72
131 42
141 95
81 29
115 123
83 141
11 44
149 58
61 18
48 130
146 55
68 112
29 57
51 111
12 113
119 140
29 103
79 122
13 4
79 110
29 36
129 23
32 115
57 144
32 114
58 66
44 36
24 12
113 146
49 40
149 123
3 38
22 71
35 77
147 53
107 10
6 75
94 138
114 18
1 41
112 107
107 9
5 53
98 100
22 146
20 115
4 122
99 63
135 130
71 149
87 56
71 131
55 65
31 82
67 126
7 68
124 115
30 92
107 121
8 105
135 8
6 135
79 144
69 131
13 126
2 139
55 56
32 7
29 132
66 72
131 120
45 113
121 140
106 66
65 17
15 89
134 110
45 81
118 70
45 130
30 118
112 67
116 32
76 148
102 59
43 93
66 13
111 11
98 116
75 122
70 129
25 29
17 20
35 98
83 39
130 55
99 41
79 123
51 85
79 51
45 4
60 84
23 103
45 43
113 44
45 87
117 4
101 66
119 2
80 120
140 44
2 71
137 96
106 100
124 57
105 122
127 4
92 82
52 92
14 34
16 32
70 136
139 92
21 47
108 12
26 67
72 27
139 129
56 17
23 14
124 37
58 109
96 50
116 136
39 133
128 37
43 44
89 109
101 84
80 50
131 63
26 120
142 97
12 52
86 99
140 83
96 108
68 92
20 55
52 96
47 114
145 104
110 79
117 146
100 62
68 51
114 8
34 2
119 49
133 129
69 141
40 146
19 139
139 51
38 40
76 12
19 48
36 3
92 113
103 119
57 141
148 55
32 130
37 9
52 76
24 137
143 24
87 40
81 145
28 129
119 47
101 114
95 89
16 41
122 65
107 51
62 23
50 123
82 134
100 145
37 103
41 28
133 23
71 83
20 71
63 0
33 25
46 99
27 123
15 104
60 144
10 146
118 101
41 97
143 90
96 30
66 84
132 5
61 148
64 66
114 15
12 52
93 28
42 96
26 135
120 17
83 82
97 68
72 142
2 140
44 136
81 53
132 22
120 59
138 11
71 106
75 48
133 20
45 135
134 71
43 83
5 62
25 94
74 19
119 76
86 9
125 17
127 20
104 132
13 72
16 9
126 40
49 134
140 62
75 115
3 90
37 65
33 101
111 93
73 6
109 38
29 104
77 37
53 45
10 28
81 138
121 13
6 35
24 27
7 118
129 106
148 42
25 79
74 42
5 87
128 17
108 102
63 99
18 142
92 126
36 108
140 49
139 89
23 126
82 102
68 70
146 85
6 19
138 68
37 129
29 3
72 96
13 5
82 148
68 1
134 81
6 46
26 70
89 58
51 48
17 123
17 7
28 23
87 146
2 26
140 63
132 37
35 123
86 101
96 41
41 6
125 8
148 24
103 76
109 104
50 42
142 79
10 11
127 44
116 101
28 86
145 134
20 110
26 67
89 0
27 73
63 95
64 20
8 73
62 7
76 64
93 22
15 115
45 56
4 112
58 59
126 49
108 69
14 59
29 144
1 47
19 97
29 142
78 35
98 83
44 46
76 51
147 116
17 45
18 121
63 119
140 119
7 131
57 93
6 105
147 93
42 34
33 18
74 63
111 14
19 20
55 9
139 129
140 21
130 24
92 61
98 64
123 45
142 22
49 103
136 83
65 24
17 139
138 142
140 33
132 70
37 18
136 106
82 30
50 5
107 129
114 108
74 26
103 74
48 84
88 24
134 130
72 42
117 137
148 134
92 60
134 91
30 16
130 139
83 35
127 33
87 63
17 120
18 22
67 96
23 18
40 0
93 145
146 52
15 105
35 26
145 50
143 94
53 65
113 4
137 12
117 115
83 122
86 87
52 76
27 8
92 114
77 91
76 86
139 13
143 71
147 121
121 84
61 18
45 42
119 76
23 111
30 94
19 52
116 82
129 67
122 5
60 71
83 110
138 34
99 70
44 21
24 99
16 49
44 26
148 67
51 12
122 70
38 35
77 35
124 145
24 3
10 31
10 86
101 2
30 41
92 30
46 40
109 112
82 131
62 94
21 19
148 43
43 0
130 112
137 116
24 11
128 2
105 5
24 28
37 26
74 3
33 15
104 14
54 93
119 40
64 31
42 43
101 48
31 54
53 142
27 11
141 108
21 119
6 84
31 23
69 9
90 144
142 88
75 11
36 94
35 29
119 89
33 6
141 51
22 18
71 141
111 6
142 20
119 29
18 44
43 119
132 105
9 18
35 146
25 6
83 138
134 128
38 67
130 63
62 22
21 47
24 80
75 92
127 39
94 90
108 149
2 97
66 139
14 98
28 143
52 107
52 118
94 146
118 30
65 75
71 143
120 1
30 107
139 120
91 69
89 147
13 68
123 12
56 42
21 51
109 25
106 89
145 18
17 40
102 107
40 73
51 94
62 29
92 125
7 14
149 82
83 134
10 84
104 93
52 118
110 84
131 111
146 10
83 13
130 39
91 68
23 105
6 70
58 47
84 143
78 0
11 126
125 121
109 107
9 39
79 24
27 87
46 9
63 124
17 98
94 46
5 43
118 108
75 76
98 11
114 91
30 22
87 147
126 117
65 52
11 43
140 95
2 105
50 81
134 86
7 64
80 11
130 56
143 131
100 53
115 65
120 98
23 136
92 131
43 72
78 125
16 71
94 49
105 62
20 128
38 97
133 122
32 51
101 4
0 81
82 99
67 80
55 117
140 79
75 21
32 22
122 93
39 71
117 126
81 37
60 52
125 107
41 108
48 142
85 2
10 4
76 26
54 29
32 122
93 21
7 25
144 118
133 1
143 33
24 65
81 31
72 86
121 62
103 94
82 79
24 113
70 149
90 48
23 4
122 9
37 92
18 15
27 10
26 117
131 28
147 92
18 125
62 148
138 58
135 73
24 127
115 94
10 66
56 77
54 10
3 102
107 25
6 51
118 116
25 132
75 121
53 49
73 139
99 17
149 41
64 75
88 43
96 62
123 45
79 126
38 5
83 41
63 72
91 116
17 62
30 105
126 108
4 80
94 106
76 2
58 129
81 41
105 36
54 108
63 89
121 148
10 12
76 87
58 112
81 91
72 111
2 50
120 34
132 80
71 54
144 35
98 41
92 125
127 59
124 134
62 25
65 80
129 114
43 9
77 102
6 64
123 83
28 130
104 94
76 91
148 26
96 83
16 81
9 24
30 121
66 104
126 43
25 108
115 110
44 16
114 62
4 142
28 29
15 135
120 113
149 47
42 3
88 129
65 34
96 90
34 117
86 58
70 136
12 83
31 85
42 16
8 14
89 41
25 144
19 139
64 113
36 97
134 136
31 115
65 17
141 122
26 41
126 1
143 102
58 127
24 55
126 27
7 30
134 24
23 114
58 70
24 93
69 96
115 12
33 29
8 138
78 61
130 15
38 71
97 129
54 99
75 119
58 22
11 98
127 80
76 68
34 35
138 137
92 8
66 44
15 58
57 25
60 0
12 73
149 134
21 32
63 38
39 44
86 51
108 123
8 64
10 118
56 135
132 127
101 41
145 120
0 10
16 106
38 47
100 105
141 125
53 5
117 29
46 113
57 71
73 137
14 69
16 45
142 69
18 110
4 51
58 56
94 62
145 37
7 50
102 17
53 111
143 3
54 37
26 18
111 70
108 141
100 17
76 87
92 82
24 15
5 143
76 94
125 144
34 38
93 23
2 45
110 33
31 137
15 127
129 6
143 61
80 113
4 137
70 136
146 125
130 140
74 54
59 117
145 47
38 97
147 138
67 117
92 12
80 46
136 22
92 99
72 125
60 123
90 93
84 96
78 15
127 25
4 11
54 115
92 101
137 26
49 101
10 102
74 91
140 32
114 56
107 120
48 139
118 82
62 63
134 121
12 36
133 49
147 126
113 119
122 35
117 21
91 136
123 121
143 82
34 2
13 81
81 6
60 104
34 26
32 65
85 71
116 25
143 80
49 84
118 100
35 99
58 74
65 103
74 53
80 68
17 145
104 69
35 105
33 112
40 134
73 132
92 10
35 127
55 130
92 3
134 85
104 57
99 22
13 104
80 46
23 89
19 63
48 6
145 68
124 87
38 73
141 94
35 148
79 14
65 43
26 31
35 4
87 24
6 3
63 59
4 96
71 39
36 108
35 112
111 23
103 79
149 97
25 107
39 57
13 85
138 61
65 102
23 42
134 8
115 134
116 88
83 17
4 40
44 134
23 22
148 92
102 97
19 73
75 1
23 64
68 82
72 50
55 66
126 45
129 110
43 125
35 115
31 27
2 66
68 88
119 7
143 11
139 143
123 74
83 87
61 40
94 48
95 146
111 137
23 137
10 73
94 16
68 2
145 91
52 43
92 2
69 11
56 2
84 114
31 29
88 30
134 58
107 99
30 140
65 111
126 18
132 139
2 43
70 5
138 63
107 1
133 102
30 117
108 126
147 7
35 140
31 139
49 36
144 64
133 11
54 81
62 34
57 139
51 147
26 4
71 56
49 41
144 113
83 44
30 45
88 87
96 75
94 91
17 131
48 57
137 82
53 136
140 70
18 82
128 119
113 122
105 76
5 25
27 102
140 82
75 98
65 141
65 44
120 22
27 96
149 122
119 92
27 114
115 10
138 82
6 67
86 70
112 70
52 90
119 62
61 144
101 93
66 130
2 15
116 102
1 128
37 4
124 71
110 13
31 11
18 60
116 52
98 55
45 54
143 98
36 117
106 140
131 67
123 83
111 72
115 69
130 59
138 125
65 53
6 75
78 144
52 100
34 103
53 88
78 140
59 21
124 40
67 5
127 14
128 106
100 96
37 3
99 35
97 40
85 144
72 32
59 74
12 60
140 90
69 31
88 0
112 22
15 79
146 56
62 68
125 18
85 128
142 67
96 29
2 114
112 130
97 90
113 118
126 10
44 15
84 66
132 81
75 123
128 68
97 100
18 75
100 65
126 90
21 3
106 42
141 87
52 113
145 37
141 2
76 126
22 121
0 53
3 104
58 122
33 84
67 146
26 83
67 30
48 144
117 74
24 13
89 74
147 116
36 93
41 91
23 88
0 75
4 123
106 31
104 114
100 99
89 74
29 122
99 46
45 66
75 18
143 41
106 79
76 92
136 102
43 103
68 41
93 74
105 13
115 67
7 64
84 43
47 6
117 63
21 25
132 83
100 82
85 144
57 42
37 115
35 2
134 123
117 3
149 53
138 10
101 43
24 9
7 94
38 44
14 9
11 144
79 47
125 135
144 106
95 72
56 78
133 1
88 11
1 119
9 20
107 117
21 108
51 5
107 64
21 57
30 123
104 24
46 104
142 85
44 0
128 42
104 147
73 63
17 76
146 135
76 57
29 119
8 59
80 105
84 27
112 134
15 69
114 110
134 4
7 71
93 55
36 86
118 14
20 48
123 117
15 46
132 104
149 42
49 41
17 89
77 0
88 86
46 38
7 72
3 94
104 27
72 104
109 82
130 85
132 122
127 3
39 95
52 29
10 64
125 34
31 115
134 40
6 14
28 132
47 145
122 127
104 41
86 115
27 21
132 127
133 79
105 40
123 99
101 59
138 90
32 4
88 81
98 116
34 132
58 63
118 22
19 44
47 91
93 110
98 49
50 43
15 112
112 85
43 48
2 85
69 59
55 90
34 49
142 116
21 1
95 102
73 148
81 112
12 127
49 75
47 23
37 62
2 149
105 88
124 132
25 49
14 49
57 149
35 127
138 127
135 0
72 16
107 54
149 101
79 5
41 35
32 62
146 67
112 11
33 68
42 92
65 42
126 111
147 146
82 72
101 85
51 31
96 22
97 125
104 1
117 10
141 56
57 26
77 56
144 129
50 64
88 124
109 119
124 22
146 55
117 89
32 45
48 6
87 81
35 62
22 127
27 149
110 41
142 57
55 26
122 23
137 72
90 120
145 91
31 6
102 4
74 123
110 95
39 6
51 105
58 46
50 85
141 31
133 89
32 19
46 71
102 97
34 91
80 123
97 69
43 11
142 40
77 96
130 116
43 62
13 10
99 68
36 149
81 23
89 128
38 92
125 41
146 42
6 105
39 73
85 63
81 97
31 88
72 106
147 115
35 86
141 11
116 107
103 116
30 20
73 81
32 141
59 61
13 138
116 24
72 142
5 108
118 61
70 127
139 0
7 126
100 10
86 128
72 58
57 50
127 95
27 39
86 26
98 29
113 124
21 6
37 8
149 93
106 132
105 30
130 69
42 37
123 81
54 81
13 120
76 51
129 112
70 48
29 12
128 58
149 81
25 67
145 108
14 147
101 12
122 77
147 117
112 19
23 41
71 65
107 96
40 9
33 12
47 80
72 44
74 10
100 84
14 148
23 124
137 15
132 67
29 12
80 147
117 35
30 134
143 41
72 5
135 0
53 66
75 19
0 112
84 43
38 9
52 82
144 55
22 34
122 146
125 101
83 118
71 102
129 42
98 38
137 23
53 41
97 78
22 135
74 87
140 55
17 29
28 29
120 117
57 134
67 70
44 100
69 48
142 97
76 147
62 75
125 68
12 102
71 64
106 64
18 123
55 67
8 109
21 113
64 40
14 49
70 18
131 82
104 81
37 65
59 68
12 42
33 66
137 142
83 92
51 8
83 113
32 65
68 23
51 40
80 23
136 38
41 127
17 39
101 58
131 72
37 125
6 14
115 127
3 23
8 112
64 75
149 112
108 75
44 80
58 114
18 76
98 136
81 29
85 46
123 8
74 124
3 129
28 25
144 82
32 141
52 78
140 45
41 66
80 81
96 38
95 126
97 120
75 17
95 31
12 131
39 116
56 94
111 119
42 91
84 34
115 95
68 66
32 11
4 69
104 128
91 98
25 83
80 79
4 64
149 29
67 11
104 9
73 29
54 71
81 62
66 78
15 9
7 98
5 75
118 86
65 55
85 15
137 24
100 11
5 147
20 22
13 58
79 70
106 109
13 112
121 141
61 73
59 107
131 67
25 74
77 13
75 39
27 94
23 113
29 14
58 20
84 86
135 4
45 46
130 39
56 4
8 107
130 135
90 61
140 58
1 42
6 96
68 114
58 21
110 84
71 59
44 61
38 133
99 15
22 130
97 18
71 81
4 130
123 34
125 132
34 75
40 82
68 92
66 143
128 130
38 18
28 102
127 110
74 100
124 94
137 59
130 10
127 22
118 93
77 63
140 37
55 3
43 42
135 0
26 123
15 143
27 35
0 39
135 101
23 71
9 116
122 110
94 100
135 47
120 2
103 57
116 138
72 143
108 6
148 126
141 38
40 62
4 93
24 89
106 50
64 117
85 17
14 64
140 131
141 64
129 103
60 93
11 25
22 118
92 60
82 88
114 50
77 22
106 23
49 7
81 6
4 149
126 145
51 115
127 126
9 61
135 121
123 99
105 98
102 31
25 106
55 146
97 3
95 67
117 29
62 1
94 90
57 115
50 96
138 44
133 24
118 145
85 149
61 46
113 100
142 140
84 58
147 124
19 149
104 40
117 105
42 20
97 129
96 14
0 148
2 15
32 107
35 29
6 130
130 28
95 9
1 119
139 132
35 130
109 140
122 117
57 50
9 36
8 110
4 47
143 26
76 72
108 90
95 144
148 48
74 143
11 99
29 25
34 47
140 103
108 33
99 60
125 52
5 61
65 50
115 108
65 53
6 66
64 89
104 74
19 88
15 3
106 53
125 4
131 139
125 52
88 82
136 148
49 63
107 78
91 51
51 80
121 45
80 126
58 149
1 126
66 28
114 73
42 131
96 138
100 22
81 4
29 122
100 81
45 133
143 136
114 84
125 56
97 129
112 86
67 11
65 32
63 146
133 140
63 143
48 109
125 104
143 118
34 69
122 141
149 91
82 10
18 147
70 125
99 14
122 64
88 39
103 117
28 6
50 46
103 66
3 91
26 146
96 120
148 77
71 146
108 57
64 13
76 131
112 11
64 42
142 35
97 131
100 17
79 132
98 63
118 79
20 146
42 114
2 29
65 46
66 38
137 48
108 25
122 24
106 96
71 76
136 88
79 133
71 138
34 36
67 127
127 143
113 98
147 50
144 146
19 73
55 104
60 17
56 95
109 85
12 15
141 134
82 30
51 92
149 127
79 52
119 17
58 100
145 37
62 10
120 62
132 54
115 136
66 6
117 30
8 9
71 127
140 45
120 22
21 46
34 67
101 140
135 142
39 57
89 135
45 87
54 4
110 50
89 58
114 80
22 9
128 118
144 113
68 47
103 11
130 132
28 3
89 42
103 94
128 47
11 48
112 122
67 98
98 28
130 55
7 80
146 44
96 130
140 137
62 64
134 24
39 52
15 116
31 115
39 41
18 35
149 72
5 134
83 132
113 87
83 57
51 43
25 134
64 72
141 7
77 117
32 37
75 109
38 146
148 19
77 20
126 45
19 34
72 107
30 25
66 102
124 110
34 100
118 33
1 86
122 69
5 89
73 70
63 103
120 117
75 41
136 11
76 53
142 56
64 100
84 40
95 104
81 52
86 14
45 142
62 85
117 148
104 72
123 56
21 20
112 69
74 51
63 88
123 139
87 97
135 8
142 134
75 6
144 140
27 31
59 33
45 55
59 128
0 50
115 128
147 78
110 126
33 50
26 11
49 67
102 9
113 6
51 68
145 40
47 102
93 9
60 141
22 7
50 28
52 34
112 117
9 70
68 21
78 34
9 35
130 77
145 44
6 148
116 27
57 20
57 67
95 15
136 8
95 68
35 101
118 136
127 85
47 75
115 117
56 47
59 134
47 62
84 88
110 29
49 48
23 74
133 44
56 88
71 109
67 102
47 6
28 23
2 105
21 42
45 54
112 21
140 125
78 9
113 93
85 145
39 73
114 20
90 8
85 90
101 35
60 104
97 12
134 57
2 36
27 39
8 147
146 7
70 106
43 81
20 59
134 123
28 39
26 52
130 105
80 135
38 65
109 55
91 38
90 25
114 88
27 138
116 8
126 20
69 24
102 143
140 113
149 148
32 26
102 127
69 81
136 6
142 15
143 93
38 53
81 46
48 27
24 20
38 5
13 97
76 16
39 122
55 12
88 4
123 106
132 121
70 77
125 23
15 6
62 59
104 36
42 20
14 77
53 31
14 39
36 9
0 65
121 88
19 81
44 93
28 59
84 138
39 8
59 9
25 38
35 57
25 58
20 2
18 127
78 63
25 64
79 111
35 56
71 138
6 81
66 21
73 90
18 129
15 107
102 53
15 37
87 125
130 78
68 33
61 26
14 57
11 61
118 74
21 74
103 74
43 120
32 124
22 33
13 92
59 93
119 77
112 54
144 124
35 7
124 98
0 131
34 69
27 0
99 85
105 120
54 143
59 92
17 105
118 72
94 37
65 9
141 95
20 87
8 29
32 122
112 90
18 14
27 68
123 4
77 6
27 82
115 78
24 107
99 83
94 138
105 3
11 64
21 15
133 103
139 37
10 109
107 113
90 82
145 46
131 125
89 19
34 65
87 54
104 85
33 34
122 113
98 136
16 147
127 85
106 6
1 148
143 67
80 19
136 35
25 81
31 7
99 100
68 115
84 107
114 75
35 22
23 55
63 139
33 112
61 4
35 11
36 102
74 62
71 101
67 97
106 120
16 18
133 30
53 45
135 143
23 149
86 78
92 71
84 25
47 127
78 128
108 27
19 54
127 116
9 123
4 11
11 83
84 11
91 27
6 59
93 9
147 125
141 30
59 4
99 84
122 20
129 101
13 107
108 146
80 23
22 9
105 14
140 142
7 33
111 141
43 33
143 6
118 108
30 27
81 59
33 148
9 119
134 143
60 39
134 19
109 141
118 132
55 15
125 143
112 144
138 19
123 124
83 48
7 107
20 53
85 41
131 13
102 57
53 10
81 79
51 123
16 111
39 115
138 36
15 36
4 72
63 82
10 80
94 122
11 43
73 22
121 89
102 107
92 96
99 76
65 107
134 15
27 36
29 134
34 104
94 68
76 74
39 119
106 146
15 81
48 98
126 65
138 60
83 35
35 138
37 3
74 106
89 144
142 2
129 46
95 49
41 126
94 74
35 49
123 7
46 52
114 43
29 85
141 11
123 8
147 98
97 139
143 67
124 48
34 135
56 148
135 13
48 1
36 81
110 37
101 41
46 8
83 87
76 105
68 140
107 15
64 24
36 88
23 104
68 140
137 14
114 9
22 2
9 144
75 79
20 57
32 61
95 106
78 51
57 101
119 108
100 98
10 32
146 100
149 27
18 62
19 30
51 139
60 18
81 54
27 146
101 145
57 111
69 119
6 93
4 80
44 37
3 79
22 88
53 116
11 122
37 91
60 77
64 55
85 147
87 72
65 27
50 123
117 41
135 107
139 51
142 99
81 49
67 136
44 145
54 81
61 149
80 119
129 78
21 113
22 113
76 72
96 0
33 49
18 90
0 119
49 40
102 4
75 64
77 36
90 111
15 105
109 102
39 79
107 134
143 13
109 120
106 65
31 94
72 142
44 18
133 44
47 45
52 94
17 26
0 39
73 24
11 39
55 44
32 0
19 62
43 82
88 114
25 97
5 70
91 54
62 18
14 72
65 112
10 66
137 78
100 24
62 30
84 82
15 98
7 137
133 14
107 94
114 118
87 28
39 60
108 9
136 114
24 38
32 82
82 51
89 61
15 75
113 125
126 144
130 95
54 14
120 18
96 133
78 123
102 136
92 37
52 44
35 18
106 104
66 62
86 80
35 117
130 115
77 64
142 138
142 62
88 52
34 0
149 136
66 17
147 95
145 92
85 69
138 119
121 119
17 42
128 129
64 117
14 56
43 122
35 115
8 52
62 33
10 21
51 131
64 18
105 119
45 10
131 119
142 24
147 109
15 33
147 38
105 58
56 148
62 92
86 28
142 141
119 38
19 25
122 20
55 0
121 141
95 78
140 71
22 51
41 10
21 117
145 94
137 99
143 100
53 123
73 138
114 68
40 96
7 17
97 92
79 89
3 100
123 34
143 122
86 58
103 25
67 21
21 4
102 0
106 84
85 126
42 50
108 115
11 147
101 67
99 42
6 31
117 77
27 143
43 119
97 53
66 12
125 15
16 36
34 123
89 68
2 5
50 14
76 79
30 65
8 91
69 135
27 49
108 140
65 70
19 106
53 31
34 91
142 73
129 131
113 44
62 143
3 32
136 16
135 115
5 45
117 76
53 119
102 2
106 126
40 121
131 95
42 113
26 30
62 134
133 145
4 26
15 19
123 14
104 25
49 48
134 4
4 58
107 13
39 108
91 94
62 99
40 145
136 5
93 126
72 96
49 47
78 113
131 95
70 18
31 30
108 52
23 57
18 33
68 59
15 128
115 36
86 55
96 26
80 124
71 104
127 38
22 32
107 90
26 85
39 140
68 91
63 149
100 47
120 68
69 141
37 38
83 131
66 117
116 96
62 34
110 127
139 15
63 46
141 140
36 87
96 65
34 47
140 50
75 6
111 29
92 108
11 93
136 96
44 22
125 136
149 11
142 11
13 21
59 62
35 21
129 23
102 146
10 85
52 34
105 29
23 11
68 78
148 141
133 3
42 86
73 37
141 98
93 24
83 100
0 146
118 51
58 12
28 14
121 3
133 101
70 81
74 137
19 129
103 47
126 120
38 98
113 129
108 44
30 8
28 12
50 14
102 21
44 51
109 127
103 33
147 56
109 79
105 35
58 41
41 113
25 75
99 32
11 96
125 14
46 33
1 59
89 140
124 148
12 108
79 1
10 122
74 56
129 61
131 90
103 55
89 74
20 26
98 29
145 137
110 99
121 148
66 146
111 5
147 0
141 127
131 118
125 145
138 34
18 99
71 47
82 19
36 90
48 3
89 97
105 91
53 128
33 97
142 61
75 62
128 35
53 3
16 148
97 50
32 149
44 146
119 107
103 63
27 114
73 140
133 53
85 32
13 95
123 114
40 2
100 99
112 39
65 125
0 43
55 114
52 124
129 118
37 79
94 90
49 25
84 102
128 41
118 94
4 45
143 145
90 117
120 87
147 36
125 37
26 127
95 89
112 128
72 81
139 6
53 15
66 29
86 45
3 127
58 94
131 83
124 135
69 10
30 44
23 29
77 43
45 118
133 52
50 22
142 123
141 94
13 50
38 37
142 70
117 34
104 56
40 29
137 50
124 7
145 91
104 136
33 32
23 144
122 48
95 51
9 24
130 66
111 69
49 105
118 1
18 87
35 71
92 130
56 73
53 15
102 48
124 66
43 31
21 1
58 138
134 14
100 26
109 71
132 82
125 118
134 142
146 139
78 41
112 86
110 67
57 93
70 52
29 91
68 95
81 140
36 70
28 121
107 90
45 128
104 132
141 30
124 16
47 64
34 30
61 123
50 75
35 33
143 137
111 21
58 105
77 108
22 59
71 52
112 29
60 95
32 64
100 31
115 70
118 14
126 15
46 34
127 148
118 34
58 127
48 28
133 85
106 19
9 71
103 148
47 78
68 146
118 126
121 16
52 138
51 34
128 146
65 68
39 85
21 52
91 6
53 135
108 102
89 13
118 55
74 22
19 33
36 117
81 134
115 65
122 75
28 5
98 107
144 37
48 22
63 98
24 40
2 67
103 60
127 12
4 135
119 73
75 77
144 10
96 87
145 2
3 30
101 136
22 44
122 0
34 20
145 86
82 103
104 109
59 27
68 111
116 87
72 149
78 41
101 11
105 18
145 130
87 131
88 73
105 59
144 57
107 55
107 68
15 84
95 141
66 49
44 16
82 66
48 87
49 36
13 91
33 140
96 99
128 135
73 42
56 85
20 125
46 36
84 26
121 80
83 14
120 18
114 148
81 40
2 93
65 27
118 103
27 11
0 62
34 19
41 84
8 35
114 143
12 136
111 142
88 17
79 123
118 127
119 58
5 7
119 45
90 19
95 99
31 1
96 9
126 141
77 38
9 10
23 49
39 71
9 87
32 129
132 37
64 43
22 82
36 86
88 146
43 104
138 60
63 133
105 67
118 147
105 131
60 39
7 118
24 73
92 119
22 80
67 27
116 68
68 73
146 130
32 15
58 12
26 141
135 106
65 15
33 138
99 81
106 8
117 68
81 116
15 109
20 119
145 125
146 98
69 9
65 88
58 56
59 1
24 103
58 49
128 65
50 69
68 33
57 72
59 88
145 18
13 68
106 88
47 103
118 44
32 55
69 75
122 125
97 12
140 125
137 90
72 113
27 144
102 8
147 96
115 26
15 39
69 85
4 59
72 108
139 7
125 137
66 140
80 98
14 48
33 137
98 61
81 15
88 142
4 57
59 60
110 47
83 95
10 104
119 16
54 135
9 73
147 76
84 25
5 75
125 134
46 130
28 82
20 128
20 71
148 0
133 127
34 82
121 136
51 107
83 23
21 143
81 103
119 47
89 37
65 26
77 64
26 67
123 27
134 113
113 94
53 80
57 63
2 72
133 32
61 123
131 149
142 89
31 39
4 149
84 138
93 25
13 45
144 111
83 84
111 54
11 96
141 113
111 18
52 29
108 83
53 140
138 145
15 27
42 32
73 35
95 68
111 3
45 68
31 103
26 74
136 56
35 130
71 142
58 65
76 8
52 17
105 129
103 54
4 91
21 22
134 147
121 88
10 18
142 77
117 103
10 91
66 13
18 86
71 122
54 139
37 96
49 18
148 126
9 121
83 35
10 122
108 106
54 80
144 103
6 90
120 57
75 112
105 143
16 56
140 57
1 64
36 147
80 58
47 46
108 97
52 146
87 12
31 2
107 42
94 48
46 23
58 12
16 110
140 102
107 91
66 71
55 52
34 89
143 1
111 122
33 128
82 68
81 4
117 60
91 60
66 109
77 129
120 130
119 95
101 53
145 85
16 58
118 114
118 125
115 85
122 133
23 147
30 101
19 84
91 90
63 6
105 106
85 139
11 77
76 2
100 128
61 118
90 136
84 50
131 8
41 110
45 49
87 38
87 123
67 77
36 40
100 54
101 30
70 6
37 124
95 74
105 117
148 100
21 8
7 17
4 79
62 42
144 87
71 36
13 98
115 128
116 7
102 50
137 97
48 8
141 0
122 49
58 120
122 5
127 144
15 83
109 28
114 56
5 147
52 1
146 10
47 30
88 106
136 71
119 77
65 110
87 61
120 82
0 88
29 13
130 129
124 9
147 112
56 79
134 120
87 111
28 18
5 39
11 6
24 45
9 17
101 43
5 66
42 92
64 89
143 111
39 90
5 118
138 46
5 65
37 123
28 132
130 137
12 50
67 143
24 13
32 58
97 60
0 41
98 97
62 41
68 28
84 55
40 93
119 131
100 51
3 73
44 126
79 144
90 145
65 9
3 24
111 11
120 91
46 63
18 142
22 26
95 46
9 10
54 74
25 55
80 6
36 35
146 132
42 16
108 118
68 91
25 64
132 34
53 120
37 91
129 27
17 76
126 14
61 74
105 33
51 139
129 103
69 0
104 74
67 141
60 16
26 13
145 109
62 111
25 58
66 37
76 36
75 16
130 145
38 8
128 50
36 88
30 75
68 90
141 91
69 33
81 129
40 29
11 108
67 130
113 16
59 80
45 132
24 134
82 92
146 68
109 64
55 34
79 16
64 14
26 19
118 134
137 0
21 134
100 133
31 90
13 56
6 38
48 104
8 87
115 147
33 79
143 90
111 6
24 130
85 141
37 137
113 38
55 58
136 130
133 4
52 33
14 91
53 36
140 56
114 74
118 81
49 92
15 51
14 23
91 38
12 13
140 85
146 31
96 66
15 111
39 99
147 84
35 18
98 109
46 125
23 20
112 25
55 70
30 88
43 102
42 62
137 79
46 101
67 101
49 40
98 8
76 71
96 12
143 10
64 126
26 111
84 5
125 90
138 19
82 116
104 119
25 136
37 46
67 7
50 138
81 109
78 17
20 91
141 135
11 98
58 123
131 88
83 23
69 148
28 120
64 56
41 64
88 141
103 78
142 92
115 66
127 89
118 131
122 17
140 45
143 125
113 130
139 29
57 49
92 38
82 3
41 87
127 82
114 19
49 15
105 21
71 68
43 21
134 124
122 83
139 115
145 38
96 83
127 31
5 43
103 65
27 139
51 77
102 138
20 121
117 108
11 45
63 94
2 50
145 84
126 13
74 0
28 48
146 70
36 115
51 32
49 99
91 133
96 138
48 93
27 107
107 28
136 38
122 128
25 71
85 59
125 14
109 7
91 43
42 136
83 20
19 95
75 125
93 95
17 79
56 74
87 65
2 146
123 53
33 140
89 67
134 107
46 83
31 104
97 109
80 82
9 43
85 33
131 31
61 86
133 77
58 124
67 72
22 146
138 130
98 144
40 56
84 43
26 134
57 95
58 77
28 140
127 80
119 6
19 130
71 26
113 90
149 4
13 19
81 92
141 117
97 115
107 70
97 125
109 44
53 109
149 79
0 5
8 139
57 134
125 45
116 51
82 68
142 39
103 58
107 143
132 141
97 75
91 78
58 100
9 119
10 3
66 59
83 89
13 34
96 3
38 19
62 100
39 42
128 71
137 148
2 88
144 53
68 111
55 112
75 123
30 109
104 134
32 24
55 114
27 133
1 134
149 36
128 102
2 27
26 106
40 123
73 7
76 10
100 11
127 24
43 128
104 6
107 40
39 63
144 124
57 133
116 57
111 51
126 72
34 149
96 97
17 89
93 48
126 110
11 19
36 50
16 103
55 123
124 128
61 53
32 60
91 107
57 36
8 111
20 148
84 40
61 141
68 117
117 35
10 114
31 15
90 5
51 25
91 125
66 135
67 50
145 29
115 96
31 12
119 6
94 10
89 32
105 51
71 65
0 120
77 108
77 96
144 32
71 91
19 47
4 21
75 83
68 70
73 121
94 125
52 118
16 18
148 100
115 32
4 86
50 94
23 142
73 1
62 88
104 55
92 68
54 103
9 97
4 77
90 67
132 44
4 99
60 149
148 122
111 21
26 66
93 32
122 67
139 18
50 54
62 12
86 28
67 101
58 108
133 28
110 138
67 136
64 97
115 29
127 70
41 49
6 13
68 56
106 111
65 4
139 41
41 147
90 135
3 142
0 13
12 55
33 101
13 17
40 16
92 117
109 48
7 123
27 46
33 11
115 53
36 121
104 98
136 40
98 130
8 135
99 32
28 145
68 12
55 143
146 14
26 41
102 24
113 19
128 136
124 96
22 127
149 70
4 59
104 58
44 4
47 143
115 51
21 146
73 33
146 134
9 47
19 40
61 138
23 5
97 132
82 19
81 70
24 46
146 131
45 141
53 99
19 139
125 147
57 81
121 114
18 39
138 47
139 137
0 123
24 147
129 88
90 57
67 40
31 113
77 135
146 44
56 115
106 130
115 87
4 82
47 41
149 85
131 28
78 70
66 7
88 139
72 40
14 87
72 144
133 8
62 112
28 82
10 51
133 71
109 104
66 110
11 62
46 8
70 71
25 84
132 70
53 142
28 38
44 132
146 52
22 31
126 98
119 61
80 17
42 2
77 81
33 44
73 11
9 47
68 133
115 94
139 147
95 8
27 42
37 4
26 50
84 82
8 90
78 146
15 126
32 42
31 72
20 70
43 93
16 79
51 26
55 41
127 54
116 62
30 18
77 131
5 40
111 50
133 75
142 36
110 19
85 69
104 102
97 75
32 15
38 120
66 98
121 46
112 70
67 135
123 109
141 12
41 111
1 132
124 33
127 53
102 16
139 31
145 20
110 11
139 54
110 81
5 147
118 145
9 21
98 143
55 79
39 44
109 102
23 125
32 68
27 88
60 38
5 32
107 92
49 90
81 91
3 56
40 63
115 72
113 144
91 146
32 137
119 78
113 64
24 130
94 128
13 37
120 55
119 49
131 35
39 136
66 69
136 67
77 56
94 101
57 143
133 80
132 93
129 139
33 24
46 124
138 60
99 40
146 43
102 85
109 5
124 28
79 128
51 72
65 107
139 132
17 77
111 118
9 30
91 68
112 124
41 96
67 13
56 104
3 105
130 51
60 61
62 126
40 26
28 108
81 37
129 132
81 39
23 145
143 91
114 23
101 50
106 9
21 143
13 5
36 102
59 19
49 103
130 91
120 7
1 129
56 139
73 125
106 98
56 129
87 33
70 120
13 90
89 124
34 139
106 6
123 38
7 119
18 147
72 95
43 7
41 82
11 119
104 109
130 69
84 33
23 149
128 88
117 51
88 7
113 60
48 79
140 21
65 111
72 47
75 114
108 85
128 27
17 82
43 84
95 3
79 121
103 109
12 103
16 89
17 125
2 114
24 1
141 90
82 45
112 88
41 142
113 103
86 36
33 91
66 53
8 85
55 26
33 111
30 83
59 105
111 92
80 44
0 64
30 6
105 145
23 70
63 70
45 121
19 53
110 72
70 114
60 20
16 29
137 121
38 125
109 16
77 124
64 4
141 29
29 21
60 95
17 46
105 132
118 9
38 82
88 120
114 15
138 145
9 99
21 63
125 36
72 105
85 128
121 55
10 2
129 68
143 32
64 33
139 148
119 82
129 1
86 82
10 110
11 78
149 84
122 96
79 41
6 104
108 27
114 115
143 41
25 147
66 105
73 20
38 114
22 29
46 126
5 77
149 19
49 56
84 105
70 93
84 114
71 62
52 93
15 7
52 100
109 77
96 65
108 144
79 32
90 60
121 142
3 22
100 123
21 144
97 16
142 79
134 28
105 40
39 125
50 72
52 3
98 135
27 87
107 142
36 109
18 56
88 108
123 6
147 132
62 119
89 106
134 37
108 35
4 90
15 51
57 111
6 112
23 42
39 129
43 141
7 53
124 90
133 107
70 91
146 22
24 4
107 120
96 56
58 60
11 38
9 23
7 143
26 89
2 143
14 115
54 114
61 28
69 13
42 121
40 2
55 56
95 104
141 61
101 29
9 91
116 23
36 94
90 119
70 101
141 14
96 145
27 67
41 1
125 137
80 3
91 20
2 121
79 73
135 136
18 83
1 130
24 60
132 45
107 6
8 69
50 93
32 61
144 60
138 16
73 31
45 110
113 68
106 105
67 26
121 14
131 12
120 56
119 17
130 83
117 142
119 110
114 148
50 62
9 11
132 97
62 35
71 119
96 134
41 48
92 33
46 66
118 12
24 140
118 75
44 36
144 27
54 99
94 75
62 85
49 33
18 143
55 75
58 101
147 79
74 0
108 4
92 36
123 27
24 123
34 123
22 116
72 74
46 13
9 13
87 66
45 30
149 121
15 99
55 33
4 55
95 69
44 35
128 69
118 126
134 49
9 11
51 42
136 137
74 79
22 79
115 138
101 81
68 75
126 142
46 109
24 90
141 97
109 110
55 69
17 90
25 148
134 116
1 47
92 109
129 93
107 12
22 65
102 3
53 31
48 79
59 124
18 40
14 9
62 43
6 29
87 96
67 142
53 54
82 51
20 22
9 81
37 103
149 143
46 30
133 129
86 107
29 144
97 27
80 79
127 23
93 85
139 145
58 115
47 28
36 27
40 25
100 112
38 148
132 0
105 37
104 22
62 22
42 56
78 32
132 139
92 70
122 30
41 4
139 28
98 94
138 30
18 126
142 140
42 101
0 80
120 77
123 109
149 126
65 41
93 95
87 69
10 136
82 122
32 89
94 119
116 87
131 56
25 139
38 90
55 5
9 108
39 23
91 7
9 72
144 135
76 112
115 149
103 49
66 33
59 82
138 37
118 27
9 115
108 37
60 34
149 78
54 22
26 123
68 132
73 133
74 133
126 120
121 6
89 72
1 75
132 85
94 109
121 129
12 24
98 116
7 130
42 124
111 7
15 95
86 59
14 139
19 74
101 113
67 116
127 84
6 8
98 138
59 104
69 109
45 134
66 0
17 87
114 75
23 8
6 7
97 1
26 67
144 107
82 56
59 109
47 12
100 1
112 59
117 12
34 113
60 98
79 36
58 149
148 124
57 100
108 74
71 75
139 136
132 72
69 31
149 108
128 22
149 72
136 149
38 111
11 61
141 100
45 76
104 119
28 123
37 129
35 124
12 2
138 4
135 141
132 32
36 14
100 145
125 3
52 130
113 95
130 149
96 18
25 22
72 121
52 37
98 127
17 126
92 149
143 84
34 114
34 58
60 51
116 145
147 90
5 39
10 65
74 129
70 43
49 135
98 57
65 142
130 42
107 64
149 88
113 123
114 100
144 83
13 21
66 32
65 16
78 129
149 68
115 101
71 61
101 44
36 48
74 77
63 103
10 8
149 98
137 147
99 25
66 146
135 84
80 15
0 63
121 21
39 1
29 5
31 25
51 25
73 63
121 111
48 130
55 71
12 146
36 138
65 0
127 22
4 49
103 144
120 28
88 149
115 30
67 127
88 81
14 104
59 46
9 61
89 28
24 106
145 99
65 95
43 115
76 149
144 117
129 76
46 21
82 62
71 52
141 62
110 51
45 0
29 118
10 43
27 10
16 71
148 70
14 149
119 149
132 79
61 21
124 78
68 133
81 86
137 97
74 112
61 86
49 3
34 81
66 28
83 25
63 34
105 60
129 140
68 120
72 147
116 89
28 55
47 102
75 98
149 119
101 43
148 11
130 111
22 90
74 13
112 130
28 3
141 66
126 42
144 19
77 55
70 14
118 54
41 67
68 26
87 142
8 118
32 82
127 48
31 79
132 21
90 70
109 140
75 124
138 92
100 93
63 96
97 77
89 70
148 129
123 133
83 97
90 68
133 39
68 96
98 83
44 39
92 33
108 72
10 74
112 36
29 26
65 67
127 35
120 18
36 7
47 105
33 4
139 39
86 77
82 57
47 139
93 68
55 14
9 58
15 106
92 94
31 148
94 147
98 36
37 4
10 78
77 127
146 17
145 14
121 147
65 120
13 45
141 69
92 73
128 45
120 77
6 137
83 51
135 9
71 27
144 25
124 54
27 91
97 23
68 13
126 39
25 27
125 20
86 63
1 9
17 121
77 54
34 132
5 101
25 27
69 60
67 74
50 49
27 112
80 54
119 14
93 24
109 10
117 102
44 123
5 43
36 30
112 4
115 67
10 5
17 52
15 86
95 117
56 15
80 118
64 78
82 63
122 30
67 32
80 149
131 148
40 147
95 117
8 15
93 5
51 94
138 99
1 16
140 17
48 106
37 83
103 65
24 26
55 22
87 136
3 124
12 117
127 71
142 33
141 103
5 64
8 92
72 64
136 41
31 78
34 26
131 38
104 132
119 65
115 41
19 92
135 54
96 101
61 87
144 34
4 45
146 102
146 41
45 107
28 41
147 3
2 138
30 107
14 77
37 114
123 74
135 140
92 99
61 78
135 69
103 69
132 93
68 141
88 87
116 82
119 19
57 68
49 54
114 72
68 7
115 9
104 140
92 38
35 9
53 2
34 40
4 138
55 35
127 38
122 34
112 113
102 103
54 68
3 1
84 125
144 96
15 6
124 97
149 137
115 128
61 118
109 67
41 133
11 147
111 128
141 33
65 4
70 117
33 7
111 97
65 85
73 144
140 0
14 43
132 66
54 29
115 137
53 120
79 92
62 37
84 21
36 5
23 39
128 142
99 69
39 71
77 129
149 142
144 62
136 83
7 131
1 128
134 48
66 116
63 131
118 23
65 55
133 111
80 142
96 112
52 88
86 95
95 89
30 70
28 60
143 72
104 60
60 94
78 126
90 94
92 124
5 0
129 26
1 64
34 5
97 91
35 137
53 10
34 43
108 85
25 131
56 87
113 14
26 103
81 13
24 92
45 116
35 32
67 83
66 17
92 14
26 141
95 117
39 37
119 81
58 146
117 53
64 90
124 65
124 91
87 20
27 80
28 24
68 65
54 79
55 115
136 118
149 50
6 147
58 100
114 108
127 110
109 75
8 14
65 89
138 41
146 19
34 62
13 28
8 5
56 24
24 16
94 72
75 62
87 84
38 148
68 12
18 80
145 27
125 5
147 56
43 22
23 114
81 66
22 37
122 63
122 45
64 5
59 95
2 121
29 44
3 96
90 122
88 16
7 43
59 149
61 48
111 149
61 116
52 78
96 1
50 51
30 41
114 83
3 34
61 32
35 74
21 4
29 123
35 20
15 88
2 22
57 131
17 19
29 65
73 100
31 8
93 33
57 79
30 56
93 119
23 149
144 40
135 96
30 132
109 80
23 115
33 39
5 82
60 37
51 120
127 113
84 114
104 45
58 10
0 104
129 145
109 49
70 104
130 147
88 125
93 148
17 66
139 88
110 53
103 44
89 140
122 138
65 50
83 35
118 48
84 32
99 66
8 107
36 1
148 9
77 128
58 21
135 25
48 114
107 148
25 116
33 99
115 149
93 112
95 71
79 10
23 57
110 67
7 112
121 33
110 146
8 72
65 147
80 32
6 56
103 114
112 93
96 1
39 86
107 72
131 113
28 15
108 130
49 64
91 65
41 126
19 99
66 135
88 5
67 121
94 70
100 54
101 116
33 64
63 133
120 65
106 108
78 65
132 120
47 16
85 70
20 24
45 129
122 116
117 23
120 3
118 85
126 115
38 62
1 59
130 115
60 51
41 52
66 63
79 7
60 113
46 57
29 127
126 75
12 51
34 37
16 115
41 118
144 58
85 55
80 132
123 141
14 124
16 51
149 138
35 60
138 15
64 88
137 132
26 143
134 16
72 87
147 123
66 9
122 108
50 25
96 147
128 48
58 46
43 59
72 107
25 21
41 46
13 2
56 63
86 17
102 104
87 52
39 131
69 70
124 27
34 0
149 61
10 99
130 88
9 43
51 97
136 74
45 3
11 103
43 63
2 137
10 103
72 104
3 53
102 125
104 103
39 79
63 74
87 85
16 116
111 141
6 107
9 16
147 0
87 2
90 119
47 104
124 135
149 23
91 44
4 57
111 77
147 91
124 27
47 120
44 27
67 126
140 121
51 58
21 1
94 118
14 39
93 17
42 57
127 27
25 117
72 91
65 60
6 80
61 62
24 85
64 78
57 109
126 124
109 103
140 141
19 87
19 90
3 26
99 27
14 125
98 27
65 41
35 93
21 34
80 142
48 75
141 125
51 86
132 58
15 132
6 30
135 137
29 5
52 130
2 81
39 19
17 105
111 33
62 88
129 52
70 103
15 64
44 64
5 19
121 66
114 29
15 55
9 37
147 44
137 47
145 10
108 51
19 98
122 130
99 133
60 81
84 46
66 104
89 90
23 22
55 132
141 3
148 5
100 18
80 82
89 88
5 136
16 76
129 15
18 44
57 109
141 1
99 88
82 4
18 83
134 69
108 60
72 95
122 38
98 44
64 98
143 138
41 0
31 15
147 109
22 6
22 127
124 87
9 42
143 141
108 88
97 100
136 7
122 97
81 18
101 26
92 138
120 111
67 135
139 104
130 53
88 60
106 50
117 78
131 84
26 142
27 8
71 135
73 62
14 121
47 37
39 124
24 0
14 22
31 18
96 30
65 130
111 129
89 1
28 116
116 9
48 47
75 36
24 52
129 103
41 100
108 74
112 92
43 30
27 14
26 131
107 134
77 37
30 143
127 142
104 11
43 134
41 125
12 95
98 23
73 17
56 106
76 30
93 12
46 50
146 39
47 104
121 123
49 140
66 37
33 4
147 63
84 44
144 18
143 141
5 11
7 107
145 56
117 34
61 14
113 144
143 77
41 113
28 40
23 5
19 63
120 11
143 98
22 30
100 143
42 146
140 5
130 62
78 109
43 21
59 18
148 3
123 65
92 83
60 11
38 2
25 107
39 60
6 53
21 132
123 113
136 124
94 11
40 4
28 94
74 147
3 100
31 121
142 125
78 15
114 70
58 98
117 8
3 117
55 96
36 70
17 71
69 31
113 115
78 95
68 60
135 4
30 144
85 145
140 111
121 94
52 51
52 45
37 50
107 136
64 10
47 117
144 120
10 33
84 146
49 11
39 75
96 61
80 117
33 76
96 63
53 17
86 119
16 5
147 141
91 37
65 81
119 72
110 112
44 87
86 83
32 13
35 89
100 43
78 131
30 119
84 69
21 82
144 126
58 101
93 25
120 38
123 6
21 31
4 17
73 36
19 48
143 126
108 130
31 120
58 99
57 96
91 104
64 122
79 146
134 94
57 88
75 138
34 21
110 4
125 3
143 83
10 85
37 107
139 42
57 114
88 108
136 11
60 1
88 68
136 138
10 142
127 67
50 23
34 59
28 133
135 56
82 90
10 28
75 22
50 35
124 64
81 31
21 135
106 107
10 24
96 111
24 126
59 134
79 10
95 143
103 30
25 144
117 42
45 32
130 14
69 149
138 141
90 145
123 8
22 36
34 127
51 114
116 75
4 58
144 136
1 107
105 23
133 66
134 3
146 133
63 111
32 113
16 33
69 14
1 111
11 25
109 135
120 111
109 67
1 57
78 38
89 80
35 108
55 25
104 0
81 76
122 146
103 124
59 117
84 33
38 96
126 103
138 149
123 105
82 13
64 137
58 113
20 87
98 82
129 81
120 103
44 14
81 140
148 104
125 104
58 124
41 105
133 1
28 20
89 131
67 99
23 92
79 49
89 28
101 53
147 0
68 52
118 7
41 103
34 59
5 129
101 43
120 85
35 7
66 149
51 135
45 109
15 22
83 55
99 79
144 89
8 46
123 122
144 11
131 144
103 75
125 146
136 85
50 112
30 13
94 101
125 86
66 84
102 75
22 83
111 85
147 112
62 6
35 114
25 66
92 116
120 142
43 15
123 51
33 88
34 90
82 101
26 9
91 22
127 98
142 19
27 74
38 40
14 79
124 56
35 41
70 106
58 17
93 12
85 138
118 59
80 61
9 64
67 116
122 18
36 137
40 91
5 63
149 70
3 145
39 117
80 142
144 43
88 77
21 48
122 61
78 61
55 57
65 21
30 129
92 123
64 101
100 1
6 20
80 118
64 105
49 107
70 115
74 149
0 91
81 109
128 29
131 27
34 97
28 16
83 34
102 76
87 28
33 60
108 39
103 18
52 5
3 6
73 53
26 93
145 99
98 118
67 9
139 83
73 67
7 79
15 147
104 102
35 144
83 18
147 76
121 60
43 140
68 83
19 81
120 48
80 77
99 88
37 38
54 1
149 100
2 97
149 78
71 46
108 93
52 33
74 34
78 17
120 5
24 30
75 6
114 135
41 88
13 53
1 83
67 125
8 9
102 52
108 78
113 14
75 59
108 12
87 102
11 111
87 112
20 33
57 31
93 1
34 47
145 8
33 27
27 143
138 111
141 18
62 50
107 136
144 64
55 88
130 55
53 114
31 139
118 4
55 133
64 124
43 87
101 105
71 3
41 97
136 82
80 12
115 24
27 72
108 70
12 46
74 10
114 5
143 40
80 45
47 37
123 38
147 127
37 96
37 49
136 63
63 24
149 109
134 74
18 73
101 100
96 38
21 111
115 52
10 92
46 85
95 73
81 108
117 127
132 89
148 141
101 91
143 128
36 33
40 148
6 116
25 28
10 88
33 76
83 60
79 58
22 29
55 63
32 82
35 140
98 129
3 56
120 137
20 98
33 41
3 149
57 27
35 65
20 106
39 70
108 125
85 77
58 42
97 96
64 43
27 2
4 40
70 141
57 17
15 127
70 21
93 106
131 63
61 149
8 2
53 141
5 145
122 90
71 127
26 91
7 24
103 146
112 47
36 52
70 66
130 116
7 20
103 8
115 132
68 119
76 85
74 147
111 47
58 13
4 111
25 77
38 141
31 124
68 42
84 149
29 3
39 147
53 134
11 109
56 83
71 4
33 58
81 141
58 2
149 33
86 0
26 92
21 79
40 65
76 25
140 26
121 71
25 22
85 55
67 95
109 121
4 26
15 117
141 94
64 12
94 142
138 88
13 33
24 47
16 119
121 137
4 14
118 95
50 72
107 143
12 65
59 61
93 143
93 21
47 21
40 33
42 107
117 0
103 70
132 64
98 128
96 66
92 94
56 59
144 19
1 144
6 90
67 77
40 126
98 135
44 82
52 131
73 102
43 56
96 23
140 28
104 128
37 140
124 25
138 144
30 17
103 43
61 21
110 62
2 67
83 113
136 2
108 7
12 36
142 146
132 74
2 22
91 132
90 70
78 66
94 92
14 53
73 91
24 75
81 25
60 120
45 84
52 55
24 10
109 22
53 13
53 93
75 1
71 119
55 71
50 94
29 121
101 93
133 62
54 99
89 116
2 77
52 111
42 148
10 149
139 71
55 130
149 24
81 48
30 0
23 64
71 134
28 47
2 74
135 14
73 15
114 27
41 9
40 10
17 114
33 2
84 132
140 129
133 118
114 121
108 132
16 32
144 49
47 0
110 111
71 95
73 124
75 114
32 19
0 5
42 134
72 53
68 139
116 50
16 98
108 117
39 86
75 62
4 6
12 44
11 46
83 123
140 138
129 23
137 83
123 131
1 96
74 13
79 64
80 89
74 47
44 120
13 147
26 122
49 140
145 40
6 61
143 121
43 147
85 91
3 27
21 4
115 21
74 61
70 12
57 52
104 91
126 35
97 89
21 48
88 129
26 120
67 39
56 60
97 98
63 115
13 100
81 109
139 142
3 26
76 114
122 82
23 84
105 95
31 103
76 75
136 100
11 7
115 134
128 111
11 72
88 121
66 71
116 90
121 139
87 143
93 14
74 48
134 42
76 88
138 67
142 72
143 6
110 35
92 5
43 109
83 131
35 22
101 0
113 131
1 59
104 110
52 89
111 147
4 135
38 102
100 117
96 114
111 27
47 79
37 68
70 17
137 96
50 97
41 85
70 26
89 10
71 91
23 59
121 119
64 122
129 26
79 58
37 31
41 49
108 85
53 8
31 89
28 121
30 41
117 148
62 94
65 113
63 45
94 124
115 149
136 89
55 7
138 131
102 78
57 117
131 19
28 52
125 112
29 52
85 134
144 81
10 84
59 64
100 97
45 82
27 69
133 36
23 14
23 100
19 137
110 29
25 113
119 135
47 49
30 146
130 79
33 21
61 25
8 127
95 16
114 75
44 114
98 7
73 36
106 57
107 139
134 147
27 12
55 51
101 110
61 25
84 90
44 99
54 121
14 116
47 0
126 28
4 149
79 38
111 74
114 123
13 10
111 23
141 126
44 62
43 117
141 114
110 72
116 103
5 143
16 22
39 131
149 128
39 42
91 93
44 53
54 22
29 93
111 58
93 100
96 66
145 98
66 13
131 87
26 35
132 79
148 9
63 119
46 13
120 66
132 71
0 60
39 97
113 134
59 55
56 144
35 147
138 74
31 28
1 63
37 94
73 12
107 23
69 145
110 139
22 103
26 115
135 91
41 97
118 43
148 74
9 93
71 143
69 19
139 142
121 103
69 68
19 63
80 38
121 26
18 1
71 52
121 87
138 108
69 31
65 25
18 37
124 59
25 110
121 18
63 16
72 52
45 31
95 99
123 72
62 47
78 99
61 59
82 78
144 51
124 16
51 15
129 121
83 57
98 12
28 22
15 52
97 45
47 52
25 64
3 113
29 61
34 121
81 123
9 62
121 146
115 145
7 17
3 20
71 54
104 79
73 121
147 57
47 104
61 37
67 61
105 119
2 13
148 130
102 24
45 116
105 117
81 132
136 144
14 84
30 20
1 80
91 106
130 107
45 41
60 112
49 101
139 52
47 38
17 23
42 9
96 1
11 36
105 97
62 52
11 122
25 33
23 41
56 72
48 145
5 39
51 139
32 134
99 94
46 27
18 96
60 119
20 108
44 33
136 95
22 52
47 70
14 21
99 112
93 16
76 78
80 111
17 85
61 1
14 109
36 16
59 65
96 62
67 54
28 78
71 86
144 3
15 26
98 51
79 104
86 134
135 71
79 143
111 17
93 111
39 123
112 88
107 25
114 5
10 72
128 98
50 5
79 44
3 64
11 148
21 47
58 79
98 148
34 18
53 132
133 18
124 9
40 140
93 27
66 58
101 4
58 46
106 30
48 49
117 76
25 126
90 139
86 20
118 132
68 78
1 144
13 34
112 88
109 128
107 78
142 50
84 69
71 96
13 45
132 141
55 19
107 33
136 93
114 45
101 65
58 95
135 9
56 112
108 54
146 111
113 53
103 7
40 130
130 125
44 35
13 69
106 117
147 93
131 1
43 125
50 21
63 141
125 7
99 85
39 140
9 103
104 56
85 46
112 0
16 94
54 49
60 64
117 24
0 84
32 75
136 143
148 113
130 85
121 47
44 97
38 95
118 43
56 80
58 9
59 55
46 143
37 44
59 93
94 57
15 19
27 126
45 22
99 44
108 20
29 126
129 149
44 122
23 70
66 121
65 115
1 106
44 88
101 128
142 94
2 139
127 16
73 75
129 119
10 81
15 139
112 126
7 43
87 31
134 67
0 113
52 54
149 25
6 21
58 45
137 26
110 32
36 142
141 148
13 22
8 11
73 139
3 61
95 94
121 2
73 145
31 130
70 16
44 3
114 32
93 92
83 61
54 102
60 48
90 14
132 21
54 129
67 1
72 65
44 140
87 10
136 66
82 65
99 26
18 90
143 122
140 50
112 136
56 137
18 101
60 78
9 57
29 118
14 140
47 131
148 11
95 18
113 38
125 14
71 13
127 70
81 73
55 79
43 119
56 85
71 64
53 115
143 70
119 17
16 86
74 5
134 12
109 51
114 144
77 117
126 66
147 64
114 88
49 79
124 26
33 69
119 32
23 37
89 60
131 32
93 89
48 15
71 22
94 123
49 30
139 91
61 113
103 112
1 105
44 68
77 50
97 44
51 76
133 102
35 14
7 16
15 48
135 121
12 127
124 44
127 11
69 43
124 69
101 65
50 52
111 43
123 3
90 96
35 136
73 96
28 116
43 54
18 105
63 147
141 6
100 47
28 18
14 147
83 129
125 48
102 100
11 8
61 62
9 13
54 1
82 36
108 34
85 86
43 106
120 74
7 48
118 94
138 149
102 83
36 23
46 89
95 63
85 35
112 134
137 141
12 59
54 41
103 43
93 50
50 100
29 81
58 77
139 89
117 110
65 130
110 21
56 98
34 24
97 109
100 79
62 122
13 41
37 5
24 29
46 135
142 44
75 11
50 22
78 90
117 50
50 138
27 69
24 149
45 133
60 62
81 140
119 125
89 143
66 45
6 52
125 0
18 137
121 41
76 147
76 137
144 67
12 65
67 52
117 56
86 117
19 15
12 21
70 44
118 128
34 62
43 112
5 122
96 19
87 115
66 93
76 74
70 51
114 8
25 142
109 48
96 13
80 148
51 110
91 62
23 1
146 74
76 135
110 87
91 55
18 62
134 41
51 76
48 6
119 72
140 121
124 12
120 103
64 46
108 44
145 31
71 112
133 121
82 58
105 102
35 40
106 12
53 17
51 89
50 1
114 119
108 56
45 98
30 97
120 132
119 8
92 41
99 3
86 104
32 100
44 22
127 81
145 63
121 44
54 147
47 102
27 136
147 113
20 90
87 35
74 36
31 59
105 17
72 90
86 93
107 14
43 81
48 81
23 70
133 20
138 128
7 104
52 126
118 142
86 58
66 61
109 59
48 43
45 63
55 104
75 148
0 22
7 44
58 43
86 39
148 64
60 4
4 20
44 107
117 142
109 136
120 130
115 64
28 95
131 92
19 86
0 59
50 58
60 70
4 139
90 87
79 117
126 33
126 118
89 146
126 125
76 142
117 68
45 136
39 81
103 137
99 23
45 118
127 70
64 108
100 73
102 46
140 131
15 119
144 43
11 1
128 137
49 94
100 13
89 101
136 38
91 55
109 100
68 94
17 37
34 21
116 134
79 133
102 8
27 28
73 59
131 32
29 125
112 33
33 116
36 107
9 43
107 41
145 105
122 137
135 32
120 6
51 64
77 99
64 37
80 34
68 139
49 128
66 90
33 114
78 11
134 63
132 62
149 111
74 38
86 70
102 115
135 82
85 137
17 37
33 32
26 76
24 120
145 118
20 28
145 120
77 139
126 51
62 102
85 109
122 50
106 101
136 103
69 145
69 20
104 5
75 66
90 59
62 80
138 141
98 115
47 128
17 65
139 83
89 58
142 23
59 10
92 7
147 1
19 72
82 97
87 65
42 145
149 128
101 45
74 21
61 139
13 78
59 108
45 14
25 149
57 54
61 76
50 20
101 64
99 100
78 145
78 89
99 96
4 31
39 19
46 47
1 39
147 51
149 17
13 107
123 22
64 119
78 67
21 38
38 29
104 21
124 129
131 46
90 81
145 69
3 49
142 6
147 126
79 76
147 46
64 76
119 86
98 47
68 122
76 89
110 145
143 64
92 82
107 27
5 53
131 91
45 130
43 122
27 113
68 52
40 131
43 15
44 91
32 59
129 135
39 60
88 106
60 95
54 41
77 79
72 66
122 4
20 140
60 93
123 33
108 68
8 85
104 55
86 84
12 41
121 52
76 48
97 121
111 22
29 80
55 73
115 27
89 143
88 39
47 130
126 90
42 116
14 118
73 115
124 130
17 141
87 113
5 25
63 7
43 146
47 126
94 70
77 122
86 96
12 73
118 80
42 118
96 93
41 147
113 59
55 94
63 49
9 22
27 122
125 20
115 140
54 113
18 54
73 126
61 23
73 64
77 55
120 41
54 119
37 121
95 39
29 103
85 47
146 20
146 58
118 103
56 132
9 142
110 123
126 69
1 12
64 121
29 3
104 141
11 77
91 61
118 0
143 73
132 5
25 117
132 125
96 84
134 23
99 105
32 39
88 101
66 117
64 120
13 26
144 135
96 24
34 42
24 127
28 68
54 33
120 17
98 8
48 82
111 26
34 125
82 47
11 47
115 141
7 3
1 3
6 10
34 73
104 32
106 66
98 64
128 72
145 123
97 54
148 1
21 5
38 131
64 2
34 107
109 73
100 76
126 17
74 73
149 6
137 87
61 40
104 107
7 110
25 39
79 98
111 96
36 59
120 11
43 63
31 13
128 43
55 108
81 20
37 51
22 81
104 26
2 89
126 121
127 5
52 7
64 14
49 70
117 78
131 18
14 17
0 25
90 22
95 38
56 17
87 99
20 43
131 125
11 61
141 111
9 138
64 28
126 89
59 145
59 74
135 93
77 1
66 20
146 51
34 37
46 3
67 38
87 99
32 17
112 52
44 149
32 112
42 66
75 77
14 7
129 92
59 78
65 64
92 88
95 31
29 13
81 22
118 20
99 119
32 83
16 17
78 127
106 17
45 25
12 90
14 9
10 73
110 116
29 8
14 136
0 135
75 36
84 134
42 96
129 90
55 78
110 84
144 103
78 62
99 147
40 18
87 24
125 58
3 105
92 99
91 66
98 69
109 53
86 105
132 70
132 63
13 91
71 76
63 37
143 41
136 147
25 52
66 50
1 88
30 15
61 49
142 74
120 5
68 99
132 22
64 35
49 28
9 73
84 67
55 111
66 17
144 110
44 132
34 54
59 135
52 63
34 83
63 22
116 73
25 46
104 99
47 0
81 63
5 48
105 18
45 78
99 20
85 21
20 75
16 52
32 15
28 104
21 25
96 81
114 78
124 103
114 98
130 109
90 130
101 24
29 76
112 45
66 97
3 39
139 18
73 78
54 65
81 123
116 127
78 70
120 56
49 9
125 74
133 85
122 19
3 43
88 130
109 37
145 111
33 98
78 102
52 48
87 10
91 87
36 28
58 107
134 7
93 1
98 127
32 40
33 13
139 119
65 30
83 55
49 51
118 113
64 78
126 36
48 86
105 31
94 73
6 30
0 33
135 144
148 69
11 13
44 84
66 129
105 86
127 87
102 85
34 111
139 46
134 121
64 102
38 4
147 126
18 34
42 111
114 74
51 80
97 111
84 148
27 32
117 36
103 24
107 34
7 59
29 53
64 9
113 68
91 64
109 32
92 127
82 105
76 89
38 56
41 116
47 60
53 74
51 109
76 14
29 55
43 104
8 117
64 23
106 62
36 102
67 78
111 132
129 34
11 139
138 124
0 59
74 110
8 12
131 0
54 94
83 54
10 59
77 20
134 14
17 131
37 41
129 23
43 32
3 82
123 28
80 114
112 129
103 12
60 24
143 140
30 114
98 136
68 0
59 75
12 5
66 147
107 8
59 5
118 44
87 97
141 26
92 61
81 96
31 82
85 61
48 120
28 7
42 2
123 85
77 128
73 19
103 142
26 23
65 119
60 1
104 132
69 99
24 49
67 142
62 30
44 54
123 35
141 48
115 38
87 17
84 38
33 123
17 35
138 25
109 138
74 28
130 94
13 20
129 133
29 36
1 35
119 125
86 60
14 144
48 24
6 79
129 0
148 31
45 37
25 132
23 96
38 3
46 113
70 55
116 48
106 18
129 139
101 25
69 26
52 45
18 115
12 27
79 29
85 55
56 107
51 137
98 80
142 61
141 122
2 118
98 123
103 11
10 91
40 93
107 130
137 141
137 50
22 34
25 27
62 117
46 37
136 57
20 80
140 71
58 121
129 11
81 33
13 25
112 103
119 121
7 95
54 126
13 7
64 15
143 60
53 14
122 19
62 73
111 106
27 64
109 134
89 145
40 144
51 20
92 36
83 52
44 26
105 122
26 15
139 116
23 51
119 72
95 110
87 70
54 78
84 34
69 111
40 148
89 119
144 35
118 128
66 107
54 121
111 74
135 120
26 149
82 77
6 11
132 87
35 60
148 7
76 101
87 134
115 37
58 90
130 43
29 138
33 39
130 137
132 138
85 41
15 90
122 63
44 139
88 35
145 13
103 99
53 134
115 56
88 64
128 100
44 93
11 93
139 73
7 31
70 126
81 95
17 94
78 41
117 94
114 19
87 79
38 68
37 100
126 100
99 70
89 113
141 33
75 114
102 89
6 108
22 137
36 60
110 141
59 88
24 90
106 33
42 66
128 9
45 113
99 80
12 45
57 21
80 110
121 80
32 77
94 24
120 91
61 82
78 53
66 111
69 85
120 131
34 36
36 76
121 28
63 72
37 111
114 46
134 110
43 91
3 44
104 0
106 42
104 132
58 30
122 147
47 80
28 99
148 36
107 128
1 64
76 47
129 0
104 136
123 106
121 26
53 43
100 72
5 142
64 89
74 99
100 25
131 46
99 144
86 54
102 105
43 6
55 37
44 7
101 27
43 116
36 72
12 118
81 76
50 98
77 1
86 29
127 35
125 140
5 46
36 10
101 70
130 49
39 41
67 48
129 49
127 3
25 35
97 115
59 106
83 40
43 79
120 39
96 84
128 107
136 145
88 120
122 142
143 119
82 131
99 35
43 69
113 18
97 85
135 137
53 48
83 80
34 137
75 77
46 42
107 33
55 128
58 59
107 110
20 79
74 4
18 67
10 148
61 88
56 31
87 147
91 115
14 1
110 31
51 18
83 74
133 88
26 113
55 19
11 82
92 43
124 69
15 57
62 75
13 73
39 1
3 123
117 149
9 120
24 100
57 83
103 94
1 78
124 47
116 115
5 11
141 20
118 83
123 31
57 148
38 40
54 90
138 74
114 16
148 138
26 100
71 41
14 115
107 20
146 139
53 106
92 1
109 134
37 18
88 97
82 137
73 91
102 132
51 140
140 104
9 46
67 99
102 106
68 125
108 7
132 99
104 97
96 12
33 60
135 113
115 114
30 104
54 143
13 135
52 83
2 132
43 46
108 15
110 34
141 120
46 139
132 106
40 126
101 66
116 9
132 81
144 62
114 37
64 44
71 90
95 21
104 103
83 114
112 99
96 58
95 111
88 1
78 41
25 58
149 98
147 84
44 18
52 111
139 50
79 111
110 124
87 29
24 77
121 29
20 128
109 143
69 134
112 118
42 24
95 92
143 104
113 148
130 64
60 131
72 74
36 51
83 47
36 16
67 126
137 25
27 52
42 29
117 148
57 23
23 46
94 105
34 3
78 36
59 112
13 130
19 64
67 60
119 43
107 101
42 117
123 1
115 104
149 44
35 32
18 27
127 141
131 41
35 41
18 32
115 46
89 118
134 93
142 107
40 90
91 117
130 107
6 143
69 99
69 67
141 46
138 32
103 57
106 88
96 86
71 99
51 126
133 127
121 10
1 133
129 93
52 107
71 137
133 72
139 65
25 142
43 144
79 135
2 146
108 28
61 53
109 52
5 75
121 48
54 70
109 59
89 12
76 2
3 2
16 143
62 67
104 116
61 132
100 35
17 46
4 89
8 105
114 101
39 127
59 65
11 93
114 134
130 22
91 42
97 38
24 7
22 76
112 80
128 84
139 0
145 21
113 107
28 22
52 56
134 138
120 113
34 104
77 86
111 141
41 21
25 114
68 41
70 65
93 53
140 107
84 36
40 92
143 106
21 49
13 44
45 54
29 66
33 15
6 138
113 54
67 21
3 97
71 1
126 146
112 2
12 149
100 135
140 120
89 59
17 9
4 36
71 105
55 136
104 32
84 108
54 70
129 127
129 149
140 101
106 5
94 13
75 143
133 147
32 134
102 48
51 120
82 118
66 38
116 24
18 116
46 6
96 99
93 149
105 92
29 118
125 4
134 51
102 86
18 115
56 13
82 118
79 89
19 11
143 52
136 46
126 31
137 54
83 92
99 95
81 88
54 78
112 71
113 142
82 129
19 79
86 3
121 96
138 47
109 81
127 46
142 44
94 143
15 134
23 29
72 123
32 51
58 70
70 143
47 85
123 67
31 51
77 14
119 88
6 92
116 80
64 29
25 77
34 44
42 61
79 147
6 76
83 95
26 43
33 117
145 10
35 21
86 96
142 73
55 92
135 43
113 149
146 138
133 135
100 126
129 143
19 140
39 24
15 1
37 56
28 73
104 59
86 143
58 33
22 35
103 135
105 3
58 1
124 39
33 21
36 102
104 111
17 105
6 138
50 134
74 38
138 86
78 0
24 105
25 117
15 25
147 96
7 58
2 38
43 103
28 3
46 57
47 127
102 25
102 140
30 57
138 2
132 133
14 133
140 26
119 88
112 138
30 63
127 122
81 103
118 122
107 86
97 148
89 142
28 45
114 105
129 107
117 103
105 103
138 67
77 21
32 43
140 9
42 108
29 4
60 145
104 61
143 120
66 29
62 131
8 92
18 65
92 67
33 47
50 20
115 84
133 113
120 77
31 107
69 133
88 47
20 103
63 12
143 98
83 78
123 7
80 34
44 47
18 17
117 106
122 141
87 42
66 46
6 66
35 89
78 8
127 46
135 79
89 50
121 29
40 57
147 127
145 146
132 102
100 123
108 78
132 70
137 80
90 88
84 14
91 94
70 129
145 4
134 52
102 9
95 15
62 76
57 105
135 68
85 24
2 129
81 25
86 40
24 90
118 109
36 79
14 42
132 52
34 63
71 6
52 7
45 13
126 34
51 120
13 145
47 104
76 115
10 144
32 6
17 21
99 74
91 113
39 91
37 110
3 79
30 23
147 130
2 126
89 149
58 127
98 18
5 56
144 145
41 2
129 44
54 118
46 99
97 29
49 89
74 93
69 120
101 117
71 142
50 12
24 125
119 127
70 51
14 124
42 68
141 122
148 81
14 133
85 55
133 114
42 148
96 11
35 2
125 59
3 125
105 138
136 2
34 109
125 100
39 118
18 114
104 24
136 38
42 39
79 119
77 15
77 47
125 27
141 71
27 11
32 131
120 12
139 125
40 104
86 2
51 117
17 66
49 77
5 103
83 121
103 56
121 140
57 110
100 61
112 129
61 117
20 57
136 41
120 3
35 77
128 18
19 29
82 120
2 64
146 12
96 36
116 18
25 29
6 66
68 84
98 30
24 15
11 80
119 19
128 16
122 133
0 7
60 27
20 121
122 44
43 17
112 125
45 52
27 115
70 75
135 84
111 127
83 95
28 143
137 66
146 52
69 84
26 97
85 71
11 59
109 38
46 55
28 18
60 147
112 44
63 81
140 23
140 87
99 72
100 114
109 124
96 122
94 39
35 24
7 55
78 20
29 66
17 146
111 40
103 12
120 12
56 19
115 88
38 101
100 112
134 114
143 65
31 55
104 122
61 134
67 49
92 115
149 120
43 25
62 29
55 62
52 73
60 63
149 75
8 98
27 148
112 102
55 105
20 90
42 31
99 110
15 70
125 5
57 93
139 104
74 44
18 142
83 72
46 19
122 27
124 63
56 71
5 38
82 41
58 112
119 99
147 114
139 83
89 74
48 69
120 55
13 9
146 117
39 48
108 125
13 0
68 23
46 68
47 45
66 53
1 54
22 33
4 32
138 7
56 63
73 107
84 12
73 133
75 62
12 76
76 12
50 62
100 19
43 33
35 145
117 2
100 121
67 12
133 125
111 96
105 104
52 91
81 4
114 140
15 137
145 29
133 111
114 129
4 72
19 88
44 8
92 32
20 116
106 9
108 42
11 118
30 39
139 68
22 70
22 79
89 129
23 74
16 97
16 54
131 31
116 84
96 35
144 71
43 120
3 66
52 80
46 120
134 112
116 39
137 43
58 3
122 43
132 68
91 21
0 137
142 131
142 111
115 76
51 46
87 13
124 44
12 84
69 24
90 68
127 24
2 99
48 6
74 88
24 45
11 69
93 91
100 122
119 130
98 55
19 114
115 119
128 149
85 60
111 35
85 128
140 52
41 37
17 149
93 64
40 96
55 51
89 106
53 106
25 121
13 49
138 102
133 103
12 124
28 30
144 109
22 131
101 73
85 58
39 141
84 9
67 88
104 56
8 103
37 51
142 144
111 68
63 96
9 4
126 13
109 115
17 22
77 6
142 80
12 79
85 46
107 46
132 117
116 133
141 120
110 116
71 24
55 100
51 50
55 102
19 6
92 124
46 84
142 12
34 42
103 113
108 142
40 132
48 57
37 96
138 105
32 94
24 146
48 139
45 122
26 44
47 44
14 57
21 132
55 149
126 105
93 146
130 8
126 10
142 36
68 92
3 80
104 15
112 35
30 82
118 119
137 145
74 140
60 35
45 52
7 72
58 74
140 24
50 82
28 24
19 139
127 84
138 125
110 40
63 98
41 99
115 28
88 18
63 102
73 23
41 33
112 39
63 24
142 19
6 79
113 19
141 22
120 143
119 58
124 102
87 118
106 145
17 61
76 132
0 46
107 110
92 104
31 54
44 21
123 91
85 3
35 81
97 33
108 124
29 119
116 53
34 60
52 147
13 79
85 128
29 60
120 44
95 142
23 6
14 64
86 19
74 139
75 129
142 7
10 59
78 71
40 6
102 54
62 72
3 140
139 8
27 26
36 78
56 34
37 43
84 109
100 104
21 79
83 11
11 13
7 72
27 46
120 83
88 28
46 137
73 15
141 10
87 33
91 78
115 94
87 93
34 11
85 97
88 134
133 126
84 87
40 134
95 113
39 56
97 38
130 129
128 140
19 133
62 133
16 89
134 116
88 13
145 41
31 21
143 135
14 61
108 21
38 52
41 79
51 6
89 62
106 57
134 108
138 48
43 143
50 61
106 65
147 13
134 3
25 55
8 54
92 109
3 33
99 126
12 102
148 68
130 29
44 91
79 66
80 86
110 34
3 97
20 144
23 52
98 94
149 135
26 123
47 75
17 77
109 103
102 63
6 102
9 50
122 94
3 59
61 15
78 62
123 39
74 95
61 110
63 142
104 81
34 109
16 133
120 0
124 78
50 100
106 57
62 3
119 75
108 78
57 11
113 86
90 22
12 34
67 27
67 48
129 68
69 32
73 99
59 97
143 58
141 70
61 79
91 137
55 133
67 101
129 30
32 2
72 120
54 75
29 139
28 27
91 13
84 39
58 7
41 97
23 50
56 66
4 91
20 30
115 123
25 61
87 78
38 17
31 39
5 84
134 74
120 136
117 78
148 72
15 133
58 114
115 80
46 29
139 114
44 32
79 109
47 29
59 2
24 119
92 45
32 0
59 86
122 80
51 123
5 126
115 37
58 133
128 61
134 72
119 49
80 135
89 9
138 8
50 77
64 1
121 95
19 89
56 70
16 119
149 86
109 37
19 128
135 138
141 98
36 37
116 3
55 70
102 140
134 8
1 28
16 88
148 16
114 137
96 8
58 7
87 123
81 58
28 18
37 111
109 69
56 91
101 105
97 4
0 65
31 111
149 0
44 75
74 62
73 67
146 2
26 57
101 27
64 109
25 90
22 129
30 99
65 93
1 138
61 44
5 78
94 61
19 56
130 71
38 136
101 117
52 92
142 2
36 11
42 139
43 66
15 54
51 133
141 8
107 34
119 114
49 5
127 85
53 69
108 122
142 74
8 11
44 119
0 21
147 87
69 71
15 93
5 31
131 70
102 149
97 149
99 137
42 2
2 23
90 21
57 138
81 55
67 27
140 144
5 93
94 67
96 44
9 120
125 24
73 53
1 51
0 47
43 5
146 68
94 136
38 67
42 60
24 140
20 111
6 94
130 93
134 92
103 143
21 8
16 56
93 101
147 26
26 39
56 135
127 87
117 9
21 16
77 110
80 49
112 116
77 70
7 5
15 42
70 106
44 81
5 0
127 60
2 92
140 24
20 47
24 131
3 89
125 108
123 56
15 115
14 43
4 106
36 148
145 22
80 137
96 27
11 100
26 145
123 48
49 137
27 12
101 45
80 134
77 24
93 110
34 12
138 69
1 17
38 143
19 128
85 113
48 103
132 4
23 65
13 66
128 145
38 74
46 56
5 31
137 65
65 118
145 87
64 118
149 80
87 135
27 77
4 105
83 132
40 48
137 39
124 43
82 31
94 66
94 34
58 73
56 43
120 118
93 105
32 57
99 144
14 68
138 70
139 47
55 90
113 74
15 76
116 98
51 105
40 122
51 96
53 16
146 108
94 144
35 89
5 2
141 52
66 45
52 2
121 47
100 141
133 135
17 126
144 33
49 87
59 93
56 87
55 106
143 2
20 86
112 10
98 95
70 147
141 136
100 46
105 134
144 34
59 0
46 73
58 127
123 83
20 19
101 33
145 85
44 127
55 115
78 141
134 107
42 108
99 133
116 87
47 101
3 70
118 126
0 145
102 123
57 70
144 98
41 64
140 75
108 37
101 141
38 50
73 21
129 15
95 10
130 19
132 123
1 32
8 69
22 57
81 145
70 44
1 69
135 109
19 143
143 51
141 103
16 41
123 131
43 8
50 120
147 52
117 20
34 70
6 54
106 104
37 72
50 144
30 40
19 135
118 125
74 2
81 126
106 81
79 40
59 121
116 27
140 6
42 149
54 81
33 73
113 68
145 11
110 59
75 18
7 142
34 69
49 104
94 103
58 17
15 121
52 96
84 70
86 29
37 12
121 123
95 86
80 90
108 135
110 96
64 34
107 149
143 99
27 51
7 67
23 85
83 65
39 137
25 12
59 0
87 124
0 106
29 124
113 37
43 8
128 9
104 114
53 76
134 44
2 53
47 65
130 15
141 33
44 88
84 40
104 147
55 6
74 144
102 145
97 108
38 130
90 18
0 134
128 58
133 52
49 114
4 145
0 85
123 74
105 62
59 22
8 124
60 20
62 38
79 43
76 74
127 27
87 103
144 128
5 63
100 133
12 82
77 13
82 143
43 104
24 100
68 32
19 74
66 12
69 73
14 37
107 82
122 23
23 141
66 133
122 69
115 61
129 9
148 34
83 142
100 89
31 125
85 118
126 86
111 50
113 71
8 27
91 83
141 7
95 4
76 82
30 64
72 100
74 33
124 96
124 53
15 56
72 14
85 29
89 149
106 6
56 48
1 111
31 139
23 125
91 89
114 1
58 54
76 53
98 130
66 30
66 94
129 125
96 8
80 145
119 74
34 73
61 25
3 72
3 120
29 140
44 97
88 21
48 143
116 72
19 92
31 4
52 122
47 6
139 24
79 17
91 107
116 115
136 48
105 109
41 128
42 76
79 130
127 115
3 86
9 62
114 13
17 21
9 133
119 149
140 26
103 122
11 104
135 88
14 86
11 83
70 6
83 130
15 30
37 4
9 110
141 95
85 52
91 63
126 35
14 44
21 119
11 87
101 149
72 107
48 20
39 46
8 95
119 23
51 49
140 126
103 29
124 26
76 59
128 142
1 14
108 82
135 20
104 49
74 122
86 141
32 73
43 149
29 147
98 49
82 34
39 149
73 145
29 143
75 1
45 123
121 21
136 71
81 47
66 42
63 34
105 65
76 26
147 29
126 131
17 30
87 54
128 4
49 72
50 54
70 100
92 140
111 86
123 81
72 88
131 104
130 123
121 99
90 94
78 137
106 25
82 117
118 121
41 138
50 8
38 70
82 72
45 63
127 63
21 94
123 146
68 9
65 55
68 43
4 39
26 14
103 22
134 139
40 9
46 115
110 16
34 138
140 23
142 58
115 107
116 131
43 148
113 74
106 121
139 62
128 129
28 75
18 11
111 18
130 54
7 62
22 81
98 58
46 116
17 102
60 26
107 63
145 121
57 108
123 120
77 86
132 34
141 28
99 52
122 115
45 10
1 47
106 16
74 0
88 74
73 148
74 103
142 63
16 131
0 93
27 85
95 113
21 76
129 132
97 116
14 143
71 132
18 40
102 8
10 119
41 95
118 58
102 96
32 115
39 144
117 119
42 33
25 70
109 116
5 44
99 86
9 104
71 34
31 84
120 42
101 2
52 92
149 19
112 17
56 87
125 128
93 59
19 61
94 123
42 109
132 76
113 81
86 11
40 9
142 28
120 54
4 40
0 132
128 4
109 55
56 26
109 56
84 39
82 31
58 23
55 25
88 74
142 89
123 118
88 137
61 4
94 147
31 37
138 141
25 113
145 146
59 25
86 26
105 6
95 113
78 133
41 81
9 105
41 47
136 125
61 8
18 48
45 144
53 134
95 17
107 28
65 141
10 111
94 114
110 123
17 148
102 46
108 39
144 114
38 85
111 79
31 102
54 27
37 18
34 104
46 6
25 57
113 27
5 133
119 113
49 96
146 143
96 149
42 82
143 86
56 137
134 78
28 12
105 28
41 37
34 39
95 2
98 52
20 19
12 142
57 17
139 5
40 22
125 44
87 24
104 17
54 28
40 148
116 138
80 115
127 68
145 18
130 125
99 68
94 37
50 49
73 25
126 138
119 66
3 95
103 13
85 39
114 98
52 33
131 116
85 55
97 40
10 121
0 73
139 23
62 61
129 146
16 66
74 135
107 52
145 83
87 84
102 71
100 134
137 75
146 74
69 75
143 117
36 96
121 69
149 17
71 126
42 64
14 56
31 144
95 132
124 28
103 88
51 125
60 133
40 102
111 76
140 85
132 32
117 53
112 13
67 4
148 20
30 71
59 146
82 112
84 86
125 82
0 125
115 128
4 15
81 50
38 21
58 149
38 56
117 77
120 83
48 137
56 116
92 17
86 38
143 102
47 55
105 1
60 97
1 81
149 121
120 93
98 135
11 120
22 14
104 15
45 124
107 132
74 124
32 22
26 93
78 9
133 103
58 56
54 71
54 26
55 148
12 69
13 64
44 90
88 8
73 147
73 58
66 84
6 21
18 97
42 122
109 76
113 59
141 123
50 68
105 44
98 91
113 26
109 75
127 40
38 64
32 9
80 147
123 114
94 92
102 41
33 119
60 34
71 9
141 104
138 7
43 71
12 0
16 109
138 59
19 122
81 120
133 24
41 134
37 129
21 74
86 94
11 37
117 15
10 5
36 39
76 49
63 4
77 22
62 90
60 32
116 52
113 111
13 73
136 27
51 147
126 149
27 48
48 88
41 17
107 5
106 136
52 70
109 132
52 53
24 71
79 123
76 25
114 34
127 45
136 44
137 119
85 74
33 147
20 54
58 64
30 4
88 91
29 43
59 123
107 100
11 39
136 31
38 29
52 45
49 110
130 118
3 98
128 127
129 11
132 95
62 41
35 25
146 45
49 62
26 138
98 41
3 113
96 59
133 147
16 83
79 78
32 113
143 18
14 96
121 86
113 62
126 79
82 14
135 115
10 29
143 94
95 105
30 143
77 129
38 139
49 142
78 11
37 54
75 12
18 144
132 85
101 44
111 41
6 69
70 11
79 51
87 144
58 45
16 61
98 99
25 149
1 111
52 149
134 58
22 11
69 17
33 15
23 31
26 13
77 33
44 72
19 130
63 8
135 92
94 98
42 128
42 9
124 111
140 58
0 85
38 40
126 89
95 142
46 2
39 30
94 137
93 32
41 43
36 123
117 127
121 68
64 89
13 42
19 76
26 29
41 72
128 109
141 122
105 100
7 143
127 80
148 134
147 1
83 133
91 46
31 34
68 94
43 139
106 112
56 22
48 77
130 116
102 122
142 63
120 147
57 58
69 32
39 94
117 80
50 2
86 46
53 55
29 64
81 34
64 107
115 110
39 53
29 108
140 60
119 39
33 60
68 17
25 18
114 95
110 70
129 48
51 34
1 87
121 35
53 46
124 63
37 19
97 24
55 116
137 60
148 52
108 49
128 38
128 111
29 57
49 18
40 31
108 96
65 112
124 26
128 88
79 16
36 129
70 33
69 77
91 136
71 94
12 120
132 64
105 29
13 15
30 2
130 43
65 104
6 104
73 87
93 80
144 130
109 35
66 133
40 111
54 75
13 99
63 111
141 26
17 124
47 96
121 114
139 121
75 6
43 90
139 42
149 138
106 132
35 21
49 54
79 126
149 69
144 68
64 50
9 37
70 29
132 45
110 124
5 9
50 69
141 8
77 8
89 143
79 40
90 129
9 10
41 107
108 117
14 20
104 36
87 146
15 127
124 79
140 77
63 76
116 104
97 99
3 77
62 37
107 144
95 139
130 75
62 111
113 28
87 2
4 88
54 140
14 105
13 127
61 63
50 40
29 17
31 85
115 73
114 26
2 70
13 100
71 53
32 46
131 14
61 127
29 78
128 117
97 18
7 149
49 19
13 81
63 132
12 112
70 75
129 24
71 102
32 78
72 63
85 77
135 67
76 128
141 136
145 100
45 64
4 143
86 65
32 142
115 46
94 121
115 139
138 84
125 66
66 92
81 18
26 5
10 37
76 149
21 81
34 90
45 139
16 6
138 99
134 109
118 147
75 59
110 59
130 44
89 90
137 23
100 109
33 48
34 44
73 96
29 68
83 63
95 145
54 120
140 98
57 25
100 83
78 19
16 105
107 109
96 98
77 111
47 6
106 112
113 22
79 47
80 133
130 73
16 133
68 47
52 106
12 38
103 47
148 14
100 129
34 20
140 56
44 145
51 138
56 32
133 62
26 110
68 110
121 81
9 133
19 79
79 141
63 139
34 15
93 78
132 91
63 78
145 136
10 14
36 97
114 100
47 78
47 77
58 5
85 64
43 128
135 118
62 97
26 81
1 124
140 26
149 60
123 15
129 2
101 25
30 14
142 16
104 49
10 146
25 78
52 46
62 107
46 113
82 141
64 62
120 2
135 111
26 2
5 139
99 100
56 45
45 30
47 57
136 108
19 65
110 9
26 82
10 17
104 78
111 140
18 111
45 145
31 56
97 25
30 43
18 131
84 7
35 10
69 78
81 80
137 111
8 12
71 69
21 94
141 80
120 84
30 50
71 98
135 126
20 40
9 115
43 37
41 78
63 134
47 81
112 119
141 142
53 139
41 39
139 111
0 138
89 18
52 98
31 131
4 80
75 63
74 124
45 47
27 134
108 49
53 77
88 103
121 148
55 142
125 27
38 40
52 1
38 34
84 97
56 112
12 74
113 130
70 84
11 89
80 64
120 124
12 22
56 112
127 12
16 69
40 62
95 5
52 85
27 85
147 32
147 48
119 57
45 43
118 107
44 54
138 90
138 27
19 103
47 77
105 27
25 45
65 12
69 149
131 88
73 62
76 121
69 139
28 95
101 133
91 105
86 54
81 100
109 96
31 121
78 56
134 12
142 40
136 49
128 137
131 56
16 67
23 72
81 37
135 118
127 36
126 127
25 21
141 145
11 83
104 68
128 33
22 148
37 65
142 56
130 106
144 25
63 74
57 66
28 63
112 56
36 117
142 15
99 102
57 97
33 20
88 45
70 7
80 52
49 103
68 101
30 52
89 121
86 31
59 21
142 106
22 50
22 53
18 106
29 3
28 124
82 88
12 147
126 129
139 107
133 65
84 133
15 14
113 75
34 71
77 10
139 32
87 63
40 102
29 100
111 110
27 99
92 38
51 142
105 64
2 5
34 17
61 2
19 66
83 132
127 139
12 45
20 99
108 148
59 43
69 84
61 39
109 16
7 50
20 26
15 148
134 14
77 107
104 80
110 89
101 11
94 86
33 55
25 127
13 28
97 32
72 56
139 86
56 34
143 58
105 87
31 17
73 147
128 40
35 57
5 34
40 138
111 61
126 75
40 35
43 16
115 119
42 144
65 120
60 62
61 45
73 7
94 109
19 74
140 61
133 126
14 2
68 99
7 112
89 137
58 51
50 42
66 10
139 123
20 24
142 118
70 125
37 125
146 63
11 77
132 77
113 73
67 1
74 106
32 62
96 47
32 28
147 40
61 39
128 149
132 80
80 11
36 24
56 88
32 71
89 15
17 114
105 120
35 95
94 68
6 120
21 83
120 138
115 32
98 114
51 8
79 73
29 85
91 24
26 13
60 26
93 14
141 129
148 45
21 147
28 73
136 24
80 32
93 115
139 8
147 142
132 38
41 125
109 69
52 27
55 36
93 133
3 119
149 110
136 67
35 54
144 142
45 98
71 141
74 107
103 7
120 37
31 123
129 49
5 100
76 80
88 104
47 76
65 35
66 13
26 145
135 3
64 52
2 7
90 111
42 69
76 107
76 137
1 3
67 21
55 107
131 16
67 18
134 132
89 86
49 81
17 87
129 30
7 36
71 73
9 25
139 6
28 97
64 120
85 60
44 80
136 126
99 41
12 149
95 55
1 5
33 25
136 21
125 13
147 105
65 7
56 108
42 2
60 35
129 148
94 41
16 40
60 33
32 58
122 85
77 75
107 146
19 99
134 57
3 82
128 114
125 55
147 56
103 147
103 34
62 141
9 27
7 57
12 136
115 44
58 128
94 131
94 96
141 59
65 68
71 131
89 90
97 37
68 115
67 128
0 114
107 1
5 141
9 33
23 67
20 100
39 139
91 82
65 47
43 56
78 38
9 79
3 130
21 133
107 72
118 42
46 57
53 125
30 101
0 135
104 0
5 86
40 111
48 44
3 34
147 106
90 105
141 87
112 149
72 117
59 84
85 70
83 10
2 21
114 1
100 131
99 46
45 31
94 15
1 128
135 53
113 28
117 129
139 21
127 22
41 128
36 144
48 3
147 4
58 26
95 14
108 130
135 16
75 130
5 52
58 7
58 44
130 123
115 111
26 139
12 22
86 87
45 99
97 137
19 66
90 37
78 50
71 128
105 130
36 39
139 58
22 33
94 40
136 27
121 60
144 139
95 49
34 101
44 31
13 103
2 122
116 69
62 131
21 15
14 136
62 66
92 148
33 84
23 125
132 42
77 126
95 84
107 43
125 39
25 71
40 123
22 93
128 110
97 99
61 35
109 83
67 127
37 106
68 109
59 143
104 41
9 146
20 84
9 17
13 11
43 118
22 141
73 9
14 30
88 135
23 79
21 85
132 21
44 53
0 93
23 65
121 20
54 83
52 88
87 86
99 116
78 114
32 58
97 18
86 63
148 3
98 3
24 102
52 108
89 95
83 132
45 33
113 71
90 105
79 63
130 102
114 49
72 134
38 99
99 44
140 69
0 142
36 59
53 27
142 125
145 94
54 6
49 76
108 34
35 73
92 58
49 59
124 18
74 55
100 136
79 90
97 19
140 90
41 75
103 92
108 129
130 115
91 5
37 71
83 16
87 45
113 58
56 19
74 85
125 51
57 102
58 78
128 111
66 89
88 132
110 15
142 127
98 54
56 26
148 98
133 140
145 43
10 106
106 121
13 61
48 95
48 14
39 98
10 20
28 40
12 83
44 46
13 115
11 0
21 55
45 17
72 73
26 53
29 138
135 94
105 49
21 40
73 56
89 11
21 6
39 1
1 98
100 44
135 132
63 147
133 22
129 100
115 63
66 13
122 57
54 130
64 107
24 110
107 60
147 145
19 26
5 134
14 85
20 68
69 140
82 142
78 65
28 132
70 111
82 145
66 37
66 57
18 147
50 56
4 148
23 109
73 5
36 69
76 127
88 100
27 3
38 79
25 145
134 144
110 58
85 2
118 143
12 95
20 116
30 139
24 72
78 30
61 25
5 111
143 145
75 3
28 92
133 18
46 144
116 114
134 127
115 15
33 34
24 133
94 79
81 138
107 80
136 130
38 139
120 15
73 129
68 103
119 93
4 79
54 10
110 130
53 123
112 116
6 67
99 36
13 74
40 134
44 98
93 52
144 122
108 107
67 137
130 11
83 80
138 135
42 38
28 125
88 3
98 79
139 26
13 9
80 147
96 118
14 19
25 48
111 140
85 121
47 11
146 31
63 69
30 96
112 87
25 73
1 10
42 8
138 140
121 133
76 142
23 22
148 23
34 63
6 104
11 142
140 32
18 84
125 25
74 131
85 103
103 73
27 82
63 69
38 96
132 118
72 31
38 1
71 125
33 80
126 57
86 49
112 102
89 25
128 9
46 130
10 28
101 77
41 75
137 6
46 110
110 134
148 122
147 93
19 52
3 133
9 139
92 0
80 89
28 145
84 48
33 78
10 82
66 147
83 74
92 1
6 71
10 72
96 28
65 39
67 92
29 142
60 35
11 108
85 34
146 1
73 140
107 20
3 73
64 126
16 23
26 126
38 23
96 33
31 100
7 146
39 139
30 132
38 111
127 104
65 146
65 51
77 120
120 7
43 23
116 19
146 37
54 82
103 17
26 143
15 45
28 58
42 46
2 40
113 31
147 116
2 9
20 25
2 5
148 62
31 125
11 134
140 36
92 147
130 8
35 127
82 62
45 49
32 85
149 38
71 10
3 37
146 144
8 39
115 60
90 34
75 34
60 15
60 104
28 62
102 82
70 112
104 56
37 38
81 57
42 31
128 51
118 30
85 120
129 104
22 37
30 68
133 106
131 45
16 76
27 83
31 17
46 134
116 67
31 34
2 12
130 55
1 92
97 141
34 65
86 137
7 148
129 105
60 142
2 51
137 136
18 64
40 101
53 103
113 127
69 57
90 2
83 142
99 10
83 24
66 136
130 25
53 117
104 119
70 146
69 114
78 100
93 104
41 63
110 146
62 56
78 145
28 65
82 13
31 113
139 109
3 144
30 80
111 117
6 80
100 34
100 133
42 67
130 106
52 41
114 12
118 139
84 114
129 127
81 93
101 103
54 32
67 85
115 66
18 132
84 51
19 2
71 5
95 88
39 71
141 100
108 5
137 26
75 4
72 116
13 118
63 50
16 63
62 85
70 79
7 138
100 85
30 51
104 56
138 52
87 92
41 79
114 139
45 115
64 103
113 91
82 17
17 74
141 83
70 109
143 148
55 77
62 88
14 96
37 104
82 88
39 29
115 26
49 4
44 74
18 84
144 98
88 115
73 109
21 52
57 52
0 104
53 98
8 104
59 8
131 69
97 36
147 95
58 124
144 31
55 94
37 4
60 15
74 40
74 147
25 29
72 118
56 20
65 21
5 105
63 124
121 71
13 23
56 146
71 139
75 7
110 11
25 149
16 130
21 86
33 124
76 34
30 79
40 109
35 113
80 146
55 20
115 68
65 9
111 36
56 4
27 40
84 5
21 52
35 29
98 12
76 92
136 105
36 126
26 105
56 82
89 64
62 142
13 97
13 44
137 125
137 48
134 26
132 138
70 96
85 142
21 6
148 69
25 43
80 85
5 15
130 53
110 103
114 74
17 67
37 46
91 37
131 140
46 80
55 86
117 50
73 100
80 27
98 50
71 59
55 68
147 39
41 1
18 106
135 143
38 147
142 139
12 112
0 15
103 59
125 62
123 37
97 106
97 5
113 48
4 32
39 131
102 45
148 105
39 44
132 26
147 111
38 56
140 18
8 46
109 50
66 1
2 133
118 148
110 148
143 10
5 29
93 60
115 87
101 16
143 33
119 110
97 87
115 24
38 24
32 77
132 74
118 3
145 100
100 113
24 80
105 76
26 59
124 44
57 82
64 87
139 38
114 28
134 44
98 148
136 25
98 133
73 101
114 21
64 25
92 8
144 107
102 50
134 35
129 17
116 87
73 71
1 43
79 102
14 140
30 5
61 91
19 9
102 68
111 38
82 114
119 72
37 117
137 95
10 77
48 131
10 69
112 103
2 82
45 17
5 44
52 92
135 51
11 12
120 83
106 86
21 37
63 52
85 9
101 94
74 135
51 86
68 124
38 146
148 87
84 35
72 94
71 52
95 109
125 81
136 38
114 11
38 69
141 43
11 109
38 41
123 28
121 64
0 142
26 56
47 129
43 47
16 90
34 36
14 125
131 145
109 108
68 40
31 91
97 148
136 67
60 12
51 81
14 50
117 56
75 74
60 145
55 67
66 50
140 138
69 86
19 117
38 66
92 15
31 86
139 22
70 29
44 66
107 78
85 116
126 36
25 43
81 101
76 19
73 63
28 112
61 114
59 109
77 131
68 9
47 128
130 25
104 38
147 54
144 27
28 81
44 116
89 110
87 83
54 65
108 16
15 139
48 144
71 9
130 93
12 104
138 111
134 130
40 32
121 136
14 24
134 149
51 7
52 138
9 121
147 48
30 44
34 44
39 40
137 36
4 8
19 53
37 22
49 59
146 2
55 21
108 5
34 50
56 52
98 144
107 109
145 109
84 33
66 62
54 108
84 7
20 131
126 120
16 4
32 0
24 98
18 3
32 26
13 141
54 53
68 60
136 42
2 50
71 132
62 127
125 70
32 49
8 95
38 53
64 137
51 89
90 126
10 114
120 0
96 19
61 101
87 3
65 40
15 92
89 69
72 16
19 139
54 14
119 107
0 128
38 133
128 118
39 10
83 2
39 100
50 137
70 88
149 95
105 62
49 126
87 10
21 5
66 78
24 77
142 64
9 94
10 120
0 15
31 84
131 54
142 18
76 23
142 47
132 2
20 66
27 12
23 51
122 32
65 39
109 67
35 102
127 92
93 58
110 148
35 61
90 56
116 125
108 74
133 83
3 102
114 136
85 59
105 22
70 108
82 66
78 64
101 126
78 117
147 32
146 52
24 87
89 144
20 97
126 49
129 134
88 70
142 13
38 2
1 102
37 113
104 90
33 17
108 61
124 66
99 71
89 100
69 41
96 91
142 122
65 31
59 95
131 52
53 0
121 41
32 78
47 72
106 76
145 60
39 53
63 51
41 0
75 148
107 46
111 9
133 42
110 111
15 71
138 73
33 88
24 6
42 123
40 112
1 52
14 0
122 114
59 149
33 40
38 124
77 51
114 51
33 76
32 69
50 136
43 61
106 124
6 121
36 61
146 115
97 13
92 136
81 79
17 124
5 38
12 61
88 15
17 34
55 123
28 141
147 51
62 48
2 104
59 102
103 99
40 30
83 128
68 87
28 146
83 134
97 109
66 111
3 70
57 63
13 73
144 114
43 26
133 58
135 2
95 146
17 115
94 20
71 114
148 9
84 83
132 93
100 82
15 102
62 7
79 123
60 93
108 101
145 105
104 114
29 5
31 148
43 2
118 97
48 69
148 39
40 112
69 135
9 44
69 25
99 147
19 44
99 38
128 134
18 7
11 48
103 109
130 55
13 67
76 117
55 87
57 96
38 54
116 109
14 56
110 22
38 117
12 76
105 50
40 136
3 118
21 58
30 51
23 121
107 101
144 74
53 46
66 141
122 118
93 57
34 118
129 50
107 139
130 50
47 68
52 75
13 146
39 100
108 109
56 81
13 9
37 30
31 24
105 21
7 85
136 33
2 46
38 74
130 99
105 149
54 71
103 84
142 90
101 104
60 24
112 132
37 116
12 49
69 15
95 71
44 142
104 97
21 92
94 105
145 4
33 82
6 57
105 115
61 110
31 110
89 70
77 45
84 43
82 49
6 135
36 142
79 76
133 54
52 3
74 88
117 65
76 87
55 20
131 72
4 2
100 59
37 120
100 135
114 103
59 28
79 67
13 141
39 102
3 54
54 35
34 88
34 136
16 46
83 114
65 121
117 63
116 54
17 26
106 80
125 98
140 85
94 3
2 72
116 93
62 50
37 73
131 17
6 44
94 22
21 120
54 66
87 58
143 103
32 67
88 33
64 100
118 104
142 16
125 107
91 12
96 27
142 35
133 146
101 79
55 120
27 105
82 80
109 55
148 41
56 6
13 92
119 0
43 22
143 94
126 70
18 146
117 71
137 96
39 90
127 115
137 110
10 126
21 97
46 1
53 99
72 107
82 64
52 148
15 20
14 140
65 63
136 142
1 74
96 29
32 144
145 137
116 112
120 2
0 78
73 68
115 116
7 145
22 33
26 36
78 124
93 5
13 133
1 136
149 94
112 96
141 79
51 133
143 108
37 86
28 9
99 53
106 71
39 140
136 138
31 21
129 103
60 129
147 66
61 141
61 86
69 123
99 44
86 84
109 26
147 149
145 43
93 98
35 37
8 58
37 22
11 40
64 110
89 84
118 23
121 147
77 122
145 12
54 113
25 76
127 45
132 118
8 69
130 124
79 28
99 146
49 126
108 96
142 131
57 48
123 42
95 49
31 69
34 71
141 135
83 104
60 146
135 70
114 9
83 64
4 30
32 148
35 93
63 109
27 23
34 143
40 75
147 106
24 53
129 58
53 8
139 60
48 121
91 108
98 35
69 80
5 109
36 119
18 93
147 33
45 28
73 75
85 83
130 52
134 20
137 64
144 141
52 142
17 47
113 2
79 105
137 141
139 38
21 24
84 28
142 98
25 40
108 136
48 63
124 69
80 54
146 108
90 28
25 24
11 5
10 58
107 35
46 116
77 80
55 33
50 119
76 17
114 88
113 5
22 148
4 19
59 2
71 103
75 40
123 6
24 33
142 56
20 50
51 8
96 143
5 116
66 125
17 31
101 147
4 55
51 68
65 54
101 16
144 137
8 2
67 61
37 16
51 129
137 30
37 96
103 51
19 18
146 34
133 78
57 111
43 44
2 47
89 62
95 40
73 77
27 146
44 131
14 107
19 48
17 19
119 36
141 22
17 69
32 107
66 72
6 14
111 2
64 86
0 106
134 135
147 136
28 13
94 71
136 30
26 21
80 43
104 25
117 128
65 133
121 91
55 108
86 20
10 21
125 64
65 4
125 96
57 119
12 23
3 20
54 60
145 147
139 67
109 135
104 59
130 5
118 24
97 16
120 55
5 57
31 147
149 6
126 92
22 116
34 79
46 50
26 2
42 109
142 0
119 134
49 94
38 84
119 25
88 60
147 144
105 41
44 81
71 94
60 111
89 143
121 90
121 119
100 6
104 1
29 89
17 96
7 134
19 102
7 32
4 24
1 139
108 48
32 127
126 23
97 4
35 93
124 35
108 10
86 94
135 119
62 129
97 128
65 107
79 76
54 50
99 2
43 49
2 104
82 139
24 54
112 55
110 24
27 67
48 146
117 40
54 127
22 55
78 133
129 83
106 87
8 110
43 141
104 49
59 139
19 74
55 35
39 34
124 37
1 99
10 9
145 95
0 1
4 8
93 39
74 103
38 32
138 49
147 8
14 67
90 102
123 24
2 3
61 21
118 11
145 103
82 67
148 11
40 94
51 82
69 43
97 49
70 76
117 110
73 47
85 64
39 69
103 132
70 50
90 36
82 101
97 59
6 8
86 66
91 129
52 122
2 88
129 83
9 129
63 47
139 110
22 51
32 102
79 108
86 67
139 22
86 124
109 88
35 8
45 62
2 103
18 0
103 43
103 95
12 44
43 132
0 84
134 6
39 83
136 62
145 58
138 79
68 7
53 68
143 58
75 124
54 78
112 114
140 39
7 6
91 51
123 56
44 26
67 107
57 69
54 98
61 18
138 11
92 57
149 68
126 49
37 14
22 29
27 54
131 134
73 87
20 67
39 18
137 28
90 72
107 122
132 11
57 0
42 39
38 147
15 8
94 130
147 60
69 73
67 103
86 111
40 10
94 102
110 2
19 0
40 67
34 33
112 16
101 78
88 94
92 26
60 104
1 54
0 123
0 20
121 34
32 27
63 52
116 104
131 88
84 64
115 66
74 58
72 46
54 111
105 13
53 63
100 140
135 122
20 119
76 49
2 119
57 98
25 131
28 124
99 124
137 55
12 131
149 112
24 65
120 29
108 133
127 147
102 56
43 87
94 148
87 130
83 136
11 64
91 98
103 145
106 104
147 112
0 67
119 102
118 60
125 74
0 19
70 23
15 62
126 129
18 19
14 43
105 71
25 83
105 89
102 16
143 33
81 138
88 0
78 69
120 36
134 63
93 143
5 19
84 27
40 120
111 83
71 55
45 141
87 102
65 88
70 2
15 59
22 86
129 28
133 129
127 13
120 55
53 80
19 69
113 111
24 96
3 31
96 142
39 72
4 32
93 49
5 113
88 71
37 129
36 57
48 96
54 36
79 46
147 100
92 70
64 3
40 39
48 131
141 108
17 36
81 35
103 70
116 32
51 70
33 58
111 8
109 83
106 17
1 31
25 148
21 34
56 57
84 67
37 92
49 44
145 66
98 75
78 51
14 68
89 109
46 92
119 89
62 149
93 0
54 24
108 56
3 4
6 86
14 56
51 54
39 85
90 32
19 56
29 24
69 59
40 107
78 95
50 93
137 131
98 122
125 114
66 89
93 133
24 21
123 41
79 93
11 41
95 141
36 34
103 75
135 19
48 22
51 104
99 64
67 147
78 87
0 45
136 149
86 38
121 99
29 5
4 6
124 72
9 25
30 6
0 72
11 97
76 10
13 106
6 61
68 42
72 57
5 51
9 39
117 13
44 149
28 79
140 47
141 137
127 66
82 75
4 136
145 90
28 126
34 78
12 67
52 115
104 109
44 83
133 146
31 96
83 24
42 15
130 62
50 0
107 65
147 139
6 56
57 65
67 19
128 147
47 98
42 137
82 19
113 121
135 143
21 38
94 73
121 134
146 67
111 122
19 22
106 81
75 117
79 125
5 97
98 89
14 142
138 84
96 92
123 93
103 55
130 57
111 92
7 137
47 106
8 0
58 53
102 88
133 53
27 118
85 108
130 69
92 52
69 60
52 75
103 45
86 56
66 24
1 41
77 130
61 3
56 32
37 73
8 149
131 30
7 96
70 35
55 68
132 137
61 24
147 94
32 96
61 102
102 27
83 89
44 31
55 129
71 62
75 16
146 77
94 142
26 64
58 72
71 128
27 57
19 137
29 110
140 91
8 16
32 107
105 55
33 2
143 139
60 139
34 97
113 51
145 70
136 78
86 10
25 93
39 149
71 85
60 0
31 43
96 115
49 90
142 55
60 109
105 77
138 124
6 112
97 99
76 53
40 39
63 147
68 73
112 92
70 46
42 14
58 6
139 143
9 102
48 33
8 51
137 119
132 119
111 115
116 96
130 125
19 147
140 80
80 4
124 15
25 0
105 80
76 18
73 62
135 48
12 124
43 92
94 71
9 131
85 66
141 147
79 42
49 88
54 69
67 28
28 50
104 42
133 95
145 139
98 115
6 74
93 72
108 63
101 47
30 8
142 147
54 32
30 49
125 133
42 64
26 25
53 132
74 5
141 120
85 9
125 31
91 45
143 128
1 100
3 125
121 23
140 128
1 65
4 105
5 123
82 83
55 71
54 81
77 41
143 39
117 71
134 114
139 39
90 79
121 126
16 27
93 52
60 111
41 19
101 42
147 133
101 66
92 125
130 64
140 51
34 138
42 91
50 101
133 53
42 21
73 46
27 34
105 23
14 105
51 108
74 111
132 5
49 102
20 111
133 69
25 89
100 21
23 116
38 118
39 108
10 117
107 122
149 0
70 26
81 58
90 46
123 85
120 110
64 113
104 15
22 94
47 53
84 10
32 147
112 99
62 106
117 107
1 85
146 79
134 126
37 119
41 98
40 128
116 147
54 103
0 1
119 11
101 40
124 22
38 47
128 101
50 69
75 30
40 100
136 1
7 11
55 93
3 60
0 128
88 20
12 80
90 27
129 71
52 5
23 86
61 144
116 63
47 137
124 57
15 117
0 126
85 38
42 135
56 118
82 139
119 64
105 113
83 77
112 45
88 93
119 9
72 109
25 63
23 115
126 66
131 54
81 52
108 139
115 8
25 76
11 96
58 135
68 53
109 36
67 2
10 12
21 149
18 13
136 12
96 134
10 34
91 23
91 129
107 57
80 66
120 114
79 41
32 149
51 93
16 108
94 138
18 6
60 78
99 149
123 106
120 98
62 113
1 61
136 148
40 12
46 93
132 79
143 119
135 121
51 138
147 63
123 143
57 4
50 35
106 31
79 146
10 58
7 138
97 140
85 99
127 57
48 124
124 78
10 3
118 93
109 43
62 60
42 46
75 108
41 148
100 73
103 17
118 77
31 14
91 147
19 121
1 43
132 85
123 60
65 88
62 113
73 119
144 39
84 145
124 69
142 54
51 140
0 68
102 72
16 68
131 73
81 116
27 141
23 145
26 59
134 24
56 80
36 74
2 110
8 30
17 50
12 107
94 41
106 62
41 120
13 132
79 0
94 82
112 35
116 6
19 123
20 77
9 60
93 91
99 71
36 67
127 143
15 54
5 67
129 0
46 30
63 40
43 122
0 46
43 0
40 124
24 62
99 147
139 137
55 11
41 101
7 139
136 44
114 79
136 47
47 63
96 109
66 60
12 21
51 129
70 128
125 15
45 99
102 120
143 100
57 17
82 22
64 53
75 147
7 4
98 120
134 118
135 39
26 80
9 39
28 16
26 32
97 75
90 105
102 79
8 85
48 52
7 57
56 97
42 94
25 135
52 63
2 70
75 142
5 115
63 15
29 47
8 110
107 43
134 41
87 93
121 146
67 131
126 131
61 111
87 75
65 112
31 29
26 140
129 9
19 130
12 38
47 25
149 54
96 120
82 111
145 110
79 110
54 29
120 105
67 21
91 72
110 74
146 46
135 58
96 87
45 94
2 49
20 131
145 135
78 83
20 26
39 13
92 71
126 122
144 125
122 43
83 49
96 61
60 35
57 100
74 15
85 3
17 105
16 97
124 106
101 105
131 118
22 30
1 109
37 50
101 95
111 135
49 73
107 37
143 89
129 19
62 97
77 28
3 147
34 14
82 114
58 116
140 119
10 49
73 119
75 133
66 148
121 126
20 17
139 17
22 1
134 85
17 65
16 86
49 74
133 74
103 93
136 14
94 88
100 143
81 118
76 80
80 141
68 56
68 118
120 33
134 143
16 43
6 94
145 101
11 86
100 35
141 48
115 84
38 124
18 5
106 66
30 128
124 115
63 100
56 22
14 37
113 96
128 94
59 25
114 4
94 103
16 43
51 109
76 81
100 16
134 25
120 140
85 135
15 37
100 145
95 99
145 74
63 95
56 72
7 149
91 127
75 53
91 40
30 32
141 45
31 25
54 2
115 107
148 111
87 63
117 37
53 106
3 105
95 98
126 83
45 148
80 14
45 66
93 62
86 80
79 46
82 45
142 30
142 14
77 30
44 37
50 30
84 64
57 27
142 67
123 101
21 113
144 124
18 21
24 4
33 4
81 26
12 128
114 52
140 60
64 133
35 32
76 70
13 117
66 55
19 112
75 55
119 100
89 110
35 71
74 149
100 106
2 29
110 77
18 140
83 112
49 127
146 74
85 146
126 114
72 32
124 83
26 118
10 85
62 38
135 98
116 22
144 142
119 22
120 75
30 126
129 1
114 58
85 105
42 144
43 85
13 6
81 105
148 129
94 82
130 78
149 36
56 39
127 136
91 64
11 44
81 27
20 13
112 26
85 15
100 37
90 135
66 63
144 133
96 32
125 106
122 28
95 141
88 71
113 49
71 73
26 20
135 131
86 64
11 137
148 53
28 103
148 132
108 19
39 85
101 144
25 139
94 27
77 82
72 7
107 94
68 37
125 22
79 69
118 114
82 119
4 97
2 110
106 56
107 103
108 63
49 98
131 88
64 72
63 39
79 100
47 54
75 90
59 136
49 41
128 134
92 38
72 101
130 68
136 45
97 95
63 93
111 47
119 25
25 24
60 6
4 44
84 135
50 65
6 40
4 115
54 85
15 45
47 43
47 128
16 37
71 90
98 62
67 2
99 63
92 127
124 74
112 57
31 102
10 21
87 51
73 141
91 28
131 138
24 142
109 9
107 3
130 114
69 147
83 69
136 110
56 107
4 103
68 74
29 61
94 116
78 25
114 4
91 4
1 75
122 35
59 65
84 25
41 135
17 122
127 94
96 101
6 125
131 128
82 118
80 82
37 133
128 28
66 47
98 65
49 118
40 56
138 149
76 55
105 137
23 68
56 70
133 19
25 71
25 129
123 94
78 23
14 142
140 37
95 113
34 60
133 124
9 113
29 62
59 91
109 91
91 93
41 103
115 125
18 108
73 67
45 107
10 40
10 6
74 121
114 133
73 58
28 127
68 119
74 34
90 135
106 24
123 148
144 102
136 75
5 114
88 126
146 77
39 57
134 140
12 3
32 115
38 74
51 87
53 73
111 116
128 56
113 71
120 115
14 123
122 135
64 136
33 68
29 15
39 135
94 26
132 69
35 146
5 100
9 122
144 92
137 140
6 44
98 83
23 79
89 45
1 83
91 26
124 52
70 46
60 49
147 50
135 122
30 91
79 92
31 21
33 20
47 63
103 14
20 133
17 104
119 128
14 33
147 114
124 58
19 45
88 90
29 17
103 112
146 89
90 146
113 48
88 25
72 102
130 67
69 10
38 100
118 69
149 115
61 27
80 52
79 124
42 36
102 80
9 134
131 12
144 112
57 130
23 140
138 72
36 145
106 56
79 64
25 84
55 5
112 30
118 24
132 33
36 67
80 101
7 45
75 42
59 110
62 149
61 49
67 131
35 133
2 24
101 149
106 127
111 136
121 3
19 52
120 103
37 103
99 149
75 139
63 49
140 31
126 97
91 46
139 25
62 49
105 139
99 13
19 79
48 24
43 73
80 135
96 98
30 11
145 25
123 118
109 4
51 145
126 13
122 5
34 38
53 133
47 92
11 56
84 19
5 46
8 66
114 74
20 55
47 82
149 69
98 128
17 114
91 70
34 91
105 76
117 126
90 83
66 98
24 40
75 127
2 42
22 43
122 17
110 94
97 73
79 105
22 78
17 65
7 99
110 64
57 72
14 97
56 64
46 146
124 147
21 129
134 37
5 58
91 1
80 5
21 114
20 10
138 48
90 67
99 0
89 69
7 57
96 125
54 8
99 81
112 59
53 85
33 93
13 76
83 71
81 133
29 48
24 144
137 143
0 116
59 21
39 49
17 56
138 86
146 104
121 61
100 113
108 103
79 116
73 145
109 119
126 50
56 30
59 65
126 122
93 9
148 57
149 118
7 126
76 56
118 76
72 140
18 130
19 63
106 33
120 62
58 147
127 89
103 115
132 35
87 78
5 90
57 112
111 121
109 5
78 70
132 58
17 134
27 20
145 33
96 148
119 136
70 58
72 143
76 149
39 125
73 126
30 97
147 131
52 32
84 42
147 41
106 54
67 115
141 5
32 5
88 70
119 47
47 32
45 50
121 56
80 3
7 74
10 122
19 15
85 42
142 92
35 136
64 71
80 112
74 139
54 22
25 137
134 129
120 40
97 107
99 114
147 56
39 137
94 13
41 93
85 23
72 7
45 99
15 33
111 127
75 6
18 55
86 85
106 49
105 114
5 51
13 4
15 80
74 147
32 41
24 56
36 74
30 89
88 141
92 67
113 30
142 53
123 42
102 71
126 122
7 141
69 103
75 137
142 103
16 115
18 140
124 134
132 131
134 79
128 77
28 51
109 135
48 0
64 137
62 12
25 143
22 27
78 56
2 119
97 25
49 38
83 110
99 9
137 22
107 147
128 74
18 98
44 133
139 37
64 90
1 35
72 121
46 17
20 135
114 48
138 40
104 27
149 99
138 119
94 80
33 81
87 140
99 119
54 76
128 146
70 38
49 56
128 4
120 9
11 68
10 22
42 91
61 57
149 54
54 87
112 53
5 23
36 143
58 87
60 4
49 112
108 69
93 49
134 91
68 73
94 15
80 87
113 31
84 141
12 26
122 21
124 52
126 97
60 102
77 4
148 56
16 101
68 37
104 34
85 141
118 9
148 11
44 145
85 50
71 83
51 20
113 128
73 115
132 121
124 67
56 12
89 15
21 34
101 107
1 117
73 56
24 127
57 113
129 138
149 34
127 39
95 49
142 143
147 70
135 76
109 119
2 12
118 13
9 50
141 54
41 69
92 34
52 53
69 90
130 69
73 78
138 54
34 140
36 40
70 124
13 42
127 10
128 92
22 65
146 33
75 83
138 18
136 77
25 19
84 42
67 54
10 58
129 48
125 54
72 51
129 47
30 84
141 10
25 120
23 94
134 135
7 143
138 13
136 14
144 99
112 119
144 135
99 128
55 146
85 55
49 56
52 114
120 49
122 123
106 98
71 27
81 109
56 34
65 75
19 35
33 134
71 133
80 90
99 128
118 129
15 138
149 2
0 134
113 2
101 28
8 11
32 34
116 52
62 78
103 113
98 99
33 130
72 31
51 31
29 102
143 11
90 116
17 84
87 142
110 116
86 30
42 35
78 104
89 24
133 100
128 50
63 12
19 15
34 127
14 7
0 115
85 106
140 47
94 10
25 125
50 21
122 21
103 20
128 32
99 36
66 44
47 104
106 32
36 144
39 49
137 52
75 10
62 87
137 38
128 138
143 56
120 82
140 76
140 51
29 148
71 98
4 90
51 129
17 85
122 62
138 9
16 40
110 40
59 82
13 8
68 120
0 118
61 70
123 78
59 104
29 23
148 135
112 43
9 125
8 58
49 123
104 79
54 52
32 141
149 70
4 55
121 32
89 84
91 56
86 82
53 45
2 12
89 0
52 3
81 93
109 82
105 137
19 69
60 53
71 85
123 133
124 60
141 26
111 42
132 34
50 103
22 36
72 40
17 30
32 42
139 147
36 34
135 14
55 23
72 66
2 133
16 71
41 90
147 133
2 52
84 130
82 101
113 115
6 102
148 68
101 128
77 123
69 52
146 56
65 41
18 90
13 10
106 101
28 133
50 124
13 135
145 3
144 52
76 124
114 124
34 102
86 115
107 109
30 106
83 78
60 23
74 15
23 80
134 2
35 125
20 24
132 122
43 141
104 143
1 87
29 94
10 80
143 34
22 59
75 0
69 18
26 2
30 123
108 10
29 21
7 27
92 123
14 29
66 30
57 7
38 112
10 122
11 148
72 91
16 46
120 81
108 65
83 77
62 127
130 23
9 69
89 56
62 129
134 107
119 63
126 129
57 27
12 122
13 137
18 141
54 122
64 47
50 77
94 51
57 100
117 132
75 99
149 99
101 79
75 36
60 84
131 77
55 71
26 99
126 116
73 12
27 87
94 126
112 73
48 85
85 18
76 131
59 40
83 104
29 47
106 59
138 120
77 74
69 41
72 26
58 145
7 133
4 149
48 66
40 99
116 16
78 21
122 40
42 96
145 5
31 40
18 49
148 96
123 48
49 43
93 25
133 0
110 141
96 28
139 133
68 80
135 113
71 60
21 5
62 90
0 45
136 21
0 123
147 51
141 53
1 87
39 66
79 77
105 140
135 129
53 82
80 61
15 54
50 134
2 139
50 54
75 83
106 50
81 16
32 60
29 47
149 22
33 29
128 104
0 68
5 138
33 104
93 70
112 64
45 54
123 26
110 18
8 47
61 138
14 78
14 140
29 125
104 116
95 60
133 148
117 74
130 63
108 88
121 72
141 66
37 142
32 63
114 33
77 84
80 76
114 135
71 38
41 94
54 93
110 45
61 20
67 19
86 144
90 106
95 81
106 135
32 43
132 117
56 133
108 74
9 122
73 105
9 47
91 107
77 143
134 132
119 27
24 62
11 45
93 16
36 107
32 134
135 24
131 98
35 138
118 49
21 27
0 65
65 100
39 49
47 39
57 49
105 48
14 22
108 86
138 124
128 79
23 4
7 119
126 91
28 75
38 15
148 113
22 93
0 85
93 70
131 88
128 95
112 86
120 146
65 49
84 138
20 36
45 99
13 60
82 31
131 25
9 86
38 109
138 104
80 39
108 123
102 96
101 51
35 8
40 82
53 19
126 97
6 133
129 39
142 149
2 52
99 141
66 14
23 65
133 102
137 53
44 97
77 148
96 101
95 91
44 88
43 56
114 81
76 125
9 121
7 100
27 24
108 88
133 69
65 86
94 115
91 12
73 142
97 118
88 33
4 93
82 54
68 6
81 92
3 65
133 145
105 112
44 60
110 72
128 82
44 17
45 138
46 29
40 69
67 62
19 135
48 82
141 101
65 80
67 110
29 44
73 111
28 148
6 41
85 116
94 67
95 37
127 2
91 112
113 84
9 60
79 130
116 37
65 136
12 130
74 127
27 66
127 143
121 2
60 33
34 13
136 118
58 25
99 136
2 70
33 88
13 21
3 144
129 106
114 22
98 17
94 13
74 70
144 51
111 6
94 146
9 124
73 53
16 68
40 20
44 68
97 41
39 19
101 4
8 103
144 136
60 78
102 118
95 30
138 88
43 70
77 38
53 62
48 28
40 144
139 48
136 105
82 74
83 122
64 23
61 45
133 3
27 94
80 44
91 15
53 2
121 9
140 27
109 62
25 21
44 16
149 27
42 75
94 93
70 87
149 134
78 50
126 97
58 122
23 83
96 110
73 22
132 40
126 147
113 14
148 112
132 50
105 133
65 147
9 134
43 67
42 112
148 50
25 83
128 39
73 22
109 119
88 137
61 102
52 104
148 95
26 108
75 40
54 60
79 101
43 78
119 52
14 116
39 61
9 56
64 125
65 102
84 115
142 115
129 94
39 30
124 131
134 48
12 107
110 73
72 27
12 21
33 63
120 122
17 8
30 38
139 4
86 21
87 121
133 88
102 17
10 34
0 99
69 55
130 136
89 119
31 58
114 93
105 133
146 11
129 53
111 103
45 83
15 77
120 53
62 70
136 146
98 89
46 115
104 69
32 92
41 131
29 141
21 109
22 85
21 39
0 84
99 24
56 135
58 115
101 69
14 63
123 34
126 58
115 62
129 108
70 29
68 51
14 132
54 98
103 94
131 122
145 56
45 130
120 33
77 49
47 101
82 2
46 111
91 70
85 82
145 76
117 19
82 91
121 54
25 9
136 88
85 29
23 64
100 10
126 4
44 146
18 81
107 10
105 82
100 44
90 85
7 114
41 25
85 111
54 61
139 115
33 59
94 46
76 94
56 14
51 86
99 113
79 81
106 86
67 61
78 130
148 122
141 90
4 127
50 46
141 98
61 48
126 27
47 127
13 15
91 133
77 1
82 78
26 28
100 124
123 80
138 35
86 88
54 59
49 135
37 87
81 133
83 6
28 80
75 136
118 139
3 119
125 76
115 27
30 46
82 21
52 109
141 6
116 52
76 139
79 136
36 145
145 32
28 53
114 45
127 33
19 36
144 1
109 22
26 82
99 142
108 143
7 44
17 120
13 60
103 20
86 10
147 132
32 92
77 102
47 113
40 60
109 65
89 129
136 11
71 104
30 149
130 127
9 103
97 77
72 69
88 87
113 78
122 58
93 144
129 80
81 21
64 15
94 73
109 95
79 86
101 141
149 47
95 5
38 104
51 80
17 131
135 45
97 77
45 125
4 119
85 139
115 91
69 149
27 95
71 30
104 86
26 54
0 126
9 47
23 134
60 40
118 25
1 125
19 32
15 100
123 106
139 95
77 93
118 108
86 38
50 55
9 4
56 117
112 67
28 2
7 78
86 70
26 122
140 119
134 140
29 90
100 118
0 148
13 117
22 9
45 3
55 102
38 121
131 22
8 132
117 60
98 60
42 21
37 10
108 35
103 24
23 33
15 129
55 28
48 60
8 112
96 69
145 67
32 39
51 146
83 57
104 74
137 132
61 78
52 1
148 29
144 25
19 100
30 110
131 35
101 135
6 87
112 73
66 43
39 58
84 120
112 10
71 81
69 79
103 105
83 29
108 125
79 81
65 128
118 63
52 4
109 17
58 79
18 99
37 27
77 85
112 136
46 92
14 58
74 78
115 26
106 148
21 61
81 1
31 105
102 51
82 105
24 117
65 142
56 22
105 40
10 36
71 31
136 23
136 148
105 93
97 30
93 109
70 18
26 11
140 102
46 136
118 66
60 139
134 83
133 0
132 17
52 46
56 2
14 7
49 134
125 90
86 103
133 120
129 145
95 91
142 10
9 103
99 56
109 16
40 64
123 49
131 13
142 54
75 129
63 1
89 140
13 73
100 8
131 54
73 7
94 45
19 39
47 127
38 111
107 123
134 74
33 90
64 143
92 122
112 32
17 25
129 53
61 115
0 76
141 145
44 108
95 38
116 106
96 105
133 14
1 111
51 100
11 138
65 11
60 81
120 40
119 79
85 16
103 17
23 94
32 73
33 22
138 29
55 2
135 21
117 115
121 88
84 90
90 60
11 135
134 53
76 8
79 112
49 43
58 38
93 133
38 132
41 96
30 3
82 87
70 96
32 11
128 76
5 101
85 105
87 105
144 5
89 87
10 59
37 47
116 27
130 54
39 131
31 106
87 84
70 83
18 37
31 23
79 122
38 6
134 93
120 45
22 68
139 105
68 64
33 94
117 6
29 55
77 124
139 16
10 104
148 114
17 47
63 50
20 10
14 13
48 118
133 141
134 33
8 49
66 149
147 11
53 124
32 15
60 111
137 100
108 89
119 33
40 138
33 119
9 63
53 52
106 116
36 142
21 59
70 93
118 58
107 108
55 1
149 13
137 132
139 132
137 97
108 53
97 72
62 55
41 0
33 97
94 9
19 102
56 85
129 56
6 1
99 143
6 96
48 80
49 22
77 86
99 36
29 83
34 100
135 138
36 131
90 88
5 22
85 40
144 87
68 69
140 69
8 18
66 28
115 76
87 111
146 61
124 136
86 68
117 52
3 42
30 119
58 27
4 84
102 59
124 42
46 29
140 29
146 69
73 86
61 70
72 11
134 4
127 7
41 101
32 126
28 86
145 92
32 67
1 68
113 115
134 93
26 111
148 105
137 34
139 117
148 75
89 55
0 118
99 12
2 148
111 119
33 67
113 54
50 77
86 87
138 21
57 121
29 71
93 139
2 39
41 36
107 115
4 5
71 11
53 125
120 41
73 46
61 100
36 94
113 119
3 50
117 74
83 44
125 139
12 76
138 81
103 123
72 23
135 108
138 11
3 109
118 13
122 103
1 0
75 33
79 104
81 134
11 67
128 73
58 127
149 74
131 9
67 118
126 53
25 81
32 31
108 109
100 46
77 50
138 135
115 140
81 63
86 94
13 6
116 115
50 38
44 16
30 13
142 137
115 105
96 22
15 142
62 6
66 121
98 149
117 65
130 48
2 84
63 17
45 113
137 24
60 43
14 86
119 31
86 14
115 122
75 120
85 35
30 81
3 89
18 26
109 57
19 34
9 51
74 104
53 141
80 56
86 104
63 16
145 40
20 4
42 87
118 30
40 38
138 0
108 57
77 23
42 43
140 44
117 70
37 86
105 43
50 90
40 83
101 117
24 50
68 58
135 103
132 118
145 43
82 1
61 53
75 73
42 117
149 126
76 84
120 60
129 104
106 13
67 147
38 131
148 21
81 123
141 42
81 97
56 81
34 48
122 148
2 66
30 58
112 82
112 25
34 17
54 87
113 125
85 40
44 33
125 40
143 84
109 121
139 30
24 54
58 147
147 22
1 16
61 134
20 24
147 45
118 3
2 102
127 122
67 144
118 35
141 93
65 99
75 70
43 35
40 29
125 18
50 135
36 58
8 80
118 95
50 105
97 16
64 67
59 30
109 57
56 111
103 106
75 121
106 34
26 64
124 142
144 47
14 56
48 108
55 109
117 41
68 120
137 124
136 115
9 75
124 20
149 135
105 72
115 5
7 19
32 47
79 11
19 84
133 116
34 30
116 113
147 43
105 62
22 47
110 148
147 132
108 147
126 140
28 101
82 132
7 107
89 94
56 7
119 80
145 34
26 138
37 52
97 71
147 11
62 7
107 133
133 105
25 141
74 124
122 31
117 108
26 148
144 56
30 54
131 16
31 134
12 102
13 105
47 132
23 113
49 37
50 43
40 130
99 27
36 120
136 135
21 126
77 82
126 14
10 101
65 58
115 86
98 27
52 32
60 123
40 11
37 72
19 56
105 61
120 96
144 106
32 117
5 124
27 18
123 109
64 39
32 64
13 146
71 20
3 4
98 50
25 68
83 89
40 42
144 115
121 17
128 58
64 21
31 148
68 84
73 148
67 44
91 56
90 144
135 8
18 145
131 104
18 111
63 39
145 88
19 143
67 43
64 118
53 69
104 127
143 73
120 132
127 83
89 100
52 133
12 72
22 129
110 10
90 104
139 124
42 104
34 19
23 147
79 66
106 82
148 149
79 37
11 130
134 107
140 96
99 82
93 76
77 54
29 70
108 22
111 7
50 100
116 30
122 144
128 2
69 89
131 47
70 65
137 55
101 98
35 102
111 32
36 146
127 131
120 103
53 15
5 144
96 74
25 20
124 107
12 66
101 66
87 108
3 109
2 1
119 137
94 48
90 82
117 5
50 83
138 126
125 5
61 98
33 18
50 107
24 70
132 67
116 47
96 93
43 5
76 3
7 16
138 4
19 89
34 41
22 7
0 124
30 46
7 15
124 106
98 0
3 13
137 41
76 105
73 44
68 69
58 33
96 20
18 34
125 10
142 57
112 119
61 91
81 104
116 92
113 92
79 129
18 92
37 128
23 16
138 16
134 123
80 117
15 108
33 102
36 11
23 134
5 146
115 69
137 99
89 5
94 46
77 21
8 86
103 140
67 137
38 97
5 116
80 3
114 21
16 147
6 33
70 35
98 67
134 76
89 88
136 39
135 7
126 99
31 81
47 72
12 59
76 14
78 38
111 65
55 115
24 2
9 99
10 55
48 60
110 26
39 103
51 46
120 2
117 128
111 25
108 138
76 137
137 126
47 57
30 59
1 88
96 85
132 96
81 115
131 55
24 7
66 118
113 94
59 114
50 5
78 144
118 90
101 86
111 132
61 142
26 17
104 15
21 139
5 34
114 64
103 0
62 31
146 68
138 20
78 20
39 9
7 137
82 132
119 92
33 66
118 142
100 80
74 140
62 29
7 133
18 67
32 86
115 93
70 49
140 120
143 45
56 124
36 83
68 94
14 124
118 39
78 40
60 146
128 92
22 105
149 6
102 63
14 87
147 20
123 61
100 65
84 33
70 116
5 129
52 127
74 125
9 133
93 79
119 95
4 127
71 40
24 149
144 43
6 36
13 132
37 115
3 104
16 79
116 113
45 88
5 30
14 144
25 98
37 93
88 127
23 63
59 75
122 9
11 75
2 28
38 146
37 47
141 104
84 130
85 148
135 119
63 8
130 122
120 71
74 47
82 75
31 19
134 69
64 117
60 85
34 16
85 39
59 149
100 85
62 48
100 24
116 64
108 61
50 102
28 35
17 118
73 103
9 27
126 78
42 134
105 1
35 120
149 68
3 53
134 76
23 101
23 134
67 82
5 21
8 13
145 129
28 106
53 68
127 11
93 125
73 49
116 62
144 42
32 89
81 10
41 68
45 1
107 78
128 31
147 145
106 67
11 29
2 85
118 67
40 28
81 59
112 77
4 132
24 129
44 102
1 2
97 34
119 33
42 18
73 111
62 21
4 45
100 43
134 75
86 66
38 60
13 129
49 29
14 110
91 145
111 35
122 20
47 67
40 140
98 131
70 90
114 67
13 118
36 149
91 30
40 19
14 55
132 99
61 144
36 136
53 33
70 136
97 65
123 15
72 85
11 49
35 93
28 110
15 125
101 118
146 86
36 85
51 143
15 122
122 128
132 145
31 57
105 74
40 147
106 79
16 66
57 12
92 14
80 77
63 18
81 129
67 146
17 118
59 53
55 100
2 83
107 23
80 72
61 57
137 25
147 125
130 103
123 90
45 15
29 17
15 114
8 104
0 29
62 130
95 31
145 6
56 46
15 63
41 88
77 147
77 9
127 121
40 22
87 11
56 50
142 128
44 6
51 142
128 10
46 119
116 69
70 44
25 57
45 69
143 25
147 17
68 78
64 109
146 12
91 51
11 112
137 26
83 15
34 29
137 7
97 126
138 101
114 90
53 68
39 106
122 93
75 73
124 121
99 44
2 68
10 8
97 148
31 54
116 27
145 103
53 24
117 88
4 87
44 122
1 78
86 72
3 76
65 86
0 89
27 65
84 56
11 96
22 19
32 108
50 33
133 53
126 13
91 66
94 97
149 91
40 92
54 95
5 77
93 59
43 85
129 115
130 18
108 81
138 58
69 72
7 114
121 71
73 46
75 47
58 30
5 140
137 142
87 40
110 77
105 30
70 130
115 38
117 21
49 130
137 21
113 138
93 21
140 73
39 26
76 17
132 8
5 138
70 113
98 147
79 48
128 102
81 0
66 123
46 19
103 55
75 87
22 129
23 0
128 39
137 122
126 15
12 52
52 13
112 33
37 80
31 76
110 5
93 64
100 112
47 59
63 116
120 135
79 64
62 30
0 65
69 15
86 60
114 80
81 1
132 70
91 108
131 69
44 129
97 112
136 33
60 135
132 112
27 62
91 48
70 147
65 139
118 107
24 45
18 98
67 54
130 125
25 107
42 53
130 100
115 125
15 59
54 70
85 4
94 116
121 2
95 72
127 21
118 70
63 55
83 127
94 22
5 24
33 135
134 87
144 100
52 109
115 36
41 101
132 137
138 131
137 130
105 142
85 78
40 126
141 124
14 53
41 99
75 85
99 81
95 26
58 90
37 28
130 13
113 105
36 1
33 56
82 91
39 25
71 23
123 99
23 107
142 59
106 48
145 122
144 9
122 86
127 42
52 56
29 131
126 118
94 60
114 41
67 77
57 125
42 131
39 141
122 39
39 94
26 108
136 99
140 91
8 138
77 113
113 56
102 90
13 18
138 81
143 145
29 40
144 127
60 136
95 78
136 20
117 111
93 13
116 35
71 130
142 65
36 68
127 51
45 9
126 106
103 74
7 101
50 117
27 125
16 74
120 126
106 107
108 18
125 107
16 49
36 74
92 19
122 142
28 73
76 40
134 13
93 105
145 68
43 111
54 18
55 61
64 113
74 105
5 61
0 55
103 99
41 112
47 85
131 73
71 52
62 44
90 47
69 82
69 91
133 92
97 14
149 49
128 148
25 24
5 6
30 96
44 107
52 80
82 49
21 148
147 83
70 43
40 93
133 117
69 136
80 120
24 70
87 20
75 17
138 72
51 105
141 80
117 27
64 11
19 97
120 82
126 140
2 66
50 143
55 17
95 126
121 71
92 60
40 54
85 84
114 50
110 10
105 101
132 35
49 130
71 65
97 40
66 138
107 94
66 42
85 143
134 140
140 27
91 83
133 104
26 60
16 127
123 70
131 55
14 103
96 93
55 56
109 80
21 86
46 32
29 11
114 125
61 33
49 53
82 55
42 78
116 14
88 57
117 111
0 147
132 37
130 109
141 93
5 13
52 79
15 148
23 45
58 99
115 22
26 130
8 114
59 5
9 30
92 71
40 134
108 64
47 42
122 133
107 33
37 93
5 72
69 27
146 111
69 145
28 86
130 69
123 142
97 21
33 35
57 40
134 88
1 138
36 68
12 109
121 66
71 103
121 59
22 121
75 6
64 49
112 136
73 51
135 88
55 87
41 15
16 136
139 39
12 47
16 61
71 8
128 97
32 53
24 87
66 85
125 91
143 123
130 44
56 107
18 128
1 126
119 71
50 113
91 56
85 19
81 99
11 80
0 62
56 142
12 108
10 144
24 46
120 134
116 134
117 27
118 61
71 88
67 119
1 141
0 78
146 30
58 94
110 89
140 129
128 16
102 36
147 14
47 141
76 13
84 7
46 44
96 137
23 132
75 15
122 54
132 25
61 53
115 96
135 90
57 54
85 40
29 88
141 27
12 34
109 92
146 34
56 1
114 30
93 78
71 30
102 14
60 82
11 61
38 100
80 97
70 65
134 3
149 85
114 92
24 69
14 142
6 72
148 93
84 126
144 54
10 65
54 88
114 90
13 76
60 102
110 52
17 50
123 87
116 127
99 111
15 3
45 124
107 19
42 129
26 128
69 3
38 59
111 97
62 142
21 44
128 91
114 99
102 90
87 117
61 7
40 130
23 55
25 118
13 100
55 11
108 60
4 78
102 34
0 23
86 46
145 6
9 135
87 138
8 132
83 51
35 77
149 104
7 76
95 6
59 18
23 7
17 139
45 60
67 143
64 74
76 30
142 17
138 27
63 8
24 67
130 114
133 41
125 136
26 120
130 27
24 89
25 68
139 138
0 64
111 148
67 133
129 143
130 25
33 125
32 78
118 101
16 77
71 14
17 29
38 17
139 141
100 23
29 138
121 68
35 34
123 38
60 88
22 108
136 49
137 51
14 78
40 4
75 131
75 31
104 108
128 93
137 97
6 72
83 51
3 69
17 0
15 63
122 132
103 52
70 141
13 109
26 63
77 66
17 77
81 4
104 43
125 101
41 142
111 9
124 106
99 74
95 131
130 6
3 84
69 24
107 142
32 51
123 121
48 11
51 122
7 92
109 42
71 73
78 49
145 100
124 97
68 129
114 77
62 1
43 149
148 34
47 97
147 41
117 49
139 16
101 88
25 98
55 52
147 47
133 66
42 29
27 78
10 26
65 75
76 30
124 113
50 139
146 87
145 13
81 53
109 37
72 104
12 16
49 108
127 103
69 24
68 120
60 13
18 83
4 103
53 75
53 135
96 29
94 20
146 83
14 58
10 146
113 144
28 145
16 91
12 51
132 90
77 53
46 93
53 36
0 44
78 57
136 91
8 2
143 97
142 140
132 124
5 97
4 99
34 8
31 120
32 73
10 59
133 29
56 34
15 32
97 35
89 94
143 85
127 122
135 0
30 129
66 97
59 35
115 75
100 147
36 120
40 53
132 73
18 141
93 13
142 140
43 6
22 1
132 32
59 64
87 34
74 62
49 144
1 73
52 96
85 4
85 110
13 29
102 98
7 137
41 128
142 29
11 2
113 127
76 49
137 147
11 55
88 99
104 88
8 10
62 110
87 82
135 25
99 67
102 23
13 46
64 91
1 81
67 49
133 97
29 12
139 59
46 15
85 1
68 126
45 70
51 88
10 19
61 99
141 111
44 6
130 32
145 15
6 138
144 70
60 73
79 2
130 3
15 41
90 97
85 17
94 91
139 115
13 32
21 118
124 103
6 1
77 50
97 48
127 149
88 42
80 106
112 106
13 140
58 48
115 84
80 74
89 62
103 13
122 89
91 53
17 91
56 90
17 92
105 28
99 40
11 129
30 102
72 51
149 18
31 52
28 11
139 47
71 15
82 8
128 84
68 37
29 97
136 9
62 72
28 22
92 3
87 43
16 56
0 97
112 107
92 1
127 89
135 82
108 119
16 66
2 79
149 75
136 30
66 1
38 138
114 86
100 148
137 37
140 40
20 4
2 64
84 103
36 118
4 13
9 44
8 29
116 45
61 37
100 39
140 90
13 83
85 90
30 85
24 34
53 137
109 32
140 10
61 106
75 104
134 41
11 56
32 121
98 145
116 119
115 46
14 88
63 5
111 125
57 77
128 73
124 115
114 107
94 23
38 40
73 104
92 88
77 64
111 102
131 91
7 105
15 117
17 37
15 94
72 66
19 138
87 71
43 146
40 70
71 145
129 147
8 100
148 53
112 2
134 138
103 42
105 110
72 92
53 135
91 83
82 110
15 86
74 8
31 145
118 88
79 31
120 126
124 108
101 48
58 86
12 131
145 101
120 115
105 142
19 97
114 148
27 28
116 146
37 149
30 112
24 144
123 64
131 122
80 134
67 53
13 75
78 59
17 9
122 63
50 60
13 16
136 125
132 129
6 80
143 148
121 20
12 144
19 8
