200
40000
4 150
158 152
122 158
141 104
43 125
142 170
90 16
128 58
86 193
185 122
29 127
123 148
53 103
54 83
35 108
129 164
106 159
39 180
92 28
32 73
26 113
89 48
120 130
60 174
43 189
46 172
16 28
97 25
46 68
99 12
89 151
77 142
59 133
21 91
161 79
30 41
66 178
193 171
105 63
46 90
152 92
160 113
23 139
53 136
35 187
103 3
5 169
121 127
109 74
6 17
108 128
100 109
169 139
114 60
40 19
76 108
86 180
175 125
99 17
97 128
67 173
138 53
131 189
196 76
102 199
190 104
163 133
23 147
26 127
61 127
153 166
127 151
30 147
126 13
141 153
56 118
15 18
12 115
115 16
101 91
5 68
195 2
103 151
137 111
39 188
54 186
62 4
21 72
37 27
167 15
27 91
54 74
49 113
98 149
182 122
12 41
112 127
70 114
48 198
68 11
129 2
181 179
5 0
83 38
16 196
119 133
195 177
97 19
152 17
62 124
11 166
20 166
114 119
72 103
85 137
6 179
156 167
27 195
180 133
73 33
161 182
141 14
18 79
87 170
163 149
59 74
192 58
130 151
106 154
182 73
119 198
164 199
110 82
179 57
28 55
102 130
36 183
121 145
162 13
82 115
44 51
73 89
25 175
108 175
182 149
55 105
192 169
27 52
140 84
196 162
143 76
119 178
188 128
110 193
52 106
91 163
0 42
19 173
67 27
163 81
129 148
116 32
155 122
33 58
66 147
9 52
173 124
159 61
101 74
40 147
8 131
154 9
161 129
155 106
104 117
187 144
77 93
186 164
167 92
156 123
178 126
73 129
32 65
158 4
92 174
24 90
58 57
152 95
59 166
1 197
188 70
32 20
70 187
137 38
185 180
137 25
40 144
150 164
116 144
152 72
37 185
170 178
140 35
61 7
189 19
165 139
59 101
137 80
72 121
168 71
80 29
137 96
19 166
88 87
41 160
195 188
21 59
71 29
123 75
112 67
46 70
90 169
175 0
110 165
179 17
196 104
114 113
145 155
126 77
55 12
6 60
155 136
156 185
31 135
76 155
93 50
12 132
67 61
75 142
179 121
182 111
118 175
63 103
113 62
27 0
146 46
148 133
22 17
184 121
104 9
120 188
123 12
160 189
145 144
132 72
126 150
35 88
150 118
119 181
54 12
75 122
78 54
167 135
147 75
45 176
164 0
145 51
105 107
163 19
82 178
27 191
187 164
110 32
175 13
187 102
20 101
81 99
190 41
1 67
28 163
52 159
45 80
150 70
118 184
60 8
11 193
93 54
175 138
109 171
73 172
138 158
193 192
168 68
188 156
28 69
40 183
195 163
183 150
98 103
119 192
112 83
32 195
104 115
130 88
58 70
66 115
144 162
186 0
141 145
153 37
82 93
152 106
156 1
14 102
12 132
146 99
76 178
185 182
93 55
63 107
23 21
24 184
183 41
35 139
198 20
85 129
83 138
101 102
108 91
86 199
78 96
110 86
156 173
159 157
59 186
136 42
58 103
50 175
55 122
111 3
90 14
36 74
54 162
72 60
174 52
172 185
32 198
147 177
24 181
27 86
19 97
74 90
177 95
73 41
199 112
162 118
119 57
182 185
106 79
158 107
19 97
79 110
14 193
118 61
105 68
186 145
140 34
83 55
39 24
70 60
35 175
61 123
10 153
90 27
138 130
100 8
158 7
65 150
184 115
91 97
146 25
45 74
192 79
29 196
50 121
159 193
129 18
150 141
156 146
73 13
79 176
47 4
149 57
24 72
20 178
122 133
121 16
48 3
5 31
19 87
114 199
58 112
178 72
6 103
85 184
167 79
38 72
187 198
81 85
132 45
125 191
144 138
42 86
12 71
150 129
89 11
100 34
186 197
147 179
195 152
47 36
109 45
57 5
6 181
126 197
26 132
173 12
148 59
155 88
79 81
158 93
8 133
160 182
83 138
146 65
128 136
138 68
34 179
140 98
129 56
57 150
174 82
102 173
149 95
144 181
71 131
149 34
107 22
177 158
83 112
189 141
25 13
185 65
27 80
177 150
139 59
131 186
120 76
59 170
167 30
77 114
163 92
118 65
53 152
162 62
179 54
15 28
117 16
2 18
167 3
16 128
141 91
112 127
39 107
90 31
42 87
172 49
154 161
190 132
97 163
39 196
41 55
102 139
107 3
183 24
110 5
154 43
117 8
84 81
0 134
35 161
66 196
186 126
0 34
198 120
115 34
50 94
151 85
30 194
124 19
162 144
183 178
198 30
123 67
171 21
151 199
155 104
147 124
188 69
44 98
136 153
179 149
186 145
84 98
96 34
14 85
45 48
83 132
118 40
37 57
17 197
115 128
1 147
14 117
85 61
136 179
99 155
36 146
106 161
123 152
188 62
26 29
115 141
133 135
177 3
120 146
174 38
107 123
11 195
182 103
35 65
192 67
50 11
124 19
152 126
166 174
196 198
43 19
9 199
97 183
80 187
137 42
163 161
20 184
3 25
99 44
96 87
113 49
81 187
87 50
113 55
157 105
42 143
9 44
82 60
78 133
48 181
99 69
1 31
121 141
195 48
196 41
52 121
170 135
183 173
124 63
146 122
140 158
45 181
175 35
126 170
160 192
74 141
182 150
171 189
101 177
123 158
102 168
87 74
63 3
132 114
96 120
154 151
8 179
34 155
38 94
0 122
16 187
1 140
44 82
187 196
88 63
25 4
148 23
114 9
2 185
195 108
125 134
21 58
173 195
0 104
48 109
188 39
193 22
69 46
159 58
101 107
88 185
59 63
4 97
121 196
1 18
168 94
132 74
76 17
180 8
130 176
114 137
107 162
21 66
42 22
39 5
162 152
66 52
38 175
104 60
63 49
21 96
48 128
131 177
179 122
89 121
156 34
106 144
126 99
139 83
102 130
166 84
20 67
179 98
27 100
145 128
19 38
39 164
38 90
39 142
50 39
69 197
11 46
21 23
33 128
168 178
65 125
31 60
57 130
24 100
16 154
45 125
112 70
1 35
50 127
120 71
104 9
65 186
127 146
12 194
185 131
87 120
64 184
185 152
139 165
44 149
15 78
199 181
77 24
106 84
91 42
188 58
72 40
160 166
125 92
89 145
29 156
8 47
94 138
147 118
23 7
33 52
122 177
36 163
62 132
66 85
198 30
183 184
33 88
118 9
65 126
188 24
36 177
176 114
142 93
148 44
119 49
163 157
165 63
97 140
155 1
126 149
151 180
149 158
168 13
172 134
152 186
63 92
34 187
104 156
57 192
187 4
1 154
185 117
183 94
59 36
83 163
159 128
6 44
32 52
195 167
61 83
116 21
121 78
35 0
157 167
192 0
28 145
161 122
79 74
90 194
52 118
198 154
179 167
142 2
185 92
140 155
40 124
10 128
39 45
45 177
100 131
47 125
17 38
177 42
156 111
98 175
146 77
158 91
179 3
157 177
115 158
147 108
172 179
188 73
28 194
114 75
71 137
144 49
55 31
12 118
37 184
75 125
125 18
174 38
8 151
136 125
65 155
109 144
104 197
113 83
74 62
32 73
186 195
179 74
175 186
102 63
157 113
17 156
136 16
54 13
181 75
170 2
145 179
102 96
95 49
10 152
156 59
181 107
100 36
136 43
172 169
155 178
144 54
135 47
158 37
172 136
69 6
78 138
62 16
135 166
182 117
103 37
198 164
178 120
56 116
170 37
175 171
149 136
163 186
78 28
78 46
121 154
121 22
9 40
149 145
2 106
146 9
70 124
167 35
15 161
106 179
165 66
197 16
156 164
106 103
10 0
79 108
155 96
77 27
163 59
177 143
186 37
173 186
3 169
176 128
44 183
109 96
151 107
10 117
103 191
56 168
102 22
158 11
64 139
165 174
125 43
26 138
60 79
171 192
196 162
31 60
39 25
1 190
179 84
96 8
16 167
29 4
177 35
184 90
87 133
151 185
176 13
54 128
137 51
177 163
71 6
83 165
127 49
129 10
124 114
3 92
32 50
157 0
167 20
181 114
6 38
130 154
186 103
154 13
155 11
105 114
178 195
112 153
117 191
19 9
112 76
99 196
59 64
66 128
144 23
100 137
180 4
30 78
127 56
71 195
98 84
189 93
186 124
27 169
69 10
121 110
150 136
46 97
172 39
182 26
45 38
69 60
116 105
43 46
12 117
50 26
17 151
96 30
78 30
30 101
176 104
93 16
74 156
102 80
62 183
122 43
28 47
103 124
115 131
46 119
33 24
4 42
98 107
33 13
116 76
104 199
8 104
130 56
120 150
126 191
147 76
198 164
87 14
100 55
190 21
125 104
72 162
126 99
57 150
188 186
50 182
33 104
98 65
119 135
21 1
82 103
171 199
148 39
98 16
2 99
142 166
18 177
183 130
145 192
175 188
89 19
48 44
144 160
53 8
111 0
173 41
42 140
16 153
88 121
126 63
75 157
178 198
78 2
131 16
199 71
6 135
23 75
107 49
152 179
184 86
82 45
15 176
25 113
114 131
128 189
65 195
103 110
146 168
193 68
119 132
99 74
65 171
191 188
63 43
0 122
31 157
82 76
10 167
41 5
138 151
95 70
151 142
37 0
97 28
110 70
16 167
109 55
151 111
34 54
28 148
108 112
84 22
172 175
99 173
55 25
76 29
66 131
111 113
103 57
56 119
65 66
162 163
181 177
15 18
88 146
70 153
16 137
117 4
101 45
110 164
183 168
93 103
107 61
137 143
104 116
137 132
49 21
30 59
100 108
153 28
132 100
140 93
124 154
91 191
65 31
186 179
116 1
146 148
29 199
12 184
30 97
117 23
179 66
106 186
155 8
124 177
100 54
145 180
62 7
38 197
26 170
157 96
92 97
26 35
77 144
162 55
180 37
151 160
193 187
172 100
94 163
58 150
191 100
51 34
84 3
79 42
97 9
70 13
43 171
39 103
128 42
128 79
108 77
185 115
106 95
168 55
185 137
108 26
108 82
25 152
6 168
97 27
62 160
168 158
22 39
83 127
126 59
20 31
50 10
180 183
11 39
28 48
140 51
71 41
31 149
46 29
171 133
48 164
76 68
63 15
75 58
197 33
40 171
72 5
29 39
123 35
145 6
123 110
84 82
100 62
10 123
130 83
118 109
154 83
129 56
190 192
121 7
57 14
108 185
127 67
58 62
135 57
63 152
64 19
28 152
68 126
106 125
129 132
122 79
83 197
86 178
167 70
150 83
129 1
1 128
153 162
150 160
123 105
145 126
125 176
80 167
188 8
139 53
101 2
7 137
21 148
47 171
97 152
143 94
141 162
63 33
181 193
186 57
82 188
111 184
162 99
63 119
46 24
82 169
153 6
70 54
159 20
31 157
15 70
109 51
62 178
192 87
24 123
91 116
89 57
155 26
68 51
65 3
95 161
55 70
193 181
181 82
140 106
27 81
79 48
115 139
154 66
42 100
126 174
89 76
64 26
2 146
140 173
5 34
153 35
1 2
169 18
157 107
2 33
117 43
137 178
117 73
83 88
192 144
91 171
196 71
177 27
121 166
172 89
183 97
193 39
40 25
55 126
62 103
147 51
8 77
5 192
115 143
19 94
52 90
75 63
65 62
32 61
150 87
14 53
162 116
102 34
111 136
46 8
151 1
174 32
54 20
5 64
148 36
193 144
162 134
27 174
151 173
6 62
50 108
31 37
164 38
62 140
63 153
14 22
188 154
71 62
77 125
51 198
66 126
15 34
129 165
25 176
190 26
120 192
14 90
1 59
63 186
164 101
47 57
124 133
29 155
19 54
86 50
25 27
108 17
174 143
72 169
170 127
183 155
122 61
101 19
9 25
52 162
136 173
170 164
58 151
141 151
53 107
72 45
167 109
138 14
195 170
192 194
64 26
25 115
153 19
68 187
122 84
2 81
55 179
141 192
164 115
190 164
180 6
62 195
88 82
110 182
131 11
65 123
171 93
34 94
150 162
115 148
1 85
62 104
133 116
30 33
41 176
148 60
99 115
18 126
46 130
196 21
110 38
164 113
19 126
10 107
7 48
110 95
139 100
120 167
190 75
107 171
20 121
150 13
7 37
125 116
29 75
179 54
84 17
196 50
116 85
146 125
181 61
176 64
187 24
25 28
198 79
185 126
107 121
187 132
84 199
63 12
178 102
68 139
144 83
185 166
58 138
68 185
171 155
130 2
174 179
29 76
22 151
180 124
62 141
44 83
111 56
1 196
137 23
187 54
152 189
169 171
12 33
124 77
100 92
98 143
79 144
142 91
96 29
70 183
89 112
168 147
18 72
191 120
194 162
176 107
130 88
44 60
160 157
199 56
70 106
183 47
157 161
197 107
83 143
187 15
113 76
165 174
10 183
111 74
76 44
89 116
43 176
12 149
66 86
148 184
71 53
117 90
117 50
156 187
98 177
35 43
36 171
104 30
98 101
55 133
137 92
145 3
112 75
27 15
194 95
138 193
147 109
14 26
19 55
29 20
143 101
94 162
91 118
199 78
66 129
142 171
2 108
108 148
9 189
150 197
176 198
118 24
115 76
70 138
160 120
46 110
105 151
28 132
147 77
70 84
75 194
49 13
25 181
6 31
125 79
47 184
102 59
69 27
13 66
14 145
60 72
104 131
115 76
149 175
92 125
157 78
71 138
167 136
180 179
161 90
189 66
84 183
99 187
171 13
91 77
29 0
160 143
149 125
3 78
166 187
113 140
151 31
74 45
108 1
173 161
42 1
45 103
0 8
143 154
117 64
20 114
112 158
39 33
1 50
115 41
86 22
147 144
10 133
159 195
197 22
188 157
110 131
135 66
18 73
177 98
18 121
4 74
177 166
78 177
126 24
130 104
5 180
63 76
70 50
42 35
168 136
155 46
115 54
85 51
50 127
132 98
197 49
120 134
70 28
6 140
63 141
87 61
22 114
13 136
138 56
17 177
184 84
139 175
187 171
89 81
165 87
175 42
124 168
115 133
25 45
106 161
97 174
101 52
102 42
81 127
55 23
176 139
193 52
149 64
88 145
30 89
183 101
57 147
117 143
132 71
11 55
49 125
49 29
135 146
45 141
63 135
9 24
131 173
74 160
88 56
149 30
171 72
160 73
106 77
140 138
88 55
23 56
176 195
186 162
145 16
22 104
55 108
159 47
60 155
113 193
180 139
10 72
194 162
130 144
53 191
182 153
0 115
160 86
18 94
151 172
102 125
136 197
48 148
136 142
160 157
13 30
59 18
158 195
158 26
183 123
181 126
158 141
62 116
48 58
44 175
154 193
146 195
84 81
39 131
112 105
101 186
112 147
126 70
173 115
97 66
78 42
36 115
140 175
8 58
143 5
125 187
128 89
144 83
0 164
63 159
58 155
147 37
161 11
111 169
57 108
76 99
56 1
8 39
138 181
8 43
55 40
103 190
140 83
5 130
153 59
114 164
8 84
123 134
134 36
14 135
177 165
9 184
4 92
194 20
182 134
138 43
132 143
111 159
48 133
97 67
121 184
24 138
191 155
97 152
126 173
137 121
155 98
94 110
144 15
134 174
74 0
162 0
94 156
165 163
7 37
157 170
89 6
6 48
18 167
118 73
158 45
78 134
185 77
2 155
152 192
29 49
15 100
3 34
15 54
31 56
113 37
1 121
24 17
183 39
89 37
26 137
30 129
198 125
65 11
188 177
89 11
21 168
134 89
78 48
111 26
137 21
181 118
33 5
47 184
174 73
2 97
29 132
187 3
34 191
55 36
128 30
82 54
26 136
81 7
188 198
181 27
75 99
119 155
57 14
75 133
105 29
143 177
12 167
115 110
160 10
188 59
133 167
147 159
167 121
62 66
158 57
1 32
123 109
143 181
24 157
83 166
174 11
71 174
175 22
123 29
159 127
1 84
131 180
160 46
78 174
51 71
88 90
59 190
189 22
165 41
195 56
17 137
80 2
26 199
159 76
48 157
50 11
175 141
115 172
52 108
92 98
86 197
157 125
81 22
144 46
15 8
161 113
91 96
112 153
131 15
122 159
186 128
5 172
192 26
97 111
46 180
146 10
85 81
32 60
85 84
144 70
171 45
191 23
32 78
190 169
14 138
135 194
72 126
188 156
104 93
80 16
40 61
20 158
14 54
145 89
184 107
28 43
138 40
13 36
91 156
26 124
69 74
98 198
74 107
7 57
156 10
52 66
168 4
52 184
43 188
136 93
69 29
73 138
57 3
58 19
84 72
89 0
99 141
97 116
191 105
190 42
76 92
55 98
22 64
133 96
14 115
75 185
63 52
194 124
101 146
147 27
4 135
2 161
47 75
11 3
193 146
133 199
72 9
95 165
16 1
5 184
114 105
26 109
188 123
155 144
76 175
190 51
41 158
40 66
63 16
148 31
93 152
92 75
45 182
191 88
19 77
87 56
57 32
83 187
82 35
166 56
116 22
170 38
85 173
71 130
122 117
4 15
89 165
19 58
55 122
139 99
187 198
186 110
172 90
159 94
195 191
44 135
159 180
146 72
170 132
116 160
23 196
17 14
82 176
81 197
75 153
29 0
127 163
126 198
94 127
104 187
94 97
88 111
190 191
124 22
12 9
14 107
97 125
106 85
151 27
20 2
56 45
102 12
73 199
158 55
31 114
29 152
188 35
10 160
179 141
59 95
179 14
149 154
12 139
159 47
76 24
68 109
181 48
27 77
179 18
9 39
195 3
70 101
157 6
97 100
170 149
85 103
11 59
29 176
42 60
45 5
88 108
0 112
148 46
140 187
12 38
99 196
42 91
53 46
40 195
9 32
189 195
158 18
92 185
176 57
69 92
135 165
129 62
188 27
184 160
173 181
142 83
51 112
78 65
130 44
179 103
108 142
46 142
178 100
81 153
191 34
67 80
105 128
78 24
57 34
63 133
172 56
42 77
68 191
182 52
102 5
65 139
44 189
186 175
180 196
136 41
152 189
83 37
176 128
36 51
35 28
34 96
36 186
56 164
17 150
151 137
120 180
130 38
7 93
151 128
194 32
105 58
36 66
51 33
22 80
137 118
68 172
40 94
110 77
51 137
83 11
139 30
64 159
195 150
124 182
16 80
106 195
21 197
135 83
126 109
25 167
162 171
188 26
186 78
188 71
11 21
183 180
79 53
115 186
126 67
145 62
164 97
118 187
76 108
100 157
28 169
13 170
9 124
18 0
27 152
39 82
87 67
142 180
147 54
52 96
38 100
159 93
98 59
137 9
169 36
191 57
41 119
66 9
175 105
40 161
182 101
140 172
101 45
170 166
121 43
30 41
126 113
186 60
39 189
65 78
54 124
146 57
80 6
62 198
110 20
74 37
180 110
156 78
133 158
14 127
188 164
105 32
109 62
171 69
25 195
199 153
163 138
54 27
62 10
145 155
147 182
8 126
25 15
77 90
136 74
52 42
76 57
77 176
23 81
82 87
136 151
186 34
112 61
143 93
110 68
157 122
76 93
155 191
33 121
163 183
94 70
53 100
95 150
176 78
36 66
12 51
75 69
74 10
90 155
59 163
161 164
129 2
101 184
133 186
57 35
118 170
48 103
117 175
155 100
58 18
133 120
94 130
66 43
157 58
197 93
150 158
64 72
5 172
46 92
193 67
72 105
2 144
49 94
43 102
181 197
19 8
62 25
116 22
74 153
153 125
170 111
166 157
134 139
96 179
119 120
41 193
153 194
25 105
8 194
182 194
195 61
105 10
57 0
137 90
45 62
52 197
12 67
96 83
73 84
193 195
192 1
169 133
79 185
122 131
120 138
52 89
33 177
124 135
51 135
0 55
72 135
135 186
162 105
63 173
42 111
170 119
136 194
94 20
62 53
101 74
105 134
166 104
147 26
144 97
74 5
105 122
120 89
2 99
103 64
180 91
24 111
102 37
41 58
14 44
61 198
1 195
44 158
50 146
160 199
7 14
128 11
77 194
104 146
21 55
100 15
95 22
125 92
15 156
188 39
92 115
134 92
117 130
73 86
114 124
64 158
0 168
68 197
0 73
18 34
179 188
77 199
69 112
6 171
48 174
159 60
101 94
100 62
90 191
171 80
34 9
143 72
83 146
36 192
158 70
8 160
75 178
40 127
122 183
42 198
93 89
186 4
34 13
77 94
101 130
94 63
82 56
57 178
114 79
12 98
141 31
102 176
182 174
149 192
43 172
100 15
118 98
156 52
157 184
102 82
101 57
180 104
181 107
28 122
128 86
157 11
186 152
90 74
180 19
98 54
28 34
172 188
97 98
147 197
175 68
50 169
52 182
169 70
127 173
171 124
163 186
170 21
166 189
116 17
71 126
199 184
49 6
121 18
112 58
81 82
182 185
4 54
142 7
155 165
33 29
180 89
17 196
75 128
89 40
103 38
48 50
131 36
34 53
39 18
123 4
0 59
195 67
61 194
166 141
131 56
44 154
117 109
79 43
162 188
89 94
161 16
93 55
24 28
169 144
187 37
119 72
29 66
103 1
147 73
152 189
164 30
72 178
15 47
187 74
118 8
98 146
17 123
102 43
160 196
66 140
152 136
160 93
160 193
5 71
130 33
3 17
192 80
165 184
139 38
147 20
6 126
40 166
147 197
87 101
74 115
20 40
54 1
102 127
99 35
123 92
107 45
96 151
24 114
18 88
78 60
49 146
149 8
3 46
4 144
73 130
133 77
94 174
96 38
143 116
78 126
140 75
94 196
100 79
97 36
12 103
155 160
40 111
196 3
139 123
14 156
67 32
109 168
71 85
93 38
151 98
25 17
93 129
146 65
74 199
41 93
194 45
178 155
34 73
164 150
38 175
6 30
170 139
164 59
143 186
84 193
65 66
179 46
70 139
86 2
13 74
11 37
37 48
84 7
102 166
5 29
35 181
151 45
97 64
149 56
194 100
76 28
142 145
48 132
28 193
19 130
178 19
58 32
34 120
29 91
8 163
179 169
59 6
72 46
33 136
191 53
95 17
113 108
191 65
166 92
7 4
3 165
156 176
69 24
34 20
38 173
154 142
181 37
114 151
35 126
176 149
41 192
165 135
197 63
16 38
19 112
10 87
1 84
106 72
55 164
1 181
183 113
57 105
48 126
95 90
48 111
70 165
100 144
113 89
84 155
32 114
107 131
22 14
83 124
189 99
93 16
41 195
9 46
62 130
74 93
59 58
75 162
182 64
70 129
120 121
149 73
12 76
78 123
86 104
39 164
155 104
94 197
22 145
127 125
32 188
66 190
33 121
72 85
148 6
162 168
131 99
83 23
63 125
120 9
186 19
148 89
198 149
189 129
134 56
28 168
35 93
132 14
58 145
160 14
43 126
57 66
99 107
172 68
166 152
167 152
127 157
187 94
181 88
58 186
61 123
51 33
53 114
158 109
60 94
148 64
69 167
118 77
193 59
109 41
174 59
111 156
25 55
36 96
178 95
122 117
54 123
91 44
117 77
5 85
101 100
18 105
52 170
120 129
194 23
15 71
143 63
179 103
6 55
26 99
142 98
135 131
82 114
55 97
71 61
76 164
65 158
120 157
150 167
110 3
38 107
37 162
11 73
86 195
81 50
30 147
107 54
51 72
85 197
62 128
50 179
165 25
117 65
88 170
79 9
90 75
72 120
53 19
184 79
114 11
114 39
110 62
108 8
23 108
74 26
0 134
188 177
130 66
174 82
5 46
145 71
161 100
91 153
12 181
159 112
66 12
122 86
10 136
140 103
64 136
13 19
141 99
47 195
41 142
54 38
117 37
10 181
29 87
24 16
70 185
71 17
83 149
116 111
123 132
166 97
69 18
162 155
112 27
155 4
96 154
61 119
161 31
47 79
197 135
113 108
195 74
95 42
67 188
147 58
11 198
153 161
114 72
100 57
65 192
4 188
131 175
137 47
69 139
77 123
58 60
16 93
133 170
182 84
16 153
102 183
9 150
155 30
198 13
49 33
58 18
27 28
109 131
85 121
26 49
190 112
21 138
135 191
189 161
128 180
165 57
20 164
14 152
128 59
0 81
15 64
86 180
22 92
100 41
160 133
145 15
52 15
66 7
127 12
87 55
193 83
83 103
48 7
99 60
38 45
177 138
108 89
184 133
28 37
32 17
188 63
148 156
73 150
178 127
135 167
96 73
141 151
128 109
35 111
31 160
131 126
34 37
172 167
189 157
186 72
184 56
72 144
147 186
176 94
125 59
2 56
167 62
116 150
172 16
21 160
73 61
134 48
15 44
70 187
195 30
16 13
166 191
96 149
19 155
91 106
6 197
4 143
159 198
129 118
67 184
98 131
95 57
49 58
157 182
198 108
113 190
74 5
171 175
117 47
167 83
183 166
10 80
21 90
139 109
144 77
196 153
194 47
12 142
95 168
28 113
46 96
76 48
168 186
60 123
151 95
188 89
157 128
139 124
12 31
199 11
155 137
113 196
106 122
175 41
101 71
97 195
163 98
79 146
84 8
25 123
48 179
28 157
27 53
161 59
88 151
170 157
94 28
166 3
167 59
171 177
30 191
185 199
192 179
77 160
100 45
37 5
98 78
152 68
91 44
44 175
95 89
77 65
128 137
135 172
8 164
157 150
16 23
100 151
129 75
121 59
161 1
191 115
167 125
93 111
41 192
99 191
171 93
69 176
142 6
47 85
123 111
143 15
79 19
87 83
79 135
185 145
108 1
22 144
53 54
68 194
177 31
85 188
114 81
142 149
2 193
22 9
100 6
81 94
170 60
174 199
124 109
48 180
106 154
47 141
198 175
146 111
128 52
64 187
128 29
10 14
96 125
22 40
35 76
188 53
154 167
53 27
22 74
28 66
136 154
11 45
137 28
75 63
91 161
13 80
108 153
28 59
166 56
147 146
9 103
34 109
87 101
115 5
24 29
126 78
10 18
199 7
45 183
165 12
148 169
185 91
98 24
109 187
164 197
50 91
108 100
145 6
76 82
82 72
77 167
92 162
72 13
9 64
135 7
151 145
107 106
80 113
39 185
90 22
59 156
146 6
18 83
96 123
126 143
101 165
180 193
0 52
24 189
173 61
1 148
28 37
37 159
119 72
6 100
104 22
158 13
121 141
193 199
9 154
27 25
170 31
176 138
53 181
42 156
159 160
38 126
23 127
75 100
130 87
140 126
65 191
18 189
171 3
68 27
53 189
72 162
189 168
59 90
109 78
12 164
102 161
164 144
99 17
49 153
159 160
42 74
57 53
0 8
180 156
144 122
42 82
186 1
64 2
140 199
191 165
52 31
98 154
193 182
90 0
64 194
157 181
118 36
144 37
26 69
179 77
41 144
2 166
151 45
189 65
27 196
121 44
115 53
131 149
27 84
164 199
188 94
185 189
88 115
33 121
50 107
52 164
134 31
96 130
90 23
193 147
21 126
141 183
11 61
132 156
159 183
33 144
16 136
86 31
85 36
10 17
158 67
188 138
198 44
51 146
142 186
189 133
64 24
189 92
49 103
34 187
143 170
186 151
199 115
168 188
105 19
29 41
150 159
58 131
154 22
167 118
168 6
171 184
16 174
118 99
158 123
151 33
84 146
131 126
124 2
64 57
177 56
30 89
137 69
95 42
62 102
18 65
181 15
146 175
186 20
124 96
32 132
48 103
186 8
148 59
190 79
184 155
177 14
152 166
100 185
128 93
136 85
55 31
94 14
39 67
31 68
146 140
39 63
95 35
160 170
43 194
48 177
100 122
43 7
42 14
20 99
36 119
142 166
26 114
38 44
61 157
85 31
73 64
181 100
140 189
147 113
80 166
31 180
162 86
187 127
187 85
163 186
17 118
46 168
135 186
20 116
149 23
183 181
108 195
81 161
195 107
93 110
155 135
65 139
100 115
40 58
18 196
40 61
141 32
164 131
132 108
147 197
190 138
23 131
33 4
145 44
94 188
172 36
175 72
35 22
198 180
191 100
141 58
5 166
77 147
81 84
104 176
128 30
87 81
150 66
3 178
184 79
66 180
49 71
125 16
132 80
121 91
177 73
72 140
148 198
34 3
108 142
111 36
63 160
174 152
86 189
158 8
150 22
75 172
121 20
64 28
8 1
109 69
44 107
23 198
98 94
139 30
115 145
157 160
39 3
142 116
167 39
34 103
116 46
170 20
119 100
193 67
1 125
86 55
125 112
182 155
60 22
189 62
154 113
21 168
88 52
180 16
115 170
78 4
9 63
152 83
75 37
143 170
92 189
100 22
76 85
140 150
111 18
37 159
25 51
160 37
161 115
185 78
80 37
42 27
140 101
145 177
12 171
24 15
177 13
96 48
74 29
7 158
178 32
116 32
43 24
180 124
193 99
73 34
51 166
121 130
137 184
191 109
60 103
115 121
42 88
116 86
22 129
22 51
83 142
0 67
47 100
39 160
192 150
10 0
67 163
49 151
144 111
146 101
131 93
134 92
59 188
100 57
73 31
32 73
33 155
126 133
79 61
174 71
97 52
71 82
104 28
91 17
199 8
127 52
83 3
88 51
184 35
188 98
106 116
84 17
98 184
113 163
121 80
168 8
180 43
33 106
54 3
115 143
127 180
164 15
170 45
133 106
128 132
145 95
19 90
185 100
63 112
191 63
99 10
191 132
79 129
169 35
122 96
128 129
178 191
9 116
66 89
4 86
73 33
30 76
175 190
73 80
121 32
73 105
52 177
173 142
164 12
48 54
180 76
120 160
53 186
189 124
121 9
90 170
128 151
127 4
123 17
9 11
32 141
189 192
177 58
83 87
23 15
18 2
56 29
198 33
3 80
76 83
136 79
21 180
167 15
97 148
172 23
123 186
26 28
123 186
19 2
191 78
102 28
185 60
28 153
94 76
162 115
23 117
11 6
113 178
95 63
58 127
98 16
18 45
51 143
73 89
11 126
86 119
20 102
147 191
123 101
28 149
170 17
148 198
83 13
165 54
77 114
161 105
123 174
142 55
31 132
121 79
88 12
71 39
165 55
157 18
83 130
13 144
68 98
167 57
174 31
169 82
191 21
15 130
138 157
95 149
68 33
114 100
172 81
115 125
59 36
19 163
17 171
151 165
188 122
191 51
137 67
21 184
131 99
50 136
119 159
128 123
157 23
162 95
110 10
74 10
27 167
119 84
96 132
8 142
96 27
131 39
77 50
180 72
77 78
180 162
110 16
15 76
11 9
138 74
184 108
75 165
136 33
22 54
132 82
129 80
180 20
186 96
11 199
107 144
135 65
194 128
163 53
150 100
167 164
6 73
112 166
179 108
165 120
82 130
27 76
137 112
65 82
120 194
169 165
0 131
20 174
12 90
194 1
147 90
135 167
79 21
130 186
54 95
187 50
159 133
140 156
123 32
72 31
195 184
9 139
185 95
114 130
4 35
130 109
185 71
98 11
167 191
148 189
164 97
103 5
169 179
178 181
45 60
76 54
166 108
40 88
31 156
178 22
156 162
122 47
45 33
39 113
69 67
73 95
159 30
18 84
80 113
191 183
186 138
45 100
11 15
53 47
61 188
65 84
12 82
162 59
19 136
96 111
58 198
89 112
159 122
107 1
51 23
117 104
7 38
182 135
46 130
170 128
152 21
83 157
172 167
33 114
64 96
98 153
192 97
144 5
192 4
182 94
172 124
122 102
161 91
101 167
158 9
46 181
24 146
52 148
2 184
142 154
131 85
130 116
167 153
178 88
99 186
186 184
38 191
74 138
154 149
63 27
37 83
29 160
61 174
23 130
37 102
19 64
79 8
33 153
137 191
188 159
138 41
13 189
130 39
124 129
190 80
77 100
142 76
40 196
68 78
115 27
172 142
142 75
98 56
141 121
5 141
30 56
98 93
104 24
13 61
45 107
76 179
28 182
30 190
8 165
112 44
84 76
26 126
97 30
94 178
93 53
31 71
126 147
52 133
102 73
83 37
97 107
26 68
11 63
176 5
69 111
150 169
188 60
94 159
20 152
98 136
10 43
184 106
175 140
11 32
26 75
31 43
74 161
193 81
135 92
150 51
150 147
118 166
131 37
186 32
20 127
134 171
139 98
93 115
26 39
45 182
118 131
172 48
74 134
195 188
13 82
37 50
168 129
103 119
191 166
168 190
33 188
124 191
10 196
148 120
100 67
26 138
196 4
143 79
151 189
7 58
153 179
158 165
139 51
123 81
141 164
82 114
166 97
115 168
91 83
84 62
113 91
29 145
34 142
125 155
48 9
71 60
87 77
158 93
37 199
119 59
105 147
11 159
168 151
165 126
152 191
100 191
68 34
138 41
199 47
149 106
133 19
22 73
7 37
155 172
193 108
152 26
173 118
66 20
169 84
172 124
125 135
157 108
80 9
191 68
67 15
125 79
145 2
75 16
140 188
109 188
175 96
185 95
80 79
22 139
199 132
33 10
10 137
49 25
103 181
24 36
128 55
188 190
16 126
105 104
112 140
109 186
51 144
131 87
61 195
68 24
44 74
1 108
124 135
60 57
53 75
65 46
165 138
150 145
138 38
195 118
115 90
97 49
42 133
129 45
157 23
105 131
162 190
194 96
71 72
145 11
10 132
50 24
48 161
144 26
44 118
97 199
76 182
158 66
95 61
8 109
72 136
6 3
144 33
85 17
66 62
114 163
190 2
0 32
18 122
123 171
53 47
104 36
59 4
87 49
120 190
30 31
46 90
25 132
34 173
124 138
129 124
56 32
157 79
155 166
134 127
101 82
68 112
24 44
33 43
114 5
38 188
149 94
186 119
69 141
124 122
8 108
20 131
108 7
23 192
56 91
37 126
111 129
71 67
71 181
101 8
12 164
88 193
87 151
109 42
79 195
68 162
168 185
103 153
52 65
27 41
124 128
36 187
60 22
40 88
50 138
153 189
18 136
163 158
19 143
0 180
50 180
191 19
144 173
27 67
181 199
69 176
140 185
194 145
178 73
47 76
194 38
14 113
111 196
14 127
11 123
101 171
69 8
30 147
4 100
152 108
29 136
68 90
78 185
74 86
49 110
80 128
102 43
85 26
105 81
5 189
116 195
108 198
88 151
54 145
134 105
33 10
60 33
34 144
60 188
167 163
183 45
195 181
117 4
62 180
138 32
44 130
29 18
58 38
10 147
187 179
74 92
36 52
154 172
172 174
112 105
182 52
52 38
22 121
88 150
48 95
90 12
181 153
48 162
74 131
146 196
33 180
135 145
197 41
3 11
25 147
8 78
199 123
134 5
149 20
130 133
138 129
175 105
194 19
107 170
145 187
148 185
185 73
47 6
29 65
173 54
121 178
5 74
23 137
124 115
194 73
115 28
34 100
164 62
127 163
142 26
71 153
192 41
129 125
99 40
190 135
127 83
45 144
176 192
45 72
64 197
154 95
182 73
108 80
111 187
41 47
177 131
114 156
190 43
138 4
35 3
101 28
195 45
6 34
57 172
39 160
44 147
94 161
191 74
102 43
95 3
191 170
93 16
141 143
27 119
24 56
129 60
128 25
138 105
41 24
113 88
173 8
1 42
180 134
69 95
133 51
120 68
179 161
67 122
142 65
29 162
163 117
46 101
125 122
5 11
108 164
196 73
2 95
13 59
70 137
92 151
28 7
12 174
137 134
168 178
97 90
123 156
168 109
191 15
55 63
192 4
29 64
114 54
180 158
129 52
6 109
35 69
165 107
22 75
105 69
173 174
162 111
64 83
191 55
76 144
12 150
89 35
93 74
180 66
111 43
153 47
95 108
82 144
82 171
6 84
27 170
107 45
142 116
97 113
121 108
124 57
98 84
197 125
156 42
50 81
108 186
18 24
28 182
99 151
135 36
173 7
162 49
165 24
21 29
168 149
73 125
23 64
175 192
103 34
63 191
40 107
187 0
34 169
105 48
123 81
79 95
180 62
85 64
175 159
59 4
57 113
142 30
112 109
101 93
91 63
126 7
86 65
39 111
9 44
199 89
140 197
166 195
167 141
111 178
148 196
119 83
24 12
173 178
195 115
70 12
66 193
167 181
175 180
51 132
194 5
32 140
9 24
95 70
16 26
73 2
68 167
0 108
188 74
98 63
132 101
60 92
187 5
145 110
138 104
165 16
126 79
32 65
115 154
135 54
182 97
181 122
22 178
188 113
128 65
141 55
52 75
86 68
35 75
25 137
194 179
91 110
99 6
11 198
105 53
117 140
157 144
13 166
142 188
163 91
190 15
44 63
95 49
198 43
128 64
144 142
58 157
169 188
98 124
92 3
59 138
79 161
11 126
86 134
148 83
33 57
21 65
132 164
85 38
150 36
60 77
194 168
97 98
193 166
56 147
125 45
98 172
14 29
115 155
175 84
95 44
8 105
50 157
100 29
100 125
111 10
144 33
146 189
37 22
60 28
48 52
25 145
169 148
109 94
134 83
137 95
16 4
178 84
186 75
142 189
184 92
89 51
76 145
7 33
103 38
179 52
0 138
170 84
122 186
40 34
111 35
97 7
137 131
5 176
135 179
140 119
157 110
151 30
163 3
13 137
3 163
170 44
84 63
158 8
199 26
21 126
71 147
77 97
139 99
4 154
93 53
34 190
49 85
109 56
123 27
192 35
186 137
26 153
8 175
91 149
133 70
84 144
148 20
174 79
124 29
92 124
72 33
161 87
132 78
23 12
16 155
46 42
141 169
14 165
40 84
110 137
161 160
84 54
149 171
50 133
134 154
10 83
20 136
52 70
107 117
134 103
170 26
86 8
178 8
179 187
4 155
131 73
63 94
76 71
62 144
19 121
70 46
135 27
195 131
188 89
190 92
120 179
48 198
49 19
188 77
139 11
176 0
105 102
124 192
105 42
134 165
105 121
183 164
112 22
14 138
31 17
53 98
52 161
116 128
144 90
129 162
169 54
60 143
16 90
158 110
155 20
144 197
75 130
190 174
80 177
123 170
181 186
76 34
81 175
111 30
159 82
86 13
136 2
93 185
192 43
14 62
13 112
12 2
12 136
85 175
69 130
118 25
65 129
129 167
148 153
117 179
2 49
146 99
146 169
58 111
95 193
85 84
22 66
188 75
131 193
58 9
194 110
190 69
124 5
132 101
175 148
192 55
140 94
159 19
129 189
156 41
116 131
44 142
65 32
187 69
29 153
44 32
153 61
18 17
25 82
70 131
93 60
116 25
92 174
90 134
76 96
159 26
41 118
3 125
168 157
148 166
198 192
27 25
192 159
177 27
55 40
43 85
70 49
101 14
120 14
90 82
177 166
147 111
107 138
89 55
78 103
168 113
97 96
64 4
181 157
106 158
176 133
132 90
2 138
105 127
2 10
11 54
84 87
22 34
30 57
37 156
50 168
21 157
152 183
50 127
83 90
61 1
134 26
117 140
42 155
185 96
173 108
61 163
49 26
130 2
50 23
88 78
30 98
57 162
131 135
151 154
77 86
172 79
53 62
81 155
197 192
7 186
0 111
109 156
134 181
59 62
149 167
1 197
191 120
81 55
17 53
178 9
116 125
118 108
18 45
71 57
159 103
40 163
191 8
16 38
57 17
57 185
59 95
25 171
64 65
171 110
118 50
49 46
115 14
185 50
106 120
75 196
196 89
132 184
11 45
30 185
196 169
84 29
8 137
190 163
142 102
162 8
177 187
41 1
18 2
19 138
171 94
193 53
27 128
89 41
44 111
2 177
199 65
55 170
124 75
51 74
175 6
167 72
140 32
49 14
47 167
133 131
132 70
128 4
30 106
48 15
3 86
85 129
147 159
4 171
111 191
101 159
28 135
123 175
109 101
121 91
87 56
52 0
71 135
166 180
107 86
44 7
140 147
142 71
130 103
71 86
196 91
105 70
42 8
103 141
164 144
70 151
71 104
135 156
151 105
35 106
168 195
153 157
111 176
182 52
189 77
194 192
25 154
58 76
164 51
180 134
190 129
137 170
161 180
86 46
133 65
175 196
176 16
115 137
12 9
129 136
149 135
160 86
197 105
60 16
173 106
94 33
9 118
129 144
91 136
155 158
153 136
171 23
48 55
6 119
60 140
70 50
171 96
91 192
12 26
106 121
86 164
23 119
86 83
95 76
114 5
134 186
119 73
67 146
67 10
2 155
150 131
46 163
196 71
186 63
168 61
71 20
5 164
59 55
111 13
118 7
61 134
138 198
113 143
57 176
36 40
13 74
118 98
197 171
112 91
177 1
43 32
64 85
181 14
159 129
117 96
143 77
134 167
4 159
13 161
135 68
185 106
103 62
169 33
173 69
100 163
33 91
73 124
0 25
21 65
125 138
13 105
84 179
154 70
38 87
124 177
67 104
138 177
39 70
95 0
29 175
126 193
35 137
132 93
187 142
113 118
199 197
106 109
64 126
119 137
37 195
142 66
114 189
103 97
122 121
174 140
83 2
55 199
155 141
32 194
184 59
53 181
5 29
163 107
134 19
26 155
133 11
131 70
159 129
197 118
64 181
65 14
91 133
177 93
81 46
129 122
62 54
107 54
129 85
46 125
193 54
194 55
102 114
137 145
79 129
93 35
93 134
68 172
163 114
4 76
84 25
185 155
30 51
188 58
75 127
172 1
89 130
43 76
106 31
0 23
33 71
7 59
51 134
180 134
108 6
5 191
157 64
140 144
162 40
15 49
135 195
175 162
80 53
143 38
137 129
32 84
68 7
149 188
105 169
102 55
108 94
119 110
57 13
145 190
118 14
119 121
35 61
104 89
85 86
82 138
155 147
39 107
102 127
195 126
80 37
105 9
150 188
125 140
61 140
49 78
115 40
60 47
41 126
57 113
70 190
14 119
185 132
191 69
37 99
171 93
125 47
171 37
100 142
80 35
112 101
151 168
170 100
190 36
144 58
159 190
196 176
1 106
16 59
44 30
160 120
36 18
9 74
191 142
174 77
138 147
19 152
68 155
148 179
18 86
124 169
151 114
76 71
13 82
67 17
195 143
129 57
49 8
88 99
112 114
35 64
49 191
174 0
90 148
37 70
13 197
25 152
19 23
192 30
51 46
149 4
22 3
87 90
98 156
141 198
74 3
175 44
125 87
64 29
102 91
139 62
170 113
33 34
144 35
10 193
1 89
101 64
145 26
78 151
57 85
56 53
79 60
143 128
83 96
134 153
83 63
166 130
166 189
52 199
172 102
47 18
148 15
40 2
45 181
63 29
127 72
116 127
35 155
5 56
24 116
2 159
125 32
139 46
152 109
194 21
60 69
105 153
113 128
167 27
178 186
52 94
59 54
151 160
48 72
56 194
47 117
155 31
144 184
128 54
81 138
100 117
75 21
71 143
127 48
1 108
140 163
168 14
52 90
170 188
99 119
32 183
160 69
181 142
143 57
8 70
31 6
176 122
66 113
26 191
158 149
117 84
60 139
84 81
44 47
119 146
30 32
104 100
72 159
74 101
61 88
72 132
90 168
60 30
101 53
142 87
3 173
190 23
4 90
166 108
59 145
137 186
69 0
25 93
80 44
176 84
42 1
194 41
66 133
48 53
60 194
142 191
80 107
31 1
146 188
172 90
158 101
161 147
92 127
89 77
92 4
1 173
19 37
90 6
115 102
122 28
88 178
155 97
62 70
74 117
64 8
190 73
97 113
17 9
21 45
193 21
153 4
154 82
179 174
187 180
153 179
47 105
8 23
30 74
108 193
173 21
159 14
20 16
59 172
184 91
185 32
18 147
76 79
68 191
67 174
54 187
121 184
32 118
81 110
158 46
39 57
21 17
129 193
148 15
35 93
29 178
127 30
90 116
179 143
133 34
176 22
159 66
157 78
149 101
190 5
31 161
49 57
84 55
11 40
21 145
130 153
34 24
198 23
107 40
135 89
67 93
92 174
183 34
53 113
51 43
16 144
57 65
158 197
38 20
39 147
144 115
85 24
117 17
0 153
124 127
57 24
190 57
120 154
17 130
95 37
108 35
142 28
47 46
80 150
192 198
71 51
55 149
9 39
107 75
115 129
61 164
96 148
104 169
9 71
153 138
137 2
139 4
92 30
105 14
122 80
151 96
30 96
104 138
191 104
196 113
184 79
94 27
186 149
27 175
132 8
20 106
104 117
121 92
110 122
39 32
126 143
20 83
26 135
109 137
45 28
59 58
120 184
118 72
137 146
135 147
35 74
100 44
192 187
155 47
146 173
122 77
164 113
70 199
24 71
192 17
17 133
13 120
187 198
0 18
162 17
90 156
190 83
129 48
148 198
173 37
109 77
64 125
27 196
10 172
129 128
80 160
119 185
142 114
57 96
137 69
175 171
95 97
64 164
188 40
41 65
129 59
166 24
26 155
13 3
19 30
4 43
29 69
51 66
34 71
119 146
22 126
115 155
56 4
191 80
55 49
87 65
161 101
68 196
78 31
122 6
64 67
56 91
1 66
76 110
32 85
99 174
67 170
153 130
130 65
147 3
41 95
86 162
112 81
151 86
134 120
97 191
163 174
94 73
80 110
39 40
97 178
9 141
175 100
184 75
171 195
33 57
174 12
25 43
32 54
23 179
21 106
173 137
70 151
113 166
170 93
39 190
143 140
106 65
114 181
129 78
182 83
49 116
156 76
186 67
85 157
97 75
159 21
161 11
69 73
83 72
166 173
152 180
144 79
56 84
117 150
154 20
151 70
32 126
43 100
103 48
56 187
83 54
67 184
143 87
60 132
187 72
142 170
58 191
72 121
138 34
35 140
94 1
144 7
145 9
101 54
61 144
137 121
123 148
24 189
9 57
92 47
159 20
86 58
85 8
47 199
38 125
4 145
20 139
122 76
68 55
129 160
143 112
68 130
107 74
82 2
45 115
194 176
100 32
102 155
173 161
164 4
13 51
18 130
63 25
115 67
195 70
187 38
71 198
91 115
143 33
99 128
121 36
153 63
91 69
55 54
57 196
56 128
4 126
44 79
99 35
3 169
140 51
48 81
131 71
77 156
18 110
40 70
119 22
140 196
196 97
37 181
99 37
182 145
78 44
10 19
72 23
140 77
77 15
59 104
78 9
59 174
127 117
168 9
168 146
128 35
139 9
143 76
17 105
67 158
151 101
87 199
59 73
197 144
17 76
158 165
28 106
1 122
35 27
125 126
164 75
171 94
29 24
137 104
40 2
33 118
0 27
53 35
63 196
197 139
150 14
33 174
133 183
178 175
13 20
94 111
20 118
74 163
129 187
149 55
59 45
90 95
197 131
8 79
35 138
20 21
48 140
22 169
179 7
39 97
134 175
160 151
65 142
171 178
115 82
157 85
161 79
39 89
63 183
119 63
179 142
131 134
181 144
133 31
152 63
188 182
15 79
184 102
175 193
99 144
159 187
50 104
199 136
161 1
95 34
16 66
177 103
1 191
59 198
198 76
168 57
198 116
87 51
168 178
92 120
41 159
62 36
94 146
117 195
79 167
77 146
98 168
50 118
61 104
82 109
81 64
46 98
178 177
10 110
55 79
55 125
148 90
49 120
113 149
187 86
23 41
93 190
64 6
180 145
176 27
74 14
93 67
8 141
13 193
88 3
19 113
46 115
51 9
151 136
119 144
74 130
120 15
126 189
20 21
13 166
29 181
106 35
163 198
17 77
163 11
122 74
182 134
8 198
153 120
109 60
114 86
47 58
6 34
13 20
23 172
116 198
110 97
191 107
170 8
55 112
72 128
164 166
17 42
1 70
145 74
178 188
137 118
167 93
121 88
53 27
197 56
87 35
170 111
132 71
92 107
120 94
177 145
103 173
135 98
5 112
126 30
159 84
131 74
125 5
22 169
174 158
160 52
95 2
89 187
7 11
195 13
57 90
109 40
6 51
71 164
163 152
58 88
45 82
108 29
142 135
63 93
173 195
35 139
34 110
137 177
52 181
21 193
42 75
40 28
30 155
77 164
191 151
79 196
87 186
141 78
189 18
34 108
35 129
59 124
129 143
17 72
80 14
166 172
87 111
139 33
197 54
145 127
70 90
114 155
33 24
41 198
20 170
6 171
171 143
48 121
18 28
34 50
116 128
24 177
102 175
198 7
125 152
85 55
1 34
128 107
130 190
9 85
65 32
70 53
24 122
197 195
112 95
117 165
12 169
76 105
67 56
26 166
78 57
104 151
107 154
181 158
135 56
41 160
82 150
159 179
127 197
70 140
132 103
58 24
159 178
91 67
199 97
31 84
119 140
136 194
47 38
131 30
36 164
162 67
123 143
31 141
110 9
41 25
83 121
56 121
128 40
89 188
137 60
175 69
102 59
169 74
138 122
90 128
36 131
48 118
178 138
42 123
131 60
93 192
3 197
61 148
64 140
117 123
157 144
131 186
81 37
2 68
20 122
198 73
178 199
106 121
102 95
193 114
27 95
87 89
69 74
165 148
26 30
126 84
80 13
78 158
191 52
3 195
63 24
193 27
45 1
29 139
142 5
105 56
9 135
159 133
30 152
167 21
31 189
110 79
124 120
48 138
2 63
40 90
198 16
91 3
20 10
81 127
170 109
45 62
101 116
97 106
17 2
84 159
159 178
102 6
127 52
63 108
143 174
7 55
119 75
51 157
40 117
63 112
73 117
25 84
113 155
136 72
190 75
57 131
127 82
197 148
67 21
144 108
90 68
43 196
11 100
76 97
148 81
50 122
70 152
129 174
63 123
118 18
32 136
172 139
97 143
49 166
74 83
151 102
166 151
83 15
112 85
95 154
70 155
0 108
10 50
159 9
6 193
25 138
198 82
74 157
167 123
76 179
87 109
3 172
165 57
198 123
185 181
41 108
35 17
10 130
94 26
129 89
80 187
127 121
167 165
10 127
83 165
11 55
128 180
154 0
61 121
19 81
144 112
137 182
107 195
101 58
67 154
147 104
123 128
90 13
1 93
101 182
151 84
126 56
55 12
144 110
29 98
60 131
22 36
33 19
21 8
25 33
126 56
76 115
79 117
149 84
173 112
102 56
171 127
71 54
58 39
52 18
42 10
196 101
145 35
3 118
126 10
117 82
14 88
163 35
8 31
17 198
72 4
179 127
131 198
5 21
133 93
72 112
136 30
30 74
128 30
17 30
6 129
5 62
55 54
87 111
108 103
38 96
122 182
184 104
12 193
3 11
113 135
119 45
193 130
9 67
69 187
5 120
144 111
106 141
116 80
163 44
38 8
51 187
21 147
69 181
59 13
53 92
15 28
36 124
56 40
156 111
71 44
199 71
117 97
49 171
101 118
93 58
6 145
3 70
128 96
83 148
141 188
56 116
62 140
31 162
111 108
169 197
55 180
45 183
54 85
144 146
70 43
135 191
194 77
122 118
97 14
188 126
152 37
141 181
172 79
193 20
125 99
194 171
186 173
113 68
7 15
111 165
65 185
166 142
73 133
124 86
116 75
28 139
76 23
38 39
95 11
183 165
135 122
188 115
196 165
165 180
129 126
122 139
112 70
192 60
134 107
19 61
176 119
38 157
11 43
14 9
178 25
79 0
107 98
114 132
36 151
39 110
67 44
130 48
128 10
81 50
128 76
114 85
27 95
4 138
157 3
49 148
169 73
160 70
160 120
24 124
135 166
196 135
47 142
180 138
145 125
49 196
46 177
137 61
166 58
43 117
160 156
197 157
71 177
52 126
15 168
80 138
87 186
157 55
123 176
146 49
70 141
131 57
114 47
172 113
1 140
9 183
66 196
178 38
8 188
144 39
89 24
73 106
170 34
123 37
31 62
155 63
140 111
154 75
45 55
156 107
95 62
183 187
82 78
84 30
49 51
98 174
0 48
95 103
195 22
128 1
133 130
191 4
116 160
14 134
114 21
160 124
114 57
147 56
58 115
141 120
65 33
22 194
165 189
23 107
137 150
148 191
142 52
64 198
90 149
2 80
85 84
23 85
58 14
156 196
36 40
177 146
52 20
176 65
127 182
113 67
111 91
115 103
191 184
10 158
100 18
19 69
138 45
175 97
129 50
28 138
18 64
103 70
178 184
49 150
107 168
177 172
135 154
167 115
112 170
164 168
40 175
119 26
75 85
166 1
176 26
76 94
92 121
16 161
9 157
181 108
16 32
133 140
69 182
99 31
77 195
67 50
194 122
85 62
111 172
144 74
53 42
34 92
161 184
78 39
96 51
21 13
92 62
146 193
129 185
44 96
114 71
12 166
157 142
124 145
188 153
21 49
86 113
168 145
77 136
190 168
184 101
177 118
116 117
68 104
129 29
54 91
61 167
171 138
195 69
17 180
197 95
194 90
181 41
14 134
56 32
53 83
156 115
21 50
156 184
181 188
82 146
29 51
181 117
78 149
138 171
157 67
76 53
132 66
38 5
12 190
15 112
20 125
195 161
34 2
180 161
152 124
117 104
64 185
156 138
73 134
129 46
58 73
107 34
58 84
31 57
15 163
29 108
126 21
64 10
12 48
127 37
118 72
90 147
52 10
67 77
164 6
146 198
160 103
172 41
147 27
196 105
98 20
84 152
182 69
166 17
117 47
38 87
186 58
110 156
168 144
162 191
104 194
141 31
115 143
122 101
70 30
142 14
37 96
166 106
98 12
14 48
18 4
173 59
21 28
110 100
183 130
107 103
121 170
45 133
72 176
10 33
176 78
69 106
198 44
134 119
148 173
19 17
94 40
82 132
146 68
11 55
177 151
83 166
180 92
48 111
119 102
163 66
28 178
127 183
155 152
132 117
28 141
46 162
174 93
97 198
104 170
60 160
143 79
192 4
63 101
107 87
58 170
110 172
175 9
96 37
154 25
81 119
98 156
112 54
68 58
156 142
144 150
192 135
91 34
21 99
106 75
118 178
154 135
176 47
181 18
67 135
69 196
183 68
199 34
148 175
170 174
165 115
159 128
116 49
94 193
112 4
21 118
69 180
12 108
121 6
46 115
127 24
156 164
199 168
76 141
76 154
102 195
49 129
155 144
178 119
69 146
71 192
134 62
186 31
19 73
174 146
151 172
86 139
87 25
120 124
157 92
56 160
57 23
136 12
119 78
93 7
179 103
165 38
51 58
193 1
150 132
88 179
100 79
47 71
162 84
77 106
24 139
122 150
6 55
181 70
102 11
141 56
168 178
122 81
161 13
94 188
31 189
138 179
28 94
54 188
142 172
167 64
41 49
74 145
31 37
74 47
191 79
87 141
135 91
181 110
83 115
149 138
49 62
126 154
2 153
151 198
128 161
129 7
74 194
121 194
137 118
32 19
126 144
115 137
140 113
25 53
61 67
72 123
93 128
198 132
53 74
106 89
3 106
36 23
196 128
14 164
75 158
21 84
57 111
4 137
83 94
155 16
60 36
154 63
86 16
97 47
87 100
183 136
156 69
181 110
86 54
14 114
33 8
4 139
173 77
91 198
161 113
147 125
32 93
185 91
92 158
65 189
86 6
72 58
114 127
153 149
103 110
87 156
63 120
63 103
0 166
31 43
102 65
72 176
24 168
159 37
168 172
159 41
26 3
117 12
8 133
170 59
51 126
118 81
128 180
164 89
147 0
100 94
145 196
159 29
149 23
128 85
88 170
71 117
64 48
117 174
36 32
10 4
100 149
37 121
153 154
94 172
43 98
85 80
131 65
6 119
189 106
194 50
71 181
68 11
129 143
144 65
1 111
73 141
24 183
51 155
59 156
178 170
192 95
31 166
114 102
75 81
193 16
106 115
11 160
116 141
22 60
178 39
188 167
154 109
134 148
0 59
22 89
81 83
172 7
14 145
171 111
30 168
113 114
46 48
91 179
141 164
110 17
30 47
181 69
178 37
99 157
19 116
8 23
48 29
97 52
189 125
113 59
186 97
124 43
177 143
187 168
152 65
144 178
147 109
172 181
177 87
66 145
71 187
63 143
139 104
152 180
49 158
67 101
75 33
171 68
156 72
41 82
178 51
3 176
192 168
156 155
125 81
91 77
60 18
157 95
58 123
70 69
57 34
38 79
94 182
138 50
78 188
57 102
145 163
60 136
152 55
92 179
7 80
14 137
159 54
108 21
126 18
57 40
148 83
99 74
158 41
113 43
125 190
46 83
6 143
132 93
67 26
47 151
21 196
1 124
163 122
45 143
91 66
51 113
184 126
31 46
38 136
165 97
149 168
38 120
101 88
93 114
56 167
153 164
8 144
36 123
10 11
156 37
115 136
166 174
70 21
137 89
157 93
58 188
54 73
133 146
70 26
132 119
66 163
116 65
171 124
114 191
69 78
173 91
49 113
171 168
138 101
103 127
180 69
5 179
5 51
44 35
134 106
72 102
174 2
97 187
85 26
198 156
14 137
84 138
71 46
10 143
78 29
144 167
102 39
171 43
78 156
198 97
181 143
156 128
78 8
83 113
4 13
143 81
52 139
88 115
73 158
198 138
162 198
167 139
159 188
170 20
115 150
38 44
125 106
10 29
52 27
140 110
152 116
30 80
22 97
40 94
154 95
29 26
111 33
40 170
163 132
21 40
25 22
193 166
23 138
170 94
183 103
198 131
81 170
196 99
119 7
179 45
33 98
143 154
191 99
114 26
153 99
196 14
36 101
165 133
95 139
92 174
139 131
199 176
160 184
10 159
18 114
169 124
108 199
118 37
101 165
183 146
144 125
59 28
87 142
128 73
5 144
131 43
51 161
74 43
8 169
67 123
128 196
116 71
169 170
71 67
197 73
63 98
99 170
2 141
46 192
1 151
198 111
149 26
135 140
147 13
120 14
188 19
119 164
45 180
76 38
195 61
36 141
36 132
49 22
77 169
79 11
185 173
26 140
188 117
165 47
129 71
107 124
173 176
135 149
130 169
138 73
107 132
113 62
169 143
23 141
52 97
124 135
185 143
43 92
25 55
74 160
135 184
172 166
151 155
100 21
154 169
43 52
87 172
156 54
74 22
87 64
12 121
157 156
18 180
24 43
113 22
113 63
172 106
93 0
94 0
108 39
134 184
5 118
19 76
53 101
141 47
9 7
23 98
176 122
103 20
46 122
185 35
98 171
59 34
84 13
51 143
155 109
89 172
192 160
6 193
14 37
140 136
197 199
189 26
79 176
8 73
130 163
117 166
112 33
137 182
6 96
26 191
129 172
152 189
113 50
92 125
102 121
55 98
28 188
141 34
97 101
76 194
50 25
159 91
113 186
134 198
142 17
118 94
188 156
56 78
179 84
61 19
37 197
103 122
136 161
175 172
100 85
73 44
63 166
74 95
188 108
83 6
27 63
28 48
13 122
132 195
38 195
161 195
166 15
160 53
87 1
108 185
191 89
199 196
149 138
134 39
0 119
154 167
168 196
92 188
103 30
144 34
178 70
159 37
171 84
173 0
86 181
191 170
118 3
112 11
194 157
155 98
77 12
81 192
175 110
87 120
107 197
56 50
198 137
108 142
199 72
122 133
197 180
15 33
175 168
116 128
6 89
149 4
165 175
97 86
59 68
167 20
131 38
57 70
8 191
114 113
1 9
71 21
115 87
143 96
75 117
21 185
78 168
153 47
9 199
70 112
182 39
159 121
153 113
176 83
123 170
23 14
180 142
28 134
173 55
11 65
20 184
65 137
56 84
33 182
119 103
184 11
173 88
16 172
58 31
115 99
82 198
20 5
159 121
14 20
25 112
13 137
76 28
57 48
196 179
188 93
176 99
56 128
102 97
193 76
140 27
36 93
195 99
158 52
34 107
196 3
171 151
158 182
52 88
75 173
129 182
165 95
185 181
178 52
149 97
137 194
38 155
135 191
21 57
33 120
13 161
146 65
133 23
102 110
31 188
138 20
10 97
105 155
82 143
24 147
173 68
129 151
75 185
136 194
58 96
198 126
155 191
146 106
136 55
100 154
108 2
84 69
90 143
37 123
105 151
115 30
174 24
170 138
99 81
122 85
31 67
35 0
189 185
177 150
157 34
113 45
140 36
166 11
59 16
186 7
87 42
121 151
66 126
78 50
161 121
89 52
131 120
16 62
116 142
34 60
51 100
26 127
38 80
5 90
158 51
167 99
35 81
31 71
153 149
4 94
172 158
95 93
39 107
140 163
147 86
49 122
71 81
35 194
2 189
162 190
180 62
189 62
185 120
104 45
58 170
8 33
7 170
78 137
150 188
24 148
16 30
177 164
81 164
92 121
178 172
11 104
133 104
111 188
23 17
7 95
79 9
2 106
175 160
196 10
71 91
50 163
153 69
107 72
24 111
148 153
115 194
163 54
83 168
58 23
139 67
55 160
105 129
13 183
189 161
66 53
97 165
2 26
69 152
168 137
81 122
72 4
118 145
57 160
136 16
101 82
41 62
110 78
84 129
24 13
179 0
128 171
115 100
78 86
42 138
98 82
184 181
5 143
148 3
167 198
190 151
41 111
38 56
11 102
71 70
80 143
171 88
171 33
18 9
83 175
0 103
39 68
22 80
0 36
160 56
160 36
50 34
126 144
194 176
166 130
148 167
94 180
12 68
44 169
58 45
83 199
87 187
88 188
19 92
155 160
32 189
154 11
193 128
138 104
146 188
44 46
93 26
54 172
41 72
73 124
105 20
59 19
127 9
108 40
24 114
95 30
30 81
7 47
41 42
52 108
173 71
99 25
195 155
106 89
92 155
124 166
185 90
27 45
20 184
182 2
39 159
3 167
70 50
124 190
191 2
189 120
199 81
176 119
60 144
180 137
16 85
78 195
97 148
5 127
80 143
61 94
17 21
97 69
137 7
113 81
77 125
132 46
92 150
163 18
86 177
9 103
174 68
143 90
8 152
94 155
128 88
4 7
194 91
175 106
162 147
40 167
121 85
113 28
24 96
196 150
65 32
111 58
172 70
55 29
28 88
158 35
171 150
187 70
150 165
54 192
4 149
124 82
128 55
3 43
165 186
27 4
102 87
57 0
18 10
181 73
17 92
106 178
16 197
188 38
60 187
119 169
42 139
69 164
102 144
171 137
49 39
133 137
29 59
64 192
164 80
181 103
107 76
163 0
73 44
149 59
90 29
156 123
33 101
174 79
198 194
67 185
63 30
18 183
144 9
106 108
11 153
152 140
130 154
96 80
37 59
78 11
199 39
114 190
3 83
67 27
157 151
71 1
170 157
12 26
180 124
31 145
159 100
53 35
119 189
28 81
180 18
38 36
151 131
153 84
27 158
70 46
87 37
43 2
79 77
10 114
189 120
55 142
106 11
90 171
197 124
57 56
87 90
9 48
28 128
110 116
20 158
94 39
45 189
102 37
94 186
51 177
69 152
103 7
79 121
60 105
30 107
4 184
184 185
197 20
56 22
120 79
169 157
52 44
161 128
14 162
125 29
67 73
0 31
142 134
20 158
5 20
170 153
51 182
161 21
198 185
195 55
96 1
119 114
139 95
154 175
56 102
141 94
59 101
189 27
120 87
67 123
167 33
185 128
110 101
75 74
184 69
116 0
85 12
125 168
107 112
88 82
101 95
21 169
143 30
142 156
129 18
79 99
69 108
158 58
97 189
79 160
149 150
176 155
105 49
188 129
137 92
17 24
115 51
3 143
28 110
36 40
137 97
16 198
63 166
133 171
82 188
160 98
99 163
155 100
117 197
62 10
147 150
31 35
141 32
99 120
138 125
65 0
171 161
193 117
5 49
133 32
64 192
1 125
45 54
163 67
128 54
188 28
95 187
197 162
48 73
132 31
17 175
144 147
164 38
134 17
89 108
63 179
53 107
15 152
165 59
150 26
197 69
58 128
167 195
88 97
110 95
187 157
76 9
36 112
82 38
147 89
143 61
100 94
155 121
2 194
81 72
14 31
95 179
62 180
184 28
20 79
109 17
150 45
44 40
125 78
76 170
155 148
60 161
185 113
172 18
88 9
187 115
39 28
172 64
167 90
0 9
24 61
180 169
37 52
62 63
109 1
150 41
170 79
136 194
67 113
124 107
173 110
109 29
131 1
16 104
147 140
108 25
121 188
131 110
194 78
56 9
52 63
91 20
104 148
61 18
138 7
34 148
96 108
92 15
90 97
84 56
18 57
79 61
19 54
187 140
171 159
185 27
138 25
99 81
193 10
196 135
108 8
27 117
89 77
103 141
107 155
12 187
91 114
82 3
112 87
189 88
160 192
157 74
66 14
148 176
9 129
48 107
62 140
2 71
16 50
199 81
120 18
71 118
57 90
5 91
151 130
63 50
30 197
18 178
98 138
109 1
189 169
30 162
37 102
185 81
55 47
79 73
150 16
30 83
131 128
10 183
179 49
158 168
36 49
133 26
85 102
120 167
41 17
148 87
26 19
196 142
71 64
11 82
71 73
157 111
130 92
54 156
104 6
83 36
71 63
116 74
21 93
160 187
85 101
96 51
103 98
153 122
34 109
29 77
106 156
67 98
113 86
113 48
176 180
57 128
7 174
62 173
197 44
132 153
179 2
165 25
58 85
94 148
78 97
48 64
92 170
72 18
78 151
194 179
182 36
103 80
196 73
46 75
42 129
30 92
58 20
81 196
101 169
112 162
38 139
137 144
6 35
94 67
161 88
86 199
143 14
176 177
117 10
45 173
93 98
176 53
3 35
143 146
119 167
116 197
62 135
165 69
55 116
174 163
175 3
75 61
74 178
44 112
182 194
51 154
138 55
80 128
70 104
108 182
61 144
71 24
16 176
94 141
94 106
49 152
129 56
156 144
77 133
175 90
56 151
194 77
25 12
145 184
194 23
11 111
141 188
103 189
62 109
23 185
87 30
98 118
80 59
3 68
82 80
158 72
76 77
147 24
109 197
131 113
57 182
44 93
191 46
88 156
48 89
153 184
101 21
123 115
28 38
135 129
29 11
60 157
48 71
151 187
109 65
18 111
62 35
127 52
45 141
52 21
32 116
190 112
179 15
31 22
180 79
0 73
61 124
40 172
68 109
22 40
191 105
164 150
143 157
14 93
53 188
190 106
148 122
123 2
161 199
166 149
42 142
197 166
198 150
30 129
137 122
61 194
10 78
163 49
113 145
45 88
71 132
10 77
58 189
83 191
52 116
99 97
33 161
189 56
170 169
1 179
128 101
104 96
182 180
137 1
34 174
166 96
188 123
146 11
179 147
98 135
145 108
63 195
15 190
151 46
68 111
94 150
156 109
129 20
96 86
42 25
27 2
3 18
41 32
42 109
183 151
151 31
133 93
44 73
14 65
114 157
8 176
182 52
174 194
71 99
2 25
91 118
88 50
31 75
175 18
158 7
194 105
163 116
69 121
144 28
131 9
91 53
64 7
95 15
85 27
197 28
32 165
152 35
115 120
45 32
77 10
136 197
34 61
157 10
34 193
87 45
93 33
165 5
85 144
176 129
142 41
165 157
60 166
195 163
171 141
91 48
33 178
114 81
6 118
118 195
75 137
136 157
64 169
135 65
146 76
109 37
95 4
127 160
90 71
6 45
177 160
81 118
80 46
198 80
130 150
122 108
96 191
30 23
65 87
6 125
161 175
138 68
32 173
31 114
84 21
49 65
151 71
0 55
80 128
176 106
199 16
174 176
79 199
66 87
47 174
41 29
65 199
82 173
51 115
46 45
196 30
151 33
117 88
41 77
59 10
67 26
186 71
29 164
22 20
132 78
28 134
152 131
125 36
24 165
39 115
198 165
122 79
48 196
150 171
12 139
55 82
99 19
158 58
0 134
53 110
142 185
39 105
100 85
106 117
123 195
158 105
63 165
88 106
162 15
33 84
114 168
30 42
60 115
12 198
69 177
189 183
91 178
59 128
157 43
165 137
125 27
186 76
87 149
25 145
99 132
13 57
26 193
61 36
20 182
108 121
188 61
88 112
125 27
76 122
174 8
98 90
76 100
13 78
137 14
178 19
72 92
64 93
42 80
199 150
136 106
133 19
35 129
115 188
67 130
1 114
82 62
72 76
58 135
194 11
52 35
45 109
158 167
81 185
166 161
7 132
63 145
119 130
24 153
110 1
124 183
65 177
25 87
151 113
189 157
153 187
175 178
174 14
90 135
102 126
1 113
106 27
139 85
59 91
170 100
33 101
122 149
61 69
27 127
37 154
125 65
172 52
26 152
29 112
6 149
119 121
108 69
23 140
114 106
135 30
21 78
140 124
158 160
134 195
93 114
25 115
108 148
192 7
57 156
150 127
152 129
7 127
37 75
85 198
125 134
1 0
152 123
20 144
103 167
35 195
43 82
116 88
155 180
82 59
94 188
164 131
162 111
25 153
107 163
182 13
123 99
148 159
150 177
69 6
39 152
190 11
142 91
69 170
94 110
178 71
92 11
12 68
29 188
189 78
91 123
101 16
4 163
120 186
174 162
9 153
34 52
97 41
116 42
186 99
35 184
27 69
54 116
170 10
155 5
152 4
14 78
24 161
170 123
171 95
63 189
187 51
19 102
0 169
13 35
181 4
65 156
41 92
144 166
106 33
146 77
125 11
2 186
27 116
114 59
7 157
12 145
102 5
178 123
190 154
131 46
52 1
177 189
104 107
69 168
61 187
186 26
40 153
176 177
129 59
152 138
97 20
96 38
87 7
126 78
41 38
26 102
185 4
90 127
39 142
98 158
33 38
105 70
44 94
36 180
176 70
82 136
174 139
182 67
20 58
155 106
10 119
158 65
108 64
174 114
142 25
193 161
16 104
188 106
0 172
193 124
40 121
62 74
184 127
148 35
175 96
83 198
108 22
5 86
193 9
39 0
62 160
158 42
190 3
4 25
127 152
179 181
48 105
124 182
86 115
107 37
175 64
182 156
19 88
56 126
92 114
194 165
20 12
140 186
0 102
90 100
197 11
107 103
184 180
56 93
189 121
193 53
61 5
110 61
148 101
76 83
71 100
34 90
66 193
145 30
140 52
154 158
63 77
60 62
181 166
125 175
93 47
124 52
94 154
20 96
186 79
61 55
10 174
56 4
81 70
151 28
54 50
110 120
152 178
83 37
67 86
148 73
134 121
26 30
87 135
19 83
140 141
100 13
40 37
67 124
97 108
188 82
159 118
2 137
10 169
189 1
22 11
84 104
22 149
185 60
71 12
163 43
19 37
148 179
91 188
134 1
44 35
116 66
6 89
134 166
193 185
128 97
57 52
101 48
76 112
136 60
126 119
16 189
199 59
127 131
8 45
107 155
37 92
111 174
23 59
16 154
30 124
13 143
107 37
145 3
178 18
154 183
36 49
49 170
52 128
188 40
43 69
53 169
106 92
102 41
192 92
154 55
66 160
187 101
141 57
159 173
172 173
91 84
186 138
151 33
134 64
56 67
103 99
30 148
185 102
99 68
89 8
46 169
95 5
63 52
77 98
57 114
109 16
127 175
11 117
157 8
21 66
8 140
95 118
130 137
35 33
195 42
175 195
129 96
116 39
133 37
52 103
47 1
7 79
11 85
172 83
81 36
117 84
34 43
110 135
11 117
179 104
145 183
70 23
157 172
183 194
146 9
65 23
143 176
167 162
171 90
57 147
188 9
120 88
51 171
119 71
40 114
180 64
25 66
196 40
128 90
114 188
33 192
76 32
88 72
85 77
72 194
21 69
22 112
64 60
175 111
130 31
193 196
59 187
189 69
43 24
124 79
190 134
1 135
84 18
48 114
180 42
191 14
128 186
164 189
78 171
39 138
168 116
174 4
99 10
190 162
132 96
109 157
47 56
3 139
10 191
199 107
49 124
175 154
8 175
10 197
22 173
138 59
87 112
185 74
182 75
22 85
68 65
135 70
120 41
98 32
73 197
139 95
15 183
110 178
91 140
155 190
190 96
113 23
79 128
131 26
172 91
159 94
57 23
192 109
14 182
34 146
130 128
142 9
15 178
34 35
18 139
46 82
114 199
41 54
20 80
8 157
165 43
107 52
165 128
102 180
155 121
183 48
144 1
74 123
19 81
130 57
195 62
143 63
58 28
196 52
28 117
167 15
37 194
46 88
71 73
105 128
101 168
142 88
57 10
96 168
117 19
143 63
34 43
46 59
67 93
145 110
163 167
44 185
90 29
168 135
148 43
78 145
107 131
156 18
60 147
65 62
182 38
177 171
126 192
75 109
191 153
80 90
171 131
55 54
53 105
172 17
128 172
135 3
80 26
55 199
30 51
91 67
78 108
40 196
107 165
67 109
196 49
119 15
56 163
172 166
84 42
35 169
23 193
16 66
61 184
149 73
51 162
147 169
36 73
4 34
142 130
117 73
161 20
28 52
136 41
116 190
170 81
49 158
32 6
34 97
74 53
40 79
196 156
55 175
71 143
13 178
102 181
174 47
33 130
189 102
107 159
34 49
69 19
75 148
106 55
84 2
45 1
60 70
177 51
87 44
18 29
36 147
9 69
163 178
169 158
157 94
80 90
127 133
99 162
178 16
47 192
64 127
29 77
163 136
51 150
9 110
75 165
79 142
32 27
121 66
149 187
129 121
45 32
157 100
158 40
95 176
57 42
161 170
136 75
131 126
62 34
92 99
3 102
20 194
189 173
3 188
62 98
123 41
129 57
99 187
128 120
53 90
181 158
59 166
129 153
53 153
21 126
158 31
91 199
112 24
20 165
65 12
0 173
169 53
124 142
46 103
55 9
151 17
19 59
25 110
29 18
123 7
134 41
127 16
146 40
85 13
28 116
73 131
22 9
99 48
79 48
122 155
7 139
145 101
83 167
62 173
67 198
62 2
62 98
181 3
147 154
156 175
39 33
35 109
90 123
174 175
190 38
28 55
131 115
11 0
82 102
168 41
149 124
136 6
17 105
137 127
179 185
64 96
51 49
190 9
71 28
57 173
185 84
93 47
10 45
94 185
8 48
145 40
96 69
13 125
1 196
165 99
102 182
97 93
100 27
199 60
121 153
69 86
194 191
104 66
186 69
162 78
96 67
176 197
67 146
77 56
166 126
26 113
48 4
98 23
4 187
120 163
71 138
154 139
133 170
48 110
166 191
177 163
62 18
163 137
132 171
170 98
32 143
31 123
40 195
73 66
186 80
102 143
68 83
160 171
62 112
93 196
129 176
175 90
196 198
188 126
185 48
172 113
199 137
116 195
86 47
122 93
157 168
79 26
103 178
171 127
38 29
60 158
192 165
2 11
85 90
186 176
40 193
105 106
145 171
197 36
3 158
51 90
14 100
16 30
86 178
88 80
89 122
167 144
6 156
51 172
50 98
116 146
144 2
25 145
53 172
56 47
188 160
164 29
172 21
77 83
3 192
45 32
30 133
17 169
27 117
197 174
17 143
76 83
173 165
89 8
35 102
10 75
65 51
36 139
8 28
149 51
1 127
82 176
96 62
56 168
102 69
91 60
99 96
172 162
198 171
126 44
40 64
184 196
31 116
49 158
138 151
180 198
99 115
180 175
172 85
93 103
0 80
59 5
19 7
106 166
11 111
83 117
111 155
121 76
191 15
30 8
167 113
6 121
12 106
142 85
159 122
61 158
132 16
193 100
122 34
171 175
144 22
110 122
177 187
148 120
61 82
107 9
178 17
89 63
3 195
15 79
126 133
88 25
23 62
29 124
195 12
87 70
144 64
189 22
120 176
183 1
199 110
159 114
140 32
192 0
152 140
162 149
29 87
63 147
153 94
38 9
84 145
88 25
137 39
153 81
21 150
198 139
46 128
32 67
151 58
22 60
24 131
10 157
151 4
25 114
92 167
95 79
102 199
184 92
1 104
15 189
83 12
93 193
40 170
162 52
18 173
19 127
166 26
157 105
44 17
69 175
177 145
59 158
99 191
138 1
179 51
68 129
136 176
111 34
165 185
119 43
86 130
14 111
55 21
16 55
185 14
8 3
129 150
173 166
129 30
75 63
77 151
65 16
119 193
27 148
146 21
83 6
59 138
100 150
8 65
144 162
152 127
137 170
31 189
102 76
195 2
65 37
198 118
162 96
103 165
64 163
10 160
74 93
168 3
54 59
146 130
197 44
186 149
60 99
195 187
195 107
102 139
3 173
173 131
130 35
75 8
18 100
33 120
179 6
53 156
10 32
97 90
178 64
178 85
66 54
158 147
196 62
98 177
9 32
62 183
91 82
173 61
93 126
137 30
17 190
49 138
96 153
27 142
176 101
154 71
120 161
79 184
157 55
120 28
18 79
128 155
95 149
4 165
99 159
191 185
91 87
74 80
28 39
167 155
140 159
110 15
3 185
85 97
140 7
184 74
107 111
156 124
45 162
3 116
67 135
176 66
123 181
61 191
11 172
164 96
140 28
192 162
140 103
144 57
75 45
129 47
55 143
198 155
192 7
99 167
5 155
59 183
82 159
131 141
140 61
151 132
154 167
15 59
88 99
196 10
159 60
164 189
114 3
148 144
72 153
171 20
169 151
132 119
73 139
123 170
57 129
32 197
142 136
58 118
89 141
169 146
106 139
168 56
162 28
66 133
96 115
6 59
119 140
172 64
25 163
165 10
162 49
32 132
156 111
121 79
178 151
88 25
81 18
39 169
95 96
151 46
149 94
197 39
20 57
130 87
137 29
39 45
146 152
103 65
108 141
48 105
81 88
186 105
188 95
42 56
46 55
39 57
133 158
137 159
47 125
44 181
129 114
170 1
147 14
125 111
22 144
143 129
128 66
76 64
47 90
144 194
138 69
8 116
125 136
37 78
143 49
62 158
134 102
30 47
113 8
187 169
4 184
43 144
32 5
59 40
22 146
92 107
166 19
163 133
57 134
166 150
8 63
19 106
62 91
88 199
147 166
157 83
128 109
60 55
93 137
172 156
28 138
84 133
123 163
5 156
99 81
45 160
8 50
185 176
118 69
118 91
108 107
65 101
165 18
103 25
21 134
171 196
77 184
118 164
148 199
147 95
48 191
143 20
49 117
54 199
134 163
172 100
128 157
126 77
187 3
27 170
39 151
77 177
54 71
186 161
110 162
1 129
177 192
74 157
16 170
33 153
72 20
82 159
32 52
150 31
167 20
182 52
77 155
79 26
103 173
170 125
33 173
8 166
83 40
7 86
95 198
150 168
104 127
76 195
161 167
3 113
147 150
108 71
74 120
22 97
138 126
187 11
106 29
72 198
135 144
44 15
19 163
29 26
124 3
36 50
182 88
196 40
15 5
139 63
159 66
67 195
83 191
165 98
117 47
177 60
16 101
142 70
146 180
84 87
71 97
170 20
115 93
83 165
116 41
35 151
27 107
49 146
44 96
1 90
105 34
137 19
97 145
81 44
84 25
114 88
175 72
127 53
150 105
87 95
190 162
38 26
28 72
154 46
34 16
26 173
126 103
163 118
70 73
73 121
2 171
173 57
140 69
107 162
187 144
7 183
144 82
131 2
13 111
88 171
66 93
6 70
34 109
97 110
56 35
133 89
35 154
1 161
55 182
130 6
135 23
197 159
145 187
18 67
133 35
31 73
41 195
50 178
47 199
104 123
65 126
67 38
124 149
71 84
160 34
143 162
163 110
94 121
166 11
69 45
123 125
199 160
43 172
145 33
123 65
166 149
149 142
172 65
175 114
100 163
69 58
154 71
130 9
69 47
152 19
78 110
126 8
29 105
91 147
142 67
128 17
78 40
137 11
57 142
126 104
99 100
129 55
187 47
134 132
45 21
94 105
183 54
168 33
95 18
116 75
40 188
179 95
46 125
11 163
117 91
58 97
32 0
192 179
68 170
46 190
197 127
22 141
143 191
159 92
143 138
181 125
101 135
139 178
197 182
20 146
144 44
46 7
112 113
190 14
57 72
126 0
82 90
112 36
79 44
92 153
59 119
90 116
70 90
89 145
117 123
118 39
22 18
77 16
137 195
26 191
90 151
184 199
190 25
100 38
3 94
127 42
35 195
60 151
26 100
117 115
166 108
114 27
29 80
98 25
194 58
38 113
75 146
73 114
164 167
117 65
102 174
113 105
142 150
91 79
130 8
142 114
135 61
103 109
105 22
77 83
179 139
165 175
187 2
45 130
166 30
123 134
170 47
193 128
61 147
98 76
154 131
40 159
184 13
128 149
6 107
114 151
67 91
149 176
186 104
107 4
102 64
99 100
28 66
78 9
17 161
180 121
3 20
147 161
80 146
24 72
120 20
70 170
52 178
103 72
48 81
152 141
75 154
79 76
181 93
164 62
163 98
18 20
131 52
127 58
165 188
189 75
99 36
153 139
167 25
12 10
65 103
131 23
61 145
99 181
8 54
61 173
108 124
193 45
36 142
163 99
78 66
190 175
66 193
162 140
135 156
137 42
75 70
121 117
80 81
97 16
24 110
96 23
72 0
165 37
59 166
111 88
193 199
115 68
110 0
112 96
146 96
55 134
162 103
64 111
177 81
77 148
140 186
3 23
164 22
78 100
115 34
37 167
193 189
178 137
119 112
163 4
92 20
126 73
138 53
109 122
106 59
17 89
144 80
70 16
27 85
103 29
155 122
178 70
92 13
28 27
187 158
142 82
67 87
169 89
9 124
43 16
50 40
112 65
60 5
39 97
80 191
99 92
44 52
151 25
32 5
125 43
84 172
136 62
0 62
183 92
132 93
15 81
199 30
86 52
49 88
151 189
199 156
159 15
27 50
178 48
112 177
158 166
162 153
101 149
91 130
170 157
41 25
136 107
149 196
159 8
48 57
129 158
41 108
104 135
56 9
1 68
184 148
109 190
174 99
91 199
50 147
125 133
119 106
191 151
6 121
169 143
158 39
198 32
136 69
81 158
49 96
61 13
179 104
188 195
122 185
189 21
115 97
149 26
116 77
23 3
163 23
151 3
147 20
148 8
8 176
6 43
37 169
47 20
159 132
16 51
6 70
79 61
59 41
31 168
9 87
178 176
149 55
53 37
141 40
120 136
139 62
190 175
3 171
169 166
32 175
151 83
84 164
104 65
172 165
48 152
73 88
74 31
139 183
88 70
141 73
148 14
65 150
42 142
195 166
6 64
155 161
179 199
134 75
17 3
51 60
107 47
77 174
39 163
137 156
105 180
193 166
178 114
124 46
178 56
41 90
137 109
40 171
161 13
155 119
107 85
110 132
115 46
19 91
164 161
181 117
66 77
79 55
7 37
105 104
81 103
196 185
143 182
53 109
3 79
156 143
123 159
156 114
165 99
58 128
5 116
94 134
6 97
119 174
65 32
12 31
16 192
5 174
3 99
152 13
54 37
65 68
166 10
67 179
195 163
186 99
94 45
85 35
6 121
22 77
11 109
108 18
111 36
15 158
124 80
7 149
107 133
78 87
80 110
57 102
136 144
96 150
130 9
130 60
46 190
89 2
72 181
139 27
15 133
125 31
185 158
15 17
134 160
160 173
192 114
103 148
10 56
121 48
18 45
1 166
82 76
100 50
189 182
68 93
124 11
21 8
161 86
178 55
71 57
73 164
186 54
129 169
125 79
119 93
29 63
11 105
115 198
92 81
195 66
32 82
41 75
183 5
11 152
95 180
103 65
167 122
130 146
188 137
61 13
14 39
182 20
171 51
55 66
88 127
8 193
114 7
148 50
104 132
169 161
125 61
183 66
64 117
72 178
179 112
15 13
187 46
61 64
21 134
128 72
193 103
154 6
198 194
65 87
43 107
52 30
138 82
52 19
50 52
165 190
87 194
57 67
4 155
36 158
81 42
98 80
86 47
33 5
63 102
114 1
58 77
193 189
57 154
16 142
158 20
156 16
152 36
79 92
13 152
146 82
3 45
112 68
145 197
103 198
3 37
148 107
123 125
25 169
15 26
110 111
34 3
155 4
23 4
17 16
54 166
68 189
59 49
192 51
48 198
165 129
151 131
33 81
29 67
151 111
66 178
78 58
8 139
96 42
97 29
108 112
109 26
104 197
56 136
74 37
106 123
180 52
49 88
150 177
197 67
104 60
31 60
160 67
173 55
155 104
104 0
35 191
145 35
7 111
63 14
56 4
129 190
107 78
11 144
58 129
60 16
66 94
115 138
52 41
37 166
122 75
183 137
101 66
98 173
149 28
111 132
160 188
171 99
161 74
176 51
30 111
112 182
144 194
11 71
67 73
19 189
123 2
151 34
26 89
195 51
3 170
112 17
11 145
100 198
64 166
47 177
25 40
75 43
51 95
142 166
188 156
121 17
36 29
79 110
43 145
128 176
23 54
195 189
25 92
195 114
175 194
129 19
87 21
115 15
10 0
4 64
16 6
34 27
94 132
100 168
184 166
159 161
63 114
132 19
49 181
86 153
198 119
80 160
86 97
95 101
117 73
11 145
176 103
113 144
95 47
18 79
150 89
149 183
179 147
192 37
140 47
154 184
55 3
18 171
179 66
43 93
186 46
108 96
79 3
42 76
13 70
116 30
127 30
188 91
0 149
167 169
154 198
136 54
17 117
143 18
119 15
170 67
166 22
130 22
21 46
45 129
164 145
158 113
147 194
165 90
128 20
28 11
199 67
69 1
6 46
137 28
93 76
178 36
188 81
95 18
152 163
197 56
121 65
1 151
89 176
59 72
71 128
138 121
142 194
16 53
101 14
48 161
45 90
165 150
7 50
148 29
183 90
148 61
84 183
135 158
37 16
6 53
5 121
7 24
5 196
125 152
18 69
156 119
119 58
87 29
175 138
12 181
28 176
100 32
91 113
62 88
106 46
173 166
184 178
167 4
62 15
129 6
59 94
72 54
162 185
186 4
169 41
170 171
79 14
131 43
84 185
198 9
132 125
95 74
109 180
96 52
130 180
192 89
91 116
49 75
61 83
50 30
155 185
145 41
30 2
161 176
184 44
151 26
89 111
192 44
51 65
154 157
186 130
83 183
67 45
177 97
101 120
168 150
163 51
8 183
9 75
149 139
144 186
23 22
115 118
180 190
71 99
115 96
37 191
88 85
12 71
148 35
140 52
170 80
30 183
185 104
29 148
188 125
26 68
52 34
160 12
81 38
131 81
44 1
111 29
170 99
153 13
151 98
150 112
148 184
182 14
195 143
36 156
9 74
30 32
112 17
141 65
18 131
68 186
126 81
137 59
35 158
191 132
32 55
170 106
52 85
181 84
16 64
99 149
107 130
89 88
66 60
145 73
91 179
41 17
122 186
39 57
123 190
8 1
136 55
97 2
76 11
33 181
12 121
181 142
35 103
10 69
194 123
106 26
56 100
165 83
14 88
48 68
160 112
51 111
83 170
66 102
8 63
65 79
25 121
97 155
89 180
125 77
125 2
5 99
77 45
26 62
125 77
58 15
64 89
157 167
174 111
32 82
178 19
111 28
179 37
76 56
171 156
16 81
160 73
157 151
44 115
131 164
196 73
53 102
119 78
70 112
87 178
150 21
96 76
115 67
146 172
66 112
22 118
160 4
19 131
54 107
9 186
21 10
13 153
110 190
20 5
153 4
0 39
109 20
63 137
90 191
171 90
85 138
80 53
23 163
94 163
80 115
77 61
62 84
143 175
190 48
94 71
93 113
146 103
179 13
92 44
143 33
137 74
191 185
122 37
6 103
93 26
181 124
41 154
71 188
20 5
51 27
51 23
188 33
190 173
29 125
65 125
59 0
150 24
166 150
173 156
193 163
149 186
188 10
172 48
139 97
37 194
21 5
112 14
141 77
8 168
17 131
15 98
13 28
68 119
35 2
120 8
167 197
10 169
178 191
117 7
72 132
184 37
27 177
41 153
71 109
39 91
50 152
136 71
135 127
65 184
164 48
188 184
124 53
110 107
43 42
70 62
96 72
110 67
148 137
198 10
162 61
60 136
103 9
6 191
23 136
117 183
134 154
110 60
82 33
179 20
72 7
104 65
38 9
74 189
143 49
112 103
57 154
90 139
179 113
186 26
61 151
5 191
162 134
122 39
93 117
176 173
81 43
94 34
144 75
4 190
27 91
187 18
133 129
188 83
61 40
151 132
9 88
4 101
164 163
38 163
194 52
62 18
71 14
68 103
154 22
189 196
0 167
168 72
149 36
47 141
25 120
51 45
151 139
100 151
180 118
132 36
97 159
135 74
102 167
192 102
45 62
132 66
14 0
190 122
33 39
23 168
165 190
130 52
55 128
24 148
92 123
143 117
193 134
61 137
49 37
165 184
98 34
29 129
16 59
30 150
126 28
157 18
118 193
83 139
108 23
93 86
81 168
116 3
41 184
54 94
78 186
199 181
123 59
103 145
149 40
4 183
101 75
60 73
131 37
119 90
160 101
120 72
164 162
77 176
32 132
131 134
147 184
27 64
60 42
93 98
35 10
101 179
103 183
146 123
3 134
29 134
147 184
47 146
182 172
48 124
32 155
94 165
70 71
17 65
188 130
12 58
96 76
179 128
126 139
40 116
194 10
15 159
186 88
127 16
135 104
12 120
22 45
130 94
25 75
4 62
62 131
102 5
199 156
72 181
157 61
44 68
23 192
117 38
20 157
140 7
179 198
47 12
31 9
199 29
140 112
50 120
199 119
54 133
186 91
57 81
35 155
119 139
61 186
88 9
149 55
48 86
94 43
47 67
27 182
48 114
77 172
9 157
189 47
130 63
136 13
169 161
53 70
161 85
66 69
109 188
33 30
104 110
82 45
34 192
162 132
2 126
163 172
188 178
167 195
176 41
56 103
100 67
18 138
113 191
60 182
171 178
103 178
54 30
79 14
82 20
23 180
187 100
52 3
39 42
98 89
59 144
96 82
166 26
82 80
97 138
111 33
144 65
137 105
158 15
164 40
69 116
26 82
32 183
196 166
126 79
18 86
93 129
132 182
130 13
103 12
149 34
113 80
100 115
166 96
37 24
34 143
149 165
74 69
182 125
42 123
175 11
70 15
170 80
170 71
163 98
29 42
14 182
5 125
168 21
42 182
35 66
65 72
173 152
170 197
190 90
96 33
125 29
21 40
3 160
174 155
125 66
29 85
125 53
153 152
81 32
198 103
147 13
73 157
91 13
10 21
62 20
150 73
2 36
117 139
39 74
179 103
121 3
118 36
122 170
64 194
87 97
153 78
94 14
117 187
145 152
182 170
196 147
119 97
141 37
72 0
27 138
131 166
111 182
116 119
181 45
3 27
48 192
6 125
143 146
40 139
42 156
2 104
16 195
154 93
104 30
62 131
13 173
122 11
114 59
144 135
154 45
100 26
128 176
38 168
192 85
11 29
163 134
153 5
85 68
57 169
52 107
144 158
62 182
67 82
157 118
30 22
171 153
188 111
172 38
31 98
81 134
197 162
11 181
164 128
153 54
107 139
68 64
145 120
9 29
112 100
138 142
142 93
81 100
119 99
53 55
84 190
27 170
142 55
192 138
125 23
181 162
20 131
174 47
15 59
53 195
175 182
180 57
187 177
33 126
64 136
83 121
100 106
14 140
110 5
80 1
174 67
131 98
135 60
59 100
90 80
77 61
10 152
57 39
48 8
108 197
53 193
55 87
126 115
96 60
48 105
87 184
193 37
114 98
20 142
86 160
79 130
198 88
22 105
3 99
2 26
48 149
165 49
43 13
102 109
21 8
108 167
120 94
157 179
104 35
1 124
186 52
198 166
95 159
135 32
16 7
21 171
105 163
58 50
22 156
197 166
42 98
138 187
76 152
134 145
166 66
122 97
172 80
19 107
173 44
111 124
54 117
89 91
189 2
142 159
117 52
103 106
35 49
83 70
16 159
143 62
36 154
138 164
32 26
187 155
106 14
98 18
72 185
184 134
15 65
74 174
70 55
85 12
160 132
1 153
198 25
31 71
105 191
39 14
35 113
89 104
165 79
83 137
153 16
33 196
183 95
142 73
5 3
154 160
195 146
24 152
111 110
66 118
5 35
138 150
170 8
16 51
124 79
42 163
33 41
155 169
133 35
191 157
153 114
83 11
58 178
122 156
131 45
135 112
161 65
99 73
133 161
110 180
39 166
106 192
101 33
154 30
121 49
33 100
70 130
69 89
20 41
176 29
162 128
176 87
13 164
31 153
4 160
38 37
58 174
60 49
152 117
69 118
69 132
185 61
22 0
1 137
55 188
33 148
197 192
35 53
72 35
194 52
81 194
129 25
95 153
22 138
128 115
11 53
49 69
37 182
105 84
37 29
124 45
187 167
171 12
15 131
58 86
161 131
130 175
114 35
189 33
9 165
90 165
165 148
158 86
23 132
29 117
13 39
27 92
52 112
130 34
148 118
162 100
104 98
12 92
80 59
46 37
122 118
52 75
119 192
100 70
115 170
87 23
57 6
69 124
13 2
105 152
147 134
87 103
7 17
104 27
198 69
142 127
64 115
93 85
135 174
150 28
19 48
50 142
101 151
123 168
2 126
46 138
84 40
172 56
183 119
176 70
15 147
91 30
7 84
194 153
181 38
96 109
134 54
97 119
57 182
41 8
115 23
148 91
170 42
24 48
140 77
13 121
63 98
186 188
36 12
33 89
162 193
58 50
140 150
83 35
145 198
91 53
197 8
184 107
58 27
27 37
154 87
142 145
39 68
95 64
170 50
14 181
92 65
195 11
125 81
158 49
102 183
70 127
158 126
61 48
6 96
10 190
0 59
170 103
69 19
57 3
189 61
189 26
163 118
176 25
149 159
106 98
148 190
150 87
116 155
165 111
93 122
158 92
124 122
17 199
199 153
121 2
113 111
23 60
113 155
65 114
68 19
190 135
131 83
29 112
40 134
35 34
14 15
60 51
82 100
26 40
137 89
89 68
105 89
2 173
62 128
183 165
34 121
5 95
92 45
138 163
114 138
142 58
74 95
168 86
185 165
125 86
197 116
144 113
39 24
27 41
189 145
29 48
29 82
61 93
172 187
129 130
82 190
193 126
95 25
52 194
155 71
94 91
2 121
72 10
158 77
117 1
99 88
158 38
110 19
54 20
129 64
62 92
127 93
94 125
10 29
128 22
143 191
72 65
96 102
177 165
18 93
63 151
28 76
61 74
164 102
4 115
99 92
113 168
194 139
137 132
145 191
133 125
106 141
60 119
183 179
75 92
7 36
198 136
100 116
165 137
52 166
117 82
63 173
117 35
10 149
151 90
191 93
150 47
150 39
80 5
49 191
186 139
153 90
150 11
67 25
53 57
73 127
173 178
190 63
127 101
3 27
163 42
136 197
153 190
5 80
125 59
17 173
79 189
19 81
174 52
49 25
49 87
132 189
167 26
88 92
97 186
197 12
93 4
109 185
36 105
4 189
62 172
17 47
81 28
185 86
103 2
156 0
144 168
173 153
147 172
23 117
150 4
164 45
130 131
76 108
183 87
53 143
121 41
153 97
142 98
50 106
2 165
16 151
82 48
89 9
73 55
98 157
46 122
74 150
70 167
87 107
184 25
96 172
183 104
76 134
162 24
194 3
104 46
84 135
197 104
6 2
90 159
123 1
148 189
140 143
181 16
126 34
86 51
52 15
181 177
173 137
145 152
196 169
141 20
93 96
169 82
67 112
83 130
143 102
41 117
69 114
108 94
156 41
190 5
0 170
18 120
118 194
22 10
168 163
184 119
118 62
194 16
125 88
24 192
173 186
16 28
80 165
48 133
34 182
140 66
45 24
105 2
53 160
33 177
67 196
49 88
187 176
155 3
195 61
72 3
134 97
111 158
87 155
170 137
67 105
82 85
178 96
101 20
94 134
162 41
68 33
57 6
102 16
51 80
138 48
167 177
136 115
68 62
198 89
102 138
140 87
155 15
19 188
18 171
38 5
199 59
182 180
120 110
193 52
166 26
57 123
11 173
28 54
167 93
12 83
12 14
149 12
97 105
38 42
194 170
57 167
140 113
80 29
44 170
186 88
47 118
177 48
20 75
195 168
146 165
176 21
9 80
96 150
153 157
114 119
125 198
169 33
84 142
176 33
176 143
124 94
135 114
111 89
186 172
1 5
115 154
26 97
163 196
174 180
30 183
52 21
87 3
67 147
112 39
81 181
158 10
142 72
117 78
65 75
7 39
77 43
26 16
106 20
62 194
19 192
172 79
92 3
196 63
74 155
13 152
187 172
60 172
82 185
132 199
147 67
28 197
157 141
121 23
22 46
21 11
24 158
147 43
52 142
29 8
148 169
129 94
84 25
19 170
170 89
136 119
68 181
57 124
37 34
159 6
173 44
136 107
132 82
117 40
86 135
65 92
85 108
75 16
172 66
163 134
19 108
144 3
23 174
182 86
188 163
60 139
94 123
69 50
61 150
126 73
152 96
64 25
22 72
181 36
97 187
111 6
159 44
113 171
88 195
183 127
51 176
133 165
145 14
106 38
15 164
165 184
78 82
72 95
140 7
118 171
130 86
11 178
78 9
96 178
14 163
136 195
140 86
68 177
72 133
121 132
43 126
126 131
112 135
75 32
25 96
197 168
163 45
19 37
143 8
15 140
14 16
159 36
22 161
5 30
168 79
186 123
118 194
136 28
87 166
119 185
59 27
90 18
6 10
119 95
84 34
20 41
132 112
196 199
58 80
100 94
20 148
151 39
10 91
102 117
92 77
50 79
61 52
96 6
150 19
87 136
47 184
77 0
175 179
198 176
143 155
29 30
92 14
147 46
189 140
183 35
20 165
44 43
145 54
128 61
132 62
105 10
166 57
85 9
89 145
192 55
108 104
121 11
10 94
148 195
92 179
117 34
13 76
132 50
73 102
54 52
151 183
58 166
55 62
109 19
82 171
181 14
45 104
169 190
145 78
162 38
104 113
65 81
98 94
174 24
107 148
72 132
121 116
165 25
186 31
100 16
108 68
32 31
196 10
142 85
61 83
18 16
131 186
1 105
190 21
164 65
167 81
47 9
32 118
130 197
30 77
99 115
74 59
171 68
149 147
53 101
103 198
38 108
161 101
90 173
94 7
71 36
116 91
7 173
65 33
142 131
19 169
4 135
105 12
53 10
50 9
164 50
74 185
0 138
43 106
187 81
128 176
22 115
56 30
13 66
85 53
156 165
181 32
89 196
38 199
33 49
20 151
128 31
129 77
31 132
137 1
100 181
180 0
82 128
162 45
160 91
55 81
9 116
33 54
87 71
179 105
168 137
97 142
111 61
197 26
166 32
29 130
119 35
174 76
175 16
43 153
115 128
122 100
168 75
138 161
186 94
174 176
27 158
137 32
38 190
41 6
35 94
110 74
122 143
198 108
3 191
193 37
102 8
142 51
32 21
110 161
68 186
95 117
58 143
77 123
192 126
150 198
10 184
130 45
61 78
172 104
113 3
7 102
48 20
21 35
121 4
197 185
65 127
70 47
157 149
52 168
143 11
95 152
132 138
111 15
150 140
22 53
30 21
5 103
70 185
86 100
119 59
154 80
197 183
8 134
87 130
161 96
124 129
199 68
143 192
175 114
75 35
25 83
191 125
177 11
172 31
56 164
3 97
190 32
185 126
47 128
66 18
126 143
42 16
192 43
196 103
115 157
89 141
43 142
132 8
137 133
193 117
119 134
11 61
6 124
102 187
4 41
140 168
83 42
5 34
116 91
128 79
198 115
33 75
141 74
24 25
100 75
187 81
81 161
119 144
173 13
49 61
86 23
60 9
139 166
162 103
106 146
170 52
190 65
106 78
49 8
165 1
71 150
28 91
116 120
44 69
137 131
16 150
115 23
131 167
9 102
101 32
123 135
178 144
113 99
156 150
37 189
125 85
149 62
74 184
84 23
36 8
112 167
120 107
156 57
7 9
131 46
144 192
23 39
57 24
15 199
149 150
119 78
58 177
132 144
157 139
173 156
177 1
58 41
63 185
143 23
145 7
96 63
149 133
156 45
84 172
135 97
77 85
196 23
100 144
188 175
99 150
95 197
74 137
102 115
156 112
159 156
142 4
77 65
113 83
73 126
151 69
59 178
161 118
10 195
171 6
147 119
168 56
62 136
70 69
11 101
42 154
122 140
135 160
73 44
124 2
5 0
83 120
25 56
43 131
60 19
44 34
80 45
118 144
129 150
37 24
40 165
154 17
144 115
41 149
122 154
17 161
136 51
66 76
11 114
108 110
78 167
97 133
65 60
199 49
67 28
23 142
51 7
118 71
13 132
161 49
168 185
98 144
79 89
102 25
189 70
170 40
80 154
122 124
85 147
65 174
92 50
70 172
179 127
69 51
50 137
16 47
9 90
89 183
121 71
117 181
79 84
81 83
140 163
86 31
79 76
186 10
44 89
87 54
79 47
137 195
182 99
89 166
170 117
4 117
84 106
129 144
167 8
23 195
75 166
25 41
27 70
79 152
93 164
98 89
95 145
171 117
12 164
48 76
29 168
152 74
92 131
173 117
97 169
53 182
34 197
167 46
42 83
100 183
55 124
101 41
115 91
52 69
189 126
171 139
157 158
83 155
138 22
66 20
63 180
75 99
106 164
152 18
145 8
10 105
126 3
52 19
11 119
56 170
118 166
121 155
54 136
177 6
12 59
3 15
79 127
48 131
193 82
187 142
18 133
78 119
125 79
80 58
75 189
119 191
150 27
82 198
94 73
63 132
30 43
104 118
168 132
66 97
172 106
147 174
30 95
158 82
123 132
125 95
182 25
113 193
15 149
85 11
115 30
145 177
31 41
72 33
151 42
123 72
99 137
26 72
33 79
40 109
180 156
96 93
181 73
95 52
174 39
64 44
70 94
128 61
145 158
134 196
113 115
172 23
20 109
70 31
196 43
83 30
169 97
125 177
112 45
7 95
186 66
42 149
76 75
81 21
67 33
146 159
180 136
77 91
145 50
157 2
67 188
163 87
82 87
143 95
162 81
10 99
66 88
64 116
53 166
113 22
149 60
158 114
39 189
101 110
138 35
193 152
199 12
25 22
145 73
133 124
95 11
86 137
55 27
129 167
32 171
34 52
170 40
2 138
23 50
153 50
62 108
63 47
87 88
171 25
181 83
99 140
162 167
153 106
163 62
128 85
100 191
170 154
63 101
157 189
97 100
95 116
26 131
137 100
139 73
2 178
40 11
112 90
151 7
30 162
169 129
19 40
3 9
50 130
194 10
74 100
85 18
75 169
2 58
23 136
168 88
94 133
100 149
183 24
120 156
38 72
0 187
48 197
77 128
58 83
81 183
1 88
5 18
22 146
8 19
89 132
161 164
102 29
188 96
115 7
21 124
189 128
44 56
138 40
28 126
142 38
62 97
9 56
111 128
190 76
26 7
143 107
128 86
124 59
35 135
9 135
126 195
178 76
126 8
60 46
129 15
0 84
103 57
0 84
8 125
177 120
191 163
159 160
69 93
125 14
84 188
80 75
192 46
15 141
196 164
192 179
134 92
129 173
27 24
27 20
14 127
68 132
96 30
103 79
179 71
71 26
150 120
186 184
166 17
91 13
57 32
160 167
134 6
26 193
76 162
113 77
125 11
182 10
39 68
42 12
34 106
178 62
86 123
157 13
198 118
10 55
44 162
46 102
19 7
26 64
42 53
64 179
165 46
19 103
147 42
85 42
85 156
101 138
199 130
143 173
86 141
18 158
68 133
90 23
126 110
66 108
161 122
34 53
41 32
46 199
121 184
187 34
72 23
73 123
175 53
175 173
83 63
35 156
189 193
186 63
4 90
37 127
178 115
28 176
137 13
189 18
172 71
35 168
55 189
99 116
130 84
182 44
153 143
90 123
170 34
143 58
39 178
147 150
194 23
148 13
162 194
33 125
56 173
113 186
85 10
13 129
187 36
10 109
16 36
26 83
50 3
19 9
139 181
100 10
166 138
145 122
28 37
2 179
165 72
169 56
191 75
8 83
180 65
113 40
8 141
113 163
115 96
67 81
156 120
46 33
61 146
157 148
137 180
60 84
96 52
48 114
157 150
62 164
156 191
27 146
103 126
124 150
10 128
99 188
19 136
37 191
29 73
96 80
106 118
0 55
105 88
167 174
141 177
40 45
106 38
25 101
135 177
186 34
180 68
72 141
145 21
50 146
137 104
106 71
37 7
104 180
161 23
76 32
129 147
46 169
198 127
162 78
61 141
195 57
195 68
116 113
128 109
100 192
111 155
84 126
33 148
114 21
29 184
112 183
14 167
71 120
189 33
83 172
164 102
57 135
108 69
2 3
106 102
131 128
199 128
68 154
64 168
78 88
19 99
131 33
76 113
190 122
101 164
93 182
181 151
3 47
138 172
4 160
16 95
188 120
70 94
13 43
30 39
154 56
193 129
96 134
26 182
175 87
128 40
173 18
66 21
27 24
97 199
153 160
191 182
168 191
19 8
55 86
17 81
146 122
39 147
0 159
0 164
99 2
143 5
61 53
109 163
53 175
153 125
93 61
27 195
63 168
157 99
50 173
15 70
96 85
105 53
71 4
125 92
31 152
195 136
41 176
111 149
37 143
149 19
36 169
130 13
193 188
89 123
191 62
182 151
98 39
78 2
182 119
85 171
195 145
78 73
199 81
3 138
4 82
69 9
88 130
9 10
25 12
19 153
178 35
38 99
103 109
160 191
25 37
59 12
41 104
14 100
111 153
10 59
181 92
117 118
124 179
88 98
22 168
178 67
171 73
165 8
72 103
9 83
67 180
38 160
80 33
152 148
26 166
20 162
194 128
101 3
188 48
87 169
39 33
118 3
119 93
160 104
169 29
75 22
2 108
103 7
109 64
28 18
126 49
99 19
1 172
18 54
133 149
60 45
146 184
108 159
41 164
102 9
133 172
113 26
13 102
11 153
80 162
156 66
124 3
163 113
9 1
46 12
166 75
78 171
145 85
7 145
9 88
74 79
71 114
178 104
68 43
107 162
138 96
29 56
123 49
34 90
26 36
73 13
142 174
41 12
153 97
70 26
76 192
69 113
199 132
66 143
85 149
45 18
129 155
22 176
97 140
2 150
131 11
116 58
190 144
171 140
175 108
100 89
30 187
13 111
33 12
45 173
167 157
67 123
80 114
100 109
40 82
2 0
59 122
69 3
46 2
66 117
31 77
187 43
84 195
120 181
194 90
153 15
51 5
147 11
1 9
160 54
141 35
176 28
84 15
195 121
127 27
179 12
1 101
147 122
83 74
114 17
164 152
120 33
29 104
71 170
39 145
127 41
142 139
67 190
98 44
180 193
85 163
130 129
104 90
56 142
68 16
7 93
8 127
164 52
159 55
165 72
87 106
55 36
47 18
129 99
171 172
2 156
108 197
72 198
171 156
190 152
126 90
189 17
36 78
37 151
127 180
15 110
99 66
6 132
149 8
34 198
123 12
62 0
5 187
85 97
137 64
27 13
157 136
150 182
8 43
29 133
34 52
78 111
167 28
42 146
192 147
62 188
19 1
100 104
188 117
194 136
162 139
4 86
87 75
162 171
171 182
166 194
173 34
0 67
106 93
102 82
193 153
130 149
139 99
191 136
97 127
42 103
4 46
31 110
32 56
13 30
123 9
26 195
73 122
109 105
22 90
114 170
190 154
154 45
151 158
109 74
72 25
50 81
69 62
54 90
54 194
38 173
72 111
106 36
167 26
158 82
142 68
194 40
181 176
159 35
162 101
188 170
142 173
14 106
66 176
41 101
121 21
130 196
138 117
116 52
133 165
3 140
196 62
102 182
166 81
52 49
148 160
16 48
135 95
77 71
174 115
64 138
3 115
169 181
42 10
142 150
122 158
31 172
71 176
122 57
159 109
44 166
197 50
7 85
7 37
129 114
47 39
17 84
19 65
137 110
26 147
2 85
71 190
27 17
169 4
163 120
131 103
69 39
20 146
139 183
18 139
111 107
163 122
95 94
190 57
111 109
78 0
72 108
109 111
67 37
102 177
127 53
20 199
30 47
88 72
190 118
28 112
67 60
135 109
178 90
15 188
180 33
117 115
180 40
141 18
80 85
63 169
78 92
45 65
176 101
24 74
67 66
69 167
106 197
185 37
86 151
116 156
189 109
97 86
152 122
148 33
55 29
15 141
133 99
113 178
199 133
32 58
83 90
122 146
103 187
130 66
127 99
190 80
188 187
46 56
109 40
77 190
117 94
9 93
9 195
161 160
147 91
110 58
190 40
54 187
50 164
160 189
149 120
96 42
133 56
187 10
166 107
2 54
160 65
5 75
77 60
56 97
16 159
55 184
35 198
84 100
30 182
50 150
134 112
101 93
177 180
128 162
131 96
5 69
162 158
95 142
13 181
152 142
165 153
90 7
105 55
142 149
152 189
82 25
136 7
90 161
86 189
163 83
104 169
0 7
99 197
74 159
54 43
168 110
157 139
1 138
42 148
191 113
126 21
97 27
114 150
63 92
167 97
142 59
37 106
22 101
52 163
136 62
85 119
84 12
75 135
51 157
94 47
138 13
55 110
103 140
5 114
52 73
127 181
44 11
170 150
173 121
12 141
136 6
28 29
38 69
40 198
176 48
17 37
117 48
87 22
144 71
136 97
57 76
156 126
41 103
95 102
65 107
127 122
40 122
47 24
2 95
146 16
52 31
190 6
142 126
32 30
165 156
171 192
148 122
13 35
102 36
195 43
106 177
82 21
32 73
102 120
135 0
170 192
191 161
81 168
188 127
124 94
104 66
158 12
103 38
146 37
16 21
62 72
16 142
12 156
187 166
35 42
22 123
83 165
180 65
66 157
135 52
82 130
119 144
109 14
23 77
80 188
68 91
169 63
141 57
58 28
58 167
105 160
123 170
59 14
186 131
120 108
45 20
153 164
194 54
194 9
5 178
63 10
64 1
134 155
126 184
94 111
149 155
6 120
140 110
0 19
110 199
0 76
136 61
153 17
2 168
169 99
71 42
183 97
104 192
86 189
5 33
178 146
122 43
122 41
175 172
71 151
167 65
141 72
178 194
31 95
81 90
156 99
144 193
148 47
107 136
132 160
1 84
46 54
106 93
27 46
131 132
84 115
29 75
198 38
115 149
47 115
159 37
159 141
91 173
119 55
5 191
2 32
167 34
4 108
198 16
101 24
132 90
150 25
68 113
113 119
4 95
103 164
131 47
72 167
52 87
37 98
63 40
82 138
140 28
182 187
74 26
199 161
127 35
132 67
4 175
18 146
129 51
38 86
78 91
146 178
108 28
170 183
47 101
48 76
134 40
141 76
134 5
59 0
175 83
141 12
43 14
127 17
105 128
76 2
190 170
12 65
117 155
31 28
117 17
5 25
132 29
70 170
141 6
111 69
40 95
87 59
132 154
52 82
166 133
57 118
171 16
90 24
175 113
127 176
80 105
176 119
91 48
48 181
49 28
172 118
151 93
194 160
102 198
21 93
169 48
154 41
136 64
13 152
118 12
84 114
184 82
155 78
70 126
184 185
176 43
29 170
53 78
50 145
110 69
139 0
164 28
1 58
103 159
19 40
23 21
25 71
8 148
65 17
139 185
83 166
175 32
124 7
84 86
9 79
165 164
145 119
36 128
4 83
74 152
52 120
61 91
51 146
175 164
110 74
99 88
28 143
84 115
55 88
55 24
103 74
36 14
139 32
143 193
30 45
184 155
71 173
26 108
193 158
29 184
37 73
14 148
102 174
166 141
10 117
72 155
93 115
152 73
44 132
86 146
158 0
11 97
12 145
190 90
185 76
77 191
156 121
94 120
64 40
39 125
108 74
8 186
84 22
88 38
191 59
196 175
110 151
60 113
4 7
19 180
16 129
75 40
124 82
9 128
182 114
102 183
117 127
81 61
171 157
69 129
93 100
77 100
72 91
120 128
108 191
33 156
176 36
151 95
68 76
183 71
162 39
126 87
139 85
198 53
70 179
168 130
41 168
77 87
4 38
166 165
112 96
179 28
38 86
80 126
62 88
129 178
93 52
196 45
137 100
10 122
199 138
40 148
99 56
89 149
50 15
119 23
12 110
109 97
72 152
91 177
27 170
93 146
179 180
77 75
94 55
115 197
173 3
167 86
32 40
156 21
94 10
179 84
146 155
111 113
159 173
119 105
140 183
146 13
51 156
164 14
34 16
153 3
196 84
193 37
114 123
188 39
32 192
39 177
159 49
113 13
73 89
47 85
59 180
93 143
190 36
34 158
38 93
91 55
91 161
99 164
8 118
15 133
28 165
179 47
12 117
191 104
83 38
136 93
75 7
52 47
123 70
23 43
72 79
45 39
35 98
23 177
124 57
35 170
192 18
67 37
32 156
76 6
6 164
146 140
65 17
114 166
117 3
101 4
36 191
176 198
148 41
132 156
135 20
44 107
75 22
94 58
178 112
121 2
98 21
152 19
74 24
10 183
66 111
141 1
22 72
183 75
11 71
112 37
27 69
152 118
193 171
98 19
104 126
78 10
118 182
197 55
0 189
190 94
97 78
4 3
65 77
169 60
52 188
73 56
164 157
183 153
88 80
155 75
122 151
192 23
169 178
16 62
23 56
138 37
137 92
183 85
173 145
158 167
16 50
121 106
13 81
166 103
86 128
105 4
161 195
135 113
162 2
30 190
182 171
17 153
157 166
148 131
15 168
78 8
133 187
0 177
16 165
62 153
164 188
0 14
111 56
101 115
149 28
66 82
42 7
48 30
31 82
42 70
162 45
78 33
177 24
51 31
83 95
125 10
87 72
163 18
104 61
191 52
3 182
111 2
6 182
60 7
85 120
94 121
34 150
57 170
171 114
113 112
192 31
53 124
32 77
130 13
31 167
104 34
169 51
55 3
145 68
139 83
119 128
185 22
101 96
48 74
21 192
10 169
65 105
37 178
193 130
155 29
131 160
32 46
11 66
80 120
179 133
142 43
106 144
91 153
134 117
145 127
101 115
89 46
97 182
179 62
109 56
18 168
141 169
52 179
196 12
114 99
175 184
141 175
176 116
190 165
59 72
62 31
164 110
91 103
2 78
169 48
80 109
95 171
123 48
163 93
144 145
96 88
61 71
27 167
119 35
25 67
21 169
35 78
25 29
63 100
63 81
139 140
56 18
165 101
147 0
52 177
178 1
49 179
98 104
48 28
4 130
145 107
181 110
5 58
25 66
0 113
121 184
164 106
3 63
170 120
46 190
112 3
196 188
128 123
178 188
43 41
17 93
187 67
170 13
69 98
35 32
22 93
184 47
157 193
142 171
44 107
43 14
21 115
13 6
73 89
69 170
117 176
98 67
161 75
153 187
14 70
18 139
31 77
144 122
159 33
182 37
116 58
113 150
45 29
73 110
149 162
44 40
1 98
3 47
174 184
9 104
36 139
110 45
123 62
79 96
65 136
108 110
83 109
13 160
88 126
131 67
95 42
181 161
165 13
72 49
185 140
77 110
47 52
184 106
63 45
51 26
1 19
152 98
105 111
105 169
121 84
107 190
51 66
130 126
175 130
172 169
41 19
96 124
182 142
199 181
70 62
14 43
93 140
129 182
75 10
156 18
184 162
32 111
1 20
183 152
119 168
139 154
3 147
29 187
77 141
174 23
89 143
89 90
174 129
115 36
199 90
45 160
69 156
89 114
52 195
69 64
197 193
123 36
191 136
77 9
124 109
29 3
185 106
0 20
71 5
124 7
180 43
89 27
149 124
199 172
197 199
164 20
50 154
103 195
185 133
38 26
44 186
121 57
115 67
134 63
95 42
38 109
26 113
59 113
51 160
5 0
171 102
84 156
143 107
84 81
115 165
0 22
41 115
125 161
191 17
25 136
126 7
73 106
116 187
182 24
164 156
146 49
87 136
26 154
99 169
189 77
85 179
177 84
25 102
79 135
169 97
84 79
35 128
145 126
13 148
80 131
46 185
133 62
195 149
36 95
30 77
170 177
105 100
191 69
82 21
23 138
116 122
77 22
18 9
112 169
48 94
126 165
191 165
187 184
37 78
197 127
198 123
69 94
143 186
46 178
116 32
44 0
158 84
26 193
81 13
22 124
54 100
199 5
164 133
141 40
137 14
24 187
157 3
111 186
20 53
154 173
179 134
49 13
66 41
171 133
101 23
9 137
43 166
156 76
100 74
162 139
144 62
137 7
50 28
177 83
140 191
59 73
188 103
130 102
138 60
17 2
40 75
35 14
63 4
73 138
51 137
1 46
32 24
164 18
96 34
133 104
149 16
73 36
183 72
35 18
100 155
150 36
178 188
49 125
36 38
46 86
64 179
18 83
33 97
147 40
135 106
135 186
107 131
156 158
35 155
116 136
140 101
71 61
16 181
139 4
9 173
18 169
147 91
199 113
93 72
9 150
136 185
132 36
110 157
191 146
163 194
186 28
31 99
192 151
83 95
39 95
133 55
92 95
42 138
154 139
6 174
58 191
26 175
193 59
153 136
196 21
87 163
128 118
21 15
8 146
96 139
185 43
197 98
117 37
47 65
171 36
156 32
85 126
188 23
100 135
187 112
93 12
13 88
0 174
147 0
10 60
145 106
14 183
163 25
114 16
111 155
37 166
150 49
46 37
7 72
9 126
4 147
65 28
77 185
70 179
153 33
86 144
176 87
152 164
32 43
81 39
196 56
71 199
24 178
95 18
167 0
6 146
59 72
116 172
114 70
113 98
83 102
3 46
149 92
183 127
80 70
186 86
31 14
132 111
130 112
198 73
108 166
27 116
11 89
153 3
47 143
197 64
109 167
163 123
191 31
35 75
191 97
36 133
1 34
27 127
176 74
45 184
182 78
71 119
60 36
115 67
185 174
95 117
76 15
119 114
115 1
33 191
20 117
25 125
48 144
21 43
152 182
95 17
147 139
139 149
25 5
150 123
152 193
134 130
9 113
164 55
156 35
149 68
188 84
137 192
181 185
162 138
0 108
13 192
161 143
141 146
103 119
73 183
0 29
161 44
141 125
107 164
34 187
138 20
175 142
188 99
127 148
9 53
83 71
78 23
46 81
21 150
123 129
34 107
108 164
55 62
17 126
181 156
69 10
36 34
131 2
119 67
122 36
102 164
20 24
168 188
185 91
118 108
196 103
138 130
135 193
62 59
149 82
140 151
152 198
28 106
40 199
52 43
109 98
168 110
26 1
80 157
49 55
103 47
126 86
194 52
79 116
187 136
84 18
35 92
73 27
73 126
173 39
163 154
117 126
0 193
154 177
186 85
8 39
143 177
83 146
198 119
76 18
149 168
142 119
83 157
51 43
101 159
66 86
105 119
43 195
37 14
58 67
92 114
9 87
37 105
36 148
125 5
63 197
178 6
164 142
152 10
189 37
9 49
66 129
152 91
74 51
92 155
175 85
66 25
179 0
53 85
15 158
179 199
78 165
195 35
191 47
142 103
4 132
63 90
115 168
164 152
61 195
90 22
16 154
69 155
170 77
68 126
4 46
45 9
159 12
107 164
22 160
150 39
149 141
177 45
99 168
177 46
131 182
175 181
195 111
33 198
32 147
118 81
105 130
39 164
148 52
122 185
35 141
192 171
106 192
37 189
151 110
81 13
13 96
186 183
196 16
120 70
133 173
72 142
111 136
101 85
92 168
122 112
132 133
76 69
54 6
166 199
2 113
128 112
113 81
141 43
105 174
82 150
133 65
63 56
135 117
115 164
89 45
174 122
184 138
29 42
119 148
193 149
159 3
188 172
88 177
148 92
138 122
68 4
39 155
114 109
21 19
119 192
164 36
74 145
42 142
131 10
38 184
166 150
185 172
0 95
10 142
164 87
196 9
103 195
24 46
49 133
150 131
197 87
190 126
77 105
197 85
55 78
194 109
12 7
147 84
165 19
31 96
81 152
101 136
94 49
64 38
14 124
43 78
93 38
173 67
196 127
133 17
172 143
178 26
150 123
26 36
50 172
126 169
174 84
5 97
52 20
13 63
165 34
47 192
126 52
21 41
188 16
188 37
69 33
21 131
52 150
32 89
97 71
30 59
150 77
111 141
69 177
199 17
39 84
124 107
53 13
68 56
168 46
28 86
66 139
98 84
181 191
129 158
129 141
7 189
149 138
81 8
177 54
48 5
59 39
48 119
123 189
47 128
90 148
72 190
74 113
69 98
9 104
70 53
98 170
36 1
87 166
58 106
12 174
139 51
86 148
134 112
32 188
150 174
162 2
103 68
32 52
125 164
27 26
15 186
14 35
47 137
142 32
87 122
63 118
198 152
51 62
90 126
159 49
198 152
187 67
25 40
67 91
2 58
116 8
11 114
88 12
157 183
26 126
66 161
80 68
68 121
10 182
46 152
78 140
84 189
78 99
36 149
122 69
162 101
102 70
132 195
30 107
40 180
74 174
21 193
179 173
8 140
83 177
113 104
167 132
57 103
30 60
115 56
185 2
70 114
21 106
75 73
75 142
56 97
191 189
115 104
91 157
17 86
87 116
89 69
114 195
166 176
14 56
125 190
39 24
144 125
175 54
45 113
120 125
184 86
139 63
163 59
62 21
127 185
138 179
174 69
161 167
56 24
119 163
199 107
177 124
84 186
106 76
150 141
74 49
22 179
101 68
26 114
74 76
34 76
175 144
11 0
149 118
133 143
116 178
61 62
48 149
136 118
108 53
181 55
80 83
117 86
154 184
20 198
92 68
180 80
84 181
156 83
98 157
24 163
105 66
6 32
64 17
131 133
114 77
80 115
153 52
8 150
12 181
14 132
177 129
9 1
149 185
199 12
90 199
197 128
13 77
130 66
110 194
106 103
174 176
3 29
155 131
2 132
43 66
20 149
79 125
146 59
167 165
57 160
7 133
177 94
160 183
162 151
83 57
160 48
44 48
105 88
131 69
87 168
21 125
131 40
59 2
118 114
69 55
67 18
75 124
62 1
168 131
107 162
107 86
112 44
31 139
82 114
91 189
104 137
4 178
65 84
63 38
156 145
114 45
151 114
36 170
97 95
87 81
136 6
149 82
189 198
20 41
21 144
19 180
52 64
140 22
186 82
107 65
9 160
9 174
45 98
29 180
196 80
30 132
53 163
121 81
34 61
7 4
3 31
83 126
87 125
150 181
194 103
182 150
177 174
119 186
194 64
153 96
31 71
45 52
66 32
152 52
112 16
197 134
45 32
178 136
13 150
108 168
6 194
133 55
52 3
181 183
136 21
71 25
110 163
195 102
60 138
55 21
19 182
100 15
3 139
150 27
106 110
77 61
76 17
193 3
106 74
113 49
108 173
65 189
85 58
41 168
37 101
79 60
77 15
96 184
168 105
79 187
65 26
181 64
40 116
171 129
119 39
158 16
91 59
86 189
23 95
179 9
167 126
31 14
75 191
37 104
84 32
169 182
105 82
26 143
3 141
123 177
122 130
160 102
123 103
136 93
86 37
40 190
147 35
146 7
75 166
136 100
179 189
87 38
152 94
22 57
16 89
43 75
44 110
118 181
103 117
74 103
29 61
197 108
35 95
161 136
124 100
183 26
120 129
147 130
23 56
15 89
21 64
36 44
72 193
42 33
25 171
5 21
167 124
63 193
73 29
157 183
11 46
93 83
157 74
34 3
148 98
61 62
104 174
88 187
16 109
78 175
101 121
101 47
150 114
173 185
9 192
15 148
173 66
134 132
140 175
12 38
151 38
105 87
118 127
103 95
50 67
146 101
23 56
154 59
65 149
138 178
42 178
17 172
78 80
153 106
36 142
74 116
37 103
161 187
46 194
77 90
174 80
21 189
56 79
51 53
184 179
58 95
2 122
37 38
26 174
102 134
193 66
39 169
185 131
25 58
68 38
52 163
150 6
27 89
164 37
172 149
134 58
91 32
4 35
87 72
109 0
62 175
160 153
197 27
177 130
105 198
100 120
2 78
152 122
131 155
34 102
164 119
181 155
159 179
57 19
82 23
73 31
80 147
133 92
57 81
167 12
51 65
53 111
198 3
199 196
79 12
15 102
144 186
185 102
188 93
137 153
191 53
68 126
7 138
117 32
85 180
80 27
8 0
99 158
160 58
164 18
31 84
9 15
89 43
69 59
95 142
197 81
137 12
58 95
36 57
79 82
96 136
191 125
47 74
12 161
191 19
11 55
142 127
173 21
159 145
37 147
21 67
0 16
139 141
131 36
22 148
128 29
185 127
189 81
43 55
104 26
164 199
11 93
36 136
86 125
6 109
40 119
159 37
179 107
45 177
127 22
146 159
172 60
39 22
90 156
56 93
9 140
80 182
182 178
40 9
144 148
24 189
186 112
142 49
88 132
45 155
79 23
146 26
16 2
197 166
57 171
85 77
20 125
186 18
23 119
44 106
41 50
193 25
57 24
161 37
103 86
30 74
42 194
142 14
189 93
102 108
87 172
32 4
141 131
32 168
52 150
110 84
58 65
131 56
74 194
40 133
118 162
101 127
148 158
69 189
186 126
5 26
187 130
65 134
63 97
175 6
49 125
171 66
190 94
153 110
64 178
119 196
81 86
7 124
111 169
36 165
7 123
83 103
87 167
140 121
162 93
41 78
56 159
53 75
56 140
8 171
155 152
10 178
115 167
33 4
69 191
197 191
24 4
4 107
62 55
18 121
145 26
23 63
103 110
12 117
38 152
135 18
127 25
132 31
23 36
122 23
9 190
172 88
107 80
176 45
158 44
58 20
180 150
85 24
132 95
174 101
106 108
63 6
184 56
79 20
183 104
71 21
169 164
132 151
196 131
26 10
113 88
20 26
86 84
100 145
51 163
128 78
98 133
75 160
36 173
18 134
105 75
196 8
130 191
2 40
49 71
144 68
117 67
150 83
119 17
93 142
106 166
6 172
73 40
195 99
0 172
104 10
15 111
159 97
107 65
78 110
46 50
102 86
54 81
30 43
144 34
188 103
7 114
100 166
7 69
79 153
8 9
122 102
163 82
153 194
80 129
15 4
49 22
136 66
66 189
188 155
42 135
65 83
132 35
54 38
97 138
16 198
77 147
95 113
36 180
64 160
101 20
66 188
152 60
105 74
18 151
42 144
33 152
18 111
48 74
100 146
60 100
61 143
197 63
69 189
99 48
50 65
85 181
173 132
7 122
119 153
72 109
1 40
112 187
24 32
68 194
186 38
126 70
178 172
86 137
39 184
177 64
7 28
172 30
181 2
61 120
97 98
99 160
182 1
116 156
148 155
20 107
102 99
25 139
65 165
8 87
125 75
39 107
132 107
10 177
192 34
183 73
81 155
57 90
137 169
3 85
0 1
104 67
189 67
96 98
51 142
48 165
75 88
63 149
2 22
171 147
184 187
36 53
64 199
107 134
117 36
55 109
117 123
17 90
115 72
89 133
48 101
74 47
12 39
129 100
186 13
2 25
11 84
75 64
44 143
171 154
65 180
54 75
35 64
192 58
107 125
185 101
4 96
132 128
6 189
138 176
78 67
133 71
145 163
125 2
127 148
195 56
79 37
38 199
138 54
113 193
27 24
160 185
163 127
92 85
34 17
80 38
35 191
151 199
181 30
198 3
116 97
63 129
184 146
54 95
73 184
160 187
197 130
145 154
11 45
195 22
45 121
167 173
155 66
143 171
97 159
191 155
130 22
131 195
132 61
131 72
144 52
87 82
55 157
72 64
41 147
17 179
33 7
166 95
118 113
141 148
131 188
147 172
9 100
195 191
59 144
82 83
5 160
88 99
7 135
11 189
131 143
134 37
135 108
195 45
124 71
116 172
177 80
62 9
53 4
75 105
60 139
112 178
24 96
80 20
93 71
23 65
170 7
16 148
135 23
86 39
131 93
44 90
17 54
71 7
100 38
20 108
74 64
3 73
138 63
180 28
191 1
45 26
48 140
195 36
81 2
157 66
33 170
152 6
18 11
63 26
150 193
188 159
101 24
9 105
153 171
180 149
87 18
43 119
176 49
146 166
54 103
129 69
185 184
37 104
58 138
168 84
143 87
122 91
139 193
44 172
112 113
93 112
29 187
76 29
70 36
99 90
153 36
17 100
128 131
47 92
68 57
91 111
134 45
82 89
28 164
94 85
175 140
136 140
27 49
35 159
198 144
29 14
94 35
107 68
158 49
119 124
130 68
25 64
89 198
173 123
73 199
189 25
84 120
29 8
83 12
17 7
112 175
45 97
115 127
10 148
76 132
21 53
22 50
35 104
64 110
61 81
50 34
32 81
6 146
61 172
191 73
24 57
185 131
161 10
94 110
148 197
34 104
46 45
97 52
158 147
162 168
106 23
174 28
28 88
31 167
112 45
169 32
148 34
12 111
168 147
165 65
5 192
46 185
167 120
110 147
28 145
38 153
111 81
122 169
41 81
61 181
58 55
20 55
195 104
181 99
128 33
79 25
81 105
101 96
32 184
81 166
35 136
18 165
60 5
125 21
164 141
6 108
104 134
134 162
174 125
0 142
148 23
113 157
25 133
115 106
64 185
22 65
89 49
152 121
99 195
76 110
103 8
163 78
197 109
193 127
168 98
170 36
19 1
44 109
145 172
139 197
123 61
79 71
24 78
3 153
185 58
165 134
112 93
52 86
83 165
100 177
150 77
88 67
188 168
84 67
128 130
85 198
49 40
165 32
179 155
115 155
180 15
78 134
32 24
53 55
24 142
175 76
158 126
48 95
147 125
27 15
20 194
1 111
138 72
12 39
33 50
195 3
49 71
162 38
72 122
86 74
87 123
170 72
176 89
22 183
12 39
173 133
128 26
106 116
13 158
47 2
176 69
80 181
16 51
21 163
124 192
9 83
76 151
11 186
141 156
53 134
154 10
79 149
14 127
71 6
121 198
153 28
21 54
107 178
59 147
26 91
185 165
106 196
145 30
83 116
61 6
149 31
83 109
164 188
19 40
172 32
116 112
97 95
82 10
142 143
118 44
13 46
64 24
164 44
168 115
142 90
76 159
97 167
27 67
32 84
63 127
173 161
42 136
152 77
138 195
126 64
171 129
8 112
158 103
165 106
13 47
103 80
160 10
10 89
189 66
61 113
80 173
152 97
13 149
190 82
15 119
107 78
199 194
99 101
148 103
2 151
66 158
55 3
78 15
110 129
101 41
119 59
130 76
130 148
120 27
75 180
116 177
151 115
153 131
101 98
193 5
93 75
92 50
42 142
15 12
123 199
154 41
100 108
145 9
54 151
48 19
135 16
27 122
190 86
164 21
93 109
76 96
10 192
116 12
175 89
65 81
140 141
64 6
173 121
4 31
25 163
33 78
46 78
182 76
92 156
165 169
59 174
77 175
73 67
149 69
192 43
188 17
147 102
105 38
106 38
40 26
198 26
59 135
128 121
139 83
96 25
153 173
91 81
173 41
138 23
93 187
28 29
74 189
188 195
56 87
156 163
175 19
22 34
95 7
55 128
75 106
97 151
122 166
44 148
123 8
73 5
97 186
43 128
109 162
125 109
157 134
127 9
118 41
26 156
66 22
6 136
71 62
179 85
51 103
94 33
116 48
44 150
117 194
91 80
177 146
78 96
50 88
109 183
160 153
152 121
180 72
100 193
128 184
139 44
95 180
113 65
127 174
123 63
81 139
53 100
142 77
169 170
19 164
139 133
196 25
94 1
171 148
135 98
82 134
31 50
189 59
26 159
21 25
81 182
179 42
190 74
11 158
46 134
116 150
130 142
179 79
195 154
145 79
123 92
35 110
199 75
6 99
104 65
35 124
85 69
53 17
76 162
7 85
145 40
190 136
147 132
199 176
143 172
56 2
4 153
138 44
29 76
117 177
83 97
116 43
147 77
172 27
198 196
142 10
87 69
161 198
194 189
157 88
97 142
132 178
190 58
16 154
35 91
84 77
94 80
172 147
81 129
40 172
137 144
132 34
185 114
196 20
197 25
34 177
128 145
127 17
65 188
138 10
24 55
162 72
78 71
51 11
166 180
168 90
96 145
109 50
157 44
133 91
12 41
115 132
53 67
73 143
11 38
54 108
58 150
68 38
50 8
100 160
145 163
151 131
13 189
86 49
161 176
27 168
22 120
19 160
82 174
46 71
57 163
32 87
158 98
43 108
144 94
88 62
60 49
5 32
169 151
185 176
52 102
13 77
20 16
79 191
38 39
27 117
188 35
198 129
53 95
168 90
60 105
44 165
26 119
185 65
104 120
95 196
26 18
116 194
19 138
62 180
71 147
67 101
85 26
43 118
155 11
115 24
85 78
4 131
161 180
29 167
141 7
30 39
183 192
61 183
81 4
181 19
7 179
26 150
108 44
38 177
70 49
100 195
80 160
163 153
97 172
59 36
28 124
97 33
162 114
171 179
25 144
37 189
21 103
23 50
34 79
82 106
15 3
51 149
123 20
143 186
6 95
179 24
63 155
70 65
54 62
78 35
29 61
173 59
180 77
95 56
119 24
60 97
135 77
135 146
85 64
126 99
24 189
41 89
173 66
61 47
145 58
185 184
34 74
58 71
29 51
98 28
119 165
186 67
97 29
94 139
45 44
123 159
198 88
90 96
98 181
126 4
63 106
64 107
40 61
8 130
174 10
20 142
160 49
162 189
65 70
172 87
144 35
165 58
80 33
34 62
16 60
104 47
46 113
101 33
91 166
151 188
93 68
53 70
133 189
76 57
120 121
122 23
87 72
175 194
11 20
172 44
29 33
148 26
20 44
38 140
64 143
33 132
26 47
23 120
44 55
99 25
140 114
119 5
109 50
48 40
143 26
130 158
38 42
152 126
156 137
26 137
143 80
22 110
15 21
199 77
191 45
54 115
12 9
193 96
45 107
123 155
178 194
19 12
171 126
56 47
121 109
21 192
120 118
151 132
15 35
85 78
48 104
74 119
106 59
68 95
121 59
127 108
12 45
111 53
170 96
115 140
198 63
61 141
20 159
166 30
152 127
190 116
143 163
167 179
191 75
106 160
158 162
63 182
110 123
98 15
40 182
37 35
94 82
40 116
194 129
163 13
83 101
125 192
94 56
8 93
18 151
109 44
191 57
51 149
42 98
153 125
44 22
14 53
74 148
145 22
67 27
167 41
117 58
8 169
16 99
137 15
74 166
184 36
34 171
28 67
48 87
148 187
146 153
91 159
100 141
120 110
16 188
3 11
144 7
159 8
10 169
89 50
28 24
55 124
20 45
149 136
53 145
21 157
191 84
79 39
114 47
146 81
128 120
175 64
148 67
124 198
7 125
80 75
84 98
40 126
195 73
40 122
72 178
131 101
95 113
48 73
25 38
167 75
123 148
118 196
73 183
128 8
120 24
99 110
171 119
15 75
49 176
67 155
151 30
150 167
44 22
143 69
137 37
175 116
147 112
52 107
24 40
1 98
51 176
18 79
57 27
185 192
194 126
120 180
34 87
94 196
26 166
62 178
52 86
79 187
169 36
179 66
125 123
120 40
112 101
134 16
94 165
186 196
67 74
75 133
27 47
22 7
151 158
168 4
37 197
4 155
22 191
183 12
75 109
185 18
198 70
76 26
9 62
139 129
198 169
43 22
61 44
178 0
193 184
85 164
92 93
168 132
176 99
47 55
118 62
40 112
133 0
99 151
71 199
163 14
26 166
95 89
18 89
107 15
75 189
36 161
196 178
40 48
94 168
6 21
176 59
91 106
34 103
72 63
161 50
96 183
16 130
82 0
47 193
103 147
75 131
151 185
111 149
50 85
142 23
25 46
14 45
18 156
93 97
41 82
148 25
172 148
11 130
43 74
134 116
167 127
150 48
179 197
71 97
162 106
89 125
187 102
90 165
27 136
27 135
130 163
142 90
74 182
70 170
98 134
72 55
13 124
42 30
73 29
44 148
22 130
181 5
0 185
156 105
20 77
84 156
83 140
179 37
196 129
10 31
5 118
189 10
78 148
149 51
194 161
23 13
167 49
6 118
147 17
40 172
113 78
66 183
10 31
175 46
12 140
149 121
66 188
79 20
140 44
100 53
117 101
134 177
119 102
188 128
53 84
104 29
98 27
96 18
78 168
73 15
171 93
72 186
60 140
115 18
127 126
33 46
67 142
98 171
23 62
6 21
83 31
21 176
174 144
21 17
21 120
57 128
141 196
83 75
138 193
1 126
74 54
87 84
46 71
138 160
178 130
1 48
136 199
66 123
41 197
171 168
30 0
109 91
190 84
83 198
71 147
42 157
102 165
175 166
74 5
174 72
144 160
152 194
6 84
61 77
94 150
56 20
9 127
100 0
47 70
188 82
55 76
92 72
6 152
175 173
60 130
167 30
167 17
100 6
136 73
44 150
2 33
96 44
91 10
31 180
178 174
100 24
168 52
145 168
124 193
69 80
132 56
120 151
181 130
21 147
54 43
127 126
130 4
62 87
57 84
39 190
105 175
2 39
128 78
50 170
50 153
20 198
14 56
45 96
166 165
105 90
151 5
28 93
195 170
23 100
178 162
142 12
158 172
41 60
144 127
120 198
76 36
85 115
130 155
18 147
166 74
14 191
150 2
107 129
64 22
81 0
153 48
71 163
185 58
146 100
115 183
72 108
26 169
26 162
177 84
44 66
72 98
172 5
132 91
73 18
33 25
99 177
79 75
149 148
58 49
131 41
180 102
88 122
39 78
156 180
59 121
127 123
14 155
194 103
124 57
199 11
79 76
39 110
150 185
139 52
176 16
115 190
126 115
47 72
135 103
87 104
167 196
170 198
130 99
105 13
17 88
116 173
163 31
159 162
123 101
108 50
96 173
166 103
60 116
59 188
1 152
130 127
100 16
129 189
2 191
55 140
39 65
16 12
28 74
125 55
53 162
98 151
94 120
115 141
1 146
126 140
150 13
74 37
180 6
62 114
102 156
31 102
89 21
56 73
137 142
148 3
178 186
56 22
2 169
172 26
173 103
114 61
147 184
155 48
96 157
32 173
25 78
165 67
163 20
39 139
38 186
164 104
178 58
178 144
169 133
28 193
176 195
11 4
50 74
194 25
16 168
173 88
21 179
92 51
157 114
20 83
137 38
99 94
179 28
87 94
2 99
113 164
126 184
113 64
120 13
163 175
107 18
110 177
170 165
15 198
121 48
79 22
138 4
12 139
165 27
78 65
109 64
160 23
146 96
88 36
84 103
171 124
197 151
17 39
193 166
119 25
177 98
157 67
90 80
171 142
70 172
140 169
44 137
64 175
2 33
181 194
34 118
8 52
152 105
184 198
45 52
171 53
199 26
70 157
163 57
107 1
30 67
131 188
173 146
196 29
190 13
111 149
179 96
124 34
119 28
33 74
160 108
149 143
36 170
115 51
98 158
33 7
27 127
103 145
20 78
113 129
192 79
2 48
146 150
84 170
145 118
192 119
152 70
118 119
110 135
174 91
32 30
140 90
101 125
183 57
53 198
103 153
138 111
136 11
21 134
43 1
121 103
139 44
37 143
139 104
166 5
199 5
2 22
108 83
37 198
91 183
192 60
83 57
128 74
56 36
116 78
109 183
115 39
14 73
158 184
162 149
33 35
144 173
1 132
196 163
148 175
20 58
80 47
119 162
115 89
88 35
83 194
67 95
68 50
195 60
184 154
70 69
156 122
101 170
90 121
99 67
97 118
124 126
78 79
3 147
173 56
157 33
85 136
151 1
175 59
94 62
136 19
138 130
19 136
73 40
126 149
111 79
9 110
12 138
98 94
156 122
149 33
132 31
134 182
0 129
80 44
18 52
178 104
82 18
167 155
47 67
95 136
173 190
70 117
157 60
164 35
49 59
140 83
62 183
152 114
92 8
83 154
127 104
44 187
25 163
120 7
96 24
163 199
82 49
163 155
95 198
125 180
134 8
24 79
197 76
21 74
15 53
17 81
14 75
153 178
37 90
68 96
96 41
149 57
5 98
64 83
81 184
122 155
93 89
131 147
82 105
121 3
140 139
103 51
105 61
27 75
127 76
35 163
18 3
9 72
116 122
37 84
150 107
178 194
149 176
14 12
34 178
79 152
190 78
113 53
27 71
172 70
30 25
59 24
69 1
43 44
174 147
98 91
141 155
186 191
164 6
31 142
123 42
53 100
10 52
166 160
35 123
145 58
120 53
26 24
192 130
67 170
51 158
7 106
87 38
72 63
83 136
29 14
61 125
117 135
88 11
98 10
141 167
123 187
176 182
196 198
120 27
78 95
146 189
46 104
152 86
132 63
103 196
40 43
78 179
69 114
24 61
163 85
95 161
71 186
66 135
42 114
122 32
79 139
153 112
114 62
85 31
109 92
139 190
106 187
157 21
143 120
14 183
10 62
30 10
118 156
134 133
124 106
14 198
170 151
50 156
188 28
3 60
12 186
122 180
199 108
102 181
31 14
185 55
11 9
64 139
92 71
31 195
4 100
93 19
9 60
177 113
168 170
129 48
118 171
158 141
111 29
138 50
30 153
36 58
111 128
153 138
56 103
163 182
162 76
185 191
195 49
166 99
23 136
159 169
55 17
73 190
181 159
54 47
174 142
12 113
195 25
70 45
195 80
40 195
54 72
45 91
197 114
180 141
33 68
21 45
94 27
36 155
142 82
165 197
89 167
100 120
177 176
154 185
51 125
84 5
144 100
28 45
180 172
188 91
164 18
71 91
78 51
35 195
49 196
79 17
42 112
166 60
156 117
34 159
53 151
197 106
113 78
55 183
134 159
49 144
101 140
146 152
7 130
0 151
177 106
23 78
83 29
145 170
23 10
103 49
86 44
76 150
64 113
23 81
57 32
115 52
66 189
131 143
23 178
102 111
33 11
140 181
144 29
106 140
164 97
129 94
139 160
61 143
149 193
25 157
162 160
132 180
170 18
31 50
81 109
119 152
12 99
195 60
141 57
76 8
161 37
20 169
102 139
40 12
193 100
184 161
87 11
84 79
26 130
178 187
144 61
35 117
156 155
16 157
0 22
26 126
147 199
100 117
56 41
17 102
161 154
117 43
35 96
126 58
112 66
193 158
24 129
183 22
36 16
10 189
4 21
183 105
162 184
53 56
114 21
74 19
181 62
165 142
41 138
113 78
74 60
150 8
11 196
135 196
34 181
19 119
12 73
168 177
120 186
118 189
70 69
141 106
45 194
157 195
55 79
151 94
53 36
109 36
146 101
38 52
192 188
102 132
71 179
189 20
144 163
48 193
47 104
121 156
6 95
38 186
46 176
63 57
44 95
59 124
69 195
94 64
103 185
114 7
141 70
74 148
165 178
163 33
37 64
28 198
95 178
129 109
122 168
163 6
36 115
163 155
104 38
28 44
116 195
72 73
91 141
41 134
188 32
1 68
145 137
186 110
35 180
129 100
11 158
152 54
83 60
128 44
135 183
94 3
140 142
112 193
113 94
178 132
40 12
35 39
174 176
52 70
159 171
99 45
70 178
14 128
13 88
46 58
100 28
119 143
34 15
190 41
173 148
80 123
94 80
136 138
86 114
2 110
97 154
67 171
61 54
13 86
154 175
112 67
93 152
108 114
193 153
107 66
140 120
141 159
164 31
31 190
18 187
135 9
159 56
195 15
68 62
106 148
23 34
153 137
141 178
176 14
113 61
61 157
57 35
66 87
96 160
43 74
97 142
41 163
148 48
35 62
11 89
114 39
199 115
114 136
48 57
42 101
44 13
38 98
136 57
96 137
73 29
67 180
190 56
172 89
119 22
189 94
194 166
196 98
57 40
141 136
153 10
119 187
91 176
163 155
163 48
133 128
107 0
89 134
188 114
170 156
175 55
16 132
146 150
175 194
153 12
15 159
120 57
6 104
28 128
89 175
133 74
132 136
70 15
5 11
40 187
115 134
98 131
155 198
140 99
96 19
122 138
21 186
72 155
24 84
50 154
43 149
158 17
122 24
33 127
180 45
41 128
75 28
23 143
38 72
43 64
119 191
0 192
109 67
84 100
76 117
175 92
16 114
84 126
39 80
40 22
117 152
140 82
54 26
117 127
132 129
28 152
79 50
40 113
167 30
199 73
128 3
138 2
185 123
102 65
165 190
166 172
142 182
55 119
33 34
161 132
109 3
95 196
140 83
125 13
1 152
24 19
119 76
132 40
149 175
185 123
51 126
0 20
45 157
9 150
181 60
53 181
51 66
27 59
87 80
91 33
132 93
17 3
84 154
25 112
111 46
159 178
46 48
28 142
166 115
183 190
26 25
81 116
121 31
42 6
159 102
95 99
51 28
99 77
107 158
73 172
73 110
131 73
42 10
73 191
148 25
137 135
89 191
21 96
78 183
120 14
135 35
148 159
102 184
143 174
162 59
51 128
26 130
75 67
113 147
109 75
195 109
73 126
86 166
1 13
199 110
146 27
14 137
155 109
27 181
172 81
101 24
155 144
68 140
123 180
77 107
64 95
129 34
10 137
5 25
58 185
165 97
89 101
89 62
15 53
145 56
24 192
40 191
169 132
104 13
85 90
175 49
167 10
143 86
20 44
30 0
78 116
96 144
145 16
100 44
128 191
160 96
29 174
101 30
130 31
97 165
64 104
8 27
183 107
169 177
189 153
106 192
2 12
36 79
105 147
168 1
93 151
124 185
49 91
110 67
198 112
21 92
17 119
8 16
45 93
196 184
25 49
0 197
144 62
0 74
93 124
37 149
121 86
131 16
191 23
96 158
188 143
77 91
122 141
157 175
181 18
114 187
112 189
156 159
95 46
107 79
70 120
184 118
192 141
61 21
117 108
91 89
113 79
73 47
112 155
4 2
167 195
179 51
20 81
103 40
14 45
65 96
37 27
61 118
15 170
73 97
174 87
184 51
104 54
106 63
199 41
6 168
82 4
175 103
196 6
105 151
94 71
78 33
122 84
45 132
192 94
77 50
133 150
131 54
24 20
181 83
13 52
142 55
74 62
119 69
144 135
98 22
75 49
169 182
113 103
165 70
100 173
181 2
14 37
60 10
94 191
97 188
61 95
58 74
93 100
19 9
169 7
181 33
101 0
112 26
151 103
32 177
175 161
10 130
182 74
164 35
22 13
50 186
133 35
79 183
134 14
5 184
198 71
67 44
161 93
32 52
128 74
89 176
178 10
38 4
199 162
155 75
65 171
51 117
154 137
152 3
174 4
97 103
162 119
68 109
58 99
39 60
134 23
76 67
158 192
88 25
178 120
24 56
34 64
15 95
169 130
58 27
81 122
197 86
106 102
12 38
195 15
193 141
39 151
144 110
60 58
140 178
42 93
173 153
57 2
153 73
7 80
167 90
161 169
158 49
150 48
68 44
47 178
65 99
109 31
180 2
93 125
124 63
144 109
69 72
118 86
7 141
153 113
67 180
111 104
15 151
121 31
83 50
156 152
157 197
2 189
148 129
192 53
143 88
190 74
13 135
156 175
120 15
182 108
59 26
125 105
6 51
34 196
144 116
183 140
177 6
148 175
127 25
118 31
80 39
196 52
116 150
167 70
196 10
55 78
30 12
90 185
10 68
7 42
45 59
112 13
138 64
150 128
41 158
69 189
172 47
3 30
131 67
28 133
155 37
117 168
176 174
60 145
42 21
87 149
134 118
9 44
24 95
2 64
17 69
27 62
41 71
91 133
119 3
71 10
108 28
195 184
6 118
1 74
2 72
63 108
78 13
144 49
22 49
94 153
37 164
180 110
55 20
144 24
95 122
99 26
54 115
78 3
110 162
164 185
37 179
146 24
143 153
55 182
124 183
64 154
158 173
169 178
14 91
30 32
96 145
58 177
133 64
119 68
165 157
47 48
59 36
117 59
80 133
24 144
119 42
55 178
124 137
108 52
90 136
188 184
197 101
161 48
144 24
199 105
161 186
137 93
94 80
37 131
41 165
145 147
71 148
50 162
14 134
176 174
60 78
164 8
178 103
151 175
30 117
93 89
129 114
108 72
141 25
113 69
23 191
51 28
30 130
138 175
29 78
186 183
41 92
114 153
195 109
106 165
50 59
93 69
73 1
163 64
173 2
107 22
190 95
192 131
49 81
110 181
61 149
195 177
56 190
17 180
187 63
24 134
168 194
156 195
181 179
33 104
31 196
145 19
66 92
88 73
114 189
197 78
31 104
35 96
149 132
164 72
97 34
97 82
78 112
106 144
191 51
63 84
114 65
55 181
171 81
108 85
170 157
63 59
110 10
23 146
41 155
80 123
143 142
197 117
150 180
135 151
187 31
18 28
183 142
149 77
94 180
127 21
81 127
167 177
161 5
103 186
35 36
130 2
166 185
147 94
134 95
148 72
161 58
81 9
183 36
118 125
48 75
73 184
116 75
153 187
138 89
122 156
107 194
189 66
160 81
178 138
0 199
168 0
131 24
189 47
177 160
161 147
22 23
176 4
127 125
80 137
24 118
158 84
31 74
171 104
172 125
55 136
109 159
170 176
114 135
32 121
198 19
64 108
162 60
62 140
157 32
78 40
167 20
123 192
13 69
104 95
19 26
179 165
193 183
158 11
197 112
26 143
180 8
67 140
93 6
152 132
30 155
3 58
190 75
16 11
44 97
79 143
108 143
78 13
194 82
54 85
133 151
46 13
106 170
99 181
183 107
89 11
42 14
133 86
159 8
81 109
22 132
195 176
33 171
167 56
49 21
107 193
37 56
84 97
76 132
195 81
4 22
44 108
176 166
182 23
9 80
158 188
97 113
177 95
176 114
159 131
77 151
142 139
50 79
125 41
154 64
75 34
42 126
112 157
82 117
77 108
24 120
140 62
74 10
95 105
55 3
80 59
101 59
57 6
178 119
51 26
85 67
51 55
51 191
71 31
99 193
70 137
45 110
137 76
77 108
47 115
88 69
184 62
84 65
37 150
170 96
93 24
183 144
28 136
155 127
150 108
103 191
182 16
56 52
25 148
71 77
29 155
95 187
98 174
130 128
10 171
110 125
174 186
90 81
49 187
179 46
47 48
3 17
152 54
129 6
57 112
68 52
30 63
60 84
12 118
42 144
191 182
25 11
133 197
122 109
42 143
151 150
83 52
48 89
173 15
87 194
135 45
43 73
196 32
29 65
183 63
193 102
159 145
33 14
139 151
88 79
161 130
169 14
131 1
93 33
105 148
105 45
101 19
195 64
98 110
170 119
75 182
97 117
176 106
158 2
127 180
124 83
118 132
68 96
67 14
119 9
48 65
159 22
5 50
196 26
145 126
98 126
70 16
153 21
171 40
41 58
29 58
155 98
47 148
109 12
89 138
24 29
99 63
103 153
112 4
15 156
89 94
190 176
136 143
179 91
59 146
45 1
36 165
128 100
185 135
80 118
54 71
8 29
31 27
23 112
161 182
158 78
91 187
37 44
11 104
173 193
55 48
14 140
141 170
32 33
144 44
53 30
3 57
177 21
134 169
3 78
181 140
100 193
173 29
58 117
45 171
136 199
127 169
49 150
167 115
163 142
112 89
51 96
194 83
147 107
113 32
64 187
134 115
168 193
53 146
1 100
59 169
7 163
16 184
0 19
63 194
5 2
174 25
149 115
144 111
161 119
94 173
40 14
62 22
12 53
8 13
177 108
103 126
107 83
98 61
152 163
50 176
152 199
157 25
35 44
2 24
103 118
95 25
199 13
193 55
91 73
73 199
10 57
56 171
124 91
21 82
139 160
163 23
58 190
70 101
110 91
176 32
186 140
87 31
157 16
54 158
98 63
173 5
83 116
52 174
73 169
175 22
58 63
35 34
1 104
97 198
145 61
9 35
53 147
28 5
94 92
70 105
55 59
99 120
40 161
112 148
23 60
172 128
21 166
168 145
98 137
163 40
129 190
107 105
110 165
153 193
171 107
85 5
185 114
161 40
17 124
196 156
155 185
119 22
161 131
189 142
112 154
27 115
69 53
45 153
115 34
68 30
10 113
129 59
150 145
80 52
94 34
158 142
124 89
37 112
198 53
143 41
33 196
88 94
49 136
34 6
185 32
4 13
52 46
2 188
2 160
119 123
130 29
59 196
20 18
81 166
138 52
172 9
194 108
45 151
158 114
27 175
134 40
105 179
87 76
196 135
160 162
47 143
0 154
26 196
191 160
138 152
11 186
90 114
171 111
123 160
112 84
65 156
5 94
134 163
121 196
23 1
125 137
77 7
6 20
195 0
174 179
8 166
125 46
50 181
99 141
56 180
103 93
165 104
54 100
141 184
51 166
90 49
172 120
154 112
41 19
31 82
63 169
99 192
63 16
48 90
58 176
79 185
108 81
184 8
66 192
28 185
133 113
181 16
182 174
157 45
21 83
48 3
192 107
148 43
43 186
117 80
11 146
76 112
43 82
193 78
2 189
33 182
48 157
164 63
17 160
177 163
195 12
26 191
29 131
14 109
198 99
3 4
74 89
147 32
27 169
94 118
197 41
129 195
192 163
58 40
60 27
147 34
59 190
156 140
114 120
122 32
132 82
167 142
0 113
94 98
145 162
164 21
20 149
102 89
33 38
19 128
54 122
59 11
170 89
21 31
122 53
181 172
151 156
16 4
156 13
88 21
159 58
124 62
187 72
0 50
22 10
24 161
135 65
156 126
46 84
21 95
100 186
8 28
188 198
104 0
124 55
70 2
132 58
65 180
56 79
99 7
66 158
154 28
145 182
1 6
95 160
151 139
80 10
50 74
186 6
57 81
148 178
176 38
175 198
5 80
78 175
158 26
0 34
169 65
22 99
19 100
8 85
50 150
161 77
137 94
131 29
37 4
197 130
147 53
2 116
19 30
32 121
52 126
92 122
159 169
42 64
76 81
70 13
50 8
69 55
127 76
143 7
135 53
88 174
94 106
144 13
167 81
157 165
83 23
1 159
62 2
45 134
112 77
45 27
119 164
128 170
123 85
190 78
9 48
94 142
187 33
40 82
114 147
118 41
41 190
184 118
69 167
183 0
140 193
59 77
100 162
52 102
194 87
42 97
179 124
150 74
189 28
149 38
45 107
190 38
100 69
90 104
2 67
24 154
143 193
58 59
109 97
72 22
169 7
52 139
102 71
23 138
69 27
187 82
48 139
119 184
80 166
75 83
51 133
147 39
25 107
143 85
32 46
58 163
112 37
85 11
93 108
78 97
119 157
189 57
48 20
106 88
62 3
61 184
1 155
1 14
63 115
38 190
185 98
162 128
84 49
65 151
97 144
68 50
121 131
191 45
90 134
169 106
155 107
102 131
14 91
80 30
85 74
65 2
191 9
108 88
42 6
81 27
150 38
129 176
1 155
35 189
166 21
15 188
161 86
35 105
160 104
76 50
57 185
38 87
16 36
178 29
99 159
68 114
98 70
147 191
2 62
193 95
116 0
27 147
119 124
139 135
188 181
8 179
12 138
62 154
23 3
136 24
52 164
36 111
65 164
27 176
106 47
164 153
61 93
144 102
81 144
149 100
92 180
31 115
131 93
135 94
52 125
43 107
93 19
193 165
20 89
18 103
17 140
52 77
99 182
57 98
191 190
3 10
162 83
121 127
115 84
81 178
184 62
163 178
30 155
128 71
179 47
4 113
157 73
182 146
28 181
29 28
171 159
18 7
83 86
113 69
117 155
33 46
196 3
134 107
37 175
128 37
179 115
169 73
132 3
177 69
131 51
14 75
112 68
165 37
85 41
144 164
138 19
114 43
160 108
90 66
80 18
182 179
107 129
169 142
181 146
47 196
45 39
148 94
140 190
100 193
27 193
93 121
3 84
98 31
144 40
198 46
73 66
32 184
167 136
92 10
93 127
94 173
128 20
103 143
7 160
72 158
145 117
35 188
101 105
31 192
20 55
195 1
179 81
108 172
103 153
52 18
88 158
30 24
31 138
171 93
100 164
194 84
31 27
8 154
181 166
88 195
94 32
98 53
56 110
148 43
101 17
20 95
121 42
92 136
22 88
166 42
104 155
197 192
90 175
193 111
71 62
70 14
187 58
163 45
122 58
49 141
151 57
186 177
138 77
38 63
3 185
107 14
95 136
131 20
176 63
98 106
190 177
69 176
61 67
64 26
52 83
101 29
3 0
61 80
193 139
179 121
152 9
125 5
147 0
9 147
13 26
35 44
181 156
60 159
156 183
19 146
65 161
56 181
59 103
69 185
102 7
177 72
28 179
159 23
19 116
44 3
171 11
56 38
25 180
79 46
129 197
156 24
186 97
199 161
48 81
48 104
157 136
3 90
32 160
170 1
118 170
93 104
140 81
125 147
64 140
160 106
166 164
134 139
15 36
3 133
64 173
140 190
181 85
195 77
45 26
52 20
33 59
17 186
23 119
81 121
19 63
80 111
95 129
191 40
177 53
135 132
10 155
154 121
8 6
171 93
0 97
171 33
117 16
114 152
88 45
62 68
133 13
58 132
161 93
86 54
39 29
155 56
78 62
115 92
28 98
60 104
168 189
31 154
160 26
7 193
180 127
90 186
75 34
84 14
52 185
4 109
78 35
183 69
147 139
2 23
76 113
68 99
51 46
144 151
180 26
171 108
108 113
132 94
185 26
50 193
33 143
8 167
191 98
184 24
37 121
8 174
137 108
149 163
129 184
41 11
78 94
12 190
178 131
34 15
129 40
76 28
114 170
73 66
81 56
129 4
112 58
115 31
185 127
66 13
105 98
153 79
19 189
73 20
63 88
82 26
152 85
176 11
123 109
186 165
13 91
85 66
14 161
138 174
130 156
112 152
168 132
37 29
2 171
84 47
188 139
111 13
63 139
42 76
135 185
159 62
54 134
114 168
110 161
153 199
72 136
137 8
139 194
109 129
149 172
18 97
188 118
106 91
125 116
3 58
44 65
142 164
195 64
124 85
172 194
18 98
47 87
28 5
146 13
85 33
71 1
132 26
101 152
109 68
39 141
142 156
88 198
179 16
179 84
81 138
50 143
86 151
90 121
180 21
76 110
54 156
27 59
162 157
197 1
72 90
25 59
96 185
75 35
198 182
114 199
159 52
180 18
159 141
76 125
34 158
95 147
161 124
59 7
124 67
24 163
163 159
114 59
127 179
11 92
27 198
59 154
104 80
70 1
191 132
28 185
118 188
169 128
28 183
17 133
96 172
62 16
65 172
173 168
155 158
65 16
156 172
100 184
168 39
146 4
55 7
148 154
174 1
1 29
144 64
173 92
2 25
55 145
93 191
128 137
174 156
117 138
101 160
67 140
120 164
69 187
80 156
81 33
198 21
76 168
178 80
80 57
94 143
26 52
107 149
101 38
187 75
157 46
195 3
152 114
176 32
167 92
13 154
87 55
158 107
178 173
2 168
44 38
33 134
75 67
57 156
55 187
12 101
64 44
162 92
33 19
146 1
152 49
74 66
30 47
55 117
164 7
8 164
127 165
74 134
119 70
20 97
122 52
119 32
139 117
32 72
199 99
7 107
91 158
100 167
55 154
38 96
8 174
181 166
7 161
44 105
123 66
7 12
40 185
123 167
57 132
9 124
53 86
75 198
167 26
197 72
196 80
111 130
126 137
152 72
10 82
84 99
72 18
105 124
101 35
173 97
126 71
177 43
55 70
191 70
31 156
120 22
123 68
63 199
105 64
86 94
59 44
93 7
189 176
72 187
107 198
160 139
93 43
44 162
132 149
153 92
193 96
92 89
22 118
8 100
107 77
3 35
44 22
175 39
33 41
184 161
22 102
188 104
128 127
130 63
10 194
160 99
116 111
92 46
37 146
159 40
134 18
26 161
191 169
63 143
39 114
54 20
153 109
164 181
68 69
67 49
49 17
52 192
175 79
115 41
78 83
133 26
55 170
151 64
151 72
188 149
90 52
177 123
121 199
131 112
23 133
73 64
129 174
65 103
79 12
190 123
171 89
7 125
143 118
84 159
154 168
135 170
191 79
60 152
105 115
188 89
149 72
28 91
33 98
189 113
180 118
57 149
48 114
80 1
85 26
182 99
3 94
149 99
128 192
41 26
182 179
127 79
24 7
67 3
190 177
140 156
24 66
65 67
79 23
154 89
45 197
132 17
195 15
114 28
22 21
192 122
56 164
4 94
19 97
156 11
145 92
185 157
83 137
5 106
171 195
49 3
107 117
14 130
137 44
54 148
45 171
177 103
190 168
82 7
134 37
180 62
198 192
29 189
15 90
127 99
134 87
140 113
61 113
86 172
195 155
62 131
119 46
46 111
105 44
20 198
107 22
148 83
87 162
123 22
175 174
66 113
21 122
198 50
49 11
133 44
91 11
55 28
14 181
151 179
1 11
93 175
111 121
29 0
76 171
162 58
92 21
72 161
178 161
120 94
47 8
64 134
126 142
53 115
143 11
110 95
133 168
38 27
30 82
149 97
49 110
177 51
60 170
37 157
93 65
107 182
141 129
47 87
24 39
6 116
159 78
86 192
130 98
164 132
116 7
173 174
11 53
63 89
48 37
177 133
52 12
76 188
19 12
193 109
70 42
111 69
132 71
74 60
192 81
29 16
100 127
106 125
192 2
82 151
2 61
196 74
40 191
198 55
161 78
139 189
158 170
42 85
133 120
2 86
80 64
148 48
86 15
66 162
138 23
91 77
4 116
62 182
29 10
54 141
11 180
194 199
120 181
122 2
21 137
51 170
20 25
197 73
169 123
118 68
112 48
92 109
144 179
163 117
65 154
158 27
125 174
125 108
11 58
48 70
134 197
69 35
27 96
37 72
176 42
193 29
72 44
13 77
153 71
92 101
111 137
2 10
171 11
3 84
66 54
137 158
163 32
58 198
27 172
160 78
122 162
120 99
105 4
111 110
70 114
16 59
1 84
112 15
73 111
53 100
71 128
51 175
50 166
113 90
17 199
107 137
118 62
102 93
107 124
176 62
71 162
150 72
37 34
6 171
87 30
21 165
127 35
138 146
117 110
187 39
197 112
66 161
165 178
22 102
179 21
52 61
132 185
93 35
182 19
90 74
21 153
138 84
81 52
52 155
71 29
28 87
94 43
162 158
168 105
80 113
151 167
127 166
7 105
151 116
28 15
90 0
56 4
94 150
142 68
87 52
31 191
169 120
155 182
14 76
12 82
128 96
77 53
51 79
33 21
176 81
181 78
179 34
159 60
119 59
173 185
71 125
194 51
156 146
140 131
152 33
167 102
82 112
72 42
183 91
61 105
134 154
20 85
74 147
81 52
159 177
57 159
33 142
16 70
116 85
13 124
42 53
35 180
148 97
4 49
110 120
122 32
198 37
165 81
165 187
135 120
58 159
82 65
168 130
18 63
167 190
43 64
123 17
3 39
6 135
136 75
5 13
192 69
162 8
179 191
114 157
166 12
90 187
46 176
124 83
71 159
105 90
56 3
23 184
93 152
96 64
61 137
97 182
58 12
167 91
129 197
78 170
196 199
174 118
117 65
39 176
64 124
32 131
116 39
119 24
25 186
155 125
38 43
17 113
5 68
129 62
158 13
125 158
60 124
86 167
70 159
113 197
2 76
177 131
157 142
32 190
116 127
172 92
110 125
54 57
145 80
95 163
116 96
127 133
0 144
105 189
9 118
153 175
156 61
65 166
165 184
69 1
85 65
56 58
199 66
192 4
30 31
166 138
163 70
106 79
80 23
191 178
107 192
45 57
55 1
184 170
70 180
94 181
187 88
4 134
91 178
24 124
92 191
165 21
21 168
135 72
157 54
129 104
87 166
150 48
141 14
52 43
174 63
189 144
46 150
28 188
148 176
182 170
126 19
33 43
58 30
193 102
132 131
176 141
183 46
132 61
26 15
178 145
126 0
157 167
41 66
101 6
163 109
51 107
154 27
130 169
30 26
60 2
25 196
105 162
13 57
130 111
11 60
18 153
100 57
137 111
7 25
94 34
28 177
143 193
52 50
43 154
30 198
75 93
98 124
58 147
136 113
74 54
184 103
29 108
101 95
27 50
196 26
39 90
176 16
86 51
40 140
122 129
62 5
160 165
40 110
11 3
85 36
20 154
103 6
61 135
190 58
109 144
62 57
128 179
109 187
23 19
60 188
130 88
34 187
101 63
145 105
156 39
104 82
139 196
19 4
170 154
146 186
34 47
94 58
85 114
15 87
37 32
89 32
120 150
104 199
84 138
102 191
197 165
165 143
22 133
83 175
45 69
134 79
60 65
71 68
141 193
150 21
9 0
5 148
171 115
94 106
173 9
2 144
196 65
115 107
65 124
113 95
150 8
28 77
151 81
23 76
126 103
133 166
60 146
136 94
7 139
52 107
18 59
169 54
189 107
20 71
195 82
46 161
197 102
192 29
11 196
129 67
50 169
35 195
147 11
6 172
163 40
56 19
107 155
1 175
69 37
151 122
68 27
16 6
3 106
165 186
167 98
123 77
127 180
60 161
184 101
188 24
54 70
23 127
30 5
130 50
139 192
38 153
52 131
132 27
183 80
86 158
154 129
85 108
16 132
176 41
26 171
8 41
172 93
47 132
195 16
22 81
93 165
77 49
61 195
9 174
53 96
23 72
190 177
82 147
79 172
33 98
13 198
193 144
105 104
96 89
6 69
119 24
104 119
166 43
29 51
2 144
0 80
3 14
81 32
49 122
65 128
88 159
47 197
17 76
62 151
112 31
81 78
146 77
158 44
6 99
189 83
60 50
165 25
88 58
55 131
28 146
183 4
127 61
44 51
49 164
174 96
161 163
58 12
128 33
98 115
92 21
183 36
171 109
89 92
79 139
17 25
192 9
159 19
104 73
59 110
54 84
156 182
91 36
156 24
86 173
154 102
106 116
98 28
57 52
63 27
77 99
118 190
45 16
199 126
181 129
93 129
180 67
109 171
124 122
109 83
132 4
22 107
187 179
129 89
51 89
67 12
67 85
4 79
143 54
172 77
1 138
135 94
27 188
61 159
177 193
86 104
177 162
37 98
51 174
14 118
23 179
68 140
199 97
194 0
77 14
25 50
29 179
190 175
9 176
74 41
64 76
103 87
124 115
176 105
190 132
125 77
120 139
66 89
144 52
51 92
80 11
73 189
3 60
168 177
143 88
75 199
190 141
17 188
124 160
0 39
109 87
126 121
126 74
63 10
121 74
17 198
49 162
76 18
3 57
88 89
181 182
79 17
19 183
64 56
179 148
121 88
161 82
12 1
133 41
156 154
61 7
120 82
102 110
194 89
163 186
129 159
161 106
163 68
153 105
183 142
107 126
13 102
31 116
98 29
5 18
104 2
116 23
67 121
106 7
61 43
159 40
25 14
164 124
90 1
14 25
183 131
133 126
11 142
69 162
109 32
120 82
59 22
186 98
123 120
73 146
84 148
192 140
66 30
177 199
127 199
12 21
158 44
199 11
53 11
141 91
87 80
192 106
54 162
77 52
93 83
158 187
129 142
77 72
192 106
49 102
35 122
151 36
125 92
155 138
155 82
98 79
156 7
180 83
86 132
190 186
122 199
34 103
46 63
118 61
100 118
134 178
19 151
124 29
138 78
179 198
109 40
33 184
10 60
127 144
34 158
66 161
13 29
139 118
161 89
90 187
159 184
185 116
43 142
125 102
90 74
109 8
163 97
178 100
195 44
162 124
187 110
183 96
190 67
105 42
121 128
145 198
184 137
144 162
3 12
82 120
104 51
27 51
174 186
176 133
64 2
15 155
181 138
141 117
173 91
70 109
39 161
36 179
36 189
99 120
155 23
31 163
40 154
137 62
146 161
185 105
157 44
52 100
123 177
196 9
85 92
168 49
55 164
24 97
179 172
174 136
158 140
63 36
131 104
149 162
176 149
51 150
150 188
118 121
170 144
6 122
1 62
79 137
182 62
57 55
63 79
185 32
51 148
197 44
26 15
199 192
126 164
65 127
97 170
108 181
120 132
54 168
176 130
5 104
11 46
139 27
60 144
29 143
35 127
109 106
105 82
146 173
155 114
2 164
50 17
67 122
96 43
19 16
12 58
74 68
25 174
28 137
9 63
125 139
111 137
199 19
80 37
158 67
183 44
161 117
100 140
50 144
118 11
60 1
76 87
49 160
106 82
78 12
1 93
167 56
40 164
53 3
113 135
101 163
96 153
26 13
81 25
171 63
36 12
1 154
177 37
198 189
84 19
196 193
48 66
68 159
157 143
65 70
129 15
136 22
191 130
155 168
199 170
118 173
101 189
10 71
195 187
170 78
91 38
92 155
127 129
54 162
94 82
138 79
179 128
78 135
76 190
103 107
171 54
70 187
80 122
104 143
90 86
164 26
91 95
6 72
150 9
190 106
47 169
153 64
134 115
29 131
92 102
82 87
99 13
74 72
96 9
6 139
14 165
50 163
119 65
90 108
129 84
50 97
163 184
91 108
162 137
74 25
69 18
3 17
98 90
39 106
36 169
103 174
45 50
68 103
118 52
83 128
50 39
76 23
149 180
2 192
71 194
133 46
133 172
21 57
160 136
178 63
6 134
124 107
186 69
25 149
127 171
197 174
80 178
19 92
17 0
19 49
33 24
133 114
173 196
32 145
47 54
187 156
175 138
188 106
153 87
169 31
25 142
169 90
117 154
172 23
192 153
188 167
42 158
16 6
104 172
125 85
153 91
78 116
190 174
194 155
125 138
43 112
40 178
91 192
146 176
170 35
116 109
103 24
52 188
187 104
58 76
199 175
191 59
163 53
77 49
68 90
96 30
127 117
68 113
49 168
13 156
33 161
139 54
20 131
98 163
195 102
113 180
109 99
138 72
194 98
16 104
25 111
27 22
174 8
6 193
18 22
87 194
175 62
73 36
8 19
125 101
101 127
144 173
9 57
50 103
83 157
38 65
181 7
41 128
54 147
102 169
78 172
3 38
119 29
19 117
113 112
177 24
1 14
0 106
77 12
110 158
23 88
71 4
72 171
182 3
154 191
99 127
138 195
158 54
106 37
184 39
147 130
156 96
178 63
92 160
189 173
56 135
100 80
173 142
126 141
59 140
149 73
128 158
101 108
169 190
37 198
61 127
194 162
140 47
181 199
63 56
187 130
58 73
53 26
180 90
129 53
84 158
120 70
16 174
118 198
199 197
144 165
117 43
79 90
149 75
177 71
180 89
114 171
176 18
99 74
173 75
65 88
33 88
11 191
16 25
144 148
9 107
58 37
113 0
160 10
77 155
59 198
103 68
123 184
154 95
6 20
137 80
97 46
82 171
0 64
54 95
100 107
66 131
79 65
176 105
168 86
100 163
92 39
66 68
64 124
177 75
112 154
116 24
79 60
149 55
69 48
101 100
151 91
37 34
161 56
189 70
81 46
53 125
17 48
55 86
39 10
198 110
6 1
152 191
80 81
150 64
12 159
29 151
106 29
101 131
9 43
126 144
179 110
88 13
66 162
196 128
95 65
96 8
182 79
46 86
127 83
72 170
147 148
64 50
149 166
76 39
25 175
26 125
10 101
101 171
18 173
186 102
193 101
190 23
24 192
86 79
151 77
97 6
76 158
170 82
104 128
54 32
38 28
140 181
113 192
116 52
74 7
93 31
69 55
77 46
91 86
178 125
101 130
151 74
38 194
153 179
172 170
135 100
110 143
137 172
148 176
39 168
118 184
95 179
79 83
51 161
159 52
188 40
63 121
64 83
134 111
18 141
137 92
55 77
17 80
111 47
86 147
123 148
0 149
74 6
31 110
65 138
41 93
114 146
123 19
45 129
27 112
6 172
57 104
44 41
185 18
130 59
168 99
116 142
137 52
193 82
42 72
17 8
37 167
28 27
149 122
37 180
4 195
43 168
63 137
117 109
188 7
80 6
98 15
109 47
118 156
12 118
69 99
35 147
61 46
108 89
199 154
192 139
160 44
160 129
2 39
58 119
187 82
193 109
73 14
25 183
169 5
28 47
133 28
180 37
38 197
141 33
21 98
169 164
31 143
54 37
42 121
147 164
59 65
78 156
158 23
118 90
174 53
21 75
8 7
127 146
155 147
180 10
117 4
48 149
73 25
39 152
153 43
54 47
110 4
58 43
104 1
155 52
166 118
76 149
77 146
72 110
143 29
157 198
65 197
9 129
0 47
191 66
81 155
199 61
55 51
159 124
136 23
3 7
167 3
115 145
127 184
185 18
151 126
3 125
147 77
65 63
24 159
197 112
84 111
7 18
146 39
50 32
82 101
24 144
119 174
88 107
136 115
85 168
66 46
7 134
168 86
144 45
125 27
40 72
76 119
35 134
146 39
199 110
72 131
162 159
181 147
82 192
190 173
150 154
54 60
152 71
117 112
91 177
133 117
63 102
164 184
76 152
163 120
74 58
126 18
82 40
33 45
92 55
17 88
8 73
42 64
55 85
107 24
104 109
37 160
84 171
196 22
145 172
170 176
67 127
1 46
91 8
41 97
188 137
72 51
32 100
123 6
52 112
22 189
119 157
111 99
39 147
97 178
59 91
185 136
13 26
94 170
74 122
37 173
179 110
34 150
3 98
75 174
89 154
65 93
1 68
104 37
21 169
112 162
130 55
124 198
131 89
113 144
43 72
159 67
81 138
0 158
131 20
109 68
141 194
55 171
37 71
5 66
147 31
68 161
192 136
82 197
90 16
122 106
89 113
11 49
115 118
180 89
108 23
137 104
47 116
157 97
59 192
173 86
124 118
21 43
167 1
131 149
27 147
62 25
153 36
81 195
13 5
114 95
23 28
196 95
108 86
72 123
116 5
31 166
176 0
147 105
16 170
117 190
2 120
37 173
69 3
95 16
131 99
77 138
60 153
43 27
195 157
122 120
123 92
39 32
5 182
53 148
94 183
185 82
177 179
124 73
79 125
7 69
5 161
2 189
179 94
66 148
22 26
179 145
93 34
6 3
24 78
123 5
149 189
77 101
67 114
138 6
169 96
74 1
74 50
52 152
146 59
134 198
132 114
154 159
132 56
110 23
165 46
190 155
43 40
108 167
139 3
4 65
87 144
167 105
131 113
13 139
138 153
29 4
70 55
63 80
25 145
130 25
162 120
9 5
3 113
168 13
187 105
6 16
119 168
3 31
178 159
91 42
44 5
32 17
61 54
124 5
83 140
76 45
147 35
120 77
99 6
135 156
121 95
4 39
95 166
51 4
6 57
183 59
75 104
131 148
186 54
128 195
190 22
42 107
12 141
114 185
25 114
105 30
103 196
32 43
168 170
92 158
56 9
150 64
111 107
168 105
121 61
32 82
37 142
38 194
98 107
72 121
137 56
174 44
124 141
147 152
98 25
98 47
174 54
92 113
137 197
168 174
165 195
75 71
39 71
43 81
25 36
135 106
184 126
19 178
69 63
80 31
139 86
143 23
159 94
7 176
93 156
59 151
116 77
98 14
138 173
53 189
165 131
4 126
176 146
33 66
29 14
70 42
98 6
71 141
107 135
70 67
196 71
102 118
158 32
1 13
122 186
148 13
89 160
25 163
30 168
106 76
147 97
77 28
23 20
28 177
35 83
188 153
154 13
64 59
26 193
74 58
161 64
135 190
128 155
48 76
58 148
196 167
112 179
118 179
7 140
73 195
74 118
84 120
138 50
45 188
143 89
110 149
143 119
133 35
148 138
97 170
52 124
149 128
91 57
52 55
155 2
53 65
110 40
54 16
74 193
40 26
164 67
85 30
128 26
192 48
24 140
29 114
138 157
41 10
156 164
111 160
64 24
121 115
19 20
127 113
155 180
116 22
65 118
182 187
43 1
11 21
60 144
105 170
17 1
154 107
68 21
142 193
82 148
176 71
41 103
135 47
49 1
114 183
53 192
15 131
161 27
82 60
98 183
8 120
88 70
59 47
180 190
164 57
114 10
175 32
57 168
146 5
167 109
75 34
149 56
177 133
27 86
99 19
149 153
112 52
121 149
122 76
15 22
164 68
97 26
97 71
95 47
122 97
151 100
40 85
169 40
195 26
153 152
31 58
166 141
40 85
149 46
80 34
188 3
86 35
49 2
59 63
75 28
13 186
181 99
98 183
58 164
168 142
184 129
30 122
64 16
102 69
13 103
21 164
156 148
66 153
187 178
70 189
1 114
7 83
139 194
95 52
173 199
184 155
9 119
131 79
166 68
7 170
155 111
42 50
128 52
62 17
170 106
32 71
2 196
76 158
20 41
120 192
166 27
191 3
21 163
65 3
108 75
97 83
20 17
149 113
170 8
53 5
65 166
66 46
179 138
64 77
111 99
58 139
52 13
41 95
41 159
121 29
139 132
36 197
196 143
22 65
171 22
49 80
151 138
126 127
87 192
193 104
151 118
145 103
97 187
130 158
90 199
85 193
32 102
160 136
17 33
132 7
106 118
197 113
115 25
187 59
69 183
48 171
189 165
162 61
177 26
87 189
67 141
16 56
15 0
193 132
36 192
136 195
196 136
3 107
191 31
6 77
159 124
54 100
116 49
33 184
137 139
72 2
11 78
61 126
185 170
171 39
176 113
167 27
83 10
157 97
86 100
190 120
128 111
175 24
90 25
128 99
186 114
57 80
147 132
87 134
182 176
193 46
54 170
146 198
5 172
131 28
37 27
140 39
21 87
174 57
174 68
27 148
150 64
112 11
88 159
196 181
6 96
52 2
10 2
119 48
129 22
38 41
40 107
142 117
23 186
195 89
39 114
182 140
130 181
68 114
145 86
179 191
167 184
86 150
191 148
104 92
98 155
92 9
75 127
20 105
148 157
52 41
69 100
175 107
14 55
46 126
136 165
194 169
16 46
74 184
57 153
15 197
176 81
137 77
20 164
81 144
195 133
100 192
160 70
33 136
80 127
48 25
59 169
167 114
51 139
132 32
180 195
65 179
30 92
9 126
89 93
67 154
143 131
135 59
180 138
51 111
154 74
115 159
85 38
55 175
2 27
47 98
169 125
127 53
106 177
64 168
36 150
121 31
160 113
99 93
73 130
3 129
41 96
110 4
80 25
184 75
96 81
9 178
113 40
108 147
148 91
62 50
5 165
40 141
161 43
73 55
142 128
174 34
174 123
133 75
154 142
139 39
60 195
2 131
79 140
87 51
156 27
151 168
100 72
190 5
54 23
38 47
26 143
105 166
199 65
93 25
58 190
58 122
93 71
169 124
55 21
163 171
119 103
109 169
106 155
158 90
186 79
105 60
65 81
39 199
135 100
196 113
66 177
77 163
1 145
105 195
181 158
96 164
7 130
4 20
173 66
147 145
182 119
23 68
68 71
162 20
139 124
34 125
158 62
12 172
6 114
20 21
36 195
164 140
91 174
51 66
137 184
68 89
15 105
153 42
196 193
123 37
4 176
130 49
52 130
144 71
150 39
98 64
124 108
151 114
45 117
168 199
43 193
102 132
147 188
192 136
118 73
135 114
152 84
89 4
46 157
181 91
20 107
172 197
124 140
101 151
193 24
116 81
166 195
43 199
4 18
12 151
145 37
53 70
82 34
44 105
18 19
99 139
88 31
108 145
108 146
126 30
82 19
176 47
67 158
114 157
80 94
6 55
68 155
144 170
166 108
141 50
68 154
64 113
135 164
186 139
19 111
146 131
185 154
113 135
111 80
59 88
180 197
193 90
115 194
43 171
164 122
186 131
98 169
124 83
96 106
31 115
108 40
116 103
117 108
47 30
33 85
1 157
4 167
39 10
181 100
15 150
166 93
137 66
13 183
64 78
0 41
72 34
170 161
133 93
130 45
128 190
199 89
162 56
32 155
195 75
101 34
33 151
78 144
197 18
192 34
5 193
114 17
108 159
97 119
33 135
74 4
108 13
118 165
92 121
95 140
14 101
100 9
16 40
143 144
113 105
142 17
32 166
93 112
15 22
12 86
137 178
143 37
33 8
96 44
140 138
171 63
198 19
48 52
59 1
95 18
102 72
167 73
170 45
133 153
63 150
149 137
56 118
140 121
73 173
75 44
31 108
163 91
41 194
105 123
43 104
102 142
84 53
198 197
8 177
126 180
123 34
97 95
196 23
68 87
145 34
189 118
121 177
186 175
30 62
97 77
151 57
195 104
24 82
76 166
184 122
74 191
163 41
147 47
87 160
13 42
16 151
32 115
69 156
2 148
136 166
122 66
8 174
100 142
62 42
165 62
129 1
71 157
150 49
117 111
116 136
169 197
81 172
73 32
117 161
93 73
70 53
51 198
171 185
73 41
137 127
21 48
177 115
28 127
178 25
65 63
24 55
170 137
48 34
46 56
142 156
120 137
86 93
39 65
194 9
177 188
145 79
74 131
168 13
160 39
7 113
12 182
129 8
120 25
82 114
108 21
34 184
107 81
183 162
152 192
111 48
34 4
75 197
10 138
35 119
45 15
123 98
177 155
88 130
164 64
127 105
56 92
54 164
183 114
101 51
193 103
115 137
115 63
6 41
9 37
54 193
109 40
13 166
73 67
71 140
51 189
131 177
107 14
109 56
188 96
14 47
126 117
55 7
75 141
53 195
103 93
33 19
28 165
125 110
91 121
109 10
82 155
21 94
102 197
132 112
43 30
72 89
128 158
23 116
3 79
46 69
44 182
18 71
74 40
147 74
161 159
170 171
75 44
84 182
123 78
88 99
135 29
117 0
89 138
25 190
5 38
141 187
75 99
199 188
197 93
111 160
134 1
163 24
147 6
171 21
26 107
143 170
21 182
51 128
119 46
24 41
179 167
51 18
96 5
135 140
4 50
83 52
115 21
171 150
33 141
124 125
127 96
145 119
84 169
183 166
73 176
1 184
174 52
197 112
109 76
56 187
47 44
188 108
197 55
107 161
131 135
30 20
2 160
137 172
108 94
142 0
32 139
136 190
189 56
148 67
11 4
126 197
28 120
155 52
65 102
188 84
28 50
89 5
176 199
81 117
113 169
178 57
13 151
159 166
140 41
45 36
192 149
148 178
78 157
77 40
75 110
124 145
91 162
176 28
107 45
129 134
15 6
190 105
2 150
69 84
76 88
3 97
48 17
115 62
120 69
46 6
37 93
110 169
107 65
185 145
68 6
113 172
14 30
95 75
19 1
46 20
80 31
188 48
129 21
57 55
4 91
104 121
19 75
160 156
166 77
126 189
10 11
129 151
25 149
180 112
106 170
4 169
75 197
43 113
187 80
39 132
134 150
71 23
171 79
171 12
54 59
52 172
180 110
56 70
63 178
15 76
59 1
166 35
176 4
118 144
38 35
66 161
74 40
156 80
63 95
150 154
6 166
36 179
150 95
109 180
110 66
47 85
166 184
151 120
166 44
131 47
104 69
105 129
159 184
86 136
199 7
135 174
187 70
95 63
132 141
33 153
33 69
130 36
54 168
136 140
99 196
83 118
69 186
148 77
21 56
56 15
30 76
61 176
147 25
3 174
65 151
21 125
21 3
19 93
86 50
125 126
172 50
83 35
67 96
194 117
55 68
12 68
189 127
148 88
33 20
193 95
151 134
47 132
149 36
175 153
110 160
188 139
7 17
25 116
146 45
93 85
151 25
127 69
197 99
17 147
82 180
107 105
57 103
127 62
132 37
22 158
111 105
68 69
63 154
17 183
141 7
97 19
125 130
98 0
150 43
196 169
170 55
92 157
33 16
55 149
45 120
156 93
35 94
27 88
9 41
106 157
184 107
157 104
106 192
81 131
42 122
2 5
48 164
76 185
172 110
116 105
117 5
59 166
114 96
29 126
6 79
94 194
179 99
117 128
15 163
99 143
140 145
118 121
170 57
33 77
180 176
70 150
179 11
119 75
186 78
0 185
104 166
99 160
77 148
1 86
52 146
93 60
132 55
72 75
58 31
109 176
14 136
43 58
7 166
139 181
165 107
91 71
183 88
74 151
31 94
37 59
49 43
55 80
89 95
117 193
198 44
35 171
187 10
76 122
98 49
199 128
181 166
101 188
125 119
70 105
39 196
161 112
111 47
87 178
121 119
147 129
127 20
1 183
154 125
140 32
104 136
175 86
13 164
14 77
199 190
86 99
162 32
143 96
94 42
25 106
42 101
190 26
39 101
70 181
128 151
58 153
68 103
84 142
38 14
19 106
101 19
25 74
64 173
45 134
144 130
190 30
37 11
184 196
190 124
142 15
111 67
69 55
24 186
1 199
45 93
18 48
74 77
54 67
188 199
142 70
127 125
8 163
119 163
42 131
177 97
17 108
34 140
178 98
180 109
12 6
1 92
2 150
173 23
179 22
49 77
126 144
165 135
140 92
134 72
42 143
184 112
193 115
165 118
117 35
51 56
184 83
42 195
188 83
81 171
29 116
168 129
144 120
79 48
9 57
181 126
162 77
153 79
199 70
134 157
30 128
11 42
20 61
125 17
14 18
169 55
152 65
114 173
185 3
100 141
136 41
39 71
112 155
90 113
156 181
36 136
58 85
69 98
112 75
13 185
147 171
71 163
37 32
182 191
21 129
67 123
156 84
30 169
171 181
70 141
35 181
180 166
128 90
195 110
93 37
70 109
52 30
192 60
55 122
84 78
180 8
142 24
197 3
179 28
192 149
43 9
168 17
78 47
39 18
169 40
156 158
40 93
56 69
159 178
86 105
146 66
22 119
96 79
16 122
134 14
64 10
163 167
141 133
32 26
50 174
69 52
7 13
193 13
158 53
51 45
170 117
195 65
53 193
14 129
88 1
68 45
190 45
178 199
149 58
138 36
28 197
175 171
82 119
34 43
113 118
135 115
115 158
41 185
96 148
8 31
45 76
106 113
193 80
30 6
177 147
0 63
84 90
129 125
68 122
40 14
132 40
39 83
91 139
145 10
152 28
30 131
14 148
65 178
154 138
132 144
9 159
136 63
194 27
30 199
114 186
173 11
72 144
91 157
155 25
197 195
122 166
180 38
73 199
137 195
18 34
189 141
97 43
85 110
81 9
118 154
110 8
44 116
186 195
140 1
173 19
65 8
134 30
73 163
153 13
137 99
143 118
145 149
17 47
93 8
114 12
45 82
81 100
30 116
29 19
7 180
16 199
117 26
39 0
71 77
148 134
126 61
85 70
112 142
3 6
92 58
136 93
129 166
33 82
62 124
43 86
84 53
81 69
62 154
194 121
118 184
131 161
77 154
125 49
199 43
31 134
37 9
53 185
166 56
74 57
78 41
137 3
24 89
2 99
188 96
57 180
25 121
178 77
66 176
148 111
2 163
129 32
158 143
192 5
52 199
38 84
22 176
27 134
26 182
76 81
143 111
120 166
28 77
68 84
58 114
154 147
1 192
133 106
102 71
161 68
22 29
111 10
129 56
44 62
12 87
188 106
3 128
27 76
78 67
25 150
59 170
172 188
67 83
92 175
150 144
186 91
6 43
8 27
106 139
98 137
34 100
35 126
5 175
141 78
107 50
71 117
83 48
93 115
12 154
198 37
23 13
0 159
176 26
114 158
85 62
122 103
105 158
148 75
67 143
125 114
136 162
54 14
135 17
6 24
157 26
55 59
170 42
38 124
12 115
87 74
85 172
111 170
178 10
17 153
183 106
38 7
70 134
102 27
165 184
46 10
74 177
34 89
109 158
76 64
117 1
186 17
56 153
21 78
161 97
65 35
183 51
60 92
166 115
2 54
140 73
142 36
109 121
66 65
167 176
95 58
10 9
123 89
45 138
51 152
173 21
85 38
112 35
189 97
68 137
33 75
128 79
45 68
118 46
65 138
151 90
75 125
12 56
78 2
134 82
112 76
175 14
17 32
174 176
49 41
148 18
61 158
159 74
55 152
49 148
41 48
164 28
111 10
37 47
150 160
115 125
44 5
171 113
54 167
164 43
97 41
77 140
60 161
67 160
161 112
41 30
119 183
178 18
72 137
140 123
30 185
135 3
182 133
90 113
109 141
103 47
83 71
61 150
48 194
167 77
160 185
142 5
149 53
110 155
155 96
134 39
134 9
160 167
166 143
138 42
188 133
45 6
185 28
10 161
92 63
158 121
167 197
195 35
191 76
149 4
146 79
139 125
55 70
122 162
70 99
190 42
96 56
42 197
93 153
67 21
199 98
145 157
117 180
85 40
20 40
109 86
73 77
42 49
2 195
47 9
68 144
48 132
31 78
172 182
22 108
171 29
198 11
71 114
157 76
128 127
59 162
34 92
175 42
50 162
101 176
76 74
116 76
151 197
8 96
144 131
101 119
174 131
41 120
54 168
16 142
13 135
39 44
119 180
106 29
82 9
109 140
5 109
176 131
25 113
48 127
140 121
26 24
161 86
110 189
167 0
189 127
115 70
54 191
65 171
44 68
106 144
175 76
193 132
82 99
45 91
55 114
120 50
9 177
167 15
83 69
101 159
114 7
102 198
149 64
56 149
87 113
124 28
186 174
116 50
164 178
103 104
96 172
194 46
148 92
56 154
89 17
102 36
179 116
154 19
79 87
90 92
151 177
46 69
196 162
152 179
149 81
60 107
26 43
149 106
106 154
68 179
57 27
99 94
109 161
172 140
137 125
38 182
32 111
176 164
104 7
137 153
140 162
194 160
143 131
32 72
132 63
199 68
135 171
196 122
34 60
138 152
84 1
41 65
167 17
193 155
0 165
184 130
135 131
111 105
97 44
40 133
41 80
86 119
123 11
159 173
187 156
21 102
157 115
198 175
23 105
191 77
159 155
137 119
141 58
160 25
133 79
82 26
93 68
84 140
119 74
159 48
129 75
61 167
45 136
127 72
131 71
73 142
88 25
27 86
128 121
53 15
57 98
137 141
72 185
26 122
99 195
72 98
8 91
85 167
59 45
54 181
172 70
4 127
52 62
24 169
91 125
36 45
116 67
129 91
119 72
14 194
119 137
143 91
193 89
155 5
4 95
77 58
126 114
18 0
74 119
170 29
54 49
67 71
166 85
9 128
89 102
112 147
177 18
44 81
21 38
45 115
158 58
70 42
154 145
166 126
28 66
49 190
177 145
40 50
98 106
12 7
56 10
33 103
98 61
17 199
59 42
2 145
116 79
103 182
99 48
73 142
92 167
80 169
107 139
20 171
122 192
101 46
33 132
189 80
34 63
25 100
147 117
89 128
135 153
6 120
150 176
119 167
73 54
39 50
76 105
18 162
137 136
68 181
126 185
54 55
151 118
92 26
14 53
190 89
165 51
108 179
182 76
0 176
180 66
149 136
58 30
112 73
59 5
13 171
57 41
83 189
150 115
84 107
18 33
7 149
35 65
80 136
48 134
87 7
112 42
185 54
103 139
147 14
198 116
11 76
19 9
24 185
20 120
66 94
164 46
113 166
192 112
145 173
48 49
3 37
76 43
66 38
122 12
137 119
123 184
0 126
87 187
152 90
139 143
22 196
130 124
14 91
21 157
183 51
135 166
115 34
193 18
94 149
25 44
128 58
162 31
12 161
112 34
8 10
65 140
198 191
149 18
19 183
77 191
54 130
166 4
114 145
134 92
154 153
69 37
110 5
167 118
104 38
134 30
116 61
147 128
42 112
46 170
91 60
198 107
177 139
26 62
119 32
57 63
6 107
177 194
21 29
56 61
26 124
141 170
198 129
166 87
128 45
37 135
80 35
199 23
54 195
102 108
87 103
75 55
175 72
119 3
73 149
6 147
3 91
5 178
130 174
186 139
63 51
115 32
25 32
50 148
124 159
73 196
48 23
114 16
39 89
170 104
37 77
34 120
8 79
72 61
177 57
115 26
38 157
22 172
35 44
195 175
149 179
118 24
183 110
57 128
93 118
167 187
30 80
40 172
103 155
169 14
126 43
170 173
13 106
198 66
130 154
12 165
31 38
33 139
92 102
119 167
162 153
184 178
170 61
97 90
36 39
71 118
71 134
136 129
163 125
33 2
34 101
105 26
108 17
13 159
69 105
173 142
185 94
44 81
22 141
131 122
86 45
134 180
26 106
181 93
9 30
31 90
31 70
157 142
131 165
68 147
25 175
116 101
90 154
185 13
53 155
36 169
31 194
63 199
89 63
73 135
27 19
73 105
168 37
36 163
93 17
25 83
25 19
139 64
94 133
76 116
175 123
114 52
9 56
42 63
45 198
84 129
138 154
7 187
68 167
180 102
36 84
167 180
176 162
66 151
80 171
76 122
83 122
17 36
35 87
100 14
37 165
46 23
46 164
104 55
84 199
79 198
28 11
130 155
179 71
197 177
137 37
194 109
134 93
129 25
125 33
16 139
47 39
17 168
40 54
181 106
153 51
165 140
19 75
193 21
94 167
146 167
122 26
145 10
85 108
24 33
15 115
198 70
114 70
74 161
199 15
192 125
99 43
125 57
62 2
168 196
172 37
141 91
102 135
147 179
197 114
74 182
105 55
168 19
57 73
2 111
130 188
81 56
179 113
101 114
2 103
162 46
99 71
171 145
25 138
135 152
14 184
50 171
87 67
44 137
112 8
184 170
56 17
8 9
121 61
125 108
6 189
110 63
195 164
123 16
58 140
107 78
59 60
46 199
22 93
188 136
198 84
46 25
148 195
0 107
36 4
155 82
139 45
50 8
72 61
175 130
4 2
10 151
192 83
95 71
93 113
124 137
165 100
81 44
5 36
121 18
45 33
181 37
73 151
115 15
181 151
100 180
151 129
60 138
193 120
147 60
107 156
4 16
7 145
11 133
120 138
24 115
44 190
81 70
170 60
188 59
56 109
63 48
149 130
44 119
79 87
26 156
21 170
61 7
175 99
42 82
30 29
62 158
140 174
144 22
182 54
79 30
134 106
159 95
90 103
116 119
184 168
199 26
72 59
34 41
22 62
1 15
65 79
182 98
172 16
62 32
17 96
28 1
55 161
86 156
158 132
6 12
121 156
141 132
157 28
66 97
97 20
192 117
187 70
159 33
151 84
80 59
170 167
138 48
140 123
5 90
195 77
181 82
47 85
31 108
190 70
62 5
29 154
103 23
108 102
103 93
37 105
20 104
67 124
123 27
1 48
110 0
130 99
48 69
152 114
114 25
193 169
124 126
96 172
29 146
196 92
169 164
122 38
59 4
57 189
97 38
47 32
91 56
92 53
98 186
66 173
180 63
163 51
136 126
39 181
18 10
16 73
74 38
167 65
152 26
35 25
97 136
89 67
195 72
65 55
33 104
166 106
16 4
27 106
192 147
19 182
106 168
85 197
15 71
88 159
33 57
185 70
141 37
64 112
135 174
119 54
83 97
117 191
86 153
174 159
47 35
4 29
192 23
150 84
19 57
187 179
187 112
181 178
85 170
127 28
162 103
68 199
129 136
31 70
109 187
194 193
110 87
138 9
48 126
178 142
26 178
99 135
30 135
48 158
118 164
127 26
19 134
190 134
1 182
84 129
133 89
144 101
114 94
6 145
150 126
61 3
91 51
48 9
108 70
40 44
95 58
188 10
77 1
81 166
55 35
138 6
103 128
17 111
2 23
93 129
150 43
43 127
119 78
112 156
81 118
178 1
83 6
171 105
193 107
105 13
77 159
85 99
7 100
136 66
107 55
104 49
192 131
66 18
54 50
160 127
151 189
77 98
68 98
36 101
118 159
160 70
75 160
193 125
55 87
45 83
67 155
71 106
194 87
183 151
174 188
60 123
66 184
42 193
3 39
43 167
12 77
95 187
175 20
125 52
125 2
84 15
3 6
122 144
88 160
78 94
41 172
63 84
35 167
104 156
133 64
157 112
35 95
6 10
99 193
101 69
8 81
168 83
160 68
90 89
72 160
14 77
82 132
165 79
97 105
66 121
191 176
0 116
102 147
14 152
78 18
9 68
3 182
14 69
197 131
175 34
31 165
130 154
155 112
190 134
179 109
31 90
33 192
169 68
183 93
134 125
161 43
65 60
7 0
174 50
20 195
74 171
84 67
97 116
33 41
0 164
49 32
139 13
44 113
99 10
56 28
86 128
124 16
48 18
26 172
181 43
190 74
131 30
95 96
8 122
150 179
6 12
14 176
154 77
126 196
117 115
7 122
171 175
99 67
167 184
170 139
63 61
22 53
97 37
6 169
110 117
98 58
173 111
13 72
41 25
51 198
40 73
189 122
146 77
99 15
109 57
63 48
97 2
105 149
34 15
150 117
51 67
3 58
17 134
81 90
97 77
10 119
14 85
88 82
149 189
59 15
182 81
184 38
25 31
8 92
144 175
5 114
35 57
9 174
31 49
59 130
93 91
161 102
171 34
84 198
74 72
180 138
149 143
18 30
161 107
47 137
127 48
13 106
155 142
178 135
35 72
70 85
171 135
30 108
82 147
171 125
126 17
95 170
176 99
48 33
153 190
40 92
171 58
144 1
162 133
194 60
114 33
13 30
68 26
23 94
1 105
122 156
161 2
64 145
147 178
31 165
68 119
118 39
45 104
177 114
11 129
60 55
130 133
154 138
47 157
192 129
76 131
175 165
118 25
166 189
98 144
13 190
106 168
108 162
138 41
107 82
52 107
47 187
36 139
195 79
39 7
93 150
119 99
20 177
35 182
51 163
174 113
163 113
25 61
160 49
32 13
81 94
127 159
189 18
163 198
36 164
117 23
81 67
146 58
71 55
173 171
41 48
166 108
167 13
82 62
110 197
172 78
47 65
82 27
52 134
77 81
14 79
16 23
140 127
114 130
84 40
95 34
79 66
122 29
104 44
92 189
115 17
150 166
185 164
91 60
165 114
31 114
131 70
31 175
136 97
146 191
20 1
153 113
41 82
64 190
45 172
128 21
198 26
116 128
112 84
161 101
159 113
136 46
81 29
45 138
70 71
2 62
85 73
68 127
175 92
25 156
1 8
106 23
51 17
54 147
54 144
89 123
139 20
71 89
182 193
62 29
155 39
64 104
4 12
17 98
81 184
7 106
97 31
152 110
109 142
149 78
179 76
88 18
59 55
112 44
100 115
149 4
89 45
170 37
74 92
24 161
35 48
44 68
140 142
43 55
89 194
185 121
137 77
77 42
119 161
118 41
19 69
126 191
28 56
88 108
29 152
63 120
34 11
70 187
103 15
120 70
130 113
132 62
142 78
50 120
98 142
78 112
13 58
111 164
170 151
100 12
106 137
15 12
85 139
113 81
194 11
151 18
114 26
39 116
38 171
183 128
95 186
110 44
173 148
41 123
197 159
103 9
29 96
90 127
190 96
100 88
3 140
20 176
75 73
135 43
77 35
46 98
196 121
156 104
191 80
178 167
159 110
122 192
131 145
15 187
42 88
42 150
28 110
188 88
192 88
191 40
66 17
112 147
58 60
91 3
127 163
161 95
111 49
65 92
173 168
61 122
98 86
15 156
127 194
45 171
154 168
174 69
96 132
183 26
132 114
49 128
179 84
124 101
41 15
42 104
142 161
174 118
55 104
44 7
185 152
162 41
122 190
180 106
55 80
63 179
127 88
132 129
58 29
154 88
114 113
189 59
58 177
72 161
109 10
133 41
144 94
51 20
77 63
179 62
152 136
105 160
158 125
133 190
5 50
105 100
58 144
47 135
16 116
155 84
111 33
48 159
119 154
160 192
137 117
122 79
83 9
183 182
21 105
93 71
14 125
122 18
182 48
172 37
95 16
114 166
164 26
136 189
81 11
23 116
11 35
57 113
188 143
57 26
122 162
7 117
138 7
131 125
109 43
48 119
119 98
134 102
148 178
46 62
96 137
10 180
61 99
41 156
93 177
190 26
155 104
51 100
10 112
53 50
146 144
153 77
27 25
112 55
192 107
128 11
99 100
124 175
163 37
127 118
149 134
118 101
47 29
181 2
69 62
129 35
123 118
32 24
155 47
156 144
104 164
128 193
50 119
30 94
148 42
3 143
78 33
1 185
146 185
89 73
82 186
33 114
98 6
8 74
179 35
62 123
169 68
198 121
107 109
123 51
182 198
65 161
83 178
111 160
72 24
143 14
135 83
101 53
59 3
56 154
162 92
148 101
156 70
179 99
53 120
155 22
47 99
22 61
22 183
97 129
113 28
14 45
196 39
107 196
132 179
53 61
3 63
123 28
122 105
48 9
18 31
1 79
42 123
184 127
96 85
170 110
32 67
101 138
54 21
44 125
30 15
132 95
134 70
86 79
144 17
83 48
122 95
116 43
150 148
77 67
81 90
68 133
147 138
73 111
105 79
197 101
168 62
47 83
19 41
55 128
108 179
97 65
197 172
24 92
199 194
138 123
71 169
144 47
151 145
159 120
195 99
24 107
20 72
107 125
47 43
176 187
75 180
179 55
199 84
148 106
39 83
76 166
169 185
92 85
18 133
84 17
111 6
134 109
160 36
180 68
196 168
36 181
182 139
22 5
79 117
62 66
22 169
181 43
74 96
9 4
185 184
21 160
87 160
73 197
38 83
87 124
15 17
197 162
108 89
165 87
135 145
108 21
80 130
97 20
4 185
8 165
38 195
131 49
139 199
74 159
77 94
135 168
60 114
26 51
38 2
38 199
155 89
113 69
185 45
180 119
197 132
61 129
71 42
169 118
103 193
141 16
188 124
167 44
132 166
158 41
65 133
174 28
174 17
142 196
32 20
51 140
46 64
47 113
194 124
177 176
108 16
63 74
89 10
89 196
96 124
30 113
57 129
43 28
173 26
135 91
122 71
91 79
27 75
23 24
114 150
41 102
184 154
67 13
91 42
167 98
40 120
17 189
191 134
74 49
182 49
191 156
79 171
42 84
93 43
71 53
144 51
169 14
189 49
148 1
130 198
126 55
73 199
160 132
41 11
140 151
183 33
56 122
162 127
174 59
171 42
71 131
73 55
4 135
65 45
171 53
16 178
198 118
90 64
73 66
81 73
8 31
153 178
12 113
151 101
137 171
42 199
94 62
147 153
158 111
99 131
154 112
185 153
121 18
132 164
68 153
181 160
56 71
73 151
51 20
181 7
164 70
118 187
28 38
100 194
93 197
174 175
43 40
68 51
59 8
5 116
142 176
39 142
61 25
182 145
98 5
90 122
79 135
116 119
46 99
141 5
32 7
125 12
36 0
102 39
94 7
100 30
193 0
185 94
56 163
164 78
106 59
104 92
8 54
103 41
192 69
160 51
189 1
110 195
144 12
63 52
170 187
0 11
196 183
187 117
43 36
123 161
36 42
99 124
102 55
197 67
183 0
172 168
88 163
4 79
153 14
7 179
128 79
103 58
54 32
130 31
46 2
126 114
9 112
85 72
26 154
61 99
31 191
88 155
196 91
4 7
91 60
174 109
43 16
68 171
167 188
171 41
100 102
113 153
39 89
50 62
135 26
179 94
150 7
198 46
134 41
145 89
165 193
98 82
168 15
166 89
163 36
88 187
83 51
120 126
101 116
91 78
194 187
185 0
173 154
138 159
162 64
41 159
191 107
102 161
46 193
121 15
67 184
69 62
18 179
144 61
194 126
111 37
174 111
1 15
57 26
5 44
159 163
29 170
180 81
116 88
128 108
74 45
24 67
115 11
172 75
118 103
85 74
94 126
166 169
37 146
177 30
8 100
25 119
142 179
169 144
95 75
161 12
27 77
106 74
64 39
199 56
137 111
184 195
45 40
47 117
39 57
51 192
83 40
113 132
144 159
37 109
46 25
53 177
39 84
87 162
98 190
78 162
23 20
191 26
41 160
75 175
193 111
24 79
149 191
30 185
44 141
198 135
26 32
174 7
127 85
109 4
33 53
13 78
151 29
149 115
195 161
170 145
128 20
95 182
15 108
123 199
147 135
92 74
125 25
97 84
85 160
187 47
1 188
45 21
61 68
57 167
11 152
20 1
158 129
21 147
32 150
7 177
172 66
179 122
31 91
14 102
67 149
165 131
19 69
49 191
75 124
5 83
168 12
81 69
22 39
197 151
16 22
57 146
62 194
78 139
101 161
117 169
163 82
31 53
192 115
197 171
27 84
15 123
116 45
110 132
23 69
119 163
2 147
162 97
193 88
142 123
5 56
134 117
46 30
142 76
85 45
23 69
124 3
82 61
141 34
151 171
103 70
27 94
59 136
29 123
14 159
17 85
70 30
170 180
199 151
42 29
78 50
180 159
136 25
183 119
166 130
162 65
193 25
132 25
2 44
71 172
76 36
41 147
4 27
104 160
162 25
194 105
43 174
198 70
29 24
140 15
39 181
72 7
193 85
20 136
13 79
124 193
3 25
4 123
44 167
186 147
44 134
189 42
37 1
62 78
185 160
192 188
78 177
86 77
199 0
197 111
78 19
90 12
13 184
15 161
144 45
39 173
89 193
198 48
181 144
86 1
111 122
65 122
135 110
148 84
123 90
16 122
192 69
43 74
8 7
39 150
165 46
118 114
168 89
33 27
0 164
95 132
64 40
107 155
167 113
38 182
175 114
2 36
199 79
68 190
112 169
55 28
125 72
31 137
99 175
147 193
170 185
81 32
155 169
169 184
102 18
123 0
109 1
105 17
69 146
37 59
3 20
97 44
122 121
121 10
98 14
92 140
97 77
100 117
119 93
11 111
3 33
196 119
97 133
127 67
17 16
156 48
65 188
174 163
62 175
139 188
81 194
110 176
90 16
144 65
75 169
178 197
49 60
121 103
164 154
167 24
107 118
20 0
109 78
29 142
5 125
1 110
39 113
111 46
183 193
85 88
193 164
15 128
123 23
138 156
98 41
182 68
135 40
128 186
183 68
106 44
142 163
101 161
38 48
18 85
50 140
132 17
111 66
63 2
133 115
63 30
174 53
7 195
114 125
63 146
198 113
76 125
112 77
15 36
21 175
170 107
120 124
71 49
157 20
48 76
81 69
171 139
87 2
19 144
102 9
128 21
172 123
169 23
108 5
169 165
93 34
37 44
192 18
26 90
65 111
19 4
42 79
196 50
139 17
167 73
72 170
15 54
81 58
121 174
110 174
75 109
107 51
62 151
151 183
113 75
160 140
170 92
94 23
191 145
186 44
112 7
98 129
77 182
138 3
143 96
129 74
173 65
146 133
15 198
186 42
57 28
91 93
133 130
163 72
149 176
188 169
185 178
85 150
120 90
162 106
105 124
125 59
146 198
174 37
101 61
80 149
59 26
82 157
128 153
7 55
154 170
14 36
135 112
189 135
157 95
53 57
23 103
130 149
10 134
178 139
85 159
6 82
10 123
185 133
106 80
165 168
47 58
24 121
25 17
176 91
168 38
56 33
188 169
26 39
191 43
163 127
135 38
37 17
40 142
152 194
165 57
122 77
140 108
198 103
66 134
177 119
71 186
196 80
138 99
52 4
79 51
23 95
38 76
81 191
188 9
133 51
103 20
41 27
1 58
46 194
186 104
10 157
56 44
185 136
64 146
191 35
189 169
138 86
82 35
194 117
35 118
39 53
33 139
38 76
137 14
32 134
35 87
119 2
86 5
176 5
13 131
124 125
81 103
103 159
118 178
168 58
58 45
28 132
7 90
78 37
29 60
25 169
193 30
163 49
63 93
6 92
85 193
159 153
102 162
170 128
152 28
64 27
24 87
51 195
102 98
191 58
109 43
120 55
110 27
36 75
6 44
62 56
24 97
132 172
148 108
27 185
165 60
148 82
72 33
19 6
62 110
179 150
77 84
178 172
54 78
102 199
80 145
131 94
16 180
127 113
198 121
66 167
124 182
5 131
168 24
23 7
54 15
112 132
149 49
50 37
171 138
106 42
38 169
64 60
38 79
74 101
42 149
98 191
199 121
111 26
177 169
155 96
119 99
24 37
124 121
154 159
190 53
171 71
182 44
118 77
100 66
152 21
191 85
78 177
74 61
74 153
66 171
158 182
183 82
138 115
107 193
5 2
167 163
137 198
38 33
163 195
39 99
45 44
15 82
99 185
49 107
71 48
107 61
58 23
91 8
82 17
19 6
193 98
46 87
166 123
83 176
29 22
83 125
99 105
42 82
65 189
165 60
135 170
187 16
131 184
159 132
116 156
105 74
65 44
79 78
72 55
103 190
183 185
112 68
148 6
163 113
70 166
79 185
137 42
13 47
16 162
13 173
120 52
22 119
10 183
20 157
147 119
157 2
107 83
121 181
95 70
57 120
111 42
159 10
80 96
178 96
198 134
55 31
8 30
196 63
58 93
19 159
115 38
178 169
32 160
137 46
113 163
12 174
18 112
25 161
59 49
154 6
83 184
140 105
182 63
111 24
103 33
125 26
156 84
124 43
139 23
42 160
130 92
127 48
108 56
198 96
1 174
122 41
18 142
71 107
184 114
62 191
72 38
0 121
149 25
174 152
74 13
52 99
13 162
3 92
178 158
86 72
145 51
34 29
133 12
110 143
176 54
79 112
65 30
68 189
114 86
5 161
131 150
83 166
90 117
174 137
47 161
12 191
51 102
9 7
199 54
12 61
60 98
31 144
171 91
176 142
138 189
2 95
74 148
83 59
102 18
11 2
89 137
110 101
14 58
107 88
52 71
33 101
125 42
60 170
177 186
1 175
51 101
106 61
141 67
24 138
56 29
38 142
38 199
6 57
57 104
22 10
67 40
69 154
50 135
24 38
183 22
156 147
142 38
164 58
47 39
68 14
139 13
173 169
190 24
171 175
9 107
96 76
84 196
158 64
160 183
53 185
194 80
148 112
160 57
118 196
106 36
143 137
139 173
118 117
27 132
34 158
148 144
187 95
184 3
121 5
18 32
29 95
157 46
50 189
49 37
86 113
180 43
62 192
52 9
149 167
14 112
22 28
35 175
38 83
121 41
126 41
64 28
43 69
191 153
46 58
139 123
89 50
89 30
153 13
155 5
133 24
61 146
183 192
9 165
37 79
50 102
50 42
59 109
83 176
97 17
2 155
118 130
60 34
82 167
34 109
79 198
72 146
6 32
101 194
59 156
3 69
47 13
32 132
24 117
163 54
137 39
91 112
173 148
102 93
35 5
130 112
148 150
107 125
127 193
77 22
22 98
11 0
86 66
68 116
45 76
88 54
30 133
141 37
199 184
16 37
57 84
151 36
171 14
20 154
108 101
62 166
21 27
148 72
197 134
150 77
147 124
9 99
158 110
193 54
58 121
105 130
168 2
84 36
120 42
105 95
22 62
5 96
45 59
173 160
179 100
185 88
23 145
152 66
35 132
114 133
36 13
64 83
53 192
36 46
136 171
127 118
76 173
186 199
88 122
37 61
131 174
169 96
13 116
99 29
90 12
57 19
190 108
104 101
55 123
21 74
91 101
34 57
190 86
170 64
3 23
84 47
130 74
112 142
156 108
72 42
73 141
80 196
78 156
127 2
167 49
76 188
119 155
193 126
90 172
127 149
77 186
111 198
88 65
45 68
0 62
79 6
60 72
122 156
175 31
106 73
4 87
149 53
138 43
1 179
116 15
132 124
188 40
162 145
193 11
164 173
104 77
146 75
176 43
64 49
112 80
78 101
144 157
114 144
132 61
146 122
96 39
176 22
176 105
187 130
121 32
83 36
115 100
116 177
59 137
64 163
7 154
39 144
141 130
55 199
148 120
26 91
147 86
171 64
70 35
54 180
146 197
113 98
119 198
145 123
8 53
33 146
36 137
140 56
176 150
173 141
101 61
97 106
37 198
145 98
167 11
144 95
189 91
195 105
85 152
137 196
126 73
173 132
122 65
32 14
121 119
116 111
71 127
97 40
162 5
141 59
189 103
32 159
171 98
101 152
8 77
85 48
45 14
31 65
57 78
125 167
94 85
133 71
85 38
145 173
7 0
19 9
130 29
14 8
19 74
57 38
116 2
124 188
145 147
6 55
141 101
27 118
190 84
131 145
31 185
4 82
116 181
35 84
196 177
144 75
142 75
58 102
23 57
60 87
150 84
39 107
77 157
99 139
158 103
196 125
51 94
97 198
12 176
118 33
109 143
38 73
186 61
103 35
87 33
10 193
26 38
123 120
43 173
187 104
20 0
54 87
110 92
24 50
36 3
58 84
183 4
8 184
151 51
63 115
51 76
157 152
178 80
42 144
2 144
97 151
151 59
173 87
61 55
42 95
86 11
22 32
10 44
100 78
170 10
118 141
132 170
168 37
166 148
195 121
153 199
139 190
143 77
40 75
155 8
52 61
159 182
32 81
129 27
82 73
134 140
111 164
137 107
171 4
160 90
24 138
21 188
57 4
147 75
21 179
26 128
39 181
57 81
130 6
115 195
34 111
62 157
22 177
34 105
29 69
160 13
125 49
139 199
148 93
17 142
184 83
155 91
78 67
33 51
129 55
116 136
13 142
28 52
19 119
87 179
115 105
38 62
142 169
40 24
45 47
101 156
1 101
120 4
189 27
89 5
187 89
183 172
27 20
21 178
138 32
190 12
139 76
11 42
0 60
161 32
144 78
199 62
2 102
154 68
148 34
156 182
1 7
173 152
63 3
176 199
62 71
151 64
130 145
129 136
111 59
102 97
114 191
160 8
29 172
17 195
36 104
39 132
35 90
121 48
62 76
129 49
30 38
146 17
124 105
62 16
49 165
118 99
155 39
109 20
155 128
135 145
100 97
197 108
155 145
72 173
65 57
165 184
51 118
173 181
58 45
56 118
71 1
126 5
114 53
105 8
108 41
59 190
182 197
125 174
28 45
183 197
85 47
101 115
121 23
115 184
96 99
17 33
13 7
163 53
80 12
134 161
178 51
51 123
117 108
93 72
163 122
53 63
174 38
189 17
155 110
47 132
99 147
30 55
153 102
145 175
139 70
164 12
164 27
173 43
190 192
126 90
129 49
75 39
3 36
17 86
149 60
46 54
194 181
149 28
129 168
177 66
17 36
123 124
194 63
139 40
192 143
141 161
174 159
76 20
63 80
115 177
98 103
110 158
112 5
155 59
165 78
12 58
51 128
179 175
189 174
65 67
112 141
63 143
26 63
48 94
58 18
142 186
106 11
152 11
122 80
48 172
162 197
137 85
57 185
52 83
191 127
46 104
16 123
150 155
194 33
76 24
21 70
181 58
178 142
82 176
195 93
91 144
133 146
128 56
97 7
107 12
90 21
146 24
189 153
95 135
177 50
158 122
31 135
26 31
39 194
63 8
81 135
24 4
75 13
71 136
20 144
88 16
71 72
26 157
162 24
105 9
92 61
41 140
33 168
11 3
92 167
168 102
190 36
25 31
127 52
190 62
105 138
126 14
175 199
88 188
162 64
151 26
58 90
152 115
160 169
73 27
116 98
68 18
11 6
70 67
35 81
25 130
19 111
171 42
146 178
126 68
158 151
69 5
26 115
159 7
46 25
104 163
118 16
197 172
13 110
179 128
82 171
109 128
17 187
171 153
89 179
151 79
31 71
191 78
116 69
106 13
170 146
174 3
93 14
156 190
107 51
141 25
75 126
193 133
59 94
171 37
183 152
149 42
98 174
122 76
103 176
125 49
173 130
177 71
47 23
90 106
4 156
184 84
31 170
78 187
171 146
121 150
25 83
56 23
31 24
2 32
199 80
78 86
61 143
86 168
34 35
109 174
132 120
190 120
151 115
12 68
31 125
198 138
15 111
66 56
83 43
70 3
93 60
73 0
25 51
4 106
143 63
158 23
113 77
170 5
165 131
159 166
183 160
80 112
29 185
112 153
28 13
135 162
68 21
44 191
197 106
1 145
84 102
121 187
85 80
185 0
199 105
153 41
125 111
123 84
82 127
67 75
78 114
32 143
113 175
138 191
144 15
47 78
19 44
51 96
174 172
62 171
106 19
97 0
60 17
13 38
10 50
196 84
119 99
21 70
55 103
172 27
153 3
49 3
43 83
87 8
179 189
87 147
89 160
54 107
10 104
3 79
141 151
4 174
132 67
23 113
94 63
63 13
42 21
100 108
34 142
82 97
63 64
83 16
56 80
32 168
199 75
104 96
83 189
75 134
94 65
61 100
30 70
146 70
119 196
97 50
12 199
184 50
16 56
190 81
133 79
185 117
157 18
119 133
85 107
77 91
184 61
112 109
81 98
114 132
189 112
26 177
80 178
92 138
51 115
190 174
178 96
142 7
107 11
50 186
194 91
165 94
52 194
37 22
9 54
57 30
143 74
90 187
3 69
38 177
92 120
9 5
41 34
96 152
190 186
136 108
129 147
73 148
167 107
52 117
41 170
161 66
141 151
39 163
114 75
191 22
138 2
7 58
49 126
175 137
75 176
4 106
154 199
136 46
179 29
168 90
23 51
66 93
55 160
44 199
164 50
183 22
41 187
149 51
153 195
92 37
69 65
111 161
40 178
145 64
12 106
37 18
58 4
174 136
191 85
14 183
46 177
145 159
89 152
177 110
21 190
42 83
89 91
148 174
55 199
94 56
142 146
57 23
51 148
190 79
7 162
31 160
74 126
168 88
45 141
148 42
162 80
1 149
166 38
102 11
107 71
110 68
144 9
137 110
21 30
72 145
143 147
42 85
190 165
149 179
175 193
122 146
100 119
71 9
198 98
137 18
123 135
51 191
25 110
192 183
131 43
88 185
93 134
167 61
157 110
142 4
105 76
92 32
106 184
161 52
74 85
120 199
49 154
64 149
67 193
130 145
83 116
81 110
30 38
133 17
34 101
147 68
139 119
138 152
78 155
8 122
92 73
1 139
77 161
127 123
134 53
35 52
3 39
91 48
179 61
98 185
26 148
150 13
147 197
138 101
134 148
30 37
100 64
7 199
50 14
44 19
199 3
14 4
155 131
195 197
169 133
75 95
169 56
64 98
151 126
62 26
76 110
155 133
32 146
22 45
78 26
137 68
55 170
103 149
25 95
111 153
49 194
93 191
146 59
196 30
165 42
1 192
184 16
155 67
12 176
77 39
112 95
158 37
158 139
114 33
92 8
49 74
67 106
6 199
197 30
199 104
123 35
24 184
181 79
187 43
16 103
191 130
142 114
160 186
197 110
34 0
160 78
111 16
133 177
142 85
138 149
193 4
171 79
158 83
100 199
32 64
142 124
182 136
86 95
114 24
68 96
25 88
111 29
2 94
117 132
140 120
167 131
3 33
137 77
56 199
144 98
191 115
64 101
156 62
92 89
161 65
184 11
17 129
93 180
40 115
176 17
89 4
67 78
41 43
165 145
76 67
77 180
191 85
180 65
29 46
71 172
107 105
91 172
55 0
45 18
135 74
37 109
36 106
2 19
54 191
56 185
171 43
97 99
30 110
199 125
56 101
196 62
109 6
50 168
25 67
102 191
84 31
99 18
145 82
32 107
58 36
78 132
24 109
51 31
101 174
129 175
43 4
77 159
155 18
97 67
53 135
103 45
56 26
85 81
175 195
135 115
14 16
25 120
179 90
154 137
135 197
57 58
117 149
118 16
180 38
168 134
145 46
60 192
96 184
12 76
157 165
98 40
119 6
98 76
26 86
117 124
23 14
50 103
39 146
187 155
52 50
184 175
136 120
19 116
96 58
133 22
141 44
83 1
100 193
37 156
188 21
73 152
26 153
139 183
139 116
30 146
145 38
26 14
16 156
30 142
182 92
71 80
137 175
186 131
107 69
126 32
103 108
110 72
9 117
158 48
161 138
4 99
156 23
61 176
71 32
6 46
135 187
148 173
30 52
137 21
78 123
91 110
191 93
125 10
92 167
173 22
155 113
87 141
60 62
169 174
7 108
52 17
13 65
43 70
40 63
20 114
159 37
14 151
65 22
193 61
2 66
10 68
116 159
135 1
103 195
154 76
19 127
146 158
30 193
150 13
77 126
159 132
143 31
47 39
97 71
132 117
174 88
106 25
141 130
118 120
54 2
104 58
79 136
95 121
145 192
100 198
35 122
17 41
95 33
52 178
38 127
34 116
7 152
182 21
181 26
9 169
115 29
172 106
140 31
182 165
46 47
150 132
100 11
183 33
191 29
195 147
195 158
120 26
68 161
170 72
84 167
8 6
89 123
23 37
199 100
172 64
186 43
49 180
37 82
21 147
198 103
66 37
51 112
42 33
116 17
2 179
108 98
99 184
30 108
82 29
15 192
181 94
6 31
168 29
16 115
23 199
56 186
198 49
24 58
85 15
79 195
52 151
83 168
121 109
16 193
157 44
113 2
199 45
176 164
164 105
92 128
96 188
80 71
125 39
85 73
0 131
105 183
56 1
149 23
149 162
169 5
23 37
51 183
98 146
66 193
189 183
34 174
87 59
199 117
145 150
110 100
39 104
89 140
160 15
81 116
183 132
108 6
46 44
107 83
144 129
136 194
148 108
191 66
184 42
177 63
55 141
10 52
34 85
100 134
154 182
20 35
79 86
24 58
186 13
21 34
16 36
113 162
92 177
20 131
146 164
142 17
123 151
159 60
77 113
43 131
140 75
188 98
108 14
36 5
152 177
182 176
110 142
156 49
75 19
79 66
173 82
135 67
73 43
133 94
119 74
132 12
10 54
74 71
199 4
64 56
183 140
66 2
105 72
174 151
54 3
115 58
34 94
36 112
110 197
117 185
17 161
182 74
139 109
70 186
62 88
64 114
71 118
118 94
50 164
39 16
151 47
32 141
154 71
125 105
73 113
153 82
172 107
129 119
148 162
42 182
6 28
166 94
63 90
42 47
13 26
122 3
47 91
82 187
98 123
27 151
38 103
22 52
31 53
30 125
118 167
90 60
109 183
168 130
120 168
107 27
138 178
37 188
80 18
18 45
38 86
22 3
95 184
34 126
45 79
190 76
27 148
40 69
179 53
54 93
131 143
42 161
77 67
194 75
35 87
120 164
62 173
96 83
30 149
115 117
110 76
132 78
173 119
191 15
152 60
0 108
87 180
160 91
19 118
160 132
0 116
9 140
22 0
99 82
123 75
121 8
149 10
193 59
135 1
88 192
42 44
22 94
74 119
142 93
45 68
25 129
20 152
183 12
95 10
194 14
148 156
145 84
61 191
2 58
56 108
198 30
6 140
135 119
151 161
182 117
187 83
36 61
15 168
140 22
161 36
125 25
155 36
106 164
153 42
127 38
152 183
99 44
84 36
51 54
95 27
192 49
133 105
136 181
185 194
192 1
84 148
136 21
139 164
52 147
96 132
94 10
22 181
99 131
104 190
112 87
137 6
92 82
21 148
90 4
126 84
74 77
183 94
77 100
43 167
170 152
95 93
117 97
20 194
35 181
101 99
84 194
68 162
192 154
87 31
36 74
164 7
139 104
53 21
188 66
16 122
83 160
189 90
37 84
162 54
184 183
2 23
195 154
90 104
64 101
5 160
188 109
182 70
51 171
96 35
116 162
194 112
98 155
2 62
172 191
16 65
25 73
59 2
177 141
16 64
135 87
194 196
131 77
38 165
151 128
29 161
118 57
34 187
1 117
83 137
177 6
24 150
186 75
93 109
65 59
184 161
169 158
34 129
86 185
44 8
157 196
106 100
98 198
12 6
13 142
65 60
161 28
190 194
141 54
5 144
191 38
115 171
97 36
166 43
123 173
50 182
150 42
183 177
56 7
138 68
163 92
78 68
194 156
186 56
129 159
181 103
7 87
115 76
45 21
85 2
8 145
105 124
72 48
138 2
162 16
193 5
172 37
60 115
17 136
66 137
64 185
111 66
70 6
124 118
101 125
52 58
197 55
148 197
88 63
15 102
103 6
13 1
182 8
57 111
108 89
16 9
61 146
135 64
64 146
156 23
53 58
27 132
85 179
9 51
11 95
69 42
123 119
98 148
39 129
27 184
82 11
49 42
125 155
52 17
38 41
87 30
157 83
194 190
197 186
168 190
81 127
137 134
106 42
102 185
1 146
195 115
158 95
58 74
194 68
40 54
169 144
181 49
188 34
140 41
193 131
38 179
5 166
118 110
26 110
114 74
80 157
197 154
55 30
80 42
192 148
111 166
143 61
0 2
31 55
108 119
32 47
33 167
12 89
1 154
144 98
166 66
161 43
15 171
84 152
161 17
166 86
39 152
157 121
98 102
166 0
72 180
115 166
107 172
190 108
124 34
164 101
80 136
147 104
34 93
119 48
118 184
157 13
39 30
120 121
101 111
121 17
53 70
107 167
3 120
35 71
4 60
9 48
71 12
38 61
141 120
130 43
196 12
29 88
94 153
119 178
32 91
91 115
107 16
5 144
171 101
184 78
8 51
83 33
32 116
197 155
169 114
163 38
63 150
144 91
109 157
192 92
136 142
128 194
36 83
58 50
117 143
157 145
72 28
86 151
57 186
109 14
51 187
16 34
28 197
31 80
87 50
85 3
104 111
191 64
119 16
152 70
172 189
39 12
41 47
30 96
168 191
156 79
160 150
188 22
59 69
186 68
91 23
179 8
134 66
174 169
28 181
70 119
163 136
177 181
169 14
123 169
66 44
74 166
34 23
27 174
22 120
67 127
31 72
125 66
95 80
61 96
24 136
22 164
89 142
128 184
149 173
185 192
193 43
102 71
147 150
37 21
105 75
74 171
164 24
89 138
197 164
74 166
172 39
63 127
11 13
139 147
168 162
37 21
129 53
16 86
48 3
174 180
79 193
57 125
168 113
13 101
0 82
67 6
137 22
72 114
38 92
147 47
6 32
7 125
135 40
60 131
84 10
148 152
191 107
145 39
0 2
1 63
7 26
74 14
160 138
59 129
158 150
173 90
9 22
154 100
149 83
7 14
17 9
112 102
193 199
44 64
83 90
24 26
5 64
104 140
163 81
1 118
48 187
100 81
183 25
84 144
188 193
58 142
67 38
87 56
165 88
197 120
35 0
52 46
79 95
158 76
73 40
109 175
127 153
184 26
129 40
162 101
124 150
112 7
51 56
139 83
111 45
137 20
68 121
168 22
94 155
175 41
149 88
194 74
27 79
122 153
30 0
72 118
5 25
27 56
70 14
130 98
79 89
96 65
20 153
107 31
76 59
65 132
20 3
110 99
63 98
97 86
102 168
157 25
176 24
97 30
77 136
179 107
139 126
3 67
99 186
136 144
176 68
95 112
148 176
178 18
11 43
14 105
56 50
38 104
1 185
188 143
15 99
15 179
49 189
148 108
162 197
112 50
120 176
118 93
126 171
25 96
29 56
50 8
17 144
110 13
142 192
40 129
195 58
161 120
70 178
149 49
134 106
91 100
121 194
161 53
73 169
46 112
106 140
5 47
56 59
189 133
29 124
58 173
194 120
171 173
56 80
95 43
155 183
166 182
141 164
199 64
116 18
164 67
66 90
74 5
127 83
129 154
7 134
89 96
136 173
43 83
185 64
175 135
108 132
119 122
97 70
70 81
9 6
85 197
20 130
39 188
54 37
8 91
55 192
76 34
169 122
197 85
105 146
189 132
60 192
138 4
93 38
168 64
85 58
81 23
72 4
141 9
111 89
188 131
10 68
85 115
116 142
50 167
145 21
159 90
53 143
10 30
125 145
101 37
71 177
35 185
48 3
68 157
131 132
187 126
44 2
70 110
31 34
40 183
102 29
174 131
194 30
72 135
15 150
105 107
68 9
76 46
176 112
121 184
136 147
83 1
131 78
15 28
75 139
113 70
194 197
153 36
83 171
153 155
88 69
193 188
129 1
180 166
22 104
128 82
166 2
125 29
52 75
126 10
48 130
194 104
107 143
147 86
187 182
58 195
184 14
123 42
57 43
110 113
156 38
179 117
29 106
121 187
177 176
164 160
8 134
33 29
76 16
9 129
62 74
113 88
71 170
153 42
12 139
4 11
58 144
110 57
9 51
82 62
134 178
178 161
50 127
21 24
34 82
30 134
151 198
172 193
102 14
118 73
86 147
186 118
164 40
44 87
160 110
197 134
45 28
92 84
120 49
95 119
1 177
75 115
102 141
189 51
68 81
102 161
12 3
64 148
86 106
125 51
26 141
33 12
73 50
39 130
79 173
180 168
167 126
133 131
183 157
194 93
64 47
127 196
132 14
106 105
188 169
154 108
161 66
127 41
78 80
197 198
120 28
194 88
122 160
71 36
42 160
181 193
140 150
161 145
62 93
24 41
69 134
132 76
95 139
92 74
142 181
37 197
182 27
137 134
87 44
11 112
125 25
134 67
33 92
138 36
98 78
12 136
50 141
170 89
71 153
128 141
95 60
134 138
146 20
154 164
8 169
34 182
112 19
144 97
71 198
184 129
116 127
130 125
181 20
120 143
100 71
80 170
141 3
38 173
134 145
68 164
59 98
31 42
100 107
124 178
160 149
136 155
39 190
93 50
100 93
59 104
134 68
3 157
47 164
195 37
74 179
31 118
170 84
182 113
196 97
145 171
176 185
33 199
107 122
30 83
33 7
62 91
101 56
118 114
147 30
86 154
37 57
42 2
117 176
61 78
29 66
36 139
79 87
188 172
185 114
133 4
19 33
93 141
108 71
127 165
54 59
197 113
182 189
164 117
131 35
15 166
65 56
41 145
17 106
6 188
63 172
69 190
160 52
35 63
86 10
12 24
192 183
139 17
192 197
123 175
159 105
70 43
30 32
68 155
18 34
106 11
181 105
129 93
44 110
164 144
108 45
79 108
64 19
139 140
134 15
22 168
140 182
30 80
130 135
107 110
160 46
146 122
122 57
160 85
89 170
88 151
72 109
195 183
13 34
96 65
33 81
103 76
124 157
164 138
133 38
44 59
9 79
181 189
30 143
174 179
173 96
114 38
152 167
126 31
134 47
77 137
42 190
57 28
195 121
74 130
127 48
179 39
27 16
13 139
149 98
183 131
103 112
173 74
164 132
121 194
80 168
160 127
94 15
19 10
91 80
51 123
24 113
156 34
36 50
108 182
17 11
65 67
169 140
179 30
27 92
120 74
41 169
150 53
54 13
14 42
17 172
69 46
116 173
105 88
28 31
88 114
123 109
94 131
3 11
168 89
43 133
182 112
52 81
125 95
100 93
33 72
74 122
139 48
1 47
85 131
94 28
63 50
10 119
173 44
181 178
117 63
23 126
24 118
184 34
104 6
57 190
22 34
164 63
5 75
165 81
46 171
82 94
147 176
117 11
147 11
119 177
179 98
117 78
124 153
91 129
126 87
199 37
159 97
142 114
6 51
86 92
161 83
72 56
179 72
25 48
69 116
154 61
47 107
137 99
20 82
138 18
103 117
25 141
151 18
188 12
67 91
45 107
73 67
171 91
6 175
136 26
174 48
103 134
101 97
115 142
79 159
133 15
188 66
199 134
126 11
35 48
28 79
158 179
127 78
115 95
83 132
150 124
197 20
114 108
96 59
158 24
72 97
141 95
168 121
33 46
129 15
82 43
185 60
171 8
74 143
51 78
138 181
66 191
27 161
142 138
116 119
105 69
38 137
13 20
77 123
61 77
80 93
3 6
30 46
172 14
105 195
10 132
192 90
50 147
57 182
21 57
71 58
138 44
170 92
185 149
38 10
45 116
138 89
106 68
164 43
1 172
199 197
172 5
57 114
108 64
177 71
184 143
14 46
111 58
194 71
179 113
196 2
38 83
89 13
195 44
15 79
150 73
22 65
0 133
52 26
122 144
74 8
187 169
122 102
87 7
158 63
113 163
172 16
93 180
148 102
50 118
9 36
24 70
198 1
163 118
173 55
115 176
131 121
173 85
113 182
6 124
73 39
30 56
1 55
17 164
98 48
6 164
83 29
119 104
36 31
199 7
32 108
25 147
146 177
119 148
78 162
120 190
126 157
106 189
81 174
75 199
128 54
66 9
44 76
166 179
68 72
2 8
93 141
51 135
192 50
48 89
51 41
100 182
157 183
118 4
12 59
66 60
104 170
146 3
185 116
63 103
14 125
3 60
15 6
161 186
124 188
94 90
64 174
20 9
182 8
41 145
99 72
19 162
129 190
31 195
107 141
74 164
113 15
71 108
128 48
156 62
68 6
82 19
146 9
98 13
72 155
137 11
79 194
140 82
160 195
175 167
6 189
77 128
195 22
85 52
98 191
189 131
160 154
118 69
69 51
60 35
69 173
143 135
93 47
30 80
52 90
172 70
77 34
149 175
27 122
34 101
94 13
5 95
155 50
34 182
38 169
185 159
40 39
76 45
47 12
112 133
74 44
2 145
58 172
94 101
121 175
45 88
115 8
23 16
117 21
177 84
78 149
171 43
4 189
138 147
119 159
96 65
157 40
96 67
182 178
82 65
54 101
196 16
137 94
27 137
173 126
75 99
67 128
145 7
42 35
55 182
66 12
107 193
36 175
197 188
70 47
180 87
198 88
70 198
5 167
112 43
155 43
64 164
169 192
92 167
109 172
57 180
146 101
61 3
63 116
184 55
65 38
16 44
86 135
91 182
170 155
44 138
48 45
38 47
15 46
135 2
182 16
178 171
13 26
96 187
119 74
187 88
126 51
162 120
123 27
135 97
18 0
28 56
117 66
59 48
20 19
144 138
150 18
187 66
76 0
148 52
42 134
24 101
4 58
148 68
138 2
104 189
28 8
154 114
108 153
43 171
132 5
162 193
194 196
53 188
34 116
118 97
91 157
4 181
161 184
136 12
132 196
3 16
96 27
45 144
96 152
127 35
3 54
29 195
197 181
41 166
104 126
96 94
157 81
102 36
46 71
7 153
31 79
133 43
183 130
7 37
151 63
156 46
21 124
91 8
74 100
126 49
166 33
140 135
24 189
11 67
5 135
189 110
136 100
171 139
97 194
74 86
165 40
32 128
71 129
34 100
197 171
135 193
103 141
91 92
124 97
26 1
19 192
141 80
42 115
75 165
21 125
54 117
139 166
116 64
77 98
22 152
194 12
38 81
72 87
92 108
154 136
198 34
184 128
123 189
114 164
106 130
152 101
89 156
89 163
88 165
34 76
41 97
33 15
177 49
196 53
90 156
157 179
168 13
40 82
117 53
95 48
50 39
92 10
79 101
146 121
74 25
122 102
127 68
188 64
81 87
185 48
0 10
175 86
42 162
124 128
166 141
100 10
87 188
32 186
31 37
142 145
108 61
158 66
163 86
74 128
0 85
95 170
28 64
132 8
149 86
15 93
140 103
52 43
3 14
133 112
117 12
79 54
169 142
8 164
97 68
10 115
17 101
172 126
16 188
18 68
63 4
83 138
3 193
6 78
152 6
164 18
57 179
102 29
117 91
156 126
80 137
8 103
154 74
108 185
23 1
13 115
120 156
122 55
93 34
16 37
75 190
63 53
50 109
72 97
134 128
93 62
40 104
138 55
191 120
123 76
162 80
170 27
135 150
7 57
157 119
39 87
187 106
160 159
85 76
173 79
15 32
2 37
157 161
45 68
178 6
158 178
6 137
193 116
64 107
60 79
140 162
131 175
64 50
132 62
17 105
136 52
180 76
75 162
137 56
119 57
89 26
147 44
130 122
54 162
159 69
21 74
11 146
30 128
155 60
187 27
100 155
126 25
128 80
24 164
42 102
174 57
54 4
150 141
185 90
115 37
1 112
10 118
169 158
198 70
132 22
80 168
47 121
2 81
152 56
151 65
128 66
149 51
20 81
129 152
197 169
33 40
38 74
53 13
84 118
57 79
145 5
103 164
5 121
61 22
38 170
5 178
50 17
70 90
158 133
173 164
19 137
167 93
188 127
66 12
185 33
32 77
193 91
73 25
150 37
33 5
151 54
118 25
113 29
190 110
20 1
137 153
133 199
14 36
55 37
117 187
122 88
71 121
60 37
130 150
64 86
43 6
7 107
194 49
47 38
120 44
63 163
163 124
156 117
173 76
95 133
72 121
117 1
85 144
91 149
195 83
95 70
169 114
77 160
46 2
36 110
53 10
101 139
16 5
90 133
153 3
93 114
102 39
42 36
83 118
103 195
151 118
141 128
190 71
16 173
143 1
2 83
139 171
15 17
11 36
165 199
16 92
8 199
159 113
177 128
165 119
19 92
70 104
182 120
100 78
161 159
74 83
130 48
173 33
149 190
0 143
14 121
104 177
6 102
34 194
194 46
31 8
47 107
8 150
163 96
119 83
84 154
95 54
47 10
141 192
118 72
154 100
98 71
135 187
73 68
61 106
25 103
56 174
141 115
130 135
98 148
70 28
196 87
109 191
112 34
168 19
82 117
15 157
185 40
51 180
100 55
45 163
115 88
162 143
177 93
77 170
12 21
124 189
11 114
174 46
16 129
99 13
42 47
113 59
24 1
186 170
132 159
104 187
70 141
171 83
163 0
49 154
160 14
185 171
148 27
177 122
49 128
70 16
27 90
25 32
30 136
181 92
149 96
32 42
67 57
91 2
190 60
174 162
69 63
91 48
166 172
191 187
172 189
112 167
40 175
30 106
9 163
152 0
190 27
119 97
118 105
124 125
144 179
124 35
64 10
80 121
191 35
177 190
158 139
3 21
11 102
180 72
71 106
97 146
92 21
57 91
191 175
94 169
123 5
142 32
184 6
47 113
29 128
78 144
125 68
145 57
2 85
181 68
120 176
190 84
158 15
167 84
158 131
160 39
130 64
49 132
119 52
87 140
113 186
80 191
6 20
57 143
188 13
132 183
89 97
33 160
194 134
147 51
76 23
35 59
88 99
182 189
151 176
69 64
145 132
51 100
95 13
37 10
2 6
147 123
11 106
12 28
111 28
33 179
65 126
60 156
12 144
105 17
11 2
26 52
62 97
143 36
113 20
22 142
46 41
172 181
59 0
119 195
195 145
56 119
151 45
176 169
130 17
117 42
130 185
195 106
85 78
116 62
105 98
98 82
176 83
75 125
92 93
178 70
98 81
132 63
187 75
102 15
80 148
171 2
189 16
89 95
112 139
42 197
155 54
50 98
173 185
81 104
153 30
177 113
166 51
84 196
34 51
83 184
177 136
31 1
141 116
155 26
48 81
5 42
103 152
74 194
169 146
187 194
23 26
44 161
99 184
99 9
197 110
133 80
140 101
53 99
20 48
156 38
134 0
103 75
109 46
188 175
159 50
101 100
92 106
34 115
199 96
63 122
87 132
45 172
191 157
44 29
19 9
2 78
19 117
134 101
187 182
53 142
184 60
46 36
24 134
78 8
40 3
27 130
113 76
8 170
16 167
138 175
155 145
53 160
160 14
144 80
94 125
54 166
123 95
158 88
73 97
148 45
63 177
79 74
125 132
22 27
174 8
61 127
3 45
153 6
132 134
27 64
2 46
35 49
162 29
32 52
35 164
39 165
13 103
152 162
88 182
186 116
123 65
148 158
90 28
35 193
36 122
89 49
70 33
111 126
180 106
159 125
143 27
14 83
199 188
124 190
57 86
80 84
100 110
23 189
179 5
157 6
164 92
49 79
121 82
24 65
194 114
13 70
14 107
73 92
175 186
103 34
18 179
108 163
167 143
45 77
0 161
133 122
19 192
175 197
180 152
95 169
133 100
78 72
158 42
16 156
73 20
29 49
20 24
161 11
37 61
55 28
55 96
101 103
71 194
148 198
1 64
161 93
42 171
176 182
151 11
197 92
111 12
50 177
158 96
193 28
193 76
189 139
47 106
49 160
31 190
7 12
199 138
180 60
166 34
89 26
50 41
48 170
32 28
87 139
20 13
98 134
31 90
89 40
164 171
43 150
182 7
80 199
91 57
186 199
181 123
52 23
10 19
195 184
84 71
91 178
128 28
130 196
44 100
161 62
112 166
80 140
95 153
8 160
88 25
168 125
197 123
56 114
0 84
159 4
169 137
85 111
120 188
149 2
12 49
104 133
128 95
14 57
130 62
34 169
104 56
142 0
199 14
181 178
40 99
151 10
25 46
0 190
72 118
162 57
93 188
194 156
176 179
61 132
117 123
146 38
12 100
71 26
17 33
59 72
113 86
180 182
144 126
89 175
86 65
88 124
1 44
49 174
13 172
125 129
100 34
149 92
109 144
140 50
197 135
177 143
113 148
66 112
85 101
148 53
60 151
51 181
91 37
168 56
28 89
57 91
86 169
128 40
66 10
163 118
86 142
141 181
163 14
15 95
78 63
149 113
55 141
61 16
193 74
18 194
88 158
31 129
37 160
81 22
40 83
26 31
6 146
56 147
141 166
185 117
87 53
56 19
127 97
151 18
19 126
104 162
149 24
112 82
30 74
89 98
156 35
88 45
113 83
21 46
63 19
15 66
64 129
25 90
83 1
79 179
27 133
19 76
57 49
140 176
83 158
152 78
76 117
70 132
1 98
67 175
10 152
107 173
118 107
95 82
196 37
26 133
171 58
133 15
149 12
37 106
84 136
54 176
186 197
135 4
25 128
109 148
173 48
181 157
166 181
178 176
179 170
111 18
160 87
163 43
186 5
163 17
30 180
150 166
165 141
132 80
120 76
161 196
156 37
156 153
46 106
80 128
99 161
181 198
115 25
30 27
114 96
170 79
148 161
104 176
109 194
109 71
143 23
176 56
41 91
28 3
185 40
8 57
77 11
9 144
16 44
127 167
166 124
119 59
26 195
77 63
54 61
126 17
22 14
111 146
105 111
182 31
21 4
57 143
18 176
148 188
22 41
168 152
6 163
108 142
184 36
67 39
25 121
143 165
127 70
186 98
15 9
76 9
47 10
178 108
70 143
184 64
20 43
173 32
95 65
84 183
165 46
105 104
49 62
45 51
187 109
179 153
24 162
108 176
60 73
102 75
174 57
101 88
100 192
121 4
172 184
130 116
118 93
64 173
70 166
52 26
49 94
180 27
50 59
10 81
171 51
85 12
124 194
149 83
138 86
159 46
43 156
46 60
157 94
73 165
4 87
117 120
60 77
125 195
85 144
22 159
13 78
181 150
88 21
46 102
192 80
13 110
121 160
29 108
113 150
187 93
119 173
173 113
140 85
51 70
1 164
17 44
150 112
164 179
131 74
87 43
71 65
81 159
8 74
123 16
2 97
14 114
26 125
179 110
139 32
139 120
54 19
195 89
111 169
136 65
16 83
93 47
19 148
136 152
38 115
59 161
26 153
116 99
157 131
103 178
147 81
68 112
100 184
181 7
129 159
118 65
43 82
49 120
119 13
30 33
70 132
94 95
139 71
80 78
34 161
91 34
129 144
144 157
174 173
165 113
153 161
130 41
7 179
68 195
72 94
130 11
132 36
125 34
194 145
177 169
97 29
119 172
186 127
151 14
37 163
162 60
65 72
14 90
48 198
112 195
19 159
152 109
21 81
6 114
157 98
153 51
72 162
23 7
167 191
148 20
146 60
93 85
140 182
29 166
136 105
17 22
175 9
113 112
82 21
161 106
43 145
129 196
58 164
155 96
140 195
102 74
106 1
108 71
59 90
125 91
37 171
153 155
28 129
104 92
153 122
17 37
177 37
58 191
193 167
37 109
47 149
114 109
169 36
66 77
17 179
164 112
131 93
55 120
197 157
175 55
142 15
94 28
169 3
20 144
149 103
194 84
58 43
123 35
88 183
46 51
29 95
36 132
12 15
192 34
38 74
187 166
173 152
176 134
100 177
162 52
88 35
97 95
121 99
132 83
169 155
129 69
152 184
165 101
92 193
112 78
70 65
171 137
148 82
142 187
37 73
8 138
4 141
143 88
7 161
19 4
64 135
15 47
89 108
30 7
137 43
152 167
108 149
24 145
159 13
120 195
47 140
149 115
123 12
99 85
98 164
1 102
58 42
94 93
121 129
1 21
155 86
137 45
41 43
62 149
67 29
108 173
135 88
8 32
175 122
49 156
78 195
16 92
110 120
23 175
84 197
55 57
123 140
194 82
123 92
98 187
82 158
65 198
136 185
174 43
110 15
107 61
65 165
78 188
112 75
167 182
106 91
113 147
107 58
179 49
158 150
61 184
30 103
12 95
64 193
138 129
19 61
17 72
187 27
67 92
196 81
64 38
139 57
123 112
159 190
103 90
63 46
80 96
72 191
118 54
74 129
128 161
123 115
17 154
130 78
109 165
125 176
180 175
96 121
85 86
155 119
144 2
0 100
129 91
156 192
43 95
8 131
190 35
39 144
169 175
174 30
67 176
197 191
144 165
154 19
48 50
119 36
125 86
99 146
77 107
193 107
24 116
82 178
60 180
24 45
183 35
147 28
35 199
185 197
160 40
139 197
28 30
131 176
182 59
26 171
143 8
151 12
114 169
196 121
100 23
49 172
18 196
39 166
95 154
111 181
67 175
163 42
53 0
134 167
38 15
77 108
2 57
198 186
175 196
101 1
57 103
146 21
115 180
38 177
6 87
120 4
98 8
72 46
196 78
195 184
174 151
11 113
52 42
48 80
95 45
15 82
197 112
172 69
157 21
148 113
107 6
195 39
88 66
2 122
16 124
107 54
131 79
185 25
107 152
62 167
112 84
170 8
70 54
149 119
104 173
120 80
95 189
89 105
187 1
161 195
174 2
54 65
47 29
115 98
0 160
116 114
20 96
121 125
4 153
136 119
35 76
110 190
59 48
119 164
106 91
189 136
27 83
131 76
145 188
114 45
92 80
153 75
195 4
93 179
98 60
17 61
138 86
72 138
149 72
61 157
55 141
39 116
75 115
139 165
44 153
132 54
152 164
162 106
6 14
132 31
108 149
14 9
11 80
4 2
13 34
141 180
32 156
167 43
7 9
19 62
140 136
38 22
71 52
128 112
153 109
40 139
27 111
133 166
68 60
35 38
115 33
60 24
65 110
40 28
189 107
185 24
121 83
111 4
73 182
159 113
172 0
22 145
117 192
16 92
109 23
92 71
92 137
185 147
19 114
104 146
107 85
161 151
96 70
130 174
55 130
93 54
17 87
4 7
93 172
118 194
16 179
48 137
33 8
111 14
186 94
56 65
159 173
88 11
3 94
66 125
2 134
58 96
26 87
61 66
196 7
57 63
5 112
104 52
112 66
49 72
31 23
86 42
129 134
31 188
164 149
167 89
190 194
73 197
56 147
145 131
176 14
184 104
197 43
79 133
165 5
90 151
20 175
69 125
95 28
119 199
42 40
82 79
91 8
164 184
169 20
3 107
60 137
154 87
184 55
32 128
189 27
117 24
153 56
95 108
90 8
84 59
69 171
175 168
82 101
125 35
129 167
102 1
181 16
149 181
114 142
118 134
23 198
102 125
157 1
122 174
64 123
169 11
181 49
159 37
182 131
171 83
3 92
101 85
37 10
198 3
144 30
191 12
134 14
172 114
68 197
106 146
48 36
154 138
187 154
31 138
7 73
103 78
94 77
61 123
39 113
159 35
57 180
192 64
46 82
48 89
65 69
167 195
88 129
20 44
182 160
2 115
39 117
27 176
156 145
52 19
152 111
109 46
96 4
75 89
158 149
137 196
106 71
182 86
36 16
146 75
62 100
117 133
162 4
100 80
23 134
44 34
137 52
126 55
70 112
114 73
23 151
123 170
75 169
1 141
8 121
65 34
173 21
171 9
38 194
166 126
30 144
53 41
122 35
102 121
93 71
131 192
142 75
105 112
110 42
99 55
160 87
196 100
177 98
182 159
135 14
32 2
16 71
187 184
144 132
110 90
45 144
179 138
191 162
181 16
71 7
164 59
30 44
139 198
109 152
98 137
117 66
1 26
172 145
197 17
5 199
68 55
135 116
120 42
77 126
62 157
85 91
151 153
189 150
108 183
11 18
89 136
76 160
14 45
144 46
106 105
115 120
120 163
0 28
42 28
11 148
84 164
43 26
41 66
118 55
132 121
194 116
35 84
165 48
110 51
199 175
154 162
93 124
129 106
117 33
156 101
155 47
52 71
43 25
103 181
8 48
37 63
164 60
32 197
178 147
78 187
185 72
46 14
49 134
107 193
9 115
168 21
9 55
166 181
61 103
149 33
188 124
157 182
30 91
38 27
112 192
89 44
57 132
74 93
187 130
27 75
108 30
33 19
34 150
35 97
72 156
191 111
130 141
173 187
166 63
112 130
34 17
89 144
148 74
37 11
131 177
137 60
181 52
139 24
62 79
11 130
172 86
169 176
142 18
58 79
40 38
13 64
106 19
143 167
38 93
62 49
9 23
80 67
60 98
178 30
174 9
122 64
115 197
62 23
163 18
130 133
166 145
142 145
112 176
108 39
140 188
22 187
93 147
62 70
117 140
180 13
4 115
156 83
138 29
159 68
176 42
38 170
15 187
109 119
116 154
115 39
99 115
129 71
167 5
149 119
184 79
52 76
127 122
69 157
150 20
17 126
23 176
170 98
117 83
100 83
91 185
107 92
48 55
88 106
54 157
177 192
47 33
182 53
172 15
143 148
128 85
74 18
67 158
186 193
118 194
159 79
169 4
89 64
19 23
37 85
48 187
52 81
110 108
142 102
19 175
192 11
47 195
42 136
40 174
49 34
135 181
123 68
4 190
71 144
138 78
164 73
121 89
98 36
156 59
139 103
57 51
102 23
198 84
48 35
85 157
168 181
167 2
24 73
198 187
74 149
194 52
5 114
8 26
59 19
148 118
33 118
85 51
84 115
110 57
58 56
47 34
67 78
114 40
154 157
75 83
80 69
47 23
65 53
45 156
54 56
43 145
141 51
103 68
40 166
143 150
74 57
143 141
95 38
16 145
4 1
44 133
66 107
41 26
26 39
120 8
39 65
36 185
152 120
104 193
175 193
9 190
97 20
166 12
7 85
42 131
116 148
95 157
103 148
130 182
59 195
160 46
1 183
66 32
150 184
141 60
152 38
134 173
197 97
190 185
84 193
110 67
78 77
197 131
63 181
185 109
130 21
98 26
175 32
6 114
174 158
181 78
121 113
124 87
57 128
26 134
163 28
152 154
117 189
26 179
88 168
97 141
115 22
141 102
88 191
123 57
126 40
173 17
110 172
104 165
199 66
94 171
183 109
153 23
71 8
135 143
115 191
106 88
169 87
9 102
94 160
76 33
38 96
176 149
78 4
42 197
5 59
100 77
40 85
141 92
151 192
176 131
68 7
126 122
171 149
142 138
124 132
17 190
180 117
198 191
72 182
143 163
80 194
26 132
119 133
60 46
164 186
166 183
194 90
6 93
128 115
197 126
138 63
133 25
89 174
142 196
85 182
118 169
68 69
46 113
84 61
71 43
24 165
193 71
45 193
54 75
44 51
179 1
134 186
36 63
81 0
33 154
188 33
100 15
138 19
4 169
26 77
70 31
92 158
168 39
179 121
194 99
46 110
108 85
16 103
180 12
162 5
168 128
69 177
21 134
69 22
61 50
59 17
39 103
174 88
66 144
28 29
172 139
43 173
133 94
177 180
130 92
161 199
34 74
139 75
94 159
35 29
57 115
198 18
191 121
128 95
18 3
83 67
85 37
13 21
143 64
4 38
193 65
2 124
192 35
70 167
162 50
42 8
185 127
15 199
152 80
177 18
165 45
121 25
75 51
167 169
11 166
181 138
106 129
172 76
107 23
194 105
5 47
10 31
138 59
57 128
165 187
97 181
25 19
146 121
119 8
1 2
130 151
139 145
59 28
35 112
126 118
59 131
144 103
71 114
152 68
42 95
8 176
114 191
172 195
56 2
193 171
102 105
120 112
99 104
71 185
172 33
80 21
89 2
38 164
1 96
3 62
155 167
56 165
159 181
7 2
48 58
193 12
155 52
182 56
160 153
85 92
139 154
156 176
28 177
187 196
92 17
63 170
100 106
189 41
3 6
171 79
185 125
67 7
115 11
198 34
147 160
153 93
178 188
95 144
94 53
3 180
195 174
48 85
68 69
158 135
189 133
38 10
4 189
115 26
178 177
15 107
35 50
140 53
77 96
131 20
184 190
21 38
62 1
140 79
109 46
20 132
193 184
62 164
53 52
116 119
157 102
45 150
0 147
27 196
113 110
187 62
160 115
23 138
197 108
46 39
106 9
172 164
176 140
143 2
62 93
135 84
28 126
43 20
173 140
52 147
196 14
175 129
152 105
53 90
108 171
42 57
109 173
49 77
94 129
109 108
68 95
102 86
110 156
162 141
77 30
32 170
147 17
138 72
187 143
153 63
75 113
14 58
75 178
43 109
12 62
81 169
83 89
127 179
189 126
84 184
86 31
142 160
193 89
14 31
30 161
58 168
163 23
64 122
60 82
137 28
190 100
56 141
8 32
41 130
1 124
159 182
112 26
74 93
160 153
38 59
12 189
1 68
52 49
6 93
80 53
174 34
97 170
1 57
171 54
65 85
137 54
37 199
152 80
142 4
148 160
10 106
171 70
34 189
90 162
164 106
152 45
172 115
60 31
34 52
21 96
107 78
42 64
149 170
64 56
176 105
154 33
142 169
48 60
47 135
101 58
184 85
91 129
166 35
41 20
192 13
143 18
88 45
29 85
174 3
143 186
68 41
119 151
137 28
100 17
125 21
42 106
3 5
197 63
67 84
0 74
194 15
199 58
12 10
150 166
9 156
183 100
31 3
179 115
58 115
119 174
71 177
96 11
196 34
45 16
17 5
135 133
60 180
130 28
73 111
59 55
162 50
75 83
158 151
68 61
51 45
113 144
44 52
11 88
35 94
36 82
87 49
122 46
190 185
112 84
146 157
177 67
22 112
198 43
92 74
39 163
73 3
51 121
73 69
161 186
57 103
56 66
133 48
171 172
111 152
52 41
130 137
155 192
95 163
173 52
67 174
187 5
77 143
3 184
5 10
156 29
196 71
197 9
171 163
61 41
105 179
183 196
64 116
153 13
51 20
81 146
45 118
148 84
164 70
101 106
187 124
11 101
12 78
71 14
79 51
59 29
53 102
99 159
123 59
170 143
75 156
122 76
130 127
102 149
100 160
91 150
194 31
144 161
59 182
188 65
148 102
30 189
28 166
185 15
2 124
144 169
36 154
191 175
185 190
69 164
187 193
31 191
163 151
50 146
68 143
168 135
134 136
36 40
187 163
5 185
24 4
162 180
39 178
1 69
120 139
113 150
118 147
100 141
150 88
167 110
39 119
145 146
191 115
29 125
8 126
4 43
17 106
31 32
197 90
175 136
196 105
23 9
69 189
20 172
101 180
146 147
151 37
18 87
183 144
89 54
177 183
3 132
4 154
87 65
85 92
183 46
75 107
60 40
21 29
160 76
196 82
187 77
43 179
167 14
133 164
55 71
149 107
153 152
156 183
154 45
183 158
93 31
166 99
105 104
183 195
62 103
73 57
31 143
146 57
11 39
166 70
13 174
116 160
6 182
38 10
90 65
10 124
91 29
186 83
167 12
90 104
70 139
103 122
71 170
97 119
84 183
194 48
121 11
123 173
187 173
31 25
8 185
102 110
62 146
106 16
166 159
5 169
103 125
126 171
92 94
88 148
22 161
93 54
97 99
151 170
101 81
90 69
20 104
146 37
55 6
140 186
18 183
104 75
89 131
196 64
176 32
174 139
95 186
47 147
78 29
75 177
58 16
76 10
35 163
34 177
47 22
8 190
64 142
161 165
36 64
11 43
175 135
24 125
69 106
134 22
42 187
37 185
136 101
16 173
46 153
56 151
11 9
120 187
64 26
137 183
34 72
175 84
42 168
59 176
193 52
22 27
138 49
139 140
58 40
184 49
35 54
92 27
71 176
8 122
173 64
35 187
75 64
189 144
154 122
62 1
71 49
122 137
47 160
42 175
165 31
94 89
58 176
78 86
168 164
196 142
174 25
66 167
11 95
105 90
109 31
152 88
104 50
36 160
155 159
42 110
126 94
26 199
124 87
150 3
60 134
189 22
11 130
31 140
32 68
75 87
117 36
133 153
17 27
29 78
82 14
39 53
41 18
151 67
155 143
181 150
127 75
143 169
133 124
27 140
5 185
128 140
12 122
49 3
51 163
67 86
180 45
0 81
117 32
7 188
158 27
140 17
178 80
185 2
146 62
71 28
157 147
17 197
116 28
29 117
80 75
5 111
105 176
63 169
94 180
12 172
168 84
40 164
162 148
154 34
120 164
36 114
177 195
176 193
144 134
44 183
143 7
56 82
105 61
57 31
196 170
39 74
124 199
109 84
135 1
150 70
179 41
36 129
6 54
97 135
154 189
75 65
23 63
41 12
143 189
134 83
31 152
92 184
171 151
40 98
100 105
86 52
164 124
67 151
68 19
99 186
198 73
198 185
2 17
10 188
75 34
27 175
162 60
140 176
83 185
81 156
40 171
13 158
133 99
10 20
2 41
172 141
8 150
96 108
59 192
109 153
44 189
147 117
56 58
195 185
1 145
138 77
68 87
163 177
77 183
35 84
18 165
98 85
103 49
73 154
15 112
177 116
188 36
143 169
70 110
14 182
168 153
106 103
15 123
34 0
131 137
115 14
133 169
135 173
143 44
168 79
159 58
82 173
199 6
27 164
178 17
38 134
88 152
197 167
134 36
58 28
164 87
155 172
18 101
155 3
39 114
198 132
196 109
35 66
159 125
57 9
17 37
83 78
55 171
40 132
98 156
186 0
158 98
122 183
174 105
130 53
126 84
150 34
20 156
128 76
82 42
5 54
196 188
168 23
56 159
116 66
92 26
118 175
108 192
111 101
106 8
157 132
64 183
3 57
66 68
71 64
40 114
58 80
111 133
76 18
61 94
95 42
19 116
109 95
186 96
34 43
171 186
177 142
5 92
171 181
16 19
156 174
99 196
91 93
51 38
8 55
61 91
112 49
9 31
166 31
173 34
118 26
163 155
142 170
133 82
4 62
113 23
60 87
19 180
136 3
160 156
110 191
120 187
134 82
140 57
169 192
69 170
144 198
93 171
197 100
188 179
103 78
51 71
101 87
35 55
4 130
187 77
127 144
70 35
87 1
191 74
16 13
106 115
52 116
73 105
190 107
12 119
107 60
19 160
164 166
116 71
36 102
172 31
16 22
136 182
137 192
161 18
21 97
103 130
194 55
131 137
163 186
192 94
27 20
76 109
137 162
109 21
110 19
79 55
2 82
2 183
128 8
64 60
109 98
142 175
175 191
82 90
159 13
18 107
20 85
91 36
163 13
38 198
170 61
188 84
51 127
91 23
77 111
199 48
128 61
63 40
32 95
153 186
150 156
164 96
78 153
178 190
79 199
45 135
114 161
43 81
161 16
0 105
179 160
99 196
92 192
125 86
25 86
84 161
181 47
156 140
170 4
39 115
136 34
4 71
14 186
171 6
133 13
170 12
130 108
195 34
182 36
154 15
56 43
19 37
168 33
97 10
145 30
134 154
149 184
168 95
150 21
12 158
28 25
14 2
148 70
104 44
18 43
1 116
104 94
23 1
117 120
128 176
122 86
24 197
135 81
52 72
35 65
86 123
138 106
95 177
129 32
40 131
88 9
68 107
67 172
167 107
58 184
70 148
177 180
84 16
40 85
118 47
96 35
138 171
154 33
197 29
139 29
99 38
161 165
36 162
199 65
72 109
44 178
107 66
48 198
125 180
143 22
55 106
60 198
28 0
55 143
89 1
92 78
19 87
38 39
199 114
55 59
168 42
132 22
111 79
167 4
17 91
121 196
167 70
54 128
143 137
118 180
114 137
7 65
132 42
141 21
136 146
49 117
19 125
47 71
62 0
134 124
76 8
72 131
139 60
185 194
161 96
19 106
177 39
155 156
75 95
132 142
56 141
3 60
78 82
171 198
196 28
112 140
105 72
88 122
108 12
96 70
44 7
47 146
67 87
199 182
86 188
141 105
45 92
43 146
165 71
138 41
191 164
64 57
120 89
138 0
176 175
151 156
124 126
76 55
20 185
98 19
34 4
135 99
5 47
83 110
82 29
140 32
48 120
73 3
30 92
1 193
27 47
106 26
179 177
104 184
168 147
58 48
111 149
176 168
104 16
86 47
117 49
100 104
34 119
77 143
23 157
188 125
4 37
98 149
163 49
45 111
79 171
105 22
26 92
135 79
21 173
71 124
75 166
85 26
77 49
119 148
113 100
97 62
193 14
2 30
90 2
117 58
173 40
14 147
119 162
166 121
19 24
54 138
76 94
185 65
124 68
195 51
106 196
139 17
122 92
74 171
159 196
16 91
63 58
81 196
37 90
40 80
135 80
135 54
74 5
43 153
54 161
96 194
176 184
17 90
148 132
70 58
80 149
148 17
6 127
104 183
12 44
97 171
43 74
138 103
12 56
45 107
94 95
96 57
50 28
168 62
119 137
54 82
140 125
45 189
35 78
40 191
57 158
67 77
122 63
137 93
17 124
165 78
125 11
5 118
62 196
178 90
78 103
41 95
193 67
77 20
93 138
14 100
148 85
165 153
59 39
107 166
24 161
33 149
194 130
77 55
136 164
73 121
18 77
40 30
175 73
10 19
0 124
170 2
186 35
199 26
32 0
21 194
119 29
96 44
155 174
146 56
149 181
180 82
170 138
187 15
22 34
185 131
75 167
191 121
162 63
195 158
151 98
178 140
21 18
120 179
167 180
195 192
129 191
14 80
177 25
34 157
182 79
109 36
28 156
24 94
109 66
120 16
33 93
185 95
35 95
39 118
59 93
41 168
65 166
140 109
67 109
44 107
176 62
198 153
86 136
36 181
13 135
63 132
165 45
22 4
186 27
156 61
72 88
80 12
187 119
177 123
89 129
116 154
83 7
81 23
179 97
36 79
34 145
66 170
14 47
140 21
133 24
45 69
156 86
77 64
191 194
152 186
73 61
162 94
86 113
67 53
196 81
152 160
77 171
109 113
193 162
193 164
117 41
120 122
123 113
119 154
102 109
8 33
166 103
11 65
125 151
165 36
188 71
198 149
55 47
193 92
62 184
72 66
192 184
116 27
146 192
15 172
88 86
53 44
91 30
9 195
111 48
93 37
172 179
126 40
111 10
98 193
180 15
191 40
86 133
116 94
92 101
6 15
186 93
128 57
101 21
142 63
33 38
173 136
196 100
132 96
178 46
144 103
175 50
184 81
117 18
191 134
110 123
135 33
90 100
173 101
80 125
184 199
108 61
21 75
175 162
142 134
72 10
121 67
125 6
163 100
58 26
113 163
69 179
170 121
123 171
148 110
34 62
60 116
61 62
33 104
165 100
52 150
184 176
103 8
37 188
136 138
78 112
55 182
5 92
115 66
95 15
126 164
197 103
29 114
110 118
80 190
30 110
17 176
155 117
71 101
50 8
118 114
199 25
2 69
146 35
16 155
197 91
58 104
132 73
142 48
116 8
46 108
121 165
105 188
138 173
177 8
179 181
101 55
48 11
18 151
28 158
5 168
172 189
198 141
162 97
130 164
48 194
98 199
155 23
33 107
127 88
133 39
148 22
33 71
160 62
131 25
84 46
138 112
96 78
112 39
107 156
103 73
54 13
166 120
182 119
74 75
118 12
162 116
73 140
65 88
100 68
190 162
29 20
89 11
48 86
32 143
62 125
78 58
80 25
6 87
38 153
41 4
59 57
20 188
58 79
166 11
4 191
141 82
186 103
30 22
80 101
161 86
163 18
161 53
9 24
92 73
88 17
37 139
105 163
128 159
23 71
16 126
180 183
0 75
90 103
58 84
191 94
129 5
126 183
170 198
112 39
193 19
152 109
26 51
101 91
33 91
124 165
75 186
17 197
152 178
23 46
0 100
172 61
18 3
146 37
163 143
64 33
170 158
69 9
100 50
139 126
58 119
154 20
90 54
95 21
54 157
101 130
41 146
48 151
137 115
101 147
137 189
2 193
64 129
145 106
47 138
55 12
67 76
7 181
147 84
171 193
44 45
92 169
156 71
10 198
82 103
23 4
176 100
149 131
0 139
109 161
129 164
85 94
159 38
183 45
179 151
129 98
66 56
0 42
103 55
1 103
152 190
98 153
174 42
78 58
178 110
85 28
186 123
9 14
155 72
132 19
191 85
21 147
135 57
150 171
105 131
192 184
148 11
105 101
35 149
155 119
63 1
137 127
50 148
71 23
106 75
74 127
82 86
36 9
64 166
48 191
122 44
115 131
77 181
94 118
169 179
0 104
135 118
184 65
140 145
130 29
195 153
166 183
108 32
73 139
134 70
120 118
168 198
193 192
1 33
138 54
65 93
170 185
134 34
121 135
74 128
89 112
107 26
166 181
67 36
10 19
35 118
166 124
29 60
198 46
41 22
151 87
70 174
177 90
45 78
193 175
16 153
52 13
155 28
60 93
187 33
52 103
93 81
136 102
137 158
131 115
20 28
108 166
143 2
41 123
139 22
109 184
170 86
92 196
69 147
86 151
184 159
175 141
166 194
101 113
51 158
14 35
38 140
75 158
129 63
148 13
40 15
198 51
132 166
92 52
135 142
134 107
83 37
118 148
180 63
175 4
23 81
95 101
8 171
59 103
120 96
116 82
83 65
180 61
198 82
87 83
101 133
108 11
133 136
152 38
125 108
171 46
66 16
144 63
163 54
187 79
97 83
81 61
147 87
87 140
13 181
31 63
142 34
124 70
16 190
70 137
128 192
103 2
96 154
125 66
46 175
65 48
96 69
175 61
167 90
23 124
121 74
19 59
62 174
153 173
63 189
161 189
56 1
141 85
109 108
8 151
53 78
150 167
110 163
28 95
83 108
70 90
124 137
75 181
71 96
129 122
119 37
168 19
2 4
101 141
85 122
87 146
85 50
197 35
83 137
172 45
107 54
147 8
188 23
50 7
183 151
144 150
14 136
66 145
74 180
177 78
78 90
156 126
9 131
37 136
122 104
75 144
99 59
180 47
198 167
67 149
49 126
5 190
98 9
196 181
60 33
11 199
116 2
187 116
157 113
157 148
168 32
91 87
9 37
143 91
12 95
148 169
67 122
59 124
186 38
29 23
22 174
199 71
173 24
55 60
3 25
127 165
93 126
70 183
152 169
126 122
167 37
63 180
145 10
148 4
27 52
197 187
157 194
30 33
139 38
111 185
31 128
88 158
30 141
16 162
57 114
61 154
111 131
92 5
137 68
43 50
165 129
116 173
107 129
91 190
103 23
89 135
113 38
63 191
115 38
44 98
31 177
72 15
46 148
55 146
64 140
67 32
151 135
84 196
132 42
75 8
141 60
157 133
17 119
35 184
31 163
164 106
48 16
57 71
4 93
25 69
17 36
119 122
151 89
14 175
107 159
39 0
47 56
105 44
18 163
185 16
27 121
94 192
73 154
8 50
142 123
8 82
95 114
54 83
16 63
131 99
56 29
104 70
48 147
110 119
151 39
150 173
90 70
115 127
66 33
97 123
193 147
115 147
97 134
126 192
151 168
102 160
195 107
145 58
158 111
170 151
53 154
15 52
87 172
159 108
1 95
5 61
167 104
110 103
139 138
156 55
143 73
184 157
176 85
146 8
168 22
49 144
23 114
190 14
52 164
133 31
133 146
29 53
183 116
24 58
59 84
80 131
61 13
1 130
11 17
71 178
121 187
122 32
84 92
153 51
71 118
86 58
191 143
129 179
97 158
36 99
143 187
137 123
49 198
100 166
194 17
11 92
130 118
90 40
104 47
30 60
74 119
87 108
165 94
137 27
19 120
4 149
163 52
126 33
68 112
8 110
62 52
71 48
125 103
180 58
161 106
112 42
118 165
108 24
59 10
104 196
62 128
30 183
127 170
104 88
31 138
93 130
159 99
194 29
43 114
31 8
172 100
48 131
193 101
187 39
118 138
26 91
47 108
46 172
8 100
121 1
81 1
52 198
163 185
146 49
133 139
87 121
182 29
48 72
140 68
194 37
138 141
195 198
15 63
107 179
136 139
85 50
134 152
100 104
65 24
65 57
164 16
67 140
115 126
55 129
146 118
190 104
157 61
80 47
158 110
47 185
8 170
72 107
46 44
146 68
22 124
4 11
31 57
14 155
47 80
50 93
1 95
16 172
52 141
19 34
78 118
6 171
7 145
134 94
85 195
16 1
162 97
49 115
126 39
154 101
107 171
188 0
120 177
27 63
115 62
98 115
101 111
99 43
20 6
130 85
59 132
82 39
125 134
123 11
130 164
83 125
161 82
1 66
100 32
142 11
172 43
27 175
91 172
184 26
198 102
0 198
88 163
159 105
192 19
165 127
121 101
188 193
140 71
63 67
148 98
63 198
51 175
181 133
151 91
185 43
186 4
73 154
142 55
23 53
181 163
10 73
73 50
113 18
137 119
123 72
38 179
170 189
151 78
162 79
158 4
77 127
177 150
70 199
161 148
35 73
64 110
190 56
56 168
144 181
25 120
117 84
72 195
23 156
157 145
160 80
46 18
60 36
183 195
106 49
10 193
60 83
52 142
151 58
43 65
163 147
55 76
68 138
81 106
164 196
79 102
45 37
125 177
87 77
47 191
33 153
15 192
37 147
77 166
93 169
123 131
59 126
95 105
86 131
193 40
63 163
60 75
22 36
0 121
95 167
98 104
116 48
138 38
8 58
79 99
134 143
106 157
13 53
164 55
138 125
81 38
83 56
57 9
128 177
24 16
89 55
15 175
90 88
134 18
6 150
116 55
20 28
41 51
62 104
89 49
107 21
124 55
142 65
37 120
39 87
30 45
66 7
62 154
115 64
30 81
119 74
53 47
87 45
60 68
50 111
142 47
47 155
189 173
154 59
182 97
142 43
199 52
27 4
33 188
135 2
144 175
128 67
94 112
50 35
38 185
74 81
34 114
17 98
71 147
63 146
184 116
47 55
84 15
97 14
101 56
108 126
8 179
71 134
186 114
45 173
180 28
136 107
20 17
106 32
144 49
147 27
132 109
92 53
180 19
142 80
102 137
118 44
37 0
91 86
144 129
170 50
183 119
3 85
134 123
99 123
154 114
181 5
120 121
94 140
105 128
194 177
60 80
121 197
54 82
7 192
14 87
48 171
174 190
199 100
65 0
61 143
145 137
155 181
116 118
196 129
135 154
178 1
158 28
190 67
99 48
85 95
194 104
69 21
118 48
41 124
33 148
3 40
25 147
126 74
22 2
135 68
175 56
97 10
110 176
79 134
149 140
118 172
66 142
117 78
187 188
110 125
16 98
100 146
67 109
153 192
107 37
60 150
75 5
108 126
105 152
72 33
59 136
69 171
23 160
162 170
121 175
102 147
115 1
169 84
181 1
25 51
76 27
86 46
16 33
106 116
163 35
92 174
41 155
1 110
86 49
148 94
117 5
92 140
179 136
88 184
154 16
129 125
94 90
170 193
169 114
101 18
192 99
35 84
19 22
180 0
179 159
31 159
186 53
199 66
128 82
86 14
34 194
84 151
32 108
5 89
198 56
19 187
149 30
121 60
15 120
193 60
81 161
125 24
57 160
168 100
112 90
27 31
14 33
4 169
104 52
198 129
63 118
153 182
33 57
58 189
146 97
23 180
76 48
129 133
177 105
3 155
99 175
193 62
33 133
81 41
164 34
129 146
99 33
108 88
26 106
52 139
103 168
79 21
189 8
0 175
15 76
120 172
1 193
126 102
4 188
58 83
127 198
123 98
132 181
176 116
142 16
17 175
46 156
137 134
160 86
47 17
86 60
75 6
167 186
139 163
102 170
59 145
101 170
129 12
177 124
112 125
102 68
154 8
40 165
15 36
158 143
137 183
143 73
83 94
44 109
167 101
163 14
122 196
98 85
89 62
24 88
101 143
156 81
194 81
3 85
41 88
67 127
87 186
193 142
7 45
176 54
12 159
30 83
8 138
138 185
161 30
26 101
137 69
190 135
104 137
127 19
185 39
57 20
183 124
105 177
82 102
109 37
35 191
71 167
104 68
72 196
115 31
75 80
169 135
136 94
121 25
177 43
77 162
135 169
118 77
91 135
138 96
82 71
105 130
102 114
129 195
33 195
40 16
191 22
130 157
115 29
0 111
128 7
156 11
15 7
118 68
191 192
120 47
48 115
111 59
150 65
80 169
127 37
173 92
100 157
60 19
28 116
147 136
60 78
87 22
157 27
6 54
58 48
82 40
52 122
193 36
19 149
73 44
148 172
116 47
23 190
51 158
8 114
130 10
69 67
82 85
177 139
15 140
173 181
15 44
59 165
149 127
122 164
103 154
62 53
143 43
63 134
165 48
185 9
61 71
111 119
51 11
34 110
98 134
99 146
133 146
51 192
99 36
57 145
155 120
199 116
61 71
106 183
178 133
153 165
123 194
138 127
110 73
146 122
126 28
104 165
130 195
48 189
190 83
34 183
81 191
46 57
46 22
53 21
6 110
94 170
40 196
107 190
41 174
127 110
197 131
7 44
77 98
40 186
166 47
152 179
36 56
192 51
14 134
31 112
110 142
121 147
33 192
160 18
91 11
15 181
83 27
178 36
116 132
180 26
38 3
134 110
108 114
188 5
32 48
131 65
178 126
4 178
152 79
96 191
80 74
183 172
37 18
144 70
151 34
37 1
23 59
113 124
44 41
69 149
117 136
39 140
142 170
95 37
30 58
131 156
157 20
122 52
112 140
23 91
59 150
112 42
75 111
57 52
153 180
145 22
39 27
155 104
88 87
59 115
188 142
135 125
197 91
152 39
161 96
171 126
62 45
89 7
132 33
62 33
45 158
7 122
78 95
132 33
162 184
10 175
81 154
26 105
70 184
101 106
197 141
156 118
143 151
124 167
66 16
48 36
77 95
199 75
73 29
108 51
169 175
198 86
79 25
34 79
189 179
130 33
180 119
163 191
136 55
145 62
134 180
170 89
109 23
130 129
169 22
100 2
105 104
167 180
5 121
162 83
49 67
51 116
148 101
155 34
43 194
102 88
48 102
86 39
26 171
169 139
108 68
16 60
117 16
92 39
197 112
38 108
197 175
49 16
108 190
37 100
145 45
161 123
141 177
38 7
173 4
69 116
19 167
67 35
194 101
34 179
44 177
162 184
126 154
108 42
28 140
81 28
134 170
117 90
82 60
154 27
58 41
1 192
191 57
13 193
43 165
101 186
20 6
16 87
156 140
11 36
190 93
90 113
80 60
171 85
176 69
42 151
46 57
90 141
127 150
99 17
161 169
16 134
70 132
186 18
42 4
61 3
9 49
0 161
141 79
61 97
26 0
173 113
93 128
9 59
142 124
45 129
181 6
27 87
120 192
155 13
117 56
105 113
188 41
49 42
115 147
158 91
180 81
173 57
90 98
120 114
54 59
171 81
37 73
7 52
106 112
90 190
85 193
134 153
100 142
149 169
156 105
20 58
191 70
179 67
76 90
176 47
78 25
9 54
84 180
119 31
164 132
41 74
117 18
154 151
113 126
119 108
95 13
42 88
90 121
181 151
101 108
12 132
179 142
28 164
39 103
188 119
166 194
105 142
74 129
147 28
158 14
72 162
28 88
96 23
191 57
189 9
7 51
82 88
78 3
169 83
80 81
196 82
64 17
124 90
50 34
25 47
97 62
125 78
97 84
12 167
113 142
187 156
119 183
143 92
70 133
35 196
128 98
30 145
109 112
126 139
29 122
38 45
105 189
74 131
139 94
53 65
32 130
38 42
13 58
156 96
63 19
107 10
5 60
137 114
165 76
143 125
179 19
40 187
139 165
80 119
40 53
48 129
69 11
15 11
75 9
190 134
149 64
35 100
71 96
48 160
66 164
199 187
45 79
98 102
78 8
56 6
155 134
184 132
31 35
158 144
48 177
130 64
18 48
26 188
40 123
169 73
195 111
34 23
129 165
159 137
29 137
115 130
134 95
75 192
151 69
121 90
79 61
0 148
8 4
60 130
120 182
110 23
101 171
32 188
125 37
34 107
0 120
76 47
62 41
185 180
52 125
24 192
105 93
70 107
120 155
65 73
180 70
139 8
87 42
32 15
144 12
125 106
91 147
101 118
75 174
6 155
39 80
82 23
106 112
111 59
33 174
157 180
116 63
74 52
149 32
51 96
46 10
35 44
144 47
77 17
187 150
30 146
126 121
54 21
34 146
181 107
196 137
123 5
73 113
76 199
7 170
169 132
59 185
183 90
19 121
33 69
36 51
192 88
108 23
122 141
114 30
88 16
86 66
33 100
26 28
170 74
129 127
98 52
121 71
181 25
144 31
36 44
138 25
19 23
26 163
65 189
148 95
105 194
165 193
15 104
70 143
114 38
148 171
187 91
64 1
120 58
31 199
179 24
118 6
146 18
125 185
24 19
102 10
15 186
71 43
36 125
153 84
3 69
191 159
64 66
70 118
178 165
148 40
16 85
52 44
181 131
31 6
19 129
108 198
50 49
188 163
148 75
189 95
141 197
15 13
184 72
178 196
33 62
52 48
85 23
185 195
120 65
143 77
47 107
82 175
19 118
52 54
174 40
113 71
116 130
162 110
57 158
6 17
1 0
169 170
117 37
27 60
146 148
35 100
101 79
11 198
61 173
98 28
85 194
185 78
23 114
49 86
32 199
90 45
196 149
103 184
157 50
162 178
92 101
142 51
177 183
8 52
129 146
135 81
173 167
42 48
43 58
10 59
11 122
199 39
152 0
171 67
138 190
131 172
36 32
61 128
163 8
70 129
161 91
149 193
112 181
120 97
143 14
157 162
179 110
63 49
12 175
150 72
191 14
161 118
83 180
154 163
132 150
97 128
199 60
111 61
60 37
79 51
134 154
24 40
166 67
16 99
147 23
87 125
0 69
71 98
60 164
61 7
105 165
28 63
33 136
55 77
163 170
193 56
37 76
147 190
98 191
190 159
148 67
18 121
56 24
122 21
131 2
111 39
183 49
198 7
53 188
115 26
30 84
125 35
190 88
62 131
50 119
86 30
194 77
170 168
167 15
75 161
145 41
78 113
53 193
85 152
73 72
143 154
45 98
23 144
72 51
41 66
153 44
10 146
50 67
138 177
70 65
138 79
12 53
181 11
11 19
1 87
87 174
76 148
99 192
53 199
51 53
16 54
117 53
134 98
80 146
182 55
45 141
38 172
91 38
131 96
127 59
126 17
30 109
166 46
69 50
87 11
141 139
44 66
92 132
100 26
110 125
83 147
41 164
165 61
95 134
37 174
105 43
158 56
119 85
138 46
21 79
2 116
72 160
138 9
5 101
57 85
61 93
158 181
121 85
136 95
90 99
172 133
48 184
84 121
39 179
89 17
78 30
94 150
51 104
156 76
35 164
43 61
151 69
149 73
133 155
169 60
159 145
188 84
182 36
43 19
175 1
79 90
39 7
27 80
40 163
71 120
7 195
10 100
31 111
72 155
93 52
150 123
25 58
161 182
165 177
144 121
51 12
87 171
64 94
88 61
34 132
7 15
170 81
32 0
105 152
184 0
20 103
123 147
84 89
172 134
129 178
104 11
161 191
187 113
130 58
162 3
77 153
95 151
51 8
108 95
60 92
46 135
5 48
40 174
190 16
85 100
48 2
66 59
77 146
140 80
134 65
65 69
75 41
139 48
41 110
42 188
188 7
101 170
151 18
177 195
127 64
45 13
173 95
90 191
23 25
35 9
25 46
59 8
76 92
172 111
63 168
195 118
34 183
87 49
29 124
55 138
110 140
180 81
55 89
131 144
172 177
72 196
165 101
5 138
107 50
58 190
6 20
190 185
164 14
17 43
157 128
153 184
151 191
152 39
64 0
39 71
25 77
23 80
80 158
189 92
93 59
27 176
174 76
71 33
39 110
25 62
100 199
39 38
50 162
176 62
30 165
197 97
169 82
167 196
11 30
173 70
186 140
199 85
167 0
56 198
195 7
44 4
188 196
195 117
146 86
48 150
108 167
42 191
39 132
111 154
25 51
121 104
4 67
17 150
140 188
21 17
120 80
29 68
2 186
46 102
130 167
174 168
24 131
186 96
115 16
139 117
57 145
89 70
96 51
77 10
28 197
182 75
17 19
119 91
37 77
131 139
55 25
21 162
6 188
110 48
173 83
30 15
159 153
9 192
117 28
115 105
158 97
111 168
81 155
96 74
191 154
18 122
24 13
102 168
41 192
171 119
156 199
112 184
183 93
38 183
12 131
129 161
148 70
49 155
127 26
43 89
110 22
117 24
16 130
148 188
155 101
5 48
60 46
9 88
22 195
18 48
82 103
148 43
73 47
2 160
174 11
26 72
197 190
114 13
31 180
77 153
34 33
6 7
48 59
111 183
117 157
25 175
91 79
63 89
50 167
146 32
29 198
67 0
171 195
192 102
15 139
19 22
41 32
101 17
89 32
66 81
25 112
150 68
131 15
12 60
88 52
141 77
79 28
19 5
131 83
196 39
95 106
23 49
159 153
107 82
60 39
97 25
51 59
164 27
179 160
142 165
38 52
101 162
24 192
173 100
59 81
171 88
34 118
162 140
158 104
101 180
67 147
144 30
24 29
177 89
20 92
72 165
55 109
79 116
40 113
105 35
160 94
104 137
187 94
52 83
196 188
148 131
8 117
22 126
134 198
17 128
50 144
177 94
63 166
36 96
156 151
185 62
14 17
147 68
99 14
128 19
146 23
31 85
58 62
163 158
129 124
111 86
87 93
102 72
149 55
100 66
73 194
41 3
45 176
75 177
30 96
84 48
99 116
166 78
65 148
70 64
2 88
28 5
79 70
180 62
125 78
65 18
56 42
163 198
27 134
140 51
17 168
30 34
174 4
86 88
58 181
26 137
172 165
45 5
157 156
144 166
107 99
166 153
13 60
51 66
35 186
121 45
59 158
130 29
61 191
184 33
79 184
45 11
60 49
78 167
167 3
92 2
18 156
15 128
49 171
18 159
92 54
137 116
170 179
97 118
37 108
56 183
7 136
193 76
180 127
140 120
115 116
97 74
194 117
134 9
35 169
169 160
149 190
191 6
128 44
67 142
91 147
3 129
185 5
78 123
77 90
39 177
67 63
132 113
40 74
132 77
132 130
167 153
177 129
143 82
79 18
161 184
13 11
171 98
60 142
148 86
51 85
159 196
118 196
166 17
150 27
8 96
196 86
101 165
75 184
146 149
124 86
44 39
99 100
164 104
0 89
190 90
144 71
20 172
191 143
89 95
34 195
70 114
137 23
43 123
128 43
97 79
130 190
43 19
163 139
39 95
60 62
120 196
167 143
34 160
81 12
144 184
78 16
79 55
36 150
9 102
143 131
178 33
83 129
125 180
192 116
112 15
130 87
171 52
114 175
101 127
100 2
17 127
109 197
52 154
194 68
73 132
43 101
138 192
4 155
148 6
161 56
146 192
28 169
150 94
26 117
166 13
153 80
66 173
148 81
159 148
31 178
126 12
133 37
58 27
82 193
72 46
46 6
72 139
39 92
132 119
115 132
83 117
191 115
5 119
154 17
47 122
111 145
192 110
146 164
44 85
138 153
67 159
42 12
43 108
127 96
127 47
40 78
85 64
116 92
169 132
182 118
140 24
141 163
31 109
15 147
52 66
101 7
186 110
16 109
87 143
174 44
56 52
36 177
26 126
5 27
167 192
54 89
110 176
136 90
41 84
55 43
53 165
112 69
115 29
66 162
74 110
189 49
193 197
30 35
29 113
194 60
11 150
37 73
118 20
14 32
91 38
99 36
81 103
164 77
171 86
54 71
42 156
151 118
44 152
104 9
163 60
179 2
87 16
30 42
48 151
37 192
124 115
6 88
143 185
146 70
12 131
183 178
120 56
130 10
25 23
13 92
170 96
145 79
66 107
83 93
199 58
38 70
87 188
75 184
72 75
137 151
196 14
139 172
131 53
8 128
172 69
41 185
19 162
115 78
108 175
194 122
140 102
28 126
58 75
24 81
156 28
118 33
16 147
149 89
135 5
99 182
82 151
101 26
130 173
164 158
74 128
149 84
33 164
50 167
97 158
22 131
113 77
85 131
7 169
110 106
173 16
7 106
141 27
120 167
193 199
142 50
22 102
22 138
116 51
164 38
54 47
98 153
14 17
60 182
42 48
161 142
158 145
108 25
113 85
98 70
196 123
169 105
124 66
137 52
11 69
195 112
1 9
185 38
162 134
135 127
192 124
186 139
23 54
64 116
36 59
34 0
153 112
192 185
189 79
62 120
93 101
119 12
151 81
40 193
160 112
199 18
104 31
101 30
71 103
103 153
29 178
149 100
117 45
166 100
4 172
62 191
100 177
162 67
79 101
40 27
24 74
45 143
7 95
96 166
148 164
167 94
122 138
76 181
25 184
76 16
174 58
177 97
85 164
36 103
59 188
151 185
5 142
103 7
194 128
122 98
192 47
36 185
107 121
43 16
148 175
107 28
75 63
102 95
54 133
67 90
69 10
158 16
43 57
113 168
148 60
115 171
30 46
156 11
7 81
135 198
55 137
87 198
190 0
40 178
36 59
68 110
146 125
177 98
38 183
133 49
83 195
194 64
99 17
117 175
52 156
18 139
157 121
139 174
151 26
63 110
146 37
33 112
3 96
20 101
78 97
189 51
116 65
150 109
98 41
75 174
104 15
120 177
21 121
145 125
98 6
53 135
151 149
109 69
161 150
181 35
35 129
57 9
51 171
53 121
21 145
130 71
100 9
191 43
86 128
128 57
195 167
131 46
179 31
167 38
65 190
40 8
105 62
50 58
90 180
148 177
76 84
176 187
104 176
2 90
180 0
80 55
198 186
88 5
146 77
29 156
141 186
30 132
37 80
133 108
192 8
116 8
23 87
82 59
113 141
158 129
79 41
38 94
99 198
101 73
141 190
79 37
5 69
147 109
96 173
199 109
128 139
73 27
100 26
93 79
113 55
170 100
195 153
72 77
178 104
89 75
132 11
109 116
119 125
50 138
29 51
51 44
120 21
130 37
185 22
76 164
133 132
35 145
170 107
187 75
88 187
152 174
155 45
146 134
59 75
19 198
117 120
128 176
9 65
21 119
37 29
10 131
148 139
92 79
140 153
69 81
156 146
194 28
23 155
173 28
44 130
142 111
193 62
76 1
30 182
169 131
184 21
189 46
133 70
188 18
36 167
50 62
157 181
65 3
83 128
151 16
43 53
25 6
119 16
60 180
85 102
184 189
34 145
187 76
7 151
49 167
46 183
1 117
160 25
19 98
187 139
91 117
92 164
125 7
119 138
8 152
77 59
33 89
31 41
10 39
158 36
97 147
20 138
94 84
76 75
54 107
5 135
155 19
81 137
156 103
117 176
161 110
197 92
34 170
101 109
141 146
50 14
168 99
175 14
151 91
91 196
159 198
23 59
23 121
91 175
91 92
129 139
166 77
66 164
70 145
80 179
166 136
101 132
64 125
80 1
176 129
43 181
27 143
161 171
105 146
136 104
86 26
149 35
149 180
183 22
88 132
59 107
114 180
174 93
174 5
63 83
26 169
155 129
198 34
25 175
94 6
161 91
71 190
97 112
19 137
198 143
52 189
127 181
128 60
163 64
122 124
147 92
123 146
48 199
183 192
151 119
101 149
174 166
121 177
52 72
36 89
143 52
69 152
96 61
7 20
184 196
198 51
73 93
0 186
137 99
4 140
61 76
97 156
91 19
54 18
119 7
26 112
122 138
136 90
61 184
37 25
162 153
94 103
125 193
31 170
27 77
115 58
46 39
121 103
98 144
97 65
159 63
78 80
101 44
113 26
76 145
132 87
19 128
48 174
41 25
3 176
32 54
126 94
70 151
57 102
134 98
71 29
2 181
140 11
133 142
157 43
78 120
137 168
32 94
125 111
113 98
5 15
5 183
31 151
169 132
24 9
26 48
85 198
4 163
179 50
196 107
18 160
144 6
47 149
99 42
49 102
70 100
4 157
54 36
19 185
154 3
31 75
16 91
66 56
195 198
4 34
157 160
7 77
22 16
157 8
126 183
27 42
49 59
56 76
17 28
6 66
7 183
195 163
36 104
21 81
109 193
178 2
68 124
31 125
62 35
67 97
22 149
60 59
69 122
35 61
130 194
3 34
179 67
84 18
195 102
34 5
105 90
181 157
16 41
101 25
157 158
45 73
185 152
112 39
15 5
19 197
140 76
150 187
105 110
47 92
73 21
79 11
143 139
27 45
56 146
70 101
121 129
65 27
144 83
83 66
108 157
13 7
107 193
195 43
168 64
70 20
192 197
128 87
94 113
24 103
47 185
131 110
84 91
116 188
121 73
184 98
7 29
185 63
77 53
178 104
127 158
170 82
44 171
5 94
178 113
3 59
70 81
93 35
72 144
86 176
141 140
141 53
163 160
173 103
11 34
172 61
95 187
55 50
126 125
99 186
111 157
103 139
151 111
17 168
53 40
65 124
67 88
119 86
42 185
2 25
91 107
166 6
158 156
58 29
165 25
15 48
115 186
142 21
70 84
93 34
194 84
58 49
124 99
87 58
129 100
65 168
100 190
88 93
156 147
100 104
166 52
48 146
156 146
42 148
84 23
159 168
45 134
36 151
52 42
115 60
159 13
7 33
14 189
22 184
69 129
37 20
115 28
3 40
153 58
170 177
154 116
65 187
117 123
194 116
173 91
26 56
29 16
43 113
80 139
94 98
67 54
167 23
156 122
16 73
191 9
78 5
120 92
189 26
164 29
157 6
160 38
83 126
90 136
64 132
156 159
32 61
124 122
29 4
115 14
51 192
30 16
57 76
123 62
20 147
107 101
134 107
154 79
198 85
155 62
98 92
128 51
33 100
89 3
124 88
116 187
175 146
34 112
185 172
2 56
169 79
97 168
182 101
117 43
73 8
180 9
4 32
76 23
183 67
53 141
68 170
145 104
35 114
76 88
41 63
116 124
54 6
173 73
138 100
29 79
109 39
101 30
10 24
129 174
30 156
14 128
23 150
140 111
174 23
77 37
198 88
195 82
59 57
102 158
60 33
18 120
75 89
166 84
25 103
137 9
61 143
160 115
123 192
140 186
33 86
185 30
142 43
89 172
50 143
116 92
168 32
124 108
53 180
187 137
46 32
97 191
38 44
162 80
129 178
91 182
133 132
150 171
90 23
68 43
138 64
157 175
199 131
152 73
56 80
79 90
194 172
198 95
30 96
136 179
60 49
30 198
154 167
90 71
137 107
60 187
195 189
133 190
38 105
58 121
122 80
33 136
31 74
37 103
43 104
162 105
25 37
2 94
85 156
133 147
10 72
105 80
26 137
169 37
19 131
144 108
34 63
49 71
109 26
127 108
149 125
105 7
21 163
4 197
100 161
120 170
1 123
72 47
112 19
111 77
59 56
170 20
129 110
144 169
134 182
108 35
32 145
62 106
10 132
152 21
77 119
25 101
16 78
44 37
13 50
97 162
18 125
97 54
114 128
99 144
163 88
9 48
190 12
52 39
167 154
88 8
130 96
13 152
119 183
171 71
61 150
191 148
141 37
90 72
75 91
77 129
21 161
13 165
9 79
108 84
161 31
90 135
130 147
145 90
102 9
187 28
72 167
4 7
199 58
193 60
113 45
168 151
175 20
18 99
168 182
44 27
115 82
27 35
57 196
130 199
25 38
159 158
133 144
127 188
59 46
2 12
139 150
108 40
104 2
95 0
5 47
88 30
25 162
193 73
198 86
143 76
36 76
185 166
53 28
171 34
174 154
52 8
179 9
90 105
153 182
139 40
90 78
156 61
73 16
57 196
122 10
10 160
34 128
73 176
3 2
156 141
166 80
36 108
177 90
168 106
170 196
144 51
7 90
146 130
21 25
21 143
28 146
67 196
19 71
143 19
165 188
171 175
62 165
178 145
198 67
198 17
56 55
121 129
107 98
142 181
35 110
9 16
137 70
128 92
81 149
164 19
109 49
167 50
114 164
190 139
19 72
44 91
13 132
193 175
113 52
95 38
76 38
155 107
193 36
97 53
81 128
71 178
114 106
119 160
27 65
162 187
171 125
112 191
197 58
29 76
52 2
99 149
39 140
193 122
171 75
83 100
153 32
4 37
77 25
10 115
72 86
61 73
156 180
37 64
102 57
116 21
184 41
138 182
137 48
5 76
21 81
30 27
96 24
50 191
12 101
101 190
185 16
126 5
107 51
48 126
136 127
191 46
25 147
11 54
33 84
198 193
191 151
88 173
168 146
55 72
158 111
41 133
10 156
15 174
165 95
180 20
180 136
20 95
171 166
95 87
42 190
10 60
153 52
100 186
59 193
160 190
95 56
22 79
133 109
185 29
28 93
117 85
189 78
139 145
192 145
124 36
111 120
117 189
140 71
191 42
27 17
114 11
75 33
40 44
169 56
45 43
106 26
121 57
5 114
180 128
55 99
4 2
124 26
168 90
12 103
46 192
135 115
144 48
148 128
22 58
199 184
160 135
116 198
101 116
171 11
68 180
75 185
44 170
139 58
105 98
169 135
61 197
102 97
115 160
151 150
190 106
25 71
165 96
94 184
167 52
45 68
69 117
62 103
160 164
94 154
77 152
177 123
116 6
176 111
87 182
5 190
192 148
64 164
44 140
23 55
11 13
103 109
13 11
30 39
115 64
108 134
135 198
74 51
97 168
102 167
78 182
178 167
43 7
114 83
39 14
132 174
190 177
162 23
169 9
185 27
34 94
107 88
30 67
89 51
115 36
45 63
118 108
48 163
63 120
4 12
57 195
16 136
11 192
9 177
170 107
84 169
124 178
30 115
75 100
118 90
185 77
140 148
36 187
121 154
197 144
154 47
141 101
152 92
161 92
6 158
127 140
69 144
67 77
150 31
43 184
141 124
8 129
76 134
46 169
119 0
143 16
124 116
105 179
29 75
9 61
119 183
19 7
56 165
111 107
24 135
54 129
179 144
19 60
52 125
181 112
49 189
19 63
46 166
184 154
154 12
196 57
185 169
18 122
195 176
2 26
182 151
95 6
6 0
10 14
43 7
45 104
52 98
130 5
92 33
172 87
176 50
35 153
107 150
137 131
106 125
107 146
54 120
103 13
101 18
177 56
95 140
158 124
171 13
87 114
122 103
13 44
68 1
129 117
73 199
65 64
111 86
60 130
191 122
87 111
18 94
37 27
196 93
101 146
90 130
42 82
140 72
31 96
55 140
126 53
8 6
192 153
113 61
59 147
88 198
5 37
39 173
16 57
105 20
22 176
83 194
96 40
49 166
29 49
41 77
174 25
98 34
189 137
72 23
172 196
197 134
15 78
148 26
138 175
51 153
88 86
175 134
147 175
136 161
178 133
159 42
152 103
21 40
171 135
12 8
160 123
150 0
158 20
58 131
27 91
191 98
140 81
26 33
16 157
123 167
42 149
182 184
186 20
162 90
115 15
54 42
30 142
3 35
37 198
159 180
50 51
181 197
150 121
50 47
131 23
125 160
113 14
84 66
103 97
126 106
69 185
58 133
46 169
92 164
161 178
114 168
80 84
117 36
86 103
31 173
40 134
188 33
181 74
96 51
111 62
20 81
54 70
162 197
153 75
84 169
35 74
113 133
61 126
99 21
128 110
175 140
27 57
187 93
179 16
136 41
29 81
167 21
61 153
180 142
197 44
113 144
103 21
112 47
25 63
150 80
81 36
6 40
163 101
17 161
118 182
38 123
150 0
105 173
151 20
80 12
114 42
119 4
94 12
160 51
181 19
129 148
166 157
36 176
63 168
132 17
47 117
39 116
14 30
42 55
34 140
105 44
179 18
86 93
178 37
139 45
180 103
46 96
20 93
131 135
51 107
14 53
93 75
4 148
38 126
181 27
102 199
4 34
107 70
114 156
67 145
4 82
30 2
36 108
64 82
21 171
59 165
131 94
29 69
103 4
113 149
99 67
30 62
57 7
26 151
170 33
21 69
173 25
148 167
151 156
112 90
29 52
119 182
172 49
41 182
100 128
107 53
178 18
129 44
52 17
91 173
153 27
18 16
191 120
11 165
41 198
153 40
35 183
138 155
188 90
96 13
159 189
42 4
13 130
190 170
188 193
126 23
192 113
195 81
65 69
86 157
169 73
122 99
96 101
186 128
68 169
69 32
167 185
26 96
159 42
59 80
106 165
75 37
160 125
16 70
154 156
171 57
11 56
81 19
124 47
35 186
176 138
187 145
122 67
27 75
120 46
5 64
49 134
135 29
111 78
132 35
171 128
190 137
179 147
91 174
194 142
133 179
24 193
27 131
130 69
183 195
36 170
131 79
127 66
51 29
140 141
26 59
124 66
115 74
121 12
20 196
35 17
197 2
167 156
79 25
31 93
53 77
116 100
98 83
84 71
46 39
1 162
183 114
15 160
79 161
75 77
113 12
119 185
189 56
126 108
164 75
97 39
120 20
60 25
165 114
103 179
114 125
101 24
161 107
137 179
69 128
27 197
137 127
185 5
103 169
183 149
1 33
64 23
37 144
56 134
69 192
153 47
5 185
140 149
17 151
112 25
10 141
165 41
68 173
82 185
116 56
32 113
58 110
184 9
0 132
99 49
92 39
131 113
85 163
91 36
179 43
152 163
195 5
179 190
152 100
28 2
139 10
0 185
151 30
7 124
21 162
162 27
108 95
196 154
73 23
68 115
72 140
140 92
102 176
18 185
80 98
54 75
62 37
157 109
65 135
79 52
2 7
116 1
29 6
70 120
84 118
35 44
125 99
62 194
153 93
109 187
148 128
84 111
148 17
128 14
188 69
185 127
115 69
111 177
138 0
107 15
68 24
55 163
162 171
42 98
46 81
178 60
88 87
63 12
69 156
150 186
154 66
188 160
83 71
153 41
60 177
146 181
197 133
112 7
33 102
23 78
9 45
135 114
147 129
43 11
28 101
168 170
198 17
76 169
179 97
193 88
87 100
148 155
33 137
143 102
10 178
138 66
42 48
74 54
28 109
119 160
85 98
189 160
133 131
49 21
75 14
13 10
171 37
67 82
188 53
145 110
85 107
108 69
162 156
24 158
16 131
79 81
65 128
162 32
23 169
142 187
34 116
173 105
115 123
30 129
44 122
77 131
5 57
72 192
98 94
113 130
78 80
12 199
66 192
124 178
197 52
93 181
45 82
4 173
97 98
59 20
35 131
73 108
155 116
121 33
135 48
95 183
134 19
59 19
66 13
71 85
116 150
71 24
74 11
134 131
168 84
69 41
56 89
19 171
58 128
130 140
64 51
166 82
96 162
54 102
196 67
143 74
40 142
34 82
37 71
80 32
98 67
81 123
32 71
57 6
23 181
195 82
169 148
78 164
190 152
182 135
47 129
15 27
121 61
179 30
65 130
165 2
96 75
164 166
177 183
41 19
183 91
34 170
135 170
30 28
1 165
157 28
192 27
149 91
178 84
34 12
194 31
135 167
175 181
80 144
117 133
45 17
32 55
172 27
103 47
152 40
80 68
122 171
127 102
139 176
110 119
44 78
108 140
99 91
166 10
162 195
19 88
44 131
103 57
153 126
36 124
49 145
62 34
147 103
118 30
175 128
88 77
34 89
57 183
141 14
117 170
183 64
54 31
2 139
186 140
88 83
42 31
19 142
20 199
199 6
155 163
186 20
196 43
169 99
57 199
116 102
144 98
166 149
112 108
22 8
95 64
49 46
187 56
1 91
42 81
135 72
34 130
73 45
100 112
1 164
111 142
74 98
169 164
48 104
170 111
118 172
173 21
179 102
110 95
101 12
12 159
20 13
121 169
175 112
14 102
52 93
48 173
184 45
86 143
71 114
29 53
59 83
19 89
24 7
5 87
70 169
176 126
176 77
189 188
8 162
113 183
120 14
98 163
115 66
186 93
1 8
80 189
199 12
113 62
108 192
72 29
156 46
33 148
92 26
43 67
65 100
63 71
191 143
7 174
197 117
10 73
153 47
127 173
108 28
155 34
141 142
102 41
47 147
91 67
133 5
21 120
62 44
167 84
39 96
189 15
29 153
192 156
98 147
108 20
17 178
51 198
65 60
131 99
134 111
43 77
74 10
105 161
138 24
83 89
65 103
167 50
46 193
68 13
127 126
30 188
127 66
118 17
139 184
73 79
178 136
56 185
156 145
168 115
28 83
157 132
42 106
73 6
100 51
112 149
98 4
199 86
196 81
67 93
181 175
63 44
171 62
177 68
23 7
119 4
55 35
81 72
128 182
2 87
80 25
157 192
119 54
30 56
189 15
173 136
171 48
44 156
0 191
147 20
51 17
27 82
35 141
1 106
152 161
59 50
77 0
191 140
59 77
49 119
39 53
44 153
35 192
6 123
141 199
183 175
93 144
37 80
128 147
35 116
159 89
184 110
55 39
15 159
81 111
81 19
95 196
144 193
142 11
136 148
150 101
56 73
38 95
118 8
163 76
89 134
168 190
24 54
127 48
73 28
114 195
103 158
123 18
149 54
145 61
133 30
136 68
83 48
68 155
112 8
124 100
39 32
124 143
90 64
6 20
20 122
192 115
50 23
75 156
136 181
38 74
174 90
104 40
135 129
62 121
111 162
195 60
34 164
40 190
49 75
117 198
65 116
178 52
90 172
89 99
30 32
45 75
137 41
68 148
148 15
79 143
83 198
5 69
73 110
88 89
109 173
89 81
113 124
139 84
104 80
30 16
63 144
90 131
181 146
132 144
90 89
158 21
81 123
31 29
46 162
104 69
175 25
49 13
136 173
30 54
87 42
161 48
129 76
137 143
20 40
82 4
184 9
134 101
22 75
34 140
187 9
73 183
127 132
19 150
92 173
113 37
36 58
125 195
192 175
27 161
168 66
75 13
134 90
159 72
122 193
70 141
30 152
73 17
30 193
10 118
199 142
195 85
69 55
17 178
170 141
168 80
30 172
2 100
149 150
42 93
122 158
121 48
162 125
199 176
85 193
3 172
68 4
24 124
15 62
182 150
90 9
149 111
2 52
105 199
178 27
128 72
42 32
127 77
183 69
174 125
18 158
190 23
142 143
98 23
158 60
47 167
189 68
120 134
87 179
10 150
132 77
146 114
56 134
169 110
114 194
60 118
186 126
174 162
42 126
85 101
120 159
139 173
191 179
183 163
100 70
37 12
171 92
148 141
82 116
57 133
16 163
152 88
163 151
77 41
99 175
172 105
109 155
142 137
92 183
165 186
156 136
82 188
61 54
20 193
38 3
75 80
139 163
158 192
71 52
62 10
166 55
142 114
106 197
136 185
141 87
140 175
7 169
56 98
58 163
14 32
161 37
94 70
23 199
16 126
184 40
43 19
98 77
152 130
131 74
82 77
128 192
131 77
152 39
174 58
91 127
157 90
117 148
75 139
58 7
76 29
81 78
80 106
181 52
130 48
66 75
5 80
99 126
199 188
121 46
137 78
49 144
162 93
141 166
113 14
3 158
126 73
69 193
67 175
74 97
183 15
188 104
45 148
79 92
146 148
47 133
88 8
38 47
57 199
144 176
104 151
13 185
97 66
43 93
34 49
171 117
186 31
96 58
187 43
17 178
10 25
138 26
125 97
146 17
106 28
18 138
187 57
76 107
159 125
58 46
8 132
188 43
197 44
4 141
156 120
4 188
183 45
126 186
21 169
41 109
64 78
85 151
12 159
81 92
75 160
164 50
58 70
19 39
80 88
169 125
45 78
83 101
79 13
18 139
175 33
157 62
43 153
198 138
188 196
137 30
160 96
141 197
32 160
26 194
109 35
147 8
70 176
47 129
168 6
110 135
182 68
36 181
47 34
107 146
92 139
50 133
33 51
86 3
170 169
99 45
73 27
172 96
7 88
26 82
38 45
142 99
3 105
149 115
150 147
151 61
101 36
188 99
26 146
117 94
12 150
163 111
125 175
28 7
60 198
48 37
165 46
123 109
179 154
54 105
155 34
19 121
64 125
64 96
23 7
118 175
8 39
27 52
185 83
72 171
47 55
189 41
92 156
13 19
76 153
128 122
176 90
190 23
30 67
91 18
13 76
11 82
103 194
5 47
191 177
141 47
19 149
41 166
134 56
92 154
111 26
110 167
185 150
93 114
123 182
163 185
121 133
87 121
52 148
110 25
137 176
52 176
39 6
100 4
133 2
82 9
157 43
181 63
159 27
6 101
10 150
18 56
47 192
115 52
163 131
141 121
22 29
26 192
160 45
107 125
10 136
68 8
193 53
24 79
68 182
20 127
74 91
75 192
74 157
99 8
31 45
120 152
185 158
170 62
130 72
115 139
0 151
85 2
92 47
83 57
168 187
89 168
59 19
90 127
191 53
61 197
28 20
187 112
138 156
120 186
135 71
132 168
28 13
137 10
118 174
136 139
153 87
159 57
190 156
68 78
109 32
177 175
181 118
61 0
181 155
51 196
146 54
109 1
27 122
106 146
89 67
17 43
66 35
181 148
50 78
107 109
33 193
90 155
178 26
79 125
13 136
54 152
63 83
36 50
142 71
184 27
35 22
101 54
88 159
96 104
170 35
31 21
55 0
18 14
112 162
111 52
49 5
181 174
40 192
3 171
159 123
37 17
21 128
125 8
61 72
109 4
173 25
187 64
166 82
65 51
84 25
41 42
113 188
139 102
56 62
9 81
130 72
176 24
120 70
99 6
8 121
61 130
181 148
4 10
4 103
51 124
158 0
174 76
97 17
64 38
26 134
121 114
26 132
104 12
116 103
191 30
40 178
121 131
35 154
119 183
72 9
27 193
36 71
59 162
178 65
161 21
69 97
169 10
91 182
151 100
169 110
74 130
150 189
44 1
100 128
25 39
71 112
13 142
85 199
65 43
101 21
189 134
94 154
79 55
76 176
174 28
153 133
48 54
67 180
141 79
52 119
68 23
81 195
175 172
80 156
101 97
89 13
159 30
156 148
59 130
14 145
10 184
136 143
13 165
181 12
191 31
120 44
143 191
58 5
35 153
92 37
48 166
79 139
98 45
151 48
177 156
190 15
97 107
87 0
132 54
106 62
18 78
28 79
171 65
41 87
192 170
98 116
111 88
138 45
65 49
80 87
176 37
39 187
178 68
81 138
78 154
32 101
79 112
110 51
120 134
93 167
19 11
164 31
91 25
4 16
130 128
56 76
81 180
78 19
110 53
136 81
10 41
3 65
116 147
32 88
44 92
31 155
8 30
113 1
185 11
142 100
183 4
4 78
196 35
172 143
72 183
29 158
13 133
121 128
27 188
181 74
114 177
197 50
41 131
176 6
149 176
146 50
132 67
182 20
91 78
101 103
185 191
16 47
38 106
144 16
132 65
80 99
100 146
190 110
18 167
140 69
136 156
65 185
193 29
29 76
16 4
71 92
76 166
59 65
149 22
3 106
198 12
56 144
147 55
10 124
176 16
170 122
93 196
42 126
185 7
132 10
121 15
61 22
76 86
108 116
31 53
64 165
76 193
132 142
163 14
134 61
171 36
139 188
163 170
40 151
35 69
6 7
44 136
180 95
33 199
169 8
1 85
8 104
193 184
130 197
191 77
42 129
104 198
9 83
48 54
167 51
199 11
40 146
3 92
123 115
170 81
132 60
187 63
38 182
112 81
159 157
125 82
22 110
83 51
0 188
94 103
43 0
13 15
87 94
103 93
94 157
3 134
35 68
126 191
81 142
86 129
91 65
172 109
5 105
149 162
73 133
102 70
149 113
121 167
29 42
17 141
174 126
10 146
13 168
20 147
2 124
19 27
128 85
75 112
137 119
80 66
11 117
119 19
173 8
129 88
131 18
17 121
189 128
8 16
125 32
6 176
53 111
141 40
87 180
137 30
181 59
173 154
37 104
79 158
95 20
198 105
199 142
98 5
13 145
175 170
107 73
101 153
0 153
130 89
172 103
129 62
178 160
83 141
134 198
53 42
144 176
162 56
146 78
156 151
187 169
58 18
32 147
150 46
40 184
142 14
11 77
56 104
108 65
68 108
30 118
81 131
151 85
197 144
109 195
184 169
79 6
83 72
101 170
117 106
160 186
186 96
45 129
63 183
42 7
77 67
25 5
101 191
69 153
59 29
136 34
65 113
114 52
114 117
42 39
21 42
30 34
58 22
134 178
146 27
170 71
10 70
28 33
195 51
5 163
72 155
129 161
103 78
162 52
84 74
74 79
87 183
71 68
100 140
94 154
155 19
78 20
147 38
42 18
151 127
74 10
54 122
174 142
48 175
197 129
47 166
42 142
199 184
14 174
166 58
152 17
122 150
24 70
163 188
138 144
26 63
56 35
29 158
93 119
36 180
191 94
11 24
113 139
4 170
8 58
2 84
43 74
63 164
80 126
117 15
93 157
122 21
180 130
66 198
171 5
187 183
112 131
57 59
60 67
78 122
63 1
146 40
112 66
160 9
118 29
40 60
77 119
170 21
11 99
89 99
108 179
74 67
158 156
172 154
151 180
57 184
56 129
13 123
68 67
104 162
116 91
94 146
98 151
97 108
131 133
194 122
119 55
23 55
130 38
190 69
128 199
14 83
169 27
168 50
40 165
58 185
64 172
171 59
21 116
112 26
191 102
93 65
179 176
98 176
133 12
30 130
132 40
0 142
145 154
54 109
49 138
166 10
8 194
190 147
110 42
41 125
170 107
3 129
164 132
24 174
15 156
133 66
10 177
97 23
55 28
52 168
69 66
136 66
95 32
180 50
144 191
184 90
167 48
164 152
47 127
138 83
177 58
58 160
34 198
163 1
22 199
57 181
183 127
112 34
25 115
190 167
86 73
120 117
175 41
89 63
162 3
76 40
168 59
157 117
79 68
101 93
140 56
102 142
9 135
170 5
54 151
133 147
140 138
147 189
88 53
15 96
172 92
197 115
50 3
89 114
138 156
127 62
0 111
7 81
66 24
90 128
105 40
26 196
45 63
112 64
104 141
113 98
105 187
137 2
165 116
140 77
5 17
78 160
49 157
92 43
102 182
187 104
24 164
106 143
59 187
59 137
72 112
147 34
147 8
47 186
89 151
40 120
148 159
145 78
138 78
109 59
88 97
185 170
9 36
176 166
118 82
135 62
45 80
73 121
19 116
55 152
182 62
72 147
63 16
15 141
141 193
128 168
60 109
126 39
10 119
107 104
139 198
118 173
78 118
83 179
143 161
41 39
64 74
139 32
68 170
151 59
140 97
173 37
148 60
116 158
107 56
65 171
6 167
73 81
157 127
187 51
28 156
98 186
107 59
9 54
18 191
96 113
194 168
100 140
198 127
39 32
100 20
64 143
42 164
135 27
138 21
75 26
55 142
130 2
120 108
20 187
44 194
145 144
172 128
93 161
52 54
95 40
125 100
61 122
26 125
112 94
28 53
155 29
99 192
190 148
135 193
14 5
74 28
188 89
130 23
127 81
186 19
180 140
116 16
166 9
173 51
137 121
177 126
101 114
154 78
38 180
190 32
118 189
102 16
160 166
52 67
101 6
193 18
184 85
159 4
165 22
107 138
117 21
75 117
169 163
131 166
188 12
25 140
34 152
172 26
199 137
17 130
79 0
29 173
187 140
180 50
197 133
105 168
170 136
87 175
30 16
154 68
180 58
64 68
82 51
156 60
180 169
135 101
15 176
11 182
136 197
115 161
75 58
19 154
137 93
33 23
199 128
14 20
77 83
71 106
148 131
145 28
113 152
60 81
96 158
134 97
34 90
142 156
173 54
146 52
152 134
76 123
96 109
88 189
25 158
178 56
82 77
56 172
48 61
150 26
96 122
163 143
70 5
38 24
197 188
37 56
193 122
182 153
159 164
16 74
113 56
180 52
188 140
157 6
161 52
102 99
175 191
181 26
97 198
131 168
123 79
152 40
122 140
9 121
198 168
159 37
140 52
68 77
192 193
33 11
153 11
32 87
170 127
58 186
155 153
189 151
103 152
15 183
66 166
122 1
153 159
24 68
148 125
60 129
93 17
164 27
7 125
187 92
153 168
162 94
93 145
195 191
176 104
153 1
88 24
30 103
134 91
145 19
85 132
76 37
66 152
155 82
160 197
87 78
118 133
95 169
50 23
126 195
169 2
9 186
23 197
191 104
107 144
8 194
166 103
179 141
38 62
8 7
197 34
129 28
116 98
122 168
119 175
6 113
143 19
40 78
198 112
86 98
35 55
29 143
20 33
47 107
93 5
180 9
67 96
149 199
117 92
14 1
36 137
52 54
119 70
80 24
37 175
195 148
15 71
124 57
69 47
117 95
119 181
0 36
191 166
47 162
67 72
141 96
3 106
78 46
122 164
24 59
141 36
165 161
109 92
1 20
164 139
13 154
13 80
68 160
122 56
88 145
135 128
58 47
126 91
34 27
60 154
28 63
175 186
38 28
51 197
131 1
167 32
116 156
42 192
179 126
48 101
79 147
181 49
190 139
102 190
63 100
127 128
40 130
99 9
170 56
112 175
199 87
157 41
147 125
123 62
102 16
27 98
133 71
126 90
170 151
27 18
168 22
151 18
100 145
39 13
128 174
182 120
133 41
84 163
99 65
196 92
116 165
152 55
120 89
23 88
69 4
70 35
1 48
66 54
151 83
28 86
114 5
41 197
36 164
176 110
132 140
85 172
24 40
146 29
112 160
126 108
112 13
81 23
43 107
35 0
163 199
58 63
122 96
21 113
26 4
8 165
165 21
108 103
136 183
18 39
168 141
155 177
124 81
104 82
22 93
90 28
27 10
38 75
165 50
188 11
136 67
15 121
31 148
42 120
158 97
74 11
95 75
85 89
190 111
124 163
7 189
52 108
5 68
23 116
13 79
97 18
22 198
187 12
179 81
22 19
190 109
79 153
136 37
26 130
2 128
48 18
198 112
126 169
148 58
67 61
185 29
57 10
77 92
67 71
43 133
97 78
86 79
157 64
47 34
189 154
19 121
126 107
192 129
101 98
26 126
61 160
32 26
45 185
119 156
73 33
32 143
98 108
190 32
104 128
165 110
29 38
106 118
25 109
25 144
185 150
197 74
24 89
114 50
123 21
60 119
133 5
103 115
126 18
162 164
54 189
19 70
150 50
102 73
39 184
120 28
133 115
185 130
120 143
174 66
123 52
126 125
195 159
3 37
140 24
91 129
3 63
179 56
160 52
187 27
85 158
69 191
23 14
112 100
146 197
54 105
160 79
117 197
99 27
160 133
65 38
44 117
104 127
79 21
146 194
24 122
173 62
39 79
126 117
195 131
124 170
162 55
91 101
56 128
18 181
54 12
32 112
74 100
9 71
167 75
136 83
100 24
93 193
191 25
148 189
113 105
188 46
58 59
165 140
88 156
47 74
34 166
45 21
7 170
169 3
197 129
110 41
70 45
88 141
115 148
79 27
28 63
88 25
115 187
2 192
6 2
22 15
26 119
61 155
9 125
158 21
16 34
34 149
4 138
83 192
102 167
55 109
16 48
75 65
121 15
40 105
99 66
32 28
115 41
44 67
72 5
10 26
100 110
5 161
108 125
79 198
191 44
33 118
53 99
19 131
33 9
185 32
115 165
62 166
191 186
111 36
93 42
159 59
155 61
14 175
117 17
199 62
2 50
0 122
144 89
153 135
87 117
194 158
30 182
25 10
170 92
65 107
34 101
131 48
89 170
172 10
121 106
170 194
70 91
118 38
128 199
144 15
32 78
75 146
120 151
186 165
100 45
87 107
17 133
154 51
45 0
15 17
22 48
47 39
22 193
95 185
14 196
163 74
1 76
117 18
55 185
53 40
70 92
84 40
118 84
102 92
58 77
114 157
83 25
49 63
170 135
92 38
98 134
148 33
131 83
57 107
88 59
10 100
23 141
31 166
148 17
128 50
46 99
6 154
96 95
91 136
112 27
22 98
72 98
3 73
162 115
91 123
56 141
146 149
145 197
47 166
23 41
70 131
121 60
137 144
67 10
8 107
36 65
188 82
24 130
61 19
164 51
137 180
49 75
59 130
66 138
78 136
184 17
113 53
42 159
113 146
119 17
180 132
34 60
151 14
14 164
119 173
126 157
12 136
43 46
58 20
39 179
127 181
167 121
118 159
77 189
57 136
182 195
49 89
151 42
184 95
77 125
26 54
141 54
150 23
139 171
93 145
50 79
73 37
91 154
186 132
94 99
198 2
163 166
77 188
122 194
108 17
190 4
53 181
72 85
189 159
155 61
123 67
151 161
114 190
35 153
0 165
178 164
185 14
198 36
135 173
91 30
111 142
10 54
66 169
95 177
25 44
122 133
63 8
167 176
67 23
56 19
153 75
143 64
182 36
74 141
129 196
87 139
38 43
22 51
5 139
163 179
196 104
22 43
66 164
28 116
99 147
27 186
46 26
64 117
84 33
128 76
118 99
54 152
90 173
177 129
72 143
117 159
189 111
130 199
75 170
152 161
182 54
58 6
106 132
7 11
191 183
62 103
65 43
85 116
177 6
44 6
19 82
117 70
104 110
75 52
130 60
51 57
4 35
37 58
152 42
137 39
85 119
110 96
14 149
65 75
181 95
36 192
136 181
186 35
12 118
3 21
20 106
17 8
190 108
183 6
21 81
82 167
34 21
93 113
153 132
182 158
141 160
123 183
79 68
53 153
103 105
188 73
66 144
81 13
172 135
190 171
24 192
128 0
199 151
71 97
171 182
130 101
190 16
128 155
117 15
3 131
38 21
112 36
111 5
167 76
118 156
106 92
149 67
90 50
170 8
62 169
4 110
62 1
92 195
151 40
50 199
30 191
78 0
190 142
43 23
86 145
106 179
145 4
115 166
141 118
16 128
107 109
6 16
166 186
166 184
58 147
7 49
60 70
161 63
49 67
78 98
182 171
45 107
123 35
103 129
159 38
48 100
58 86
55 49
133 59
197 143
73 104
4 133
5 137
70 99
116 141
47 13
186 77
85 130
60 68
133 163
182 151
123 179
28 68
96 146
184 22
44 51
24 181
111 197
115 106
88 7
175 141
113 135
174 33
182 90
8 46
59 34
159 0
14 80
64 34
175 47
138 195
37 16
141 19
44 133
139 128
133 193
111 35
154 166
163 54
158 143
7 91
156 82
130 96
130 85
174 151
126 79
135 25
36 82
22 146
123 195
184 57
141 71
69 75
35 131
143 78
164 65
141 178
84 40
169 62
55 67
33 63
108 122
192 17
61 197
182 92
174 167
20 101
19 92
85 63
102 133
193 138
118 47
120 170
65 187
49 141
27 182
9 183
89 46
171 159
186 84
69 119
188 83
33 144
133 116
35 153
16 71
171 192
116 171
184 45
166 171
80 159
101 172
5 143
108 199
175 131
57 50
14 98
170 66
1 80
168 197
116 34
33 121
152 18
23 186
175 56
14 161
171 164
75 129
124 85
184 109
133 73
0 1
176 161
14 120
79 66
63 60
75 188
119 52
147 177
59 126
160 197
153 184
105 175
39 86
187 58
24 135
104 35
186 118
46 0
176 85
105 25
108 197
155 77
45 106
106 160
161 183
55 85
68 35
43 135
18 16
174 37
183 172
79 111
125 65
124 109
148 137
192 47
167 194
68 17
176 69
188 76
104 69
162 45
114 56
10 63
78 34
91 174
47 66
12 164
138 119
38 99
76 186
151 49
169 52
15 30
39 65
168 146
174 116
18 67
122 178
61 190
109 121
159 183
41 82
63 120
167 38
102 36
173 56
72 96
130 95
136 48
168 173
106 197
60 105
175 141
142 119
128 144
94 44
94 130
3 165
13 16
47 5
23 114
121 8
154 84
85 185
34 91
151 47
40 128
144 79
113 180
174 91
140 7
133 121
161 155
78 196
136 169
83 74
12 154
130 4
87 119
9 162
38 152
60 7
32 10
88 129
84 106
7 120
166 102
144 150
126 120
135 182
21 161
145 179
58 46
89 128
96 23
103 89
66 119
103 178
110 196
37 166
141 108
109 116
142 45
53 1
141 146
146 157
10 192
166 39
157 17
188 172
131 152
189 199
25 177
99 123
126 56
186 178
50 37
44 56
45 188
177 26
199 189
149 84
52 126
66 42
10 73
145 33
191 13
163 118
188 30
139 52
92 190
92 99
53 161
162 185
6 142
171 8
75 151
171 27
135 42
61 199
155 167
88 43
96 171
166 24
139 174
81 70
28 93
83 173
171 121
101 106
134 55
175 69
20 154
56 185
21 50
155 30
52 158
150 76
28 41
13 153
162 129
38 125
105 186
102 161
83 156
140 31
129 125
64 140
6 94
11 118
162 163
96 95
181 33
28 187
117 149
101 49
43 190
170 73
138 171
191 128
9 136
14 144
173 144
86 56
32 154
109 114
89 98
121 70
197 131
143 43
161 70
31 0
139 88
75 183
190 38
188 122
165 172
47 142
108 178
183 127
71 147
68 130
138 11
143 121
158 103
92 40
13 20
62 198
173 154
187 83
178 149
19 43
62 152
181 65
193 112
162 171
163 194
90 99
21 90
70 74
93 153
86 16
127 10
75 21
151 126
53 129
46 146
174 26
33 73
45 97
192 198
141 66
103 88
113 26
41 36
90 151
164 90
144 189
44 61
140 83
41 95
49 172
164 95
20 105
166 162
127 75
150 35
88 96
155 30
196 178
25 71
110 59
15 109
142 34
26 45
100 183
66 143
119 176
82 73
71 37
56 60
25 151
26 54
96 107
90 133
186 183
183 174
194 22
51 80
27 160
66 48
75 52
184 94
139 95
83 167
28 84
6 66
2 107
140 59
33 86
14 19
26 152
167 73
164 68
145 89
53 130
70 32
47 183
34 186
150 66
112 178
2 140
127 199
128 126
20 14
163 162
85 83
50 87
170 141
190 185
40 84
50 178
185 11
28 99
124 121
150 18
175 61
173 147
185 109
136 81
175 24
72 131
48 63
194 7
123 166
162 68
57 103
135 181
186 176
70 57
8 189
36 128
129 32
43 55
196 95
14 160
54 177
92 96
105 40
6 160
91 116
171 192
131 83
52 21
193 192
53 82
187 95
67 95
159 3
20 69
149 60
86 32
7 116
137 35
62 134
11 5
195 17
193 140
186 164
138 170
74 143
106 67
23 9
47 77
36 182
59 81
190 20
70 96
87 30
131 172
99 154
111 128
15 60
141 75
106 112
133 162
156 89
192 83
109 104
44 168
92 19
82 145
138 194
156 63
106 86
144 21
187 77
125 54
162 65
96 81
41 149
169 108
117 188
35 172
199 82
75 27
149 2
86 101
21 139
36 11
176 8
153 5
163 14
57 96
165 145
74 92
89 179
77 161
37 142
104 36
7 49
47 111
159 122
78 150
159 38
120 70
182 83
80 10
146 121
134 133
199 41
95 158
102 154
158 1
178 112
172 43
196 128
187 130
1 39
170 152
77 107
116 14
76 66
194 14
135 52
171 126
84 139
199 112
5 33
189 94
50 18
113 185
89 58
25 142
49 57
72 147
84 94
174 199
91 48
19 167
63 137
183 52
45 130
33 70
132 113
142 24
108 182
133 98
43 199
68 41
24 58
27 81
164 78
91 162
3 64
186 39
117 88
194 82
79 105
193 36
99 167
125 194
157 72
33 176
19 145
53 76
62 45
68 131
193 28
131 185
52 59
160 79
60 42
181 134
193 135
39 122
81 3
150 92
197 20
103 170
66 170
86 121
162 125
188 191
7 85
157 64
33 198
190 112
184 124
131 76
184 100
3 63
197 52
34 198
194 37
110 107
76 86
80 21
185 108
166 118
62 94
156 155
106 119
148 160
148 48
63 57
67 55
26 146
59 109
32 51
28 112
144 34
25 155
138 54
171 142
94 21
78 104
79 7
62 68
112 49
2 50
157 197
104 126
126 55
73 60
113 167
91 85
126 178
148 37
70 15
85 131
90 149
197 117
21 165
33 46
90 163
34 68
130 179
1 80
105 46
66 148
198 131
9 133
89 164
3 61
107 81
197 93
97 195
152 48
109 146
122 20
168 110
41 194
97 173
96 150
123 143
160 195
36 197
45 49
196 63
71 100
154 33
114 178
116 72
105 23
75 124
113 39
50 61
87 155
140 51
122 94
141 121
87 141
83 94
62 145
163 153
192 51
44 102
190 152
197 32
112 18
23 190
74 56
4 85
99 53
134 156
62 74
132 154
174 51
25 196
46 20
198 110
144 6
148 92
56 151
60 80
96 88
149 67
23 38
151 96
105 178
128 100
110 11
192 9
84 35
111 38
199 46
51 35
4 154
45 17
162 50
7 196
11 100
124 175
119 65
154 97
39 187
145 86
109 191
192 149
193 155
146 10
181 192
109 15
59 190
180 163
13 48
155 152
172 154
151 154
64 182
96 26
181 185
57 65
91 57
61 152
40 131
57 19
115 2
139 47
18 125
124 56
171 181
0 159
188 105
15 90
24 19
191 154
85 100
78 196
123 6
101 102
54 172
134 19
199 82
147 13
18 92
27 58
37 137
186 182
146 163
103 37
73 134
193 191
3 162
144 33
98 158
30 157
60 12
79 3
111 179
120 126
171 156
89 13
7 11
53 29
10 131
28 32
20 15
0 32
18 36
44 70
11 54
15 103
85 89
44 112
95 81
143 21
84 151
117 93
60 107
177 35
195 37
79 130
162 163
10 37
135 132
149 9
142 94
69 112
99 44
184 185
98 143
96 138
89 165
61 124
119 199
48 116
9 175
79 48
58 80
36 79
11 71
64 162
32 192
60 66
53 51
0 85
141 161
56 8
172 190
37 131
164 23
4 65
99 50
54 23
33 174
153 120
73 175
152 37
69 122
157 76
148 95
34 153
53 95
179 140
165 180
50 29
128 29
137 22
35 31
117 165
51 19
113 197
127 138
137 119
173 141
29 162
159 163
25 2
7 57
24 128
108 56
144 50
30 51
89 29
160 135
163 89
71 60
61 158
8 141
126 0
17 181
68 32
38 146
141 5
142 188
42 162
198 108
1 3
77 1
121 88
145 46
175 144
48 80
104 54
169 188
156 28
87 72
160 105
73 115
59 112
4 163
86 108
44 115
32 107
174 87
34 25
4 50
23 5
42 111
129 23
165 182
172 78
30 125
70 160
65 129
126 77
32 123
177 87
176 105
167 85
192 46
99 19
55 111
90 40
182 104
66 4
97 11
145 160
80 78
23 106
110 199
42 66
59 173
40 157
104 11
195 128
189 198
143 4
25 143
162 169
66 188
81 101
114 181
23 96
130 129
47 59
73 8
190 12
103 175
40 188
109 125
108 80
180 46
130 38
0 185
137 147
85 86
135 108
138 167
74 145
34 184
72 36
33 19
91 25
11 172
12 109
101 123
7 18
147 128
113 89
158 81
102 24
186 127
170 156
119 68
114 119
175 47
160 193
19 75
185 36
167 24
156 17
95 26
34 187
103 155
82 140
191 76
10 170
182 30
123 119
172 56
124 26
75 30
94 62
97 104
51 18
65 135
23 115
124 48
169 52
169 150
184 152
4 169
12 113
121 6
108 19
9 146
193 5
52 59
195 22
11 137
69 175
144 37
171 14
22 49
153 121
99 14
52 70
191 88
94 81
71 118
6 197
67 154
50 66
110 52
90 42
174 81
56 44
159 157
32 66
190 175
50 105
115 28
12 32
135 0
190 119
89 16
151 106
138 196
99 181
79 94
186 11
55 78
70 126
114 185
107 118
29 121
93 189
187 52
51 67
62 180
147 121
55 41
161 185
122 144
17 52
40 3
100 96
88 122
30 77
6 195
110 87
76 12
90 103
56 146
94 98
47 10
179 143
5 6
157 185
94 194
102 122
62 163
179 29
110 97
0 75
18 11
64 115
43 66
60 51
69 30
148 113
182 89
111 192
150 123
66 34
88 70
101 198
109 182
183 39
34 40
73 65
57 101
72 34
146 10
0 196
131 121
123 47
74 149
79 68
30 17
171 65
55 47
96 141
104 71
111 118
85 119
101 109
114 171
127 60
42 21
78 74
110 51
68 150
165 51
126 27
38 174
22 57
127 126
198 42
43 182
162 84
131 132
21 79
189 158
96 147
135 20
16 61
98 145
174 91
14 141
136 44
25 161
155 20
148 100
181 143
101 145
21 10
181 57
33 140
191 96
0 159
30 118
93 27
41 148
179 43
40 177
107 174
97 149
9 165
28 53
87 60
40 31
42 74
19 167
150 118
72 137
46 173
144 28
135 191
55 24
12 102
174 70
166 22
116 18
49 40
159 48
77 12
126 128
34 58
26 120
72 52
86 164
39 20
55 176
126 161
6 181
37 89
133 146
67 198
113 108
78 90
43 161
20 112
182 126
89 107
178 86
183 173
63 140
143 35
169 70
98 50
90 152
63 70
120 80
85 19
101 33
131 129
86 42
118 79
40 154
176 11
136 105
180 42
99 174
130 168
29 137
82 41
136 20
145 121
9 29
143 146
26 112
197 75
145 66
132 111
13 60
195 35
199 101
35 183
136 6
27 11
27 70
152 62
17 2
123 35
2 144
181 131
181 69
4 104
34 51
48 71
107 56
48 73
76 15
87 141
158 43
180 9
144 158
145 49
197 104
42 87
95 36
4 69
94 124
123 192
121 129
98 72
185 111
60 119
7 93
140 87
160 100
88 97
113 28
73 179
114 87
136 27
4 18
6 73
115 186
104 72
152 176
19 113
63 70
68 180
27 31
174 139
175 107
199 106
170 5
86 90
187 77
72 56
184 136
41 43
157 50
171 125
113 51
161 115
70 2
145 6
84 164
176 133
25 4
2 187
92 52
53 17
124 77
110 166
195 133
99 199
39 19
103 121
87 156
58 28
17 48
106 181
37 106
155 151
85 172
67 7
199 103
28 89
129 41
163 12
26 89
122 150
196 155
199 43
60 113
70 100
144 51
29 154
30 117
195 42
137 173
119 37
11 175
109 84
84 0
20 91
116 67
2 1
143 97
88 176
61 35
152 63
26 117
10 133
132 71
108 37
96 60
137 66
96 63
51 125
86 48
159 149
153 168
54 98
179 147
170 157
31 107
4 92
190 140
69 26
63 93
182 128
142 181
164 73
157 173
178 101
135 97
70 2
55 87
77 53
139 184
38 146
24 80
179 39
47 144
123 56
171 71
157 52
115 85
182 19
90 163
154 105
97 94
97 82
48 57
4 0
31 150
15 197
102 127
133 88
61 122
187 166
106 160
6 120
37 16
83 47
69 4
172 50
113 17
91 116
193 85
187 83
47 27
42 40
36 150
37 147
24 180
117 121
75 26
59 30
151 55
33 92
175 22
168 95
62 127
126 27
62 32
170 10
74 71
35 172
60 78
29 81
34 38
16 137
154 45
26 11
54 20
9 166
37 5
179 109
119 34
9 36
177 80
27 105
199 189
156 36
102 179
109 57
125 68
114 65
64 106
121 13
178 56
93 24
168 162
47 127
198 56
36 142
28 139
124 165
151 113
63 132
162 129
67 173
154 157
60 128
20 188
137 183
129 81
26 73
91 102
189 44
30 104
5 40
166 62
90 192
187 12
30 27
119 146
132 126
148 195
165 168
46 11
97 30
6 42
113 178
179 78
149 162
151 143
146 148
83 194
119 35
71 13
188 174
169 144
170 120
146 144
177 1
10 168
121 32
52 13
82 139
146 140
90 108
191 135
57 124
142 18
141 191
152 196
24 149
30 34
137 51
189 163
145 106
12 43
111 163
20 105
7 68
59 167
7 101
69 119
100 96
22 36
148 7
178 154
97 124
58 106
51 103
116 20
89 150
181 81
166 11
178 109
37 17
126 0
42 21
99 75
183 144
132 91
151 177
150 159
190 173
53 37
62 121
80 5
81 127
102 110
127 123
29 143
27 46
130 78
52 9
69 38
66 53
42 70
49 63
75 83
96 56
88 103
188 31
63 51
193 32
51 4
140 110
109 76
39 3
18 39
51 125
1 19
68 126
14 177
42 45
50 64
114 173
144 133
81 168
83 106
40 151
143 199
52 172
89 68
88 100
158 136
34 75
16 192
184 25
108 185
15 180
84 175
160 179
13 110
99 43
186 168
42 31
101 179
48 29
71 8
193 70
4 104
152 145
46 63
119 98
181 105
48 159
12 155
110 174
143 75
8 83
130 59
60 32
113 198
180 55
18 181
154 78
3 82
53 178
125 113
43 64
90 24
80 63
149 147
162 9
52 83
160 117
104 194
22 55
187 113
188 61
68 0
123 85
118 195
41 105
35 15
150 63
154 136
68 90
116 78
146 24
99 108
165 103
7 50
136 197
99 85
98 155
20 104
49 57
53 79
137 93
59 41
193 137
119 80
0 144
50 83
106 25
179 158
56 96
158 6
125 127
136 125
87 166
44 145
198 41
5 72
142 168
52 82
59 47
64 40
96 71
135 109
137 41
18 82
79 126
89 3
63 0
98 81
91 93
38 127
140 160
42 90
132 30
106 3
52 51
131 49
41 115
185 193
66 132
122 197
100 27
108 112
126 7
75 84
132 72
157 168
105 75
165 25
2 86
48 183
44 193
137 184
80 58
63 197
167 60
2 113
76 45
26 58
0 166
77 105
19 118
199 106
127 70
33 4
118 14
148 58
2 1
102 139
60 39
40 184
37 108
184 107
4 13
134 151
97 42
27 111
119 46
188 1
197 135
1 82
2 96
9 29
137 178
22 42
178 110
105 199
95 140
116 172
157 58
143 91
8 182
66 53
180 94
101 67
173 137
192 157
37 43
25 62
104 136
101 43
18 5
101 174
115 135
121 55
58 72
100 16
77 43
103 135
91 59
179 67
194 109
83 170
30 28
59 69
33 38
8 199
120 149
166 92
186 134
159 6
27 123
164 149
79 197
104 24
9 180
176 185
91 162
105 110
45 74
186 46
37 187
59 9
141 93
188 139
73 46
98 90
94 144
189 131
90 198
179 9
160 61
0 173
199 148
40 24
48 122
175 64
72 148
53 191
61 192
37 104
18 171
194 184
79 134
48 191
42 83
27 49
95 141
91 175
23 24
77 55
84 85
194 181
104 26
158 82
8 109
36 58
21 141
86 128
9 89
30 45
92 116
131 68
75 34
33 170
106 36
157 130
138 57
118 113
139 31
164 57
102 103
36 22
5 44
184 122
110 143
39 33
14 146
151 39
101 75
164 154
183 164
5 68
114 15
15 184
142 83
7 147
85 23
92 78
70 5
108 54
71 179
96 182
140 195
192 65
167 73
61 65
180 115
45 5
186 75
11 114
158 25
35 95
24 196
75 8
160 8
192 103
146 65
83 78
108 30
153 29
30 169
198 194
81 57
189 7
49 187
56 138
67 35
46 15
58 79
184 151
6 198
83 62
63 140
179 192
155 75
130 50
170 115
57 15
91 188
27 164
170 90
66 68
77 69
154 40
69 190
96 72
154 182
136 45
10 41
128 99
192 11
42 89
126 14
126 176
124 170
28 56
163 121
64 12
44 64
43 135
30 21
175 28
63 56
133 113
61 155
16 62
186 162
61 91
89 10
107 49
127 35
30 79
98 2
30 104
107 179
101 141
188 158
22 175
96 24
58 54
176 109
89 87
53 13
66 74
148 70
181 196
170 5
124 99
21 24
67 176
67 192
143 99
182 111
93 156
184 129
117 21
32 111
61 3
114 199
79 112
190 132
45 135
151 161
149 110
131 175
106 113
72 67
6 128
92 83
3 63
196 49
159 70
170 185
123 61
104 174
94 92
194 152
176 116
194 185
66 110
181 128
71 56
167 185
188 194
7 6
114 65
141 186
120 103
119 139
103 119
95 156
133 134
27 85
67 62
189 0
152 93
133 72
85 153
199 145
189 145
73 106
106 8
164 75
172 62
169 37
34 94
94 165
152 182
125 57
135 17
143 57
131 182
86 66
95 144
185 121
163 144
139 34
52 66
197 106
74 36
129 44
134 108
63 195
82 161
53 28
64 67
193 164
185 83
160 37
60 52
47 144
66 155
182 116
10 110
70 152
95 11
190 3
140 108
16 42
18 1
39 114
111 140
174 136
4 21
93 18
38 65
198 80
28 140
78 128
186 23
113 82
39 41
43 70
80 23
187 42
64 106
30 169
72 103
5 39
180 37
63 142
189 195
3 118
111 13
14 172
160 27
90 0
58 107
188 187
4 137
70 5
39 130
69 136
13 23
31 2
131 170
52 25
106 18
23 144
48 18
15 183
43 92
148 100
191 50
10 51
89 123
86 89
156 104
71 53
191 27
172 16
137 62
60 22
136 92
157 101
34 115
10 149
169 86
167 19
133 159
65 103
17 79
25 198
141 74
173 140
121 82
1 110
28 173
88 33
106 121
118 39
17 71
173 161
130 174
184 4
66 173
55 100
195 20
38 24
84 120
37 79
95 88
28 154
6 122
167 192
0 106
30 133
61 185
17 60
130 133
190 2
3 36
189 9
55 13
17 136
168 136
143 149
7 3
55 154
12 101
4 21
53 155
20 64
124 166
30 26
52 46
71 155
175 91
10 188
128 163
89 30
162 51
80 191
19 142
97 6
150 162
178 90
149 44
12 152
71 35
82 129
33 89
167 106
19 38
83 148
95 18
129 105
173 88
61 180
172 94
146 183
10 86
39 159
115 114
14 59
16 60
16 27
20 150
0 76
85 34
79 95
25 7
178 43
15 119
116 83
173 30
163 127
34 123
145 173
151 175
120 157
4 37
29 126
148 88
155 18
130 34
78 199
187 113
76 101
77 61
81 138
134 82
87 9
181 3
168 166
196 45
60 42
110 56
85 5
129 49
69 197
62 46
9 54
198 121
35 81
110 37
162 186
60 172
8 13
137 118
51 34
13 136
104 74
99 157
163 84
85 187
36 122
164 55
35 50
27 38
195 78
51 60
105 17
182 64
1 24
162 36
170 83
84 50
137 66
88 172
191 40
130 28
162 89
78 69
12 110
159 2
192 155
63 172
121 96
92 112
139 24
178 48
146 125
176 56
117 21
82 90
163 154
47 74
127 168
101 22
139 133
11 198
137 59
73 197
4 76
18 135
155 171
6 149
90 172
3 150
142 105
67 146
61 140
110 124
107 70
34 16
140 81
144 47
23 142
186 1
50 128
87 88
6 17
133 123
70 31
186 103
151 69
12 122
38 110
13 129
137 74
15 119
111 163
94 25
63 7
75 26
94 122
143 40
101 4
145 132
196 168
39 10
105 5
71 14
85 53
12 98
151 62
181 132
19 23
79 141
42 148
80 75
168 4
66 157
82 55
122 185
90 117
157 188
190 179
146 181
36 35
35 71
141 186
54 18
162 57
36 34
69 135
39 34
106 132
182 24
185 1
64 137
84 109
68 74
92 108
169 36
125 188
22 95
44 182
116 12
149 182
18 0
30 128
68 50
21 56
162 35
64 55
175 164
105 31
7 180
25 1
51 195
178 170
39 4
120 67
170 171
29 51
185 125
12 21
97 72
49 188
39 82
32 188
174 132
189 82
137 185
106 24
3 0
190 191
26 135
65 0
28 57
169 5
190 194
77 4
148 197
96 116
37 177
86 133
47 155
169 181
189 143
106 33
155 41
171 10
65 15
115 39
177 39
152 68
27 168
163 124
149 78
15 108
95 117
186 175
8 106
116 127
119 108
3 92
134 149
157 67
156 89
66 149
83 29
90 82
188 0
16 108
128 75
48 136
45 16
21 120
1 77
144 81
12 120
12 127
79 168
25 48
76 129
163 53
128 174
149 113
58 105
178 15
15 142
89 70
94 172
28 22
139 165
180 124
147 25
72 33
12 56
159 96
1 196
174 75
62 194
49 132
193 41
139 0
194 49
41 169
164 57
79 69
188 17
101 157
92 144
61 102
156 103
11 64
51 193
157 165
152 132
105 66
161 57
98 15
32 137
123 79
96 144
147 194
50 13
25 36
169 174
2 56
125 162
162 97
187 173
193 19
131 145
179 5
41 102
196 75
3 69
45 170
56 49
53 100
172 160
88 12
135 44
195 87
0 119
16 193
92 103
34 70
113 140
161 153
79 113
0 142
42 123
50 83
2 115
43 21
154 34
110 108
149 185
45 113
146 60
145 44
131 151
165 88
195 175
95 64
154 80
186 17
36 31
169 67
191 94
41 107
45 77
79 98
103 92
36 37
64 32
34 94
71 47
169 38
54 180
36 131
199 42
109 84
62 178
51 159
21 94
141 172
49 35
198 195
126 117
131 17
128 32
156 57
140 109
104 35
49 81
166 187
44 158
65 94
82 45
180 11
133 101
63 125
42 109
45 88
31 12
163 123
95 116
63 37
127 140
28 65
34 44
56 15
138 140
36 140
130 164
155 152
179 163
159 111
185 60
192 107
11 178
124 99
3 2
190 193
87 20
24 31
126 147
34 123
143 163
118 99
39 121
186 111
112 62
129 112
181 139
50 51
124 170
149 111
49 182
91 112
163 143
123 158
85 79
133 44
67 173
144 20
70 181
2 131
86 174
114 35
182 147
107 68
66 78
178 135
35 162
46 125
80 145
43 83
73 57
182 129
94 158
100 102
2 90
70 138
126 76
110 162
133 66
33 2
15 110
178 166
32 162
130 127
192 117
94 6
144 21
40 196
173 54
132 0
172 196
172 43
193 195
20 166
71 165
27 115
171 186
103 194
73 110
189 71
159 81
72 196
159 125
163 192
81 44
165 169
197 137
9 186
133 116
139 69
150 171
102 154
59 183
3 28
76 144
146 44
21 103
40 182
170 138
176 6
55 98
183 93
159 188
132 110
161 43
0 180
160 167
70 192
77 33
122 28
179 106
156 129
45 80
24 165
92 97
100 11
102 53
1 131
84 64
34 31
185 10
61 98
91 171
147 148
198 17
143 139
30 79
113 138
165 170
128 60
93 199
136 167
47 52
38 58
187 40
153 8
5 106
185 42
123 118
5 147
5 57
184 19
1 148
118 33
133 128
48 115
35 52
196 135
45 30
158 77
93 38
58 63
64 98
52 48
159 137
50 171
128 64
10 24
168 100
161 79
118 27
111 170
69 46
72 176
119 162
143 67
190 149
117 165
149 51
29 185
71 121
44 188
40 158
182 57
160 179
145 104
73 179
150 181
137 93
103 146
12 105
44 8
160 128
129 26
99 145
78 146
111 167
90 73
58 13
116 40
31 139
3 104
170 159
163 37
197 65
14 140
36 106
190 89
35 133
45 149
144 161
107 68
90 94
45 41
96 196
71 77
174 48
144 73
12 32
160 129
93 15
54 13
132 165
45 129
103 49
72 157
160 86
83 120
36 64
123 29
49 165
159 90
190 178
163 1
124 184
70 49
189 16
129 110
199 81
20 8
6 105
183 188
141 161
159 175
8 174
149 59
184 55
193 98
58 75
99 154
98 196
43 87
99 167
125 15
70 59
13 80
168 44
14 187
20 174
170 136
158 44
125 66
124 101
91 128
46 179
154 60
162 47
198 197
32 162
135 25
73 109
44 16
134 174
175 56
95 108
57 106
195 180
120 84
99 88
112 111
26 36
18 65
81 96
150 190
142 101
5 94
152 135
18 68
167 20
14 115
37 172
185 57
168 135
28 71
62 101
42 12
68 21
67 164
78 167
179 70
77 121
173 110
52 193
161 61
174 41
149 8
27 36
100 196
21 108
9 53
61 180
19 149
46 183
95 168
164 33
23 42
3 51
135 56
29 110
25 67
180 13
78 74
152 105
164 134
87 155
174 82
28 175
77 192
55 184
176 30
124 180
150 174
7 127
3 142
18 166
71 153
63 117
17 37
86 11
121 129
72 68
128 110
26 127
67 11
179 9
7 15
95 128
19 90
11 133
168 3
67 78
160 140
11 96
103 80
148 2
127 178
29 164
69 44
183 68
64 99
21 18
87 191
129 140
66 60
183 165
130 157
13 135
52 64
84 45
90 121
148 48
164 40
166 115
49 179
189 163
138 151
1 32
162 138
129 95
159 173
99 54
23 157
116 113
158 64
89 150
151 19
136 7
25 65
152 94
59 2
182 193
146 154
44 2
82 56
111 12
94 184
42 122
189 38
100 151
187 59
104 171
178 12
119 67
8 147
62 43
194 151
161 171
146 141
106 127
146 28
135 97
151 36
100 55
149 73
172 74
60 13
114 36
150 135
168 68
125 111
113 78
88 126
81 13
114 16
170 5
149 76
24 88
130 17
87 179
100 182
55 189
95 50
198 95
191 16
0 142
106 183
81 68
144 104
80 170
130 53
143 159
84 155
100 130
144 167
74 8
53 158
20 82
104 185
138 159
189 122
165 107
48 35
15 87
85 6
77 111
73 55
13 162
135 155
170 199
147 41
173 38
185 18
141 65
55 119
41 87
87 147
103 43
111 184
81 32
158 91
94 63
157 54
56 89
40 122
160 47
80 153
12 143
129 128
197 67
7 37
42 132
62 183
45 112
5 185
120 190
149 30
95 191
86 43
17 82
7 48
92 177
104 132
41 196
195 62
4 75
93 182
35 94
90 99
117 47
70 40
44 83
178 153
28 181
136 50
85 145
120 78
51 9
63 57
174 55
10 164
75 62
65 175
191 88
42 127
31 180
188 18
48 192
42 40
9 69
37 3
151 50
133 172
195 122
152 151
109 92
194 142
185 10
83 124
79 183
61 184
161 60
65 78
173 77
126 179
106 83
70 68
34 4
68 130
151 39
92 194
95 120
172 99
43 79
192 101
149 26
24 194
17 86
147 133
183 117
27 154
119 103
194 17
88 0
119 178
195 17
182 15
157 71
115 91
148 94
167 80
13 24
85 129
24 131
145 4
178 111
182 113
151 173
108 128
97 72
151 85
120 2
104 73
94 120
142 13
111 96
82 91
109 157
158 47
72 159
71 7
190 0
174 85
123 92
192 60
181 147
123 64
25 52
172 141
137 31
136 14
63 71
43 112
143 3
16 69
140 195
157 150
2 79
177 61
149 121
22 99
157 178
116 101
124 169
178 141
198 81
141 198
183 164
131 84
131 180
121 174
156 118
144 74
75 189
144 39
39 192
12 150
167 162
186 105
126 175
84 135
62 114
100 47
53 100
11 85
179 116
116 55
150 1
101 176
110 106
165 110
105 36
180 64
69 82
48 166
164 79
50 123
99 42
59 37
123 146
25 95
150 149
184 199
158 103
134 33
12 106
7 93
157 8
40 81
120 192
29 78
17 139
70 40
137 33
125 54
140 12
34 136
8 29
147 80
105 66
6 69
12 149
107 116
44 67
9 180
176 179
183 124
104 50
9 105
117 192
2 86
171 126
175 122
24 180
186 198
116 15
151 97
16 69
47 165
48 129
23 158
61 30
54 60
74 17
126 87
163 105
41 185
126 154
26 168
186 134
46 150
173 0
31 185
99 140
63 69
47 134
50 198
171 192
125 62
103 15
28 173
7 166
81 173
198 13
145 160
113 105
67 177
110 180
169 65
111 77
165 140
50 120
86 147
37 92
92 111
157 160
68 59
45 148
169 148
3 81
186 43
189 176
92 197
175 28
120 96
37 164
21 177
80 152
87 126
62 92
124 88
82 40
159 84
37 192
30 127
154 56
8 17
29 6
23 5
18 106
178 47
8 57
33 76
154 152
154 198
83 197
85 77
0 126
113 127
171 74
13 195
87 185
71 102
149 180
96 32
73 118
4 134
93 59
86 103
199 60
132 92
164 117
29 21
135 38
133 31
171 114
170 163
107 72
133 139
71 86
24 170
100 14
37 52
101 73
158 160
58 17
178 72
3 127
160 137
174 161
61 181
116 11
69 106
108 13
87 128
76 49
117 105
27 192
184 156
76 107
40 186
181 90
189 105
112 54
22 45
154 45
174 95
57 28
98 189
193 155
72 187
180 169
50 0
10 155
81 118
105 23
114 93
29 190
71 190
159 169
7 173
63 98
5 140
130 10
123 164
68 100
102 24
157 134
194 53
192 121
175 56
197 184
96 109
69 115
119 90
84 26
91 57
21 71
82 110
190 38
91 22
64 29
84 190
139 187
43 195
48 156
95 179
174 134
93 155
192 100
189 128
60 148
26 157
88 129
119 40
46 103
186 136
189 100
107 62
160 168
21 54
132 194
158 58
20 111
69 172
101 166
57 30
109 78
43 79
36 14
148 57
8 193
130 67
152 14
165 84
33 86
42 46
25 130
111 182
49 149
104 52
169 129
129 153
125 21
18 105
0 78
102 1
16 83
55 32
83 27
197 8
0 89
167 195
155 112
194 57
102 126
135 175
90 190
168 148
176 6
43 177
96 177
83 154
13 80
114 98
100 150
77 0
54 98
0 122
64 28
35 96
181 131
87 152
108 11
66 88
129 47
142 36
180 14
87 64
4 0
187 46
174 121
120 147
32 3
40 104
33 156
75 147
34 18
190 60
1 52
34 41
157 195
21 109
89 40
24 37
130 185
30 136
162 148
64 44
198 145
197 102
95 154
84 47
70 81
167 6
73 6
167 30
130 188
83 10
124 70
147 124
173 197
170 66
129 128
140 106
54 82
5 49
13 12
53 176
26 93
16 56
115 144
148 128
78 152
55 14
24 84
82 6
44 81
198 136
114 104
142 53
112 141
78 162
28 194
28 151
163 20
199 85
39 197
85 76
75 172
46 116
145 197
155 139
32 88
180 17
153 64
131 177
108 123
179 126
17 85
129 195
147 97
6 187
123 170
33 98
100 26
166 11
145 88
183 10
169 81
108 186
35 112
170 93
185 95
34 18
145 121
155 88
150 112
175 17
21 132
75 108
20 106
86 56
92 34
124 52
123 104
12 6
30 152
166 29
86 93
154 173
137 151
189 33
21 169
89 170
185 24
36 152
29 16
195 38
94 183
115 96
62 173
157 189
11 139
13 43
73 70
6 66
81 199
121 72
187 165
65 140
142 96
47 79
0 81
188 94
33 38
51 117
133 190
90 128
3 152
62 187
56 166
64 33
146 109
156 83
20 127
174 130
82 150
171 6
10 152
81 113
167 181
131 134
30 61
86 12
188 59
75 134
40 4
66 148
1 87
109 185
24 27
153 185
55 26
12 6
155 56
143 95
3 63
69 190
182 163
19 41
187 67
195 57
197 121
167 86
13 164
58 50
73 98
114 40
101 35
119 169
98 89
157 58
8 71
96 24
0 1
48 142
139 161
167 2
43 169
40 168
39 136
89 35
13 6
185 186
144 49
94 131
31 170
42 145
93 54
144 103
66 111
7 3
54 91
192 29
125 87
96 102
33 30
155 176
133 120
1 160
71 67
77 15
56 105
78 182
177 20
27 130
36 95
188 91
190 69
60 9
186 119
118 39
81 83
162 62
89 71
10 93
116 35
88 38
192 12
3 67
180 141
136 74
62 55
181 125
36 37
72 140
156 45
162 160
73 26
7 136
40 8
196 120
199 89
27 68
28 16
39 61
137 159
179 114
69 55
22 156
169 67
58 104
13 38
40 104
22 78
76 100
110 172
53 183
150 145
58 86
55 9
131 185
126 21
126 149
124 135
16 187
29 84
145 2
187 196
96 29
78 40
115 183
10 104
78 98
117 44
22 52
182 192
56 90
87 117
161 175
100 154
199 89
170 48
60 62
52 78
132 100
45 19
151 32
9 45
40 180
23 86
64 45
36 153
179 19
45 103
78 131
11 105
39 136
170 166
23 173
76 27
196 18
106 179
19 15
43 27
173 171
61 131
123 137
16 141
190 183
44 173
56 64
109 34
82 142
45 41
42 11
193 117
111 191
107 74
66 141
169 172
61 105
125 29
146 195
26 153
147 164
31 80
55 8
77 152
129 50
47 127
112 18
162 137
74 188
149 184
99 123
30 62
145 178
46 70
41 49
10 44
92 13
104 38
49 88
95 76
21 39
72 130
103 51
73 86
8 130
164 84
132 41
35 23
48 1
107 172
184 110
199 195
97 89
78 111
9 197
170 113
5 23
38 96
7 87
6 27
14 4
6 58
161 82
118 78
48 186
123 117
175 2
21 184
66 91
159 102
14 84
36 15
10 99
68 51
108 67
85 93
162 187
146 68
28 124
178 42
43 128
81 15
192 16
112 119
113 178
143 155
174 20
35 101
50 112
188 64
4 100
90 96
171 199
95 126
190 194
68 42
142 90
189 178
194 14
34 161
148 89
76 90
77 165
184 108
173 167
7 166
39 179
86 172
167 20
124 111
73 62
46 47
80 22
112 13
145 157
17 151
7 147
111 93
166 68
40 75
111 2
139 44
32 7
10 146
27 167
32 165
146 13
147 143
83 37
125 9
147 6
149 152
144 188
22 113
125 47
121 155
35 39
58 141
82 124
14 60
191 131
176 103
192 124
11 175
145 133
2 45
105 166
27 185
61 97
156 113
99 154
48 121
55 199
181 49
0 162
90 123
17 110
52 194
88 140
130 66
97 136
135 177
80 177
158 145
126 181
17 6
130 193
0 41
162 4
125 196
154 2
115 105
1 126
11 79
148 195
2 189
42 53
90 87
24 138
183 49
7 175
77 177
21 150
117 190
91 36
132 15
183 175
131 88
9 102
183 99
66 42
93 74
114 40
170 140
177 136
61 14
118 52
8 50
88 73
43 190
111 147
75 26
24 136
83 7
177 75
199 36
128 38
96 109
102 88
177 101
115 108
195 89
111 35
37 50
52 88
160 154
92 107
25 189
22 186
125 84
160 70
0 109
40 173
147 120
65 94
64 120
66 107
195 4
90 174
125 155
88 195
91 86
49 78
134 43
36 179
9 148
61 181
87 185
61 40
177 56
59 147
83 12
195 10
161 190
106 197
33 149
143 183
57 159
194 109
17 187
54 181
6 193
187 131
115 36
149 60
149 193
27 78
190 186
154 136
115 127
147 34
95 41
97 126
16 174
163 127
34 93
89 20
102 40
131 107
116 149
6 42
129 20
20 76
115 145
174 109
155 59
83 93
172 125
138 7
88 17
39 20
115 193
187 149
73 36
38 181
133 26
174 125
195 167
57 19
82 12
106 90
77 147
42 157
25 5
20 62
191 77
153 57
74 45
171 103
16 12
34 140
136 31
194 4
9 10
13 142
78 7
70 135
131 165
105 96
187 35
99 65
68 137
72 38
175 178
181 25
177 167
172 136
20 112
137 164
142 28
73 40
95 37
117 19
163 125
30 32
88 42
15 166
143 128
84 76
47 56
99 53
70 5
133 78
133 124
130 29
92 115
90 132
95 1
110 199
141 1
103 39
158 37
173 6
3 154
8 171
80 49
112 89
30 14
176 72
151 183
52 32
194 95
7 199
149 50
42 183
136 38
126 128
6 31
137 123
46 167
80 105
73 18
43 88
127 135
89 160
186 136
124 167
199 81
185 52
6 42
125 29
9 109
26 7
84 50
53 66
177 46
182 119
74 68
29 14
136 99
174 111
99 100
94 153
82 198
24 173
175 28
96 19
155 150
187 123
109 158
108 123
17 180
78 59
108 28
167 141
146 184
32 75
80 43
195 22
153 163
101 161
23 29
124 196
29 131
60 0
25 99
50 146
19 58
190 116
109 4
185 179
151 52
105 179
105 91
1 47
7 160
139 76
115 126
179 181
168 107
43 137
90 105
151 96
84 199
106 74
0 39
31 162
145 82
3 10
100 4
131 3
88 183
113 117
123 136
19 176
77 134
41 46
14 60
7 57
109 147
173 139
21 134
50 172
69 89
147 160
192 14
19 53
64 93
132 122
49 151
100 15
141 88
179 70
77 152
120 186
57 108
162 47
173 178
16 94
134 102
68 139
151 106
66 175
115 73
51 89
54 41
98 127
4 131
89 86
58 186
11 97
55 136
118 85
50 189
3 116
180 75
85 103
66 60
22 198
70 175
113 75
24 144
34 19
190 152
45 22
189 82
150 156
165 24
186 61
29 193
67 84
83 45
183 29
29 174
119 36
154 161
120 152
106 2
177 170
50 46
39 181
135 98
61 167
128 92
166 34
96 44
52 144
19 66
3 19
84 61
5 43
47 165
108 114
75 105
12 179
12 64
147 42
106 131
95 157
117 179
19 166
78 26
147 116
90 176
5 185
105 52
33 91
198 167
98 64
34 3
16 137
50 183
85 186
132 36
51 106
105 45
101 141
72 75
117 68
48 33
160 86
31 132
55 155
90 43
98 42
3 23
105 136
42 192
103 197
195 138
4 75
93 144
61 135
77 127
64 131
42 61
146 40
176 6
94 53
112 153
126 108
72 76
167 72
154 101
60 12
64 117
184 66
73 35
195 96
82 137
166 147
116 136
175 45
86 75
123 84
31 69
136 137
130 89
184 197
55 73
183 158
199 152
187 35
122 10
180 149
43 149
97 167
45 90
67 4
17 129
165 69
19 9
72 22
3 191
4 146
29 78
157 75
30 64
105 144
172 120
51 67
128 10
7 22
128 100
12 107
93 90
192 189
106 79
123 48
170 119
36 129
49 192
107 80
11 172
180 63
171 178
168 160
190 153
141 127
143 189
120 157
172 83
25 40
195 66
112 31
45 136
144 75
42 47
133 6
117 182
142 170
13 184
155 157
87 181
67 61
176 149
33 130
101 172
35 177
123 34
46 39
150 97
106 55
159 181
0 58
132 195
161 47
38 35
63 162
167 125
97 155
102 93
61 165
8 10
117 92
4 11
81 40
44 21
87 88
161 155
147 140
70 186
81 153
28 20
24 53
181 42
191 57
59 193
194 93
38 50
13 135
0 32
159 189
104 112
41 148
40 155
68 158
81 169
20 95
36 94
80 163
66 91
117 92
82 149
66 61
173 26
134 93
30 178
179 127
63 96
67 117
173 92
115 57
79 5
91 123
31 169
17 85
166 82
29 150
40 139
108 1
139 46
12 126
63 141
178 192
54 81
187 122
71 117
159 132
167 157
111 78
112 181
192 166
137 124
72 51
196 47
15 16
101 18
42 105
94 75
1 190
12 151
12 66
14 161
91 41
138 97
64 152
175 102
104 137
108 6
18 154
48 56
124 7
177 158
78 82
113 22
43 64
5 191
195 104
110 98
63 147
162 52
63 54
118 173
126 70
118 55
41 189
159 29
40 98
152 61
166 183
146 124
108 78
62 47
64 100
33 17
173 197
126 72
147 138
13 196
79 173
27 38
169 187
2 98
167 3
21 4
39 77
87 191
19 159
154 138
160 145
29 85
113 75
0 57
116 121
45 181
15 178
46 97
179 92
119 0
13 188
37 175
187 116
4 95
151 93
80 170
106 85
197 75
31 128
82 58
147 55
141 101
198 148
106 46
85 147
69 63
185 73
60 80
6 192
176 92
25 137
28 71
29 70
55 183
188 198
87 125
120 149
187 193
53 141
136 147
186 174
149 28
193 123
53 103
130 150
109 24
102 195
43 131
180 98
182 5
158 19
122 86
191 52
125 156
42 113
47 77
104 120
179 27
6 0
53 39
152 92
151 172
114 75
13 195
109 169
11 57
66 134
89 129
178 161
50 153
123 47
174 95
138 151
180 136
66 199
98 158
70 26
80 149
56 181
188 1
80 12
175 130
91 164
167 52
81 135
171 152
76 150
78 83
11 104
189 67
131 192
64 141
33 78
120 121
169 72
139 74
197 80
174 74
124 163
20 132
86 168
64 92
79 71
111 105
196 166
168 120
150 165
107 142
187 115
82 138
145 188
19 68
89 144
112 27
170 182
154 195
112 28
170 86
176 2
3 93
176 166
49 183
111 179
20 188
44 95
166 137
77 43
115 181
188 119
192 62
69 47
127 104
124 152
74 35
125 81
155 179
156 104
63 187
169 81
87 141
5 146
94 141
199 160
53 17
98 41
131 114
109 1
42 109
191 170
74 102
198 57
108 3
106 132
159 187
147 159
43 107
61 10
188 82
93 68
71 135
50 197
90 93
130 53
130 40
44 62
101 110
133 44
109 33
177 25
67 156
187 150
9 29
61 58
123 1
24 114
38 52
51 19
124 1
113 39
181 106
133 37
184 145
85 143
13 90
37 15
22 141
38 84
78 116
167 58
105 154
2 104
107 93
70 96
94 158
114 132
5 86
195 152
4 123
126 22
50 199
114 150
107 24
170 110
33 45
172 94
37 193
81 9
45 153
102 24
69 18
107 174
199 40
155 80
170 83
0 116
196 158
18 135
80 105
64 46
111 39
118 175
72 4
63 127
57 158
153 122
90 54
108 76
80 116
104 196
99 142
38 174
130 86
76 4
1 100
6 72
1 101
132 9
56 195
108 24
167 129
159 158
58 45
10 40
134 23
52 192
166 56
169 198
150 164
152 125
57 129
65 142
112 59
199 30
23 109
51 153
95 132
124 98
