20000
20000
10560 16875
3810 3608
8610 582
5763 3651
19484 18438
13836 19745
13951 15270
7388 15846
7352 17702
1528 19994
2666 16924
4683 1873
4956 13852
6341 9812
3717 268
9458 1399
8709 5182
17172 1220
4801 5449
14418 16597
18302 17136
12066 3073
4629 18157
19786 15083
1141 10828
11517 19702
11624 6204
1748 16478
10786 19096
12695 14401
7134 8026
4497 3943
1310 6246
1940 7497
17400 15484
10166 6046
1009 4697
2613 12192
11329 11793
5721 16007
5849 17092
19083 15983
8469 7336
5998 13949
3330 15520
10137 4777
7866 1466
3091 53
15843 3750
14904 16425
12869 145
1122 6384
633 5821
9598 9942
19423 6881
4978 18058
11082 16941
19553 2314
14673 8219
2735 19245
7763 13105
17958 6565
15816 2851
4565 12439
19445 14457
4563 9131
10493 6420
7407 13064
345 2697
8213 12047
9666 12333
1948 6402
16193 19903
16311 109
13714 5800
5530 602
3627 6269
5743 13813
17127 6824
5362 3836
11740 8305
16921 9
8820 5453
19948 3339
7016 14842
7872 13647
8191 13468
19956 4171
7485 252
15009 12868
12249 14541
18829 17367
18549 8782
15441 16596
5751 16050
17424 4023
3538 18371
19652 8081
8102 11617
7778 6531
19135 1548
12298 5560
13817 12918
10317 2846
3555 15471
5961 7040
18104 7743
12942 2396
19466 2975
18143 8811
3831 5155
7379 13632
7704 2031
7169 5772
14507 1443
11581 11222
1591 5012
8540 6400
1170 10308
3014 14557
10109 14867
5886 9424
3686 7674
4202 2238
5510 14619
7756 14075
16580 15895
661 3451
10223 16675
12730 7153
16735 2089
7805 10286
1107 8000
2640 18026
7918 14778
17351 13037
15563 574
15179 2293
17845 11433
11540 15413
10911 16255
5514 10852
16567 11246
1306 18186
19118 7333
18599 9552
3388 1958
12290 19599
18439 3670
16569 15898
18929 4541
12266 11833
7503 11136
17380 4385
723 7134
6532 747
18174 375
3048 7122
16478 6839
18917 5475
13134 8663
1417 14008
447 13614
8751 9594
6599 12404
13337 18605
16006 5637
1170 17846
13478 13993
18367 12901
13227 14729
9995 4629
713 2245
12007 6449
11321 9688
2087 13287
2475 6092
724 5458
9111 9048
9141 7596
7414 2526
1989 11182
12893 9037
2908 19429
11152 14623
2902 6727
9459 320
3800 3747
13624 7191
7374 289
8887 13766
734 4668
7803 272
9267 14729
18036 8546
7387 4014
13020 15079
15475 5013
3709 9366
18673 12328
17685 19589
5493 1707
4382 5507
16643 11253
10777 16753
6000 9144
4067 11865
17341 3448
15061 13399
18444 8079
9983 2609
17486 3102
3641 2910
14971 4832
1244 11430
15294 7236
14585 3179
16113 3867
9605 331
7952 11181
3768 557
9797 2164
3564 5718
15788 15921
2378 2811
13238 12518
19982 103
5788 14740
17145 7061
13915 16955
8614 6742
9196 3160
19225 817
16861 19725
2607 6264
4207 4169
12686 483
787 1894
18481 513
9190 19367
6352 3196
18126 6549
2092 19251
8996 19262
648 6829
14460 16123
5102 6995
8452 5137
8047 10595
15694 5209
3195 8256
13337 823
5194 11515
5284 2899
19981 7869
1414 9145
19584 2633
9832 9812
822 7600
15128 16300
2613 15843
3412 15052
3323 3818
389 1938
7042 6825
5578 19254
18296 7028
16567 10542
19224 19906
6648 4015
10709 19553
742 12726
16485 12808
14641 2550
8568 11729
10532 12356
494 1042
5447 3796
18935 6523
14239 18723
14362 16389
8848 4287
14317 835
13775 11369
18737 10597
4480 4705
14011 9050
5348 906
9305 17284
374 839
12801 16377
731 8318
4094 9059
451 8794
10719 9323
17073 14507
17748 1038
14418 12952
14990 7013
3213 1141
9036 3375
14894 1311
15885 8101
16970 15905
1851 1752
8644 4069
5475 11432
1500 9642
6264 18935
3916 7174
18871 11887
2266 1267
5576 13272
9403 6813
19877 1767
18310 252
14927 18936
8788 5234
3174 16844
11724 6995
7774 11420
7976 13768
8032 13029
16797 19683
12037 12942
12383 19575
7909 1414
6830 1883
5345 15114
2622 18437
12404 1670
19854 470
11357 13357
17397 16643
17892 17420
2444 19031
3466 10700
5669 5336
1494 10925
8172 28
8382 12585
15575 3928
17476 14129
8470 1278
7860 19791
9676 15568
715 12245
1929 8546
6674 11389
221 14189
9643 10152
19367 13802
2662 8304
7140 8142
12415 5663
19039 3043
5204 4576
1940 5942
12337 7282
7750 8139
6042 12174
11477 3044
6970 13300
14817 18755
15803 18477
11936 3750
8713 14267
3033 9472
9879 5949
9175 9438
4568 9069
9124 6595
15408 8509
4952 3550
8895 8916
13277 14335
14006 1252
13456 6980
12221 6829
5376 5118
200 3426
17098 3990
7652 19872
11039 19930
522 4224
787 7266
19882 14953
19601 9071
11074 17066
16675 7251
8145 10943
8223 3305
2319 6121
8189 18400
8253 8149
13393 11083
3728 11643
14143 18338
18079 11105
10537 13192
17818 14279
7773 7204
17092 1224
19728 14471
432 6770
16768 16232
4224 10585
6799 14427
1139 14511
7083 16713
5071 13878
17069 14789
9680 9291
13128 16215
904 9611
9522 4175
4952 12516
6534 9552
5542 3026
17801 17818
927 8471
611 12202
10728 17582
7780 13486
5632 17104
3599 8013
5465 15436
7217 12988
18886 10279
4871 4977
3876 3569
13014 1555
19501 918
3875 17265
11189 2513
6472 8155
5777 638
674 3608
12343 11009
4111 9906
6198 15117
5996 5665
18170 952
10378 18468
17038 813
8444 4594
15 2008
8753 2543
4287 19823
6731 5582
15823 17242
17779 12546
7992 2397
2010 8056
15007 4058
12345 8763
9078 18230
12525 11594
7114 3494
3219 18019
16937 14544
14656 699
2619 10245
8761 15056
17433 10054
1233 6158
6243 18410
12993 18522
12772 9365
4576 5806
8208 2898
1279 16565
6799 8349
2729 11800
17955 13573
14473 19666
8105 8838
9950 6413
7001 4022
3144 10644
17143 19267
6728 15026
13365 11618
1841 4118
4543 10060
9353 10497
9448 13603
17417 14797
3092 10489
4358 1823
1345 19427
18134 11892
16233 1395
18287 12217
8911 7266
10265 18869
17823 17744
16292 3292
16119 6504
3066 1485
17716 61
18944 3241
12915 17798
9148 3495
2501 16320
1496 18627
3206 8977
16191 18763
7053 16543
369 3248
2948 10484
10186 6758
11089 17609
9105 10071
13975 17987
2227 9891
11827 15930
10935 19295
558 8511
15323 13764
9860 934
10921 19616
10702 14088
8132 19784
13623 7720
3604 2058
5703 10222
11880 10634
1233 15074
14183 7548
11168 11784
14184 14419
10458 19832
11544 1998
6217 6119
17058 4559
9260 10816
13210 15329
9946 2834
3550 2444
17833 5970
80 16351
11644 19005
10447 15686
8229 10180
8349 6001
6700 16199
7901 11986
6438 5822
406 16561
19923 15645
3284 18614
15415 11439
18630 199
15463 13110
8087 15359
19522 2388
6543 7643
8227 10890
12679 11418
17220 16683
3764 5895
4809 3901
13673 8204
17781 17437
3346 10619
18460 19832
2263 4130
7378 7097
10027 1436
16966 9489
710 5857
2540 907
1555 8387
2463 3528
17924 8850
6953 2434
19881 19258
12659 1822
4356 7654
2527 3112
11622 3897
9580 1884
9114 6705
5212 11202
1288 2789
3560 14215
14609 9249
12438 1220
7544 236
7226 6626
8640 19976
9358 1189
271 11034
12670 18955
4399 14020
12360 9606
9114 15268
9485 7094
7614 12019
2437 18369
886 4143
10655 3876
13434 18553
6844 652
16652 4655
4714 5325
5425 17756
6355 67
8239 2071
2800 5162
15167 12345
1017 11054
5813 5715
4142 1107
3984 13643
7312 1936
10450 9793
11582 16126
12876 13614
13149 16499
19047 1596
7184 8995
4939 4714
1069 5624
1019 4184
18413 4483
9114 16695
14237 3401
8132 1035
4778 11534
11911 10665
304 15927
12941 4233
16548 7257
1983 4283
16577 4069
3093 9783
19206 10929
19337 15893
1294 2152
15736 585
16359 376
1320 12383
2591 4297
14920 9394
11245 17968
2841 11427
7652 2945
500 4075
3804 14096
15590 8668
7720 16565
7585 12323
11837 1754
18876 11610
19692 16624
3895 16645
13538 11932
19829 4939
10441 15264
1001 722
4208 6627
452 16276
18610 13857
6219 10513
15200 3367
10243 11061
63 13482
19216 2724
8118 7357
15975 8163
3460 19600
5206 2523
1553 13088
17037 10945
18500 6586
10366 91
9735 18858
11820 1994
2374 13098
580 9537
4985 4176
13229 11056
14201 5540
1693 19446
5416 12265
17561 15019
3275 4815
8998 16379
5176 7853
4533 2755
16264 4718
9362 14820
1874 7264
8581 2696
8148 19521
1911 1978
3722 266
12592 16708
15940 18619
5074 14876
10426 11343
13996 17052
211 2888
104 14504
9607 6118
9672 16653
792 5159
13404 8581
19225 9637
5426 10985
13684 12514
13094 12445
7343 9476
17677 920
2348 19394
2830 1242
12578 8192
19746 13789
11174 5988
2112 19657
13005 13959
6506 9828
17246 13217
9550 11232
11926 8968
13586 12687
3515 13249
16496 15362
16355 17043
11753 15003
5245 12833
10581 10417
4023 2951
6599 7272
8258 10870
1150 19725
8955 10157
7957 14666
4439 4304
3455 7760
16790 1799
18659 4357
6035 12346
17158 7845
6189 1965
3772 17422
1867 2366
952 2743
8203 6878
18049 17088
18795 8741
1108 3039
19631 9248
1567 11410
11822 6251
15871 13518
12789 9301
5738 8532
8125 18039
8629 16939
2660 1178
8581 13322
3281 854
13463 13935
1213 18045
10901 6896
6213 13908
3843 19288
2651 17367
2331 1505
19165 15804
16129 3901
13715 2024
12307 19008
488 17576
12139 4847
4420 5599
14341 7106
6545 11420
16777 19562
19598 9001
9472 11227
18923 749
15477 11734
16806 19753
15143 1501
4015 13750
17344 4192
2343 19435
1896 4342
3443 13004
17413 7560
6806 15510
19835 3698
3062 4514
6299 10534
15597 7560
8618 11732
11282 17913
15931 17536
3518 7342
2319 994
12848 13299
3744 2532
18731 7862
3035 16797
15199 17815
17606 2192
1270 9464
1256 10114
12072 13097
13237 10009
12821 14155
18781 13993
4755 7309
19859 18506
7337 6641
16762 19998
2306 3325
966 10044
12867 3003
11615 13878
6953 14614
4257 1189
14988 12399
6912 12219
3144 16986
7419 19661
16383 17626
1714 19837
16492 15655
3973 1763
7549 11576
17958 877
5417 6718
16980 14387
9946 804
3481 9733
57 12189
9533 17111
10341 10417
15882 17756
16974 3874
3507 17141
4379 4462
6833 1310
13743 8048
15333 1924
18606 5892
11400 9149
3440 15593
1183 11102
11171 4543
5619 11828
7617 11467
10153 5945
5961 2509
6524 282
12448 4505
17096 12134
17110 18079
2679 15819
19313 3600
13645 17461
15544 19747
669 14011
17794 13643
7761 7472
12593 12959
12114 2164
5019 9025
16689 11768
5075 17985
3610 14416
17638 9690
6836 3391
683 5620
1260 13834
9383 7962
19923 8075
10939 2714
5522 6360
2312 14847
16210 7930
8182 944
9892 6255
2695 9295
739 15288
10843 6286
6777 18542
16485 5221
14493 13694
13872 7043
5491 1247
5309 16704
3688 9521
7879 10444
13278 16056
17236 926
2051 15280
9617 16001
4789 19472
18186 10120
19433 7452
11090 18889
19817 11852
15958 11961
15538 11887
8043 5547
4762 7071
16868 5052
5229 10223
16850 16712
18462 18624
14823 3567
2161 7751
12199 975
6977 11260
1673 17883
10313 4696
15309 10104
14910 5223
1828 1334
9407 15932
10645 6030
17450 15337
16784 7109
5514 13260
19947 12391
7503 17386
1923 15771
13504 12196
7472 8896
6778 335
17617 480
4102 16300
19045 18315
7679 15587
2202 19953
12600 18374
13856 19825
19891 7805
18751 17807
11407 14708
19670 17317
16163 1199
3260 7058
15396 982
12764 12091
8995 16941
3201 948
10699 11641
16591 16125
19694 4902
7050 6923
1984 2785
6781 10936
8413 6652
15724 5162
11667 16290
7079 2279
16849 17378
13719 11266
1845 11958
3746 19914
14535 289
19308 2633
4121 2731
5580 16702
9560 12931
5197 9648
6577 12078
6606 6826
6498 4231
4420 16162
18435 5432
5002 6049
11451 11975
11834 5817
14605 17045
3824 14258
14303 7209
19795 10599
16730 13264
13637 13962
7899 14323
6832 13420
19243 12230
8795 6899
13181 19747
2623 7759
1465 4234
6424 3839
13524 12052
2891 19418
18505 2235
13373 14682
5431 16136
1378 4038
7441 9117
18972 18
9906 6338
11631 1141
19977 12464
10038 1009
9477 9368
12572 709
7325 16728
6445 1913
7545 4510
12962 19207
15607 19351
8517 4196
14865 4777
17844 13721
319 249
18232 1176
13271 6021
17601 589
16377 4012
3708 4797
117 9904
5030 16694
18755 9233
16387 501
2212 9036
17265 15044
774 19011
1140 17276
4785 10482
14788 6551
16945 1314
4508 11084
18114 9801
12441 10486
14623 9393
6032 2639
10438 10674
7525 9626
10284 3136
17659 2107
19240 7388
2399 19507
10673 6382
16095 15866
19500 1501
19222 3293
12465 10616
14697 18749
2201 8072
10188 9580
5399 6635
9097 11027
14334 15870
11690 16846
17732 6187
5260 920
12938 17998
13055 6213
16007 14904
3636 12381
13685 15980
5436 9107
4112 2499
16146 18219
7009 2705
19158 2101
12863 2641
273 11676
17434 2751
18400 14817
8658 212
14064 13503
8175 7229
12465 1972
12189 10108
1107 1949
3927 3073
7750 13084
5901 16893
15521 9592
10555 19872
5227 3099
373 17321
1671 2827
12214 5696
9023 11863
16289 9147
4798 14436
13553 7166
4298 2852
11557 10648
6150 18772
3643 7517
19928 3000
12448 7555
445 1927
10944 12058
3090 16756
5943 17906
10491 13747
7863 9147
12926 1243
5139 14104
15200 12967
16255 19889
11093 18349
6077 1205
4521 8570
17307 14846
4676 12938
16918 4054
16352 17346
16871 8222
16601 16627
5743 9036
13164 12739
8871 13792
14533 18836
7588 3487
1578 12764
8679 14597
1206 10592
11341 4383
9805 1470
17060 9591
7609 16826
2951 14214
13352 7528
5696 17344
12273 6213
12226 8417
4031 1701
13328 10032
8400 15335
6059 1947
16777 13922
2639 15024
12952 6807
18365 17121
18105 13062
10610 8749
1943 8602
816 12276
6081 17527
5677 3442
5818 17767
5889 18685
4570 11008
9750 9480
16243 5973
16236 4578
6604 6942
12967 18148
7714 5011
11379 6714
12655 18684
16610 15695
17434 13796
14852 12445
6470 9695
17563 2972
6281 19983
2716 998
5743 6938
16934 19765
11160 2759
9241 9147
2030 2213
4918 411
6232 17023
5276 12826
10883 14085
3072 11229
18952 16924
18253 5093
7968 2301
16641 6615
6077 10690
914 8085
19367 8611
3346 6752
2884 8054
8369 645
16588 11693
11252 2986
1129 8886
18977 17706
4507 8050
13397 16520
18725 999
8997 4551
17372 14476
16574 12910
14687 4229
4485 5288
17945 10197
15093 8129
14431 14309
63 15210
16036 15026
16760 7078
1876 6439
16726 2624
13127 11374
3046 8359
9544 13559
18935 19062
18539 16007
13118 10305
5578 8103
17074 9145
16053 3438
1696 5533
18918 13628
8670 511
1883 12438
18315 15879
996 8227
11141 9810
9716 15719
8356 17914
19338 13342
14519 525
11439 3128
14995 10576
3947 5211
17918 15864
9351 17745
4080 6564
9351 136
5493 5357
14831 9319
3099 6732
12108 4703
2159 12221
15385 1458
9843 13407
17953 10594
11641 2065
14106 15998
4399 12926
10181 5916
13074 2216
17484 15343
13670 11509
15132 11101
17285 13431
6018 17893
18063 12334
16534 6581
19683 10215
245 5586
843 5452
1125 1649
2991 9450
10321 6463
10303 225
16023 15574
10194 2241
11306 5596
18979 18555
15234 19213
16467 9223
8790 7241
6563 7102
12736 15807
18808 11922
17386 2800
17349 6560
941 7165
7770 5341
19936 13623
5786 10675
14264 11458
2803 1319
6020 14505
637 17976
19114 1141
16772 19762
16000 2782
2038 17639
11159 12284
14749 11993
13368 19058
14834 9264
2062 6958
7366 15518
369 7251
18326 13800
15893 1024
16075 18354
19954 19415
5611 5274
13116 7791
18345 15647
10149 7219
12596 9668
5862 11941
16152 1643
9903 693
6367 8032
8891 11695
273 9095
9750 7528
11017 10460
7879 3388
1126 15959
7890 2722
11356 302
6379 5638
4857 2497
17406 19618
6880 5710
14196 2630
772 6480
16992 8252
19563 14167
6937 6441
6127 8141
15218 1256
10963 18497
5060 12865
11275 19746
3075 18002
5681 10063
12195 15634
5563 1651
7209 3320
12393 16871
16687 8506
13228 16929
14943 11611
11698 7809
7066 14994
5467 12325
4428 6183
19568 6661
11890 18232
1669 15140
15167 2040
134 18321
10057 16362
11942 12852
751 4262
12946 7173
5535 7365
4275 635
3342 1974
17467 13867
10984 7666
3014 4524
14255 113
18150 6578
14299 5803
19184 13838
4932 4263
8136 467
3220 4106
1370 530
4652 9205
976 1336
18280 1713
15570 9126
17103 3580
12814 16245
1161 19004
19117 8912
10035 18239
18674 17016
12222 3077
17358 14454
13058 15255
19935 48
17644 11168
2279 11582
19483 6602
15930 19616
12708 15346
6679 17012
16204 4745
7387 7209
13003 12622
5925 13075
9348 7532
7532 7005
17741 7816
14748 12761
2482 10257
9635 17560
12964 16693
3483 10760
3854 10395
1824 4946
6770 9114
3755 8495
5642 2987
6656 15030
11573 2880
2560 3997
11613 19811
11628 14354
9728 17755
8987 8255
1888 2670
12458 19897
8048 12178
15364 4039
8512 13494
15941 5352
2043 2153
16825 19011
19172 1640
14828 19858
15700 11382
14300 16554
10281 13050
11554 14381
19585 11764
9790 9888
3478 13823
5402 6795
2325 462
19350 6206
4741 8103
6502 4719
19687 1584
5053 92
8865 10264
5018 19620
10120 4256
19492 15720
16560 4893
1871 6324
15755 16048
2802 2194
14292 980
4495 3684
7969 19109
9320 18411
8874 16761
4221 14049
18671 3220
5427 2216
6971 13600
7132 6149
7257 3523
19466 7060
6217 16981
487 15694
10420 7824
18940 15214
17192 9031
12262 9444
14162 14736
10090 59
15559 18115
7072 14493
13636 19451
17849 17803
16726 6726
17079 5422
7331 18178
9424 18938
10673 8187
18620 16455
19495 2348
16638 7261
524 6792
14898 8950
2375 12448
4163 4801
11623 16100
12845 16517
10095 17702
15478 14648
8023 11764
1182 15523
10856 19191
19045 8796
2474 16351
18056 5711
316 2512
18913 1188
14965 15089
15948 10641
18976 8548
1007 8613
13960 11080
17293 3814
114 7245
16983 4875
7933 349
16237 8544
13402 3774
15571 13161
8991 3212
5285 12613
12347 10414
12473 6295
2897 19585
10985 13148
9061 5291
11389 1911
6085 9455
10256 1687
10586 16000
1651 17229
16337 1654
3855 870
15223 13983
13609 14224
4484 3670
2392 19537
8118 18216
5616 3901
4272 11198
18866 4888
6950 16641
1818 19022
11040 12495
13453 9285
19761 18874
2256 15582
5630 12582
14862 285
2906 4490
9354 10584
11000 10299
9695 10449
11328 14911
11940 13104
13699 19646
16232 8977
17159 7752
14143 16303
18261 11854
9885 1671
3490 13805
7257 17206
1709 16485
1725 649
1944 18329
8875 12005
17559 10833
12316 2917
12930 11709
1138 12643
10175 6678
5208 15256
8558 6923
7027 2914
9234 16082
688 596
3239 3987
12986 15731
1813 12877
17264 4235
18157 17969
5943 9061
13501 18786
16186 16447
18686 18080
8807 17488
621 2827
16538 4834
5853 7493
12404 19451
5044 15341
8988 7071
14037 9537
10853 18656
11388 11139
10689 12692
5803 2741
18420 19895
14990 14681
9706 4684
19364 7185
1764 14571
19081 9275
944 12083
12419 17429
941 17422
12626 9544
8489 879
10580 692
50 11952
5696 13032
7258 13694
4353 15729
16353 13918
468 13054
13319 11413
13546 3857
19351 18622
16295 19857
8499 11487
1949 2771
17417 19472
1106 613
15908 7716
16970 13763
1826 17258
6140 4319
87 18184
19795 7428
15541 18577
13955 4480
10417 16557
10409 14266
6905 9813
16825 12339
12272 16802
12612 3987
12265 2661
10504 6198
12861 6532
7652 13057
11772 2182
16934 6762
3182 15928
7201 17269
17425 16105
6962 9074
442 13906
10447 5578
14101 9238
195 14014
19449 3028
5741 14302
2811 1694
18973 17750
2396 18229
6410 6035
5950 15125
12904 17821
10806 1871
3314 980
8893 8551
17619 6586
16618 7363
12165 5319
14037 135
5452 18954
3639 18837
17024 2236
19613 15790
3395 8880
8195 10068
16643 18981
11917 13439
7541 11256
17144 3858
3442 18277
3687 6158
13628 15354
5322 7162
4579 10881
19795 654
675 12084
13276 315
3169 17685
9607 3577
4724 8036
9125 17843
18000 9457
281 13345
10563 2848
938 14177
5116 13704
17535 14642
18585 18012
12602 7797
9160 9634
5506 11574
16498 19494
6528 18813
7661 3143
13455 19806
13875 10218
5057 14252
4025 5331
19602 855
2707 7491
1726 106
1778 13793
9194 9327
6282 11782
14482 14543
1650 9573
6386 2267
17502 10464
7942 5223
18968 7465
3727 682
18082 18843
14874 4939
5641 8869
16167 6536
7103 7334
11168 8144
17249 436
10668 9241
223 9230
15101 12072
14180 16954
12414 16548
5123 3515
19325 8029
19343 18487
16282 19466
15617 14643
5183 8569
13072 319
8167 18254
2295 14695
5815 733
6026 12253
1342 939
16998 3005
19419 13218
10211 11736
12938 12255
17169 6399
6449 11332
5976 18202
8845 2239
9219 13619
16203 11216
3544 18277
17794 5669
15225 1283
880 12570
2773 8749
2683 5728
18904 14813
15337 6307
13710 16031
4272 4495
11545 6571
12422 2055
1698 16393
14238 15899
10226 3768
11683 245
2273 18182
3823 9287
4540 18434
8083 12948
7291 7990
19728 15523
8198 1013
3479 3329
9768 18877
8848 11233
10850 8128
3244 19338
17747 3499
16151 2905
14519 14291
17341 13529
6637 14078
11587 11062
1676 10103
14611 11672
7025 6476
19384 1786
14088 6281
11355 7403
16870 8086
7819 77
7592 14956
2817 9121
2173 11002
19094 3518
12976 6538
9695 1081
3669 17746
18386 1875
17448 18861
8316 16885
12678 15639
1754 18718
18261 9036
10603 16268
12938 14039
15907 11519
15757 13056
2510 8944
5569 19855
5644 10555
10681 1432
9350 9640
19925 19708
10376 18514
11596 18291
8017 7502
19471 15686
4504 12086
13752 17691
14109 12296
16639 15858
10461 9132
12435 1131
1791 11876
14035 18574
14542 10842
9499 11159
8889 7178
3345 2136
15400 8287
7657 1714
12919 5118
5941 7123
2004 263
9070 944
14141 19376
16912 9113
13485 14266
14673 15529
2097 10590
8496 884
14962 16133
15037 5166
3650 1531
9336 12277
11494 10232
16614 5960
9030 7596
5725 3877
11425 17724
7776 339
1706 10613
15510 11595
14951 163
15162 15139
19871 5944
19014 17514
3692 4046
18470 13026
6688 11114
2633 11220
17340 9878
9438 18512
7417 13323
14701 19558
249 15481
8547 8381
653 7563
9907 18043
2431 15724
14435 793
18110 2920
8050 9368
17887 17968
7285 3308
4027 4879
971 18629
12674 10678
9559 5116
1531 13407
9485 12790
13776 1636
6765 13436
5859 14512
14459 3039
5606 4891
6249 18121
15577 7267
18502 287
12116 13521
16802 16087
8732 9052
4823 13858
14481 2719
12231 215
9122 6655
19035 6351
5690 2839
17066 13781
11910 17666
11099 11808
18404 18182
11650 4975
10313 1430
986 15249
3707 966
14713 15198
3303 13979
17416 9023
9034 13908
17500 7226
9491 13134
17715 17478
18109 8688
13304 13293
3531 17517
9585 16539
762 15277
2939 11229
14937 17823
16047 1715
499 3221
19725 1442
2083 19743
13165 18741
3299 10625
14921 6172
12245 8103
4769 2520
9588 11917
8259 11033
7417 16575
10194 11474
15522 6881
19776 1362
19060 8268
9794 17123
17894 18419
19858 3474
15020 3152
6477 942
19744 1443
7839 13467
2849 1272
6692 7565
11418 6466
4277 18198
18041 3879
7473 11583
15737 17977
3405 2228
14141 6946
10150 97
13587 8554
8498 18462
15896 11199
9383 15685
7447 5389
19201 17742
18120 12397
19188 489
14426 5245
14462 5502
2032 4991
17695 9508
1996 13287
4694 17825
1874 1355
19197 7623
2799 6786
17914 14459
8389 18607
17825 16484
1816 4282
3223 13723
13802 14808
14861 18130
2348 7610
18789 10528
13454 11967
4406 937
3390 18141
5418 9349
12037 18579
10440 18505
4328 15701
17349 16595
2346 3854
12396 8034
15880 6493
13059 12850
10273 14876
16758 11589
9341 4202
4852 12104
17867 7106
4683 2379
5901 8500
2735 342
1426 17404
608 18349
7541 5661
18121 3250
3945 17517
15819 5616
4969 9457
18597 8576
18944 19726
6251 9001
8204 5482
7331 5000
8432 3370
19229 1270
17853 2688
8493 9875
12979 13277
17229 977
19100 933
13442 18964
6923 5770
13986 3594
844 16219
8031 6485
124 1878
9823 7608
6314 11975
28 11108
3418 3743
3779 17314
18207 5874
6290 3689
3434 2812
15743 19659
756 17859
11329 5342
8751 12843
699 4183
7559 14566
7545 3516
15086 15277
13308 8253
8074 540
970 14150
13921 5003
3427 13174
15837 5875
11877 8649
6089 8620
11818 7297
750 1727
2972 6173
12853 4747
10279 11978
8825 5856
3574 14549
7264 2457
13082 1817
6023 7186
12180 9145
371 1146
17046 5398
10098 7731
8880 13835
16291 4074
1528 11954
17643 18373
557 10735
618 15579
4059 19021
12485 14151
3619 10256
4382 2254
7373 16039
5170 8601
7026 19482
15645 3726
3355 16142
5123 15960
9989 14150
17742 16154
19529 6341
10111 5402
3204 14933
2655 3635
18795 12420
13233 13037
6434 8942
5387 13982
2444 9794
16965 17496
12560 4168
17179 5055
1761 19133
10064 9579
5441 13958
1855 13336
17337 16933
8833 12135
4193 17346
18206 3491
1435 17496
12925 4792
18610 17979
19913 6097
13730 11903
16238 13860
17656 8719
2707 1324
5970 8382
4176 2622
1091 11329
1951 6828
18320 7318
17009 684
427 1675
3763 7179
8286 9127
3219 10191
14168 11954
19291 11935
14379 6863
2315 8141
10621 11232
14800 5064
11649 14749
8980 12145
18249 4526
10429 3103
2380 14642
15177 7568
1605 12198
19721 14836
11893 8020
19372 5264
19915 11347
18134 15013
10829 7044
11315 12906
244 17989
2233 10401
8641 5256
17754 18938
3248 17676
3185 3421
4806 18955
15024 9563
209 9958
13125 6144
19911 18133
9754 12967
3640 19516
4922 17166
683 8697
15505 14823
13266 12796
13447 7455
9694 459
3207 14213
18360 16667
5941 582
3950 12653
5639 14643
432 19583
10915 3810
14348 15980
15656 15466
14795 680
15564 6957
4867 10622
1679 16726
8267 8736
8581 4164
4338 18255
7337 17207
17882 17070
2492 2907
16413 1851
524 16383
2296 9314
11405 4937
8903 15337
16538 12410
3366 7475
10779 16217
12103 7208
16864 7791
4668 10225
4705 15502
11374 14020
14871 14950
12515 10103
19756 13374
12384 17367
12857 5662
1323 18282
10010 18108
11250 16471
15092 11403
12918 8153
12091 780
9571 7722
8800 13583
9919 11006
5194 4445
19831 19337
11652 9786
10469 6486
10981 18717
18103 14068
17217 15836
18458 14065
18393 16404
12783 9795
8799 19391
10890 1357
3481 3629
13133 13503
13440 16959
11162 13955
14228 14573
10733 842
4194 5838
13399 12697
5490 3000
18673 12082
13207 9964
12187 2966
8060 12172
4092 7127
9254 5831
6805 2875
19068 18173
14733 17600
9351 3228
10539 11681
9080 12686
6901 14718
13926 5635
2922 19914
9096 14584
2418 13177
738 8005
19937 4894
1096 13087
6726 13974
10702 15434
3112 14397
5162 3447
7509 4388
17209 11967
13105 425
6228 9574
9757 5248
19718 9474
13479 7770
2426 800
11600 10602
11670 12903
4758 14631
3860 12627
7422 17170
11254 15150
6561 9162
17401 15807
7372 8676
11976 15472
4090 2993
7450 19815
1968 15487
12402 19499
7097 15427
11972 11459
7016 13280
18238 10409
15903 6835
5185 2461
15663 17518
9204 15462
323 292
10994 2280
12776 12926
5532 992
14450 15286
12731 18640
10674 10403
5573 17389
8352 11586
6652 2768
9574 7889
17238 17685
4894 11554
3165 7736
17250 19988
1155 941
9635 11853
12183 11826
15496 7381
17220 14988
8483 9694
818 16078
2546 7578
14631 12424
12861 6911
229 3816
2659 5589
9720 11274
8697 18200
4425 15990
15283 19679
15851 13398
19874 7255
5522 8145
4065 11917
9355 14771
12270 16361
8880 9905
11776 18278
15264 17037
9609 1546
6424 18664
2999 1307
13744 19321
16233 13213
11409 13915
17861 15198
10083 17938
6287 5704
5470 3014
9471 8410
121 17746
11167 14034
7069 8148
887 15729
7887 12057
348 17080
17419 3666
14155 6583
7093 6783
10084 12472
5054 2815
15749 654
12412 17507
9773 375
7523 17861
11961 14683
8915 2599
18773 14386
19951 10736
4964 18270
15337 13967
7347 7646
610 3417
8074 1258
13888 4433
9243 2378
2681 9000
12917 5713
5316 12332
13674 18982
15660 6229
4583 17950
2954 11705
18233 14748
10031 15961
9726 5860
12502 6340
5443 809
15167 1982
6560 13179
3675 10409
17915 6984
3473 1146
16526 3757
6246 1120
13923 12059
13694 6354
11463 15850
2309 14532
4805 14076
3841 12126
2349 6783
18930 2352
10795 11174
13208 10751
17304 6062
9912 3822
10369 3103
18245 315
13012 12776
9574 1318
4437 12464
6881 11151
18678 17306
10197 12292
12342 5030
10578 11378
3849 10853
4683 3042
14972 2005
9185 16360
8063 13182
8872 6359
4254 8307
2558 2488
16133 17093
5656 1067
16752 1051
11966 1878
18086 18456
16036 19667
16408 5362
13932 9948
16419 14030
8278 14140
11982 3449
7218 14688
19127 18266
15226 14953
15285 11535
8108 11855
6778 9575
14009 4328
4135 8326
11844 15475
11809 13209
13735 5902
8930 16622
2571 6418
11361 16299
9929 3142
14252 7281
914 9189
2 16166
13890 12646
1969 19584
9497 11894
2750 19760
18022 2460
1319 1711
2899 7288
6863 13377
19348 18043
17136 7874
19013 13161
2383 19040
17624 11367
10124 16503
1073 14911
5099 3434
9105 10875
1463 265
16439 14827
18004 6390
3782 9464
656 15940
7428 6845
1288 1016
2264 15750
15739 677
6168 3072
12892 14179
2545 9383
3158 17707
7491 4385
2289 8605
9929 17016
175 12866
5765 5125
7145 16851
767 14238
16750 2507
8196 7643
3248 19837
15130 7034
9817 18176
9642 16195
1312 7042
15292 17822
13063 7403
13231 1718
6262 16476
2631 13699
16522 14411
13002 7860
15254 7750
4491 8938
4075 10979
16859 5671
6208 1419
17550 6824
3455 1568
14147 17910
11724 16951
10307 16275
4198 16663
9847 12026
1061 12387
2019 917
4815 15879
7442 19425
14514 12847
16314 3546
15011 5012
15026 6401
9441 6664
18504 3689
18029 15951
14962 11340
6246 10753
8514 635
2770 9073
2763 7939
10358 19284
12383 14400
18498 390
16891 9939
16061 11852
7509 8956
7382 17204
16809 17813
4944 2020
1157 6942
13717 3371
17344 19056
5069 16245
4811 321
10569 16717
16825 549
750 18528
19962 9879
1710 17959
1919 10593
12322 10737
8942 15719
1811 6922
7416 15675
5131 18904
159 17653
11082 1198
18393 3016
4162 14752
4361 2098
2840 2590
8548 12631
6398 8045
9289 1710
17357 9714
4779 2031
17011 1654
18339 2043
1187 13792
9274 4473
19900 15367
1729 12296
5293 17526
7706 12626
8049 11225
9583 16847
6717 15307
19658 11507
15072 976
6911 1782
19628 8452
9298 11043
16273 7348
7183 1632
9996 17399
17333 2795
11597 19797
7296 11965
19747 8388
10661 19047
2092 13566
19755 13481
9139 220
1976 3217
10659 4512
7728 10841
6778 16867
8347 7985
19722 465
5274 9495
13212 1861
10520 12384
1542 878
2312 7506
11469 15563
17382 18886
454 12668
18096 16838
5877 1967
10794 7261
15572 12167
1296 2987
1363 8781
11178 3706
2483 4655
6341 4200
6143 16226
8744 7176
13998 6285
3504 3494
15857 8135
15519 16106
1323 3772
4331 311
8241 19843
1147 2429
17393 18569
5522 10312
6827 7809
17402 3666
524 16280
3809 18161
1649 19167
2030 3347
19753 18595
10741 8853
6124 285
6461 11805
10225 8922
8805 12620
3842 7824
16846 15917
8053 1824
226 4892
18965 11460
1835 12017
1513 8795
12399 13420
6997 8023
16863 15855
12500 5882
4034 11358
13202 14780
4808 16899
3105 3148
5801 11895
12204 17114
5317 9513
7652 1097
2195 1771
11738 6493
4329 11892
19338 2860
5832 3494
17921 11041
262 9247
3352 12660
11501 2861
6960 19469
18203 18280
6928 5823
2693 14502
1568 7548
11787 2473
11250 16008
2873 8160
15350 3364
9822 6197
12690 17317
19534 3908
2398 18818
16420 5068
19637 3526
11178 2394
14193 1443
5799 18291
15576 3506
3494 6561
9213 6561
11559 9768
10543 19327
7457 6038
12556 7692
12008 7040
12866 6604
17124 6327
835 9643
9368 15886
11178 5251
328 17059
3424 18309
2492 14638
6053 919
5563 558
8482 207
12602 1396
128 13574
6894 6319
13546 68
15216 8049
13442 11979
5984 11443
17407 3816
4359 17308
18229 1642
9819 15868
18370 15888
10288 19156
11052 2287
19249 8977
10022 842
13349 17811
1402 2807
8514 16040
2507 6980
14707 7591
1471 5813
7546 15861
11781 3514
18130 4211
1759 15274
6685 750
7973 2446
5502 14962
18160 19585
6904 10972
12238 8918
18566 1102
16775 5146
1533 2039
17913 7731
14598 863
1500 9315
11110 11778
8116 6067
2794 7
563 17429
5005 5390
14268 13726
2568 19018
1936 18111
11456 15705
6484 12470
6834 10677
14751 16266
12525 1545
4482 599
7212 9210
886 4409
17254 16034
4332 5137
7741 13332
371 3023
6101 11359
2072 11828
628 58
7811 569
11707 10994
5270 9314
2489 19941
11158 16478
9490 2444
14579 15350
5372 18707
11693 13309
15582 12503
3212 18197
3763 16839
10164 15025
4134 8951
12061 4333
15485 444
1165 19744
16175 16133
9819 10198
14426 2720
15066 11626
11045 3990
9336 6044
919 8221
4387 16657
9213 13342
19901 5297
1533 13265
10365 6248
7849 15058
12621 12414
19551 1917
16405 1447
10047 2492
4258 18951
10811 14322
15735 19486
17937 4020
14827 14954
1648 4983
394 9132
10327 7581
18988 16279
15852 2841
13640 15749
17771 5546
4591 12812
12417 10420
16242 3104
12638 9096
18571 9914
3363 7140
10742 14689
11876 16771
19179 14304
9098 9495
17589 17711
1065 14130
5632 4884
6238 12139
14605 3857
15880 14188
3342 2026
2645 7328
465 3492
6294 2412
7080 10846
3034 2391
941 140
13632 17766
18073 5182
18226 1729
11904 17465
10206 9574
19183 10844
3619 9159
1626 18399
1621 14956
3461 13469
5636 10547
17735 18645
6819 2375
17241 3208
1905 8940
8893 13905
10280 3651
12268 11527
9920 1278
7733 16397
3099 14109
7483 1351
8718 13915
13380 8394
8004 9320
18636 18775
6398 2110
655 15861
3425 17075
17013 19956
11727 11256
17333 19130
8639 17472
12993 10019
18021 12366
14573 5786
11108 15062
10177 4374
970 14566
4226 18396
13651 3695
7017 17802
10669 19920
17035 14499
13662 9592
6292 9785
13870 12724
5028 7676
6914 19250
19694 16282
2102 3001
412 19163
6349 18540
19144 10764
7101 12466
5281 10001
19332 10178
16897 1120
3600 15258
8318 17535
1774 8036
6843 6605
13173 17587
1872 19409
4693 2510
4129 10413
17766 12396
17834 18551
6667 4146
11923 4488
11823 10518
6453 17913
14345 5811
13209 18461
19170 9808
18967 12310
1200 12977
8592 10805
11227 16682
1172 2536
19675 4215
4427 96
12366 803
12414 7907
15347 18971
12943 12284
18697 16685
11362 4864
12934 4904
18489 7201
6903 3036
9474 13965
6918 13889
14050 3978
2016 3038
14059 12583
47 3181
1609 7057
10936 3193
3566 284
4853 19514
8241 19948
8011 6670
1260 11816
16154 18133
17599 6802
14747 15174
3744 11456
5885 9339
16503 652
8224 11666
3036 17510
2612 6791
5479 378
4945 5982
11883 5172
1073 19968
12065 3102
5644 15340
18437 758
11360 13192
3422 2878
12785 8233
8264 1438
4351 9338
9193 12000
639 11250
4777 4798
10455 4534
4895 18833
9219 16557
8191 12583
11177 18873
8746 1132
5869 9487
2370 16204
7608 499
10217 4142
11295 18639
17400 3672
8581 1730
7591 6555
3328 19079
9638 8399
1695 3939
6286 1632
14367 18952
13282 9689
15354 15228
19138 8437
19760 11094
7149 12831
16430 19109
8290 3339
9151 14986
2232 5123
37 13401
2645 7726
16071 19744
8059 12799
391 7711
3065 14091
15162 14516
5185 1098
16363 12842
13648 13573
18236 18123
2864 4280
412 11748
9791 2641
17500 18177
5484 1924
4572 7615
16355 10007
15223 6560
4431 5978
10869 14743
1497 9247
17407 16349
17935 6591
2928 9634
6138 2478
13352 494
4401 13134
17441 19592
9237 1136
1858 6704
10336 1077
1673 2758
2534 4276
9019 3861
17067 9190
11456 10354
12241 10516
4220 7807
8280 16806
12358 6766
17249 2654
17421 10118
6735 18443
14025 4478
1106 5909
18253 10439
8639 19760
19460 4424
7285 19643
6332 18571
17061 19675
13062 4228
2853 5602
15122 684
9496 17590
3027 17860
9196 12800
14545 11921
8217 5318
15218 13895
4214 10587
3150 15919
4615 10460
3653 1941
14600 19921
119 10625
16347 11370
11383 11596
7500 7588
12557 3447
14418 13136
17282 2204
114 17428
10337 5787
6926 11649
7015 7147
1058 8693
64 9926
16825 9217
16329 8984
19668 10989
9783 4396
3962 8444
9309 544
12292 16733
12114 8445
7960 10293
6214 16939
17693 2798
19923 1107
12386 4115
12574 16296
2870 16181
13023 3243
11751 11819
2740 6147
9800 5798
16834 4131
1165 2158
259 2194
15436 17476
7720 17055
871 14881
5416 520
4626 13091
4974 17206
10170 19966
8808 11974
11635 13082
14169 16696
5214 6801
19826 18735
13455 753
2170 14796
14626 18972
16034 3728
13659 3169
2150 4763
8391 5230
4310 9572
443 1035
6822 18283
5188 19349
17936 19269
14238 18514
5182 5721
18322 3576
15711 10817
1871 6761
16259 18401
14200 14242
9707 288
10672 8465
18973 13626
9906 9534
3087 1847
3387 5898
14793 13534
16328 5523
8139 6846
15972 11668
1163 14578
3025 13042
17442 17899
17839 17596
15100 4114
15558 7811
17693 13400
12175 4955
1100 11507
19326 15197
15968 12074
4375 830
13309 4227
19636 18689
861 6890
7977 19415
6949 19721
3173 4100
12388 936
6696 2488
1745 17169
2461 9136
14606 15019
18438 1334
9924 15919
498 16983
16274 15586
7883 5232
12186 5434
11004 13520
13676 8092
19546 1793
13738 7304
16397 12009
4423 3627
5144 10611
12555 1993
13674 7171
5948 17492
17014 13528
4867 16642
7157 7824
10236 4344
15824 195
16856 18424
18395 14293
84 9819
13813 15925
6885 13083
987 19382
10226 499
15524 16040
14973 2710
11228 8474
463 8390
19298 22
6084 14502
8189 13805
13942 15362
1442 3398
15134 13410
13230 5899
4644 17230
19038 8314
18804 15583
19825 15557
4940 17921
16982 2340
7620 17802
18818 13086
19038 18933
4933 17081
6846 4472
12275 12224
10344 9400
1700 15786
16937 141
18218 9803
17765 11762
3260 15274
18566 4317
17965 10070
891 19314
18975 14837
17668 18949
6352 10781
18410 7078
3004 6314
19457 14659
13563 18173
9112 2528
11522 13975
13290 17899
2218 19633
18328 8160
8053 14647
5101 675
4197 15199
1586 14400
17523 14834
9884 11115
2141 15072
12347 9143
7219 8356
10945 14289
3603 6746
16485 1727
14487 15061
2807 15647
16741 17926
15568 4243
15359 2986
17313 15253
13747 15644
11583 1380
3852 441
16090 16198
15391 14052
4804 10131
1727 13827
1252 17138
19377 13499
3208 4673
16082 11647
16016 14556
18141 5907
9973 8354
7876 9569
2778 13052
15458 3578
1400 16299
18895 5819
14146 17599
4125 1998
2961 11280
17456 19752
2316 7170
18371 11529
12329 12282
1539 13607
18227 10567
1839 12228
15579 266
18955 14774
7618 816
6748 4081
13056 3278
18078 9743
14003 11311
15361 10433
13156 4191
16173 12954
16220 9983
19757 6608
2082 13850
1105 4948
571 1168
868 2545
2977 871
479 2594
4049 11145
1535 14779
11898 1179
14314 7384
15822 16025
9446 17271
9041 12929
14138 6763
3802 3413
1707 7059
11836 6466
11189 4432
2836 200
595 11208
12589 18616
1203 11739
4856 6821
1189 211
14569 11130
15979 8266
19356 4533
16174 13989
15629 16578
19165 6738
10994 18252
17353 17998
5882 16853
2488 8420
19165 11053
7603 2659
14159 17717
9414 18714
11 12640
17533 5928
7501 6481
10268 14496
8866 11156
13391 5672
19542 19486
5299 13209
6630 387
16237 1951
15256 3185
4908 19368
11447 6648
11696 16493
13731 13243
9541 7590
15682 332
14172 13124
1329 13735
17368 16184
3537 16989
1484 8800
7021 17630
7586 5943
5099 8049
17029 7364
2147 14584
14212 8650
11440 15792
1615 18801
2671 14922
17440 5534
17965 12689
17383 3454
14317 18520
3880 18079
1806 299
12143 1413
19950 19823
11434 11407
4154 3677
13166 11194
6356 15853
3470 10276
18388 5589
18714 12289
12186 16662
687 14752
5669 3682
18673 19674
13694 16165
11301 5713
9873 9029
6917 8143
748 13888
15978 17215
12849 19939
9569 5874
10993 13264
5605 15071
10073 18109
16714 9949
16605 12425
15996 18473
9924 12396
13724 1521
15639 15383
8580 14971
9870 4941
12423 18341
18728 6587
5693 4441
15027 5865
11805 9822
16880 14
10391 12264
102 18690
3694 3335
3903 3565
17369 18229
7602 2970
4002 15015
11239 17499
9317 18868
3225 16730
3436 3310
8812 14607
2120 2775
11617 10150
7092 14430
2022 1371
76 8648
2590 1753
1544 17202
4307 3888
13048 8236
16952 4904
5521 16163
13720 5345
11116 16979
14029 16185
14815 4109
12877 8245
12785 16252
19458 8595
3112 11270
18251 12832
2430 11091
12951 6920
10240 2020
10282 18895
12306 14270
15760 10084
14990 10638
9020 14974
12234 17302
4090 3380
18273 7063
9159 1159
11490 1444
9079 1518
16946 4018
16346 7173
18866 12944
15017 16027
12155 6349
9438 17134
15086 213
15762 15599
17552 5098
5426 19381
16927 5171
15280 4531
10958 1460
8866 3429
7718 14342
14435 14161
1529 6424
9448 13859
18636 8332
3924 528
1179 17312
17461 10562
15237 8074
2684 16447
9569 6183
3605 6890
3163 19151
7023 3376
2590 13509
6730 2450
5840 5758
15736 6055
11231 1823
3274 4555
6444 6861
5323 14403
10131 17178
16610 8442
10173 2572
896 19141
5081 11834
6785 15601
7366 10725
5134 12437
16174 16170
718 13543
12222 6449
11074 6701
10219 1249
19310 3313
693 14823
16360 12068
18666 9632
6874 9230
2456 8332
3598 12773
16393 6676
13667 18905
17772 56
7920 11318
13545 8062
11560 4222
7624 10348
15862 13725
17867 6432
16300 19953
5169 6174
626 11433
13521 7591
10106 12833
16163 8729
8104 19859
5311 8169
12631 18256
8533 15983
5539 18888
670 6382
18679 4159
7175 6333
768 19524
6373 11804
688 19471
14471 15492
16784 5378
10426 11406
10803 2266
11576 17962
11679 5567
284 16602
5521 10767
4415 13294
10009 11806
7779 10655
4381 6112
7796 3732
843 4507
14146 8945
8984 14104
9187 3944
1876 9593
11498 13679
2548 2406
14003 11499
19686 12091
5211 14315
8719 3828
17729 15503
1107 3781
15014 9192
4834 3568
19146 18208
12875 9330
4579 6981
3086 9503
13464 4214
19301 3859
10559 8305
5823 9949
783 11510
17095 4622
5960 15238
15251 1893
15805 11631
2642 19281
15939 19134
375 8092
2322 10885
12508 11225
3310 8992
14059 12994
11200 4753
6479 5434
16652 3483
3253 849
5019 365
7180 3608
7000 6780
14070 2463
1192 17861
16891 825
1120 1373
10900 4913
6576 4511
2212 17124
2137 18408
5151 2294
19881 11244
7451 11415
19497 2286
3121 12652
14801 3084
12888 6396
18256 12540
8946 15140
8556 1623
8925 10695
16194 2027
5885 11066
3071 17418
7263 17403
71 13926
2707 417
11187 11313
19959 15772
15956 18058
10637 18618
10515 18510
3904 11313
6148 8473
358 8275
16214 17676
6137 1655
1290 17897
7435 19219
12262 19759
6030 18876
12117 2582
16505 4048
14248 1223
4359 13448
3878 6332
13408 19147
11240 12247
6708 15661
3958 8800
14791 16563
19625 3936
14538 11646
17826 6373
3551 16472
1696 520
19535 13261
8545 4031
18516 18761
2971 13985
14644 6579
15495 7064
615 6839
186 5084
13868 13938
17602 9934
11907 130
10388 9801
4674 9566
7579 7940
3266 16913
10767 905
12803 19360
16873 1597
2009 15182
4470 7977
19256 19266
14633 2660
19783 808
2547 1565
15061 5928
14242 7891
10094 1875
18049 14141
17377 19967
14490 10836
12240 15995
6 10684
16090 14014
11505 12216
8984 16119
683 6882
17581 5327
4195 16686
8849 4038
13028 8712
17602 10286
1689 18772
11969 5757
17305 12686
15088 9996
4866 15274
11044 2572
8677 10396
550 18651
8516 13744
8658 1993
3196 9529
15165 12938
5777 12398
9226 5129
19583 10406
12302 1705
10590 19530
9370 6706
16787 16737
3460 7107
13473 14171
13250 18012
7692 11521
17035 18215
15777 15090
2302 9463
1341 15686
13557 9498
7944 1365
9033 17033
19516 5151
6814 11805
12923 5663
4045 13792
1082 4621
12495 13882
18052 726
19876 12044
17271 3698
14128 4521
17520 13347
7790 13813
8638 8169
4203 156
13013 14342
12800 8854
2597 15936
3311 18538
7834 3519
4312 9473
1199 929
10286 8027
13037 5741
14348 15335
16388 155
19210 13941
18641 19169
10595 14334
4983 2426
12074 699
8498 15532
3528 1800
11522 17867
17347 12945
6567 19988
18776 4734
9922 9770
6487 15214
19303 891
966 11201
2405 2260
6862 16023
1936 4427
10212 2279
15321 18180
13654 192
7097 7718
12952 8803
15270 3160
11051 892
3655 3837
173 6462
10897 3924
19014 15523
5253 6806
13314 4106
5634 17942
599 10463
11359 19910
5938 14020
7612 5203
9507 12713
7817 7854
16389 1762
3823 19192
19040 17701
1269 17752
7936 4826
15001 14476
5312 17381
13402 15945
8756 6579
2310 13979
14999 3388
14678 6412
18374 16368
18260 18142
10806 11659
454 672
16786 6136
13428 1791
14173 2678
13261 13120
5058 8574
3933 2050
3858 19753
17935 2243
15655 8458
4821 5110
1925 18123
1041 10293
18830 14567
2936 3941
11412 15599
4991 1858
8903 19004
8136 17621
17390 13351
9591 16163
11283 6643
8502 13884
4986 5703
6382 5463
18415 2476
3503 4172
554 4782
9073 15890
4481 7677
6064 1794
16560 7159
15611 985
6844 148
8601 9699
3122 15406
313 4858
7910 9078
109 15377
18697 5309
755 8343
16970 5276
236 6828
4603 18986
10361 770
14172 9468
10816 10949
2169 5561
10909 2026
11354 16282
613 19481
13605 1837
19504 13149
2960 9084
9683 4323
9819 11798
11621 18932
17370 14498
8085 8507
10497 17446
7196 1384
17221 8621
17155 13569
7817 10724
14295 433
15162 5844
15206 18786
15565 9937
4672 12991
15587 6645
13640 15059
13210 15031
4180 9563
7735 1786
8424 18679
11677 14600
7784 18865
17646 14015
11439 13624
12083 3870
13606 1599
7087 16694
10003 15132
3000 11648
17767 7902
19687 9974
16238 7591
18446 12261
15682 8926
4350 5095
1960 1722
17635 6127
1161 9030
14094 15925
9663 19909
10587 5831
13243 15748
15898 6798
5364 7145
2032 2819
3432 1779
8900 10225
1967 9220
2181 14868
789 2949
11011 16763
13711 6859
11174 19460
13882 384
11659 17973
4554 12475
11555 18695
1980 11331
19542 10516
17084 15706
2673 8270
15280 8356
12413 12427
17310 18117
2315 3115
17120 8508
4867 999
12862 15872
9279 19851
521 3450
19958 9271
19725 19839
4186 9614
6259 240
17297 16724
15560 6510
19382 1964
14168 9774
16847 3683
6190 7278
19249 18638
12440 2358
14845 3548
12600 2276
4199 10383
10100 13096
6718 15859
6525 13963
15633 6042
13168 3153
1070 3014
6681 19181
17863 19405
11984 464
12849 16465
10323 18966
7766 9815
11721 9673
12682 2538
13648 10307
8847 1921
9465 5627
2875 5782
13181 13584
16724 17044
8502 15208
7622 14779
2460 9556
14141 14630
2855 13410
10083 17104
18860 7063
546 3344
19014 13031
10887 6368
4871 3648
9301 2468
17281 5240
4138 3140
18677 14360
4941 4571
72 13512
3288 8283
15144 283
18668 2762
6550 1461
15948 664
8513 12782
3322 14148
13459 7188
19988 19818
18486 5244
10581 18370
7389 3201
2905 14696
17139 19066
19699 15866
7875 15942
1898 3028
6536 18049
6713 7616
8725 4379
4269 2949
14280 7404
1766 18169
12728 2707
15502 17415
12574 2757
7882 4029
9447 15710
2690 14516
9376 9531
12730 10499
7567 7473
2982 6435
9249 19468
3471 14445
9816 600
14935 16054
5137 5480
11241 4880
19672 10098
13415 2161
5080 8457
9014 9007
14057 4761
2943 7621
15434 3034
11196 1249
5937 11719
19213 3410
3547 12702
3416 3571
14484 7925
3096 3093
15844 18419
14976 14790
6132 19031
5397 17904
17147 11586
17130 12665
8360 19463
17658 7459
12710 6781
11435 12376
18686 16548
18291 827
932 5960
13841 6903
16815 12842
17744 18904
2964 13393
19064 11671
12615 2886
7096 6847
13543 12772
14886 16698
4732 11180
2929 19334
11466 18957
17427 5832
18528 766
9749 19307
12848 13550
3826 8820
5091 17912
5478 7317
3445 7248
16793 2491
1353 3898
4632 11242
14387 4673
4558 5678
10408 2685
4763 10972
10828 2480
13170 19529
10090 7583
2057 13859
3915 13636
2280 6103
15295 12023
8340 5790
18849 415
11171 12696
3402 15618
16817 9405
16994 8948
10827 13570
16210 18707
7265 10518
10103 1856
1819 16648
9604 8180
19800 6506
3877 2334
3561 4430
4892 7074
15787 17916
19208 6802
3121 14228
6147 15204
10726 1424
17483 11580
14250 14398
8732 3387
340 10615
13305 9905
10098 11628
16972 3484
13021 4770
1846 7589
13708 16833
13711 1344
12364 17495
2495 5186
3613 13129
18370 15535
2260 16406
15089 12543
6710 2630
19569 13079
10933 10868
17474 16524
7559 4040
5110 9454
15651 5602
4509 2796
8196 14073
18135 13859
2370 6911
17563 13894
17582 14016
16311 17364
5210 12379
8428 17105
4833 7622
2033 3232
16814 14797
12191 9025
561 12210
5408 11518
18158 1996
7266 19557
1042 2540
14369 5078
5316 9563
7379 2430
15607 5967
2258 19195
15351 2531
19484 8500
1554 8320
1145 18289
15798 2643
5043 7717
6223 19403
8327 2431
6703 8632
422 13529
10496 18513
15790 8728
2926 18843
1868 18098
13740 11655
8527 18405
2390 12663
10654 8693
933 10588
13713 1401
19398 6785
13117 3812
16981 13609
12654 12715
6141 4549
15663 2418
8578 13067
13296 191
17974 3496
14966 17868
19589 4127
6051 18969
13422 6964
15423 18966
18123 6406
5942 15206
3053 4914
10172 11078
16957 128
13705 8816
17131 6421
11004 5783
9921 12179
8946 16359
3122 7440
6049 15718
6418 15479
15265 12124
18954 7304
5701 13251
4148 15020
16927 19120
18826 5112
18145 12769
9605 11060
4836 754
1387 10879
13269 6780
3008 9289
14529 1678
1382 7411
1047 5923
1044 19887
4313 1102
8975 715
10335 2365
19073 18522
7277 365
11341 15782
2644 4344
5480 5474
13566 10343
14110 17408
1753 1450
10790 11820
8434 17245
12775 14253
19517 13964
4404 14495
5663 10297
11721 7628
229 17814
2892 4377
5569 1093
1816 9587
17716 4709
1778 16338
15605 18983
13057 8088
9812 3290
2241 19004
17612 10452
12524 13251
5043 11142
9584 1466
15737 5267
2876 3337
12462 11042
1499 4109
17139 9944
2573 9633
16135 16982
10048 9590
13955 11325
3238 2096
2550 14105
19309 13940
8018 9250
19225 9279
19547 4468
1935 8108
4556 15634
13852 17292
18541 7442
18789 15518
11806 3992
5977 1669
11563 17503
16940 18320
7820 8036
19933 434
19020 8626
12468 19411
3403 8050
4011 16217
15407 10395
11339 7523
15211 19081
18712 15613
19571 12771
14988 12399
9864 11314
8320 19016
12912 12169
7214 2362
6340 6470
12154 9145
8766 16379
9150 6596
4272 5826
17276 13467
5011 18735
11996 8393
2140 16639
10101 7074
6997 3878
978 8747
3321 12564
8754 19003
13847 13296
3189 10227
1745 17039
7267 3919
3307 8940
16127 12923
11130 7261
8395 6702
17109 16190
17847 3409
15581 11350
18879 5613
9519 10920
13084 1663
4562 11776
8361 2767
7257 11291
17866 2881
873 6074
3968 5505
1795 16538
16786 19476
17196 17520
18211 1228
2128 12221
3840 17070
18415 9770
2378 9127
9493 1937
2086 16605
18455 182
9686 6418
13947 10303
6503 12055
16527 13393
6489 222
1962 19769
19143 4234
4301 9281
6699 19270
11707 17207
2105 559
17007 10745
11718 11390
6590 7323
13588 14677
2504 19573
8877 11180
9610 19512
2276 8573
7587 15806
6449 4076
7982 11165
13605 6597
546 2409
18210 8595
9601 17328
4066 12949
15106 15605
15556 19939
4971 12326
2712 15109
15088 3137
5498 1103
17113 12228
7559 18168
11758 1140
2156 5826
4399 18562
680 12716
14733 10825
16933 16238
12998 7240
13147 4307
659 329
19775 18483
6656 9822
10580 15756
8253 17654
18200 1203
18828 18340
19412 8520
10309 9620
14242 17711
16144 10949
195 19133
6705 18501
19186 18305
889 7303
1221 11219
4672 2945
14939 13939
15485 8802
12792 3293
3514 14522
818 14239
4416 7589
15623 9177
9812 5304
2060 13923
9878 5274
5747 5135
12559 9162
10886 10144
18050 13958
16506 11532
3090 17294
19180 9488
18521 19701
9636 13477
7837 12803
11353 9814
18688 6300
10337 5063
850 9059
5186 11998
4329 7665
18312 3927
6406 5307
12202 4026
16613 19697
10565 15904
17814 7716
3725 12051
4130 1812
10625 16506
228 14311
6257 7103
14603 3425
17405 7641
10027 5919
4510 12394
8596 5113
7401 16622
2017 9624
3507 826
4894 19263
9417 10677
14283 6871
20 19379
9827 10957
19756 5537
8224 3298
18293 19460
779 11079
361 13231
14847 274
4123 4076
11329 17340
4615 18959
7831 18887
15120 9268
2811 1517
11771 9153
15565 12265
19062 18088
15811 10372
9120 10441
11906 11045
10869 2826
6732 19301
17016 13399
3812 13384
5093 2242
5213 6565
13070 17380
7909 9185
10855 6920
9638 11968
19476 19445
7720 2145
8394 16452
5033 19805
8605 8949
13133 19856
5667 11883
10733 17907
11743 16589
5683 4372
7385 4679
12489 14118
17367 13008
7198 13410
4622 10772
2557 536
18670 4776
14943 8293
17944 17984
2878 11683
4005 9054
18672 17304
4401 14988
8803 17438
4902 14787
3864 14575
3710 9826
9793 5532
3746 11142
2635 13571
2460 18084
7112 12559
18837 1444
13748 16526
9291 19786
8060 18186
19083 14192
352 17504
14285 5537
14599 19335
5239 16335
3155 1605
19269 16964
18137 19400
911 7794
15958 12603
9467 7567
9848 1941
14981 19341
3799 7131
3553 17257
8151 7004
405 9567
17188 12623
16286 648
7015 18918
10886 8063
7427 19691
9072 17863
18386 14721
2165 9550
19732 17640
6361 3881
16493 11317
1533 8741
19016 17273
12188 9517
9717 3307
10384 14949
8446 15914
19119 17781
4273 13412
6017 16755
3298 5632
1230 10226
4193 8784
15506 2411
14121 19040
19523 9422
11183 2
14478 4407
18362 43
17995 13961
3322 13719
3257 7890
2537 13278
10537 8580
17958 3398
11741 2655
9073 15284
296 17991
12450 12047
11561 8803
14059 15217
16379 10831
12462 16313
9315 2717
16296 17831
7708 12207
6215 13364
10528 7851
9698 14449
14895 2297
1214 11905
2919 16536
12360 19399
18578 7912
6300 17471
6765 19500
19179 2036
19774 6801
17687 6991
615 19091
3156 12902
117 2761
18643 9900
19575 11127
3260 14270
1731 4007
9176 5101
10922 9594
10438 16438
15379 10185
6844 6564
15960 7967
265 10176
5761 1702
18763 4932
19905 19386
3744 14929
4464 12882
6476 6270
10774 19096
9030 6346
5954 16587
12509 19388
1977 19637
10144 12245
3494 5604
18884 485
17625 8176
13780 11620
3251 18687
4926 9876
19589 1710
3433 13826
10160 228
12123 18016
4120 16361
5523 3036
19048 10834
16892 11057
132 10337
16170 4847
8756 11815
18156 2745
2454 16609
17405 8109
13262 13780
4890 1220
15086 9990
9723 16154
8962 13743
4603 6477
7070 16604
5890 15726
8092 864
2189 16987
7971 13580
16249 1508
14786 12702
18791 14725
9628 17129
15585 15099
14732 3112
13094 5417
13714 18520
467 10326
12380 19784
3838 6753
12084 7111
6993 10020
4778 4042
16375 19694
4685 11856
4723 4251
15433 11277
3356 16292
2504 10022
14342 13968
14583 3141
2955 12772
18228 9961
7545 2789
17867 16763
19691 5021
16428 10568
14443 4705
15353 4945
18979 18910
10688 7324
10088 1523
10 16858
12800 3948
17179 16084
13284 18408
10194 17633
19561 5702
3200 3391
11448 19647
19093 13979
16578 2797
1309 3359
6437 14188
11402 18853
16334 18172
9823 11058
16217 7704
5686 7262
8184 2019
4367 4304
5822 13427
15529 8554
13929 19860
5843 15239
16306 7530
9947 2295
12235 644
5979 10677
19060 13363
3678 16805
3029 2405
3238 343
2395 10289
16357 9482
11549 1306
18202 5417
7235 11365
15425 726
16394 5037
3753 18951
13421 17166
19669 2805
18968 2174
18273 17448
11590 15978
11923 17504
17601 18208
2562 9821
4022 9017
18366 8209
2278 17058
17688 17388
2235 15819
19885 10424
2526 359
13156 4762
10148 4099
8615 17157
5489 19713
15695 6995
4599 2928
15241 3434
1227 15492
14287 4584
2008 17071
16352 3514
14472 4856
13251 11674
16110 438
19199 9841
9683 13244
11073 17684
15657 7839
12217 17181
7671 10606
14265 13531
1420 9544
7174 639
7933 4446
2996 9259
369 6240
5208 705
10958 14410
7693 14172
18506 13746
12246 1102
4671 9525
4008 12669
7057 15503
17115 4642
14560 16505
11388 10018
6009 4215
1626 17866
1880 15158
3040 19190
3908 4681
17052 14782
13816 10720
2275 9412
16785 7739
11611 9974
17936 14546
19792 3076
3312 11580
11748 1232
18774 16633
9067 12376
17820 15828
15756 14799
12598 14360
868 11817
15662 10646
16678 3976
10730 2411
9063 8814
1056 3062
19606 10803
954 7854
5588 3769
3268 16446
15703 12344
14707 2470
6497 4982
15656 13789
13425 19815
15022 9456
18471 19583
146 4547
12597 4128
3241 3148
4117 19750
8887 12426
18823 19625
14635 58
1384 10900
4789 1004
10468 13178
7477 17240
5405 6408
5931 9674
16005 5651
6170 11378
8343 13146
9298 15700
15143 10238
15914 5784
11592 18848
7155 18510
11352 9646
3390 15981
6604 4657
18715 12019
12372 14357
15847 7114
16355 11069
1299 799
14874 17714
16968 18714
12590 6845
5312 6006
11191 8321
11890 910
11613 5108
7979 6174
9776 15251
19217 11603
17926 11521
3196 14626
8138 134
6269 6156
11341 15918
9813 15508
3202 5670
4697 335
13956 133
19791 12025
14064 12051
456 2424
17317 233
13891 17816
12339 7759
7320 19033
17850 15679
8403 4294
16694 13420
6564 17085
3738 12732
9137 13098
11523 8403
17072 4301
15096 18760
7630 1442
6022 12449
14133 13684
19698 17746
3442 19665
1186 16467
6356 15132
5881 11399
2181 3485
2220 8989
19963 10077
693 15534
11195 1936
4337 7846
12200 3
1448 7304
11041 2699
7578 14936
2673 18655
1531 12538
13177 3327
10288 19096
2669 3951
16300 14399
7648 7824
17489 1676
15124 4135
17474 8383
19087 2491
4679 6587
13258 4993
2496 17006
17336 3855
9882 8691
14419 19186
638 9365
435 11494
5006 1249
11483 15819
8876 11247
2018 4954
1712 16512
17557 14404
7338 5868
4372 10208
15699 8689
11011 4487
9190 16834
2220 12283
6586 12379
18768 17111
14226 15055
19795 9128
5045 204
15434 12578
1212 8959
615 15460
13975 7231
552 17791
19656 19294
15487 11003
2986 12095
16398 2248
2723 14838
16689 5041
10281 17349
16664 11275
11474 1936
11124 11641
12925 7958
448 1217
5653 5467
1663 18885
13680 15929
8784 920
17803 13464
10644 8072
3474 4026
5531 16590
13604 17045
3736 11128
2607 14702
6362 2451
1620 19571
3577 11074
14572 16845
5763 9683
17730 4098
3004 2937
11371 4305
2986 188
3420 12042
7079 4772
13875 19094
11163 11616
1722 17952
11165 7611
15395 2092
3934 15509
15126 5956
6209 6578
13972 13798
7300 1092
17533 9575
19437 3202
6249 14727
16984 15158
15837 15519
3048 1756
14931 4372
16117 8138
8343 19196
3996 18388
14643 704
13387 12104
614 17452
1027 2350
3879 1557
12748 5269
17643 2380
1490 16658
6807 9601
15774 15326
1643 3710
3308 17226
4041 4656
1983 19654
17808 2573
14639 8701
12723 2811
2845 7721
8468 6304
19620 18520
8618 11948
2832 16304
17771 10704
18448 19879
9854 4188
8650 7824
15512 15189
10892 7480
1454 13111
11360 13947
11725 11230
4327 13368
1484 19085
11360 7545
16594 6553
4501 5310
13057 8060
2804 1863
15069 1410
7674 6939
9735 12876
15842 21
9746 7481
13419 5975
8869 12139
8793 13996
17332 11579
12991 2212
2413 2353
1254 14720
14565 8745
14526 16538
4954 6118
16963 15230
5977 19375
19781 10675
7305 13898
15365 14908
1467 219
7281 2400
18758 13305
11655 2697
753 11908
18835 8396
19700 17760
15059 17292
8198 17610
16936 8274
10432 6991
4174 3791
12003 17384
19084 8618
13803 7035
15264 2825
2858 14886
18564 12775
4504 15107
14284 12329
8965 9812
10953 4961
6182 14315
709 16493
14996 19616
9963 18246
5427 2183
7402 11722
14050 2936
1982 4326
3699 16498
5858 7471
13531 12337
12401 5442
15891 3342
3395 2988
12415 14616
7965 19274
2119 8182
1452 13357
13662 18532
16664 2
18384 7200
685 12087
739 8386
17473 3571
17802 18297
18878 760
13195 3073
12679 12783
11879 2720
10079 4812
15936 15674
3505 17848
17307 18456
4449 9462
3545 19536
12126 16360
17152 1686
14056 9223
9146 2352
10842 5708
3372 4281
13086 16182
16206 16962
822 5407
16075 9508
329 8123
1256 16103
13099 3710
1125 17514
17056 8044
3716 1972
18451 2158
17456 4795
6228 13278
11660 4476
19547 12660
11204 16323
19264 14504
16346 3540
5899 1252
11849 7306
6970 14808
1808 4987
16011 16623
17828 14795
7053 2645
13994 18396
12303 11890
15422 8667
11653 13373
14181 11849
6161 4079
8218 3166
12254 3136
2648 10129
6737 11984
7235 14529
5311 19909
5062 78
18930 9369
6992 11980
412 12018
13633 6925
318 7034
5550 6392
5597 6282
14065 11519
3058 18046
16154 3956
11240 231
18936 7444
19328 6000
4418 6808
13878 18748
15980 19903
9451 13864
4061 11850
4808 2785
9982 17905
10318 11843
12978 18024
6440 4471
8699 3880
594 2901
4871 14343
17000 10061
1737 1591
18585 5430
4819 10384
11978 4067
8991 7993
15315 9804
18989 18416
47 16017
7701 19688
13341 9313
17107 10969
10982 2342
2241 6119
19704 9836
13648 5135
17550 15363
11554 15606
6199 10689
18150 12432
12799 3406
912 12532
6610 13637
9951 6325
7677 5716
19801 6426
15661 6887
13585 7696
18532 5756
15199 4898
9401 17949
17569 2455
7078 14075
18812 11029
12474 4235
7285 10325
12964 11053
7330 17854
5331 10500
11274 9068
17575 12532
7509 7903
8638 5635
1394 15848
19601 12006
4413 18904
10023 16430
15950 7559
9369 14657
16340 10946
12420 14715
2998 19381
7854 9659
8909 5065
14541 4762
10676 9735
15152 10741
6482 2839
12624 11027
13603 2687
14663 17117
2933 14847
2576 12404
17195 8486
4747 5797
18466 14645
6508 15184
12840 1502
12186 18756
10852 4896
11643 8323
14757 14429
14241 14299
3410 12628
319 8418
6142 14598
18113 7777
2093 11189
8680 1866
14259 18318
299 6808
13586 6087
13323 9344
17473 14024
11667 15724
646 1366
17178 17851
15684 2955
18599 7967
14636 3005
334 13571
10792 1864
16556 10887
17271 7435
3199 7455
5011 3963
15416 19372
4262 7830
15170 15962
4988 16289
17907 10197
5806 15424
17864 7775
11930 11213
10908 2288
17586 16198
3909 3737
5831 10501
1225 9235
8634 10175
17026 2614
9205 19645
18014 11055
11662 4083
12464 8699
10673 892
15857 5055
7364 6431
13528 13276
6827 7310
4580 14634
4630 5566
4231 16437
18283 14356
4877 12397
588 12427
5315 11523
18859 15859
18402 10754
7823 9292
808 6123
4612 9382
5316 7043
14062 15551
17481 3606
12529 5694
7492 8771
11547 17891
8972 5919
7911 3852
17030 13873
8492 524
8922 18221
871 260
18603 5734
12383 18798
14141 11503
507 18597
11752 9167
4441 15678
4346 12120
19952 1641
2595 4814
15894 2360
6084 566
13084 18904
19785 2680
11865 19030
13975 19789
18098 13645
3701 6700
13838 2070
6498 11700
15341 12877
1313 8053
5697 11286
8682 3778
18990 4515
7551 3881
429 6369
5094 6937
6771 8756
5037 13681
13926 19484
16241 15353
17577 10471
16841 12508
5199 17429
11205 789
9468 14084
10247 7112
148 4377
17305 12263
9272 19760
15361 13591
19751 12195
11890 15037
15313 3672
1363 386
4469 14629
6954 1929
4510 4692
18173 16807
19532 16932
3058 1791
16041 2130
7535 15784
6009 7837
19096 19077
5530 5055
17483 439
13646 5510
6088 1823
17080 11626
7690 6178
5369 17646
14586 13991
1481 15913
5371 14014
16310 17865
8312 18751
15933 9241
16539 2352
3077 1845
4680 5365
2261 19293
13513 4182
19545 1186
10252 13191
1032 19296
16710 598
8960 1173
1102 19357
11468 15092
15788 4319
3883 17555
1014 1024
16971 6263
9684 15442
2563 14237
11506 9876
17983 2498
3024 9400
4570 1094
1764 10328
8640 10529
1517 13562
8678 8215
9940 2506
11017 7845
10600 14774
2788 15940
4221 3413
18178 11708
16952 400
12979 12019
2582 12441
10756 18662
7969 9177
17800 1989
15768 18124
8325 3612
7845 13951
8083 12387
7092 5022
593 2907
8667 18653
1350 19872
1284 16950
5798 6055
11946 5692
8712 14843
274 8694
6218 13184
14573 615
7391 3335
7379 14439
18764 15617
4126 11890
2967 7866
17684 16825
3254 5041
19142 7605
13229 1951
15096 5796
43 3987
1241 9334
9334 18152
10187 3629
13159 4148
16074 18581
10076 8847
19314 9758
168 9802
9779 19409
6740 19146
16241 17691
15022 2058
11999 1928
15350 1298
18206 16093
3074 11191
19766 7489
13604 10850
11897 6990
8335 16984
2721 13963
16865 9447
19872 6642
3204 13089
13140 1605
11093 16247
5315 1980
13005 11043
8606 8048
3992 9399
11136 10661
11817 1340
5557 10388
6420 8113
5856 15227
7062 2553
1977 1152
11857 7913
841 7174
1190 13832
1394 9777
10849 15288
3091 10273
11959 7638
8352 17851
17003 9489
11410 71
4119 17261
18191 7419
16096 19259
6516 16534
13569 18272
8827 17928
12188 12435
4675 1412
17950 8156
13227 12922
17242 2443
16956 1842
18510 14370
457 16493
4366 15717
10053 9885
13164 2584
2629 15780
4836 18168
4227 12368
5183 7028
152 16022
19074 3836
10139 2005
9784 6985
16176 12446
8864 4904
18517 3189
11667 19083
18887 11064
12012 19967
16814 17753
15089 16456
13337 17750
13117 8483
16378 3341
17524 16567
3760 18380
9169 3363
6317 18469
15655 10508
3824 4055
10067 7076
7487 3829
10086 17436
10361 13703
16400 2797
18282 15739
8551 16299
3211 13989
10954 12682
15238 495
14235 11669
16077 4765
10165 9597
328 8667
5726 14814
8210 9263
15755 12189
10187 10417
1287 3174
5841 11554
13241 6630
16394 12367
11123 14321
5251 9938
8800 11428
1648 15299
4766 10046
5009 12978
11964 15824
156 4468
10799 19560
5681 13940
4178 19695
1678 1744
5413 18887
1599 3212
7916 9721
5609 11375
19691 4934
535 9403
7205 18680
2534 13757
9016 13333
2531 2146
2460 17553
10270 13075
1737 3742
18796 10646
124 19085
9154 1468
14449 17484
10978 14195
14325 17210
3520 18005
18857 3949
4980 18778
4241 1974
15022 13775
19626 17004
4313 5526
3182 8757
2996 2931
13253 9319
364 8905
11763 8900
7324 1928
11745 7148
755 10217
16984 10036
6281 9009
16975 6928
18477 17827
18140 6967
16774 336
14320 2657
11245 14808
2587 2873
12042 5292
13723 1865
7571 6064
17635 16140
12934 2618
8020 17561
18254 4761
15377 18917
776 17742
11731 17238
16880 1507
4223 11645
7337 7993
9457 18054
725 13402
10318 3985
19773 9290
316 11603
18005 6831
11122 16850
18334 5114
2259 6627
16621 8730
3868 15112
523 7928
3626 2860
18233 12958
912 19716
19068 16988
9004 16492
5019 3581
11520 2235
19725 10379
10476 14364
15938 13762
7208 5195
10418 11143
14917 16877
14479 7837
17320 4550
17331 9554
7052 15265
14280 9751
8327 199
17914 13155
12769 10152
6044 12218
15409 16355
17997 8953
6471 15801
10265 5773
13903 17524
2914 17749
3054 6906
11870 317
16086 12965
838 18579
18699 10903
13106 12502
2280 6413
16372 4688
8808 19814
19724 12625
18378 5743
10800 7995
16540 9101
10135 18148
6788 12803
16276 13219
10319 14188
11646 6643
11419 15404
13510 15885
340 8489
9540 5865
13520 13409
9350 17954
18398 9597
672 19529
16507 14128
5302 19312
11116 9945
17552 16321
2816 18923
15071 6508
11012 9066
17121 15442
16071 17313
18025 4819
12427 10864
6627 18509
808 16657
17785 10695
9519 14422
3013 7718
7502 16024
15166 18863
7897 8538
19734 10776
7034 7442
14614 3094
2377 3075
10885 19976
16951 8125
12497 5581
1084 5821
16193 15003
16491 2585
6767 5106
2529 19768
10392 3992
78 966
5450 14942
7549 17155
18426 14314
15186 9739
1364 2206
16497 13974
7982 902
18302 4613
11338 16524
6412 18336
16031 5931
3664 10459
11078 7107
7343 6162
6100 10610
1110 12116
10657 14632
601 2685
11284 13041
5300 5198
15253 5634
4673 17301
536 17225
3759 6663
7850 11515
9075 4733
17828 9408
10636 15225
5405 15203
16330 4565
10605 11233
618 16898
11365 18794
13100 19840
6701 1608
11155 33
16780 1569
10026 4457
3131 17657
3232 4897
18970 2424
13947 8358
643 19812
7972 16698
15139 5926
12571 5387
8213 9482
9046 6492
10785 11344
5920 10409
17027 5878
8221 5686
11278 3820
9785 5602
9733 13341
2101 2383
15964 4688
722 388
16189 8609
7842 2361
7402 16101
19890 17446
12626 18711
15724 9244
13189 5630
16313 12627
16760 14608
10558 9426
12918 15018
17708 5384
6075 1262
17409 16191
11134 10029
8111 5504
13669 14809
9016 9732
12380 19401
1087 2037
19493 6126
14902 9384
6866 4155
19743 7204
3728 13591
18901 18947
19908 5116
15566 15456
9089 4073
2466 1370
13139 6579
16574 5287
17453 11190
18293 7261
602 6711
5179 14227
447 6963
13100 7188
4305 700
10121 17383
1138 6226
3160 18756
13464 10672
7402 15068
15829 11855
13145 14630
15602 7989
13068 16788
19370 6321
17561 219
11549 6301
12314 4134
3942 8717
498 8387
478 16418
9262 10171
19558 17298
19009 4108
15361 19313
5164 14029
6018 14849
11633 18282
938 18872
5294 18644
1663 16594
8622 9999
13958 3860
4809 11621
5368 3771
10404 16364
19998 4469
10885 7538
4114 9701
6030 13087
13754 12121
16828 11645
19282 466
4435 3114
18067 4580
1505 9829
19329 12602
3731 6830
2322 5365
19384 16236
5363 3089
4453 16852
13496 954
9933 1795
15626 19300
19428 9513
1572 2973
19147 17184
3638 17897
19742 13030
12854 2501
3257 10929
606 3359
13338 16477
4544 12102
4445 10815
15746 16589
10971 12114
10252 9974
12881 18441
12910 18370
18505 243
6984 7156
6456 19674
2163 17828
18949 9785
9326 19098
7243 7625
3429 19766
639 19517
12419 3533
14889 15403
10918 13823
8851 14075
18884 19984
17581 13908
13054 4946
15681 3202
11351 4093
18318 11144
7124 19374
4689 17113
9021 9364
7237 6468
8812 4538
1653 655
13203 17236
8685 3836
1507 13787
14870 3690
7020 10018
1461 10411
3501 8745
11576 15774
12176 5703
2665 19160
17102 13472
9606 14794
2355 2634
823 4412
1393 15878
1007 4368
7587 17133
6777 18640
10578 15238
7694 13775
4525 6267
8285 2538
5959 19792
5629 2639
9876 1182
12780 18714
19118 16507
2371 7016
12351 7841
4744 11049
7554 7829
12516 19523
17826 11058
100 11852
10832 5622
13389 8085
2027 15423
11975 2510
13316 3786
15212 1602
18477 1976
17857 7945
2080 15493
16897 10757
14732 17719
1952 2430
18686 12373
7396 11887
6387 10504
8457 1299
14797 662
2080 17835
4174 15059
13066 541
18263 5223
6804 5105
11387 11308
17146 14670
12376 10031
8678 3006
319 4903
860 945
19689 9235
5396 18965
10048 9807
19729 1253
17116 16236
16020 17043
1596 7556
6025 19003
9874 10586
19532 5271
16774 9923
10658 13332
15492 2212
11707 15635
5613 18372
15398 7579
5120 18195
17512 1321
4723 12135
16640 7903
5076 5546
15081 981
8754 11823
17835 10958
9849 5975
3220 10001
18351 16287
453 10113
18580 3051
2562 16136
15043 4907
9898 7771
16752 1352
18167 4341
18631 6440
7899 417
2644 12990
17581 9524
8772 15826
18197 4816
4579 10979
19755 16155
19246 16797
8230 17536
8815 10391
17442 11084
16498 5618
1052 234
7770 1806
17431 8324
19917 2810
4091 9691
7905 15372
138 13935
8495 4258
11513 14192
5533 17152
48 5670
19163 10328
10433 96
18535 3404
12937 17588
16655 16872
10968 15610
15385 5333
6546 13458
2679 13711
13900 9091
2065 17949
15562 4012
14952 9566
18374 2469
4513 1097
18883 15079
728 13110
11667 14972
15029 2046
5141 19433
1816 3218
7094 18096
6663 17932
16559 968
5375 18409
4919 13001
60 4220
3656 18614
16234 4420
5344 9810
2788 14292
3380 12734
14230 3519
4671 10632
12930 15636
7053 575
10821 14820
8486 6499
6508 14401
13853 11562
1066 7842
16429 18744
9712 5204
15627 1568
3708 990
463 2760
11331 10127
6960 8786
10061 4378
15620 2896
9257 16227
13044 17780
17769 5733
6198 16928
16504 8157
18589 16716
7958 9015
11872 18369
16285 2576
17490 9311
18853 2936
5007 48
10444 1000
19694 6358
5671 8272
12292 11738
12726 324
17333 19792
13253 4559
12815 1166
18365 2724
18793 12833
1021 15925
7570 9297
18926 6898
7516 94
17090 3021
10834 14193
11988 934
19675 11425
12392 2450
18628 4299
1564 9393
13872 15796
4629 6271
12181 19149
7854 828
11692 7081
16325 7029
18880 4015
6772 15529
17472 19849
3390 5921
14163 4920
878 4599
9931 1317
437 14108
3486 2749
18410 5050
4093 12443
1803 10334
16125 405
11750 17979
13819 5485
7860 9526
9358 3611
8507 517
9245 13283
14647 5592
10739 1107
4226 11873
16963 6602
15726 11785
15261 1376
8000 6469
923 13208
12395 12036
1341 19378
5783 14315
7220 9125
6640 10022
4765 11917
10316 1917
899 3543
18834 11970
13042 17073
4875 11896
9727 6219
2455 9198
6917 13695
11017 11222
10158 1562
757 2751
4951 16035
18908 19500
15576 1388
19414 18806
1156 14297
6255 4402
18058 19647
11691 12470
12213 6132
19315 11164
3068 16119
9843 5891
3319 2594
13388 10540
4496 18157
8517 8571
12015 14921
2685 17728
1142 17896
16166 1010
14838 17940
1875 13940
17108 7774
1529 15724
9345 5308
10663 12394
4607 14637
18416 11568
872 12223
421 10659
4782 2319
4658 11331
17899 457
1248 18938
12039 8560
18408 942
17785 174
6853 2760
6244 3356
2220 7507
4513 18938
7072 6850
13312 17296
2128 18805
19866 10664
8040 14158
7349 3355
8939 1005
4407 5763
18199 13824
15762 7085
16621 2890
5155 16
9688 1877
6638 10485
13882 3604
12435 16982
16351 15019
10680 13389
11554 11482
9103 13831
13384 12726
3476 7407
5061 5918
4932 9543
14263 10300
1083 6545
271 2458
14300 15692
8110 8560
6901 17532
13357 2837
4055 3483
97 5726
648 18925
19130 17950
12423 7638
13208 18966
8883 9158
1890 12014
13213 13386
16455 6038
3737 18363
7070 8786
5636 3845
13458 4441
19295 129
9866 11214
5303 3189
6554 15316
9388 4189
3743 8132
12908 19163
13170 4221
13819 4976
9965 9547
5708 16914
13042 4905
16614 8586
16699 16693
17556 3360
904 4136
6725 17054
18542 9841
9084 19156
14324 3506
11707 17127
13217 3928
1301 421
1244 9444
9548 3284
655 6113
13401 6655
15774 14389
11865 7247
16571 13669
2640 12650
13817 16114
13834 9414
10558 17387
13335 1849
10049 13831
16111 12861
3391 14734
4535 14176
12082 5112
4588 17697
1237 9791
25 2608
2876 9417
12326 7704
17795 8612
4939 11557
16054 10431
3823 14571
6554 10868
12542 13838
18154 9209
15459 5527
315 5904
14921 1605
15332 11558
5920 19882
13551 12019
19546 19164
13374 12949
16447 257
6424 5936
13357 8338
6014 9814
18779 16421
12373 12294
9946 11522
9403 4541
11522 5396
16214 6037
1877 16482
9939 16850
4237 8901
10023 2759
16140 17860
6731 14643
17719 17510
1056 2552
18071 7892
9473 6769
18416 3721
12403 18303
18350 16528
9691 4726
1169 7454
13421 7188
15738 9098
1122 10760
8200 18589
16348 7763
5864 4656
10165 13653
13354 8486
19751 88
6891 6086
18260 2403
5891 15066
19875 9326
9930 2966
13255 5553
18364 1059
5913 8051
7946 6760
13358 17380
8428 14817
9011 1083
3186 19242
9838 5545
17035 12707
2199 8505
6071 4673
11921 15960
12228 5734
1940 18158
16833 8558
1385 14355
16398 1531
10697 4145
14158 18626
14317 19114
10597 11764
17255 18271
11675 11686
16654 2514
19721 4451
758 12969
12480 7462
7161 15903
15305 10126
10850 9349
7069 7120
18013 13581
4286 6798
10095 8306
14791 8603
1290 3714
3433 10180
2333 14469
2041 9526
4080 11056
15605 16744
7041 16529
2722 4994
6676 11239
17772 14272
8110 11053
1786 10079
2935 11447
14488 8361
1698 3687
11711 10692
2439 4673
5057 849
18247 2770
16779 9214
18871 2210
9593 18726
482 9191
8546 1549
11015 18678
15760 14192
8275 18741
12425 2767
15371 1442
15286 10674
18639 12702
12572 6095
7050 3404
5333 2761
14628 19556
3931 13873
5724 4055
14217 11174
5635 9070
8930 5710
7475 4175
9027 9114
11587 2671
11615 15778
3339 7042
7175 4165
19000 11611
4790 10457
13359 10645
10647 14334
7249 8722
6739 15309
10959 12666
3589 15138
14798 17135
13870 11976
7529 18852
19701 7541
6411 8526
14533 15115
12705 878
4909 637
4506 6100
10985 15542
7114 9899
19862 9634
2769 8414
13743 8259
1611 5810
7631 17710
18234 7166
17118 7562
6360 15970
17974 11960
990 6014
5103 4810
9844 2220
13531 17330
1553 4256
11402 17913
14496 16547
2046 17192
7247 1017
19357 17688
19441 7705
11918 3851
17039 5264
14232 12807
4917 7915
1855 7658
18263 15001
4102 297
15494 16433
18748 4404
6543 17173
15772 17609
16197 17525
6148 3597
5126 6528
15967 19798
9031 5966
853 19754
6232 1908
14495 10361
10066 11560
17663 9181
10826 9846
19346 7559
15580 12281
6882 13807
8895 3775
11139 1518
2621 18702
10985 15144
12033 323
4857 19996
13122 16113
7039 16657
17389 3398
602 15964
4476 12131
5736 19778
18486 1047
5884 5343
11290 1034
14794 9223
5905 16925
6132 16954
7555 1948
3268 11772
1345 17548
9773 1449
1625 7909
6562 2451
16554 12313
792 15372
3249 15274
8206 18844
5366 8070
16016 18744
16421 168
12746 17162
4140 18002
3596 11984
9638 12410
13931 14245
8395 15779
10525 7329
17749 2364
12801 6131
7987 13603
1981 8055
18359 1513
5844 5258
7352 19336
12393 14883
2616 9138
18213 18984
16183 10023
5844 2378
1712 15258
9447 18338
12083 2933
17378 7182
4244 18127
2791 12443
13396 10976
2108 3717
17191 18999
2805 3659
19007 8055
16639 19737
8198 16546
5887 10455
15790 18087
2922 8685
2067 12226
7277 12019
910 19425
1552 7260
15250 7584
13421 17891
8799 6299
4679 19314
6311 2964
4861 4180
2521 12147
4061 9472
8806 13283
3443 5740
1423 19628
4011 5625
7023 17151
18774 9997
5485 19624
18430 12725
8104 152
16393 2500
1187 9969
17450 18264
1285 1326
9800 1055
15892 13609
10949 19351
2277 766
4181 9227
11747 5138
7238 4619
2471 10528
10535 10091
10831 6698
13594 7683
18689 13268
19783 5458
8161 18467
5363 11594
13518 11554
3287 15656
4496 6850
10459 7726
7555 7887
6620 12801
7757 1447
19836 9507
12712 10472
19370 801
1978 3883
10305 7076
4302 135
18411 12826
14041 9165
12900 8875
10454 385
15995 18605
1090 17006
9685 13690
11505 16470
14647 8739
9786 4663
6218 12060
10222 4629
12064 3536
14885 7403
91 10671
8039 17306
6834 8083
9139 4524
9954 185
12358 19145
12209 9412
15673 16788
12044 8452
2474 13385
3543 3952
11209 18701
861 8794
672 4215
6507 19554
18524 2416
18911 5828
12832 2777
2142 19030
1063 2744
12969 2339
6579 2408
538 4452
16717 9505
14767 3233
5836 16292
2602 8196
19676 3887
10329 13159
4129 8601
12142 1160
8729 9601
5478 13052
5379 13405
14199 3241
15533 5596
6765 6982
4004 4353
19124 19214
11183 1982
10889 19450
12370 11982
12239 4878
553 653
18809 1279
14440 8956
1225 10573
15884 18432
12555 3062
1361 7134
17033 9267
3163 7779
10265 13026
14809 10660
16490 14916
19076 7557
17494 5430
2891 9274
18888 19147
13909 12787
19250 2357
2598 7313
6921 14478
2504 7903
10645 1743
8111 9435
7277 11614
13365 18904
14932 1729
5655 4616
7442 3357
5157 14992
3533 13675
168 2031
13664 10879
4508 15206
18612 14079
5279 12038
18796 19813
13806 9062
18501 11159
17393 10853
15936 10352
10193 4794
15658 5269
12537 19078
19529 11328
5830 17457
7375 2412
15965 18612
19203 8639
10642 4135
9186 4105
2176 18710
6605 15789
15527 10827
2645 19023
8285 15828
3863 17243
6436 18847
15023 648
5389 9285
18028 1351
4233 6947
555 13479
11014 8584
10899 4965
1057 2208
8639 18430
3214 14657
3981 3223
18669 12076
15779 6801
13446 5434
9621 18378
3032 1955
277 13587
7301 3453
18722 12842
10944 10173
8357 7376
14383 19341
13101 8411
197 16030
19725 16092
3223 5164
3730 1459
17022 1822
2162 7625
809 11784
13146 1324
1216 11267
430 10637
12962 19484
8307 5687
1960 8565
12553 2315
6501 1488
4229 10188
12507 6717
12136 1362
12152 7100
18973 1196
12729 12802
650 6037
10922 10998
16223 15089
17354 198
7070 10515
18706 2017
7336 4702
483 6091
12486 683
17563 19763
16848 8709
6889 4958
13690 8813
12814 14697
15088 14797
14945 13063
5094 18089
3480 539
18984 13325
3941 10238
1094 19151
9656 4834
19861 7773
7472 7192
17113 8323
17356 2511
16934 14451
13483 9875
2729 10823
4943 3852
17372 18135
6305 5156
13325 16308
3664 13847
14902 16585
4850 7159
7732 9715
19415 11126
29 847
17230 14896
14789 4582
7664 7302
9489 17017
13061 19838
15853 10958
317 3026
15257 12646
1719 5873
15164 15017
17152 3082
14968 5434
10650 12396
440 7033
11271 19927
4693 9036
5903 7403
19844 1826
18614 1503
10771 4246
18352 5227
13822 5335
5628 1476
14756 6247
4703 8681
14202 14437
19090 19826
17487 6118
16040 992
1457 12227
16638 2992
1332 19909
6156 9885
4927 5282
18603 11566
8800 12451
4600 7704
19106 10954
13714 5711
9818 10836
19473 8309
13248 13653
15921 1717
16125 2634
18944 16808
15831 1330
2403 1042
1689 5314
11339 10811
6604 5543
8856 783
4070 5142
6104 17246
13748 18884
12149 14025
10140 8843
15383 14163
16742 17338
8120 15091
618 15607
16194 2584
9021 4343
8965 666
1916 16651
14850 3137
4604 10701
9700 4727
13089 5235
8171 12875
8223 2289
10056 1939
8304 10704
8867 5432
17475 18518
2674 19542
13179 19244
4899 3267
8814 13915
11702 13771
18957 17334
8141 2756
6307 19911
19043 15455
7696 8248
592 2754
13475 1008
15609 9375
6870 10660
11231 13823
15190 11443
11589 3891
7370 1366
3917 18218
2693 7727
1043 112
14429 1924
6113 16878
5320 14991
15214 18511
19858 16631
12438 9984
2686 4778
3283 19467
15710 3381
19479 5751
6588 16954
13220 17247
16298 13431
4394 13567
18654 12256
8504 3081
13455 14003
16196 15317
3750 10772
1135 17369
10568 9875
2702 6833
1565 11078
15678 18230
14562 7418
1115 8150
11651 15290
7671 4008
17827 3070
1755 17827
8715 1960
6844 19123
10161 8570
14770 19884
1272 1987
7785 2224
3449 3622
14178 6074
2761 2262
7605 19916
10069 6834
11562 11656
7943 15331
17094 13516
12908 18913
17245 15785
15287 14260
16968 19387
14450 10509
18276 8223
3029 7627
4190 4536
2036 12209
5063 18060
4980 11542
18753 15166
4435 8100
19819 371
17443 10900
6225 8919
10656 14076
15738 9998
16114 2025
4874 748
10640 6002
2005 8773
18158 12156
6446 16005
1003 6891
10593 7801
6067 1259
10702 1260
4482 13011
19923 10249
17107 9068
3934 4505
18035 4832
12782 5361
10100 14955
6992 13645
8190 2911
9969 2599
1605 2923
18422 12158
5332 5512
6482 11459
16439 6414
18542 19290
14729 568
2470 11772
4139 10168
3602 15016
97 16228
689 1957
2016 2305
14256 12950
19165 714
14992 87
3259 10380
2 1576
15194 16786
19525 19550
13157 7985
1530 8530
14513 12789
16188 3194
7800 5056
6358 13371
16316 4303
9479 10046
4856 5698
16287 16716
2392 6615
17547 15404
14756 14387
16355 13731
5252 16893
15427 7475
19612 2230
1806 13067
17556 1092
3144 962
14200 19817
4555 9673
5046 2839
10405 7107
12547 19193
18989 5621
3613 19957
1065 17673
19331 16976
12382 2018
13329 3600
16350 16027
19373 15347
16187 17997
11759 19842
6760 7469
6521 8260
2307 1109
7055 11721
15786 13873
3815 15932
11067 6606
401 14684
2313 14541
12199 6971
4646 4187
8211 9758
5717 3416
16013 6924
15822 14459
1133 12564
18009 10488
6265 19698
18591 4035
5800 9487
10952 15574
11810 7252
15486 10370
8162 6432
19355 6372
3504 17233
4826 9752
7523 3913
18668 4932
3172 4583
15654 13638
3041 12735
10472 5628
19913 8002
13346 14285
10633 19664
13456 11968
10696 7612
18009 15756
19883 468
5940 4350
16612 19938
3312 5257
4327 8132
15336 8388
8474 12731
19325 7179
19196 19931
6528 6030
13069 19923
13896 12343
15434 17028
8662 9468
7411 10503
12611 16793
14339 12083
9536 7005
6752 9091
1369 15686
6988 9610
18921 13349
5697 10897
14800 11851
5669 9083
77 9978
14449 3435
12170 561
2217 966
14244 2043
2461 18065
8765 4142
7263 8145
10653 10336
5819 11621
1436 16566
10415 19148
19494 8238
1334 18505
12524 17486
10085 332
1600 12836
2614 19785
12869 17854
13254 1936
6663 13847
5284 10064
5264 9918
1257 13367
17761 17233
5698 15070
2860 13383
1777 18912
6355 7181
5385 2667
12486 19989
61 6338
1995 6884
12702 487
11132 15387
3799 10788
19473 19398
2114 9767
10607 19889
6322 13937
6395 4064
4800 15005
1756 1376
950 1817
4099 16745
11732 3716
15726 15440
4028 5113
17390 2587
15453 18929
1261 7299
8589 5563
13266 6922
12982 9223
9563 11179
19283 15540
7682 14809
4645 15909
7099 427
8828 1431
8374 17206
19723 8514
18956 13623
17820 18337
7279 796
11584 10070
18145 2453
7040 18843
7724 1408
13400 11002
11495 17163
7298 7166
608 19993
13826 15231
11139 14290
18895 7765
436 1577
2077 10079
8908 17364
16078 6287
9637 15722
8861 18529
6563 3587
15613 5786
16109 6063
5228 13915
965 2179
9672 16700
19116 3811
17213 13837
3517 5236
15037 7607
11692 60
12146 9520
5153 4747
10922 19830
5662 2579
18882 2581
5572 2545
6336 4201
12047 1001
417 9965
12088 6238
1036 11154
9968 6932
13835 11916
6917 19700
2874 8471
121 8904
14191 10627
3984 6809
6561 7875
9345 19615
17084 959
2322 3958
18236 751
2983 848
13566 11756
14592 9969
16000 6125
10840 19123
16350 1411
8332 8047
19410 19116
12050 3209
9641 18100
10122 3520
5646 11266
7472 2673
13375 16819
13443 1449
11786 14191
15332 14025
1122 11106
8672 8789
16987 10746
16042 12024
7120 14760
10379 13215
14741 12797
4896 6342
7869 13210
4923 8246
1711 1743
11850 3331
2301 4380
19135 11204
14263 19867
15302 7327
8322 13193
7074 14751
8585 568
1835 16686
13352 2184
728 7587
307 1152
16510 16293
12895 5624
15731 13055
14856 18703
9085 1618
15723 4526
2939 3962
9840 4296
6428 8524
15406 7738
2029 6854
4056 19549
17668 9954
4535 10011
3546 9522
13684 13612
3488 17554
6812 17078
10995 10175
5067 6117
13247 11091
3012 13254
10051 15983
5452 19035
5820 7071
7876 10664
13700 15674
6864 1994
1100 8174
10629 5591
18210 18610
15627 9964
15783 3641
16912 4364
17360 12772
6381 9890
18646 5600
3225 15355
6971 10773
1007 15847
9398 5289
16067 19496
167 17231
291 4669
18301 12558
7529 17329
10421 12287
692 8680
17201 275
17019 18279
19154 4932
18510 17377
4287 14313
17854 9870
1163 10301
12410 15783
13203 7267
5303 2710
9636 18867
12445 1753
10341 2378
12992 9159
1707 2052
9961 8818
17266 3898
3483 950
6908 12514
13728 11219
6250 16890
9111 17977
1379 982
841 2809
3069 18212
2973 1305
18169 14007
19061 15366
1657 2548
11018 9639
16183 2282
9627 6822
11727 9583
17764 11114
2789 2374
9915 15865
13434 19983
13359 13047
2543 9735
19710 14087
5841 10792
19662 4030
6371 15744
6503 11134
13697 247
9392 16763
15862 6134
16636 10177
9197 7482
5787 18174
7815 15284
14618 620
16681 9751
3362 10424
9805 12377
5355 10026
12004 10130
19682 17570
14088 12034
9866 10347
11683 7889
14952 13203
16182 6937
1166 17467
12798 18653
14281 13725
7765 2330
11870 8657
19181 5911
63 5926
14808 18354
6012 12507
3443 11377
45 8566
6581 4532
4112 12837
3450 6987
2218 13879
9083 19780
9411 7355
4369 5231
2167 5655
19109 1917
5229 3794
7137 18697
7904 2005
2683 13142
1057 12467
18089 7185
18021 13497
7465 993
4850 1988
11937 5926
11638 14119
11636 10724
12581 9831
9569 12421
6415 2870
1697 18457
11497 12330
1120 1376
6707 18758
13209 16997
571 12415
12253 13192
5645 767
6141 6431
491 13132
10090 16857
19800 4587
7074 7850
10743 14217
12394 7384
6653 7558
13505 16545
3793 7804
9600 1176
650 7560
1942 5492
14875 18443
14676 1649
9936 3137
17276 5964
19636 8701
2592 10897
13635 7301
14966 11045
5161 18175
2180 3408
18081 10285
7096 7695
9123 6927
5520 12269
16419 1009
17496 6941
507 12478
18122 5369
2833 17315
17487 9011
10473 16883
1517 4708
4498 18277
4057 16478
5558 16358
8798 16493
19226 16586
15900 17228
4092 7426
12046 16657
19352 10875
13798 10283
10464 17434
9487 18735
13452 3284
19159 17442
9173 853
19522 3654
10692 4082
13546 9593
4552 18339
3802 804
15738 11106
5987 11115
15857 30
7618 13184
15015 18614
12786 12735
68 19218
18141 4132
13528 17063
6374 6659
8005 3546
3597 10437
14841 12040
4243 4093
8350 5900
14500 3232
738 16537
1675 3233
4857 19168
17571 11734
16774 4789
4864 2593
689 9812
13087 11499
3930 5622
16981 14234
16698 14101
2598 8286
12742 17658
10573 13531
13686 1351
11778 15661
627 1860
19014 3869
3365 6450
16773 10561
6097 3737
14173 11614
11581 19916
19575 3162
1604 12761
938 3309
16739 16721
11464 16780
4836 14649
16455 7503
12489 1951
19665 3064
7882 19583
4107 12987
8074 19736
16820 1561
10138 4518
4430 12271
13218 19138
17569 9848
1525 16786
10895 8780
9395 16185
3999 18338
587 7008
17420 11172
1018 13109
6073 14795
6697 15692
4686 2406
15285 6083
15650 17501
10929 13027
5524 12784
1647 14618
18438 18996
1488 10779
190 3078
1570 11831
17506 11792
9301 5714
3925 5236
17458 11613
3533 18178
8139 19063
5206 12083
6552 15879
2892 7964
14791 1176
2197 18613
8378 16775
15282 14992
4092 1153
645 5887
6551 9178
13298 14814
6569 14213
8222 13425
4986 13874
16118 12364
17075 4904
14233 14424
18302 14314
4834 10918
15968 19104
14055 3393
2717 7357
13084 1298
12397 8139
17521 18082
16838 11729
16250 16020
16620 12705
4474 16194
9490 6337
7453 860
4336 5503
699 5602
19569 8235
8947 11649
17498 7061
17568 3446
12164 4010
10676 16283
13638 9866
3357 8174
18225 18295
8242 770
19965 9659
17334 14767
235 11939
1764 6916
13481 1947
18700 2122
19526 14344
8533 4822
17094 10122
5798 14066
6638 6347
19701 24
12432 8678
12800 4946
15571 7336
10802 5748
12252 115
4367 17259
13234 14721
19159 19569
18072 873
8765 10957
13028 12984
8123 14039
12311 17091
1162 18776
15532 19577
13920 4474
16168 9971
14222 2961
12084 8881
17760 4186
1230 19644
6968 5098
3810 15554
17736 8750
8103 15679
12937 15291
1044 4465
12411 13712
16097 7368
372 1825
7753 1027
2313 6493
344 2982
13204 1153
7122 209
4223 14012
6190 3058
17690 8562
18022 14645
15497 8599
17316 6417
537 17604
4508 3015
2685 3550
15099 14079
13773 13311
7831 12601
4710 5348
6874 6543
6988 5910
7757 683
17426 13302
12357 11349
11590 18117
13750 6742
4223 9966
1200 3130
5454 14033
6103 12259
1413 14218
11064 1665
13671 16538
4598 9340
11616 801
1152 7390
11020 14145
13578 4704
5916 13911
1658 9605
16807 6134
19074 2421
6389 10790
16569 1501
17795 7897
17000 10058
19865 9237
2418 421
1228 18570
17914 15980
17548 14281
10842 17296
3569 13477
15620 15424
11915 2250
8386 19086
19196 4781
14083 12581
16046 9815
13467 15927
12125 10554
20 12818
13962 15276
7331 294
7381 17073
10133 1019
4428 1321
10115 3027
16451 15350
924 13402
16619 13258
5780 13537
5585 4927
686 1690
1821 13778
5743 19115
16718 14045
3533 438
17790 9276
3318 1512
16316 18081
17617 6150
4534 17367
7783 16104
1875 18571
14234 319
9886 9301
3745 1601
16863 8189
14533 2236
11265 16330
5739 13364
16058 4516
13966 4414
7911 10551
17241 18688
11033 18627
17617 723
12800 4808
4048 735
7269 18088
606 3782
9219 13217
19157 6261
8028 8469
13270 3555
12258 2696
15026 10519
2458 1679
19359 3061
10114 6458
13513 5786
7707 4107
18784 15333
10913 16170
12203 2837
15806 17980
10318 12526
3958 6326
4532 7178
9427 9655
1597 3346
15651 18774
11188 8277
12343 3463
19647 2849
4599 5088
15761 7052
2506 8927
14621 16222
6772 8871
11057 4089
13104 7866
2800 19883
5114 7539
9233 896
4166 2416
8307 1094
8762 9440
12851 2088
8263 3503
19467 10313
6589 310
5550 17082
1420 12490
7543 15161
6716 5099
4820 16183
1442 4738
13106 14618
3075 12268
8204 13414
10728 6596
7955 13052
9840 4541
18459 12011
13480 73
16271 1842
17075 9376
17122 1879
17435 1820
1952 13158
12293 12844
7884 17045
12627 18264
3685 7235
1895 3766
7621 10391
19844 12384
4587 6761
9313 16791
8299 437
15248 18944
11940 9990
17052 5381
14066 5528
2853 15163
1455 15968
4911 1602
1180 19960
12722 14311
3200 17227
5430 9829
6679 5288
2965 5652
19699 3105
16146 3572
13605 17172
15452 16391
15437 3611
3736 4132
9487 642
12862 19714
6044 2196
704 9023
8018 149
19975 13146
17049 4991
7853 13660
9847 6873
3727 9735
3575 19110
11298 16541
5801 11268
13204 19227
11537 15977
10223 7622
5213 14173
16334 18775
489 5093
3814 9283
6959 2223
13404 2371
138 1631
2332 3073
14651 18082
19249 15142
7472 15237
3392 8741
19023 4551
15508 11581
16603 16540
9468 6064
962 17002
9979 3832
11178 13949
12158 13639
3944 7873
11393 2482
10884 351
12553 9563
19601 12656
2214 11736
3703 55
2810 8234
11754 6649
16321 6760
8449 14475
12093 10840
7286 654
9640 12993
13432 5345
12142 4248
4829 3736
449 12163
398 17256
5643 6809
19469 15691
14308 15410
15901 16337
7892 868
18980 8340
14305 5066
2944 11118
13764 7859
8917 13370
9558 18144
735 4949
11426 6653
9596 3990
4302 9416
3908 13080
16480 39
7086 10394
11836 17682
2484 17077
5408 8861
15176 2818
11053 18771
6666 6011
17717 7832
1902 12355
9666 17588
17985 17861
13775 8119
3656 7823
2520 12365
3555 11308
11328 12374
10590 4280
9632 545
13903 8229
886 9139
6268 13886
12450 10095
1881 6357
14723 4810
8650 16985
1932 12473
13803 11191
19526 4237
5953 6233
15987 1169
16139 13447
382 8038
6944 18413
3417 18280
1793 4018
7060 10366
2792 10834
14549 7872
12979 7048
3414 14640
314 2253
15117 13293
12343 19140
1661 4624
15580 5661
13184 7368
5812 16994
15909 9667
3164 8900
4687 10722
5292 627
12492 4226
3866 9316
109 9010
16258 8385
13922 17643
6173 5869
18736 3929
5085 14188
8311 15235
16088 17166
12807 9237
5495 10943
7022 19151
2317 9605
2014 2292
17571 18476
16748 2588
1686 3507
6569 5593
16858 13123
11247 7202
19283 5602
584 2778
5135 7699
19913 3371
11960 13072
8781 4160
19342 9319
8740 11886
4697 8170
12024 10615
9622 9465
14352 3780
3747 2470
18397 4695
19528 11207
12508 18688
8718 5002
19500 19387
1157 10069
5337 11953
13485 19686
7400 8115
19375 10066
9548 9203
12345 10554
6832 13305
18296 12792
14026 8922
10371 11616
1181 16960
8714 7265
1734 9490
3612 1008
13949 11297
5185 19254
11928 1109
4978 1080
8277 16060
12677 4891
4063 13181
6584 17679
6225 13060
17409 17594
13382 9694
6687 4649
5602 4725
4988 15819
16083 5950
15798 2377
8661 3915
2819 15824
13339 19431
17683 17904
2576 604
8152 12017
13727 10689
2401 3092
1797 13913
12764 2788
11371 2395
3233 11839
9939 1060
5202 560
6488 1311
14805 17577
11948 5533
17956 1266
12486 19685
9790 5583
16339 14180
10227 10681
5485 13744
10823 1121
11634 8278
16140 5598
7567 1004
1398 8318
3906 17287
16642 2105
5181 16027
9595 11727
18808 17033
1580 18760
17564 16668
1052 18708
17975 18575
14841 17301
1620 16447
10129 13637
538 3444
7075 2615
498 3969
11162 17208
4392 6045
14573 16844
13866 8341
10621 14779
461 3063
12953 9108
17677 8668
10880 19251
1846 8293
10535 17340
13176 7616
6235 3153
974 13709
9534 14555
3229 1258
100 11626
12922 886
19835 18633
11267 3857
15318 173
1181 19466
12444 3673
3953 9920
16610 18240
10939 3247
18572 3275
18587 693
9615 8475
13596 14306
18291 13330
11499 10993
19269 4779
3797 1917
14191 12881
6403 11040
1933 863
17416 15749
7399 14654
9743 12700
6225 4054
5578 8207
7746 13839
14954 1810
4206 16094
9529 15573
1315 14847
9222 11940
17109 9414
19043 2698
9303 9243
7197 12992
7048 5913
1146 16726
9137 2246
14128 11886
6930 105
16464 17918
15764 10526
16656 9794
13864 8159
1752 19122
10376 14460
13870 17973
7266 17046
15749 10040
19435 6971
7775 3572
4536 6526
13312 11617
15968 15037
10817 12969
6131 19838
10094 4827
6366 15558
15897 3223
17921 17560
17297 3508
8108 10060
9518 13217
5363 13647
1002 6433
2049 17508
17623 10806
8393 840
9335 2631
7472 14071
8374 10572
16543 2825
5853 18151
9652 8583
11625 12395
11223 2993
7107 17303
2560 14561
12308 16162
10467 6003
13378 8485
9192 2831
9058 15228
16002 10317
19458 3539
19444 5698
19995 19645
8384 4491
8105 9012
13675 14655
7623 19802
480 18848
1796 18193
19909 16357
13560 13806
3050 15560
18312 13813
18542 7469
18117 17645
19765 19384
17371 43
12063 11051
749 17189
11818 2748
5902 3290
13208 19267
3992 17170
7459 12418
11859 18886
19434 3218
6047 16724
15033 15950
9295 17180
12061 7046
13323 1349
17070 13257
1293 898
17567 773
10726 10788
16713 2802
2604 17893
2761 14610
7795 19442
14117 10130
2192 16370
14885 1463
9504 6322
8402 1963
4366 14557
3709 13573
709 15137
15006 12821
12098 18518
4691 12658
3683 13952
12415 1702
11255 6066
18809 5499
9322 19091
11458 5547
11265 14129
7803 14908
10208 8303
11320 18875
1242 965
16483 11082
18945 15613
15002 2753
15270 16149
19045 1475
4320 16586
17053 5914
15499 18053
4899 19871
2215 16604
15584 217
17152 6184
10507 9798
19892 14056
9221 7088
7566 11320
3830 16221
4632 4503
8529 8411
10450 970
4502 15268
7640 14124
9701 5777
3497 9793
16105 19070
2928 9690
17587 5190
14730 4920
13136 13177
2325 12919
6432 7885
2341 7282
8696 10187
5783 10090
17362 10489
1574 2438
1102 10578
15636 16253
3944 16007
132 5192
2928 17877
9949 719
4042 18301
17956 17129
11085 6595
17856 17607
17341 10191
11967 14254
10560 6364
14675 16650
5603 12430
4768 17675
4715 8794
4316 19185
12500 13293
731 1537
94 6820
19781 12822
11747 1189
3111 1465
4860 6492
15838 8647
5157 10987
16320 7712
4559 16865
6820 1373
5222 12643
10757 7164
7424 2316
12810 14650
9881 19391
9404 7542
11262 2768
1085 6915
12360 300
14754 2609
16862 7465
14099 2990
19021 15367
11255 8653
11792 9619
2929 11620
15175 241
1379 233
19462 17951
7663 10635
5438 1309
11415 1484
10095 1381
12637 8284
18762 4009
8596 13818
6037 19849
17054 15728
8714 10235
19313 10101
3069 7251
8761 16059
3214 17199
9530 4637
1399 12441
10429 3317
19543 18530
15412 17424
18822 6941
4593 13895
8386 5907
11034 118
1874 12334
16568 11979
16021 10887
17095 2123
627 210
13711 10134
17251 4313
5617 17699
1448 14702
12587 1562
13586 1350
10198 3894
18801 7923
10804 13914
11307 1594
3394 14515
11172 1951
968 4826
4385 14622
16641 14018
16235 18228
10665 16551
3347 11472
12854 15470
9786 201
19280 10944
15126 13426
11362 4968
2866 16403
18923 918
17273 7359
2708 3509
11378 18958
5423 2302
15636 7507
1538 8693
10768 11667
15667 14411
18665 5335
18311 7508
1298 18553
892 18761
8052 6094
11193 17903
13585 12516
19756 11731
19479 14049
15625 683
10208 16338
1479 15190
4938 3557
13015 1662
14626 17365
18557 342
10633 14551
13480 2266
4632 11905
19997 19675
16813 8404
7834 6509
10287 11873
14641 424
19698 11077
6972 19685
18542 3694
14038 2224
6515 15837
4806 19179
297 17172
836 16991
16762 4169
356 16477
2669 17093
8674 12339
10528 5987
15053 4118
19727 7481
15725 11765
6244 3851
15087 6982
3099 15846
17927 7251
5695 7730
10182 17389
12191 432
4900 18636
134 17720
12702 13662
19032 17722
19680 9421
7380 7786
6109 4905
612 18815
4399 4046
14833 3276
8978 11794
2624 15964
15000 9940
7619 14040
10533 9595
5055 19599
15923 19080
12616 12656
15092 11644
1326 16187
11462 4859
11993 3276
4819 18326
4727 7776
16588 13278
16428 860
7392 11232
831 18329
13843 2817
7226 6068
9674 11637
9425 17747
13955 17327
8442 14697
10288 10472
4940 19810
16482 6068
15206 3400
9948 4648
16630 8380
1040 12592
4098 14725
65 6114
14066 8520
2209 19862
18745 14134
13712 5447
2005 18757
16980 5841
15350 5143
7689 13167
1437 2921
19525 987
4416 19826
15803 651
168 5056
5610 16923
16396 16563
12820 8236
5361 10003
19490 6566
15085 9821
10517 12827
18434 10980
3535 10370
13912 2032
17126 5200
6394 13565
6086 6666
5876 6713
19458 169
1640 9581
14501 19471
19214 16629
2569 4661
5929 9590
10181 17089
7259 10869
7392 12150
3597 3056
16400 753
3200 17513
5220 9485
13686 15807
5541 18478
16354 14029
15081 14835
10148 11994
3787 15495
8459 4472
17671 39
13461 2894
11320 17956
7322 19917
3970 4866
1241 1313
12585 14675
1519 296
15167 19906
9536 16490
4519 11546
8617 8817
2272 10866
3154 7577
4988 13860
13693 6708
3763 4728
5584 1807
3590 16152
1367 17791
16430 13795
14431 11315
9907 13352
6238 19794
11081 4453
1045 10501
12315 5333
14972 1355
5746 14657
11793 5416
15239 13823
1880 14426
5699 54
15737 15238
8086 7106
5795 13089
7909 4272
2108 15686
9193 2777
12268 17156
14982 16079
13567 7411
1285 5007
16721 7978
13630 19165
10035 9228
9408 7375
3400 15954
9725 10734
10624 11244
7084 14330
1343 7181
8190 17218
422 7148
6998 16564
14931 17582
16852 11719
8145 1252
2332 11540
10801 6219
7290 11770
11814 7985
19462 424
14514 9377
1700 1191
8566 2863
11770 3925
11732 7658
4503 263
15186 3414
9984 11173
17433 8717
3556 18875
7620 3837
6811 18837
9234 19994
2492 12909
17953 6126
16640 8024
7363 7225
5799 12358
18123 8325
18335 15860
19142 802
15483 18292
16800 19645
17323 8381
9610 3182
18228 2294
391 3236
17516 17714
8591 6928
2499 10516
7291 14500
12988 12677
14236 1141
5859 17522
11653 2109
16698 2103
2387 1079
6296 11033
14280 17008
6648 14196
19899 9062
13726 19484
12868 4014
7792 6709
19466 12940
5944 16490
2575 15723
2307 6062
3947 6670
5132 6830
10758 6006
4378 13635
19301 8707
15086 8876
4866 1403
901 15373
3465 11792
2748 9200
3628 19849
14203 19049
758 7939
987 14908
12245 15135
17000 16855
17028 14931
6240 11891
62 953
18852 9379
3100 2968
15077 18190
12751 9624
7083 13194
17284 6396
12640 16644
14808 7360
4980 1622
6544 18787
7777 14954
12581 10511
4033 15774
9861 6820
13709 14400
7828 18107
7413 15070
164 13340
93 8832
16933 17319
10291 3060
16656 6238
2599 4277
6546 351
9073 14202
16546 15694
5612 7794
9150 11845
7544 12569
1387 18091
8155 12222
12300 13397
2477 4443
3369 83
3284 9291
13713 3394
14298 16184
13129 9795
10506 19817
8107 11194
609 11005
10073 6877
13082 8839
16028 15573
8096 5207
19946 847
1085 19131
18277 17642
15840 2262
7816 19770
5065 10759
522 6689
2738 1879
14915 2115
8040 11880
9687 13707
7170 3699
13552 15527
10858 5867
4647 7902
1047 17075
16444 17
3272 3511
9415 1775
3068 3328
15149 6393
154 713
9957 17838
13149 13608
11275 13819
11741 3133
6073 11289
13963 927
19412 4976
7214 16750
14803 8835
15194 8722
16627 10212
16036 10588
9423 4607
11217 16893
19778 684
12497 10528
7403 11727
6259 15725
5472 19915
8723 8184
8432 12195
18089 4689
1773 19469
3944 16782
3321 12820
16001 6222
8322 16815
15712 9950
13288 18827
4405 8933
4359 3164
14880 5044
3278 8067
17439 18772
173 12896
16418 13894
17046 7650
4324 14859
3515 9812
16468 1087
19101 16658
19124 8364
749 3607
2435 6819
9641 17973
12683 11015
15837 19302
5022 2211
15464 19942
14296 19835
7540 15998
5168 2954
18653 19731
3239 15733
19102 6342
17899 16128
2092 7209
8698 12470
17919 19825
18257 7013
12245 16894
15287 5372
6684 9314
3080 6435
15654 9063
18501 19287
9633 16443
4890 12875
4982 8512
13598 5723
18721 19916
10492 4817
1234 7886
13280 12654
14131 2139
16838 1303
18587 1176
8177 18021
3101 7333
17294 19074
385 295
13025 12642
4205 2050
4159 15014
4313 3862
3961 11503
2607 2109
1092 5981
11557 19537
4682 14661
893 17848
8427 11871
6430 13286
13649 17296
4932 17977
16527 11788
9445 16281
8817 6626
5388 4730
9271 9862
386 7286
16088 11630
16155 8229
12771 3669
7473 5161
8321 8714
19866 10529
14601 7212
7820 13022
12413 10478
18225 5205
18785 13261
15190 7481
10040 17629
18677 17652
5065 6309
13492 12633
17822 8333
17011 8016
12753 2930
1891 8169
727 16061
8828 12723
18913 14526
19464 15451
12242 16731
16966 5093
17061 9794
1391 14322
14442 16522
14216 11933
17820 15222
1644 11952
17785 6106
6741 5389
14538 7361
12037 7474
8895 1594
11711 2894
17572 3668
16274 6707
2019 4787
17445 1251
6495 1966
9238 351
19781 10307
9408 19313
294 4613
17311 6593
13502 15018
11750 11606
16295 15136
12952 11879
12468 18850
10910 3374
16379 16990
7975 17544
16844 3793
17541 14462
1540 11455
884 4546
8375 6504
1963 3997
2436 15148
7881 5002
16183 15959
19600 18420
16804 7721
19720 9096
4445 15269
8206 2401
17741 611
13753 12718
277 1776
1752 6091
19575 16719
4935 18849
10756 7208
6231 1128
5644 13486
10696 13305
16584 10934
9517 3773
7691 4972
3777 6632
12070 14132
404 12719
14389 7545
18414 8236
11200 840
12286 454
16235 7438
6268 12660
52 893
16821 4874
5748 12416
14857 12551
5758 11103
1617 4856
14262 16943
15174 12064
7755 17694
9320 16169
13078 6637
11137 6256
14113 1961
8846 17954
5900 7771
9894 4881
9694 6921
11009 3564
5443 19485
4594 8544
17911 3242
15272 3411
11203 17934
11287 17086
10235 13047
11008 14691
7174 11933
8041 15280
1655 13293
533 10191
14602 14170
15853 4901
3621 5073
13341 7965
11600 15304
16464 3533
18538 19578
19597 16504
8116 7600
10138 2412
11977 11211
11343 1806
6670 12677
86 590
3376 19354
8811 1752
12054 3472
3608 9382
6535 19925
14797 17490
16767 11305
8614 17235
8931 15450
9632 12396
19979 17534
3135 4096
11013 10373
14097 19643
17345 18814
2841 2031
18174 6764
14064 14899
19142 14224
17173 14581
1524 17501
16169 5748
3144 12112
14303 8505
11622 14817
18540 17922
11353 18636
10419 13487
8109 16496
7790 11150
17486 19292
4422 9893
16362 5088
2063 19865
16028 2009
697 4551
17111 3194
5144 16459
14004 11876
12153 8305
13573 13541
3218 9536
13946 14986
9464 16473
5305 15915
16180 7305
5921 4966
18959 11711
2556 14422
16962 18296
12578 16110
14442 6744
3788 1127
19275 2222
12119 1084
13210 1965
19974 10755
10400 10221
17486 2841
11816 8371
3968 5121
19193 17229
6835 10873
7137 1816
19315 5179
15240 8495
12154 7527
7426 7398
18676 1638
16298 9579
14668 9269
12600 14674
13715 9561
8270 17161
15308 16864
18726 17064
19437 1306
5109 2007
7496 13439
7592 17395
2040 5220
7423 3160
16562 11216
18435 8506
19473 9772
4232 17407
4975 11024
268 8950
6530 9941
16821 6872
8881 16196
3083 13370
5636 18555
15067 15934
3955 13477
15344 2693
775 4282
2710 5167
17043 13835
11456 12226
12516 5871
29 5268
4774 14741
14013 14169
14570 12311
13657 18265
18747 18442
8531 9082
7320 5440
17500 4142
2780 1485
605 6202
17191 8320
16443 7966
3497 5525
19519 18276
2000 15837
6335 16081
9749 7462
2144 16093
2363 2108
16847 4055
9915 15502
8729 9404
9007 2771
18027 16761
244 17824
9880 1715
18659 17551
17974 3491
6859 9213
9117 2528
15711 12453
5225 9049
4807 12895
11979 5340
12395 19985
19727 13583
17638 8489
8661 17880
5164 15039
18146 16383
2425 3443
14233 13134
13822 19818
1523 7842
2821 1101
3121 9801
19950 10373
3966 2122
7725 19857
17209 6679
8965 7093
7805 2165
11524 15374
1945 14809
7113 14334
19219 10050
16628 8951
17748 6783
2315 15574
1146 7274
14395 15218
9011 18984
14118 18738
8996 7981
16242 11307
10503 2506
7702 110
19147 6386
6382 8166
1696 18999
9502 1270
4763 11625
7338 14097
11288 12962
10364 18278
9425 15505
19244 1933
9164 18646
14803 11958
15478 6655
5207 9897
5689 10692
9410 2709
18008 17460
13225 5528
17839 12399
7202 15689
14253 2907
1789 414
10499 18820
1633 13538
2616 13762
8639 17013
6231 12665
19091 11626
18469 13031
11990 12599
9505 8476
18520 17955
9301 8768
4783 9060
18971 17153
12145 3363
18746 3513
7140 14063
12324 641
1542 1060
16960 351
19670 7907
14738 12680
10074 8010
7876 4473
16394 18782
4506 18023
7793 12988
6385 823
5490 18640
8586 1745
10757 12636
15896 615
18919 8500
1614 15782
17653 11148
1714 17473
3166 7821
13685 12600
19891 8413
3984 7658
7447 16248
11962 10581
18004 5334
8939 159
11223 11442
5128 15218
9687 11068
775 255
73 738
2264 12112
1373 19575
6148 4003
14400 5850
5058 6267
7025 14534
12659 4136
17556 1713
9242 238
1108 7300
4862 2229
18933 18693
10727 15654
13043 6656
2386 5753
17873 4697
1869 1705
9613 8113
5734 15468
13552 9035
10538 17813
2622 19752
7077 2909
2097 18908
9234 7602
10442 647
18504 17802
13895 17081
15088 17829
4713 12969
5618 11524
14930 838
12063 11254
2839 621
18459 3528
18793 864
17101 9980
4139 1401
6994 12667
6426 19132
482 10810
11859 8080
1127 7005
18907 6613
15600 14132
18645 10300
3038 6416
18780 17935
6262 6080
5518 7654
3422 18369
15553 11936
8325 12624
12206 13644
15851 4626
3953 5348
4232 12867
4105 15230
8722 1731
12475 8211
258 10396
18093 931
3064 16611
16632 18933
10345 1779
1917 3065
4615 15887
15350 15200
2089 4434
12202 15867
11457 6874
11521 6868
7930 3245
13812 4473
8029 17188
3965 8756
15180 16181
1474 15866
13887 17015
7644 9325
3879 14141
10353 4408
12085 11903
1924 8059
319 11890
13546 5750
3829 15397
11842 4633
6178 10240
13561 2421
2791 10085
13669 18392
628 14919
8849 10328
11845 10707
15556 10162
2631 16034
2088 11133
18844 14293
3194 15252
16163 3554
18372 18876
18985 9548
19888 3075
16834 12197
8567 3706
1211 10633
3363 3562
13220 11718
14308 15811
6582 13083
19027 638
14946 10530
3723 19772
8886 18943
3197 12903
18806 8407
4431 13005
7842 1326
2128 8911
19481 5563
16631 664
17895 638
7905 9344
12117 4380
16781 9625
8531 10138
16094 16155
16735 18879
6741 7331
2732 10214
7469 9214
18064 17260
2855 19052
19220 19538
16788 4397
4618 11579
5289 16306
14481 13081
5050 980
16621 16133
16485 15946
15716 6144
1585 14956
9055 19289
16565 10453
12366 2268
11675 8840
1342 4199
11156 13814
12762 9159
2152 1639
11190 17419
9551 18110
13027 2977
17805 6517
3303 19101
14069 7137
19009 16783
15326 12553
8254 6170
17585 11445
8176 12534
14127 5237
7099 4491
16907 9414
14819 13148
15655 19710
4746 14786
7569 6101
3731 17823
5626 13272
4970 15700
12574 15314
15939 19797
9606 10399
14756 17161
6486 11002
7328 257
8353 17153
6408 7980
10368 19372
11593 13774
11937 8589
14921 15119
17449 8824
5228 5450
7678 2320
4256 3150
17421 2029
18349 19707
5147 75
13490 14805
19999 12615
13758 19035
8439 8594
3141 15947
4990 8026
13149 8179
7417 16947
11921 5332
19927 14118
10257 10933
5128 14351
5677 8363
5344 14181
10563 17008
13942 6298
7410 16599
10836 14756
3007 8815
13623 12611
14481 11039
12972 15261
19006 7992
15559 2964
9963 9920
357 10282
16809 2031
8706 2447
5641 2092
17002 16245
15009 16057
5514 15092
2839 8171
12001 3801
16523 8885
11110 10194
361 4094
2189 17968
9680 2954
11187 17639
5632 7665
8535 17946
15612 7937
19957 2114
13283 16114
1553 2553
11149 4799
15105 15166
3929 10054
8987 2900
17992 589
1019 8733
16446 14206
16626 16040
1687 14513
19858 7972
11587 1960
4065 2738
16353 11182
4264 4036
14002 17290
3826 14113
4063 12555
9098 8783
14251 5776
1017 15382
7751 16994
8204 1072
15465 14045
18071 6524
6158 13952
11330 17273
2679 7145
3441 17307
7700 6608
4242 9689
9692 5616
10653 7726
6162 15611
12781 8907
8342 17316
9418 7961
6308 19161
17262 11115
15018 7838
10799 6542
12069 11688
67 16075
12279 12534
15077 3746
19509 5604
5570 6480
2984 2692
13460 8488
17408 7084
18556 15152
16926 15248
15249 10880
5081 4495
3175 1140
5287 1562
16364 3223
19352 10498
1790 16580
10794 12872
14330 11297
190 492
9876 15408
1310 5886
16693 8697
10322 15396
19526 16640
17784 14562
10575 13405
6058 8564
12822 13496
4090 12494
4428 5989
14828 16092
16330 8041
19233 12018
3449 7610
2120 4272
6030 14829
8797 1274
13719 16610
8062 12791
587 19304
8774 4305
14894 8731
8423 15309
7071 2927
5966 180
13122 7743
10504 2933
16823 15082
1877 12568
18173 3496
15958 9676
3 14854
10612 8157
5259 3744
17843 10046
8895 5498
2214 8053
12303 13577
4596 2634
8212 19514
13972 15236
2837 19291
2652 13160
4794 7603
5966 8056
19814 13169
3461 2436
3801 13778
12848 6121
12604 14003
1088 8615
1951 13562
13409 1380
7947 15960
2957 13638
19306 5317
15377 19673
8351 9206
9617 7961
483 13829
12585 279
9232 16255
16199 19489
3697 513
1528 1524
7234 14092
6694 705
14956 12958
14868 15
4205 7405
15535 6787
2214 12474
15194 3241
11196 3998
16766 7864
6553 12518
60 4279
7127 4933
11891 1900
14909 13455
16985 9941
13546 3379
4891 11976
8205 16471
2628 1392
17708 10213
17089 6058
1245 9396
5785 8905
12649 13203
16296 13609
8295 2144
19830 6187
7318 14476
18793 13366
8305 16643
19054 14871
1633 9216
5524 15372
2641 7833
13118 19577
12706 19249
4827 12352
6560 7883
15847 19169
8254 7882
956 7259
8633 12491
15018 16439
12490 4524
9070 13314
1455 3586
15055 19256
12859 1178
15336 18665
16101 3129
15489 18930
3130 15391
17924 15872
16503 14033
19636 12232
16152 2980
15965 17889
15161 11880
4643 5874
8708 11376
15282 14929
9993 7853
18808 17907
19260 7529
5287 13891
9005 1733
4438 12220
15086 9128
12147 5811
2189 11026
4189 3961
8039 8461
9743 4882
14916 17616
3005 5104
3249 18745
13238 11151
10717 2711
4732 1144
18324 164
15332 19326
2400 1304
5671 3250
5629 17321
14080 11046
16953 11024
17691 10557
10152 3736
8334 11377
1314 1601
17656 1303
11347 901
6820 13000
12751 3022
16352 14701
5222 10396
15631 18231
966 4158
12281 13583
3979 10422
4100 2420
15487 8287
19009 17993
18647 11236
7602 14176
13746 10128
5250 2015
15883 16451
6522 3484
11229 17878
9550 9649
18499 7645
13657 5698
13806 2044
15889 16637
3691 3036
10752 7682
7313 13579
8198 864
5341 15849
10701 10328
13521 4425
12334 13485
2052 6033
18247 12347
6366 6853
4757 18835
18754 1673
3014 15615
12088 6752
1438 4777
18027 8181
6206 10789
4969 19831
11554 7521
11419 8720
3344 17367
4217 11608
16410 17072
10711 11632
4556 12791
17795 587
8403 9275
13703 6876
5808 10050
9850 645
8348 11410
3339 14741
675 12725
12540 16570
19895 18033
15089 19900
9393 13863
4530 10477
11125 10313
14801 813
15125 1083
5283 7461
13453 624
7105 15510
930 6428
6794 15162
16356 7525
15471 2056
7968 3435
11560 15903
11573 3347
1504 6314
12642 15277
9951 19374
9333 17373
18938 3715
8375 19229
516 3123
2645 688
19366 13374
11878 15745
4316 9231
11271 7700
9206 11421
13517 2004
7026 12293
19191 2469
13293 10352
8135 12762
228 19113
9761 6145
176 15003
8876 3272
9187 18289
10800 12693
19694 8769
11625 1369
10869 618
5535 14346
13508 8012
2929 12255
11222 15913
13025 1165
12797 12731
7522 12813
8715 10118
8357 17338
4647 8628
15804 15601
7367 7004
1485 5394
7542 2323
17252 15744
17295 6907
6028 6622
11302 18802
6945 10519
11735 19373
1397 1617
13443 18993
17530 7437
15238 6796
4970 14509
5755 2345
16706 7397
7763 8951
17923 2137
7831 16503
17020 17804
5822 11544
9288 15857
19062 15288
8959 18131
18246 10600
10772 17350
4336 9912
13761 12381
18150 8575
18906 4885
5668 18256
7049 4638
13265 4015
12621 3050
13316 6230
3941 14343
8044 15223
7460 10409
4170 19982
9722 1043
16479 7465
19099 18150
4157 3423
1791 852
3302 14406
3833 10163
18027 3260
12888 13022
3591 13737
6188 10302
14898 3472
1604 19537
14053 13738
8677 6891
9963 13155
10810 10128
17368 6961
7098 4873
18413 13993
16226 18572
890 12818
9974 423
4321 5678
9499 15469
17653 4113
6837 15978
3815 11907
7890 11505
4038 10231
4297 551
2117 14039
10134 4636
10263 6657
379 1522
7280 3482
3854 13961
16561 6986
19245 16177
7868 3573
8136 5236
5819 16945
13134 11024
183 17836
14547 15777
8887 12006
5565 17214
19098 1965
4166 6432
19933 13611
2204 6908
14713 9744
3054 17737
3755 19009
15508 2530
6830 17467
16919 5222
14631 9549
2153 8977
8767 10042
12952 10796
13002 106
1113 11292
2584 14305
10050 12947
1698 15114
12574 10007
13814 727
2892 12961
129 1086
20 5274
15266 13552
9609 5010
6130 3660
18954 15961
1392 15955
10742 12923
6720 18293
19737 18988
12664 14279
1031 11230
4289 16163
15541 8484
4826 17735
11463 17666
1673 609
14462 10754
9041 6296
12897 7267
2042 2133
3845 7442
10788 11467
10595 5690
1864 16274
19078 10597
3535 15978
15282 5788
8128 18508
9112 9631
5522 17277
12618 14970
3040 18937
7921 17732
17986 4875
5823 19557
6726 66
9606 1928
18711 13578
7187 6974
11040 15793
7057 19754
19706 14005
380 13335
5462 1003
18151 16825
13252 5696
17470 19284
15943 9560
10143 2041
8740 5416
5608 14685
8778 8979
18147 17539
6582 6602
7269 1330
2790 19107
8327 14901
5038 1065
9692 3463
10872 15203
92 6521
936 9774
9462 1161
9432 13322
1219 12203
7210 1363
16763 14909
2594 18972
4439 8950
13909 14624
18393 10262
237 9326
10689 11892
16790 5092
15134 16474
2087 12327
17267 8991
18289 15873
14438 8081
17957 15342
5186 15853
8267 6874
9216 15594
14688 9808
3376 11977
6330 16209
10055 8160
12803 13564
10886 4357
19335 1066
738 6008
10819 5101
15783 15569
19848 19977
13013 2785
8179 2
8739 5370
10509 10652
2454 29
12535 8010
4521 10052
19949 2129
2750 13923
10989 8101
8477 8317
9707 4522
9686 1711
7693 10805
380 10973
1875 2564
13036 13061
7953 16838
18224 1833
16163 1715
5126 12886
4739 5474
1716 3709
14533 14208
19350 4924
5543 15375
19221 5293
16516 3363
1594 2454
3596 6601
14822 4747
3806 13943
5734 5760
11532 2334
14706 13727
1302 1631
2393 10971
15447 11132
9544 14553
12226 12479
4251 14167
12081 8499
1140 10663
4750 12955
19066 6992
4266 15147
4951 8142
14990 11897
15134 19860
7189 4930
1503 3388
10760 6779
14667 8201
8197 2912
12810 6659
7766 8433
2707 11148
9995 13141
18028 4564
4832 8515
16699 12333
14866 5517
19913 11183
18204 9658
4205 18419
6487 17781
2909 14338
9918 15784
13422 8362
13616 3694
19607 2503
9218 6293
2745 1083
15918 1398
12669 5882
16525 6333
14599 1122
5022 10648
7269 12600
12170 8893
2970 12257
18239 7627
17925 8522
5334 7519
12094 9456
7323 3068
8320 4281
4101 17451
12528 17998
6995 11551
8764 4732
5844 17271
18953 2561
4460 8337
12028 45
18994 10744
12636 14529
3825 4130
10724 10814
4214 17471
12263 2098
11701 8425
11178 11345
10946 15288
16353 1670
19901 5088
7198 17904
12849 4052
12633 7044
12434 9954
15295 2929
10514 2699
7 7786
298 1706
10038 16950
1072 19598
2708 3515
9819 6827
72 17867
16141 8177
19498 11084
10608 2963
8238 14341
18087 2808
1968 8105
12153 14766
11142 5317
10866 18816
319 12887
3264 17725
3124 13232
19993 13280
10500 745
2876 11056
13837 536
14760 4267
8393 12030
170 19048
11608 15003
5834 6452
2404 19662
11872 15305
14148 2851
6924 2200
5148 7473
11998 880
7618 2187
12004 8249
10213 10885
5560 16578
7453 10886
10624 10514
4500 17868
11417 15679
7429 3615
13979 8027
8754 9089
17136 14164
15310 10320
18987 17099
14388 11650
12636 1325
12120 8394
13857 14309
7679 7121
15959 18627
1505 15005
3920 5438
16568 17322
13547 1899
8779 11650
2030 4111
13513 2530
11506 2368
17594 2123
18847 3476
9467 6748
14337 1604
5875 16455
19865 1428
9151 1853
17034 2234
14691 6816
1587 8709
3671 13324
12751 12812
9559 2231
6407 9983
11236 15537
15026 12680
10701 3485
3288 14552
14183 3358
12047 8199
7131 17415
3168 2611
12585 16564
12809 19675
4599 11865
9838 10601
9936 13869
2061 6942
14363 6859
11452 10189
6166 7399
3935 8392
12337 17308
19949 10359
19052 3510
7127 457
19404 14493
14922 1758
17559 13659
18452 16010
12255 6101
13427 6617
12979 9319
17935 14734
16078 12969
15282 6300
13151 10265
1883 4001
12975 11465
18609 9712
16664 12886
11879 17133
15315 12820
8101 14270
2345 19482
10296 17331
7887 12188
3688 8012
9595 10238
11987 1654
1734 16194
12452 17132
4052 14336
16834 6579
18047 6367
17685 14081
3719 15317
12631 19803
7306 6998
17448 6187
2839 16859
5051 10789
18694 5787
16285 16055
14546 6868
17787 4215
18374 10901
86 7741
1016 10873
2388 4808
4825 16536
5023 7978
9579 19285
4664 9747
15575 12430
9831 5337
16532 6387
1751 4080
10243 17466
7250 3719
8934 16495
12278 608
10911 6952
1086 7729
18361 11456
8082 17205
10464 4162
18237 6198
6422 12104
8572 4793
15156 56
17435 2102
4152 2197
7568 11855
6569 15
788 10504
730 17592
8297 17308
18017 6221
3300 7649
17920 18998
17966 5537
2519 14020
2201 6775
18560 19664
2147 3568
16040 16359
7096 5677
10854 11263
14433 1487
15656 9472
16130 2372
10532 13085
19114 174
45 18133
9816 1330
3145 9722
14601 13301
16625 17873
12325 2629
719 14768
9783 5187
11764 29
5955 10078
2055 10602
6821 10629
15481 2003
13474 18090
15974 8408
8246 12315
6304 1878
7503 10992
165 6596
16325 16823
6356 7212
6292 4631
8186 11131
13544 10919
10707 14090
8786 10493
19485 13309
14870 3580
5147 16253
13360 14537
505 6712
17213 7365
2325 2397
17751 3148
7705 15249
9065 5072
5067 18600
13673 1019
197 6455
925 15354
16018 8938
17128 6137
4273 1114
14401 17472
18389 8018
19590 16358
3769 2040
4791 13465
10416 5293
6799 1337
4138 11610
10828 16427
13859 18860
8872 19671
9877 756
1610 2112
23 2315
12352 15306
12421 19609
12400 8443
12399 14047
130 15685
11517 8094
5550 14541
17617 1618
16384 10979
16459 11224
8791 3824
13291 13337
11170 16396
18514 1170
15987 17771
29 11155
15014 18063
13998 14982
17093 9291
15901 4124
16558 1229
5170 11617
16629 10055
7178 4157
6627 5404
18079 12610
3910 12096
262 19621
14146 3837
1223 1850
13086 5317
3693 10475
14243 7363
582 19462
1948 11940
18565 4591
12591 12316
16040 10945
1 5864
3940 2986
17078 12292
15940 19662
17278 468
12809 19934
19405 10909
2824 3061
12362 14108
2328 703
16153 8991
12325 16793
3278 19136
13533 12011
2541 14071
7247 6941
14856 12750
17755 11411
5898 16442
12905 9118
10647 1812
18340 3433
2276 3972
18686 17729
10337 3947
9448 17670
11151 3877
18365 3
2518 6871
2796 2814
4787 16889
16948 11390
4490 14617
16513 17871
9091 19526
13653 7317
16875 6388
2864 17338
7618 19813
17628 153
9310 6867
17401 12062
13801 4422
7385 12816
9017 4069
10284 708
6168 13036
11465 929
5824 17212
12900 13165
3525 1423
5063 18720
5910 5799
14490 13046
8549 12690
7211 2369
18669 14204
6189 15496
16200 3288
3456 1251
4641 9431
10689 1801
5528 16178
9207 16968
3340 2910
7044 15367
13187 5991
5780 10264
2621 5296
18289 17998
16268 9810
7353 8434
7772 4702
15928 12460
12682 1436
12771 765
8026 9595
16916 4581
1804 19807
3971 15281
1900 19860
17872 1485
15176 9686
1237 9051
6728 1703
14423 19929
9496 14392
10522 391
4556 12745
15912 14680
2890 9286
14975 14132
16294 9402
13439 7741
3599 9261
9564 2055
18493 8040
14789 8470
3508 9720
19516 8978
3272 16758
6481 12314
10462 13759
13341 10432
3735 4075
12632 1085
18718 6564
9026 11941
11876 9612
19342 18813
16201 5329
19042 852
3310 15410
9466 2392
13420 13639
3990 17737
17764 10713
12674 14106
13083 2721
2763 18236
1551 4347
11812 3301
8610 14024
3875 6545
17448 17731
10162 6522
12954 4606
4208 10500
9146 18146
3588 3568
19787 9358
19539 19355
14578 16044
18415 16720
18261 3816
17443 9661
1516 10760
12080 8362
7626 17386
1130 7275
18599 13083
12883 18750
563 569
11863 15440
10222 13916
5428 15753
6138 834
11799 11547
4463 18153
3439 11756
17121 13855
15448 13606
10838 7675
15419 3940
19468 984
10992 17641
3868 11577
15126 9946
13656 3198
12486 11557
3301 5596
8288 8820
19620 16013
17209 8397
14529 13885
14573 15085
19322 10092
8970 5399
18061 8643
12911 16112
16533 9418
13771 2512
14559 1445
17385 10367
18156 14591
13879 13166
14923 11804
4311 10474
5337 12830
689 884
5590 8395
13607 8026
10321 18080
13591 5625
6060 5304
11721 11076
16170 3946
209 16331
7481 18358
16846 19773
10888 14881
15686 4544
16590 7111
13609 5116
12260 18163
2549 19363
13171 19049
214 18995
8950 595
2022 5268
862 9790
2641 13524
12747 13217
3453 19350
15005 343
12554 12233
1754 14049
762 17908
8786 16181
13033 10895
12755 19698
19746 7955
56 13349
7107 632
2367 10535
9029 4056
6444 517
15175 10297
7284 5190
3056 12590
17949 2463
9220 19550
15103 12653
200 16707
5724 8629
10251 5555
19774 18010
8219 11517
9913 17475
10171 3313
17166 5560
15631 2552
15631 19630
9062 15154
18920 18892
5009 10430
6839 10008
19251 872
5013 1137
14696 18822
269 9518
17955 9422
18366 2
15836 13389
15558 19274
9067 15150
9968 12502
11011 8837
2697 11479
4873 9816
1191 15602
13374 4106
4415 10854
15016 14186
9394 19789
5203 64
18032 8959
3391 10448
11305 10266
2722 6034
79 17506
11939 10743
19991 2131
11068 19301
349 4289
16768 8049
6391 7279
12629 1217
2268 16437
5710 18680
13629 4285
6900 15651
13097 8900
19342 10778
4275 9620
10952 19192
18334 3881
1381 12201
18403 5311
4285 3953
2991 8670
5947 9096
19212 15231
11135 14538
14414 3205
10742 18344
14078 7601
16951 4641
8509 16307
19631 1551
2258 14908
9667 8982
5089 7317
1498 16411
3824 11327
13772 3461
11916 397
8395 10731
10582 17277
9287 15397
12874 15658
17057 12183
10030 8981
7556 16350
42 8941
3924 8711
112 12335
6198 14674
7341 12809
5451 7483
11905 12577
9844 8683
3412 11391
3412 2866
7784 5805
14909 12606
740 18059
6200 3006
6014 83
11421 15033
963 18630
6586 5434
16118 10994
7672 1747
17296 11936
7699 9934
12106 9166
9498 7002
4983 14251
7227 8370
8636 12815
1049 15684
9118 13834
3338 17285
10985 11943
6251 14819
18075 19897
2980 8008
14870 843
6685 18650
19032 9171
16241 12432
3932 102
5983 2138
378 399
4446 2660
19885 12351
19615 9606
10832 15826
16779 3683
10012 17007
19939 3929
16903 2861
1321 8833
6878 12063
10629 15244
8282 12977
16597 18285
17758 19141
18045 15152
9887 1298
16231 14970
12938 19679
5134 9520
1495 17324
3328 10266
5891 6163
3117 16054
15954 2186
16373 16302
7724 309
8824 17272
13436 4987
13681 10889
2911 7347
9306 2381
6112 5977
5212 9181
3110 4682
1299 2467
15409 25
12952 5108
19129 15158
2421 10439
4205 4489
16311 1714
18944 11782
5134 8905
4271 12313
19520 7748
7834 14764
15657 11933
11943 19702
18395 8402
16474 8932
17458 10170
12640 17399
6862 8813
7098 7088
8410 8968
14673 6143
13428 3048
16904 13985
1765 4621
10008 6074
9468 17244
2111 7804
14925 10761
6183 3777
779 11723
269 17285
1004 9771
1482 7481
1858 11500
4893 11314
10993 17674
2781 8209
14092 5594
8224 19904
9955 7950
15973 18027
15091 7535
5594 16312
17944 14084
12091 6940
15294 17950
12428 16692
9645 9147
2818 1072
2810 12769
11755 10028
5533 15187
10500 8965
1873 5582
18954 15181
5549 14196
17646 19104
13410 648
4498 18718
1143 11051
16863 19018
19549 5229
2407 14445
4268 686
2735 8886
16591 15812
2058 6850
12632 17155
1930 15161
1480 6133
3589 3952
4798 3439
1293 13825
7453 16708
15275 14922
9235 2355
2762 215
11541 4952
1527 14475
13345 19756
18317 19770
5222 19511
15012 8650
6352 6737
11952 1136
6189 14773
495 3389
10574 11339
19891 12513
18608 6519
12324 2470
1792 5148
7944 3752
9705 8173
13866 1125
14261 16389
10877 19426
3530 7201
1925 296
9133 13851
15916 13942
4689 16545
9407 19110
19385 11813
4183 11213
5201 3827
17923 1284
5320 3860
2153 10370
16799 16192
15045 12458
2939 2763
8840 4468
12952 18394
15155 6809
1441 14248
18790 9937
3456 16596
16512 8642
3516 3910
16655 17829
6370 9361
7312 7254
19702 13795
3386 3759
18329 8567
5838 19970
18036 1341
4865 11987
10097 3046
5889 7229
14400 8449
4526 15516
8561 844
2307 19741
14863 4740
4538 5343
258 2127
7344 10845
1447 6476
5471 9215
1569 3623
19288 153
17030 15565
17941 7208
6578 14877
15972 11979
16305 7895
15365 16315
12024 9286
2215 13980
11195 18097
4078 10606
8250 13018
9429 8091
18705 15015
4919 12984
19022 9244
10940 16078
1077 5908
8275 3479
9177 12
10206 6005
4447 3154
18455 16203
7632 8940
4362 9528
14439 3089
14990 4793
17793 6744
3159 6443
11940 15272
17602 5683
13588 19116
15891 2260
3318 18595
17704 16392
17931 18866
7096 7495
2585 18136
14763 7225
16194 6775
12326 9505
3697 800
2875 17861
11078 19407
12384 8445
11938 5937
483 7360
19876 6870
347 2141
16604 15301
13200 6667
264 9831
1123 17748
15600 1793
7087 1548
9917 2300
16717 9144
12666 1151
8167 7408
7301 5731
14102 326
3014 9894
2266 8112
9568 326
5862 8840
11964 14121
594 14740
6804 1986
17150 19275
2270 17666
18137 16138
8923 12024
1210 8327
10456 17044
3002 10822
9107 11086
17953 5188
18898 6873
10529 14099
19269 16041
17157 13282
11245 16050
5503 3330
10338 9090
5451 15779
10898 8755
18039 11895
13525 12058
19629 8139
1320 19909
14033 14852
559 14261
7132 8408
15067 1827
4435 16149
14611 10935
8814 2641
11591 4309
7119 9160
7305 1520
5313 18366
5857 8965
9141 5993
11091 19607
11020 17424
10777 17345
610 16393
1672 5129
19996 4664
4736 4614
17715 11022
7182 3314
11806 8038
16987 10293
15152 3452
17728 17439
4439 235
10739 9368
5967 2188
16775 3053
1551 914
5457 19477
11432 7368
16542 9
17881 5242
1440 7945
735 3957
16934 4404
4197 6940
10679 19743
19416 4463
8914 8049
8966 17626
14627 2492
17100 14987
4411 4931
14390 3339
2559 4606
14015 6127
10101 3898
3509 19719
18378 567
9081 10270
9584 7919
16626 15419
17592 14318
6289 5161
4526 14550
10847 2948
7826 15201
491 2923
13111 19263
3555 10723
9862 12293
3889 19337
10785 11880
13083 8999
18567 1050
12694 12681
3029 5352
18230 11735
7222 14692
17424 2603
7421 4894
15958 17053
1734 17748
10370 13088
13825 13987
777 2671
17896 6364
10388 12003
16695 17998
14264 6896
8656 19235
318 10232
3908 1026
7676 7855
7824 6142
13978 5368
10341 8532
17544 4823
1052 4144
15337 17644
9681 163
14017 14943
18809 19758
12685 17278
3678 13831
6512 9286
7092 19605
8471 11807
1142 3708
16998 9009
18887 8965
1195 12797
3770 5484
18811 7603
4334 2022
18567 16899
19917 791
4064 4158
3094 16961
8613 13976
5952 4323
19460 19327
3989 608
14127 10044
17713 14433
4516 959
5012 9772
18500 10981
15029 7054
4401 14033
8541 7448
7937 7238
7650 14725
10723 8444
18835 15446
16192 19228
2224 10230
12850 14125
8119 6587
8334 377
2438 19370
629 19653
9636 18534
8705 13370
15919 2311
4581 1479
16884 1557
9624 12282
5638 12113
4665 13192
16626 16745
12204 16006
14454 19412
10981 19631
1240 15003
3258 136
11462 3282
1715 4107
16529 19462
1780 13678
9931 10429
12090 11845
12674 16911
2529 1457
19996 9521
17743 4644
7681 8150
6970 997
4740 260
7314 11706
7882 14293
19995 14393
15725 17732
6830 14499
9570 18348
16796 8988
13426 458
128 999
10670 18769
14205 14412
340 16843
4973 1486
2674 9984
15185 10892
15700 8546
1212 19119
6522 749
11148 10696
14444 8914
3028 19639
2186 6557
12404 870
7066 4379
15018 17008
10183 11074
7586 19578
16600 3480
12718 5477
2929 12677
16936 19847
12769 7011
19562 1858
19399 12744
12813 7793
9860 7567
18045 10772
17201 7862
8308 4942
10309 6887
15543 10183
16628 12963
1180 16086
4622 6386
9749 19843
15088 13026
16224 3163
13883 3417
3448 1354
16504 7689
8455 8417
10754 322
13301 7758
1701 7868
582 18648
13132 1910
17498 9543
6369 9496
769 9362
17394 2788
1537 19673
14423 13000
18895 4892
3351 2725
8896 1698
1523 18491
8405 8871
12062 12474
15511 17159
16710 8955
10650 15398
11793 11511
1018 15654
5086 2246
19642 6324
6057 13954
8853 10509
2910 6681
2231 15025
387 1103
3173 3660
6118 4271
3798 3222
13554 9397
2700 9637
8930 12438
5441 505
10600 16543
12880 16009
18931 8578
15048 5214
3777 8169
7728 9612
5201 19960
17872 15252
12214 18844
648 7004
7797 16386
17649 2119
286 17160
2200 6219
6527 8592
5522 18231
13338 15056
8464 7373
1080 3172
15935 12510
179 11754
9266 19215
19417 11945
16565 7598
16727 16652
9114 2711
3728 7989
1359 11795
19140 764
1530 14229
15772 5093
17325 5888
10808 2972
16495 2105
14224 10868
2563 7290
14924 1788
13119 61
9078 19581
11877 8352
12745 3701
3487 9766
13126 3943
19088 19306
6321 4776
19321 2732
11150 12892
14330 2690
10957 14979
4528 17881
16759 13933
2829 13972
10350 2157
10235 15812
13711 16157
2548 6526
6432 1037
14575 19860
16085 1202
12728 12430
9564 17606
8201 6274
12511 6638
208 625
7600 6715
19117 16454
19074 3259
16301 19139
8993 3890
15663 13607
8481 7905
15849 17554
8384 6467
15503 17688
1835 435
3510 2111
303 14264
6159 11802
8499 10506
18459 17546
12891 18027
13377 10160
8914 5086
1769 10821
18852 4807
13348 14788
13114 3174
19293 7512
16543 1605
2204 9491
7712 13085
2217 4664
14322 17577
9752 2232
16359 3060
16923 11138
2348 1736
9848 94
9152 5646
14158 1711
8942 4596
16721 4189
8278 14548
10807 6197
2563 15147
11336 2257
7595 1867
17634 19114
16818 16248
15987 3803
8264 10387
11381 18110
3274 6138
11365 18722
6325 5761
2818 14476
6173 11924
6715 2718
2997 15292
17789 16368
11628 19425
1722 16896
17858 4126
13389 6362
52 8446
1636 18653
8879 14992
12360 11499
2425 14709
19839 5935
345 19521
9012 10921
729 9077
16654 14937
8286 6647
10428 18716
17815 1644
13446 14936
18337 9312
18796 16959
18024 4722
13632 1045
16719 14140
9083 10793
11363 3821
4377 10462
4606 1285
1209 10300
9364 5704
15265 10888
9975 14290
3762 12621
4692 17345
19088 8311
10995 11633
5161 5092
16982 6219
11415 8305
15386 6296
830 18994
18009 2987
12850 9778
16931 16862
7055 13876
18272 13588
9335 3443
18548 1645
6487 5184
7982 7233
15637 6977
11872 1980
18566 11193
19955 1807
14582 10165
19568 1670
11274 2211
7388 14533
996 417
3653 5489
16981 8261
14076 6187
3728 14073
13109 11582
10092 14719
9629 812
408 9359
5125 14618
9414 10921
2415 614
10112 8664
1143 2745
4958 13218
8024 19164
5304 19009
7260 19660
14724 5848
1133 18007
14055 660
8440 17487
18257 12809
14914 14912
972 16180
4962 7818
17793 4124
1677 10700
17947 12363
6639 7958
11888 19246
915 4038
15281 18821
15381 12967
15941 10005
14686 18498
8861 1848
17318 10599
7328 11694
15027 1353
4337 8706
5585 19594
6735 6090
15531 12180
12563 3461
18336 17250
17463 2177
1805 2811
5391 2705
3909 5987
13342 7454
11863 4579
12877 8615
6547 13877
17854 18502
14261 12238
11086 5449
17731 18270
16404 9190
12960 18595
9882 17953
3749 8141
14371 17670
17326 11586
3652 291
14106 6056
2485 11804
5339 4708
11028 7707
17673 4095
14458 15031
10404 666
7346 3001
2212 5619
15233 15344
4872 302
7093 7425
17266 7241
4414 7235
10124 18492
7847 9368
1633 10802
11232 13211
15092 4699
4144 12412
3197 5370
18114 18784
2709 17816
8151 3710
13396 3649
15686 2262
4984 1043
4999 17062
3087 4040
560 14764
15506 10222
4436 13766
2064 2446
10127 13239
11694 7616
14984 7310
8484 16773
4584 2391
2272 2493
13674 13270
7606 7985
18911 16818
12585 10955
13351 17044
3481 19794
11975 2153
3465 12071
1902 10699
4800 523
11940 16912
7828 1999
9201 8183
8655 13401
14073 19437
14789 1991
9832 5501
4440 11819
9428 2308
3071 8070
4167 17480
18503 10391
16372 14282
13475 5849
12467 11939
1508 9100
10763 3357
3556 11097
10229 5953
12690 13433
7700 16715
1870 11639
11068 7491
15738 3462
12402 3489
1857 3492
8388 8070
10237 19704
6053 18485
14703 3881
13052 3203
1522 4014
3301 10165
10829 2785
6452 16577
16020 9638
4946 12404
6196 19891
6652 6339
12580 9677
17749 5303
8438 2957
17181 13823
7118 11952
1417 17123
14778 3075
10552 16765
5381 11466
16273 18781
16862 6624
15499 914
14219 11616
11696 4868
5219 7718
8040 12961
13402 11715
5522 17508
7529 17155
13932 6179
10583 9359
2768 5537
18311 10750
1660 12763
3558 13507
1739 8654
992 17005
18770 157
12018 6787
605 1077
7665 10539
7295 14129
19257 15627
4028 13679
954 626
4329 15601
8254 19424
15903 9707
7011 10497
11159 3314
3705 14824
9537 9479
2076 14905
16902 7127
860 2028
13015 13549
17020 19302
9753 13769
5602 2862
14331 12537
14478 19399
11920 4140
13451 6288
14698 13482
13663 1806
9099 18027
13344 15748
1958 17787
15426 16222
9558 17120
18923 1522
9352 3963
1475 2857
296 16244
6345 15054
5712 755
12258 5340
15678 14744
6745 19338
12736 12960
16419 4150
14715 10301
17943 14691
2401 12183
1490 4051
1520 1193
16655 527
6099 9891
2365 79
14919 13027
5299 5894
15756 10933
9560 13667
8757 12377
8631 8985
15158 9346
3631 19772
4308 17038
19823 505
5453 15900
14283 5004
7440 16553
3274 16730
4951 15858
9294 5299
19585 9182
5872 17945
1672 13269
4452 16690
18642 12243
5742 19957
9716 10811
10703 2899
12479 8557
16240 18648
4475 19773
14958 17686
3990 4428
275 18531
7758 12977
13055 3823
10558 16643
129 6350
2514 9362
19224 9028
1385 7311
16156 18845
587 8900
18440 10899
14578 13110
11676 4936
14842 16280
15312 4554
7859 11335
19078 12344
14727 5544
13474 9993
8461 8145
11478 10312
9953 1094
15888 16588
4027 6459
13735 8367
15180 10080
2503 4215
9947 16234
14610 7154
1140 18976
3878 10024
8648 10945
16790 2584
11092 4310
7978 5515
9915 14808
9021 11015
2553 5091
1162 13568
4516 15677
18990 3489
12595 17453
11229 19164
15372 2823
14127 12196
10529 1949
17427 19816
14447 990
3296 3615
4357 7941
6058 16710
1517 2947
4347 5795
16166 465
2315 8198
10177 15102
8250 7747
17563 13047
11569 643
14805 10595
6734 2118
14279 18100
18035 9297
19725 5034
828 13081
10719 3806
2498 16423
76 9964
671 206
9829 7419
6935 12763
9 17399
8308 19335
752 2795
18709 5328
15445 2541
15137 4172
6662 13569
1549 15862
15739 9648
14328 13
9557 13777
6455 17197
12383 13499
10341 7256
7985 12120
7323 16415
16830 10230
19867 17688
1508 14919
3981 950
15165 7321
10631 11204
2986 4499
8439 7090
4613 2028
18764 983
17969 5311
17826 14162
14017 5553
14842 6981
11224 13668
9002 8995
7072 10347
9022 4045
15649 539
16188 18640
6496 1967
10103 16162
12882 4976
10854 15270
2855 7287
10921 1386
5187 4749
4611 2695
10566 2633
14965 2692
1967 17694
3496 2084
1778 6138
7514 7543
15249 2930
19435 9736
6807 14413
19516 15237
7712 16406
6880 15957
15405 2373
12264 18095
15058 16092
18157 8078
8807 4588
18699 12079
9238 6745
7683 11465
9023 14968
17004 14044
6167 560
14858 489
2064 5085
2369 13131
12430 16516
13675 8350
15478 10136
17039 16615
14932 11206
16917 11614
1958 442
12855 14125
17734 19869
13119 548
11308 4980
13904 5564
6802 2534
18269 2668
5278 1034
5745 3560
7697 2173
9221 6789
18543 12765
11174 6325
693 19706
8236 13772
3071 14107
3398 10505
14648 8293
5129 6310
14952 4255
11501 1755
11149 15206
4793 12435
6326 3597
7280 12225
13714 13581
3793 7971
6106 2184
344 111
12566 16763
16125 3965
18843 5410
12871 18160
1306 9036
16626 371
11209 14692
1207 11028
18350 4476
1253 19656
5964 13666
4124 16082
6888 8629
15998 19666
1979 4017
10357 1742
19167 10441
13982 13398
9767 8073
15716 9889
16629 4713
17922 10891
17652 9750
17110 15572
2778 7970
15199 2336
14432 10774
19624 13853
15942 10895
18177 6590
12524 16993
6005 8366
3972 12157
18195 6938
8738 5694
11601 8436
1273 12811
12502 15851
13925 17376
8521 9390
4996 9573
17495 6378
11607 6350
9512 10654
2845 7900
230 2554
12971 17376
14266 14267
15191 15047
1835 8544
122 523
10417 15859
5555 6987
14373 3724
11527 17201
9516 16526
9463 8597
15384 582
16581 15353
7250 11558
2986 15211
7352 16942
1249 11630
15960 13710
14403 19415
15315 18822
2946 7771
2314 18837
5685 680
4918 4649
14631 5092
16765 3438
18286 15435
6029 3997
14457 13124
6004 17248
18787 5283
483 6971
9431 1578
17046 15015
162 13852
8831 1907
16881 8519
16433 16271
19254 1338
18006 15093
13471 19968
13556 10262
7541 19793
2640 2162
15828 10231
17595 6067
8437 3774
9023 5959
5877 11796
998 5233
4638 13960
16065 16071
3440 167
13583 4857
14716 19435
2377 2181
17940 15916
2849 5260
3359 1300
1669 18538
14697 8541
7216 8868
1910 7957
879 14508
13560 16558
7893 18716
7476 895
3581 960
14149 17612
17919 12541
3799 18188
93 1672
2505 7368
11120 11561
848 16146
3142 7219
14131 5628
11161 9204
12293 13862
7042 2859
11696 5059
18615 13555
8235 14219
8096 16805
12761 6581
10903 17654
519 7870
9011 15499
4043 1147
14582 960
12588 16320
15239 19061
11917 8026
3084 16514
4285 13599
13256 12102
4964 13399
668 2917
17094 13111
18938 1840
5984 9669
4038 15006
18672 16047
1404 4983
13178 6084
18454 6742
13970 5214
17855 7537
18811 12755
8510 13131
6538 15631
1690 6734
8838 14618
7517 13103
13527 9340
13557 907
4951 17565
6371 8744
8093 16933
8851 12640
7149 14883
7034 14726
16247 4870
9816 12219
14837 10844
16977 13428
16391 4717
5054 6315
17428 9171
725 14016
11152 9875
15503 11794
6818 13033
9865 10082
17630 1760
15068 16713
2346 18749
6288 16029
18420 19049
4022 6090
1818 14174
8486 12250
10382 16040
2075 8318
9600 9241
12358 8815
5819 12625
9707 8944
11837 3876
12686 8375
16337 17590
13058 10931
3310 307
2600 5901
17061 12505
12131 11154
11907 6139
13792 1008
599 14196
1652 7349
3151 15238
11792 14021
19110 11395
5443 5559
806 5953
11030 4727
16587 1758
7972 14000
17203 61
17265 15541
5807 1068
19746 17147
9186 16271
13383 11291
16057 14989
15430 15273
6160 11958
13647 7817
13878 19793
10982 17423
5286 5397
4749 9854
13025 17501
9259 17807
9906 19043
5951 3289
241 14934
16187 8621
3833 5795
2834 320
12146 13184
2858 2785
17677 10979
12677 7945
6911 1033
3356 5618
598 4600
14776 7910
7293 5650
2379 14704
17560 9561
13338 13973
16780 11852
16703 1542
607 9614
15299 6631
4520 13650
5325 858
18467 18946
16084 9381
879 8682
18233 16131
8306 12058
3215 15294
10413 18164
579 7846
8370 13670
4081 8044
16791 8550
4142 3751
11586 15540
1272 13443
13820 4593
2195 4617
13583 10627
18745 16566
18773 12786
12257 3201
14550 18329
13806 12071
18510 4223
13115 7396
17301 6511
2604 7798
18566 14111
18293 13248
3537 4751
5027 786
15088 17049
18119 4900
14624 16075
4443 7925
1152 19575
4691 43
17777 15918
8147 7170
14816 9887
3100 15056
14265 1445
17004 767
17006 5585
7422 16969
19063 11977
8932 3243
2342 9403
285 313
3125 1093
11237 4836
11743 17530
3852 14582
15990 15465
12513 9685
4875 673
10008 3692
9057 411
2557 12367
19085 7753
8009 5284
5174 10596
19628 1886
13094 11619
7018 4355
6820 237
5995 4407
18674 4184
551 4767
1714 15090
5558 5878
6353 5250
18266 7102
9566 3523
9545 4754
15913 10266
6405 17538
19414 4383
9723 9174
15161 11615
13430 18717
16700 6774
2546 5677
17187 1107
14908 15144
17681 19108
7373 1101
7346 1680
15544 9802
8138 6594
887 19541
18937 18216
5360 7943
13687 10448
7029 18485
4526 10629
13077 12084
10087 19580
10004 4231
15386 2097
4645 6235
15431 16009
8972 9060
10546 5193
17542 9048
135 10537
3245 13999
4299 16478
13493 10223
18202 13772
18212 17453
12653 16087
12027 9514
12878 10876
14446 10786
4249 17965
3835 3918
7989 9110
10792 14909
12450 14217
11191 3244
529 11835
16243 12299
6364 5338
4261 3308
13912 3302
4389 15787
10452 12539
8773 4288
15902 15229
5568 7527
10451 15642
1068 19352
13893 10138
3969 14666
5566 2593
18575 13936
9894 4283
9939 18441
2269 16606
14946 8394
8051 205
16729 5263
19612 14545
11219 10546
12969 12132
1470 6329
17132 11271
19181 11709
8866 15430
2472 5055
18981 12443
11566 1791
2907 77
9551 1677
17628 2547
12339 5235
18601 12706
10387 14264
15268 7672
7765 4550
11447 4157
9741 18999
6860 3463
12793 17295
12018 19532
4937 4620
6248 18141
12026 10330
5329 584
1707 7956
12527 5146
1802 16104
9834 5526
6658 12211
12618 841
1394 537
17937 15968
17907 17770
17335 14134
3623 7422
15626 2448
3930 6553
998 14518
11240 4271
6171 8700
19997 7892
4761 12553
19036 2760
7389 7682
12634 7921
18078 13722
7628 18914
10479 7082
11584 15484
1735 5325
2193 19142
1056 17192
9293 5174
9669 10092
5683 864
48 4252
13666 3798
16600 15260
13690 4106
1801 5281
13169 4445
8326 3353
17204 10883
4386 15646
8352 416
5420 2064
11364 6302
12047 18295
11915 3417
1468 4849
8064 9912
14898 7981
6960 19589
17750 9058
16176 5212
17326 10977
7590 19368
3092 5756
18061 13922
4484 12236
17398 9690
5648 19431
1351 4584
7292 8511
5577 11738
18530 7043
5028 18681
6564 1896
8111 11463
18316 14478
405 5064
11857 507
8608 12086
13858 18817
19932 1613
14388 19699
16675 9956
6713 16467
3610 14682
9706 6899
16168 15854
2906 18225
1586 16788
5063 10689
451 1020
6180 17771
1914 12652
1403 17054
14812 3041
19470 5487
11903 19459
14374 4991
4998 1354
19568 10061
8959 7067
13316 1095
8187 19316
18431 17538
16516 14486
8300 4384
8991 17259
13082 3410
14294 12484
10288 15714
3813 8783
16008 673
4598 5081
19441 10821
17054 13235
3669 18748
8312 6240
1939 8120
9663 17922
152 13324
4561 12169
2083 14296
2207 4375
10274 19051
7629 1971
14757 17483
3885 1496
2761 17302
411 10460
5427 10833
19647 8422
18980 6092
15950 560
1066 1675
13093 19802
1677 3257
5782 16962
2158 37
16464 10386
2611 7028
2559 10383
2981 14112
612 12612
14275 19643
19853 16339
15332 17696
11896 11415
14888 11502
15078 12619
4510 11273
14282 14985
11058 18026
3075 7605
3047 7493
8428 5726
6999 7702
466 16411
11007 15133
15969 15668
12227 6998
4072 18225
17784 14487
10651 5752
17885 6614
9036 12163
16984 14771
1635 9017
5045 11414
9915 17696
9875 1621
12385 3724
18984 7002
14301 15131
16885 4359
1082 9162
14717 11693
7735 9604
16331 18507
1496 9974
615 8144
8952 1526
5661 14350
6675 6622
17788 18641
5023 18310
16555 13021
19819 7016
19853 16014
16701 12196
15497 11767
8803 7490
15224 6458
1526 14133
9449 8717
16922 18614
9052 19287
19627 14955
10842 142
3626 17548
11375 517
15147 12653
14239 13061
10151 17935
3541 10710
8075 15265
2773 18351
3621 19059
6874 17258
5944 15521
8659 9620
10855 16365
9859 9913
15279 2994
15864 19313
5360 14167
9697 18965
12334 13390
1066 1987
13897 10414
14646 18951
17534 9653
14998 7035
1062 6226
16683 18617
12510 18362
1875 2772
15789 4179
9775 11147
13566 7488
14095 18661
13058 15291
19631 9377
10175 19441
1643 104
18973 17927
15952 14797
6098 17596
3949 5798
7013 14366
19771 7506
18105 16333
9096 13947
7168 4740
18132 2147
1130 2492
7566 10634
8734 544
2901 505
18628 13618
6060 14545
6731 7366
18400 264
178 13327
8776 15453
19877 9652
11188 13290
6974 2909
19859 16162
4732 18115
3613 15197
5238 4198
6321 6066
241 8325
15165 16036
7442 3319
3229 13866
13258 12395
18258 5444
5516 11644
3906 4067
3495 5939
3299 16627
2041 19854
3159 19879
12316 17920
12252 5837
15886 5537
9698 13057
421 18167
11439 13390
5800 19464
8835 11036
5047 12529
17238 15894
813 2653
13840 6002
4191 3354
6450 14396
16818 8273
3436 12676
7964 4383
3473 5714
351 3493
4478 16674
12185 7552
18322 13934
67 5635
6520 12002
15058 5690
16556 14470
9413 16009
313 3921
1963 1115
17117 17227
19558 7797
2301 10451
15803 7030
14204 13280
4587 14975
11348 2636
103 1552
5042 7226
12554 15167
19169 19428
731 4031
3822 85
17465 15073
19182 17773
1004 16621
1726 9908
19960 2384
1985 1541
15767 7792
16871 4742
7953 3495
4051 6197
15396 13232
14726 7283
3392 10398
2779 9608
11316 707
439 6996
12178 17196
14303 5943
10262 16290
2565 15517
16755 3283
19569 4011
18618 398
8284 15595
19698 7624
2024 12893
9074 15524
18936 18775
15821 10144
15416 9614
14546 7868
4738 8231
19759 14586
14212 17285
11266 12862
17269 19356
14432 8670
3073 10881
3283 1804
5163 256
14854 4578
8147 378
15758 828
3786 14828
3040 4376
16552 18908
4870 19219
15786 6784
2942 12581
4859 18202
5400 16169
17611 452
7955 16964
18783 3799
3364 1526
921 14781
9130 19415
13226 18868
11402 311
7534 16221
16111 7577
10142 279
14295 11455
19006 930
16363 7393
16213 2216
16090 16515
1396 15122
18557 12530
484 3601
9721 12557
6808 10249
10205 17369
1871 3237
12627 19115
4390 2085
17015 14873
917 12107
14577 18173
15816 9017
16796 5889
11497 9662
17664 10318
9244 10310
3088 16914
12116 15754
15584 13627
6738 852
17618 17638
4233 7282
19723 17085
13030 5844
8479 7778
2115 1377
5800 11135
16020 14654
39 7825
1258 7942
16082 10901
8763 5176
2263 454
13407 13416
15070 420
7933 11911
19220 10107
3010 15156
4994 13157
7928 17428
15624 3370
3607 6175
17289 4189
415 6174
10173 8001
10733 13354
6112 17072
7090 14765
8747 13578
6106 17030
6478 7059
10069 19693
15708 1677
9689 19520
986 7496
5003 19221
716 18801
1424 2027
13169 17023
7451 8660
10618 10299
11561 19655
1654 8641
9442 19040
4954 8711
8993 2393
10875 542
1863 16163
14727 12530
5524 12969
11599 17602
9799 3807
14370 17444
19364 10451
13477 18721
9237 110
17235 11089
10675 1224
10632 9348
6198 7545
2577 312
464 15843
16083 9479
17985 14573
6693 14162
5371 13914
9617 3565
13979 5411
2749 14652
4657 18416
6891 8968
14942 11224
16219 5015
6543 18108
3473 3127
17282 1480
6400 11246
13609 19630
11183 17406
16841 11526
7464 4937
5815 18264
19602 5377
13876 112
8200 9217
4920 15057
1071 7912
7241 947
13370 6671
7020 9963
11900 12060
12911 9619
14141 3844
19360 473
9794 10680
12924 9740
1016 3859
18231 19695
2681 16242
11538 7241
8716 17523
7136 3767
16847 16668
14246 11374
15061 16425
1438 2661
3969 2585
7895 1872
14147 17881
1909 3877
17828 12470
9980 19183
11302 12497
1071 6055
15106 18196
11521 8743
7632 15832
3891 12350
15738 10759
6728 11764
18653 15524
7788 17638
8343 6079
3424 17261
14687 6945
15067 815
9639 9550
8116 19004
14150 14092
19418 5101
10762 18838
11982 610
9532 2571
18375 16929
2953 5806
10655 15212
8404 4648
48 12253
15616 4010
13583 14438
13887 4634
14120 5896
13393 7243
4590 1540
3955 13347
19145 7818
19877 8241
10897 15388
17203 10087
1164 13397
17634 6876
16211 29
14192 1292
12236 12339
10820 14541
3736 19489
9031 11757
9749 18432
9516 187
17176 161
10548 2789
12730 12803
1659 12971
13754 12521
3721 17746
5 19499
5233 12535
5323 1134
3749 3564
18320 11875
19356 10981
1308 14159
12831 9341
149 5739
7231 16666
18874 5872
18929 4888
5686 12388
7082 9079
13774 7899
10376 11549
9382 13975
12577 16568
10034 17185
8892 18944
14457 600
2824 5297
6123 11906
15709 15030
6829 15329
8376 12262
4650 18573
7751 7039
15076 44
17172 2831
2410 10693
16371 752
9634 238
10203 19671
2791 18737
7235 17810
11718 14171
14561 17128
5076 1364
11177 8495
14290 12419
19457 17275
2427 19279
14271 4921
9699 4944
3054 13876
10091 14577
14298 18262
1483 1592
14963 2083
16153 18556
18520 16035
17660 7364
2009 2929
13423 4794
6901 692
7514 18975
674 6881
13285 8767
856 1237
13879 14811
18777 7165
10199 10088
3431 13248
1362 1906
8092 6189
9061 9824
16433 13141
3355 14379
15909 14470
16576 14813
19970 18677
13865 18169
10051 19233
5821 561
11720 633
19255 13793
7282 14542
10100 11065
2098 2672
9643 12477
16446 14718
12737 3801
12515 5650
14163 5846
10548 2940
6320 1834
4601 4303
15385 3205
13974 15022
8248 15915
9323 3754
9777 6682
17316 13726
2048 8892
318 19649
6709 10565
5266 11263
15560 12868
16403 1845
7612 19358
8416 16085
6582 3635
3296 15355
5181 1575
11389 13276
11442 13353
163 14337
13958 8149
13574 9667
8544 19315
14298 4560
10398 17487
16868 13067
8292 13188
12713 16435
13752 9432
3251 11486
19447 16985
5100 6665
4443 4886
15905 7370
11276 6300
9565 7601
19064 15897
19125 9738
12339 4759
2952 9622
10507 1107
11136 12624
2427 14198
7007 2933
3203 10690
11274 18475
1232 11821
8527 16598
1198 11859
17610 18759
13301 4425
18045 10240
19506 3441
5992 3301
6938 1890
19021 19629
338 19933
12364 9663
4250 5344
11623 1677
6645 9513
6088 6443
14531 2208
14847 10491
18740 6354
7121 849
3359 18692
1772 3840
6075 7958
6097 15315
1793 11547
17974 7723
2902 16974
3279 308
12002 18918
9986 5931
19651 6303
3695 9502
13007 13906
15493 17366
3195 1437
18579 16217
11721 10739
2018 16924
6102 8166
8933 7099
13712 14220
15255 13887
17548 12241
9223 2708
70 2859
6340 8800
8033 14143
2879 2055
6018 17954
3085 12226
6121 5791
9824 13560
92 7613
8530 14018
13737 1472
4239 13506
10081 9599
1696 9634
7289 19222
2301 19983
14956 1583
2081 14414
877 9351
16436 18010
2761 2092
13673 9406
18277 6186
11203 1902
3269 980
11439 3838
19988 11925
3652 17523
19750 15824
9147 16057
2126 1922
617 10141
907 18789
16345 9518
8402 7295
639 8335
9405 2257
17717 841
7224 10626
3235 6633
19326 2473
17054 20
1201 9443
8230 1355
3529 15690
2617 19526
3741 6326
6405 4413
6272 18749
282 15142
6549 2676
17528 6176
13872 17456
13291 2571
18751 7664
19255 13475
17488 19032
3780 11675
1475 2426
18454 13277
19092 2831
2493 11463
2253 7315
6991 13024
9352 14991
651 8745
19617 12644
17694 17963
5849 1977
2379 2888
58 6509
1516 2222
13518 3431
9820 11588
6933 8999
4690 13472
16470 10744
14500 7863
17182 9163
3843 14383
19543 11088
7685 5600
15857 13259
13854 17660
16921 2109
4403 10705
756 878
13407 9732
1547 12624
7017 5213
13808 1606
8636 14619
15952 16850
17828 19215
6371 19610
12518 12239
9002 19940
14211 482
9416 2129
18155 13424
5000 14014
12522 12429
10140 16031
8429 1350
6333 18642
9129 5292
18086 11553
991 7057
8149 13252
16044 10110
9695 2483
7292 7986
6264 5604
4090 1933
19522 1500
15322 15100
12017 6262
19286 4647
16733 15087
3608 2223
11400 1660
11575 5286
3146 12364
13038 13195
8370 7839
6804 8826
511 4361
17616 9984
10673 4346
328 18631
14727 8010
1053 656
4838 16277
8175 1187
2484 17509
10646 16287
11973 2715
11733 18498
9057 4158
13193 4170
11714 664
7686 15742
14624 16291
1832 4701
6076 15379
11698 12880
8731 6429
15793 8702
17064 11905
8050 3885
12764 18447
4634 14296
17164 8812
6044 8196
4258 157
981 14919
11864 2966
13121 13531
13653 11816
12629 2771
10372 12421
6572 3336
9506 17749
8765 8890
4379 13055
6285 11288
10270 12455
6837 3226
13688 12951
15214 4405
14549 11135
10040 8913
2604 17813
7697 1846
6514 16461
15992 9336
9069 9292
10591 18405
8325 15278
1722 16491
17529 5229
16916 14667
5549 1933
19409 16209
18454 7532
18383 16233
5855 7956
14904 4581
15147 9257
5042 9131
7109 5738
11323 3966
107 2948
19840 1962
2665 168
896 8185
12644 15745
12856 14166
14360 1416
16552 14301
6197 1225
13087 8111
1493 16564
17882 10931
10724 19380
13965 19626
11441 13338
15892 9691
6266 1606
515 7861
128 2101
1660 362
16811 42
1999 19456
11253 11204
16797 10046
634 2233
2566 3304
19146 1399
18843 1146
11740 12432
6663 8417
4008 5224
9173 3476
485 2491
1713 13514
11326 1313
15287 6670
14776 11186
8132 4366
19755 9991
15736 19641
4920 6851
301 7645
4668 4112
4876 16072
3199 1977
15011 14536
12584 12476
8179 16409
1071 19983
11118 10076
19508 9399
419 8738
4839 15928
17473 17242
11334 3180
8935 618
7599 1237
7279 16644
17622 12833
5035 9109
18222 3598
10072 5026
16932 8581
17920 2584
19846 14282
13454 11340
1544 5651
19411 17823
177 623
10783 13850
1040 12537
12945 6115
16596 10006
6149 16083
16262 15668
17595 4453
5086 3999
292 7576
18637 2521
12374 7035
18220 4461
19029 12640
11969 14307
17180 15391
4676 16776
4244 10156
6755 2246
7643 14392
19319 104
19424 3045
6186 16681
14436 9267
1745 6505
7203 1266
15547 14803
13396 4684
18469 3088
8047 5149
6447 6039
9580 1876
15502 9716
12851 15147
15555 5177
4270 6160
15614 3807
10745 14405
16020 19408
18018 6324
16556 4179
6396 4837
668 10466
18083 6825
12114 16743
3594 12587
5367 11999
16862 14773
14763 6109
9488 12116
1805 11821
5413 3277
8998 9375
1476 5407
19055 8099
2580 16882
14989 11252
7287 121
11837 11492
16062 13919
8645 12073
4528 2881
11852 3609
1170 17702
1231 10503
15197 11503
17525 4094
19732 10286
10763 17967
1603 9912
14571 19932
2193 12749
8819 989
15860 6031
1046 3242
11695 1977
8078 1536
10413 18990
8297 2895
17536 9106
2930 16166
14855 19000
4617 10937
1376 13410
10998 5859
6461 6250
16740 16007
5657 9536
11323 9623
13452 3998
343 9694
4135 2099
7142 4069
12001 9556
19409 3058
12826 14399
18901 9432
15639 9952
17038 1708
4838 5693
19934 2423
4641 2030
10549 3826
19901 7755
1879 5307
13620 6511
6645 1164
6896 10534
3607 3776
2763 1596
9342 14030
1849 1544
5963 11806
1932 9587
10189 4584
8172 4439
18828 12059
10950 10457
5457 15950
15384 1612
18113 18442
19519 14650
3177 13582
7027 582
19175 3729
18174 9595
1414 3159
13944 13522
13974 13470
17731 10965
10421 16178
17128 5924
7179 15922
12986 2006
9598 12049
17735 15950
3209 16366
2160 6326
1301 14816
19000 8995
19913 6722
19770 16800
4031 11829
2271 1607
12951 3936
19351 1916
6017 5680
17823 7283
6263 4313
13135 10226
3811 2297
12796 14585
947 3502
1500 12614
8368 4845
15858 7898
10723 11533
2666 18287
16262 13447
3227 16197
9826 4107
12468 3131
6610 3813
18910 18742
18926 12146
13473 5376
19358 1678
15424 19533
16387 11045
3803 13683
12711 12646
2247 5973
7394 4064
6483 16741
4757 13918
225 8309
7291 5524
19697 14047
6162 14462
5689 12353
14006 7096
2975 1199
18976 12900
6745 15638
15885 11710
2177 15627
1483 8000
19221 7634
13330 752
18999 15420
8836 13025
8111 491
16562 5843
15534 592
11621 7323
14150 6192
15405 12712
11912 2771
16502 5589
11114 3811
9621 9372
2670 14028
4872 13748
776 17493
13092 5055
953 18811
9995 5995
6536 18084
1621 7073
10434 4443
2844 10540
3711 16236
10033 53
15762 17401
7684 4039
7873 3869
8516 15314
4413 14222
16591 5588
9315 12514
9290 904
3809 17093
5793 11897
5998 7673
18802 12986
575 17708
11805 15760
18783 15286
8118 12985
13371 17382
14604 8955
1281 11458
3441 10813
10041 15253
12999 11975
13409 12717
14810 3177
4938 11418
15583 6768
5329 1383
18944 14742
17907 13204
1137 1011
173 5481
7002 13698
6741 13548
18367 11910
4141 4620
11289 6247
4190 8356
16661 18645
18728 18214
14348 5817
15505 6695
10199 15544
13351 14031
8954 18330
783 14241
12271 11572
7192 14250
13664 10512
11566 12143
908 18166
4807 3755
13430 5324
15451 19514
11952 4771
3138 15367
1985 11366
15053 9848
8973 6830
4956 15416
2728 16967
19611 977
17284 11615
2724 1635
6813 17424
8561 1229
6820 7267
11198 354
17972 1741
8327 17815
12388 16109
18141 7831
18703 5247
13284 3374
2781 10138
17555 18925
6714 11593
1542 9790
10402 11901
12084 15235
9384 6338
11280 17494
13892 10555
129 3067
15802 7764
7918 14984
19448 19115
16569 7010
13828 11760
19015 15855
3955 8362
12672 6093
3358 12967
11885 5813
16192 15333
14608 2517
18317 5605
5056 5437
17448 15209
6561 5896
5756 14525
7924 19708
2122 4237
10419 11537
1245 16078
4286 10619
1544 19714
12516 11842
7642 9499
2542 7076
10425 19040
4056 14185
1443 9974
15852 17640
8740 7341
10929 6028
12940 657
6041 5617
13910 3101
13346 16488
3997 1305
4355 10304
14708 13093
2569 3685
12216 19858
4401 262
9004 15147
1806 17621
7580 6491
4289 16869
7579 2824
15248 17900
3240 2370
5293 7984
18941 9191
4325 10902
9292 5724
11808 17271
15385 15907
1259 3128
5996 3208
846 855
15227 17282
3768 379
19303 7275
5708 14756
8656 8718
4056 7697
15406 7001
16442 12466
1020 1264
15632 14716
4 18670
14404 12027
9683 11319
8625 19953
17619 1953
4486 5663
11145 10019
3726 14768
13118 14359
17503 19219
3234 11695
4162 1807
514 17919
4577 3315
12176 2207
13899 2706
8723 10248
7756 19898
4384 5926
13276 19275
11074 16035
18272 1675
964 1478
12193 7288
1884 15073
15185 3911
12463 9969
18093 119
17944 6811
16654 7634
2746 11734
11320 1309
19573 10440
12648 1904
18003 14649
8501 6751
16604 5198
1294 11583
18111 4821
9824 4834
5086 11139
13857 9630
16908 6469
3613 6779
8930 6225
5398 3667
6276 1720
8878 17199
2219 12965
2573 10912
19730 14332
12795 635
14111 8381
391 6536
12085 8451
18675 14627
16643 7022
10401 4755
1335 9548
5548 6130
517 12733
19437 8995
16194 9097
15520 11857
312 4872
3323 18253
6678 10277
10063 10106
11484 19129
10970 10499
7785 19265
1895 11999
9398 11452
10971 11775
10248 11695
13308 4076
354 9028
18461 18709
16431 5879
4291 5946
13557 1247
16434 3652
1960 14206
2794 12154
6916 17625
4377 15096
17777 1819
2826 15266
16746 19948
7340 13453
11162 11925
15039 9641
190 2005
1418 8934
585 17621
8109 12991
9088 5584
15534 16392
6054 14041
10049 15895
465 14645
14571 16781
7894 15625
12491 16222
8057 7473
18920 14712
302 12894
3199 9552
16536 5370
18923 7377
876 17174
10549 4076
14352 11252
15676 18458
19722 4409
19565 2862
3783 8530
10549 918
16227 6343
15572 5525
6966 7007
11243 4308
18177 6637
15815 6066
578 12766
14073 7312
2157 17921
14680 17003
6699 13752
12860 17246
6242 13113
19287 9361
14873 16717
4526 14197
4241 8825
19366 1538
4296 10927
9864 5637
17617 12404
11472 15280
17575 8661
19659 10804
19917 15396
6866 10670
9832 9767
10409 9487
11253 5032
15755 19301
7028 5562
4499 10920
589 4611
14857 5083
4342 17119
15454 14035
18962 7856
3299 7240
2375 10286
19131 5850
19707 6096
3382 7018
16626 19023
10009 12192
19814 5038
12603 14425
19064 18998
13066 6974
18721 17275
17769 6499
11136 10302
13839 4958
10470 2795
17442 14945
3367 17612
1280 5462
9168 12393
15263 5548
16150 7640
6245 17463
7492 13130
12733 5350
14267 13934
18789 6137
16553 8135
15080 17556
6391 6923
1726 8386
17072 2669
7289 17254
2413 3437
15007 16426
10143 12715
5098 4791
18138 4458
10844 4789
16760 11755
15803 14305
9599 10959
1693 9376
12796 18719
258 16550
19659 11270
3608 1634
11517 5856
19006 12659
12948 18391
14268 10340
17388 4661
878 17590
11855 5294
13283 16030
9708 2336
330 12211
1083 13568
14454 12617
18910 13401
6658 11197
9720 12870
16610 7510
4044 13555
8982 3763
14491 13511
14675 18455
16775 19360
200 10120
6333 9769
7397 14173
9310 15317
13436 634
6826 19253
2181 7790
12112 10780
7626 17379
6156 6569
19500 19285
12042 19760
16995 13298
14057 19603
19907 7877
4760 15384
19777 2175
549 9889
319 3935
12183 9214
2745 4860
9448 2560
5981 9146
7937 8992
13090 12160
2916 2101
3765 10723
16883 6447
17827 80
17647 9531
5309 8283
10925 4414
6741 18790
14149 13723
12183 10553
14591 17518
18794 2843
15245 18648
9602 3780
114 13278
3753 1083
12406 14832
19379 335
7167 19891
19690 3054
15446 18949
5710 3112
930 16769
6587 19911
3290 4933
17635 17867
11880 13066
12234 18285
1880 11823
18420 12643
1314 15983
12517 7515
9225 7554
4559 14395
18472 1126
13611 15251
1759 12649
4875 3313
11861 12113
8381 3697
5245 10324
10044 19680
10941 8059
14761 14246
2485 9156
4875 1634
9075 17603
17641 6515
19294 10918
15237 9133
15887 3799
7897 13859
10905 7352
4921 6413
13390 14182
11250 5428
15068 4253
8225 19303
2017 13989
2522 13407
19170 17374
12147 16285
12372 4473
4911 2323
18045 18055
16442 5192
11599 14299
13495 6427
7805 6459
9992 17335
5306 10041
3921 5008
3114 9869
12453 645
2350 11463
7063 8885
16876 10386
2897 17687
5536 11741
2354 10048
19226 872
13568 13099
8062 19249
1926 12104
10539 11319
6787 13846
6961 5713
18373 13525
15602 6184
5629 4486
17910 19766
16605 17146
4105 19349
5357 2733
17458 3863
19419 15895
13356 902
6138 19865
6744 17500
19659 1066
15030 2201
11296 7619
3713 1183
6340 14237
14487 19484
4166 7133
14452 16881
4264 8111
9444 9491
6964 14756
4639 10301
1188 8419
18269 3408
17098 4694
11898 5307
10155 7378
19348 18643
6034 6688
15900 5174
15964 8915
4327 5156
19323 3375
5757 11350
13994 14883
19514 18
16768 2557
3593 18587
12928 9512
14491 15533
10061 1068
17373 18075
4307 4381
4526 6097
8328 13434
12369 10483
8514 3537
19021 17143
6718 7512
1859 19399
6625 7318
4638 7614
10402 8124
12207 6265
5659 6624
1726 4692
5858 3391
8464 17136
14122 11371
4959 15867
15372 6114
10652 17216
3295 327
19275 1673
18828 5123
17633 12284
8529 10351
7899 17742
4797 19772
14862 3234
17061 17608
6558 13150
19485 13756
13538 7862
12277 3429
19455 11538
17845 3497
1342 7287
13264 8490
10650 1126
1382 2799
8509 14665
3613 19284
12364 8916
4744 9239
9479 1302
2036 11406
164 5561
12187 3280
19701 13386
17896 2822
13733 6441
7259 1675
2903 4252
17101 1426
15560 5473
8034 451
1899 17416
5522 956
15662 4424
19867 13338
19493 15224
12240 1173
15461 2046
4857 15531
16049 8495
12026 7584
9438 15896
17253 8270
9609 842
9983 3760
12199 17314
13793 9300
508 3986
4934 8508
3350 17767
8232 6302
17122 8317
15972 15344
16434 7579
17091 11050
12307 9167
3708 14164
15533 10719
19380 5829
14574 2049
3083 14331
10933 14521
8530 8573
12171 10076
13958 2476
12385 8990
17577 12041
4096 11497
4829 16440
459 16666
7640 1206
19039 17437
12399 6895
1940 18583
1357 2678
17340 10583
12063 5123
13070 6125
15509 1878
15314 12587
13729 15305
13298 18957
17063 8893
14605 4648
19884 13538
6368 3367
14073 14282
18648 5944
10528 9393
17779 15225
6926 14860
18667 3337
41 9990
2179 7073
2548 16611
8234 4998
18091 13751
7981 17469
10955 4204
3630 11985
7144 137
9691 19824
8938 17026
10560 14753
3663 3885
10222 19626
6586 4960
2790 12737
18725 17479
19187 19768
4399 19325
7480 9324
6463 18643
5046 12834
2412 18297
15640 8898
2180 4915
17403 1170
2370 15605
4334 14079
9150 279
15382 15556
12942 5407
518 19811
6397 12039
13131 12095
5702 19604
1744 58
2150 3597
17989 16993
8543 9120
18214 13404
17128 3102
10154 18014
7389 3595
17910 18839
8229 10505
12196 1252
611 196
457 18873
4029 6778
17768 9801
14284 8888
12582 451
7004 12321
11037 10374
12933 13685
6724 16782
14586 17169
10018 5020
5643 3375
9935 4890
18604 16546
10188 17965
1417 9296
4477 1268
9514 7353
13612 9342
4264 7874
14258 6560
4423 16555
1114 784
10478 3934
11803 19641
5134 9615
3023 7122
7477 7042
9686 4919
16508 10579
18952 4381
7181 4013
18893 10477
5596 18663
19936 13628
14214 11623
3646 3324
9814 5209
4297 8961
7439 17938
4242 3181
12357 14591
19156 2479
6497 2141
8870 11743
4747 1393
10698 19607
6199 15930
2193 19291
11268 12760
11018 17071
12570 11416
19827 5690
4821 14024
7224 2223
12936 3678
4067 13958
5287 1852
5043 2614
13359 13067
14265 452
8617 9601
12076 6982
4023 6051
15703 16741
12613 16775
15488 2412
16186 15514
2523 8868
7681 11793
11697 18163
7608 13352
16373 4158
1579 16972
13096 10429
680 7833
2356 12004
5555 11000
14530 18110
15649 6847
3358 330
19636 191
11976 4495
2014 18405
12962 2115
7854 14477
7925 17182
16745 10558
16034 12353
8880 19092
7729 14808
12974 18960
7553 7086
18400 7227
16128 5640
15695 16574
2892 4025
5579 17994
1567 13998
7570 17810
5644 3481
609 12142
9180 1286
6548 12638
10894 8244
10299 11968
19897 19061
12971 9088
16455 11045
7078 8843
6472 16175
18266 5559
2987 16398
8405 3263
19062 19545
8796 3775
5566 3754
10108 19021
8071 1348
19 17620
10202 18575
2324 1726
1543 13576
5775 4463
3583 4971
19981 6187
17859 5705
13275 209
7126 14287
10302 13293
3264 13066
17051 7029
3717 4233
13781 15637
18621 4927
8591 19090
238 1506
14342 6625
3386 8605
7073 19794
12196 17017
14707 16628
8018 18924
8470 12638
5778 1979
18126 9335
9285 15112
5379 1485
3577 12896
11859 11610
9173 13259
7716 12397
1769 15082
315 2171
19158 9856
14718 2339
17683 17829
7539 8677
1549 8392
18924 2677
19915 6704
18684 7049
14674 17064
5522 12263
12486 8254
13783 5488
8730 10495
12976 5439
6383 2952
15653 16096
7810 12949
17620 6865
16824 19309
805 18231
5346 5709
4047 467
9345 16597
4268 11230
15977 8209
1052 3528
15363 12071
909 11091
7599 19053
5917 7718
14484 2301
5251 12343
16501 19366
3228 15749
2742 5447
4688 2763
6212 19163
5728 15158
10989 15596
15092 149
19656 11531
1247 3941
336 10752
10984 6457
1521 19111
13640 9720
9484 6675
12304 11799
15939 19061
18235 9170
11698 15844
5222 19041
15262 41
16956 14223
1304 703
18406 2932
6019 5223
10855 11472
4029 13674
12879 1089
253 10664
16837 12796
6778 628
624 1509
14885 18912
16961 19291
7814 9415
31 19258
18147 14237
2308 13403
11997 14187
7286 6946
3422 15016
13723 2152
6944 13237
6001 15050
6092 15296
2479 3064
5014 18228
12666 9781
6702 16109
2390 16970
6763 2279
6946 17744
6366 4144
15750 4938
14674 6400
18172 2591
10827 9669
14161 18608
10845 4388
17517 1140
11260 11109
9659 11773
999 952
5687 1766
3823 13671
11133 19803
1753 1541
4316 17085
15039 14536
15771 13847
8589 13385
804 18429
18255 15083
3912 5092
16036 562
15542 10950
6189 1262
1176 3338
1316 16646
17048 10055
17727 17747
15973 221
1861 3164
10426 14785
10829 16453
2056 19083
7741 11515
1658 288
16857 11949
5460 15246
19225 8095
5866 6039
16651 390
19076 8607
16139 16959
10581 258
9987 4891
17232 382
1907 5599
18552 314
5402 9869
13586 2353
15073 5934
13178 10072
9505 14412
2650 9211
18461 13203
15721 18215
7462 1023
5456 18923
6650 19010
13239 12160
17765 2814
15081 18492
8327 4648
14809 7152
18587 14296
15465 6856
12828 14604
18534 7853
16808 17636
14633 831
16194 12781
7269 6487
19407 4807
8581 17835
19915 12600
4176 16907
748 4091
7911 19011
3812 17957
8035 2059
5590 1516
17614 5176
4479 5183
2038 771
6774 1336
18445 9264
380 770
8376 7344
617 15052
3756 15497
15331 6374
9688 5775
13819 9550
19384 19406
3829 7726
2713 13375
7144 7924
457 18699
8100 15691
3822 6429
12639 7610
7952 15278
14284 8710
9851 16310
12047 17488
10375 10018
5872 2663
11048 477
7894 6387
3506 7905
4228 4809
14279 2522
7042 14134
3181 1009
16974 12139
362 12469
12010 17519
19162 110
7896 16320
9313 2006
14440 3902
17185 17124
7516 3280
1984 667
14194 11111
3567 5313
14458 1237
6943 11289
4478 1219
17361 8462
18452 6699
10010 18177
8343 19052
19656 13255
9392 1623
3506 13463
4517 19083
1911 9170
10937 6135
13090 2185
710 2414
3099 1500
18992 16969
2602 1597
2302 8661
8031 13782
15798 16712
17024 5020
13374 56
19758 12572
18444 7548
13615 3294
9429 17756
6910 14459
4661 2498
7953 1329
19417 19867
18165 19583
19621 13074
2953 2845
10249 1190
164 12911
19188 838
4418 5204
19308 7015
2888 10181
4849 12653
9844 4170
2711 14753
17177 7260
15928 13582
881 14802
13515 7268
3241 4992
11530 2754
3912 16439
1189 106
17691 19255
6229 7888
2604 8455
1575 15233
11503 10823
11739 16556
10573 1772
10208 14820
13191 6635
6510 846
8358 19756
11808 1721
3166 1564
6652 2806
114 3418
1884 16735
2727 4040
8187 14359
922 10666
4311 9200
10372 15466
2395 3694
17744 11553
4882 13182
18456 4562
18421 4682
7203 3639
17647 2279
16546 13705
3788 1460
15492 4979
12835 18397
61 10125
3152 10706
17470 11172
13842 18244
10560 5387
9597 16932
13791 1067
14198 14665
12106 2125
8555 4932
3604 14330
17656 9407
19462 7965
13410 17791
7289 7785
4475 4492
5289 13625
6710 8022
7638 6229
16378 19594
3550 2546
18110 12914
14225 13531
3494 17370
12235 5961
16326 12008
7972 15163
4000 15681
19337 11320
2991 11735
3340 13328
17025 11990
18022 12617
1026 1069
11689 18282
3928 18948
1393 16406
19762 11713
6900 16552
17262 2246
18368 14027
2216 7174
3611 12180
3818 11863
5509 18802
4443 17106
17461 2736
13505 2290
9935 14573
10052 7793
11612 1030
18570 1907
4271 2002
5650 18938
16429 11519
7314 18529
5718 8140
5878 13460
5750 18065
11341 8681
10036 4423
8018 573
10454 2532
7901 529
11129 7672
17205 14174
15343 17806
3435 18536
1646 14092
864 19152
3808 11590
920 13148
7167 12230
17745 948
5666 15459
1457 10996
18363 8108
7942 17019
9933 1913
4627 7899
2692 323
16489 5267
10627 19650
314 4447
9296 13583
5076 19611
1629 375
7291 6841
17674 19420
14592 2853
999 6209
12647 8179
18217 15211
11693 1498
5838 1201
17614 9692
1364 8528
2609 105
10382 4376
4211 6726
7982 16538
1069 17101
4506 6564
13556 15185
6310 7107
11463 11705
9338 4101
10197 17394
18691 17031
7375 436
2608 6035
12282 8829
10323 17942
19915 9174
19175 12339
14226 18384
10296 64
18974 12748
3836 8216
3108 3424
13936 15852
10573 16268
17262 12416
5154 10905
16177 2461
6045 16867
6093 17447
2684 2859
17787 11895
18377 10250
15175 1281
3083 12509
16930 16457
9905 15996
9087 13450
6527 6905
14327 4831
15398 1011
13652 5983
9282 6359
12685 8178
1683 566
9728 4590
4658 5912
3694 2257
13564 9057
870 39
12475 2197
19038 4502
17381 5053
13568 18897
9956 7569
11370 19952
5048 18411
12522 18561
16129 2688
15607 13579
5439 13985
15431 5008
18815 11286
8074 17948
19314 14747
18421 5509
1171 5929
9977 18076
13644 17034
2886 1542
16899 17325
8912 17939
7663 18813
5858 16214
15296 14611
19683 263
19352 6239
9770 4935
16805 979
9351 5032
10319 15541
14888 880
13753 14292
17640 19870
106 19331
10798 10732
16700 1780
4557 18605
18935 16902
2150 286
10995 13770
9812 1066
14229 13001
17633 7578
19238 10799
18650 11228
16207 14202
17227 9229
19959 19929
15027 7433
7079 1968
19743 5687
847 15631
2281 3935
11947 11212
4425 7352
39 18628
12498 2634
11909 8409
3136 10987
19662 13652
3146 12332
12967 19170
13139 17204
12623 2984
15884 18886
15998 6648
7691 13732
6722 7329
276 2602
8386 1422
17683 10587
11818 16266
5374 8528
13196 16624
7930 17262
19507 3577
11718 5091
15480 6166
1419 2018
3391 1793
4283 16629
415 4180
16979 10068
9542 10258
4726 1904
11516 15337
11906 7375
2714 17023
3000 8743
6729 9079
17795 16648
2043 18352
1058 11850
8462 1397
1124 46
17422 5085
19120 11940
6806 10099
15972 17008
17808 1760
16719 426
16844 8143
5435 8289
11229 4328
2248 13580
1614 9277
6399 14815
4491 14509
5184 16223
18475 4391
10612 1815
8467 5109
1157 16092
18105 6300
1638 3444
11327 5070
18985 11873
16966 12634
7568 12
14591 19482
14578 2601
4535 5065
8040 13478
4644 12903
16520 9603
3349 4741
11728 13393
15835 19164
12174 19728
12865 12566
12768 12956
14606 13319
12105 15210
9782 14371
304 14839
15407 13295
13270 5259
10010 8297
17638 15567
547 18657
5300 3499
9047 9365
13921 9256
17491 9618
9469 18138
17086 15173
15122 16954
16462 15475
1801 14777
4389 18755
13779 17460
4338 9499
3863 16247
4054 2128
12013 12433
7629 8554
7951 10949
648 13587
16 12380
10921 17036
8884 19805
19675 6995
7392 19589
2271 16154
8903 2616
8462 2738
16333 5256
8557 6142
2963 3149
18345 14200
12712 7615
616 15700
8116 18591
7838 530
13494 6232
4535 12042
10251 11691
12726 18827
17671 760
18470 13854
14206 6500
8275 4911
15277 12883
3125 4939
6855 3287
7013 12239
6866 5640
2308 12319
16769 10938
17574 3989
8203 9102
6701 16892
19237 1937
4977 5149
4045 1855
8185 15822
18555 2830
7227 13458
15573 13480
8905 9039
6994 13641
12716 11713
18722 7343
14444 2760
1190 4183
7430 16361
16688 3790
1632 14480
3434 4178
15654 2477
8270 13540
15741 1599
12382 10503
2072 17326
13601 5082
14324 4832
14878 13811
18868 2574
998 1619
19435 12178
7726 9143
14915 1454
1005 1539
9524 17846
19650 19635
9614 14699
1512 14559
18437 13393
8647 531
1029 2591
15569 4786
3963 12428
2483 10841
6475 18216
8877 12911
12581 14223
4320 10788
6346 896
1923 12111
5714 19525
3532 5807
9232 278
4211 1589
11632 329
1474 9204
5762 1256
523 17676
17337 3537
6962 16677
19674 13347
9710 19152
129 9229
3101 19325
15899 13274
5607 250
18751 6111
15950 8439
6536 1580
13087 10870
6322 10429
7526 14084
13923 13956
6891 1436
5818 9257
6621 12824
9138 4169
4715 18272
3591 5295
5585 836
11160 832
267 4237
6269 3906
9811 14494
541 412
7378 12617
19199 16956
12264 2942
12817 9098
15717 16116
9301 15385
3881 17536
11100 8173
16669 19120
15364 265
13759 17540
2111 7242
16239 12474
10670 4529
14436 19238
9829 18541
13932 182
2855 7496
3252 11590
16713 2051
515 2760
12234 16663
6517 15267
17644 14609
1673 889
4291 2202
6692 1939
13453 5140
11020 8827
18655 13407
10899 3492
2707 2154
7052 4321
7611 11911
5928 547
3573 5673
16680 17856
504 9994
7549 15891
9624 5850
3265 11586
12524 3042
10480 19628
19386 6853
10314 10236
2410 18180
9228 2433
10673 15011
5056 17475
10282 14087
18470 6520
2880 1643
15700 19088
13832 2844
14654 19389
15691 12115
7654 14649
17385 13377
624 6229
14604 806
17253 18124
5836 6185
13326 19671
19106 17121
16034 19107
4159 5105
19837 17269
10459 10828
5938 16065
13246 4421
10606 11044
13202 18735
10830 5063
4971 1612
2904 13138
12845 8794
10226 8899
14046 11025
13084 7483
7824 17159
10453 12391
2830 4058
9986 13121
433 7808
18372 9109
17603 8359
1813 19958
19523 2257
3808 539
5381 18268
18459 7398
2326 13688
5104 7825
18707 299
13217 15596
6595 19136
4436 12333
1798 9747
16437 12321
16888 6385
2620 13440
14398 3047
4793 6820
16645 7997
11369 13262
6828 15472
11691 14448
13004 18053
19949 9592
7867 18585
19713 16754
3871 12087
6762 87
9264 3127
19756 16200
14340 401
19652 16057
9862 12752
12344 2261
17857 19664
18248 2751
12162 13943
4345 9823
18941 13309
545 12652
7574 666
14664 12001
4235 7204
2883 5424
4639 11854
15663 16637
15228 13039
9619 10288
5849 16343
11940 8169
18093 7360
18705 19364
8275 4332
7060 11887
18260 403
14170 17223
18145 6237
16226 7476
5502 19738
13856 17526
17132 1380
17973 18898
2229 15490
19606 3269
11712 8442
8427 18668
1979 8622
6401 4613
6782 6355
4243 14298
449 3658
1455 4935
849 17607
3146 10180
956 12375
13400 5707
6070 8113
6154 16974
17418 17111
16404 15240
15794 1999
5803 17185
19002 2086
19873 4490
1327 8535
6338 8910
17571 3901
16048 5842
19259 13120
15811 4237
8228 16648
14058 15850
3602 10679
5775 18548
4491 14351
15165 9570
8414 16942
16578 17791
13000 17988
11425 18011
19823 18105
15388 7065
18661 9599
4570 1999
9340 19423
14169 11450
8533 96
4550 9115
16560 5743
10822 16871
9684 19899
18525 17781
19029 4977
5491 18155
1233 19639
6400 14250
1082 1886
13864 11160
13174 15118
19455 2935
18294 9483
10671 5487
4593 12336
4904 3999
10300 4165
19942 15051
1995 5111
14817 5874
12447 2355
8848 9456
8241 13795
14760 606
5127 18853
18516 16523
6365 1000
4773 3537
13640 9504
532 11436
13510 2836
9902 16306
11978 1874
5423 1732
12771 9309
16924 9010
14443 18687
7957 3213
660 16892
13491 5652
15459 4409
2351 18456
15993 3957
14750 2328
1926 2323
17657 14819
7950 12238
11110 10469
6262 1753
953 16941
13928 4081
16374 1239
11916 10108
17992 15850
12583 15992
629 9911
3902 16304
14858 6139
11781 6440
3902 7543
14983 1014
10915 6715
16301 17111
15752 6404
9344 9574
19095 5279
15263 13947
6651 12906
5571 18731
12299 6616
4576 1498
10322 14196
3988 7921
5088 11416
97 14331
13849 4715
7607 16319
12074 7078
11123 11748
7304 6917
16000 11823
14172 14927
8654 10910
10085 17444
913 7816
10413 4822
12336 2518
4972 7801
13507 3441
10159 6004
5523 4950
7602 19944
479 14885
135 16067
19918 1064
16420 15879
5649 4481
4421 17884
5117 1834
404 3090
10226 4631
15520 11762
8044 19796
18336 9204
7845 13128
10407 12980
11822 14358
14761 2825
14660 9165
8257 10791
18607 13748
1561 2391
10369 9897
5633 3904
8017 14486
3034 5997
4021 8636
18592 8429
10888 397
9883 6805
18005 16667
413 6112
11801 11330
2821 10562
6875 13002
8249 17616
8425 10311
3964 4382
16110 8119
18822 13646
19446 6769
13821 7713
8832 11504
1116 11145
10295 10566
7589 9506
10154 7231
14385 4512
11635 17711
12535 6636
1808 19518
2017 13185
12836 256
12704 5370
9692 10453
11710 15004
7484 14692
4460 13129
6475 8603
12347 19289
2089 10443
6658 3400
2991 12338
653 14925
13852 17929
15084 15919
5137 6908
6035 19470
7037 4723
3592 1177
8984 1645
4254 14475
13314 3026
2661 12783
19625 14792
8456 17684
19 2692
15743 2064
16065 7898
4356 18351
19586 998
11357 3807
16488 10519
6802 490
14343 2757
19302 12697
14273 13525
5583 530
18993 5446
18055 9371
12478 11846
17340 8739
7956 16174
19801 16555
12694 11572
9144 12695
12737 8330
14705 3189
10926 13216
12437 2493
7313 19698
4817 10169
1438 15257
13253 180
14287 5852
1537 6063
15729 10860
17694 14111
5196 9326
10442 19625
10965 10078
15851 1907
657 14748
14062 11700
3696 8979
2553 17696
8995 8112
9774 10432
3656 12767
5383 12615
1102 15851
5411 7878
18731 1447
7039 7797
4067 11102
11376 18156
15767 15998
7536 9217
5708 14095
1442 14187
14779 8122
8987 4579
19842 16735
12784 19890
7003 5995
10400 12975
2773 11939
14455 15525
3605 1351
11257 15365
5342 7065
16330 1747
5051 17012
3252 6696
6479 1319
11528 6995
4726 14223
1898 5755
11453 17841
16603 2517
6992 523
8608 6225
14789 2092
15511 4516
14430 4079
12857 18517
4520 9752
4725 18544
19517 1422
16924 14447
5724 7532
9578 929
7294 5876
17616 9573
17695 136
9720 15646
7821 10587
16183 13576
19780 17647
4008 6586
11809 9711
7917 14158
3167 4451
10082 16620
15018 10772
4058 2307
16797 18414
7811 16044
13395 5257
17434 10024
309 10652
2838 16524
13656 15528
14016 7989
1266 11229
9119 16634
13964 11175
15773 9581
1381 1601
1189 16876
8774 14477
8749 8477
12927 4378
10532 731
15647 11018
19495 17010
1158 10920
10452 11706
8066 7326
16420 19890
12270 180
11669 825
3555 2091
14147 2387
6006 8788
12404 17115
1201 17559
697 13804
13925 18830
12450 13734
4257 12820
4561 12704
9366 12264
4180 3143
6914 13203
817 3722
4904 14816
6108 7579
19837 16400
13608 17178
15852 3529
8741 15415
7316 3403
12524 10867
19386 6136
7576 14961
2876 17015
17408 2476
17335 18751
1867 18624
8398 9908
14148 18543
3031 1240
5207 9170
8402 14473
2446 5738
12900 6394
917 16617
7769 7662
8475 9051
7052 10912
824 15503
3479 4307
10394 3520
2924 13211
17607 8348
17986 18129
18859 1452
6764 5812
7551 558
16691 4094
15283 5724
7481 5533
7977 12670
18349 19038
8016 9016
11771 15150
6542 4425
18990 16089
18537 10276
1777 13164
70 17969
1492 18505
18822 11004
16276 1745
6937 11166
4258 10041
180 18133
1841 13166
14276 19473
14611 18020
569 10308
13405 668
3604 2528
2056 12687
11941 11215
2618 9540
7617 6630
14890 14434
12554 4034
6566 2830
9966 6986
14661 10544
6951 5709
4931 8652
9325 6106
3770 212
13723 6416
15026 6967
9866 5536
14118 11622
17724 4977
11115 297
8027 4921
4566 14452
342 5664
1079 16463
1993 7452
12363 10086
2357 8090
19980 1382
126 3653
5220 6667
16057 5996
13585 17616
4524 4399
14561 4931
4883 6806
7638 621
17086 15127
9709 16834
10310 884
18711 5593
2374 6567
18281 3270
17990 15598
14162 9095
9229 16529
153 18193
12344 16631
6389 9279
18443 2736
3434 19603
13936 16995
15562 19170
2104 7762
18585 14782
1048 18320
19135 7087
17719 18145
16888 10042
9802 2501
14106 9377
2615 7132
18487 796
1282 2657
178 737
11997 1491
17679 9251
10338 9602
5170 4828
5006 13434
14181 12759
13340 540
332 8938
9472 19105
497 12049
499 945
11890 1921
2760 4191
13275 17354
11022 6237
4525 2821
19511 6682
15441 1751
13203 2789
1331 4416
14143 2605
11727 16498
10510 19797
8319 1973
15604 1631
19623 6317
13831 7576
3370 15941
6621 5023
6136 12902
3291 6678
17007 7778
10428 3172
14951 19791
12432 3852
10006 18019
6735 13086
14379 14159
8336 9631
10352 1990
5647 17001
2999 6020
14498 19698
3836 11985
16240 12059
1489 3849
14848 8385
5699 2431
12628 1112
15138 17451
15086 8068
14663 15726
1547 10415
18027 4777
13399 14253
17976 11200
15991 10066
9811 3698
4966 11484
15804 15564
19326 2233
14610 3497
13753 15060
12137 4307
7576 6450
15479 4751
10746 235
19072 6385
15890 3658
401 10781
15311 7697
18704 10642
16091 16344
16359 17647
6091 871
1135 12501
1978 3178
6089 1594
10811 18028
3404 4599
12112 15596
9799 553
17901 15602
14972 17646
10434 868
3426 13217
9173 9969
707 966
13451 6071
513 16608
14094 7167
12764 9722
14296 12943
5189 12405
6945 8248
16007 12043
12095 12118
15170 11303
1896 12713
12453 18051
1601 4853
6454 1106
7409 9300
16936 4138
7950 9460
5175 19175
13875 15576
2340 12683
18913 3070
16054 14141
4401 4382
9218 15877
3396 6315
17271 78
13466 4991
10614 17307
18985 16720
6559 7468
8591 19891
1469 10882
1765 2593
4902 4222
10727 18359
19467 5871
5048 2950
8611 17870
18256 9900
18763 10323
16881 3767
6727 8778
267 17714
2047 7790
2707 5197
16149 2422
11231 5506
2739 18464
18083 16135
7774 10130
13248 19418
8094 15494
14766 19108
6373 350
3288 1220
9134 11955
1935 18254
18924 48
17242 9377
17408 17990
4446 14742
13375 1976
2459 19778
9376 1450
928 13084
10027 18412
8104 8446
14090 15061
18940 1800
18129 19003
11078 5363
5092 13087
1747 9661
8711 11571
8348 16332
15353 7415
12156 13980
10315 5136
17390 12648
18403 11641
12725 8584
1402 5039
1258 9845
3274 2339
13293 1663
11486 240
13458 9232
7001 3295
3797 9560
2799 19160
10450 15637
12688 18177
6516 9242
7866 13197
7549 703
16232 12665
17278 10472
6856 9106
949 354
8529 7923
7543 19785
14453 12511
10678 10039
19685 8447
13618 16379
14150 10438
365 14353
1003 16879
6185 5812
14758 19022
7557 14055
15636 10535
4888 8049
11852 11463
17181 16807
17652 14351
3557 15937
19101 253
5732 19241
15249 11920
442 18760
1874 10089
9196 11081
13555 10105
17010 17504
14236 5841
14362 17252
5054 5678
11117 82
18760 8045
17785 16095
5989 8509
11925 16049
1007 2000
2868 18913
1484 16484
18011 10823
8746 8251
11276 14460
9799 8914
13198 13473
13146 677
8776 9145
6870 12606
7634 9637
12254 9611
15434 10207
16963 2617
15775 2811
9092 3872
1396 10879
14976 13307
12731 1638
19815 12558
16189 14205
11768 681
10577 13717
4778 11560
17505 19250
12 3813
15516 6800
8391 19408
5046 14749
12515 3046
12166 899
852 136
5554 17634
18555 11325
10776 11225
9486 12316
17871 5550
1626 14907
17893 1905
16416 13317
17247 12099
1432 7847
16106 19429
14897 14406
10182 19083
4275 19266
5456 9714
12167 4415
17171 8218
14327 14286
10836 10817
10017 19349
12941 13897
6013 8179
3308 10552
13821 562
12299 5311
4259 6372
15168 10402
8233 2913
2280 4955
14424 12549
14061 15629
14307 1446
2139 954
13696 5105
937 8070
15168 13288
16687 18277
5210 4091
13097 12753
4607 55
17259 591
17015 3768
1661 5337
17016 2165
7569 18382
13538 8830
11434 3497
975 14634
18013 18788
15585 15688
921 3332
9182 5080
14972 19662
16055 8840
14592 2944
14546 9742
15433 5487
15320 1741
18178 14063
5554 13578
12713 5848
8473 859
12873 6792
14949 9736
3802 4976
11437 498
1758 10589
14966 17141
12865 4574
18913 8224
7477 8849
14026 17067
18686 5124
16504 17763
8957 8755
18727 1388
19512 15948
10145 14002
12929 929
4547 1067
12156 16448
7628 13503
11332 14681
8403 2337
8176 15091
11162 6967
19224 2300
15394 18767
11392 6388
3934 6765
10735 1822
11249 13174
19306 8787
7860 12823
12264 5518
1814 4865
17495 16108
13855 14547
15519 17472
13688 8740
11190 10171
14051 6346
12951 17298
162 9271
3430 12038
1705 8382
18046 11367
18718 609
13045 10613
8477 11489
8690 2344
16078 1459
10915 19543
6572 6300
1278 9738
4967 1386
9964 1302
9979 5286
4 18499
6742 17347
18333 15510
16170 18539
18610 10603
6912 3897
4872 10347
13466 3168
12669 3702
7018 12655
7533 13972
1755 7022
15379 3690
6659 7381
17200 11955
3583 16315
18817 4485
16047 3017
18005 15814
12128 4883
18754 2425
13282 1853
15739 10566
2845 12029
6656 17382
15015 5474
14827 9426
4743 14297
13412 3493
19830 9031
12992 11504
13356 4423
15498 7234
10923 14131
3110 12268
7627 5477
6928 8215
14144 9403
1498 9233
5047 7788
10982 10206
18002 17121
8418 7445
15946 16194
19763 4465
13022 6562
17172 5114
14138 11617
848 6336
8641 8850
14398 17663
3780 5744
4064 9398
11560 5432
9216 18026
7568 14260
10419 8024
18697 16740
336 18893
1794 13728
18297 14486
15611 10283
18914 16055
11979 2885
17258 11273
934 341
18956 18515
12724 1502
1238 15780
14440 4424
1061 13153
2056 16421
2808 5629
934 13879
6705 8358
4212 6143
11844 2707
6200 595
16541 13647
16656 3814
9011 19833
9070 5854
3150 1751
17983 382
14680 17631
18660 2508
7745 2437
7770 19230
17796 1068
14340 3019
6233 14622
9597 5475
13284 4905
8977 12100
19172 3377
14744 5213
18297 18596
4787 18910
4527 18830
1964 7001
2186 3952
16133 16461
4928 9679
14029 6860
1437 12939
8494 18051
11380 14072
166 9571
14116 13507
13309 19718
5688 4729
15131 10332
4832 19818
17489 9448
369 6226
18464 15948
4543 10138
13583 19904
9972 12127
3578 15569
8679 12499
10743 8272
7284 4743
15036 12453
8721 11525
7371 517
2140 8584
14399 6492
12129 9776
5731 18961
11512 8574
10473 7607
15163 3370
5248 18646
14783 413
572 845
17363 4523
15403 3349
3067 3779
9530 10488
16474 4997
7318 236
3125 10354
3742 3675
19071 16639
19735 11734
15099 14620
2368 16900
11587 14113
19924 11105
13956 4971
17777 6864
3987 18401
1421 10680
14189 15043
16029 14993
3518 16482
17691 2036
11131 14779
12449 15796
11821 4315
5413 10204
5065 13520
17205 17126
14510 1414
11514 4580
9779 15848
12597 12152
17573 2949
18996 2435
371 17853
18540 7280
9535 8810
12948 7460
7106 17187
7855 16450
13763 718
16723 8205
17091 17956
82 10691
9746 15266
15690 1758
18100 19189
11114 1900
16863 8053
6493 19506
10168 9167
981 18920
2744 8397
1272 17561
1753 16039
2565 19224
2798 2855
9684 833
5064 6439
8868 1624
7161 4207
15035 180
9608 7758
4852 6472
1746 6916
17046 7103
14313 267
1483 19411
9479 1557
752 13498
17436 1930
7876 8936
16561 3247
14959 13765
15271 18656
11865 4447
9758 11428
5260 7143
17923 1173
19914 18204
1475 15630
11267 13429
11428 3936
5184 1210
10682 3382
10073 19933
11050 6837
11928 891
18007 5448
16402 18001
224 11357
13144 2771
9361 1340
986 13346
2652 4587
19603 16284
5578 1774
1941 14525
13376 19005
13186 1042
9923 7350
11766 15457
13488 400
1463 16746
10326 8321
11235 2738
17148 16678
18651 7628
7356 11818
1488 6350
4363 5179
15486 13166
11693 10064
16247 8200
5649 15302
12236 10560
11099 946
1523 8938
9891 18283
13990 6688
2345 18747
5930 8395
5157 13500
3674 77
18821 13975
974 10340
1091 14342
5582 19172
16233 5431
6475 7682
10003 13190
2425 15671
15450 1984
569 16437
16218 7930
17022 17231
5441 7433
11753 2232
371 16522
13829 16441
6943 9251
19929 11920
6620 4293
2448 17101
15018 4584
11703 9809
691 4436
18460 8502
18536 19302
4194 15522
10428 2547
13482 13621
8831 11185
9122 10973
650 3683
8825 19588
12013 15691
5407 16690
15746 4080
19192 1797
9557 13580
11376 8992
11517 7277
8445 1967
19520 7066
5408 2612
11559 13044
8149 8822
16336 15805
8891 11308
18267 18022
5259 2281
4538 6410
8943 10344
7889 13028
4696 3658
2968 8513
19174 1517
15398 7573
3826 8835
4305 6532
11463 8197
5487 13420
639 3229
1891 9826
19843 1668
2615 7626
15610 477
9816 18033
3810 14083
16993 9159
8677 3609
3971 19397
7118 18329
5985 17916
12874 4869
7753 3277
6925 7951
18973 7542
10891 3510
17393 16664
11882 16199
6605 8602
7317 3778
19595 14828
855 9722
5136 1856
19335 15862
18493 2289
5942 12762
19060 17244
9016 5632
5726 13675
13041 14107
8817 8968
7876 1835
19851 16155
1549 8773
3092 7417
19279 14731
6711 5011
4687 13055
11712 3262
17489 6406
15662 10353
16520 1146
17629 2156
12569 4837
8116 9573
2545 14687
17224 4589
9980 7182
11393 14422
1022 7365
19128 7651
11276 7009
6365 13780
18908 6380
12453 11892
1600 233
5722 18179
893 11229
16763 11763
10983 7786
17022 1212
9828 9379
6679 2439
4908 11440
9496 4065
1644 12625
13409 14283
15917 19524
11355 18076
12599 12800
17724 5836
2023 9929
72 15281
11721 13229
18892 12474
14842 7054
16163 7452
11399 17848
16972 1182
14801 8931
14696 8648
1748 6869
6113 12495
11513 575
9360 13590
14213 16505
8864 16238
9328 19715
15350 12474
10355 1651
19266 9364
5203 15680
13977 7099
6765 14512
5070 5560
277 12386
5541 19489
13954 13375
11978 9551
12979 15475
12914 15416
10763 2604
872 2803
14267 14650
17397 5149
9639 13798
17448 4044
15711 6758
7653 14706
4476 6189
12496 11143
9676 18358
11779 8326
6025 12255
17376 3715
13586 14833
4627 7037
6677 16284
16098 18047
3230 162
6817 5588
4241 17260
18715 18434
10252 14559
7641 12034
16772 15485
9128 11208
287 8042
8377 3780
4247 11231
997 17102
16332 13220
17161 1020
8321 10579
9757 3395
2389 6525
10112 17353
13380 1520
4795 10016
9575 4173
1859 3437
6268 15381
5004 797
5183 9176
8358 2122
7387 18810
18195 16375
7222 8324
18358 14630
19330 4678
9566 15648
18556 3061
4507 2300
858 18373
18114 113
13776 3614
8447 11274
19617 436
18958 7100
6257 9620
7944 18660
12977 287
9738 13861
10423 2527
1736 17387
18037 18742
9051 8729
9016 6288
14098 15051
7338 1802
18679 5638
4382 2125
9352 14161
3638 11560
8855 19490
9686 16090
16627 16759
11009 9923
13480 2162
6051 19913
16722 18911
17766 5385
7624 7561
4116 19599
6141 17698
1145 6360
12327 19475
2386 11265
17516 1550
7200 4717
13635 10834
10479 10038
7346 3105
1581 5704
16674 1403
9977 11121
6016 10931
17037 11961
3899 3438
7395 11450
2240 12189
6688 2059
4738 17575
10226 8511
18225 16536
16305 10092
443 2457
17936 1743
7501 19609
8835 13922
11517 14705
125 8806
4515 13049
2827 15934
3335 17337
317 630
3269 3180
8168 13748
6066 13889
19886 10892
14619 18428
2074 14656
9313 10502
412 13038
1080 15626
6639 3014
1284 15824
8522 14136
14694 11783
5089 13503
4623 17156
17641 24
13037 19466
9791 868
3599 6902
6491 8862
8282 13829
1460 761
6370 7216
2167 8615
18277 2452
6686 1228
1684 13508
18771 6569
13600 19747
812 14705
7571 9408
13797 5601
16590 11945
14121 14100
12027 15096
19301 6326
17079 17055
7391 1284
4730 5233
15319 19842
5311 12218
15954 528
18103 6913
15437 2785
13782 19568
10478 14646
3631 16185
7722 2511
9845 14523
11583 14955
9747 4476
5886 12433
15875 6328
6269 1981
9053 9306
6156 2898
7113 9526
10333 6419
8823 9735
11242 14400
2441 1751
10945 537
11082 14109
13253 13789
14143 7978
11785 6209
1731 13416
16489 8335
4201 9788
16580 8412
3147 8908
14920 1738
14009 16069
15857 18415
6682 6293
14781 11943
5135 14101
19634 16620
6522 4080
8622 15696
11884 14293
7661 3173
16481 17137
11791 13780
1144 4240
17543 5737
17937 4990
1803 4666
6670 8645
8451 17720
13728 13142
4503 6991
619 5513
16573 16510
18420 15874
18502 15075
11923 9197
17224 3593
16602 7322
16813 5092
5913 18570
10009 8481
17108 17163
6864 19881
7711 13543
11708 10137
119 12059
8144 7817
6179 8365
7231 3855
2198 19717
4616 11074
5555 12721
8286 16482
10658 1749
2302 17366
1882 8068
14433 12155
7289 12714
19253 10767
12377 12289
17442 5017
17120 2647
12783 1258
12141 1214
14292 3010
19378 11835
2390 15471
5294 4931
12695 16073
1475 11795
18721 657
2189 19206
13106 7503
9859 9832
9421 18666
9042 14327
4801 3399
9226 6716
19857 17472
14177 19964
2776 3521
15879 18429
18469 581
10460 14570
17451 4284
4548 17318
4460 16325
4020 4486
15698 15232
10069 4376
9064 15097
11088 16487
4352 9067
18465 320
12234 4186
13971 6401
17889 1
12990 5351
8646 18596
11810 13434
2817 8524
7998 17011
14006 4720
18907 10654
1794 12049
1152 12076
9558 3425
11255 9504
13528 4981
1180 1472
13797 1096
1391 9804
4172 6033
11391 13397
11447 396
5516 489
12490 11753
15932 2977
17370 744
96 19226
11572 4715
17606 1525
11357 9708
13490 19900
2872 12062
1239 5640
16385 10135
17025 9915
2253 19878
11441 5290
8386 18995
15902 7870
16539 19204
5737 15456
11059 6947
11681 4632
4434 17960
3905 397
856 7978
13722 18603
18146 4951
9865 1578
7802 12534
16808 314
2890 7583
12758 11633
17245 9709
19422 15707
4355 3190
8042 10190
9745 19265
3447 18358
1974 4307
16784 3315
8597 13351
12024 4088
11429 11907
17443 7936
15372 777
12870 7778
9447 1060
2821 19807
16364 17452
945 1512
8694 17339
18995 4733
5117 872
4541 8335
16447 11505
4908 16118
17186 989
13098 12639
19661 2585
8335 14605
7017 14112
7066 5928
16614 5995
17063 2526
2002 18096
7923 16378
16613 7135
9059 7034
19845 18245
743 3812
2813 11114
7024 1360
9272 14648
6512 19928
2213 13523
12059 6214
1224 6946
14362 4492
7078 12790
10717 2005
11257 16361
17844 3098
19979 14281
11092 8775
423 6567
11279 17672
16062 34
18477 12060
3913 10742
16263 13763
14776 4271
17671 19134
14394 15840
6082 16398
17332 1275
18056 13754
2078 18875
10926 16324
9105 8417
6626 10684
2747 17676
15640 8011
8046 5967
4621 14755
3205 9162
8699 8150
10639 19119
7039 19516
5831 7012
13985 6505
4400 10320
19872 7559
7649 13989
2716 19546
16453 14708
13373 3713
17191 14953
18681 761
9248 19300
11696 14796
16348 498
2215 9820
15253 10378
11767 7036
13433 4773
13028 5829
16587 1110
12616 3556
19332 19264
14462 10760
2769 17570
13600 3626
19575 11312
9404 15286
8575 644
10480 16631
1978 8027
3222 6847
16056 18331
19082 6381
6085 16492
2857 16031
9544 3691
19329 16360
6998 14050
4067 13988
1488 10347
3546 5308
13991 1383
6293 13398
14845 1197
17432 7272
3832 15898
4825 17431
9448 4654
1247 1639
9672 17095
7840 16209
10736 13189
4147 9789
11187 11170
18059 227
12260 13971
18416 19990
3352 9681
4183 18821
5672 15912
19620 15705
18800 7288
16785 25
19485 3858
7419 11161
15620 12807
15171 8353
10055 11841
10303 5000
8884 19447
14455 14854
9335 15748
18897 3031
1119 2986
7734 9270
12646 3163
9953 3843
18874 8196
11261 15404
11761 14780
16274 13843
1852 14922
14059 465
10860 1606
9877 19643
2083 13887
3250 1754
5407 18347
7560 15343
3155 10561
16506 2354
11 1693
18352 1157
6624 9651
3186 8500
12466 9985
8942 6352
4371 1869
16035 10584
12905 2560
7435 15675
1672 3792
12286 16637
13958 8045
14949 6834
8486 9419
1635 19361
12981 19301
1116 609
17428 7732
15818 10983
2569 19463
8385 9499
2601 18124
15632 14081
5095 1546
5361 18819
12286 10600
13194 8809
12444 14137
18197 1771
6152 9487
8862 19056
4574 13131
17728 19230
949 14065
19124 11929
6024 1363
13926 18623
19162 13805
17051 5228
16476 5593
2312 18296
15518 2871
7293 4650
15762 12496
4621 18092
11950 12539
14711 4685
3077 3608
19633 12825
19394 14623
5340 8270
19809 6079
6652 1687
5207 8226
5446 10818
15497 2200
5644 19935
3824 10039
11689 17128
19381 1063
19214 16305
6547 4403
10200 14668
18871 17541
10654 15360
6397 19771
17442 2925
13348 2397
13189 17774
7142 880
10734 10439
13704 18561
12077 5110
10458 5110
9303 18396
3047 7492
10701 17666
6946 17728
14210 14351
8316 6727
17151 1540
3440 19296
7402 5856
9953 12769
13977 4915
7610 3784
16969 16756
16537 18935
1361 12572
1830 3384
9287 1168
11313 8410
13526 12178
9411 17824
10687 1136
8615 16832
9576 19786
4901 8256
3222 1969
8228 17003
13112 13926
17202 1055
3613 1811
5893 8490
17544 11602
7006 7811
7031 14318
19917 8468
5945 13513
10140 7255
13396 10104
13152 17792
14323 8856
6292 2154
4383 9254
18901 5163
9466 14147
5151 18756
6719 9665
7618 12755
5988 15588
14016 10925
2313 12710
7871 18264
11269 19679
2665 13924
16981 10233
8486 12762
18592 8716
19950 15281
6060 12119
13476 14428
11301 13051
7828 17116
18495 15136
5268 17470
8706 16380
14299 9803
14534 16263
8378 13574
11311 7689
6471 4961
14008 4885
10765 8034
17066 12196
18045 10284
13948 11100
18723 10081
14247 2603
10774 6043
17564 15851
17657 13891
13672 16357
15140 9850
19161 11466
10766 14348
8194 13161
3478 15945
1609 17542
1843 4029
3270 13547
8447 4638
7611 4209
9338 18414
12794 15872
2875 18130
16210 16714
18383 16770
4846 13379
6185 7407
16436 15675
12878 796
14235 3482
18534 10535
6478 11964
15132 14775
15271 16420
9826 9945
10514 4019
17164 1699
4141 16151
2562 13934
17207 5408
17661 3759
12845 8923
8474 16633
10804 13556
3021 17041
17111 106
161 19761
1121 11502
19098 16531
13826 1719
15038 18607
5696 8235
14578 6584
17331 3317
10801 2544
6455 14621
10968 18389
4276 8315
16090 5067
9296 14388
11763 11807
10847 19030
4821 12440
9161 19887
1591 5016
11559 6786
9326 19853
16857 6705
1151 13835
2751 5806
2216 19515
15613 1819
6910 10287
16664 16245
13372 9278
222 2980
1925 6149
3421 9742
3935 1464
15784 10093
1658 18188
18074 13743
9123 14879
13209 19419
18139 13512
19574 18971
19466 5387
19309 1013
3047 7422
7005 11839
9284 13872
15982 326
9595 16420
6537 15685
1023 4196
3152 11017
8345 7641
1932 1110
3555 2767
5047 16797
6976 5932
5925 9056
14455 6876
9363 163
17422 1486
3001 6030
2219 18637
7973 2072
10923 9600
17235 9732
11680 18855
4475 5797
15650 17333
10392 11234
10466 1605
16274 19697
14421 13097
13047 5397
6558 4219
12700 14440
18478 15852
12760 647
1929 17306
16362 1811
17187 8563
4113 14388
3302 118
16103 2351
8940 13312
14802 14786
5660 13504
185 12046
2464 288
6444 19689
5710 9246
4631 6098
19680 15639
15065 5656
3402 16060
17785 14704
8479 4788
14644 18747
9315 12407
3793 18667
5876 2013
9714 12090
12515 6834
14423 19870
4772 4325
11159 4533
17147 14318
8621 6066
17383 7748
8628 13563
6949 7374
1834 5909
17148 882
4214 5896
7041 11749
11699 14169
14323 6824
14600 4424
8384 10618
14144 17810
10218 11881
8091 2448
13427 15556
5533 6897
4577 13395
19052 3425
7626 4438
22 13494
11040 3310
18150 11917
3334 3596
19020 5883
11807 13218
7850 9674
11514 6243
10212 6919
17549 10526
13991 3587
1005 18304
183 1363
16335 2935
15196 6182
16105 6674
2630 11390
141 15498
3206 8964
17468 18447
16027 9002
6984 4893
8143 15260
4898 17853
8206 19745
8677 11189
16136 12300
17587 15184
14894 9386
78 8711
14772 18149
510 16725
9950 17665
12285 2245
12495 3608
6272 11671
492 5787
10286 1637
10204 5511
9874 2194
2285 4601
14026 14232
8941 18935
19392 6607
11541 18152
15088 4622
5492 15660
19440 9117
18705 18591
11819 651
17972 14239
13866 4532
13054 8798
631 11924
5080 17296
1701 10289
17534 12996
3996 8420
16002 16358
1672 19096
9648 2963
13612 15930
7150 18800
5832 10905
8743 534
5153 10023
10477 12588
11494 14573
3411 2082
17478 19178
11982 13817
13290 4331
4072 1767
12870 3568
2163 18419
9658 19885
17538 15379
12174 17621
16877 13337
13877 9181
7722 17547
16180 19544
18871 12398
1558 3099
2680 9004
7094 6977
18813 10192
354 2526
11390 16245
13290 8510
4295 2105
805 8732
6833 15276
4243 3425
8215 9392
14276 12668
6042 3465
1973 6542
4687 16364
15790 8091
17950 11324
9266 7055
13563 969
24 9579
19765 12234
1918 2686
4113 7939
16511 19202
12015 5507
13474 15666
6794 9818
15917 2305
14902 10506
14483 2741
6131 9981
11697 7331
17772 1269
6567 15990
9899 4818
4759 9514
10087 9099
7537 1243
641 13772
15381 13630
6661 18502
7286 14094
19964 5806
12841 17702
10059 2868
9192 2069
10308 964
19204 16145
16526 19506
10225 12729
2364 12531
13988 19471
10071 7809
6198 8056
17452 938
6860 17736
15157 2005
7952 8206
12336 3325
15889 10538
7973 13298
5479 14412
13870 2136
8941 3663
19064 1863
11312 8680
6460 8375
16574 5303
3938 2198
3947 14245
6756 14822
7504 13091
343 14120
10638 1567
6792 12412
18593 11306
1272 14920
18895 3475
6365 13494
5428 8056
3279 6570
3652 7304
237 1877
17609 4029
4523 5036
7348 16024
19691 3923
7073 12505
4722 16883
1109 3279
12968 11019
1372 5345
14426 19678
7725 10584
1529 15393
4814 16250
11557 6536
7590 4166
9045 11441
15601 135
11983 14220
5442 9737
4259 14113
14424 9446
379 7339
8438 17494
7502 776
3511 16890
11990 7791
12035 16022
10094 14706
17215 2870
1621 4277
14483 8250
12134 19047
12778 18875
2849 9033
14405 9891
6197 10455
2777 11562
4851 1088
10191 4290
18096 9405
16228 9156
9336 8402
19546 11920
12314 3335
1804 13248
4597 12907
6253 6422
9960 5243
17927 16869
16560 1809
8557 4212
9044 2027
13777 15566
5291 12911
17903 9223
5190 7584
6168 18462
17669 15542
12666 13398
6470 1669
14434 5238
16934 18696
18560 18572
7515 1411
17828 12565
14997 15529
18303 14696
14244 1041
3956 13357
3719 2354
6359 12522
15390 18317
2331 13507
14403 15576
19264 17657
15598 10051
814 12748
156 8133
10164 12174
10906 18339
12666 2907
13126 13945
19648 15241
3989 13571
818 10022
17847 10939
7716 11108
7959 12863
7754 18510
19635 9564
11812 18216
15057 685
17274 15323
7301 14006
13069 12900
8155 16690
5328 13621
14273 7736
18952 2872
16004 9330
8173 2209
15917 15654
18619 9276
5148 9301
18132 18259
9891 2705
7838 5625
15723 11158
8298 13872
16721 3860
11055 16280
1858 11084
5093 10882
4893 2408
12156 764
11320 13748
17133 10699
19872 1896
14287 10982
10458 7316
12515 4123
16442 8843
18897 15610
14040 3941
6723 14831
6072 11658
15651 18275
11551 9083
17566 3981
9657 15079
19772 16505
9367 2106
17250 3049
5554 13922
1958 12619
9176 13651
14531 1127
2807 14156
13385 3994
16286 2875
6667 16489
8260 170
11815 16004
8798 9522
3040 11976
5532 4939
15578 11490
1617 10602
13011 16440
18835 9374
19264 15148
2522 4792
14806 14568
7913 12518
12943 14393
12264 13715
17659 4941
2539 8783
2915 17327
13163 16438
7066 4457
14412 4291
3701 1650
2846 17142
3917 2643
6008 5606
7194 19908
2002 5991
9131 12209
17641 2203
6939 19437
9411 12105
5186 245
2952 6131
5418 1350
3711 5249
8599 9650
9456 8596
12918 1988
8395 16950
19480 1015
6824 16184
19996 6303
1099 19691
5402 7603
14902 13659
19345 15742
10724 8059
17190 7028
4964 17383
3492 13136
2599 13416
7943 6920
10526 15587
18246 19277
7923 1383
4306 3111
9723 8438
18671 15352
3924 14624
5926 5106
6908 1006
9477 13848
4353 775
9973 9284
6054 13148
19064 4969
3441 11359
5335 17387
7595 11436
9267 15212
8738 3009
12282 13324
13266 18955
2238 9213
1643 15493
135 11063
7196 4295
15087 15304
8053 11713
7507 6698
3975 8707
17188 6719
6534 10565
2284 6136
18131 10832
15094 4346
2387 2086
8323 2415
15696 17538
10715 12920
15084 18210
5185 2657
17370 2693
7641 6314
12284 9087
12317 9444
4167 9681
16958 4994
16181 12268
329 3365
2919 10939
5881 14567
13647 19207
5069 4094
1631 9279
18075 10159
15725 13180
12298 17414
2143 18676
10567 11293
8057 17737
6561 920
6003 16714
18388 5564
12991 1947
4105 4152
8048 14075
6915 19740
5287 3699
7484 13213
17706 504
8910 16103
2622 4663
10924 16791
19025 13074
17657 17439
8321 16083
3533 8914
14019 11264
16051 9865
11270 18969
6702 12818
15704 9899
12436 15306
5442 5430
15699 81
8837 9656
5986 13969
1683 5895
11880 18058
4100 5137
19255 9359
15858 11886
3964 4725
17441 568
12644 17485
12727 13426
12457 6856
2210 5254
6110 9538
7635 18876
9185 16229
8917 13596
16593 17834
10680 8855
10552 9836
10040 13333
2569 10504
7412 8597
9567 2422
14788 15241
5243 10697
9900 6344
8312 3816
1049 19021
5165 1673
4554 5384
11175 1563
15459 4225
13044 7248
12777 13316
4541 11432
3166 19774
19671 11640
15919 1837
9687 12033
13204 19595
13168 19087
1223 13935
12176 17337
1088 217
3671 9705
10597 10084
11914 9733
12069 1163
11668 7974
8874 2859
4842 8986
17821 677
8251 3537
9852 5341
17579 18581
4172 3420
12685 7646
7008 4891
18162 19590
18562 19479
6692 17815
17779 1809
6267 64
11721 5817
18072 15892
3125 3088
11766 9702
8385 11612
11055 19095
14793 8522
18929 9441
8152 13962
571 16425
1028 14789
16251 2208
510 3326
7680 4917
15319 6910
7342 9328
7222 10121
13581 15052
14190 6412
1954 15596
2562 17332
13230 782
8476 4955
13356 19408
7495 16577
288 9897
2479 19310
9526 16069
14027 2111
9327 788
11114 5211
16235 5111
16106 14620
14158 15331
15163 1462
7216 19514
6546 17570
18007 4626
8301 13147
17289 7665
14052 12423
9442 14582
7857 5994
1397 14557
19951 2768
19249 10703
17673 12074
15135 7774
6019 13580
2804 5516
4460 18521
16428 15671
14339 13391
17353 5890
9262 16099
6278 12398
4870 12298
3133 19858
5501 9181
955 17839
10051 18807
14499 10077
1398 11290
2923 12138
11960 8751
9275 1809
10867 468
3683 6411
17843 4946
3478 16467
16698 8333
11225 10293
17547 18918
13550 14602
10465 13242
6064 2585
631 7035
10179 16492
11003 9532
6909 17333
18667 4420
2204 16659
4098 16231
6552 6720
8593 5405
2457 4387
2710 9857
1138 3179
2590 9987
14044 6017
13738 12670
13752 639
7295 18944
15842 1737
5287 10602
8456 3009
18406 8105
10804 5523
13238 19867
7396 10818
17625 4648
9913 18363
2042 6396
4745 1089
13218 3848
8541 16423
16504 6835
9492 8972
14379 17865
19257 7682
17072 5106
6159 615
11292 19965
11128 1954
14615 8619
13767 4684
7927 17919
16352 11158
6631 14904
18894 6813
3770 13367
4795 15877
9600 6707
10468 11146
16895 9749
18203 888
1402 5135
4136 5006
13915 7603
2474 4924
18473 2940
2955 7979
18431 1759
14461 2505
4011 12592
10206 5203
17253 5604
3744 8090
3957 2387
8712 17478
13913 18412
1809 18137
13576 7863
1549 15396
11501 15587
10078 317
12328 637
5901 15590
16151 1933
10458 7053
10071 8455
14684 12820
11770 188
15516 11781
14472 15823
1520 6972
1842 9027
9355 13224
12266 3806
11123 9876
18385 2071
6108 402
1294 4137
19861 5093
17171 7900
13528 18103
387 19130
16170 18588
6805 14054
1922 11812
2257 1302
9236 553
10953 12468
14218 9420
680 542
11681 6561
16265 7390
1915 8367
2811 18979
13921 8052
2559 3398
2599 15002
10613 6467
18215 15240
2027 6091
18254 18455
8925 16052
4637 17151
13366 1979
6023 11730
3383 1922
2005 13155
5279 9698
14925 10007
3020 9048
14029 4094
7820 12017
19139 3365
13692 15797
15276 5912
7052 357
19607 305
19260 16556
6685 673
738 8248
3306 14031
17563 8356
14969 17467
6512 10773
8735 15933
7291 18982
5547 1595
5339 12733
12981 6205
5596 5763
9702 9371
12424 16077
67 5978
17332 8634
11982 16414
13916 3635
13755 11965
18813 11030
19368 187
8554 5208
18974 17644
18431 7044
19353 3898
19538 15166
15145 4806
4120 19744
14737 11690
437 9890
15674 18633
15716 18072
896 19755
16341 8990
5377 5519
14482 4765
10195 2384
5432 17464
9892 4015
6325 1444
3560 4691
9553 519
3171 3478
11281 14391
19947 9770
728 11952
12929 16892
8685 517
3542 14064
2881 13738
2705 16467
10648 8034
15767 201
340 18942
19118 7475
8058 12814
828 2962
9708 2155
11378 10173
828 15010
15852 8553
4085 8027
18963 8096
1783 8004
6797 3361
19446 13949
7138 5591
15173 14583
10290 12572
18132 8766
8715 6714
6634 17843
14049 19187
13265 3338
8415 1520
11293 6402
14561 12188
3484 19407
18661 10547
9617 10330
18788 19495
14956 1728
18500 1561
5014 619
13624 7763
1270 1476
13213 11713
17147 19696
7889 14662
18631 14439
5778 8942
6051 17673
6131 16922
6041 6353
16409 2965
16647 13474
14893 6608
13260 2854
18239 19968
15102 18850
9135 8963
10743 5339
5106 16185
900 9575
15062 17101
9986 17357
3225 4451
487 7392
11416 788
7074 12618
18459 4063
12555 10066
1569 19476
18207 15078
3910 19155
13742 6227
8880 15182
11512 19350
14350 2971
1856 17801
14283 6821
9006 5922
18831 15538
15378 1431
353 1685
10684 19019
10659 8688
2113 8090
395 1660
5008 10286
4711 9785
6217 15812
15170 17490
16062 19745
16916 10442
3871 6230
4827 13545
1957 13152
1664 19084
15366 18247
13526 15364
4010 4265
3469 11075
11218 2283
3536 11410
12166 8613
17503 10204
2068 650
15207 10113
17363 4512
12414 11041
17110 10760
3790 19364
1893 17410
5434 306
1046 9945
6802 16656
13760 16087
15507 15321
7763 2479
10526 1622
19458 6749
3136 9477
11393 18010
14121 8784
6580 6975
5453 12528
17835 12430
17194 6212
1588 1859
2567 11815
17948 2715
13249 4141
2251 1004
16649 12563
1299 6060
16165 4992
17719 7188
18556 6750
1290 935
2217 7390
5265 11023
15233 4358
3000 13821
3567 1119
19185 16151
15073 1627
10556 11217
12760 7799
13085 8876
1510 1694
11631 4993
12196 16406
18896 17259
9972 9058
11046 11294
10467 16391
19835 6880
19229 9788
3624 5493
11459 2634
11929 4501
14202 5408
18324 3938
8305 3169
19124 3817
17298 14942
13772 2803
14048 13395
15522 6487
18240 9125
14868 16911
13463 11257
12176 2357
15094 15056
8852 16452
13107 691
15101 10254
9478 19054
19208 15519
7735 12018
16194 13589
14938 9293
15211 13973
6482 8609
702 14881
18880 17135
18305 9950
16017 1344
3683 15416
15620 7133
3778 11422
17708 8163
9220 8584
9900 15236
8656 6205
18173 13504
15086 11163
9090 12683
2232 12502
71 4970
9096 14364
7624 6831
10942 16515
9820 10038
19835 16769
17894 3118
12586 6787
11749 8238
4129 1788
6180 3703
13608 15877
4303 16022
3863 19129
6236 18231
13377 19729
17118 14048
1594 7172
9024 7984
6115 9754
6829 6214
5642 3191
6011 10048
15788 18629
1085 7900
1126 18879
4322 12206
4401 2375
13782 17011
12267 15993
7492 7661
9147 4562
16816 19946
11770 13428
12176 10304
14639 13842
17900 12790
4214 18533
3076 8897
9045 10883
18441 11956
8189 5045
16695 6060
5466 6384
9826 14345
17277 16001
11134 7255
3082 11100
15879 12504
8897 19950
8658 19674
16978 15420
11988 7356
7025 14809
5535 19902
415 18899
9665 8542
15594 10417
6646 14530
10729 17617
12551 5754
6300 2782
15294 3440
742 5784
15418 3862
6281 13247
5690 18518
4970 5756
19950 7114
14020 3780
11031 9021
7267 18198
5400 18757
19809 11798
11218 13271
10203 1721
505 3766
8746 15341
1062 2199
4441 14089
18743 1896
16189 13208
11320 762
5239 13745
12096 5231
16567 19772
9180 11854
4094 16432
17740 6411
12131 19574
17253 8110
16279 15477
12881 1754
8492 9113
11004 14323
8236 15477
7758 14770
13769 3025
16773 19430
7614 3658
17578 3276
2927 575
13950 18178
52 11617
17489 17966
3142 3325
14029 5055
8551 8717
15174 2976
12378 13469
14894 11498
9819 7048
17101 2659
7973 14288
4628 18221
12264 16012
1410 5911
10695 2310
8066 5534
16393 1960
3993 17224
2088 12760
5432 8100
2049 3416
15657 2825
1916 13189
14188 18246
2986 16207
4273 311
14875 6634
1413 4418
1836 4540
15901 4587
4638 974
13161 14906
4336 14870
12602 12214
14596 2795
16501 17366
11443 4678
11172 15092
19840 17331
11448 13101
2686 13153
6370 5618
5978 14515
13472 10539
9855 17953
17940 7394
6200 5416
7744 6552
16113 7554
2591 8404
12080 4543
6585 4193
5976 2732
14751 6289
2116 16032
3497 3062
9291 10295
9819 5798
17884 3575
9471 14646
13758 5108
7746 11570
15192 15184
7956 18617
9987 12714
16966 3573
8298 15094
5415 17716
8716 8516
4209 15478
8829 4929
18884 13353
7884 18870
19411 11525
1694 6961
15526 6016
9356 826
4939 16460
9626 7519
12639 9714
1045 9619
608 10489
7499 15460
6208 14983
17379 42
3055 2984
6293 9148
9148 16558
8383 16251
9940 11282
2783 15669
15392 13620
19088 11241
7037 7028
8114 6566
11814 9026
9726 5407
8293 10723
6933 11851
5545 11574
11164 15320
4929 15661
18387 17976
5405 14789
2344 15384
17446 15974
6479 3480
18127 14364
8477 2302
15587 3381
19344 10710
5778 17607
7397 6252
6142 6712
16904 18995
14154 11997
5965 17070
18683 2452
11221 11936
14132 18071
17155 10657
17066 3717
13679 8334
10380 11827
13916 6097
6015 5569
7105 12168
13784 8045
16919 2374
14153 10104
17331 2802
16129 14753
6235 480
3316 1948
1413 15390
14028 2758
3323 10919
6483 9804
851 12026
6741 15683
646 15397
19570 3367
2868 12744
12492 19637
11725 4640
8741 4312
2150 17585
6556 9305
1344 13592
19336 19574
11435 12846
14567 10661
19401 19234
2161 18180
7987 2761
13101 7225
4674 2333
2596 11252
13987 3621
7833 12880
17432 14344
914 5208
16170 3993
16087 797
5075 15295
14583 18572
8189 10245
2361 10449
19191 9068
14000 12111
2490 19628
19272 10616
8172 16013
10763 1337
19229 7699
9769 19804
2147 14583
12360 8934
550 18790
10813 12126
5348 3221
6459 848
471 16161
5700 5086
8388 69
8168 11752
1619 11839
3005 7934
17829 17044
108 16968
12274 12025
2149 13078
3834 15216
5345 12926
1858 17405
14865 5929
6462 7674
15912 66
10399 18864
19774 7195
14303 8061
17864 17743
5379 5774
12621 19954
13090 15535
6444 3625
5587 16449
6721 7613
2753 2983
14657 11138
19867 6474
18392 19841
12750 3976
10880 15989
19363 7372
4868 5850
2483 1471
3684 17870
19500 8501
7677 7206
11651 11084
17455 16078
4116 8266
15871 5721
1478 12698
8302 1305
16072 16590
8791 14220
5734 16948
5596 6406
13094 13863
11925 16611
5733 17964
2430 19014
11840 6346
17523 15494
4757 18430
8921 14229
19438 7904
15000 16957
10057 12849
1113 4631
2189 3271
16352 4592
14730 4736
1361 19977
17077 9093
4980 11387
6250 8077
4335 4327
11429 13838
8064 6198
397 8672
17858 12165
677 9330
15553 14866
11846 8604
1393 15407
13836 7759
12137 3424
18001 11644
11246 13041
13946 4713
13002 1907
7076 14567
10387 5364
17660 15592
16558 19161
5295 15535
756 991
18606 539
1806 14738
1474 3599
18692 10456
16203 946
3250 17558
9291 12598
3953 12063
1464 11683
8180 3291
15255 10763
6929 10526
1535 10343
4236 12605
13856 4723
15551 3165
268 12154
13923 7493
19999 5142
15337 8832
10617 3797
16997 10784
12399 3915
12047 5213
4098 3736
18603 3068
3377 12810
1805 2169
19203 1317
5687 678
16037 13652
8906 11109
19201 9317
16835 7550
16288 13316
11776 19776
19761 7781
15748 8345
13037 14702
14492 15997
4369 11931
17000 2949
9571 7057
11260 15796
12366 6035
6452 4155
10042 7641
6160 2646
8478 9493
9796 11124
310 1905
16650 8910
1970 1844
19763 17372
616 15846
9861 2770
18423 15072
18791 311
15684 15496
5379 8325
19751 15813
9235 18391
1585 7894
7763 13670
18377 3682
2512 6104
3890 3975
2143 10747
11673 1848
7465 11201
3788 6317
3023 19127
163 11953
8143 9840
8864 15786
16967 3560
599 8056
15847 4189
7047 9994
11404 15779
18754 12599
3307 1044
8596 726
16304 651
14170 2996
5248 8121
19750 12919
5627 15922
16783 17138
8409 10382
19428 19059
11012 293
14452 7073
10893 15821
16742 369
12593 19614
7198 10486
8993 19550
11668 12180
10915 805
16707 13500
13854 10247
16587 16066
947 8816
9859 1236
16450 16017
11993 19087
17190 6771
5171 16094
13698 18696
19781 4894
14747 17664
15902 7568
9329 10666
1297 2272
9333 14898
2315 10945
9779 4397
11320 16943
18354 15607
2659 14690
17466 4577
15291 13349
1454 18939
14885 12481
3798 8993
15800 14072
1025 8597
12979 15883
3327 3882
14956 16015
7474 13181
7204 3613
13544 2317
7823 583
4241 5869
2681 15621
16874 16195
17329 9654
19173 19950
544 12118
1481 5868
19916 9115
18361 14070
11559 10693
11816 17623
5776 8529
18422 3329
2287 11862
6717 12995
3236 12919
6509 6596
10 1173
12297 15504
7281 10841
18623 17138
18644 9223
16258 7072
19833 9213
6243 11171
1100 11843
2963 8024
1246 1980
16515 15701
13345 10116
11704 3833
18739 8671
18822 3877
12219 10088
9490 12253
12035 18304
420 2085
9771 1987
18195 8365
8551 2961
6200 14349
10039 745
4099 8145
11215 7259
792 1495
17088 13288
10999 19867
8032 13398
5955 9407
11857 1243
4882 4850
6932 14405
3505 12681
3628 5333
13693 16401
13736 3087
1761 17288
8067 7679
16988 5049
268 17254
5652 405
1064 15258
7395 7594
11991 16049
3752 4661
17483 9168
10889 17765
19722 1865
6434 16858
15085 12481
3877 12243
19473 15129
4952 2600
3424 15192
12788 17732
5564 11240
15893 163
660 2957
145 9792
236 17666
14675 7912
15491 17494
9224 7404
9570 8940
4902 14880
16547 2303
17190 18958
9715 12163
13466 6501
6926 49
12655 8016
17059 1378
7094 3414
8138 17600
13930 6790
9822 18370
356 19267
18379 8058
18486 12348
10036 5395
12723 17801
10272 9504
8213 18609
4736 16215
2179 12498
4272 14826
16368 17805
19893 1359
6525 6997
16602 1103
4352 10685
7427 12084
19102 10591
11008 7400
13142 12794
3337 2793
17680 4185
19276 1584
18048 4128
18415 6842
7663 9612
9761 1431
5659 17127
17687 16493
3644 2533
15902 6764
2736 14036
6605 10204
12268 5720
6081 15416
273 9179
18719 19318
12039 18534
4435 13572
6431 7198
4004 7097
16166 18870
2121 8664
2647 9304
13752 5879
8702 14192
5246 12876
9742 10008
18744 2893
4300 136
5883 832
17471 9314
10866 8988
12561 785
17844 17567
6739 13677
15678 4351
6777 18670
3191 1952
7917 6148
18131 18965
14351 8767
15491 11944
3364 9656
10970 503
4966 12972
8024 2036
9891 6753
3921 17627
6651 3276
2945 8756
2544 1181
3018 17261
9412 4628
12774 19116
8563 1044
14900 14453
18039 12647
7728 16085
7975 2047
4879 3117
14579 6942
6253 472
17210 16708
4217 14761
4276 18722
12113 1127
11209 19109
13932 13821
15282 8397
13392 18476
17921 1611
6233 7827
10392 524
3104 4265
16114 4523
18879 1453
3096 15078
12751 3521
8830 5219
15719 3003
19706 7179
2673 3024
11048 12144
9923 10818
3934 7924
7402 18059
15348 3213
12541 3759
12207 3480
13698 7920
9894 8812
16661 12591
9299 8711
15624 805
18112 14578
3883 3382
3548 7165
13011 5034
126 10009
13080 14572
11139 18044
14638 16941
1111 16395
3053 16574
4293 14656
15078 8360
6756 1959
19414 8617
14390 18200
16460 8663
6508 1057
16130 17695
18928 3801
17756 8040
11033 17716
14488 10539
1194 257
16475 6439
8673 632
17912 2712
10232 18270
9957 3994
4709 17359
15199 3973
17375 15766
12969 11919
17920 3826
15128 4420
4612 11367
6017 12787
11989 11022
13489 19805
13220 6555
7776 10188
4533 11389
15962 8279
17895 5896
11507 6782
7466 407
1012 8910
5172 10223
12159 6750
1375 525
7969 1102
9167 13294
5921 11467
9449 18937
18856 14382
6177 11484
17255 13899
12099 8683
15321 12414
8938 13501
8359 3728
3283 18299
9213 7134
18268 13803
4921 7611
11747 16034
6917 15104
10408 10257
6855 10024
6304 13005
8392 16265
264 8877
4725 6890
821 18691
1760 18231
7171 9770
11981 9041
1509 5299
8826 4673
10649 16396
17833 13048
9545 1734
2152 10656
17731 15514
13692 8492
16708 6468
7775 11584
778 209
9276 18594
5543 19080
2055 7436
1989 9847
9171 12640
10987 8617
19575 2165
5965 12851
13878 16216
19961 14957
14312 11752
8215 675
9003 4281
14489 4991
885 9706
468 10943
3343 2858
380 18678
16133 10564
13952 14409
10622 9768
8454 6219
751 14261
9123 19013
18738 6926
13857 19426
10562 17268
13847 7163
15478 12095
13610 9121
17181 8388
7618 193
18253 4107
4400 11889
18721 659
7364 18405
19129 3918
11805 2834
6992 8312
16371 6812
4833 954
14638 10327
17499 7498
6311 15564
11711 2619
17122 11699
29 5735
5474 14637
10446 5864
15098 16764
11826 3488
2011 9065
12301 2239
3465 7462
7284 8878
18177 172
6202 12792
14050 15724
967 14237
17036 10736
5032 76
7719 3116
13255 3420
3969 15045
7996 3153
2832 19361
8772 11274
3409 7351
19969 9585
14497 15049
16683 2198
3512 11741
10270 19416
6341 11747
11592 6011
6153 4279
3327 13794
10200 16670
10638 9865
15126 2581
16202 13795
9518 19940
15175 11210
9190 752
7710 10325
2521 13378
3494 1300
12425 14215
1890 7147
2580 12961
15831 7630
12876 15317
15389 7839
17233 12709
9113 14537
1398 3183
18832 18129
10617 5263
15306 7978
14123 6101
4765 10893
14617 11788
14919 14153
13812 7394
7761 10013
4138 15952
124 12981
13697 13947
12301 14735
16417 6246
4101 8528
13146 14265
9124 11673
10080 2370
14864 7857
8007 6506
2472 14298
12646 18708
6299 3235
1453 14291
19860 13864
6374 4910
2967 9261
15696 4114
6875 15727
19835 5044
6533 15314
9739 8
7324 2433
10619 7483
15517 5323
15556 14882
13388 276
7405 8002
11620 19416
8440 1903
18530 13494
15897 7252
3663 19091
15498 15262
7698 4221
18145 1480
14682 1605
3816 5944
17522 3193
9840 18632
15484 7602
15119 13289
15447 8867
17535 9931
2528 8118
16378 9113
16393 2767
17063 11477
7923 1946
11143 19081
19339 9472
3944 19331
8282 13005
15696 5271
13278 19299
9412 24
12289 12492
17124 171
13932 2152
249 14151
623 4223
16207 5535
2214 2323
3841 3267
10653 4875
1932 5843
4001 11306
2706 14282
16043 13487
15881 155
19121 12355
2201 2399
16990 19900
13409 18175
17919 5417
17129 17620
10464 11205
6432 8021
8265 8844
11359 16181
910 18507
1858 18231
12356 14929
16418 16642
12615 4013
7340 2572
16949 1944
8359 16872
15360 3457
19882 13918
14322 15540
13542 18698
9942 6070
13205 16536
16653 12257
12677 16772
2036 17310
17931 16438
2910 18704
19479 608
18982 11963
12280 357
1187 12958
7512 8157
11161 8155
7323 2713
8813 2529
11043 16864
18713 11961
300 8967
15609 13822
10556 14620
486 13038
9515 481
7217 15417
15534 10983
9404 11956
7541 7916
12463 17704
14389 12974
8920 1889
8396 981
19671 16227
13543 12779
8343 6803
9427 19469
11726 15352
9032 16408
9707 3221
19520 6583
15494 2317
1037 4775
19039 18427
4202 2636
14551 9692
1752 7467
8279 5997
4021 4078
11730 6138
901 14002
2640 7376
11457 9
960 17744
7312 16849
16281 12836
3794 4237
14511 18319
11069 7332
10727 8319
18491 12093
4002 3385
12775 12603
14921 4454
12367 298
4636 13844
5014 16380
13589 14541
6580 19113
3109 2769
14979 8740
7437 1033
19479 17934
12629 13423
12552 6618
17591 19236
11822 17073
16816 6949
13805 18692
3275 19946
16308 5329
215 2871
1619 12490
11702 23
8752 15202
9805 4246
15278 3111
19981 6973
10247 3468
18155 4396
19652 2850
13457 10699
9714 3225
9079 6860
19502 10533
15050 5339
19641 15191
7879 5486
5325 12867
10025 18015
3993 3819
2001 3601
16398 9724
1273 7785
8255 10056
2218 1839
1803 3135
10169 12798
14115 16594
15817 9497
18875 17616
12705 12682
12742 15241
8026 8331
1954 12530
2024 3061
9033 6195
11920 5447
13926 9274
10506 1941
19951 15235
805 10723
17258 15105
6314 19035
18199 17692
11133 10447
11756 6951
12067 13486
10688 15034
13865 13743
10320 4306
15514 8792
11723 14849
14487 4272
1950 14847
14353 4960
1648 14956
11127 5864
5237 6985
16501 3214
1602 8544
19174 6193
931 15749
14684 3011
15975 14986
18434 12345
9802 12108
19312 14821
8605 15884
7395 3599
8106 13863
17283 7138
14464 12330
14874 12794
8781 17005
1232 13037
7817 1117
7599 5708
18938 10023
13294 3565
8189 11440
11089 14540
6744 10389
9913 722
11979 17834
5876 790
13548 1399
12101 17487
15465 12018
11123 16054
8182 16715
12117 8250
3358 2758
7817 3621
15165 3160
19174 6459
8599 4613
9644 9726
17841 16791
16073 12927
1588 13592
13132 676
15743 9204
8243 13158
4219 13541
11712 1952
458 60
11735 1086
18052 18940
5581 9176
764 16520
14768 1193
3828 10450
14130 1770
3615 5705
16285 9936
17643 6249
17317 8321
11891 1627
4868 7209
17466 4399
11803 11969
19061 13322
14464 5856
9648 17221
3759 3708
16381 1195
7446 12886
12816 9852
8072 5844
12400 2441
8534 14869
13594 18972
17027 10019
1020 3435
12627 9000
19846 8401
15926 5178
11031 10478
11233 10481
17711 6883
3459 12346
11986 13457
12438 5321
12792 253
2973 11558
4781 2305
17571 9415
983 17625
8564 2942
1610 16508
6603 10409
5780 2668
3743 3418
844 12542
9938 7745
13574 2303
8619 5625
11740 4678
13819 11115
10297 8399
7404 15803
11584 11009
1608 3766
7230 3091
19315 3119
15373 18984
7992 19866
3597 17881
16243 18387
2660 4442
2378 18480
7446 13320
11461 14480
19808 10448
3273 7902
15613 10105
5182 6762
1226 11137
16859 12167
15714 770
1292 8916
7685 12756
3275 5132
13170 8805
5791 7611
14632 4161
13818 8755
4789 2970
2488 16518
429 13689
12907 18209
14913 2292
15723 16528
9971 19045
10078 11211
8008 14190
7993 7255
16061 1160
11403 9098
2086 17895
13967 14750
6352 12916
18944 1615
7776 10985
9811 4726
1538 14767
11784 9223
9214 12270
17954 13789
7685 17830
8288 13706
7505 3410
3825 4480
16000 1347
18518 6127
14315 15216
1561 3373
9475 17349
8703 15868
4455 17455
17081 918
12415 16942
18202 5769
11152 9026
3818 14925
16140 4592
2978 15636
15411 9262
572 16015
17729 9788
18007 6498
14944 10922
961 6168
15296 442
13020 6021
9339 11180
8208 9516
13369 16055
15847 2375
2323 16035
11639 10927
1560 2958
3745 6948
4498 982
15115 15667
12762 17329
10875 6893
3757 14434
13916 9063
3428 6168
19248 6891
17121 8723
19059 3579
16423 5215
1573 5940
4952 791
10798 17309
17010 8579
9270 13592
19740 17975
7419 14658
10672 4597
16542 3254
11600 4601
18929 2685
19278 8274
10544 6028
13039 5872
19060 3332
2224 1371
13361 14868
12683 3621
15488 15866
667 15691
19855 15853
15201 18552
6872 5583
11627 16528
8988 37
10407 12256
2362 9308
15531 12118
11687 218
14720 5012
7396 1649
7400 14151
9928 6689
13664 1525
15750 15956
19608 368
9271 3739
19207 15727
10141 14495
849 3999
5690 16741
5556 12012
15361 2906
17318 2356
5557 11110
11632 9212
5185 14262
1684 8627
2783 13983
13287 7397
17174 12871
19600 19297
15759 13360
8541 18530
496 14805
17716 6193
6718 18360
13799 3998
18257 9777
5768 9828
575 7631
17493 6738
5672 1279
5089 374
4253 18932
10445 534
8986 11638
14211 15683
10114 6290
13692 4358
7183 5146
15559 3122
2297 2768
15671 2681
9613 10040
10430 17810
11711 16743
3952 7065
1813 16367
15834 1654
9079 18742
16597 3906
4777 233
2245 18022
18948 16082
13061 10240
8456 10416
11123 1190
14084 17813
9289 13869
18149 7505
15445 14747
5042 2787
10305 19294
15706 4443
16383 3623
1681 6693
3573 9169
5904 7146
1220 15350
3199 5146
1892 10096
14777 15305
2574 18772
7736 840
11764 814
8186 18234
2979 12894
17691 17584
3400 17119
19142 558
6501 14489
2154 3177
13262 11982
16513 10380
6467 11151
11723 6337
16776 5103
17773 19460
4733 348
17003 14285
12062 7785
16940 6796
9382 14134
13204 9152
15470 19507
3445 16291
2625 5384
4226 9376
10947 13012
16901 13152
14663 7959
19336 10638
15946 536
104 14895
10611 7285
9215 9756
3245 14091
16903 9991
3336 4120
3536 5367
8236 10344
6881 11177
15541 6199
18868 16338
8566 473
3249 15625
16628 2483
10265 4424
1777 17612
17138 11223
7301 12044
732 8218
14191 11690
16568 1906
3995 9113
8912 3539
4975 12684
5550 14051
15503 11432
16839 315
11333 4632
15555 15856
5194 18745
188 12235
575 8014
2425 9624
9782 12594
16206 1860
1836 9097
13746 6970
17003 18689
1506 3782
5362 4636
13873 14948
6490 8910
17994 186
9362 5140
3599 14810
5923 14413
8569 9896
18460 17476
12425 3168
19655 2781
11229 11045
6747 4933
15378 11716
12529 732
5142 4236
12440 11280
1757 8181
17003 4099
17648 9001
11121 2122
3316 9306
9570 11086
6253 180
9194 10347
1324 9097
544 19162
2771 6726
11286 14433
5035 3398
7028 213
5256 10598
15031 18356
6989 17078
15903 15455
1906 18650
1564 19911
5700 11660
1962 18442
10560 14204
13002 37
1173 8581
9323 13484
9685 3075
11776 5655
14238 17362
9124 7854
18424 10044
8773 4980
11726 15511
1738 4684
19543 16409
5501 19840
12596 298
10335 11429
3348 3255
7055 14661
8969 15826
3420 8198
18724 9087
11124 15560
1328 1847
16593 11646
16467 16523
4068 18570
1904 4929
2023 11361
18975 8162
1906 6971
6460 12703
8935 9363
9864 2798
16783 16635
17210 7382
14520 4982
8797 9001
16741 8801
13621 9134
16267 2127
18207 8450
8884 9965
2309 4831
13784 9569
18951 12290
7934 2877
159 1146
3473 4154
705 5683
2725 9154
1404 9016
14653 14070
10504 5240
19359 7168
13473 2447
5041 18626
15106 1186
13014 1569
12210 2445
12194 14385
11480 18953
9479 1894
3341 16032
7631 8282
4861 14883
3758 15861
17675 4546
11534 5344
18089 5153
7567 12637
12233 14145
18463 6699
1827 8460
19784 6937
1184 19671
15439 5476
9770 7779
2227 16187
12527 5593
6582 637
15449 12597
6188 13135
14018 7007
10942 10679
541 18802
5637 7681
7509 11772
1021 5354
13169 5841
8537 7871
10400 9268
1909 4516
11716 9485
1981 6332
3615 8279
8309 864
2905 5407
12702 5956
15577 19905
18927 1589
4359 17802
701 9019
14922 11810
15008 16564
14265 13735
8739 6939
3601 3076
1222 19950
17074 15862
6430 13140
5864 19455
16124 17504
13694 10012
886 17477
13253 4708
18206 11002
10504 12564
16590 1700
18401 2605
1725 13622
10709 15404
449 11700
10691 6684
8491 8451
5875 1635
1691 17619
5331 3556
3120 3124
5844 14568
18763 3619
720 15354
9957 16931
13650 7263
10916 18725
13387 12123
1097 15556
12757 15722
16345 4822
4205 7218
3415 6757
9348 10672
10939 1794
1146 5088
4781 5932
11064 19371
11166 13744
2093 18274
18118 1697
5270 4501
14133 7845
16236 13539
19745 11196
8756 17168
8396 15289
16754 5033
7438 15137
7211 13858
2372 416
7689 15208
12649 14131
8611 5708
1202 9448
4844 12717
8734 436
10045 6100
1292 433
10801 8945
5284 6120
3827 165
6245 7967
10595 7806
6056 10734
18982 695
3203 12006
2101 7235
14742 6057
19850 15394
3073 14513
8489 14168
99 13468
10975 3334
2024 5198
18690 5041
12272 13289
13275 13304
1011 2606
8811 12655
7956 4993
5309 19480
18781 2103
2585 775
863 3507
17310 9357
12488 2499
11297 12328
517 19058
1218 9382
11552 14073
11738 7230
2746 5691
14209 8482
3817 10705
761 12620
18674 11005
8268 7261
10238 3496
6906 324
19656 5070
3719 9083
7694 9670
14350 10934
4274 4834
18042 19931
8264 9236
6136 13008
5684 17893
3723 1642
10769 7304
14791 8017
3915 7344
1729 14416
6136 11228
19841 9040
2618 2207
3439 8279
17874 5389
10213 3924
1586 18901
1531 2507
2903 820
2999 6484
19330 5091
509 5737
7827 12699
9867 731
1363 5829
4670 16643
7613 18816
4065 19849
101 13501
18532 14903
18026 3865
4506 9970
15748 13607
7759 10376
19822 2457
19910 5941
10495 13436
11605 10281
2804 18125
6526 3220
13334 655
18425 15260
13763 17515
1902 3472
904 133
13857 8845
14381 17915
5817 10362
14585 7592
8256 10540
13496 6950
15480 8035
14750 8074
9690 10338
1722 12052
16943 15976
14430 17132
3771 1404
7115 15825
3772 9812
7847 12013
665 16833
6641 10835
12989 13530
15855 6043
19419 9234
960 15518
2799 13690
6013 13922
17446 2694
17217 15438
7447 8722
7123 7599
4706 8969
14908 15716
6013 281
4101 11820
2870 6034
7509 17418
4990 15382
7142 12233
12884 2660
18654 2805
9901 7865
3386 12837
16596 4927
2042 14915
16272 13893
11448 3833
18796 16862
7018 5397
7513 2870
1860 19172
4814 7821
6351 13171
6739 18074
13890 18682
5547 1797
7913 5083
19388 16363
5686 9691
5956 7236
617 6142
11022 4444
7792 754
504 16720
9030 2960
9605 10480
17318 18249
11216 6155
17641 13370
9528 15956
4793 9479
12007 4523
18749 3250
8430 6032
14316 6061
