300
90000
164 90
234 87
270 226
64 275
73 63
10 20
173 25
39 135
292 199
288 233
285 80
176 179
15 41
85 183
236 165
213 30
175 221
120 277
187 265
139 77
138 208
29 267
22 239
184 215
284 139
41 30
48 61
152 296
291 90
78 221
293 283
186 112
101 118
28 47
147 11
87 224
88 156
278 286
177 45
162 12
206 232
206 266
169 120
51 190
39 185
211 139
226 154
234 59
1 47
87 130
173 102
7 238
139 270
81 273
221 35
137 6
189 181
85 171
237 168
216 132
137 254
289 147
241 198
202 169
200 68
4 264
214 81
203 223
228 241
297 241
61 124
133 65
128 243
191 212
186 159
42 235
273 255
218 103
8 241
225 251
84 243
161 30
103 245
38 213
110 35
237 15
141 9
11 240
203 120
183 62
100 123
285 151
271 143
89 185
194 276
123 30
212 227
25 158
106 57
67 50
73 77
188 11
66 155
274 104
217 47
193 263
94 35
140 26
89 214
138 29
213 168
262 158
40 0
202 164
7 166
250 46
9 217
267 104
60 214
206 170
296 197
233 292
159 254
1 120
62 24
101 53
253 160
77 299
153 41
171 67
0 190
117 273
144 215
282 78
184 34
235 115
4 64
211 1
245 226
227 117
182 259
100 195
97 115
90 0
281 256
199 205
86 123
188 140
252 255
85 179
280 165
252 45
261 87
90 9
151 41
114 248
30 286
120 149
228 120
220 236
268 16
251 0
82 34
5 86
298 264
46 269
38 293
183 150
36 166
259 111
234 183
105 218
297 23
28 279
297 218
34 198
181 218
79 15
91 191
94 244
102 227
122 228
173 288
192 228
139 49
5 27
176 108
267 110
244 127
247 113
116 207
163 290
20 175
119 26
41 257
208 233
222 272
224 212
138 200
82 276
217 139
177 106
145 211
50 298
159 231
214 81
129 154
273 131
119 299
37 44
36 252
283 246
46 296
259 174
64 186
157 218
219 84
79 180
181 99
231 61
255 295
199 134
286 213
219 280
53 137
121 182
289 199
118 156
109 19
258 289
242 78
265 228
196 98
199 132
151 214
226 7
182 96
9 21
60 238
120 66
170 10
165 23
209 167
121 290
246 222
212 92
117 249
221 208
277 183
200 27
3 104
285 193
107 203
177 257
269 112
199 291
151 296
220 196
130 79
9 276
290 30
227 76
282 226
67 109
97 108
175 159
157 184
279 253
99 81
127 266
157 208
226 154
154 67
27 190
74 122
218 204
267 155
35 253
263 144
144 284
109 157
113 211
287 281
138 175
94 262
105 75
4 151
143 123
276 168
58 177
159 59
82 72
256 199
276 73
32 221
137 161
196 15
182 235
167 110
291 282
287 136
279 42
202 121
49 70
144 28
276 107
85 271
246 15
253 96
105 210
123 127
251 31
188 125
217 126
291 213
293 69
154 221
188 213
80 192
96 50
29 230
113 73
65 81
102 89
156 89
119 86
218 149
78 152
183 240
271 260
193 204
187 115
299 41
34 255
174 129
16 182
129 279
0 213
79 21
286 238
121 114
154 281
5 263
158 278
126 279
78 179
142 99
256 285
15 158
136 81
17 287
145 120
113 201
116 235
278 242
216 205
147 236
197 78
153 118
299 92
65 219
21 144
7 126
130 40
34 239
34 121
2 129
58 139
226 30
199 24
130 234
91 140
24 261
77 31
111 100
186 59
121 171
133 29
62 229
258 196
68 298
212 18
13 263
20 192
194 281
84 280
264 49
203 120
2 182
95 41
135 7
232 79
125 183
231 123
10 202
0 178
207 134
125 250
136 41
17 63
47 271
73 215
11 67
278 63
6 31
220 178
269 279
169 156
61 117
218 11
131 100
45 244
123 140
70 245
21 47
244 71
177 201
181 57
140 45
229 265
57 136
295 67
259 258
212 108
115 184
133 122
25 106
288 89
190 21
69 206
283 19
257 120
64 2
127 210
233 134
148 213
111 16
113 248
156 58
252 64
214 255
22 179
244 266
71 110
44 199
232 129
247 121
189 73
297 65
161 158
148 30
221 119
238 210
21 60
75 240
274 160
229 239
158 87
212 74
204 162
283 61
50 187
179 205
0 111
117 209
101 208
160 157
160 129
118 182
68 230
251 31
23 135
127 118
265 259
153 42
201 109
35 135
240 88
79 111
104 85
171 281
107 232
226 197
245 259
244 9
191 251
8 121
259 195
115 167
244 83
47 190
202 247
191 204
33 239
212 119
181 197
90 38
290 109
103 19
147 209
118 277
135 136
211 108
271 246
259 62
288 115
295 267
207 204
116 273
49 219
183 163
93 25
233 234
130 269
2 192
80 229
62 158
203 165
266 96
297 282
55 7
74 155
9 221
24 29
214 225
250 190
167 208
252 127
277 114
66 207
281 98
0 50
167 41
109 8
87 102
150 3
91 175
107 78
262 127
229 218
24 260
157 1
101 215
130 259
243 159
234 211
185 234
137 170
62 115
31 282
206 131
185 154
278 42
139 34
44 290
285 190
71 3
228 32
85 208
75 287
82 282
77 81
230 279
203 276
19 163
146 38
49 53
47 169
30 258
36 215
202 167
133 183
75 243
229 164
156 40
264 295
90 238
153 85
145 177
171 123
48 117
117 79
276 0
253 286
223 129
69 97
75 23
36 99
5 51
26 87
34 57
53 54
185 66
126 92
27 250
2 54
1 180
257 118
22 258
232 16
30 197
87 264
36 147
253 251
286 78
284 264
191 294
283 288
135 213
89 281
20 44
113 18
5 46
286 263
60 189
29 31
279 14
6 24
293 184
250 156
169 233
148 11
18 115
179 88
110 169
279 254
232 148
290 295
173 213
234 145
132 254
58 228
55 175
297 190
197 233
208 190
294 8
102 259
140 126
275 274
157 137
221 76
221 296
17 208
111 274
168 206
64 138
222 225
163 175
116 211
40 224
80 39
115 201
155 39
220 255
48 292
207 92
101 124
4 225
15 69
144 189
208 209
144 272
110 117
212 297
105 177
273 234
296 18
274 137
262 184
122 23
57 242
232 88
176 255
26 55
250 133
45 139
177 191
134 180
117 143
91 291
205 166
41 289
109 289
206 46
110 230
275 60
275 163
19 16
266 271
178 142
146 31
202 93
219 1
192 230
99 139
59 298
211 146
99 173
245 240
167 261
133 247
48 249
75 42
6 262
160 88
275 40
88 109
17 69
169 116
68 155
237 284
146 128
133 7
85 140
252 283
186 238
28 189
99 38
221 211
256 179
10 65
151 225
288 145
74 124
91 66
233 78
250 134
276 144
70 236
157 64
157 177
277 105
235 132
228 275
127 181
284 128
273 151
163 62
207 189
14 272
154 156
117 217
207 266
78 182
164 154
242 250
265 227
67 195
3 256
102 142
193 239
167 143
143 168
148 195
281 168
118 82
243 226
115 204
269 87
24 170
38 188
129 20
296 26
203 183
283 200
29 250
188 208
121 41
4 194
104 97
68 73
154 136
287 113
9 197
89 251
89 225
116 179
134 272
39 244
229 261
89 161
27 173
138 166
292 79
204 158
29 251
107 93
219 26
245 0
191 77
287 129
150 14
255 115
90 18
260 56
86 205
92 226
104 136
161 163
122 269
183 244
17 45
230 234
199 184
57 210
143 124
4 258
22 147
103 30
204 103
172 23
111 267
182 115
297 142
249 166
90 134
6 106
263 79
71 28
188 273
196 249
235 180
262 35
128 287
55 221
112 2
235 270
73 278
234 207
45 44
243 289
265 56
181 29
88 168
240 176
15 93
11 96
130 251
248 66
278 163
16 281
277 124
257 114
4 128
167 20
271 64
161 125
209 212
95 198
238 268
282 64
135 204
27 190
292 276
72 164
299 188
50 261
187 15
266 112
247 68
162 51
128 155
112 69
209 53
81 223
119 239
56 162
96 277
135 115
20 207
286 200
29 278
267 143
135 35
31 44
18 203
17 258
286 24
201 266
188 91
203 267
106 173
260 25
66 82
275 216
260 130
207 98
265 35
256 255
263 155
43 259
49 198
196 93
291 168
174 269
173 100
47 26
147 248
44 2
97 285
219 128
130 111
246 117
18 206
200 273
286 86
1 86
264 209
120 5
6 217
107 79
69 12
206 168
96 222
12 30
42 257
270 71
48 4
80 243
156 134
67 2
21 164
223 263
214 156
248 103
277 291
147 47
236 263
227 47
39 257
67 96
198 270
35 97
146 298
157 279
149 4
135 190
113 42
101 214
154 298
72 298
108 231
154 124
252 9
185 276
163 285
59 54
113 167
5 117
145 225
47 140
113 263
210 228
14 206
291 96
35 90
23 20
33 44
278 67
117 101
169 119
131 44
177 268
171 130
293 133
65 97
113 0
155 117
190 100
51 188
226 62
238 251
65 280
296 215
224 90
86 251
15 51
130 219
216 97
96 129
166 101
75 46
168 146
36 117
0 269
132 286
73 102
284 76
176 193
35 182
190 2
44 261
3 293
73 115
218 139
86 24
89 0
211 230
180 294
228 71
35 98
257 239
279 81
127 84
171 14
112 236
59 44
96 181
27 104
240 209
207 140
283 24
210 192
199 13
57 183
39 192
118 60
6 273
260 86
147 192
265 45
185 144
157 254
121 93
279 222
68 28
258 201
54 132
112 132
187 181
75 67
106 255
96 182
236 0
39 149
200 255
25 51
164 155
15 223
84 248
95 175
192 33
71 234
48 219
126 255
201 24
25 298
75 285
154 224
295 31
113 105
164 66
188 190
91 268
36 158
121 189
70 197
62 148
263 291
167 50
21 194
285 150
36 60
298 168
224 162
286 127
39 81
142 225
190 69
74 8
147 221
197 85
171 149
207 213
199 102
137 241
145 286
84 259
171 152
270 116
253 281
190 221
202 217
254 166
81 28
271 153
207 249
262 284
275 110
71 138
259 32
201 296
260 178
60 283
162 191
267 188
117 76
116 90
89 101
127 55
203 249
59 221
129 14
262 254
265 213
243 79
100 107
57 65
211 94
265 172
146 179
199 150
86 5
192 271
125 277
122 60
161 104
212 14
52 243
224 77
191 235
251 263
187 194
176 128
28 190
173 108
27 202
138 236
189 276
260 144
205 212
273 234
251 24
69 138
212 73
258 43
216 83
131 172
269 164
110 62
44 227
53 127
19 111
165 41
209 251
191 84
138 156
79 194
54 259
239 284
198 278
3 31
43 0
4 63
292 247
120 68
186 105
196 114
39 225
209 191
264 121
232 281
137 165
251 199
235 164
299 120
279 78
96 174
89 84
268 45
252 19
195 199
224 112
13 234
240 90
297 74
6 57
154 203
53 169
130 157
156 242
297 221
282 298
298 32
2 32
41 183
139 203
38 189
69 263
112 210
284 269
31 120
245 171
4 56
73 185
139 98
66 112
238 75
261 21
145 287
70 116
180 173
1 31
203 51
280 289
230 234
89 48
260 171
180 81
121 210
210 134
274 275
37 81
205 59
137 136
192 113
13 132
72 94
264 93
265 32
115 254
182 82
257 150
226 79
284 265
256 248
273 260
273 88
278 295
114 96
68 30
89 227
246 214
40 251
180 8
129 294
44 187
35 286
55 190
45 79
211 117
294 85
139 37
230 270
81 291
279 131
234 76
220 287
275 173
165 63
2 23
24 181
201 1
148 221
155 243
128 90
210 241
269 197
20 63
30 79
285 157
134 22
149 212
283 216
13 42
153 103
268 297
258 228
71 10
128 103
207 142
216 166
64 185
11 288
103 54
55 31
233 244
160 282
253 215
59 17
87 282
274 84
77 143
140 56
296 5
73 4
170 207
65 79
87 85
27 286
66 109
298 163
260 80
91 47
96 296
58 165
253 17
240 212
79 76
233 171
123 180
175 101
202 19
45 202
109 82
133 294
272 80
287 161
272 12
91 82
227 107
131 40
226 150
187 165
227 187
296 225
62 197
103 275
277 2
152 155
35 238
171 197
100 24
93 246
172 281
123 13
61 158
112 217
262 200
6 216
120 225
156 180
37 148
180 190
108 82
201 148
54 111
277 91
94 136
231 31
45 113
53 290
6 236
261 83
204 179
105 25
204 46
210 123
61 154
92 134
134 241
246 76
289 119
98 130
287 166
164 246
131 199
120 26
141 272
10 30
192 264
288 275
255 66
216 277
47 247
102 213
122 17
105 277
195 124
289 129
101 210
50 129
54 131
69 256
215 60
213 19
275 179
121 64
84 261
28 27
63 118
36 288
244 133
257 273
54 266
293 267
27 131
199 295
41 287
174 257
217 192
239 283
261 230
6 277
281 144
205 265
125 98
122 88
271 54
286 21
61 115
197 102
2 153
146 34
271 296
237 114
256 212
176 69
177 233
4 26
78 22
57 289
105 253
274 143
0 224
26 144
175 223
18 130
128 188
194 67
159 231
55 198
130 97
78 38
106 287
77 233
198 225
73 174
33 294
1 178
153 299
52 218
231 139
240 105
106 10
110 250
70 201
259 74
198 16
114 173
13 239
87 195
23 236
52 217
292 240
140 298
152 73
146 140
1 191
133 281
188 297
249 186
72 136
203 127
71 213
116 270
276 28
225 19
139 254
112 86
191 141
51 119
295 6
62 33
43 182
69 26
22 169
194 269
233 90
9 166
70 11
232 274
14 189
10 256
212 189
263 29
114 232
237 181
31 77
278 124
72 155
227 174
51 165
124 136
104 156
247 90
195 138
31 186
56 23
64 236
227 182
212 216
124 154
232 125
225 200
191 245
264 84
174 127
249 278
86 61
208 142
106 139
142 200
107 143
45 265
250 152
204 186
291 203
137 208
105 121
249 161
129 60
268 47
2 217
207 271
42 176
272 150
225 293
9 42
149 29
12 160
49 220
148 260
68 169
81 230
213 244
283 216
6 127
238 0
49 223
86 94
82 271
115 268
205 170
13 9
132 37
235 247
92 216
28 292
298 44
271 289
92 70
248 2
257 69
88 143
177 102
268 241
268 93
71 62
6 98
274 164
20 296
280 30
30 212
138 178
225 130
294 66
73 131
29 261
83 67
112 135
80 55
28 224
116 142
42 133
70 31
227 25
254 282
79 78
90 6
46 91
100 34
161 24
113 193
258 59
60 20
193 83
146 256
47 221
2 109
43 84
207 74
230 104
124 290
230 192
286 91
193 165
204 77
225 72
171 22
113 39
272 100
202 253
204 270
25 296
182 243
69 102
55 181
28 282
103 36
162 41
66 87
113 200
175 24
63 197
108 252
5 91
90 175
262 206
120 176
264 265
221 65
241 63
69 155
236 216
178 72
128 17
89 184
152 251
136 79
95 47
17 117
2 23
188 119
156 132
132 177
167 15
156 108
208 190
164 42
13 234
271 123
191 253
227 98
46 278
12 71
80 238
199 88
212 194
30 90
177 208
119 98
143 42
155 123
251 292
37 116
115 162
265 271
258 59
216 241
84 119
52 119
24 44
245 247
221 32
200 141
203 156
153 53
24 196
1 248
169 165
137 284
242 158
202 3
258 193
101 258
200 148
155 112
230 66
82 55
173 157
170 260
247 235
248 266
144 286
31 34
243 285
187 247
259 44
64 130
244 272
266 105
237 144
77 258
59 92
221 284
206 62
237 190
265 19
235 68
248 141
105 149
216 6
77 10
289 240
227 159
57 17
12 285
218 76
152 237
237 119
179 282
241 0
44 130
275 48
95 143
28 21
35 176
69 106
200 279
234 251
101 133
140 25
68 111
262 31
83 142
210 23
18 25
179 285
104 243
65 236
118 152
15 5
82 134
200 171
96 4
57 263
110 91
232 91
100 24
203 256
290 261
52 30
204 178
46 121
96 277
148 45
167 182
288 22
195 53
181 213
223 257
196 229
119 283
139 261
258 126
26 191
15 217
66 39
72 178
130 184
245 180
239 241
179 156
215 277
203 279
270 292
41 96
235 124
107 162
199 265
150 228
185 85
38 126
189 136
120 137
264 230
138 38
70 128
146 48
258 65
142 257
148 114
254 134
238 128
51 284
183 154
82 131
54 171
297 294
100 268
271 160
142 128
118 216
94 101
256 293
144 248
150 128
113 80
130 266
118 174
147 221
207 53
112 147
101 8
218 257
108 183
108 208
232 41
181 292
27 219
296 233
291 107
276 44
297 131
143 262
142 40
183 287
215 84
29 167
286 292
77 276
67 284
208 19
217 88
110 58
234 167
89 252
282 53
206 244
283 102
93 261
216 281
220 78
15 240
2 39
230 189
215 199
253 196
22 173
82 95
197 226
200 146
55 98
187 191
120 192
142 46
222 2
135 248
259 38
158 165
118 295
251 188
3 66
3 103
236 18
132 198
293 146
298 148
87 129
162 271
36 195
198 110
123 225
87 47
139 42
214 36
243 115
14 83
146 22
207 238
22 106
233 18
37 244
41 87
183 245
1 204
68 37
75 47
99 94
95 222
108 152
111 176
96 187
145 151
132 220
213 267
137 236
194 256
222 163
165 137
194 28
133 153
93 182
0 64
198 260
160 141
220 5
199 142
227 9
150 275
168 208
247 150
42 195
29 163
229 169
238 115
272 116
128 250
147 69
88 220
103 221
100 114
30 294
278 202
248 204
234 124
287 169
2 294
200 1
197 225
276 92
287 258
240 246
80 29
15 57
20 164
15 167
142 46
156 105
15 145
43 249
275 128
124 226
279 221
261 163
98 55
249 236
0 271
32 24
230 44
246 176
283 170
161 111
36 152
238 130
281 79
16 49
240 131
0 52
184 127
103 10
155 105
3 166
45 80
210 86
161 221
110 94
155 1
62 204
43 157
110 67
246 111
241 23
146 149
245 82
224 83
17 235
226 194
71 205
126 158
53 183
283 260
87 23
1 243
298 124
200 166
145 76
9 211
225 185
290 113
183 182
157 129
113 161
208 290
238 113
214 231
166 234
29 130
195 140
28 257
277 67
181 240
171 264
61 27
87 187
29 261
285 153
233 262
161 297
215 207
48 167
146 204
67 79
216 62
145 156
235 98
284 273
289 247
38 89
265 123
34 153
155 154
281 181
187 139
9 79
142 137
173 2
132 83
235 211
282 6
173 286
54 249
55 15
130 229
80 287
249 113
146 116
42 178
269 106
283 28
102 124
175 232
171 230
198 22
118 122
91 87
264 202
124 94
270 273
203 50
299 149
136 15
25 144
146 205
187 75
227 223
85 35
229 49
272 18
183 46
287 43
53 88
13 94
180 81
86 12
199 158
191 61
171 264
187 182
157 111
75 68
98 78
227 263
286 272
23 157
116 44
230 75
225 118
8 96
56 171
193 245
105 188
52 92
279 24
255 258
192 101
83 176
185 291
246 298
74 255
7 96
197 2
174 64
199 57
11 211
195 71
140 109
155 105
192 201
207 170
78 93
196 182
266 274
96 225
165 118
239 0
61 106
245 147
51 90
46 51
287 271
113 127
299 44
80 54
238 8
228 227
155 8
23 136
206 23
235 159
297 143
108 217
163 67
254 151
242 98
85 212
204 49
58 32
69 299
47 210
59 51
166 71
99 163
245 148
298 156
182 88
231 39
155 85
209 138
270 114
59 155
75 279
140 44
157 38
122 107
87 177
241 214
127 130
205 115
235 68
56 48
86 16
25 280
119 26
10 163
279 53
256 295
17 207
31 81
164 37
253 5
16 60
116 273
46 26
254 170
53 172
40 169
60 137
248 227
226 66
244 136
66 99
159 132
58 13
93 169
202 32
126 285
74 44
213 85
164 238
182 23
256 297
0 294
169 97
280 85
258 118
252 151
175 46
71 113
47 79
260 69
73 281
33 200
203 162
278 192
7 150
132 139
34 75
46 224
121 250
105 170
111 7
45 101
59 191
49 232
293 219
228 159
25 57
114 234
38 88
90 9
42 210
137 168
159 32
174 203
12 237
155 61
24 67
219 214
11 247
62 233
96 262
159 245
4 181
70 26
37 256
197 166
143 254
60 277
272 290
299 131
245 226
220 90
30 191
89 216
189 165
263 280
93 244
277 275
208 128
245 51
70 170
145 65
271 41
147 174
210 228
130 60
249 128
185 277
173 188
186 281
244 110
195 261
142 80
27 17
286 199
46 76
165 155
203 272
38 217
241 265
267 6
50 299
93 44
298 280
257 95
287 23
283 234
35 159
65 216
19 6
5 114
131 228
216 183
35 225
133 287
211 163
264 298
140 186
172 262
95 260
220 174
168 3
251 166
286 17
206 125
84 259
16 206
285 297
243 250
186 184
49 248
75 206
258 133
180 59
110 92
180 86
35 67
0 173
246 60
46 113
70 272
230 68
268 261
117 176
236 38
284 230
70 102
159 260
254 123
11 50
98 257
135 233
224 2
43 276
278 190
181 154
47 268
14 230
192 148
5 147
285 243
19 234
241 220
82 128
148 214
53 246
286 207
46 36
91 229
205 36
132 82
243 228
193 256
247 237
123 231
272 149
3 12
199 211
104 147
20 247
79 123
145 73
182 68
41 243
4 95
58 235
14 215
26 261
175 59
193 240
146 196
45 125
69 96
173 177
30 13
272 219
62 264
126 25
77 175
57 226
17 59
156 271
278 126
129 191
43 65
179 202
96 42
33 153
271 42
123 229
58 164
194 107
72 53
203 291
164 162
73 221
219 221
14 52
4 166
61 126
174 80
237 296
154 146
276 237
198 93
98 137
147 286
17 46
97 273
184 249
168 233
278 109
27 52
245 222
283 298
228 90
166 65
211 64
113 275
224 119
69 138
194 158
75 63
53 69
138 8
47 232
227 11
58 133
37 45
60 149
132 133
5 76
262 277
77 255
214 130
212 10
171 18
188 288
248 63
218 46
117 198
70 227
232 146
85 192
56 9
17 7
169 88
235 206
110 209
76 57
118 221
1 255
264 104
286 7
150 159
1 181
217 87
135 192
8 156
81 267
27 103
40 222
285 244
245 179
41 138
26 46
283 277
104 263
187 84
184 269
228 201
168 60
56 31
292 85
264 106
197 80
113 184
250 135
102 197
253 160
63 222
12 298
120 15
209 202
293 81
93 103
173 187
23 78
36 9
233 97
252 48
178 221
67 233
155 232
255 298
122 111
224 296
158 288
164 69
121 294
166 20
20 203
178 230
245 115
141 102
217 52
211 3
87 153
13 170
39 115
248 51
70 244
3 201
254 116
102 109
231 193
180 2
24 211
181 82
260 41
175 0
219 121
183 223
96 64
106 256
295 241
208 151
290 55
193 68
38 277
33 196
152 20
170 220
106 3
252 186
45 115
218 2
204 127
13 132
86 138
129 49
298 115
239 22
276 198
252 88
39 200
218 272
187 227
222 100
276 194
251 244
57 16
263 260
162 285
155 129
120 2
274 291
277 258
81 204
229 204
299 125
67 222
67 55
6 252
178 131
245 239
43 155
45 126
176 230
77 181
296 202
197 276
2 166
245 172
47 73
296 51
29 91
55 79
195 33
123 96
283 202
192 51
201 3
174 232
138 264
79 93
215 159
121 221
199 79
71 137
270 110
292 136
291 210
252 78
244 54
108 238
163 193
195 271
173 262
2 66
148 140
55 153
40 233
93 233
88 273
131 185
287 167
126 90
80 246
5 142
25 5
55 166
178 67
268 218
52 200
10 243
262 167
249 183
127 141
42 77
35 201
235 175
230 33
135 141
78 209
50 267
169 164
115 40
265 231
275 2
79 86
44 124
234 130
209 86
85 193
207 243
185 28
174 203
126 76
159 207
109 146
99 281
26 193
106 96
97 108
10 172
252 193
43 210
166 97
36 45
286 46
240 256
50 140
55 244
284 295
270 163
212 100
285 252
8 176
133 23
75 38
165 285
59 83
95 66
73 84
107 35
111 145
64 136
151 106
149 220
66 160
11 58
150 198
5 232
57 92
139 163
28 38
207 222
233 39
196 86
255 84
179 72
156 1
244 146
275 27
187 202
115 35
113 238
140 135
261 111
184 116
293 240
239 228
44 140
223 44
163 180
253 256
80 40
58 206
8 148
242 66
17 111
147 133
15 159
225 61
61 168
88 51
75 146
182 31
233 81
223 32
213 147
11 15
239 92
148 65
197 129
89 4
121 0
83 157
59 151
44 107
58 104
150 299
16 228
163 199
72 101
288 19
178 191
206 269
209 24
172 164
208 296
189 102
47 277
35 165
7 278
235 227
199 289
67 273
204 230
288 279
187 35
276 196
180 16
86 19
42 121
125 268
163 157
258 185
169 80
151 137
207 264
185 84
153 249
144 101
28 180
285 93
83 228
191 290
36 31
2 188
101 163
15 220
49 67
191 126
153 55
6 208
197 122
68 221
3 25
43 4
42 146
169 160
74 248
62 167
77 91
191 297
201 76
5 294
162 191
285 187
151 205
211 299
241 96
53 243
244 17
169 51
38 67
269 173
5 146
19 218
204 120
156 138
126 28
246 0
85 249
81 217
5 225
214 99
50 219
197 205
109 94
140 114
244 1
132 200
265 127
49 239
261 238
208 74
283 213
47 144
268 198
271 148
242 260
86 245
243 41
123 147
104 70
156 28
87 57
216 141
4 29
285 264
212 134
128 210
134 38
292 269
125 15
41 8
84 231
291 131
215 40
280 41
197 239
105 45
279 94
38 144
68 124
272 229
117 1
168 129
30 34
249 268
34 80
264 130
69 83
236 286
205 67
150 107
114 244
205 142
109 200
55 214
248 227
256 6
167 124
203 291
101 78
273 144
4 52
21 83
117 79
154 94
187 20
277 96
38 211
96 182
157 197
23 87
97 40
59 58
75 88
104 154
107 217
44 261
111 75
139 142
2 246
299 2
5 144
89 237
7 212
280 203
122 162
40 90
262 296
59 44
188 103
145 248
45 48
233 56
141 267
82 216
268 131
226 118
20 261
86 186
38 263
291 40
191 25
96 141
178 18
217 121
186 288
84 95
294 184
110 191
65 294
259 57
216 108
186 16
234 118
152 267
254 121
114 211
233 45
145 135
29 219
52 119
221 129
64 298
87 260
196 172
153 109
246 55
51 196
187 12
281 35
193 39
67 0
11 251
203 138
208 265
10 257
154 114
206 271
30 89
284 29
146 55
239 138
42 145
267 297
289 299
248 143
143 244
201 247
259 58
289 296
109 233
23 98
3 172
253 159
270 283
253 268
66 240
161 252
138 10
198 168
51 244
44 97
10 176
184 67
295 158
242 279
127 78
260 143
15 28
297 105
22 248
46 193
67 183
237 272
11 192
122 139
82 47
18 65
289 249
154 179
35 59
128 281
52 43
200 9
153 209
265 2
0 116
78 164
151 148
26 238
139 94
103 186
203 9
77 195
157 163
294 81
34 199
209 295
111 160
278 137
231 247
251 95
115 91
261 288
66 70
11 237
77 168
140 205
214 229
138 252
216 120
183 298
204 290
264 223
73 166
10 108
34 69
150 3
177 175
274 290
147 60
97 194
78 168
202 262
293 246
169 61
23 242
62 0
243 167
58 56
59 287
116 263
74 20
14 129
275 156
85 72
36 219
80 259
268 240
250 273
101 108
90 113
57 142
166 261
56 195
121 39
18 3
97 10
105 227
299 15
138 12
225 159
152 197
251 45
158 157
105 204
31 28
9 287
7 298
162 6
210 15
239 108
75 190
264 210
179 22
21 199
256 273
76 215
286 263
164 206
96 121
73 286
252 78
245 58
201 172
32 119
293 117
146 277
177 40
183 149
47 36
43 67
145 224
57 133
34 238
263 71
188 159
271 101
130 161
199 235
87 282
226 176
163 75
52 124
166 274
80 281
109 206
230 157
40 176
26 56
35 109
247 22
197 180
267 175
196 16
20 208
226 190
121 35
199 20
170 163
177 47
109 180
83 42
104 184
286 12
89 67
37 187
61 141
15 279
170 270
298 111
132 70
120 278
261 190
227 254
293 259
51 46
66 280
159 104
56 32
104 247
277 4
118 107
139 279
296 145
234 216
77 84
41 169
244 286
16 35
90 37
118 218
134 23
18 188
68 104
38 160
109 28
86 229
58 224
146 216
85 25
110 233
201 225
292 281
58 125
183 22
136 259
84 121
52 178
277 271
224 281
88 47
285 264
251 75
190 236
265 23
59 106
155 124
205 298
218 134
259 121
69 65
259 25
286 207
100 178
259 17
254 74
261 178
24 225
259 3
195 173
225 136
162 96
96 188
133 242
181 287
142 22
27 207
48 155
118 63
279 250
213 47
32 18
232 40
93 289
35 65
209 163
217 125
96 83
247 209
163 216
298 237
67 37
76 79
22 77
71 181
126 222
70 79
37 188
277 206
272 150
26 195
293 236
87 70
248 17
54 253
126 123
184 281
179 248
202 94
224 247
50 206
236 200
25 92
159 201
298 283
26 270
284 271
68 209
108 225
129 105
241 80
131 5
233 23
186 154
204 45
108 106
51 126
109 18
261 55
37 267
0 130
131 282
116 47
124 100
296 199
41 277
295 283
282 223
4 184
199 252
31 74
220 200
288 150
132 164
137 157
86 236
158 172
122 162
291 65
170 158
290 163
177 63
229 207
1 290
61 172
127 52
286 218
176 84
14 292
146 155
245 256
8 38
176 172
264 249
62 129
147 131
13 235
154 143
57 178
176 183
1 251
243 59
223 48
150 20
282 10
149 96
49 96
217 272
272 95
138 65
77 164
14 247
123 54
220 270
57 0
284 253
107 184
117 18
6 23
197 61
20 161
69 75
169 127
162 111
46 230
12 237
167 223
110 10
139 109
119 220
245 70
20 21
9 130
90 92
284 127
148 218
175 257
107 271
127 139
144 80
38 234
245 164
112 243
39 133
27 80
273 261
81 23
72 252
259 83
236 123
210 259
152 254
52 268
11 148
167 185
152 155
226 179
1 219
61 97
179 13
291 94
171 183
274 191
76 251
115 124
225 244
174 86
51 21
122 76
259 29
147 176
74 296
40 17
189 196
277 276
278 124
122 0
215 284
270 147
104 202
72 127
190 119
121 298
103 14
23 119
98 70
291 5
155 147
261 253
87 36
46 20
268 197
14 295
217 284
264 228
19 288
61 163
123 246
286 21
141 14
95 33
57 10
220 251
7 234
134 101
11 23
247 9
100 296
71 228
223 37
83 244
63 234
159 95
185 299
130 127
136 262
145 51
128 38
165 111
76 73
87 89
273 51
297 41
9 70
82 85
34 13
203 208
254 148
277 37
168 125
236 211
250 201
297 240
279 249
30 27
61 213
28 69
25 55
119 85
115 161
250 209
98 282
117 51
106 137
275 23
276 40
267 45
223 50
205 235
34 287
103 226
235 39
77 202
250 13
71 200
104 34
144 270
1 295
232 264
69 99
265 175
117 40
247 85
281 233
38 292
112 24
290 215
100 85
13 235
142 29
220 41
5 230
284 25
54 214
224 296
108 225
55 179
162 95
162 161
42 30
47 294
145 142
165 96
256 224
137 139
152 26
267 278
48 53
181 299
124 212
86 267
298 280
287 60
4 203
144 282
269 93
62 217
48 174
164 104
131 65
215 71
178 245
131 288
245 240
153 115
208 235
299 241
250 281
7 45
209 290
150 172
140 61
103 53
87 112
121 293
267 22
12 84
66 241
61 299
12 290
43 168
179 90
280 69
41 2
96 222
69 89
244 160
142 180
62 17
78 267
297 124
10 186
150 258
234 125
214 251
295 28
252 127
78 50
90 230
158 216
3 227
46 44
249 16
209 294
52 292
264 175
244 128
283 226
245 215
92 108
34 142
198 193
147 270
287 247
227 90
133 239
148 87
53 255
63 59
128 65
150 116
36 288
57 103
214 70
51 26
129 288
45 106
278 157
127 208
271 105
259 71
63 231
14 209
154 89
19 124
164 254
173 143
209 175
184 216
130 141
167 215
258 239
211 94
105 143
225 298
62 1
93 5
195 44
195 293
230 231
132 286
229 39
218 257
23 219
63 46
192 14
261 277
43 278
232 134
93 70
197 191
278 83
101 42
233 50
240 90
240 269
79 34
85 9
98 181
152 193
114 174
186 50
59 66
98 165
259 103
97 69
277 254
91 277
80 82
85 156
116 201
250 116
65 82
80 280
137 283
33 255
16 83
202 97
36 48
33 8
229 132
162 214
291 58
202 112
128 99
241 42
276 126
220 253
150 168
19 131
79 168
47 19
284 247
230 166
280 71
258 95
71 284
129 256
13 91
31 128
153 225
234 282
3 95
66 74
93 167
58 282
236 143
154 54
166 75
222 221
290 27
133 199
140 209
101 228
200 7
13 5
128 196
268 206
8 194
177 63
146 219
47 280
294 249
8 247
84 154
69 177
115 4
41 288
99 286
261 59
212 78
228 240
269 17
147 135
215 264
217 258
191 5
286 36
51 68
207 101
31 134
224 144
112 288
204 225
193 69
30 230
277 200
292 78
54 139
227 113
208 131
179 66
277 17
253 271
45 196
142 163
239 118
145 227
232 6
154 293
37 238
189 258
267 205
283 147
187 14
25 205
230 175
9 16
173 8
207 267
274 201
201 143
83 239
274 71
35 293
140 222
232 215
225 247
189 64
12 95
37 288
139 65
194 237
203 110
9 138
114 176
54 72
243 81
124 66
244 93
67 137
168 245
128 287
35 254
234 116
224 276
33 95
215 176
224 46
100 199
128 294
29 64
33 198
195 155
1 284
117 120
51 11
96 51
126 1
233 92
38 239
291 269
268 220
17 93
243 48
261 145
56 30
19 93
178 292
255 45
253 213
13 85
287 168
214 232
284 192
60 237
183 229
81 238
128 147
44 143
292 270
153 116
243 25
275 75
186 118
34 62
58 183
76 250
268 221
106 68
65 292
121 12
24 298
102 198
52 48
90 150
158 254
264 190
193 25
26 190
171 293
120 150
177 215
3 246
195 96
189 296
16 288
100 2
161 134
202 59
11 50
47 165
200 139
246 3
173 119
256 290
47 241
35 119
82 99
185 97
14 98
188 55
101 231
52 175
2 131
139 77
170 206
106 28
125 76
252 232
94 162
104 195
100 27
163 285
84 215
252 69
233 86
110 294
133 247
237 105
124 225
128 214
23 198
243 153
246 194
185 80
65 84
221 244
9 199
17 212
54 14
190 245
179 27
194 117
84 12
80 117
57 138
10 259
253 143
127 197
61 293
181 99
220 94
230 267
58 155
23 163
133 242
201 262
131 38
71 53
174 38
217 204
104 49
138 224
139 91
15 101
245 195
232 44
166 163
185 33
123 192
237 46
207 199
157 186
32 25
218 254
252 295
188 223
87 269
58 96
69 175
148 251
114 276
278 114
254 9
223 110
194 25
268 196
149 142
224 54
101 296
265 282
118 88
245 42
193 66
110 116
46 235
96 140
73 249
166 121
284 133
89 171
156 224
75 223
75 167
205 75
134 136
82 138
79 90
264 19
168 288
138 70
14 263
6 260
178 84
166 40
16 158
184 256
197 244
116 271
21 263
274 260
55 53
180 156
209 109
173 16
99 281
258 57
28 282
80 244
200 241
5 101
274 288
195 160
76 243
87 117
70 215
278 152
61 36
110 179
90 237
131 167
141 68
27 279
247 196
76 262
243 250
118 220
137 129
166 165
177 96
97 217
279 117
262 59
117 123
256 104
246 238
173 180
252 14
121 144
15 251
89 297
49 135
1 293
179 183
294 227
34 89
39 19
293 141
242 104
154 277
296 29
116 19
120 194
7 277
214 29
235 113
90 194
85 181
26 225
79 109
199 63
154 12
248 287
236 254
152 39
200 36
116 117
111 103
43 288
85 212
186 36
23 237
276 256
88 7
115 154
83 271
56 285
41 160
52 43
202 95
30 202
129 163
235 89
262 152
23 132
193 70
1 109
132 209
145 30
88 79
98 163
252 16
75 63
259 65
274 90
85 285
219 210
3 43
287 79
136 216
268 26
6 254
20 195
299 27
294 152
270 6
110 116
182 145
281 48
48 141
93 242
15 279
39 52
145 223
84 130
53 83
21 159
75 196
58 227
278 152
13 53
264 269
88 101
178 160
226 143
271 84
22 167
281 82
235 161
0 145
283 17
3 158
237 273
233 59
142 274
279 126
232 3
190 289
46 38
26 163
64 152
121 31
6 74
222 151
168 246
295 274
40 164
98 124
28 244
7 183
21 165
230 256
293 3
26 206
192 87
117 218
26 235
215 88
273 187
88 94
56 170
220 147
109 243
200 299
270 86
200 165
200 183
209 106
86 223
275 155
10 77
227 148
255 265
267 249
221 161
36 42
2 53
226 122
117 98
286 253
56 240
169 80
229 271
229 106
106 264
45 3
281 238
286 283
27 71
187 153
31 166
243 33
5 75
292 211
38 58
49 236
63 145
270 221
167 273
113 157
176 187
152 168
182 24
153 181
232 107
216 248
15 198
89 237
46 130
39 63
11 190
230 238
56 254
259 176
169 118
33 217
250 86
292 242
49 152
194 162
92 96
170 79
269 218
194 188
293 198
200 126
213 89
12 10
283 27
188 287
6 248
60 118
252 262
128 220
153 68
241 239
11 172
43 172
231 274
232 117
255 257
220 26
269 188
100 54
41 31
211 189
169 5
269 122
288 234
266 47
38 190
23 82
243 21
254 239
149 78
293 295
103 46
294 293
279 49
7 62
80 61
115 23
268 61
216 80
236 150
22 298
228 111
228 252
107 134
182 114
127 296
202 273
279 173
4 230
228 166
33 2
70 287
297 35
87 184
104 216
154 180
70 184
238 188
234 273
56 281
261 54
262 280
120 216
115 4
107 218
224 276
298 239
262 38
148 151
158 186
67 13
224 155
12 37
79 275
185 84
244 262
142 66
225 163
276 92
169 250
228 51
293 81
138 203
294 78
207 26
144 299
48 235
252 61
251 159
295 165
69 222
194 132
40 284
197 185
48 165
146 109
78 163
163 169
184 233
53 87
196 218
160 88
116 171
25 215
89 140
257 9
217 111
287 50
240 287
180 211
218 202
147 263
66 179
129 44
166 193
86 40
48 164
40 252
144 107
7 254
36 46
294 217
87 22
119 107
117 136
18 231
193 46
31 274
19 28
173 103
86 108
133 278
127 262
169 267
140 157
254 134
108 157
252 192
121 222
294 284
143 201
24 41
159 211
149 35
52 259
283 179
226 78
110 90
106 235
37 101
7 74
204 248
97 186
107 202
288 180
175 293
1 124
42 272
120 196
67 270
111 257
181 219
232 172
93 135
182 154
141 278
119 274
296 88
113 53
193 189
85 27
256 69
286 222
262 273
136 197
27 50
7 61
247 165
19 256
214 47
224 202
202 64
207 18
114 84
43 144
149 166
281 274
226 33
209 1
58 241
67 145
79 266
230 213
19 64
68 154
99 283
225 41
189 24
33 104
137 146
162 255
228 92
124 180
271 58
121 103
8 75
125 261
61 33
15 133
9 232
97 223
52 142
44 164
271 11
263 85
178 234
15 5
267 196
262 21
251 120
135 9
89 259
82 215
268 75
28 35
44 129
133 261
294 193
283 235
204 77
62 73
148 21
6 258
66 118
92 88
64 255
128 182
231 124
71 139
147 21
160 235
181 256
230 229
19 232
202 282
143 160
214 183
119 192
247 204
272 126
61 283
20 102
233 217
121 169
142 196
140 12
252 18
268 127
227 238
4 0
18 31
139 70
82 183
235 40
83 130
152 237
19 242
135 161
229 194
235 20
234 207
1 201
43 290
198 298
287 170
170 53
189 215
39 229
196 167
185 37
284 17
227 291
60 230
106 153
110 226
263 41
136 63
188 70
67 59
39 105
43 205
85 284
96 71
163 251
76 17
164 207
268 157
129 83
15 69
142 23
42 34
0 137
123 262
130 7
83 130
296 92
124 136
29 90
72 214
20 16
16 33
156 72
0 54
215 96
290 213
149 113
160 216
81 178
184 240
271 295
235 267
253 47
146 70
68 276
216 293
146 196
234 214
264 3
88 230
69 210
131 103
280 218
112 33
85 153
182 134
15 240
207 59
64 192
229 246
18 28
10 55
233 262
176 73
71 120
180 92
6 195
159 162
67 207
75 7
110 283
175 261
163 77
48 116
77 99
160 34
119 165
189 77
198 100
120 159
294 127
130 36
250 48
142 202
254 264
116 120
41 220
30 228
70 263
107 186
174 207
114 145
96 42
221 14
212 16
171 200
236 287
173 282
2 56
176 8
76 111
14 97
283 288
183 19
109 58
250 146
22 178
71 182
39 130
175 91
221 213
98 68
201 294
26 146
296 78
294 143
227 231
130 293
10 57
107 194
127 33
163 239
115 223
258 18
240 9
298 95
276 232
36 50
245 272
276 57
167 114
58 185
285 29
172 144
274 50
212 97
294 13
251 134
112 23
162 210
57 192
118 276
157 256
129 75
175 146
241 80
258 163
164 234
186 137
7 256
230 163
131 111
187 162
146 162
256 287
242 234
290 10
154 180
115 87
132 94
41 172
26 182
55 95
7 102
216 31
55 189
179 52
165 252
224 295
10 4
254 3
151 47
171 215
216 38
297 208
184 236
281 146
145 58
112 70
134 80
181 249
30 4
260 148
211 55
87 294
185 216
293 283
229 40
155 14
205 258
157 143
237 108
230 95
9 70
156 32
122 71
228 240
277 74
132 116
289 55
167 25
1 27
36 72
37 290
67 213
25 178
72 159
251 47
171 16
159 197
265 6
275 97
172 184
164 276
9 115
194 57
278 14
27 176
213 263
123 51
295 288
164 265
195 236
228 189
140 191
282 147
275 78
151 87
120 295
15 41
126 193
173 169
71 201
233 40
252 157
250 217
96 191
289 297
183 112
174 30
57 147
287 136
137 58
45 211
58 177
130 17
47 236
140 232
65 239
233 187
19 279
116 65
149 271
47 44
162 209
49 190
44 50
190 235
274 249
149 166
30 114
165 38
263 119
27 225
277 270
295 40
248 116
258 245
19 146
284 34
33 112
249 0
298 65
243 162
164 139
233 260
88 165
259 221
42 15
14 74
134 5
16 56
210 79
233 181
76 170
135 209
3 149
13 260
117 157
296 118
270 158
218 84
161 248
164 65
99 213
209 125
255 210
20 229
204 74
36 255
282 17
33 8
80 257
115 85
45 221
171 208
243 203
249 187
196 185
262 244
212 67
202 213
113 201
102 147
296 122
153 251
118 45
90 190
130 267
280 155
239 82
131 202
203 7
145 3
52 135
101 91
283 33
273 207
114 171
39 54
68 27
131 295
114 147
285 93
27 288
295 100
19 131
62 255
259 80
176 12
154 1
218 158
54 118
33 282
156 75
84 71
241 148
195 287
35 293
182 93
271 54
279 155
17 108
185 8
104 74
195 251
185 60
84 116
262 190
25 45
59 155
55 37
148 177
60 147
83 177
171 149
217 167
187 46
87 153
76 283
254 41
98 75
20 86
195 45
96 289
271 17
9 4
136 248
275 59
76 187
235 165
132 211
24 81
15 117
56 90
48 249
93 81
82 38
66 29
232 136
83 46
8 107
113 282
44 84
281 97
265 13
239 84
185 27
281 36
19 292
80 120
190 29
215 17
96 30
159 143
267 213
31 78
63 173
282 129
149 86
291 191
234 77
222 90
263 17
79 278
28 58
205 124
162 102
120 259
198 69
147 182
175 297
161 79
89 27
284 158
212 169
166 139
188 134
114 199
49 29
180 153
31 297
97 47
261 285
268 135
68 65
273 201
244 107
188 95
164 15
13 94
97 189
198 203
274 234
35 297
11 48
199 54
204 145
109 159
153 255
47 243
16 38
216 194
125 195
112 199
236 299
76 36
277 122
89 115
118 264
102 265
16 208
53 83
0 114
262 52
86 129
238 79
47 157
174 58
151 199
247 245
176 106
9 74
212 228
225 264
174 76
290 217
126 129
236 12
70 86
174 171
39 83
5 46
80 102
89 3
208 263
7 164
132 51
141 156
163 29
226 22
233 268
298 280
44 266
1 192
183 123
158 157
202 132
105 201
67 53
1 106
238 83
129 53
12 117
245 250
126 186
121 187
285 92
263 267
20 103
151 235
251 73
9 99
140 279
186 54
154 184
293 99
32 294
17 62
123 155
95 291
114 145
70 108
58 162
37 172
118 10
233 52
19 281
243 17
78 263
259 139
123 285
80 240
12 266
295 30
21 138
176 204
299 120
152 73
156 92
294 159
204 210
117 65
53 62
107 32
225 235
243 228
275 179
187 64
266 145
205 74
283 257
244 266
67 32
216 125
262 10
239 124
207 118
190 26
116 145
71 216
178 260
58 266
294 233
85 40
173 75
71 66
276 18
136 267
285 279
271 118
143 221
183 119
136 83
297 256
162 46
179 120
25 77
4 42
95 116
262 80
268 283
62 298
242 91
279 293
49 275
144 285
202 45
120 161
34 162
14 155
283 88
249 179
176 100
104 150
142 12
145 288
229 216
196 17
290 9
280 125
48 175
145 213
5 157
190 128
196 157
264 201
69 12
103 8
156 265
23 276
203 247
156 61
110 254
10 248
296 295
210 169
21 299
275 263
130 135
29 53
170 237
111 289
288 199
7 45
145 208
53 78
173 237
286 4
229 212
12 57
178 15
142 202
201 90
233 101
110 185
218 124
247 225
168 216
257 187
247 23
186 106
199 180
244 187
116 246
53 191
193 54
232 247
288 286
163 1
293 117
93 224
138 188
235 165
162 157
143 49
64 214
248 175
176 108
64 83
254 41
51 244
287 14
73 297
79 265
295 191
227 283
136 129
36 216
48 282
266 245
83 246
135 147
116 15
259 51
46 139
214 244
240 264
69 50
16 131
170 119
55 227
156 14
0 13
56 283
230 100
25 229
11 62
215 219
129 23
124 191
163 73
11 70
63 61
256 135
69 41
285 292
196 250
66 74
87 32
174 269
52 157
48 257
136 72
111 23
117 69
245 217
56 292
139 6
62 75
98 57
53 259
67 286
126 185
25 21
246 34
297 22
169 31
102 271
274 4
257 265
261 75
243 269
281 212
173 195
239 247
23 287
9 144
254 117
75 235
27 254
205 182
136 143
225 75
141 210
171 101
202 98
129 36
268 96
85 217
126 299
292 265
39 267
222 90
93 222
87 115
292 91
237 131
272 218
156 287
196 223
208 48
175 181
267 177
231 1
65 121
85 49
162 58
69 109
235 62
182 124
231 246
271 4
52 120
156 9
147 38
41 185
78 221
89 264
19 280
144 50
230 73
240 274
244 38
85 255
150 110
279 101
46 63
165 212
126 3
191 270
242 66
177 33
211 219
59 119
165 133
274 81
147 69
248 268
87 29
61 89
183 220
283 82
88 195
268 128
208 82
196 297
160 225
238 92
201 275
97 129
264 180
9 292
230 174
194 52
136 77
280 123
90 107
71 151
79 108
169 268
232 13
123 72
62 122
146 94
208 262
280 75
184 299
218 164
286 272
73 249
24 200
26 227
128 23
247 7
35 65
140 278
104 48
74 204
55 68
239 81
43 116
22 35
58 260
41 15
261 260
115 142
129 256
82 81
236 283
158 122
163 93
245 48
215 176
260 251
81 141
175 213
108 170
220 244
168 204
26 9
103 160
288 93
109 160
68 14
27 190
243 185
188 183
271 61
172 249
55 117
4 267
221 130
129 208
22 8
229 54
9 101
128 214
0 157
209 67
121 199
195 89
11 296
155 4
232 172
45 57
242 105
156 147
42 3
82 47
288 290
65 271
220 262
286 159
103 222
257 25
124 163
90 62
239 18
24 2
141 112
295 160
51 2
64 106
70 105
198 216
39 90
141 37
137 30
252 133
291 200
86 283
287 13
169 265
248 143
273 22
45 21
84 163
185 51
242 264
123 124
114 266
116 243
216 180
155 115
294 146
208 10
156 20
204 98
202 234
120 275
67 104
172 187
15 80
119 256
24 143
204 132
252 258
55 226
32 283
294 222
24 82
159 45
146 209
229 291
45 64
186 94
44 16
46 261
127 142
84 163
134 78
54 80
9 129
32 150
53 194
195 236
142 294
273 168
178 51
81 263
118 11
217 120
45 20
187 174
287 181
297 163
58 198
105 132
290 90
229 190
110 82
49 135
92 151
136 49
234 197
75 251
112 81
151 273
276 219
101 51
191 158
36 57
113 69
38 240
207 274
272 0
39 163
60 15
295 137
44 253
122 190
122 263
67 255
279 129
208 62
297 116
151 40
15 46
97 31
293 137
161 217
142 195
159 97
276 34
207 100
103 38
100 109
215 217
239 253
212 213
43 262
152 130
236 248
233 193
215 218
159 73
143 38
55 60
277 86
172 222
279 207
278 154
226 233
14 145
266 210
240 207
29 187
49 18
289 205
190 211
83 299
229 159
182 240
278 238
160 93
237 139
96 6
70 157
9 114
114 233
102 13
159 69
191 9
218 299
176 203
252 203
224 237
126 187
237 56
8 151
100 263
162 178
225 81
9 80
147 194
296 9
291 139
152 156
3 182
196 299
226 61
188 279
97 260
53 191
217 166
106 60
190 258
122 114
142 185
17 55
273 282
295 263
43 180
242 180
134 49
216 198
74 99
196 132
144 214
189 288
233 116
293 290
217 38
126 118
227 130
36 58
14 149
263 118
257 120
107 162
52 27
289 122
200 140
255 146
179 241
294 243
65 169
98 2
75 59
54 226
194 50
190 196
79 276
174 21
288 245
4 254
157 163
221 252
71 42
14 149
184 270
239 233
258 123
234 259
146 22
242 100
292 20
259 271
290 222
261 291
70 121
3 241
120 127
198 63
242 94
290 87
45 32
99 150
265 139
228 45
203 195
41 45
94 47
286 23
42 48
178 275
156 155
216 149
122 227
166 238
114 281
273 84
249 78
97 54
281 95
291 149
4 153
157 280
269 41
212 146
284 47
277 13
151 237
135 246
185 217
151 19
243 275
232 126
30 85
116 146
7 99
249 119
219 213
77 0
200 276
238 110
23 264
257 122
236 58
225 128
131 269
128 87
46 136
235 3
65 226
172 295
106 151
60 237
255 144
78 178
188 197
3 184
103 260
260 203
60 123
223 227
19 0
38 189
174 198
264 221
27 128
206 31
60 153
215 245
194 172
29 119
58 46
255 226
51 81
294 184
60 238
71 275
189 280
134 11
121 15
3 46
77 177
21 118
226 289
176 6
196 118
118 138
193 126
286 278
10 262
28 41
32 275
97 8
27 282
102 282
18 232
282 215
20 93
128 203
161 138
223 191
142 65
94 143
286 135
78 115
168 71
165 175
50 80
82 184
294 18
86 132
108 254
44 170
272 74
158 269
268 208
264 202
137 269
136 216
57 233
120 284
9 102
288 164
231 95
13 231
135 261
177 194
90 268
129 118
138 196
135 70
259 113
198 11
105 104
199 62
130 186
19 150
145 243
79 152
216 275
173 91
295 109
198 161
64 1
83 55
84 123
49 7
28 135
41 183
75 145
37 258
214 233
60 185
48 84
33 153
152 275
189 124
277 55
151 125
24 151
244 148
212 275
282 204
73 192
30 117
68 268
179 33
291 105
197 298
76 237
257 39
293 106
280 237
142 237
193 66
299 153
232 149
185 237
243 223
59 164
101 187
148 273
78 208
26 71
254 39
294 264
270 186
178 68
274 182
188 276
14 137
123 264
139 173
144 64
158 222
279 292
45 26
68 279
41 28
194 204
18 67
80 8
171 158
251 106
172 110
241 225
191 195
31 284
228 104
36 99
31 239
281 59
254 262
22 187
136 128
105 35
243 142
298 96
246 202
15 284
183 99
95 21
65 197
150 159
172 175
13 211
178 188
163 69
219 260
85 299
204 206
233 143
291 5
192 240
20 223
170 284
7 280
243 37
250 145
132 151
186 220
89 275
287 116
45 3
49 296
79 134
130 19
136 12
22 21
108 118
173 88
219 232
295 9
280 133
89 282
159 19
52 161
258 168
67 182
47 36
109 75
197 65
107 6
8 144
164 218
38 274
138 286
46 244
124 71
230 32
107 61
81 264
192 271
102 31
261 129
49 150
279 24
173 279
195 141
111 56
285 41
157 262
254 116
242 212
240 236
254 203
296 180
130 164
239 62
29 172
245 34
72 79
74 132
82 118
58 77
64 237
151 232
63 33
239 231
48 38
253 282
234 85
103 75
151 253
170 90
257 39
238 216
22 218
299 34
119 88
28 59
80 227
69 77
166 197
131 43
297 220
153 125
185 255
290 256
159 8
152 0
126 109
223 205
35 176
116 51
58 129
31 40
43 278
48 73
185 159
64 297
279 163
246 293
216 277
131 45
192 217
170 117
264 248
235 167
136 223
203 80
176 167
54 225
95 59
269 254
240 25
237 147
42 81
61 113
112 298
290 31
203 6
260 167
227 135
48 4
258 240
281 142
91 162
181 275
14 144
155 250
27 37
79 165
101 68
146 273
61 272
71 110
235 146
248 24
41 239
240 83
25 71
234 22
12 282
122 181
265 161
136 128
64 98
135 59
119 114
186 181
272 57
98 139
59 271
68 204
297 174
148 293
237 136
118 4
98 233
43 169
82 159
67 119
181 74
185 78
36 0
148 256
41 269
287 136
198 225
113 244
31 86
79 274
34 231
17 267
175 241
273 289
28 99
286 51
167 49
138 273
153 147
96 71
102 248
168 131
272 199
272 20
202 105
252 16
204 166
71 266
247 222
235 154
105 135
262 132
227 186
61 135
38 278
31 228
265 279
36 148
93 195
125 49
261 210
182 170
104 191
247 260
247 11
91 160
290 21
102 205
289 34
188 67
231 225
170 168
296 292
266 26
157 252
119 92
221 181
41 254
262 186
187 295
99 188
227 290
115 99
155 180
72 132
126 233
205 29
44 42
51 186
200 137
183 35
277 190
168 133
229 235
96 81
191 212
266 242
56 143
108 51
263 284
226 223
81 72
264 78
26 133
59 176
267 111
297 49
79 268
18 64
164 295
230 280
45 117
265 137
131 109
172 247
169 106
171 175
172 239
194 199
105 58
171 137
113 61
191 221
225 116
263 79
116 227
271 66
132 63
108 206
203 292
22 168
174 215
196 28
77 79
128 261
159 174
278 86
83 272
280 237
108 246
166 98
126 178
99 156
123 38
186 55
147 180
165 42
86 62
11 153
86 22
140 94
36 24
100 152
74 210
151 152
253 53
19 42
289 223
100 222
126 184
86 256
11 141
263 28
77 11
154 79
33 110
260 193
222 161
102 289
69 234
167 125
57 56
22 159
82 143
234 33
276 294
122 170
93 133
36 138
135 149
285 96
236 95
102 119
22 266
233 33
202 260
48 271
24 35
37 250
79 146
111 129
13 249
237 121
266 200
202 13
269 27
221 254
226 11
54 23
141 173
170 42
1 159
53 107
254 102
238 248
274 195
235 113
213 292
153 214
215 182
276 73
217 137
254 105
93 259
27 207
172 49
175 100
271 81
178 141
163 211
241 48
283 182
14 158
159 171
187 262
90 22
88 90
81 250
124 79
70 98
31 12
252 33
58 270
35 53
263 117
128 101
48 61
213 272
27 180
150 0
179 42
19 241
79 11
216 232
266 133
21 254
296 223
64 119
121 144
268 99
96 31
41 53
258 45
190 172
293 274
66 163
128 224
117 98
202 195
68 98
195 83
23 133
213 218
108 240
200 74
12 5
114 262
1 210
122 150
68 121
4 249
282 295
191 94
196 32
65 218
253 266
188 200
167 291
212 26
116 27
5 112
240 146
188 168
294 175
73 51
220 274
247 246
185 249
96 102
12 222
90 183
246 209
61 143
6 161
286 75
262 52
168 226
144 258
192 63
165 172
115 243
159 210
86 177
179 27
292 29
146 4
208 234
43 271
8 169
129 36
215 188
120 52
56 86
113 61
180 218
151 103
243 256
230 85
77 58
267 217
16 222
232 31
52 138
239 247
16 237
296 265
295 30
36 51
216 48
15 75
213 188
19 219
119 113
299 58
182 221
262 104
62 194
85 145
135 272
220 75
99 119
91 55
37 266
228 63
83 168
148 183
124 235
287 105
201 274
105 288
264 133
138 285
67 152
64 136
223 53
163 266
55 279
45 178
230 250
85 144
63 96
8 36
0 63
107 280
48 85
62 70
86 247
130 35
256 77
94 92
267 150
273 58
189 268
0 74
116 102
80 56
172 102
153 257
117 204
158 34
89 172
10 19
297 196
90 74
174 151
217 154
146 286
32 14
183 196
159 95
128 22
203 48
39 248
210 55
171 96
44 168
19 87
127 281
73 22
152 175
215 248
2 160
106 224
229 192
58 190
136 99
109 64
282 278
59 287
205 174
70 62
100 279
145 114
140 114
179 169
87 42
98 132
277 227
55 137
245 74
41 65
84 236
158 212
206 0
211 198
40 25
232 48
236 213
177 75
148 93
280 24
158 57
116 143
103 292
12 84
179 139
207 284
79 95
150 11
287 130
21 18
39 159
20 129
52 85
83 47
105 71
80 219
132 285
255 259
192 61
278 240
29 62
172 110
18 267
233 45
154 62
251 268
63 155
234 131
130 289
242 197
20 48
34 192
47 219
114 252
230 183
170 293
104 221
11 6
209 292
254 88
28 148
73 248
291 65
104 129
148 218
285 252
293 120
165 201
202 264
152 89
60 173
51 283
208 150
34 210
153 175
143 289
295 138
200 0
90 211
76 142
233 175
241 272
144 153
148 121
55 196
138 20
164 227
66 125
177 132
161 68
217 287
261 260
267 64
151 299
239 63
250 264
156 172
11 77
176 180
26 267
77 272
88 92
100 150
107 161
216 105
5 275
37 107
282 29
256 43
141 22
165 156
3 214
19 242
235 148
87 119
105 198
32 34
212 63
237 247
109 0
149 55
160 146
168 177
191 242
97 116
128 25
297 241
99 234
107 204
174 221
159 195
54 118
219 229
234 194
86 162
151 205
203 240
246 39
9 141
79 264
270 257
114 95
30 149
223 37
84 119
84 76
209 220
2 57
22 164
212 10
152 11
13 226
48 119
54 272
168 230
247 1
173 121
90 241
155 137
112 20
274 136
73 196
160 137
187 151
126 7
223 68
5 74
51 297
157 3
94 82
55 19
182 178
210 299
266 229
293 299
117 198
193 216
209 219
242 120
9 191
281 167
49 85
183 175
77 175
210 27
56 2
176 173
269 12
133 193
231 291
183 120
30 81
78 13
209 132
170 3
182 59
184 13
269 171
144 180
86 222
231 158
28 55
295 38
142 266
165 290
116 168
54 236
30 117
98 15
145 139
216 204
270 192
138 74
14 262
153 51
146 16
182 157
101 269
129 249
144 284
16 170
56 269
113 108
198 234
151 198
199 131
35 215
282 156
127 79
266 132
149 176
46 56
222 207
52 78
54 259
230 280
139 150
30 32
65 157
26 288
151 236
261 124
109 114
2 251
23 45
238 104
57 218
24 173
129 183
112 272
293 129
71 103
220 90
137 189
211 59
20 68
138 22
27 53
291 17
255 244
47 134
121 34
270 91
158 161
150 287
96 161
185 283
295 97
262 170
59 272
262 124
174 12
102 50
221 207
297 167
70 296
58 140
147 150
56 212
75 256
278 27
222 0
252 289
28 25
123 180
73 36
93 241
24 291
61 130
167 298
57 92
102 135
39 203
130 119
142 53
136 197
63 112
223 193
15 19
153 31
38 274
271 151
94 144
93 141
3 95
226 52
116 11
131 261
199 32
212 3
140 216
263 33
83 263
187 110
128 270
222 124
80 51
45 229
186 50
230 208
2 154
67 33
63 52
151 1
207 160
116 196
259 297
238 104
127 88
208 21
126 99
32 175
149 298
82 267
232 257
205 128
148 91
48 85
131 82
183 255
124 135
224 79
166 80
97 266
75 7
121 151
196 261
86 104
236 110
7 38
186 132
23 243
18 247
37 115
65 272
103 160
30 67
121 263
81 107
116 263
290 93
13 45
274 239
217 187
189 160
3 284
59 31
280 120
188 228
211 55
264 15
127 31
254 166
26 223
41 73
95 32
171 163
132 270
169 251
150 72
95 217
164 53
140 276
83 208
205 218
211 50
95 149
229 104
226 25
190 57
127 4
209 193
153 93
184 91
63 129
200 281
211 117
292 81
288 134
215 235
138 237
207 272
152 238
86 257
192 67
192 60
60 33
146 96
115 198
261 269
277 197
29 291
127 208
179 26
103 3
5 123
225 226
93 81
110 81
11 257
41 114
182 5
18 129
197 57
254 126
183 95
157 140
250 166
210 276
238 78
259 257
275 287
75 97
123 298
289 260
219 257
50 244
10 172
47 125
75 235
29 95
234 209
29 34
208 272
38 203
174 289
4 44
73 22
0 100
268 237
30 126
247 213
189 115
164 111
39 150
296 96
115 24
111 212
270 182
59 104
46 135
123 92
10 68
177 147
212 258
74 219
17 198
130 63
81 133
209 188
160 274
16 291
280 50
240 67
114 201
145 110
226 115
248 234
70 149
112 19
268 269
268 287
6 288
287 248
128 99
262 194
159 210
39 83
299 287
111 47
86 159
71 249
86 24
150 232
88 31
134 192
96 94
190 261
36 77
77 290
274 279
122 88
211 204
76 163
40 12
240 63
115 73
203 136
299 215
98 195
296 245
127 288
220 222
191 145
11 90
260 79
177 255
75 176
40 59
71 111
181 79
81 72
152 210
165 11
146 73
273 91
49 215
89 78
212 50
281 239
103 228
124 181
200 145
144 157
274 155
84 14
195 255
154 102
40 63
273 283
163 122
29 137
278 292
31 180
287 280
9 126
151 162
162 200
110 169
171 254
106 205
260 271
67 194
93 229
274 94
294 256
215 123
29 159
126 42
159 261
23 117
19 109
35 243
287 90
251 109
41 286
285 72
244 272
289 206
33 81
250 124
157 158
228 74
68 237
212 153
152 105
172 90
10 242
41 160
218 1
127 165
46 285
58 204
269 275
283 65
130 143
183 74
134 58
208 30
295 169
202 257
150 93
274 148
167 163
111 162
79 44
7 251
200 81
25 66
47 122
208 151
177 218
118 48
182 34
109 17
213 40
24 252
149 253
51 167
112 56
70 95
180 119
188 13
46 30
150 54
80 296
4 20
186 179
53 76
137 120
103 15
9 208
95 251
269 246
71 20
168 282
119 278
269 182
209 62
90 98
158 90
272 172
145 101
287 101
270 244
259 157
109 240
44 121
68 186
25 295
270 181
152 53
225 212
11 68
229 174
105 229
192 255
69 15
91 216
270 289
241 38
149 122
281 207
192 244
85 112
47 292
1 12
28 68
20 240
205 231
61 178
9 242
180 10
289 199
135 54
70 197
276 59
208 28
0 282
54 29
289 195
219 140
272 113
49 202
158 106
217 261
192 13
209 146
106 239
2 43
251 86
117 132
169 298
127 33
284 55
197 32
167 261
30 86
233 201
272 95
274 237
38 91
7 118
155 145
66 140
43 189
6 295
142 187
152 189
39 1
210 115
98 2
126 288
27 119
273 93
218 193
149 68
214 271
195 207
232 282
75 286
235 103
133 152
190 271
276 267
96 297
91 285
109 12
294 37
14 87
53 36
61 9
159 276
3 62
11 234
5 77
74 278
11 209
24 149
57 71
72 135
157 32
73 139
119 159
288 220
123 48
121 260
124 23
151 126
140 260
98 269
49 211
275 139
279 126
126 30
194 229
299 99
171 47
177 140
89 8
255 16
289 137
40 161
110 251
209 26
78 68
164 293
48 39
111 159
280 8
211 258
168 109
29 129
238 33
131 65
177 299
230 24
54 92
194 166
261 150
22 39
294 262
118 246
137 296
38 234
149 294
29 129
14 167
133 203
85 47
88 118
85 149
93 122
244 172
148 29
166 148
249 14
205 236
287 98
88 125
7 25
164 54
90 214
56 229
188 104
10 105
250 117
81 50
76 200
20 198
131 299
118 120
141 209
155 264
277 10
135 80
239 192
1 9
239 243
235 246
69 78
40 147
21 114
96 18
24 188
121 30
296 87
267 24
31 236
216 248
180 80
194 104
32 29
262 137
253 22
231 191
238 54
261 117
149 46
273 99
96 147
160 58
111 242
261 60
75 115
214 285
140 102
25 44
196 15
154 274
85 208
172 34
237 161
233 249
129 149
108 4
21 55
168 24
161 296
70 294
271 191
12 59
136 250
199 200
147 189
19 277
35 102
76 292
151 200
190 208
183 181
88 188
9 53
255 290
274 245
52 253
260 166
21 120
251 115
254 269
15 43
44 166
285 185
192 80
183 148
126 38
30 252
20 105
276 264
190 128
122 142
95 242
150 116
9 298
198 180
102 103
188 148
291 43
239 227
290 143
125 19
260 237
220 16
133 249
237 165
182 55
194 247
232 33
266 216
165 16
233 97
181 214
48 197
132 76
170 275
171 143
248 277
200 209
240 30
165 95
233 263
298 74
187 116
26 38
140 271
64 292
288 69
171 74
252 154
130 117
180 295
177 98
196 184
181 72
158 61
16 6
62 59
132 69
72 188
131 222
72 176
50 274
65 143
119 94
160 195
55 76
84 117
62 288
74 160
48 151
25 232
292 224
190 265
55 144
194 279
108 139
182 298
78 104
290 261
140 154
47 99
16 187
3 152
67 194
170 176
44 225
102 209
141 47
37 192
208 246
92 97
190 126
59 174
157 243
131 170
67 265
5 16
188 156
205 41
197 226
53 120
110 177
277 271
287 185
144 7
17 89
248 192
182 286
38 115
7 277
81 247
178 64
142 284
257 62
183 125
269 192
16 236
118 262
203 229
12 292
24 228
67 281
93 171
283 204
11 59
69 212
255 46
23 110
1 284
172 215
7 57
144 65
186 290
292 237
53 97
70 98
82 217
91 271
234 56
129 266
6 106
244 66
180 225
74 44
298 83
102 162
143 299
248 243
14 222
165 27
169 298
31 6
150 204
63 147
96 116
236 27
258 280
3 21
206 173
101 154
245 91
81 28
31 208
75 230
167 46
241 201
139 158
273 284
288 188
149 102
202 251
20 115
227 42
187 164
229 129
77 162
70 277
41 61
289 233
91 72
87 219
183 169
82 2
180 19
220 75
96 154
187 244
249 16
50 133
262 184
189 171
30 258
36 134
265 89
147 62
74 250
64 121
103 59
185 10
17 66
244 159
269 109
238 95
41 193
270 142
115 276
42 269
66 43
113 199
197 44
268 147
131 85
210 171
8 98
221 173
20 221
237 93
57 95
171 17
230 195
155 156
242 134
231 266
23 198
54 22
216 75
298 95
21 19
278 146
287 254
84 106
105 286
234 44
106 17
243 32
244 299
189 49
258 87
71 184
222 113
22 124
145 273
3 282
213 246
170 224
243 207
203 216
115 87
145 110
292 115
114 227
151 146
7 190
178 57
212 232
119 124
20 146
72 19
128 248
102 37
131 106
93 236
93 109
51 5
209 70
59 145
212 56
7 217
75 32
256 103
93 158
117 8
154 218
206 3
170 267
148 244
161 277
119 79
75 53
115 97
297 260
17 142
148 109
139 105
240 55
295 294
227 214
43 130
81 22
108 204
211 136
157 122
88 21
203 177
166 284
143 75
41 63
173 126
199 122
82 165
245 158
193 268
146 2
263 182
254 198
14 52
294 163
260 197
168 139
27 287
55 190
51 7
180 41
215 110
94 210
47 289
84 30
214 167
58 88
264 66
238 76
20 192
29 184
2 174
271 126
215 51
110 264
208 202
83 174
274 97
179 269
167 74
124 176
213 194
277 295
264 6
207 221
219 211
60 167
136 93
153 265
285 290
114 216
273 204
82 106
265 111
173 97
44 259
130 247
100 137
1 74
166 132
79 204
48 71
18 52
209 11
63 261
58 91
43 199
106 187
295 212
89 81
287 37
228 10
263 165
124 253
123 166
203 296
243 256
233 266
208 176
20 188
137 144
26 108
59 19
238 230
235 174
56 149
269 66
171 3
34 269
152 4
251 198
206 253
7 120
243 66
148 246
97 88
281 83
211 21
232 111
220 255
261 14
248 174
227 8
278 189
294 64
269 250
180 249
105 262
188 139
23 95
256 288
209 29
230 69
91 219
235 130
155 114
72 35
238 236
216 101
133 122
286 45
286 201
253 228
130 227
152 86
258 14
202 10
5 119
1 141
253 35
89 205
90 104
267 63
189 92
235 289
128 216
81 206
26 147
163 30
62 263
30 194
96 204
169 59
165 268
105 223
268 110
63 280
280 182
254 98
184 153
98 33
30 232
124 215
174 12
98 119
228 110
142 165
105 99
176 91
288 184
200 160
55 23
166 162
292 197
265 293
21 296
58 255
178 284
249 147
257 238
148 233
48 2
287 71
30 281
37 293
129 97
117 190
55 163
295 96
238 59
230 123
9 99
192 65
248 231
32 183
235 7
18 83
150 54
55 218
289 195
283 87
281 216
112 80
189 289
144 10
233 174
18 132
29 238
235 102
121 223
212 201
278 194
212 111
92 185
30 19
280 157
13 74
240 286
83 149
85 201
117 67
150 225
247 299
218 210
144 263
37 83
299 12
125 115
291 7
283 228
159 183
125 9
184 278
116 36
125 100
207 14
68 232
211 196
94 253
150 24
7 269
172 118
60 111
86 133
173 232
214 219
280 14
83 217
61 201
29 106
277 232
57 234
191 5
47 207
242 99
251 237
26 243
131 138
102 133
46 66
192 94
152 106
248 244
112 83
28 120
102 79
211 251
164 77
144 297
64 282
117 116
47 214
89 212
288 175
240 215
191 258
100 178
71 210
67 217
210 229
160 12
216 137
244 134
193 122
77 299
241 192
221 86
132 197
142 241
263 61
207 60
222 107
146 10
147 87
44 138
58 294
148 6
166 92
250 265
85 102
183 68
60 167
88 221
221 293
243 106
297 171
220 223
266 5
233 128
284 154
26 249
2 101
227 297
31 96
286 255
214 275
112 52
34 222
267 49
234 226
190 34
130 47
105 97
95 143
72 219
45 41
94 11
162 216
245 155
214 240
247 235
29 125
104 75
242 53
175 35
114 259
78 121
236 55
88 253
183 30
188 28
145 282
197 68
264 136
257 96
7 282
270 65
172 38
253 105
218 174
186 56
167 150
211 70
245 208
65 23
134 49
267 299
298 48
142 67
17 99
163 270
236 14
239 69
19 152
277 161
226 288
119 123
298 82
15 137
41 171
75 172
274 74
200 237
51 19
200 47
133 294
261 242
177 86
93 195
156 38
230 217
247 239
81 183
272 56
43 70
0 131
83 153
8 87
16 90
212 60
226 26
16 111
51 154
168 260
250 262
208 253
296 94
45 185
13 284
161 251
168 54
67 127
237 131
31 202
136 278
4 183
114 30
241 252
218 296
35 22
215 44
82 36
148 18
157 222
263 123
292 138
27 90
35 123
182 81
99 114
163 70
16 60
14 203
144 32
75 28
53 116
132 257
69 71
177 33
178 255
49 171
33 268
52 38
119 225
31 279
60 135
97 235
225 132
199 72
193 147
22 83
208 226
139 71
166 242
111 24
284 140
203 174
231 91
142 101
11 202
17 148
222 96
158 11
99 169
277 116
285 126
295 2
97 183
4 2
257 235
192 231
296 2
248 25
69 196
35 133
162 131
275 168
57 68
17 31
276 113
138 262
150 11
110 43
2 270
192 0
33 137
257 175
27 87
33 63
49 42
182 147
215 260
210 32
76 142
35 99
32 11
87 204
133 80
130 110
207 111
126 181
180 186
174 142
27 23
27 98
245 288
80 272
111 54
268 103
78 107
19 101
42 170
107 206
64 136
30 172
128 240
289 170
87 155
81 282
3 78
80 112
256 237
194 159
226 122
44 277
238 85
15 155
5 43
210 279
174 105
241 225
2 247
226 266
252 162
268 131
155 141
56 229
186 256
271 256
247 88
231 114
141 43
156 218
121 48
53 162
118 110
250 32
36 135
100 235
129 253
254 68
5 10
0 229
161 78
122 33
68 165
108 89
0 66
82 244
199 51
210 21
1 220
50 176
93 57
276 130
145 8
31 260
252 227
31 34
19 282
226 84
270 220
276 161
268 31
250 281
273 125
218 299
290 112
257 167
96 13
154 265
176 273
128 0
4 263
62 25
20 250
190 239
248 122
288 146
250 247
40 58
36 202
31 89
75 186
169 177
131 158
188 168
245 83
217 76
110 183
117 227
152 247
35 129
31 6
85 134
257 99
210 287
258 9
208 138
236 260
35 264
49 68
135 195
283 142
254 64
276 20
31 192
214 85
230 250
113 89
285 192
14 195
297 195
35 151
62 0
11 245
94 290
172 110
266 270
100 188
242 152
114 270
54 151
259 189
122 9
291 34
116 48
154 298
150 220
139 138
271 293
28 84
198 22
104 226
86 260
284 254
155 275
288 96
189 269
155 58
99 181
271 128
93 43
160 183
61 44
107 169
110 21
145 297
142 285
153 180
275 38
84 185
5 253
117 96
68 259
131 75
165 220
264 160
171 148
55 190
167 201
221 141
105 175
215 296
129 15
93 16
200 220
196 4
238 51
172 163
128 143
272 294
180 23
155 263
1 99
112 100
233 61
20 295
226 144
217 124
124 3
139 120
288 94
163 272
216 224
293 239
135 210
160 138
99 299
128 278
148 112
121 98
101 91
232 47
110 85
246 288
183 217
23 28
139 140
298 286
227 145
72 21
104 258
267 244
102 139
282 62
82 251
262 10
168 289
126 218
96 198
73 71
116 199
42 78
133 156
101 81
162 196
72 182
108 236
1 126
118 41
232 62
163 99
270 284
138 93
63 47
188 208
86 284
19 210
85 234
19 260
37 290
288 238
45 269
256 0
126 66
291 251
38 230
37 233
48 30
255 234
202 113
254 284
25 160
210 280
79 249
299 248
233 125
57 293
274 218
75 204
7 59
231 154
9 103
110 228
197 122
256 78
287 192
210 154
228 15
76 81
69 177
247 26
294 92
34 241
253 151
179 61
19 139
187 171
296 295
258 30
71 50
217 10
204 2
118 11
258 13
256 104
9 32
261 183
61 226
74 263
36 298
142 44
238 276
197 37
218 93
160 128
11 107
228 50
195 4
95 41
128 221
10 122
21 88
57 102
114 175
22 200
230 10
52 225
139 83
161 268
267 11
173 91
188 85
236 19
256 196
0 11
281 288
44 69
173 110
67 150
169 144
17 169
9 97
104 138
31 233
123 184
98 50
202 186
10 299
282 87
132 226
216 68
183 56
224 129
102 249
170 11
83 112
79 15
247 52
233 267
200 229
186 257
111 180
193 151
229 163
184 66
198 127
265 7
279 246
103 97
263 143
180 47
283 20
274 187
168 86
0 16
13 255
262 250
43 161
99 218
17 81
147 118
288 210
180 245
162 299
169 131
182 140
189 253
99 45
213 56
184 111
192 111
13 16
25 59
177 268
239 250
47 223
200 267
280 271
23 293
160 267
42 83
161 12
91 14
262 14
209 212
103 256
110 262
174 192
174 200
189 273
224 130
108 272
161 105
193 262
120 2
273 141
271 205
129 45
49 163
266 236
245 140
123 188
185 137
103 161
16 250
216 211
260 296
112 109
261 91
230 96
111 170
175 249
231 124
11 128
173 44
93 271
279 11
146 237
127 143
161 41
220 181
270 130
100 208
30 269
222 214
197 72
175 57
251 165
210 99
85 222
3 117
230 264
83 291
109 34
206 45
14 143
104 170
64 96
69 217
299 128
152 50
12 259
104 28
70 22
10 100
27 90
271 10
291 73
210 221
277 60
59 232
86 18
262 201
276 137
29 184
35 103
43 17
237 86
139 156
126 55
271 203
273 195
12 88
171 39
202 121
172 169
162 245
105 98
79 11
82 269
137 248
272 162
78 39
75 175
156 202
242 102
223 130
222 189
34 0
252 24
169 95
243 97
44 162
155 121
131 160
3 252
181 215
39 166
122 268
150 228
283 208
144 227
48 279
223 282
5 6
227 19
240 20
15 230
139 235
21 200
145 23
53 27
28 260
189 224
77 27
258 143
195 175
30 172
214 9
93 96
23 27
2 61
145 224
2 94
111 175
265 161
127 204
97 230
49 166
12 221
259 244
82 33
156 85
128 187
160 101
138 99
17 110
45 56
73 164
105 236
176 86
288 79
196 19
9 101
255 220
244 48
298 222
154 155
80 38
220 174
132 74
187 5
236 162
299 287
282 5
276 23
84 233
49 261
199 271
292 258
240 27
40 117
289 290
97 14
147 84
125 240
83 89
91 147
201 286
266 176
172 264
120 211
198 281
12 140
122 238
238 208
138 52
189 64
30 217
137 115
168 3
290 33
14 70
262 7
269 42
50 238
223 233
23 105
174 146
8 36
198 293
27 139
245 171
20 135
210 52
79 87
294 118
258 83
161 177
98 113
61 274
185 55
239 201
135 157
160 274
51 103
20 231
62 216
72 64
11 0
54 126
218 229
233 270
243 245
247 79
273 116
8 111
13 21
213 127
52 105
246 297
241 296
261 194
71 117
213 70
225 90
95 69
252 118
237 216
131 275
291 4
22 124
64 86
118 46
137 281
108 285
119 253
208 227
222 298
164 136
106 170
180 52
42 30
101 47
10 128
241 206
197 18
52 236
162 193
150 284
298 35
115 51
239 229
260 128
154 192
28 179
70 146
228 7
169 13
295 171
208 267
202 111
293 155
108 145
240 18
253 183
112 165
198 202
124 33
168 290
35 147
253 15
185 143
165 78
115 61
29 162
90 187
3 126
3 217
207 31
149 227
55 284
21 29
242 117
25 158
280 248
178 80
208 298
275 225
266 296
46 71
254 225
122 249
258 51
197 258
287 168
19 68
250 218
127 237
192 30
232 203
265 47
267 21
164 175
38 8
270 274
156 142
262 76
264 34
37 178
252 53
118 5
238 213
272 273
93 77
261 15
227 136
178 262
251 211
231 96
158 289
293 33
193 111
168 0
180 192
298 221
82 129
295 206
176 129
179 252
261 85
83 258
230 117
218 194
28 188
282 112
57 201
228 78
65 260
2 273
95 126
25 230
171 238
288 51
219 291
69 95
177 69
102 222
273 271
276 54
80 255
28 163
117 169
155 113
158 172
225 267
107 285
263 25
282 110
267 125
36 222
143 69
26 31
62 269
48 183
43 82
209 274
213 258
227 110
81 276
98 74
166 114
160 38
175 29
234 288
239 176
241 193
111 284
63 53
211 152
248 3
101 34
198 9
251 124
247 95
195 96
179 19
252 171
70 298
180 105
139 1
216 195
21 65
28 49
191 167
40 34
45 139
55 132
85 176
121 112
252 90
52 252
262 82
297 120
19 45
109 185
57 81
296 61
8 174
46 252
81 202
262 104
86 40
296 184
138 248
228 296
238 111
49 82
87 134
27 181
91 61
247 63
87 72
191 120
247 88
273 203
56 32
290 258
61 174
47 260
18 188
9 289
21 39
116 86
292 26
64 63
73 10
112 234
49 200
23 253
195 23
127 238
18 238
3 24
297 177
214 254
66 32
242 289
222 51
291 230
126 102
182 288
49 277
198 220
263 1
16 44
189 256
156 184
190 88
279 144
254 31
112 233
290 209
298 275
286 131
191 217
275 231
62 238
209 95
236 295
103 238
11 197
119 260
33 275
164 61
65 262
107 27
124 18
47 170
10 207
89 39
19 140
24 272
243 86
145 199
105 255
209 239
177 60
27 235
220 143
175 16
261 220
250 222
226 104
62 215
112 288
29 246
119 38
137 83
293 240
200 23
219 270
186 114
101 43
286 77
121 113
149 294
128 151
59 19
146 271
204 165
251 60
93 259
106 255
160 207
188 47
114 158
208 112
144 108
291 75
261 114
42 141
15 214
158 237
225 271
242 35
230 76
52 128
254 292
111 13
191 169
20 122
64 82
14 3
37 146
204 167
151 95
210 175
216 273
289 53
100 245
32 186
143 53
166 277
94 55
176 241
86 161
134 212
82 128
253 261
56 131
253 230
133 83
290 87
231 72
172 87
46 13
62 275
271 260
72 230
273 206
109 170
31 271
47 196
165 55
19 74
70 120
298 266
143 225
104 13
139 65
221 224
82 255
56 2
283 290
238 41
180 91
208 160
150 123
157 227
223 188
289 33
31 10
197 191
195 170
53 254
232 140
164 168
141 132
281 58
226 47
288 72
9 32
31 222
195 87
41 111
48 90
123 138
298 77
249 299
69 256
269 0
169 283
120 47
236 144
85 263
175 199
225 101
251 121
141 114
235 18
121 178
62 210
152 156
234 167
214 90
189 256
215 105
290 281
82 176
118 48
125 262
208 47
285 17
100 106
106 19
261 189
283 200
106 294
62 267
121 70
291 298
195 85
204 144
105 203
16 67
95 190
54 89
213 68
38 87
247 24
217 96
91 42
243 256
25 72
18 234
267 133
108 199
186 80
24 183
25 240
101 107
171 180
154 17
136 233
19 31
92 46
218 190
261 284
218 229
109 171
119 122
34 14
185 132
174 172
95 168
227 222
173 57
148 285
22 295
33 38
176 161
146 18
10 268
125 3
173 224
90 192
104 225
143 237
274 8
252 242
194 54
15 242
226 33
53 6
45 236
163 246
37 248
63 189
119 174
165 267
148 69
105 129
286 261
81 292
214 290
135 239
133 264
97 112
52 185
137 47
273 40
99 191
120 32
152 67
158 182
36 272
175 172
157 138
248 192
30 164
102 279
52 163
263 158
109 283
291 87
257 117
135 139
189 88
260 49
150 296
166 23
36 213
57 111
299 281
63 236
235 158
76 187
215 20
9 292
30 5
287 1
217 223
178 57
162 207
126 264
15 58
87 7
67 125
56 164
286 246
16 81
228 290
166 19
156 206
219 168
225 189
295 130
167 293
151 120
34 80
209 145
227 24
107 64
67 234
55 22
199 9
148 123
87 287
101 64
131 288
204 252
172 64
47 235
195 49
84 208
50 216
69 108
66 244
111 51
57 106
184 264
102 267
71 42
291 154
17 182
115 199
199 27
111 73
210 162
249 24
165 205
220 173
282 275
277 21
35 247
242 124
131 12
182 14
289 112
15 175
206 278
154 51
33 66
47 66
260 252
40 102
66 15
104 161
287 284
261 281
201 267
105 24
168 0
145 103
40 72
45 284
266 265
74 172
182 185
71 87
96 295
76 99
237 9
101 223
242 183
236 138
159 69
228 4
167 29
206 7
219 231
186 272
274 206
290 50
33 20
122 254
8 35
273 13
53 255
164 10
217 174
176 191
285 25
150 41
212 105
45 209
279 37
122 16
292 13
70 153
172 84
79 151
262 252
164 54
72 156
247 263
8 49
187 93
11 17
15 107
154 199
240 67
174 81
168 103
261 39
68 106
269 136
285 169
40 60
108 229
97 70
265 110
220 193
119 170
6 297
55 56
160 152
39 151
149 141
24 276
35 140
273 166
233 32
225 76
211 27
175 233
285 61
21 241
25 158
266 98
209 220
36 271
70 99
26 197
286 89
171 252
209 216
43 224
255 95
246 185
260 119
218 164
96 229
83 281
184 120
33 168
113 70
168 163
295 10
159 206
254 187
153 282
297 212
197 0
168 170
53 270
229 162
198 209
174 33
205 217
31 36
159 40
61 111
204 85
93 245
201 266
48 230
97 201
236 281
1 216
286 158
271 81
199 260
180 73
240 182
194 265
104 299
272 21
77 53
33 140
111 100
5 245
218 267
6 32
254 58
117 131
237 261
228 178
141 170
188 30
187 17
137 48
284 250
9 42
235 155
284 146
52 11
81 215
228 247
178 56
39 29
125 144
221 39
100 45
179 82
68 23
297 187
71 40
183 100
33 133
80 221
231 20
108 23
157 261
104 274
65 12
24 144
170 130
229 162
288 283
230 263
185 101
259 89
263 113
193 15
224 222
246 273
53 259
48 145
19 170
70 254
47 208
129 183
82 55
81 141
95 158
102 252
54 216
235 254
5 43
121 271
296 148
214 31
232 108
156 227
68 249
75 8
251 194
296 15
22 44
119 230
177 276
250 140
117 245
239 71
194 123
110 290
75 20
99 289
80 206
164 46
1 273
211 298
210 189
246 26
231 31
153 104
149 49
100 48
287 100
170 25
249 50
205 130
207 247
277 137
270 273
217 158
259 217
93 275
118 276
160 139
156 31
129 55
229 64
148 112
29 230
275 6
95 125
297 198
217 111
139 132
216 211
233 223
68 220
267 149
235 199
98 298
62 30
160 262
16 293
121 197
143 268
136 138
174 296
33 279
84 234
244 253
121 53
28 286
28 135
89 69
162 284
246 251
113 239
17 265
181 294
88 273
8 289
152 170
134 179
197 223
106 198
219 240
186 179
284 22
204 21
69 143
44 120
266 230
171 226
50 12
272 101
228 281
114 247
200 152
118 151
134 34
228 145
52 125
52 279
29 87
286 134
284 72
50 113
191 207
199 125
131 234
109 233
28 250
119 292
102 135
157 218
44 60
176 37
69 23
127 256
169 42
125 229
278 175
42 240
54 87
12 170
272 24
136 287
128 108
241 189
242 173
61 124
137 126
257 65
105 148
88 287
109 18
259 89
9 216
271 171
70 219
111 140
294 25
71 100
270 226
101 72
110 235
247 248
242 193
292 43
42 60
57 229
38 79
60 27
102 236
74 100
247 279
64 68
46 65
266 65
294 135
100 36
137 86
253 51
71 242
68 102
146 256
95 44
64 108
58 224
199 0
53 93
197 72
88 218
185 211
92 26
222 223
186 16
293 27
58 279
144 66
298 278
291 136
298 29
240 39
284 5
10 193
29 108
163 85
234 53
187 261
79 248
263 128
157 63
228 268
89 273
12 278
171 96
98 278
84 80
68 265
83 73
287 174
109 200
47 256
112 293
66 195
168 59
115 262
254 85
277 88
191 25
262 96
190 181
80 143
252 236
249 114
119 90
195 146
7 141
229 105
258 86
177 283
101 95
147 10
101 132
233 129
265 277
187 182
76 190
266 281
160 241
53 258
228 127
73 181
87 198
40 146
210 250
259 56
200 56
103 0
127 30
83 152
272 275
64 238
139 55
107 91
243 276
219 66
293 87
122 293
102 111
148 297
122 181
131 97
52 43
22 25
148 95
118 21
263 63
93 88
191 210
259 39
272 296
230 227
93 120
221 229
80 46
192 284
20 209
182 96
228 88
41 174
122 224
195 166
117 280
58 275
156 240
137 90
150 235
289 20
76 68
158 285
115 288
83 52
2 211
261 236
156 165
243 79
244 137
251 45
65 233
189 206
169 179
174 85
107 206
175 200
183 150
112 240
95 110
77 222
251 110
288 229
236 3
165 171
43 24
2 32
62 142
206 114
100 246
13 116
231 130
153 11
76 122
80 154
182 166
102 39
206 7
127 206
120 83
158 147
41 246
276 286
88 257
58 234
43 128
7 27
144 43
62 60
104 293
271 284
99 219
85 103
194 85
162 65
139 142
28 112
119 98
65 197
14 64
264 81
50 194
61 287
8 194
80 237
283 148
123 35
73 277
129 125
225 224
69 163
284 23
104 176
284 267
299 140
162 220
78 66
130 61
22 234
116 146
154 256
290 270
27 168
2 241
14 226
7 216
171 22
184 182
67 119
156 25
172 7
244 10
259 221
140 145
213 97
189 56
178 270
271 13
266 153
120 124
143 247
234 41
17 297
99 98
295 113
249 169
67 228
135 12
123 178
128 121
122 127
145 169
283 186
70 71
225 285
6 30
107 116
149 7
137 277
65 181
229 12
232 62
191 168
271 86
204 82
245 17
177 199
122 201
147 252
53 113
257 175
231 228
247 298
187 44
93 85
212 25
259 78
27 8
31 17
0 210
280 22
220 210
287 192
5 121
132 102
49 223
297 291
9 35
119 165
166 160
142 92
123 18
28 94
83 152
19 25
175 168
226 27
13 180
185 126
101 272
164 67
256 119
22 218
144 246
107 147
287 48
215 22
239 162
193 124
277 181
213 184
240 93
85 93
67 79
104 178
239 238
214 101
34 7
194 86
190 42
283 230
160 27
123 103
50 116
298 243
247 74
58 131
20 124
48 206
211 236
10 119
34 242
220 278
44 19
258 25
173 116
99 36
172 171
245 96
126 231
30 169
1 73
142 285
259 117
151 66
160 189
26 215
123 259
172 299
82 166
288 105
195 246
132 22
177 38
18 171
110 290
267 32
213 186
194 238
259 100
54 160
283 209
195 166
61 3
182 293
194 57
216 197
192 98
106 108
130 219
112 249
287 293
199 85
224 101
9 166
155 95
177 115
299 214
224 2
226 133
216 252
146 66
243 59
279 158
44 55
228 90
167 242
17 215
60 65
174 288
213 141
80 239
162 277
160 294
291 274
244 61
88 286
17 145
127 289
59 0
118 240
169 94
289 266
181 285
177 36
227 159
171 295
226 1
155 211
57 4
183 114
249 26
158 217
14 128
260 85
279 97
36 138
44 67
201 57
284 24
137 185
55 98
102 211
120 233
151 148
247 102
11 178
150 85
92 90
68 106
119 55
141 107
78 18
203 103
3 167
138 1
16 18
88 116
63 88
233 110
223 262
1 256
96 240
153 241
45 2
92 34
272 208
100 256
225 21
140 225
240 30
187 98
177 125
194 264
123 283
222 138
263 152
233 239
107 64
185 178
95 280
97 166
100 107
221 99
60 12
139 260
15 114
11 37
44 67
124 257
96 15
293 179
213 64
110 263
297 212
1 289
139 83
241 61
252 208
222 8
238 53
61 217
274 289
253 222
176 151
188 229
200 91
182 185
198 18
71 142
101 248
287 273
269 69
128 289
79 34
276 177
299 119
181 247
218 238
24 4
30 84
292 263
81 32
28 82
216 162
180 53
220 18
131 21
184 260
61 204
237 26
265 88
66 259
6 177
41 132
8 151
271 235
29 270
66 271
146 122
217 290
142 205
229 231
288 240
172 202
39 273
48 252
249 104
49 157
268 160
55 179
42 83
2 40
190 62
45 136
230 163
268 232
19 280
296 94
287 188
14 206
71 292
274 247
158 268
101 141
270 200
24 96
48 52
254 262
73 234
227 192
106 75
171 194
85 241
66 137
81 277
255 231
151 199
175 276
29 220
30 271
41 181
123 24
82 230
226 195
126 123
230 288
275 294
164 74
233 47
206 188
122 201
131 62
15 188
196 10
267 55
110 179
256 104
263 209
148 101
159 31
9 254
231 134
170 259
143 103
167 46
29 236
204 104
96 182
30 69
15 59
283 170
288 202
275 139
153 105
146 156
26 72
276 51
108 265
169 276
5 85
295 44
138 168
12 154
190 284
78 126
72 223
64 293
40 187
242 148
2 64
212 34
23 52
222 146
63 46
193 210
52 171
210 270
234 135
135 124
40 250
68 153
95 213
80 217
72 51
197 129
185 148
229 227
81 87
40 295
113 261
171 266
105 21
119 60
55 250
287 174
267 230
242 194
89 251
70 49
38 200
70 139
250 18
130 258
282 177
146 5
269 261
282 189
49 88
118 120
233 46
71 0
0 93
199 208
165 144
156 231
227 261
167 146
29 65
220 202
93 284
174 91
89 1
285 54
113 4
37 174
114 119
125 210
219 292
99 206
36 75
87 241
103 7
166 132
295 121
146 179
235 243
73 277
132 65
19 79
208 284
218 256
189 81
37 137
236 106
281 256
187 299
124 48
41 254
134 159
216 238
293 231
292 17
202 132
152 30
135 124
60 241
215 105
239 203
109 10
69 196
128 126
212 222
252 29
15 206
267 50
285 258
108 265
66 60
278 279
212 215
259 32
283 228
0 292
232 140
247 31
109 247
196 72
77 252
184 167
13 181
59 274
22 57
153 204
174 142
179 21
123 199
197 182
233 293
66 168
76 213
155 175
298 46
57 193
231 228
255 276
256 2
277 243
80 161
53 151
269 37
104 293
174 129
274 136
89 164
76 101
261 203
226 27
184 159
238 105
35 209
188 58
126 130
167 260
12 155
150 57
180 131
163 8
132 171
94 18
43 186
216 276
294 225
106 189
152 253
158 40
209 291
82 242
210 264
271 17
172 181
94 278
269 94
11 20
178 90
162 149
212 274
137 106
244 26
6 275
142 82
98 203
195 133
198 157
27 255
258 174
133 128
80 198
149 299
8 52
144 2
164 209
3 70
190 69
291 78
255 39
66 73
33 4
169 174
225 56
115 136
240 99
267 52
193 44
228 16
174 215
228 177
45 101
239 282
103 258
108 129
47 294
111 50
82 55
42 150
159 153
122 152
235 6
49 171
13 140
273 249
253 108
259 180
258 264
233 128
18 98
214 282
239 285
290 203
66 172
219 278
250 80
5 261
5 53
30 115
137 111
8 59
249 201
26 229
232 238
209 124
287 52
236 48
190 56
248 81
195 248
193 122
63 40
77 28
58 126
153 205
10 124
27 230
207 189
119 152
67 222
116 177
287 16
279 167
50 217
115 213
228 211
77 116
161 240
78 266
245 115
275 263
26 136
299 11
273 73
4 99
140 18
159 203
278 277
60 229
294 226
9 229
278 26
232 20
76 172
34 108
119 54
277 73
25 109
82 225
32 213
96 151
29 27
99 161
38 54
129 285
34 167
278 16
6 258
139 106
207 112
117 213
224 92
192 199
46 174
66 144
81 221
197 165
165 206
114 73
3 59
54 206
190 98
56 175
234 166
51 227
3 88
142 194
294 221
276 39
134 274
29 297
228 164
178 98
299 189
218 95
285 74
49 213
127 184
158 5
53 232
268 49
199 192
281 290
242 39
126 132
258 240
8 264
96 104
144 88
274 293
176 245
150 232
225 38
109 186
107 200
92 212
54 210
105 277
115 137
124 43
81 91
1 107
299 12
239 207
97 126
121 131
195 164
239 207
1 91
203 105
133 179
256 187
175 230
66 207
148 114
223 99
257 28
56 77
97 189
38 298
21 160
130 1
215 160
3 237
7 49
245 285
131 270
113 242
62 34
282 235
103 157
106 22
219 166
202 32
231 172
214 298
266 45
196 24
151 6
229 13
219 141
78 271
28 167
53 17
53 248
40 141
69 51
82 46
259 98
161 263
26 53
245 95
246 116
147 109
124 111
19 157
25 152
21 161
26 224
254 163
4 186
151 186
30 144
279 57
0 55
246 221
144 53
267 183
189 121
86 245
238 199
122 54
192 199
94 243
192 75
157 286
183 294
178 42
260 171
77 140
121 51
31 222
96 91
223 136
272 167
125 211
141 96
99 34
208 146
268 156
53 50
62 22
78 214
30 230
60 67
14 109
237 65
179 223
164 159
266 182
64 5
60 199
117 249
106 276
249 181
173 246
229 184
68 214
30 222
33 207
275 129
152 244
167 95
116 242
147 106
44 18
150 24
240 176
38 43
207 237
284 223
239 91
20 255
196 282
183 76
6 223
154 93
18 251
54 71
156 281
3 37
63 181
170 139
240 185
168 117
177 111
32 109
132 175
180 206
131 34
189 257
292 255
155 74
157 176
86 227
2 257
227 63
37 163
143 100
103 238
218 22
32 252
104 238
263 125
134 73
274 68
221 180
24 283
267 145
143 51
94 157
99 221
49 126
124 110
116 209
290 220
54 274
122 116
52 75
122 173
273 102
264 212
164 113
130 6
151 193
74 228
114 201
44 29
239 143
294 277
64 150
67 137
298 108
277 95
67 256
34 128
16 208
192 297
18 183
234 39
166 269
183 67
241 283
243 13
217 162
109 224
9 118
294 267
181 197
154 163
74 200
168 231
163 209
79 121
238 139
190 28
276 35
33 21
133 127
34 275
86 191
218 216
230 50
281 47
16 101
189 159
215 88
207 293
59 74
63 121
295 290
289 87
43 104
72 215
187 286
107 22
1 78
101 21
197 295
30 127
220 164
4 176
109 177
159 175
278 139
292 168
228 171
38 260
243 65
61 213
263 255
38 87
34 146
289 43
20 210
92 268
160 15
207 107
193 290
22 273
184 175
6 265
290 27
288 175
125 193
220 240
264 294
130 11
109 195
140 96
138 78
286 131
7 96
76 240
287 191
286 196
144 120
66 211
155 178
256 143
53 79
182 8
182 166
222 214
256 146
142 208
143 281
44 246
74 279
39 154
158 38
242 140
148 216
255 148
283 142
227 2
269 94
73 169
263 216
296 37
177 77
171 193
142 296
276 272
131 252
154 269
110 215
252 46
70 284
185 93
229 16
162 137
59 164
282 3
17 242
286 72
221 296
35 220
203 199
147 105
87 288
161 119
238 31
278 113
228 213
281 107
243 100
144 201
199 6
220 120
212 14
193 134
21 10
269 265
293 138
50 249
168 157
12 25
231 138
260 155
19 29
118 287
48 176
205 152
74 88
131 21
158 100
20 237
277 290
124 104
249 175
146 150
266 289
236 17
240 199
179 64
85 236
13 119
250 186
34 201
154 92
43 251
71 299
265 193
29 143
114 28
3 94
149 270
137 242
122 222
98 21
120 80
247 245
91 132
77 156
91 126
191 237
8 230
34 212
117 216
232 252
256 241
160 189
187 194
154 173
122 150
239 234
127 261
156 104
192 69
194 241
10 208
265 272
176 130
85 23
169 114
198 155
147 163
253 118
130 107
18 97
107 267
84 58
99 56
63 72
42 116
126 75
197 252
74 215
212 93
162 198
53 71
224 58
30 159
116 213
172 154
151 206
250 7
4 37
194 145
228 179
171 213
279 143
203 160
169 17
194 108
17 140
188 117
195 131
188 105
154 210
53 99
51 92
199 269
220 59
203 228
113 287
153 207
102 129
185 4
134 66
245 81
7 123
191 151
265 75
171 289
242 64
234 189
242 213
202 81
119 42
103 29
261 232
240 189
138 232
8 89
130 177
194 227
189 115
126 0
86 187
165 264
270 10
208 54
23 90
104 60
219 63
250 210
138 293
100 106
2 250
86 286
177 178
188 141
232 221
152 0
197 218
0 15
213 180
22 122
274 223
173 130
65 196
187 4
278 183
34 294
166 249
0 193
49 274
137 289
110 163
6 89
294 178
5 238
23 45
194 214
64 33
206 3
124 17
263 124
141 45
20 111
269 174
43 267
163 220
232 5
259 74
89 71
245 170
224 252
75 197
173 283
194 91
119 32
50 148
129 97
160 173
205 49
289 267
222 217
185 79
237 155
38 249
3 235
269 84
256 200
155 77
276 38
25 90
144 98
141 210
181 87
62 133
126 127
61 174
264 176
69 31
81 274
217 123
147 173
17 236
38 130
116 172
33 75
27 3
56 69
242 190
182 85
27 153
24 192
3 105
246 113
108 242
12 109
165 69
141 81
11 36
224 131
30 96
158 31
93 271
125 134
97 238
108 110
30 297
63 157
205 93
46 256
256 7
276 200
82 192
247 241
291 14
125 31
94 215
144 200
72 251
216 19
25 22
168 283
297 237
180 299
122 90
208 182
82 241
106 156
235 220
77 119
110 281
99 114
124 153
2 23
206 52
251 82
40 186
18 15
295 212
59 23
219 49
20 59
7 184
108 2
92 31
165 285
250 18
2 123
31 189
167 271
276 70
6 96
193 286
189 226
143 274
13 34
287 31
281 25
291 238
84 111
284 136
56 115
96 253
56 174
256 204
204 99
128 153
27 84
225 267
232 174
50 266
143 228
63 191
246 191
74 289
27 93
78 266
130 17
78 217
108 232
106 32
94 192
116 298
249 264
121 120
198 169
231 155
52 105
11 229
294 234
293 234
84 61
72 20
102 84
242 193
119 243
298 128
176 107
193 153
118 31
182 132
295 196
211 70
37 11
37 130
122 97
292 222
192 294
5 276
28 67
126 75
295 196
255 84
67 16
78 87
280 281
119 143
111 162
50 286
60 272
256 109
70 206
100 144
149 64
32 134
101 8
118 174
235 282
122 107
119 48
17 6
274 183
259 165
192 13
221 19
121 199
291 174
262 92
70 79
133 57
269 288
78 25
59 166
266 268
19 271
292 110
168 30
128 102
248 104
111 174
98 293
81 173
252 188
6 142
99 248
72 71
207 215
128 245
34 271
90 65
198 96
135 217
204 126
153 256
274 112
61 31
192 222
154 17
174 50
237 186
116 264
142 244
268 145
199 238
251 64
252 233
220 234
272 58
238 64
168 163
229 36
43 103
252 157
56 179
167 30
180 28
273 62
165 126
69 102
19 138
14 5
219 17
41 135
25 212
73 164
268 207
157 154
293 110
139 196
108 211
92 180
159 39
192 37
95 83
211 134
159 136
32 51
99 198
238 92
93 8
109 282
200 33
76 274
264 129
203 16
267 39
220 299
154 147
286 33
111 220
190 100
98 155
60 144
102 231
188 2
210 128
6 40
150 22
165 37
40 59
113 106
264 296
257 272
126 293
25 41
12 136
112 113
235 253
90 103
146 214
185 30
269 265
270 287
90 218
155 296
112 107
142 71
57 131
136 134
24 74
230 90
241 223
47 94
195 183
297 31
17 26
190 50
144 168
211 128
261 191
91 257
232 231
261 128
271 34
94 192
43 186
192 255
261 85
141 177
47 151
62 152
287 164
230 196
274 151
4 31
184 65
85 257
281 185
1 204
248 80
213 270
275 253
16 295
223 162
254 84
298 132
47 101
28 20
22 151
20 143
14 214
142 38
79 283
77 267
169 166
74 90
225 170
22 169
205 84
225 210
24 275
277 70
100 160
68 137
202 48
89 17
73 233
255 14
76 230
238 112
195 36
69 198
105 126
222 201
282 187
70 269
96 138
229 237
221 276
282 214
145 166
90 45
218 130
151 64
134 83
157 21
194 57
145 18
226 8
182 96
56 196
87 228
298 208
237 30
0 258
234 213
60 73
257 200
2 167
297 23
56 7
225 166
30 199
122 178
221 245
188 187
122 283
27 71
298 200
269 13
278 236
231 81
208 9
196 278
107 80
285 197
23 4
281 141
63 195
171 27
259 211
146 24
49 0
99 253
59 128
213 138
108 18
283 157
70 198
221 127
23 169
29 259
239 257
292 96
143 260
248 286
219 257
232 150
291 145
27 17
227 197
8 256
273 108
147 234
97 22
280 82
43 287
198 267
84 79
152 258
75 31
292 199
62 272
269 39
123 199
250 194
287 2
30 242
82 235
213 184
233 38
84 98
69 25
248 136
105 72
56 20
101 97
54 155
25 202
254 286
79 174
7 152
138 249
276 23
209 197
291 37
275 129
291 211
175 205
113 292
61 102
150 252
57 262
169 198
214 55
246 69
90 58
295 142
199 45
175 29
216 111
6 17
161 58
143 68
198 175
95 22
234 268
258 158
86 135
253 66
92 134
180 127
178 205
184 22
163 176
74 122
147 93
111 171
16 99
283 210
64 266
166 76
87 243
92 51
278 165
7 73
102 210
33 167
39 266
252 14
164 208
298 24
213 35
20 71
211 76
57 81
13 190
226 215
154 110
265 141
233 30
267 228
247 69
65 169
33 183
8 227
242 202
34 46
217 205
153 265
165 90
222 160
77 191
10 105
186 215
16 93
97 84
81 230
135 240
70 87
174 135
181 140
6 158
10 278
145 192
43 114
261 272
291 25
251 265
41 205
152 144
37 195
291 246
209 109
49 106
255 167
104 107
27 168
203 100
212 221
24 279
159 88
257 182
174 64
206 123
88 71
217 87
172 3
178 95
294 159
292 255
130 260
218 17
115 72
189 242
54 256
214 178
187 230
103 267
134 176
115 198
281 81
195 217
20 157
127 20
4 134
33 63
193 87
121 197
146 226
116 1
283 36
205 158
91 208
290 131
187 13
229 290
234 243
265 5
280 223
288 120
232 37
117 183
34 39
267 169
263 210
19 145
97 8
22 127
148 28
282 112
0 161
2 117
135 98
216 226
199 80
55 122
168 95
157 261
12 205
109 243
277 237
103 69
223 75
165 282
212 227
12 3
265 168
251 210
90 167
228 133
156 227
294 269
75 169
139 242
25 214
138 143
290 182
152 30
207 250
229 126
67 270
62 186
120 152
177 284
243 229
233 289
162 196
66 205
156 197
21 131
231 61
22 188
10 210
127 297
105 197
119 181
136 211
40 254
281 91
187 44
62 206
289 12
214 23
64 94
135 51
259 131
59 244
181 148
189 268
261 70
267 249
129 112
170 169
67 62
30 69
250 214
129 288
172 254
289 231
154 189
115 137
239 51
175 284
5 171
86 35
170 122
222 52
224 177
274 293
136 132
191 50
126 255
142 18
228 92
10 1
22 173
256 278
2 57
16 163
246 168
247 130
209 252
260 61
226 135
123 41
102 191
114 38
249 220
71 41
195 79
204 61
100 136
8 1
24 9
67 148
16 290
56 200
136 2
288 190
180 137
39 180
236 275
187 280
93 140
36 118
126 62
207 186
282 131
155 130
260 249
145 30
15 248
11 52
218 131
188 2
140 91
56 241
78 169
176 285
183 279
97 276
271 20
168 192
196 69
178 25
200 208
228 108
76 234
149 171
120 124
29 26
263 179
243 142
123 6
116 118
159 37
13 132
265 94
244 211
156 86
273 193
162 45
153 152
0 196
232 157
266 26
287 82
231 188
170 263
217 21
174 251
210 174
104 263
19 284
290 98
54 287
121 87
158 82
153 154
137 194
15 170
169 202
271 254
25 192
1 274
269 63
138 199
115 91
237 135
9 276
48 159
196 248
123 28
236 228
282 288
49 99
285 11
59 183
244 226
150 224
56 150
152 256
183 259
77 168
178 225
42 263
148 5
235 115
80 136
299 287
72 89
11 242
284 126
70 179
107 190
59 115
97 10
241 137
136 194
67 271
1 189
208 30
154 113
46 88
282 259
271 189
138 4
137 75
6 273
181 151
198 76
187 137
114 94
77 258
223 25
153 201
202 64
44 270
180 77
182 107
57 161
12 82
96 261
33 13
200 11
257 102
10 153
119 84
243 75
11 53
182 193
170 66
68 135
155 106
129 269
119 155
244 208
291 197
254 203
250 214
246 86
252 125
288 266
288 97
178 71
73 55
214 254
173 61
150 117
213 273
279 228
177 286
38 144
91 294
285 17
209 131
273 194
81 7
197 93
14 41
21 158
167 296
134 161
105 114
66 56
61 295
198 118
198 218
287 106
168 93
242 229
261 178
90 246
177 209
78 0
293 108
3 250
280 108
234 122
54 206
18 245
101 100
166 95
298 248
224 199
242 8
173 181
207 6
203 81
161 77
178 275
84 29
69 114
102 134
21 125
15 121
88 77
235 227
194 210
18 162
17 152
81 287
187 78
243 176
12 65
144 173
148 188
265 42
157 159
140 267
99 96
97 135
182 136
165 161
285 128
51 91
128 262
166 261
30 201
183 251
236 270
289 92
79 181
124 151
247 133
33 118
150 56
260 278
14 154
13 220
96 20
163 204
142 75
172 251
275 155
234 200
231 95
213 181
146 34
169 213
147 128
252 127
51 118
50 102
149 130
14 244
177 117
67 281
115 199
257 259
126 275
70 166
79 44
1 204
210 265
139 67
258 15
296 274
93 42
67 177
100 214
101 294
297 231
121 55
167 0
262 74
284 50
237 70
231 272
201 292
236 271
281 247
105 162
217 129
94 252
262 214
92 143
49 35
215 142
138 293
198 111
170 94
63 83
37 219
168 125
32 122
80 64
10 198
44 98
278 173
285 212
154 2
263 200
267 132
118 115
153 2
203 165
198 275
42 80
192 45
6 219
13 205
114 218
282 166
180 90
18 30
88 222
14 194
279 33
281 239
235 266
127 17
211 93
167 114
54 25
67 24
110 249
71 245
167 89
147 205
107 60
14 194
144 286
270 103
244 257
95 31
70 184
199 122
287 168
287 212
111 270
82 48
237 221
193 63
35 70
252 14
56 141
26 130
179 54
43 173
243 249
296 106
131 294
296 64
293 278
212 223
150 165
281 134
44 228
187 291
15 178
186 70
22 217
83 249
289 191
167 286
278 284
186 113
163 214
178 148
241 273
122 198
160 76
288 263
241 88
262 188
211 279
65 157
295 34
140 20
266 294
2 10
143 189
175 232
212 98
167 276
8 213
105 95
213 58
196 130
259 113
290 268
278 37
58 239
64 36
24 69
181 270
186 230
197 254
275 33
277 116
121 181
155 121
276 41
48 59
152 237
238 162
35 42
147 7
79 148
38 5
70 7
103 213
153 264
58 155
34 144
97 158
217 174
260 225
224 172
202 257
283 213
257 92
134 229
257 262
178 38
237 249
30 135
286 164
268 17
38 282
111 249
251 298
275 237
87 66
116 110
105 192
178 17
163 8
195 104
204 292
53 76
247 103
82 2
59 247
269 48
99 12
285 127
191 128
73 89
233 51
88 21
142 171
147 93
155 126
171 33
26 72
160 55
145 274
187 200
239 291
123 258
113 25
263 81
287 279
148 197
218 291
174 279
73 99
126 25
51 83
271 91
136 39
141 160
273 194
281 154
249 53
3 37
48 224
252 170
203 223
174 237
88 170
259 60
31 229
172 218
221 215
73 256
113 207
44 194
154 220
237 67
268 182
165 4
179 264
64 70
75 4
296 197
5 261
97 267
255 63
64 13
250 283
79 138
75 233
171 82
122 14
215 205
90 147
1 41
268 16
211 88
235 107
221 265
238 272
69 54
46 265
186 234
265 65
47 68
221 94
282 53
228 257
6 14
103 136
6 161
134 280
52 3
23 278
85 168
257 225
296 177
187 84
143 2
229 77
86 198
46 13
277 101
186 32
240 206
130 30
172 297
219 16
289 112
8 24
268 198
61 230
173 5
210 232
88 154
4 79
10 217
155 257
261 171
114 77
115 166
169 19
189 69
222 209
188 50
81 118
42 52
117 63
220 29
145 262
265 169
120 165
224 53
280 200
102 152
126 38
66 278
52 10
21 85
8 17
33 270
133 96
111 173
116 50
116 181
178 152
237 7
129 7
250 157
223 66
216 140
245 146
243 245
122 63
194 295
31 211
92 152
153 161
150 86
73 184
225 148
79 172
25 231
83 233
247 127
212 258
59 216
263 125
23 274
65 19
258 129
223 15
227 115
253 42
1 130
236 298
151 41
116 150
288 142
101 65
242 21
104 113
108 211
205 81
80 294
143 47
179 20
65 48
298 102
265 70
117 194
250 260
170 94
170 22
236 217
232 240
170 21
132 133
49 90
245 209
132 230
232 9
143 179
205 226
224 21
193 185
96 174
218 287
112 233
117 218
222 125
246 104
38 276
170 66
159 178
109 267
22 122
233 74
213 25
167 165
292 73
92 55
253 102
25 299
141 112
241 63
242 246
296 185
94 192
178 219
144 249
129 230
141 273
96 272
100 145
176 55
64 48
86 279
150 273
144 209
54 207
41 137
53 70
259 287
151 197
275 218
295 124
219 63
40 227
63 62
14 128
195 92
167 14
165 4
235 276
266 67
136 48
187 139
257 110
189 177
3 101
110 105
153 108
231 156
294 264
102 289
24 108
237 5
141 48
232 288
152 72
91 139
5 222
167 220
212 130
48 114
268 297
14 78
90 26
42 149
166 101
203 81
263 127
290 21
44 194
3 292
101 86
184 265
80 192
282 27
155 235
112 67
284 35
64 135
153 1
272 293
35 14
34 257
216 261
298 60
235 283
220 57
108 173
272 232
256 236
26 281
155 22
256 10
216 98
131 183
288 233
264 116
102 229
289 118
243 95
141 285
235 16
157 58
168 191
184 100
287 282
66 120
15 296
264 123
117 143
226 127
120 76
279 278
121 48
176 243
123 30
25 16
210 120
32 154
102 53
287 237
64 291
58 55
247 36
182 283
68 184
227 285
171 284
268 81
32 40
107 48
130 276
53 7
115 251
37 57
250 129
275 114
1 83
175 79
206 91
177 87
186 124
90 245
199 289
11 149
183 6
57 263
19 90
236 214
83 7
141 291
139 121
146 228
160 212
69 85
136 134
274 37
58 88
227 141
266 31
108 135
67 277
243 288
123 156
168 218
287 6
88 62
136 106
243 131
4 169
265 176
41 40
152 286
77 149
210 228
57 268
87 82
289 214
19 243
246 26
187 104
186 45
144 78
198 212
270 38
241 120
165 227
165 2
279 239
216 268
217 44
276 12
128 53
263 224
79 118
106 3
295 234
79 145
159 140
105 54
283 20
158 286
126 268
37 205
288 189
217 269
240 48
97 119
92 279
66 297
92 39
296 246
206 190
135 36
167 135
287 123
117 280
234 143
73 94
75 70
276 82
271 181
18 41
74 168
143 183
139 178
270 126
30 116
164 88
285 147
19 1
289 197
9 269
202 18
207 282
122 102
273 69
162 87
196 152
273 108
20 235
125 257
111 235
75 59
55 291
128 32
42 143
203 158
254 20
116 206
256 47
157 90
299 123
126 94
292 269
129 239
153 196
299 262
126 84
280 27
50 178
211 112
165 299
212 92
170 247
282 45
294 195
171 260
286 143
246 4
284 280
150 194
254 200
241 239
96 111
119 145
215 254
131 119
63 19
241 255
139 58
52 75
48 139
155 70
267 216
294 200
151 181
143 53
116 231
213 229
211 151
171 237
226 211
219 58
247 295
58 121
77 56
150 50
148 17
174 97
207 61
181 263
218 198
258 10
53 263
299 40
8 262
239 268
180 227
155 121
73 127
292 25
199 274
297 107
298 135
85 180
171 101
251 162
134 32
206 155
125 268
235 135
225 44
0 299
14 174
14 98
121 287
87 178
18 73
203 218
237 204
8 134
228 57
195 155
79 198
234 153
23 165
256 9
285 110
275 260
147 67
168 42
167 63
231 202
198 122
228 255
104 224
0 57
248 75
139 225
228 108
49 10
65 38
290 238
287 122
195 218
69 45
280 67
87 211
204 269
187 178
183 63
288 223
90 61
140 256
2 67
205 212
18 164
173 16
261 129
270 52
255 46
53 98
250 270
117 36
142 49
17 64
82 257
255 59
92 261
269 145
218 58
262 79
256 151
126 174
256 14
0 245
83 97
273 100
42 37
77 190
272 153
195 35
216 213
112 5
32 238
23 180
277 250
144 146
86 174
86 135
54 186
268 176
43 261
95 197
121 56
263 134
186 210
283 114
32 162
139 51
88 256
199 206
2 50
92 144
42 159
219 180
144 219
60 54
214 191
289 269
27 275
162 100
5 99
33 169
96 26
194 239
88 159
141 57
98 134
55 130
100 156
92 3
275 252
76 105
20 227
11 14
212 290
128 51
179 213
157 222
292 52
104 191
8 124
135 33
171 103
57 145
208 173
106 132
155 7
2 190
148 41
46 70
218 30
100 296
28 148
229 99
94 157
185 37
247 271
180 226
273 155
84 262
158 281
45 150
154 250
172 192
218 227
210 70
32 227
13 200
233 79
0 118
298 247
83 259
106 7
115 110
114 272
32 95
103 155
184 237
199 90
20 45
127 32
277 178
222 175
248 57
216 231
245 122
87 188
185 102
179 278
35 61
187 60
268 228
186 113
31 218
94 37
111 275
7 266
34 156
82 151
191 116
156 120
242 180
114 213
192 0
202 30
61 172
56 115
224 63
224 204
117 161
110 41
46 285
179 166
67 7
240 162
242 102
133 78
298 292
89 255
265 29
93 32
147 243
157 34
156 58
167 45
269 70
190 282
279 287
279 106
298 235
144 166
167 197
38 211
212 193
83 133
85 154
271 130
46 239
234 245
151 94
166 291
213 115
121 226
215 155
120 243
185 144
151 126
218 30
257 180
106 55
32 96
116 281
88 79
135 204
167 13
255 167
103 81
5 89
143 192
175 107
125 179
276 182
52 1
299 228
110 217
272 264
109 195
265 229
194 33
211 33
56 209
268 108
248 273
61 102
64 159
145 30
243 249
210 101
198 290
295 27
289 55
102 196
259 167
249 3
52 250
53 291
196 33
103 75
59 30
185 9
210 53
213 185
114 63
111 22
65 172
91 160
120 231
275 170
152 36
230 20
152 261
84 269
134 144
214 19
138 97
170 110
184 261
257 68
36 217
53 233
252 264
158 82
46 282
127 227
21 273
136 296
17 14
24 33
233 238
109 216
96 11
225 82
263 10
23 90
194 126
119 224
186 146
59 107
156 105
148 272
256 206
175 103
117 237
7 233
0 175
252 169
1 83
43 285
135 179
210 35
8 92
233 71
31 259
100 268
132 263
161 153
290 274
226 49
95 1
115 200
175 99
277 172
149 150
168 152
58 248
224 242
229 187
102 40
157 213
2 175
203 126
266 208
244 192
262 55
260 293
245 85
234 151
125 23
155 295
211 241
191 216
205 91
216 138
269 37
225 299
258 280
131 212
77 223
290 173
128 12
100 75
204 120
129 125
182 262
234 272
67 51
144 33
138 118
135 49
134 253
197 104
204 29
276 31
125 101
45 219
185 242
26 208
178 175
118 296
230 54
162 108
241 23
24 1
165 137
244 216
162 163
299 13
103 187
252 25
221 36
145 76
91 94
5 154
282 180
49 122
240 177
174 81
3 22
72 231
11 83
176 78
90 17
240 132
270 77
29 47
252 32
127 230
213 214
279 171
173 158
176 41
80 88
253 28
64 19
55 12
209 81
33 259
129 107
14 0
187 9
9 233
288 106
251 168
117 169
126 187
239 235
61 18
56 150
273 225
55 136
10 75
138 198
51 164
230 210
291 41
48 176
199 165
238 112
199 268
2 209
77 58
158 24
130 197
173 93
121 221
152 201
7 102
278 267
9 277
289 207
57 248
290 249
45 257
222 269
109 83
46 269
84 119
135 168
140 249
148 102
278 73
260 30
212 182
186 53
114 74
38 12
21 201
129 66
98 49
100 225
222 102
255 135
27 299
225 144
177 128
110 35
12 223
193 120
140 278
2 75
89 286
268 27
159 116
130 127
141 111
191 31
55 279
34 263
182 2
179 187
240 142
161 81
55 166
137 205
247 109
141 296
299 67
86 150
112 19
11 281
107 60
92 1
114 141
24 249
207 138
116 44
174 16
116 83
81 29
218 196
231 78
122 135
132 193
203 263
97 33
113 293
139 247
159 270
293 242
53 167
38 213
142 286
11 14
256 35
170 296
25 24
220 137
74 114
196 3
205 172
211 51
195 215
15 161
159 234
260 111
19 56
41 135
18 66
167 15
54 46
91 42
60 63
199 143
177 282
17 166
18 150
135 180
22 145
236 96
235 27
52 27
220 284
126 87
237 37
5 296
133 53
140 26
187 199
17 63
120 124
200 194
59 130
228 59
37 151
247 46
132 9
69 252
290 247
108 233
200 172
66 21
254 243
240 24
299 3
57 130
261 257
7 27
273 172
133 127
145 238
294 174
29 169
289 176
295 168
107 32
212 145
1 182
164 201
198 172
36 293
155 136
289 136
67 267
269 98
144 218
26 145
209 207
222 267
268 37
118 120
111 254
108 85
8 117
49 279
78 196
266 119
114 139
295 100
154 97
282 163
229 53
154 101
252 210
21 145
217 115
229 76
189 27
276 45
126 272
82 283
88 185
297 296
140 146
191 279
50 6
61 57
208 292
79 198
299 285
177 3
50 214
224 260
262 67
42 138
21 155
215 50
51 39
69 238
166 48
273 226
205 13
283 125
148 195
143 77
277 280
173 210
185 79
108 123
142 154
139 183
52 106
254 275
200 105
248 20
217 175
247 162
231 103
0 12
171 93
181 245
236 106
216 117
60 153
261 65
209 68
286 164
175 86
136 175
98 241
147 116
228 54
55 149
235 126
179 51
90 137
45 225
148 155
251 220
54 192
162 80
45 69
190 40
241 243
192 93
113 163
163 49
239 112
238 72
255 99
135 5
126 15
167 147
178 159
62 67
146 236
34 157
47 100
163 263
177 290
215 109
161 146
132 159
67 197
12 113
239 233
26 279
247 284
169 224
201 191
134 129
20 36
142 80
24 295
140 293
26 253
280 105
134 120
175 20
107 123
153 187
201 81
149 282
282 138
123 98
47 37
136 8
243 54
231 210
217 207
63 141
191 294
293 271
164 205
224 253
194 41
176 117
17 257
181 91
89 193
154 201
25 287
187 121
132 74
64 164
298 155
185 24
72 167
250 50
16 273
49 18
209 131
176 188
191 20
238 62
254 4
76 85
68 207
295 19
60 281
247 251
157 67
273 204
44 290
277 255
226 189
276 76
93 126
236 14
51 195
159 246
75 257
191 272
5 226
183 181
292 114
147 10
42 264
105 120
255 104
112 176
29 100
24 268
90 133
175 43
221 26
208 168
267 181
32 232
110 241
226 297
228 115
167 283
64 1
190 275
195 203
51 264
38 179
63 229
185 193
135 22
17 106
214 147
47 179
279 204
203 215
161 131
139 259
238 222
243 208
131 121
232 173
201 117
82 7
292 194
248 216
273 75
9 298
216 138
27 12
91 81
184 246
202 78
207 81
255 241
63 222
43 131
139 13
102 261
158 130
141 145
225 25
117 118
67 273
288 87
89 8
87 131
247 126
225 140
284 0
188 98
230 252
137 256
129 295
274 179
56 55
275 29
242 228
14 76
283 218
264 173
49 215
98 39
202 88
191 162
29 270
116 45
162 152
9 54
23 5
220 62
231 100
147 4
37 61
247 278
154 165
252 59
202 276
286 210
5 223
229 190
57 10
48 150
216 182
207 53
50 69
53 269
61 129
186 174
292 245
208 187
155 66
256 102
107 63
67 273
205 42
245 124
10 101
241 174
33 166
50 86
33 198
201 167
222 26
179 98
275 133
201 13
221 287
78 98
149 271
252 140
292 194
166 269
108 62
47 241
202 161
177 14
236 8
176 198
144 88
227 31
184 97
297 292
142 132
297 147
27 281
167 178
14 208
266 36
185 243
269 33
245 270
63 113
182 95
57 22
262 44
165 53
14 42
185 285
160 4
167 138
8 68
262 12
103 162
259 128
211 138
288 99
79 50
212 172
102 88
87 232
22 166
1 118
271 51
140 124
55 127
126 219
70 2
31 282
181 64
57 5
158 37
127 130
44 72
253 150
282 109
43 200
89 99
175 26
123 199
21 18
58 62
140 167
197 86
288 77
74 19
190 255
290 248
68 142
78 8
155 140
109 175
240 54
94 55
26 222
261 284
266 186
41 15
1 62
39 91
182 148
184 297
240 231
104 70
177 0
49 188
127 128
213 250
138 250
58 174
10 286
153 177
273 192
240 167
52 122
257 241
164 23
76 194
107 8
223 0
165 109
122 285
247 126
72 5
97 287
127 258
214 213
186 168
132 283
131 289
51 226
248 188
101 296
166 293
128 26
99 105
161 231
237 232
144 187
11 5
124 19
269 59
216 205
83 54
56 90
111 298
87 206
47 204
183 44
218 100
123 167
163 224
218 83
9 233
238 86
255 276
198 228
232 136
289 16
18 192
158 107
90 113
34 125
134 71
132 186
31 294
172 43
68 177
251 86
102 294
165 204
20 267
157 18
229 142
46 280
261 125
247 138
2 49
283 282
24 123
22 299
214 278
167 267
168 92
246 201
221 197
20 65
77 149
114 151
220 131
22 20
164 143
139 117
120 266
157 217
3 107
162 92
149 277
29 93
244 203
174 101
29 195
273 131
275 53
196 270
270 159
299 156
64 110
89 106
244 77
249 180
64 115
194 291
18 236
88 82
4 197
53 68
222 144
9 73
182 135
15 52
261 235
134 139
108 263
276 116
128 23
30 205
189 203
108 33
110 176
120 65
35 271
257 140
209 126
262 91
257 18
236 181
114 289
280 203
28 60
35 288
16 223
177 237
230 170
276 267
274 163
291 139
150 140
272 146
34 118
176 224
165 104
181 97
60 79
96 113
141 160
218 39
197 189
295 278
43 0
159 76
275 83
245 191
54 72
279 102
110 10
267 223
166 284
118 243
278 140
91 293
137 48
223 102
119 87
191 215
253 284
218 224
17 283
115 179
83 91
25 51
227 4
150 16
36 297
223 198
82 135
202 269
161 117
88 200
125 144
270 154
71 23
156 127
228 22
282 49
175 218
161 105
50 234
155 253
43 118
184 43
164 93
59 157
276 120
163 233
160 184
241 6
297 232
44 239
277 194
100 74
230 54
118 42
3 151
262 0
171 11
139 99
169 116
296 218
68 13
247 83
62 245
217 32
82 22
191 24
82 35
284 203
81 216
261 296
2 117
86 24
156 130
187 33
108 158
243 82
55 229
36 205
21 97
184 279
15 110
71 179
181 24
9 36
11 102
11 3
74 213
68 241
111 128
233 88
249 74
9 181
190 86
73 153
202 243
13 230
241 101
58 153
162 53
240 30
74 79
128 190
151 85
2 166
72 82
31 72
23 51
262 37
183 129
216 40
268 199
175 14
200 104
12 295
105 292
126 110
129 95
279 266
111 57
120 60
15 299
105 121
215 130
113 76
93 253
194 77
205 298
208 46
73 241
42 252
109 64
297 36
60 5
262 99
257 78
254 285
19 38
268 293
177 99
78 123
13 55
131 122
101 120
160 40
45 26
174 241
69 266
182 30
17 225
93 202
28 252
235 215
178 255
210 211
118 225
167 215
186 235
186 131
104 268
220 114
156 152
44 278
195 220
82 92
146 65
154 130
215 194
292 174
120 15
130 29
223 221
291 8
122 127
174 207
145 189
233 172
233 253
290 278
175 34
110 181
21 74
52 110
72 33
281 229
141 234
197 125
232 73
239 113
148 208
191 225
178 290
27 122
35 104
46 72
28 97
55 122
3 274
296 86
124 1
236 128
78 26
168 267
45 25
1 182
4 10
129 98
231 132
13 251
64 105
231 116
108 234
25 39
4 280
265 198
177 283
71 54
47 204
296 186
0 166
107 217
237 293
47 254
192 124
273 24
28 217
28 102
56 186
213 16
60 29
299 106
33 199
299 223
143 219
242 297
86 125
221 226
168 243
2 42
277 174
24 211
59 12
290 170
51 127
184 6
298 54
28 2
60 281
10 190
254 91
225 17
273 145
286 194
43 210
222 127
62 179
179 288
232 123
71 247
21 265
187 150
94 294
200 85
221 35
191 166
149 82
128 189
15 284
99 81
197 26
16 128
213 238
234 292
254 210
104 234
116 42
31 174
88 168
3 169
18 130
85 95
4 24
153 139
145 73
6 5
87 56
82 83
158 286
240 161
266 31
147 193
56 142
270 22
138 201
63 296
120 19
69 82
112 203
44 163
119 7
113 261
274 232
35 282
236 139
154 180
104 159
72 155
157 209
163 287
0 38
173 122
221 32
260 83
256 282
89 18
91 266
28 236
125 139
11 148
252 158
278 184
23 193
7 262
55 123
156 277
64 187
38 67
150 118
249 157
252 149
224 123
259 61
27 51
154 164
236 299
236 202
244 143
171 33
252 243
207 1
281 33
130 158
263 42
20 270
172 53
239 292
215 252
286 188
244 274
93 101
289 147
159 128
74 150
83 242
214 225
11 145
230 91
195 177
24 10
5 223
145 47
131 219
69 139
31 148
87 228
268 180
134 75
111 289
22 166
67 298
60 221
146 51
209 89
179 84
90 2
65 58
14 32
254 255
297 136
17 95
207 204
239 30
85 266
94 259
221 42
92 248
87 143
119 66
86 69
254 52
213 275
198 249
279 71
70 127
240 205
208 25
42 191
76 230
145 56
112 163
239 286
8 240
216 175
49 145
285 2
284 233
234 137
92 197
179 112
160 189
281 204
82 116
3 109
220 156
273 281
95 94
287 185
166 110
234 66
260 255
26 143
49 222
113 155
104 20
242 101
112 279
202 18
168 249
182 75
177 5
184 212
55 128
293 87
109 217
90 226
68 151
273 191
60 41
52 101
212 287
253 92
143 156
234 287
141 110
14 214
238 49
80 55
284 194
269 292
149 223
163 182
61 278
97 222
217 13
140 60
132 145
186 247
230 68
5 293
250 244
127 197
182 173
33 201
15 63
267 151
227 283
124 38
203 121
251 295
212 4
141 176
280 226
200 23
216 105
214 298
176 107
272 119
63 223
219 124
219 6
208 105
121 243
137 142
91 238
268 168
138 243
285 119
215 98
291 261
37 16
185 194
227 272
133 3
83 98
277 71
107 86
27 127
77 202
251 44
67 158
111 147
128 65
25 11
219 205
297 289
224 15
109 288
154 94
144 248
14 5
122 20
77 221
2 113
276 280
6 239
46 202
177 113
293 62
65 99
284 1
285 138
70 108
142 248
261 253
55 190
69 209
104 91
26 103
217 2
9 141
56 230
106 21
270 120
59 167
85 166
130 120
66 85
251 122
54 209
13 140
52 220
23 84
170 144
100 267
299 1
54 240
54 130
265 85
60 239
143 100
110 2
39 50
43 96
161 285
227 4
206 287
286 195
37 14
94 80
136 269
50 174
289 192
193 83
268 101
61 251
183 251
10 189
57 195
41 269
45 13
21 205
230 187
214 259
226 209
32 191
258 91
85 195
9 274
220 2
288 134
168 29
113 172
215 160
211 37
221 56
72 265
76 183
40 227
141 212
8 133
224 212
56 19
161 182
162 26
191 49
100 255
76 117
232 0
149 49
30 118
261 234
269 264
42 198
276 176
83 63
214 191
25 81
247 207
150 224
223 171
239 276
279 19
260 98
238 1
122 212
274 223
260 179
92 129
295 15
230 191
291 165
298 3
65 147
77 148
51 204
268 26
68 261
194 117
211 177
146 162
157 19
91 199
150 111
256 57
129 130
226 132
226 69
91 191
82 155
292 30
157 33
3 156
128 6
72 206
84 155
117 166
226 44
206 127
111 194
180 71
248 182
44 196
144 84
117 259
170 296
157 183
178 240
72 201
263 12
199 257
9 31
39 202
276 5
172 209
210 18
11 169
0 42
271 8
28 37
287 172
14 152
152 84
8 134
285 238
48 23
201 275
102 259
272 283
73 117
88 215
156 256
297 52
223 134
148 107
159 287
15 93
207 118
282 163
242 282
87 24
252 223
52 124
276 48
145 80
156 151
204 151
93 163
252 278
89 233
165 241
108 180
93 157
2 249
125 297
29 88
257 20
168 45
62 188
24 82
179 52
227 194
88 175
91 205
144 29
292 112
227 208
149 62
23 28
17 168
99 218
132 149
75 125
78 47
35 246
291 107
97 299
186 83
158 290
154 108
227 170
110 152
11 251
232 93
93 189
189 69
211 85
165 79
72 245
183 102
83 246
179 46
288 175
9 241
144 104
91 121
76 253
294 210
67 294
147 161
177 93
67 287
294 110
37 298
287 249
55 271
140 105
155 23
90 28
25 141
297 9
263 128
133 294
218 271
167 53
298 196
297 187
31 178
174 27
218 68
29 198
50 235
91 136
65 208
61 225
121 122
32 58
297 71
70 11
168 170
22 46
35 199
296 145
292 97
158 150
201 295
235 191
253 224
150 66
220 288
210 285
104 275
37 238
13 181
157 147
237 288
75 61
41 219
169 39
25 29
68 65
291 45
274 241
35 144
260 85
86 230
151 154
284 104
142 204
216 18
4 181
7 204
119 87
265 144
187 82
4 39
116 264
20 238
63 243
20 218
145 103
246 124
192 101
62 259
103 190
115 98
50 153
151 299
263 41
119 267
285 32
140 131
294 285
27 262
268 99
72 60
267 109
249 159
123 197
124 269
154 140
13 41
53 132
113 246
96 47
2 193
226 250
215 136
87 88
237 183
61 199
257 91
43 247
78 184
269 202
268 259
92 24
105 130
129 226
120 53
43 138
16 170
31 58
280 208
282 0
168 14
103 71
191 250
95 15
62 60
60 207
231 163
105 94
267 238
52 78
192 67
97 165
247 194
279 209
23 130
126 292
74 161
131 282
180 213
289 63
157 99
138 255
181 41
255 285
11 184
234 184
255 257
111 128
33 53
215 42
92 253
43 103
188 79
241 183
54 10
56 197
74 150
23 209
242 105
126 40
173 120
258 253
117 100
84 30
283 265
120 22
54 185
232 281
185 266
286 277
133 190
41 163
280 192
145 111
140 191
123 282
158 197
22 241
155 70
119 142
68 142
233 274
269 102
221 238
142 206
192 252
50 108
251 58
6 255
214 208
279 188
65 276
205 14
157 173
111 282
172 54
94 83
181 61
50 114
36 266
190 142
90 37
269 47
117 217
269 222
121 130
102 76
150 223
270 258
192 150
73 81
31 61
84 54
21 165
188 122
187 130
118 180
3 66
116 284
147 210
79 261
136 78
41 204
151 33
20 261
285 30
84 272
75 32
157 19
151 75
96 26
128 9
235 41
111 246
69 211
196 292
175 107
96 132
85 238
82 135
73 90
20 94
66 111
47 31
199 91
39 224
182 117
262 279
210 220
113 228
152 139
96 197
33 288
299 200
281 0
52 254
228 285
180 106
299 145
116 175
259 164
27 67
240 273
82 57
181 256
147 104
280 191
186 10
14 85
102 246
26 241
229 239
121 175
3 198
141 282
291 293
148 253
49 13
127 57
13 46
289 288
82 3
33 229
197 228
104 261
241 265
132 195
88 60
21 44
284 93
89 36
120 183
54 246
125 299
102 48
200 202
127 289
215 54
109 54
121 163
156 242
86 126
275 278
220 108
37 152
208 145
298 204
87 71
60 240
84 80
102 113
61 49
131 230
283 85
225 204
183 282
253 274
250 139
126 64
155 184
279 125
127 71
32 237
70 191
173 201
143 44
88 136
192 263
9 115
18 171
124 140
52 9
103 246
169 228
167 246
34 256
129 19
99 125
182 292
6 18
59 12
236 30
181 165
164 110
0 267
299 105
286 18
258 146
143 20
74 77
73 6
100 14
38 56
96 73
62 229
270 48
11 190
5 243
27 119
111 210
183 163
107 271
72 22
120 269
269 210
2 280
26 51
205 67
31 32
230 3
187 52
276 148
142 112
2 127
104 75
240 136
78 101
172 101
206 125
158 29
72 203
44 206
117 258
288 183
165 7
267 163
88 45
53 22
120 205
6 1
156 264
254 0
220 76
88 136
262 209
76 281
24 63
161 115
74 128
205 1
223 201
74 56
61 138
99 102
201 239
257 56
92 171
92 213
31 0
192 188
169 153
208 10
290 278
288 81
264 177
20 223
243 135
117 255
153 88
298 13
61 85
145 274
272 104
101 21
67 40
196 0
66 295
87 281
6 275
229 206
78 205
69 37
126 102
275 13
178 289
131 177
293 287
58 185
87 259
183 79
118 168
251 135
26 172
239 210
175 118
240 146
100 124
272 226
128 185
207 144
18 215
189 40
277 176
83 219
11 127
208 155
110 219
107 250
154 211
167 57
87 53
186 187
280 284
262 64
119 268
139 109
114 55
294 117
10 131
185 125
188 61
175 51
51 118
251 207
175 117
285 265
98 190
12 126
155 257
176 139
33 62
130 95
275 6
169 270
167 215
118 106
145 27
86 273
217 96
149 270
208 246
243 63
153 282
191 145
179 265
207 170
192 222
133 35
65 44
112 4
123 126
222 97
189 142
87 220
228 186
69 91
224 286
261 259
231 172
263 70
239 168
178 41
225 95
153 260
122 78
186 61
237 2
90 264
212 185
156 283
52 131
250 261
229 65
243 192
219 10
253 118
228 126
195 104
299 288
51 278
33 54
209 30
232 23
288 282
88 0
30 227
188 295
167 138
33 143
157 153
69 152
270 207
110 96
251 29
75 107
135 163
223 169
202 39
168 0
15 25
58 255
220 12
160 4
226 81
70 13
91 259
194 256
238 24
271 225
32 282
140 250
74 61
146 61
172 111
122 29
207 267
140 67
4 173
54 106
115 210
140 216
82 220
54 65
8 165
80 117
291 17
181 162
33 248
119 34
80 143
279 100
183 214
236 250
23 106
114 283
190 69
284 138
233 137
118 86
254 232
190 274
200 246
22 72
100 101
238 47
284 286
111 203
256 20
205 186
198 197
48 149
281 135
51 31
156 216
9 158
197 244
175 224
103 200
48 273
105 182
214 80
172 249
57 131
293 239
161 101
239 159
80 261
270 236
182 227
184 47
67 33
159 179
176 113
84 284
195 170
246 272
68 166
226 287
195 291
226 17
252 48
241 138
33 43
183 203
136 258
191 34
286 198
213 111
247 223
69 60
119 116
91 144
6 177
221 118
289 267
179 89
285 98
150 113
231 294
138 31
230 246
14 121
14 15
22 101
34 12
156 193
172 294
118 231
200 125
287 137
113 27
161 93
266 100
33 133
212 190
37 78
194 201
199 206
278 62
18 50
242 180
209 191
85 192
245 39
167 132
2 184
2 181
71 224
164 247
99 24
7 211
163 216
209 196
38 129
5 136
274 102
268 158
254 208
177 272
34 149
91 11
6 236
28 19
268 245
96 50
79 225
256 207
15 240
262 89
56 176
129 210
126 199
209 53
257 36
146 15
84 114
67 264
89 179
245 125
34 149
72 49
278 37
23 9
69 181
238 154
64 284
69 100
58 8
15 29
235 285
218 180
153 161
298 251
130 135
131 62
57 225
226 205
266 270
44 149
225 11
183 16
111 215
299 42
95 23
9 263
68 255
137 211
254 178
260 172
14 4
267 142
161 115
116 66
209 259
298 273
110 85
118 137
166 43
61 43
188 88
4 85
8 274
114 259
30 10
188 108
131 238
271 172
246 119
251 135
80 120
4 100
102 51
120 1
208 184
88 101
227 292
181 283
174 6
282 229
26 259
17 270
216 11
40 210
168 58
216 214
122 30
47 296
291 17
270 92
209 9
132 232
149 217
151 83
276 27
107 128
234 280
157 256
199 82
46 114
185 107
102 267
109 16
269 134
253 134
37 167
265 241
78 82
226 141
281 218
101 167
290 9
138 24
228 145
176 1
23 232
275 209
37 34
179 285
204 218
101 179
243 100
171 225
285 283
29 96
54 172
242 72
3 248
47 39
139 295
216 136
63 141
290 274
246 43
191 110
118 5
294 243
293 31
252 83
229 257
5 263
269 4
292 249
158 173
203 237
288 163
55 23
16 102
157 110
27 13
183 165
180 38
256 277
150 146
74 163
96 297
85 189
227 119
218 20
141 266
24 273
63 265
36 22
272 262
256 12
139 27
164 5
233 39
135 265
146 9
119 87
255 202
179 279
258 120
217 233
186 116
121 213
122 127
8 293
215 104
129 20
49 256
120 24
188 96
292 244
96 255
191 101
125 1
48 0
50 33
263 182
231 183
260 120
68 7
279 101
276 229
299 56
274 6
280 63
191 116
98 147
56 225
187 43
47 111
80 39
148 133
119 149
142 146
104 71
97 163
195 287
276 61
226 128
2 4
174 163
211 278
45 142
180 281
118 29
252 51
164 23
249 132
237 266
125 280
161 93
292 201
218 153
120 102
254 141
96 32
256 248
163 142
264 37
240 173
167 161
28 104
220 28
77 180
101 43
293 116
99 177
273 25
190 197
27 89
245 151
246 103
156 73
136 89
78 6
26 156
139 171
155 2
292 223
137 119
119 224
3 211
83 122
80 21
174 94
258 114
299 231
69 23
108 65
146 274
244 137
187 16
276 263
239 191
74 84
284 163
291 153
250 179
135 277
216 113
33 65
185 171
4 14
168 59
99 215
218 85
262 286
131 160
93 192
91 258
267 295
59 108
62 141
290 294
139 208
45 241
102 207
216 29
96 292
144 165
165 95
284 3
234 231
167 234
211 173
290 106
292 15
225 224
40 293
198 192
295 62
193 233
54 232
221 290
276 111
59 204
132 148
94 192
183 247
34 30
184 62
106 80
276 195
102 220
213 230
96 56
252 165
223 156
184 145
287 94
159 99
241 137
236 204
214 149
110 19
20 149
62 222
37 85
4 85
54 43
161 291
52 29
277 151
138 229
234 0
219 162
135 137
85 3
45 225
166 279
168 72
30 133
141 192
24 151
223 260
194 2
14 78
138 199
247 158
226 36
239 49
246 293
234 184
97 165
67 11
92 9
41 132
203 226
43 15
272 221
3 200
198 121
176 71
293 36
286 193
82 152
31 287
10 268
218 294
251 164
51 139
163 154
251 170
254 67
276 185
26 257
288 273
118 26
206 2
266 244
175 147
123 95
164 65
51 283
194 204
84 145
174 278
68 292
106 19
84 130
179 290
47 29
210 88
84 166
199 201
11 134
1 138
119 143
156 270
157 49
179 2
255 222
126 103
211 71
154 110
121 244
206 214
77 240
146 211
63 123
280 249
199 289
273 224
212 169
259 73
154 206
205 54
210 298
163 207
45 38
213 133
147 203
23 22
69 159
78 187
91 233
42 280
45 92
280 283
112 25
191 237
88 5
110 18
58 167
298 5
217 287
171 274
0 225
251 108
82 283
163 7
293 1
134 93
77 31
290 37
252 28
81 250
124 144
108 61
45 78
173 292
48 71
231 216
160 32
27 257
94 53
198 5
296 293
294 140
241 272
297 112
67 284
6 216
14 3
218 87
142 298
47 244
286 125
149 136
53 260
73 106
291 83
65 70
173 237
146 152
80 194
182 52
30 94
251 292
147 246
30 254
293 21
204 22
138 173
172 224
216 278
201 34
269 145
249 265
74 149
183 105
252 67
122 254
275 114
197 227
293 86
124 199
50 245
182 51
120 15
282 257
244 276
191 243
100 113
33 240
113 181
51 220
118 74
280 48
87 13
270 126
200 202
25 71
140 205
58 87
24 298
114 221
175 190
259 222
264 197
100 271
9 213
181 17
1 230
17 274
280 60
296 187
216 212
76 17
254 44
106 207
242 178
89 6
50 284
148 129
127 145
77 36
101 39
167 177
54 290
279 40
44 157
186 112
80 268
245 252
211 143
61 74
97 234
268 277
163 232
115 107
198 161
182 161
186 56
53 228
143 14
195 141
204 150
243 51
61 41
188 292
141 152
59 56
62 89
190 47
174 285
278 120
193 235
226 91
78 147
199 31
292 289
170 232
157 44
94 219
182 14
199 93
218 159
276 16
233 26
59 75
188 147
221 184
53 41
238 59
242 53
283 197
71 93
174 213
243 108
257 236
47 12
11 268
61 272
271 168
298 228
51 3
169 295
249 238
40 199
230 271
232 292
275 2
55 192
131 30
187 159
265 170
52 252
15 213
279 273
204 164
201 27
158 121
84 32
293 250
245 40
270 34
200 43
4 168
23 29
81 242
191 49
161 223
110 100
91 225
58 33
199 147
107 244
181 92
127 219
284 178
192 81
276 175
163 162
157 292
63 181
243 248
255 69
219 155
82 237
190 192
147 225
72 276
122 109
171 4
124 292
210 216
149 45
205 224
152 233
36 16
28 139
48 109
222 297
262 94
272 71
299 193
2 178
166 112
23 177
39 65
33 8
242 265
271 177
266 209
246 264
235 198
204 211
122 88
96 169
252 209
19 255
287 11
268 90
145 152
79 109
198 15
181 100
247 42
234 259
287 200
16 81
66 75
129 273
285 159
244 236
99 138
131 267
216 233
174 187
34 158
282 152
193 70
289 18
104 94
11 276
149 108
290 28
230 27
211 280
170 168
0 127
40 150
36 64
231 276
70 75
234 18
251 0
27 282
119 212
274 226
260 41
260 298
149 220
232 292
294 108
38 262
282 198
155 105
133 167
49 180
81 218
68 142
229 238
32 168
251 13
46 284
139 65
232 225
196 295
48 74
125 219
171 290
273 52
91 87
297 22
42 84
237 50
207 228
299 263
143 232
18 51
293 51
0 64
54 234
40 50
160 16
135 188
16 144
260 264
222 9
207 194
40 14
85 281
263 228
183 54
47 34
182 251
243 131
168 259
31 227
206 165
246 110
58 266
212 235
222 139
236 33
68 289
259 125
57 140
276 235
0 201
210 7
231 123
5 12
13 37
251 172
266 289
75 91
68 199
287 161
139 230
62 198
184 88
85 230
117 112
294 277
236 137
153 57
92 190
24 6
72 137
117 10
294 220
144 66
289 282
67 92
176 53
251 57
225 259
204 184
109 23
2 195
239 262
163 235
26 52
62 15
299 169
106 255
58 267
184 95
235 187
4 267
240 44
98 216
261 10
234 265
131 41
150 100
292 106
254 45
79 294
10 158
137 54
35 123
137 64
37 3
175 75
46 70
254 295
83 185
114 249
172 255
77 48
26 135
37 159
82 280
35 163
190 17
271 123
124 295
160 254
117 288
238 246
278 159
273 43
178 126
108 214
105 298
47 136
174 112
132 290
37 289
218 157
238 163
240 126
151 245
278 72
249 51
134 77
15 229
244 115
1 101
107 111
88 150
185 233
294 288
60 191
207 159
99 258
153 293
24 230
38 90
96 192
121 232
223 106
115 196
24 207
19 18
70 228
45 172
40 142
78 206
165 129
39 0
153 168
155 237
106 294
236 207
98 161
85 271
159 286
291 117
241 92
41 149
125 201
57 194
203 88
181 243
217 4
44 258
254 154
52 197
278 64
273 81
64 92
207 129
120 22
237 101
22 210
245 16
176 248
250 275
269 235
63 263
58 203
247 229
228 116
251 209
264 21
136 28
294 233
4 85
18 20
155 138
26 90
35 82
167 40
44 141
204 201
63 57
241 196
246 249
138 289
234 94
163 259
206 235
158 192
218 248
72 261
6 43
259 189
135 213
215 223
259 215
260 186
205 284
227 162
3 280
224 24
115 177
85 130
248 31
129 202
13 68
92 155
40 43
198 246
149 209
93 52
56 175
276 154
201 189
22 8
61 249
27 128
131 270
129 253
158 97
59 34
12 186
24 172
138 77
29 20
24 292
70 76
190 145
55 289
131 297
275 121
17 5
68 208
125 162
18 244
9 217
50 4
286 94
16 131
59 74
253 217
6 273
291 95
128 270
98 146
41 186
231 274
0 43
294 260
133 23
165 22
93 82
248 273
153 70
118 130
181 284
227 102
164 219
57 181
230 48
77 232
186 173
21 187
174 118
131 251
211 64
197 43
93 165
117 160
36 68
87 221
173 168
271 177
155 143
230 112
176 73
267 167
163 30
298 175
2 54
259 182
165 141
282 203
48 104
246 258
250 290
297 57
80 161
226 278
51 69
180 120
161 1
93 249
95 52
78 257
267 244
175 142
65 64
12 104
168 73
278 82
81 141
20 105
164 93
292 181
107 225
60 143
90 40
212 220
81 192
84 81
256 222
296 166
4 41
119 223
108 147
23 188
150 205
102 297
264 174
165 15
84 248
153 123
30 194
6 28
245 129
119 177
259 229
292 24
192 7
171 149
275 283
160 1
179 245
30 228
127 64
280 199
200 50
105 100
117 295
253 80
1 130
94 98
179 274
54 2
212 284
246 272
47 70
148 57
289 135
132 211
204 120
23 38
266 38
206 223
94 48
215 264
106 299
200 3
142 238
266 35
248 112
258 288
81 150
3 271
290 49
225 40
248 110
144 289
70 136
59 215
38 197
40 285
50 22
105 68
95 184
252 141
200 93
161 116
294 286
187 161
20 129
122 237
225 67
104 174
79 259
232 60
117 141
53 249
208 73
159 12
291 178
145 268
60 137
34 35
247 36
168 260
246 177
92 137
219 244
31 102
117 168
166 134
221 175
198 281
117 201
43 241
194 87
2 258
263 136
64 126
28 38
205 292
266 102
22 188
275 251
139 248
87 96
206 97
81 161
246 256
119 27
124 250
124 283
154 12
116 170
227 28
252 216
197 96
109 38
72 71
26 79
260 30
184 33
42 261
164 280
88 112
21 202
140 72
161 158
211 235
101 51
155 170
227 125
154 187
96 166
158 228
223 298
122 276
115 93
251 166
82 156
235 15
10 48
184 197
225 242
27 261
216 170
262 114
98 260
182 209
83 33
252 108
147 225
253 282
16 171
120 174
194 48
98 106
278 39
232 134
36 180
156 108
130 175
167 245
292 287
139 86
281 109
1 284
232 25
163 190
124 236
108 298
292 268
209 18
233 32
87 166
160 180
164 165
142 6
102 131
121 265
111 49
285 88
110 269
29 213
115 298
49 31
147 160
201 261
52 14
222 77
190 115
109 281
8 223
104 268
106 140
206 239
173 135
114 210
111 138
81 44
247 128
209 26
184 179
53 245
182 126
217 2
292 286
74 282
97 270
67 59
10 266
125 137
229 93
186 124
83 234
33 291
47 138
102 27
105 39
107 22
270 194
22 86
155 19
242 19
59 69
232 164
135 39
269 27
218 24
176 173
123 26
61 184
188 47
174 232
270 82
132 218
38 153
116 194
268 225
241 207
194 21
2 111
289 244
260 257
103 215
94 237
69 238
149 114
45 70
237 147
286 195
299 256
86 45
103 30
47 234
88 185
206 176
139 77
141 235
162 151
118 169
71 254
157 205
173 261
91 87
237 225
232 89
110 1
112 184
103 150
88 293
190 104
166 181
38 20
235 180
143 263
207 183
286 254
171 45
215 25
135 164
4 279
158 168
189 158
121 80
186 121
55 206
14 226
163 135
50 244
27 289
257 140
203 66
275 53
28 206
140 109
295 191
154 292
267 231
143 101
82 169
108 63
66 253
89 130
253 139
163 112
226 144
122 111
144 176
239 81
23 62
184 117
35 88
259 163
7 254
207 254
216 142
91 280
1 61
260 160
267 282
290 261
57 169
214 269
246 148
13 6
218 268
68 208
241 258
78 91
166 118
56 126
105 71
58 176
61 270
264 60
266 152
16 219
12 47
205 299
120 38
51 84
233 92
183 286
17 202
173 215
115 64
57 37
201 241
23 38
234 186
42 264
194 135
287 56
23 276
25 203
130 258
83 95
244 256
86 275
20 35
284 81
222 220
264 286
283 159
139 143
24 39
129 199
210 271
166 73
95 105
193 142
244 100
275 182
179 53
40 77
97 283
266 137
131 118
33 64
191 156
14 260
9 205
102 70
258 126
281 36
235 22
205 140
66 229
99 271
282 193
17 79
68 248
288 280
103 90
234 189
6 193
128 53
25 10
55 38
278 143
225 179
240 268
218 239
118 71
199 168
232 136
32 77
103 79
128 256
107 201
159 206
112 220
126 180
266 256
240 18
115 75
80 254
289 144
153 43
149 40
28 94
242 132
87 91
8 258
138 122
104 111
211 249
296 176
34 101
222 119
97 141
74 97
98 289
150 109
250 30
188 291
69 225
88 52
260 249
224 77
240 36
152 159
18 176
239 63
268 44
226 175
217 268
167 180
71 298
192 127
167 17
280 31
235 195
36 165
74 243
72 8
48 245
264 131
171 186
200 107
34 52
66 200
291 213
113 287
210 77
274 115
63 55
250 225
265 118
261 21
264 4
14 61
187 224
234 194
164 16
276 63
297 19
64 262
218 21
297 292
216 91
235 83
275 127
256 218
126 79
134 204
286 256
42 207
10 164
88 106
10 198
221 247
135 36
267 145
179 114
178 234
211 219
105 117
121 115
141 16
299 39
278 18
153 135
25 14
218 110
276 45
136 50
161 23
215 36
251 95
162 144
238 108
264 241
271 35
152 193
230 184
49 47
281 171
274 87
86 84
97 233
212 160
133 148
140 112
228 62
271 102
89 246
32 77
65 42
291 41
289 291
261 205
76 149
60 2
235 117
243 123
16 169
178 163
84 53
65 25
192 267
223 148
0 27
78 97
256 121
107 227
17 107
190 77
14 200
29 41
183 119
7 207
37 225
18 4
284 142
182 46
140 259
230 267
126 196
50 2
295 181
195 276
60 45
293 173
299 23
2 238
66 49
82 110
135 268
208 209
161 128
96 165
189 102
156 112
161 297
145 253
248 24
279 220
176 293
93 190
77 280
231 164
31 295
112 281
117 228
31 232
267 167
232 236
153 265
79 283
33 12
87 44
18 125
227 41
77 212
200 145
47 49
75 198
54 27
6 216
40 56
86 292
85 264
239 191
206 125
124 111
159 69
201 69
137 259
101 59
127 202
138 167
17 272
15 12
219 210
262 82
93 119
143 76
13 279
39 14
8 143
120 195
214 77
12 17
66 127
65 188
115 128
289 111
36 11
123 119
19 271
219 180
41 105
3 1
250 265
53 54
275 187
0 215
1 270
238 212
28 101
226 254
13 37
45 182
104 22
92 178
66 226
184 151
40 244
96 273
57 103
26 231
143 89
105 127
99 216
118 79
158 219
223 110
52 267
79 120
43 57
268 87
127 270
290 19
46 179
260 56
232 288
162 226
194 12
255 128
49 278
87 57
204 180
109 219
190 119
9 159
195 239
273 277
49 207
125 132
161 252
134 168
261 193
39 122
253 225
214 212
156 295
167 117
89 234
155 229
197 93
283 48
128 199
47 258
118 59
24 207
90 237
294 254
261 111
75 28
36 87
145 295
0 236
4 11
202 243
34 143
190 207
220 75
169 266
47 231
290 270
223 135
257 118
65 174
192 156
95 217
97 103
128 54
61 202
251 219
207 235
210 14
197 158
54 51
140 124
240 56
86 94
248 7
258 161
77 199
262 157
182 259
88 19
81 22
72 220
117 21
11 185
163 51
133 136
99 39
8 16
14 66
140 261
253 175
285 81
143 120
173 0
160 10
267 100
225 75
278 251
55 129
253 130
96 115
20 233
141 47
297 16
64 101
127 151
181 61
48 20
110 170
120 119
97 201
66 57
54 58
28 65
23 77
168 74
202 34
286 120
252 0
271 39
85 221
99 249
200 217
249 292
46 239
299 66
274 128
29 168
120 262
167 220
32 166
12 235
218 296
77 282
224 3
207 42
298 176
121 19
244 69
262 216
9 291
161 119
127 291
34 208
100 198
232 219
154 29
53 120
179 34
6 275
196 80
103 256
72 179
170 22
164 79
213 266
252 250
102 278
148 137
56 181
279 59
87 202
263 108
221 192
153 131
267 39
144 111
245 40
212 111
142 31
181 132
268 184
247 204
284 197
107 109
156 283
137 163
37 276
250 201
19 134
69 37
183 53
40 217
135 58
24 150
68 262
9 12
183 49
42 276
53 118
75 8
87 260
209 290
27 259
293 15
79 210
143 134
198 193
215 221
64 233
218 161
264 105
218 279
18 86
43 56
295 262
128 83
241 209
173 248
221 25
102 14
176 173
40 35
140 39
18 88
95 260
158 19
192 183
107 273
36 94
203 110
203 211
157 66
75 105
100 72
265 52
10 248
26 213
125 251
299 228
187 63
21 206
111 239
289 84
215 115
275 138
58 99
52 190
1 112
128 71
14 50
14 173
287 16
182 206
103 249
62 67
70 298
165 139
218 299
155 232
114 68
237 298
101 87
289 50
185 21
104 259
236 255
101 246
149 273
159 112
216 161
82 116
115 260
64 98
135 33
68 114
191 279
37 270
219 91
135 299
148 289
114 149
295 299
93 44
39 98
37 73
1 30
246 280
293 189
131 63
8 37
139 40
241 33
14 70
298 236
298 139
198 83
113 1
40 223
145 168
99 188
105 294
126 288
165 161
166 284
117 50
231 92
124 268
287 122
246 81
185 160
104 150
194 68
240 40
223 122
55 214
104 154
108 258
260 167
120 52
269 51
104 271
60 279
149 33
289 58
298 246
185 221
298 137
169 268
136 290
171 288
93 203
267 207
44 101
253 212
289 92
0 127
102 221
183 93
291 240
16 88
240 60
148 258
259 89
65 85
199 101
291 5
153 136
196 123
147 222
13 139
299 122
226 104
165 137
289 285
11 73
209 108
159 4
94 190
164 22
156 157
182 190
39 152
212 63
24 247
109 165
53 173
106 35
196 121
71 67
56 264
152 46
75 41
26 104
122 118
280 299
267 298
69 218
72 180
5 88
56 26
64 214
169 244
241 175
3 88
123 50
200 251
198 81
271 12
275 66
69 271
179 195
134 3
69 189
5 226
64 173
246 81
234 62
15 52
286 169
75 84
84 98
160 255
200 280
162 84
81 157
35 104
37 245
26 151
244 253
17 125
208 142
99 103
279 222
40 156
217 281
72 279
90 1
234 184
159 101
136 164
34 164
155 16
51 287
8 245
26 240
138 37
175 15
210 103
217 26
113 35
119 203
78 249
199 59
203 254
155 42
60 208
210 183
65 32
49 2
137 282
230 158
246 144
269 118
171 170
21 258
10 17
212 181
222 183
52 146
70 103
76 172
121 13
59 148
261 175
10 127
238 47
197 130
75 108
169 269
41 61
155 15
205 23
247 129
167 140
228 289
265 292
79 195
205 214
128 18
225 213
175 231
44 231
114 81
97 196
11 17
263 69
129 284
132 75
24 209
256 200
251 71
138 117
171 72
226 158
35 34
110 219
187 185
14 93
242 290
105 262
284 54
38 183
188 71
87 183
33 235
79 297
204 276
74 260
269 239
286 73
207 140
90 291
174 255
9 204
266 28
137 128
49 259
30 92
109 139
144 267
28 159
170 70
197 52
154 131
142 18
182 194
254 41
121 209
89 189
119 251
28 16
284 34
64 14
268 95
250 253
35 158
87 94
64 81
248 183
274 249
14 27
254 265
106 153
116 217
30 154
24 219
280 234
104 130
144 32
157 29
170 73
55 42
95 177
11 278
226 80
94 93
126 217
244 185
132 38
281 123
158 56
60 238
187 22
294 60
111 154
41 240
203 173
13 207
160 246
108 120
159 186
209 66
175 33
83 229
233 172
262 118
9 247
64 97
192 61
2 234
37 183
172 263
3 45
203 192
231 75
161 162
269 77
90 195
282 152
169 37
188 86
77 206
246 255
183 22
213 197
25 12
41 189
84 95
160 246
293 199
189 106
252 155
254 93
138 291
246 52
30 247
283 191
107 271
51 31
126 83
43 155
296 138
258 195
286 278
65 165
25 192
2 9
5 60
285 193
262 46
121 187
163 151
248 229
174 130
171 202
233 223
80 168
168 223
55 242
283 47
5 104
242 7
245 184
191 245
244 5
69 149
150 159
173 158
142 159
299 212
272 187
85 173
35 64
141 38
267 226
192 82
103 197
207 212
296 269
84 107
113 205
164 107
279 298
60 30
283 253
249 73
104 130
239 40
252 156
254 67
115 152
215 273
211 123
274 211
20 112
74 108
14 179
44 58
41 269
21 283
285 168
281 96
197 297
243 272
171 92
81 289
23 81
49 275
155 239
235 152
99 214
126 95
147 165
114 54
16 264
119 170
177 268
60 129
17 228
229 52
261 240
63 3
185 282
215 253
95 275
12 82
11 278
136 203
54 189
11 65
197 119
153 188
91 4
257 131
108 48
23 270
13 164
30 242
123 9
63 28
173 33
164 208
38 247
203 271
140 137
110 151
235 201
59 268
71 141
168 190
104 297
84 129
205 148
94 123
182 228
285 206
170 9
295 197
256 142
116 238
171 183
84 94
215 76
298 72
264 143
186 151
10 67
229 155
198 113
213 47
126 43
101 281
102 203
214 65
278 54
260 165
209 49
30 247
177 247
153 213
199 72
38 12
234 246
220 207
232 221
250 238
166 220
225 87
142 272
202 214
77 249
187 6
242 184
12 68
288 44
56 111
297 289
117 191
276 298
186 230
57 45
193 283
257 121
157 247
225 290
159 134
79 31
166 5
79 297
257 61
161 236
17 23
191 145
274 69
201 256
219 111
153 33
168 56
179 87
2 25
154 72
19 15
84 17
110 128
164 172
119 46
214 98
197 61
158 265
185 260
14 133
108 101
131 56
128 88
299 60
49 208
197 50
181 32
273 43
187 101
280 185
254 210
25 231
177 172
275 77
8 47
242 75
53 256
128 19
21 123
208 119
272 63
6 172
47 156
148 6
78 227
83 96
86 1
294 21
142 23
34 272
63 167
199 64
212 142
1 272
100 222
194 245
121 196
60 257
71 171
141 119
67 249
172 150
116 105
20 99
260 132
252 233
54 41
82 95
68 284
272 130
102 41
26 77
49 20
60 95
108 294
115 95
111 242
121 248
257 24
107 105
53 82
127 209
25 10
122 30
35 180
281 165
206 227
219 131
248 63
96 117
138 212
119 162
180 14
101 13
116 56
205 212
184 232
278 131
183 82
243 166
37 107
60 243
170 15
166 138
9 299
247 214
30 58
101 211
263 213
79 233
93 61
64 87
65 265
236 30
138 280
14 71
152 34
68 59
5 90
292 112
113 32
260 221
95 167
228 286
168 195
202 47
40 167
262 47
107 18
191 258
88 101
18 131
99 171
19 167
218 264
139 25
173 206
154 265
297 295
91 275
30 61
110 225
39 243
190 77
201 260
10 89
13 189
141 216
252 94
261 250
83 166
230 263
47 126
102 295
37 98
192 216
293 135
103 69
196 169
8 111
62 275
247 5
71 262
27 179
143 137
28 257
204 94
55 281
126 275
163 255
292 59
172 266
216 25
285 32
104 18
133 264
92 199
108 129
103 86
58 161
100 182
120 19
5 274
96 18
100 20
20 242
6 31
117 43
79 126
236 9
114 25
255 260
206 54
26 279
155 57
127 232
182 42
90 33
213 35
187 110
243 10
143 182
18 204
169 284
203 105
122 105
99 286
297 120
267 117
67 226
146 185
80 124
92 91
298 248
240 92
44 171
294 132
98 126
190 256
20 289
128 184
120 254
226 76
223 25
39 47
41 109
93 143
200 14
215 121
62 180
50 7
6 31
2 48
4 294
211 236
38 282
1 255
233 1
84 195
169 80
100 187
136 15
77 239
183 280
130 222
280 175
7 34
118 6
25 6
181 20
137 184
116 291
24 10
128 202
3 27
149 131
115 241
277 280
6 24
135 221
153 141
161 136
261 99
256 70
9 267
75 62
107 27
107 22
152 196
149 54
246 97
271 259
58 270
203 128
131 215
163 237
107 23
213 4
288 103
42 75
111 220
64 254
267 150
41 9
75 133
173 180
192 32
57 175
243 71
29 266
165 123
172 219
45 71
23 59
49 204
278 61
43 102
39 224
152 132
137 297
24 75
64 119
11 172
173 165
264 6
283 278
226 204
105 42
230 252
54 88
39 29
101 172
168 225
121 13
108 286
88 99
270 135
39 17
105 42
98 153
49 92
189 6
84 162
115 253
53 170
261 229
16 120
287 37
89 187
273 104
1 229
163 155
270 157
60 81
188 159
9 224
245 50
79 171
14 121
100 290
283 79
162 197
218 41
12 250
207 78
136 261
15 75
218 99
255 107
289 93
71 191
72 233
140 255
81 111
22 78
200 260
143 106
128 234
251 38
207 47
273 156
155 115
24 82
159 229
236 167
271 131
14 226
119 0
84 221
171 147
193 252
294 61
292 268
4 161
0 118
287 234
106 14
32 43
36 201
295 123
197 118
61 31
68 15
263 99
111 106
199 285
216 47
8 282
286 11
184 285
13 194
76 190
163 158
290 292
169 231
107 93
116 154
8 34
12 79
153 6
251 102
30 151
82 200
164 108
108 55
234 36
38 82
270 77
229 218
276 196
65 223
293 196
6 95
154 220
299 51
242 123
53 179
27 72
194 99
205 25
29 92
106 225
168 233
119 57
282 227
21 259
79 262
269 281
150 154
150 0
199 269
274 37
23 215
151 240
76 289
152 43
49 138
79 213
134 180
21 52
248 177
282 155
170 120
134 43
209 195
28 205
216 252
270 95
153 42
78 129
56 254
42 245
284 8
251 28
256 110
94 299
84 203
55 205
24 115
132 270
208 123
223 284
241 34
59 135
155 95
182 174
136 8
153 285
190 223
144 53
285 238
109 105
203 168
280 266
94 178
178 283
62 55
111 172
14 275
155 128
92 225
72 3
78 96
192 259
104 60
36 137
7 116
277 265
174 97
175 8
62 10
121 9
34 146
165 231
42 207
130 9
236 5
4 78
58 121
231 173
285 230
142 299
95 70
133 39
44 270
198 137
235 155
236 287
86 53
221 129
107 265
7 105
121 193
103 293
227 71
248 213
66 75
17 196
85 6
195 264
3 7
154 78
30 9
121 165
235 283
169 0
42 71
120 99
88 168
156 138
287 33
250 180
219 195
136 211
225 61
188 100
5 158
93 108
2 103
56 105
198 145
39 101
159 164
204 182
174 196
66 297
270 49
30 134
27 55
249 92
251 138
227 236
22 134
233 86
52 124
83 277
289 103
180 264
63 26
104 225
19 199
284 99
142 17
155 222
158 216
139 90
189 150
107 267
135 292
49 114
294 208
202 232
216 286
39 162
110 291
51 39
62 159
256 9
299 269
133 90
100 181
114 34
260 169
162 279
140 87
211 267
24 135
71 36
257 48
16 4
46 3
152 8
88 128
282 9
52 172
53 1
104 18
235 233
237 190
39 107
258 251
29 82
0 75
149 11
161 117
161 14
280 196
205 147
236 231
120 8
60 231
133 209
160 126
66 214
275 152
83 104
151 267
24 180
134 70
81 286
64 180
100 223
213 261
220 130
251 229
137 249
198 220
190 147
186 54
86 176
254 258
204 67
174 195
67 41
121 93
64 152
103 231
131 79
278 120
44 86
136 289
230 221
150 167
59 81
236 13
229 94
54 11
26 150
73 234
227 153
229 136
60 154
37 107
33 189
5 185
78 149
270 172
8 70
263 295
260 240
172 133
43 53
286 20
220 45
241 240
146 241
273 240
91 240
165 280
282 226
145 284
296 82
10 15
19 249
34 131
23 104
186 69
145 115
232 152
15 208
55 211
282 249
16 28
258 144
65 18
57 298
73 205
139 47
66 94
57 169
3 49
283 267
29 66
21 259
176 66
42 80
106 142
249 272
233 96
156 92
146 211
90 98
114 116
81 281
98 47
128 138
47 8
112 114
18 296
175 66
267 276
285 101
65 93
280 220
256 257
44 112
36 283
165 111
239 209
13 251
242 104
40 154
219 49
7 5
285 173
154 184
103 192
176 218
119 23
168 141
149 107
172 115
56 11
194 220
13 199
171 209
94 24
20 120
246 56
56 125
217 171
119 227
113 261
38 99
99 120
158 51
252 258
79 183
298 299
69 119
96 229
105 248
61 162
124 292
233 249
297 268
225 106
203 190
258 73
39 31
124 278
152 283
78 155
273 22
293 298
25 246
227 277
90 199
134 276
209 218
45 143
219 264
32 14
106 278
289 224
98 69
201 104
285 255
249 21
122 230
106 79
296 244
142 37
131 56
270 41
230 125
169 53
174 108
101 17
290 114
11 35
184 238
58 55
275 228
263 273
251 138
142 20
99 182
266 87
55 76
271 220
153 218
52 176
151 233
225 115
133 182
75 169
2 131
37 281
35 240
172 122
25 196
82 64
158 100
63 141
280 62
249 26
177 252
60 36
138 108
155 63
213 145
255 151
84 158
101 23
52 225
228 118
52 102
84 252
25 93
139 100
67 93
216 136
229 74
80 30
160 173
200 212
266 15
66 164
142 211
12 136
125 214
20 205
96 226
214 134
237 117
114 71
21 96
22 253
51 128
44 233
162 125
50 101
26 200
57 247
159 173
106 230
296 80
160 82
58 59
123 38
89 193
61 8
131 291
58 76
25 205
48 270
108 165
258 148
101 299
129 290
98 290
279 262
266 83
103 239
115 286
11 121
95 165
20 294
167 294
54 180
206 210
99 129
32 57
26 63
107 187
24 272
244 38
94 19
44 125
234 190
53 237
137 199
104 31
229 238
55 85
218 211
128 29
137 74
67 82
118 275
32 100
95 80
161 215
57 79
199 208
99 154
80 81
122 65
283 292
210 69
73 234
118 2
234 59
168 85
172 5
178 276
14 107
57 260
259 283
209 60
4 101
85 37
78 273
105 215
291 172
244 8
172 98
148 8
26 223
240 74
94 278
153 263
12 60
124 288
75 218
90 232
130 81
106 144
98 200
45 278
136 216
28 272
72 62
62 252
143 61
93 215
276 275
122 110
179 244
200 210
289 207
209 145
107 297
202 206
195 159
291 277
16 57
183 118
28 1
160 27
124 105
64 172
279 54
170 220
298 200
146 175
53 104
260 264
249 155
63 64
233 47
76 23
119 206
197 144
286 185
251 219
221 112
111 170
203 123
239 35
43 176
255 127
3 129
22 79
285 147
206 17
258 260
115 122
116 88
124 148
196 293
293 115
85 35
221 204
275 38
287 148
10 138
198 22
133 172
18 174
264 182
162 257
86 187
121 157
145 136
111 259
155 35
122 5
232 282
244 288
90 185
34 8
194 99
13 82
77 194
246 127
47 17
143 74
294 86
244 7
202 54
165 175
11 180
92 256
136 124
296 251
149 153
238 136
238 168
48 41
19 252
35 241
274 4
7 87
241 72
268 202
286 211
0 228
199 146
177 142
264 238
279 270
292 247
33 298
285 5
210 158
148 267
110 279
101 161
157 146
291 226
187 212
115 232
127 66
55 277
168 100
91 195
66 130
108 163
156 231
99 50
236 200
92 187
221 95
277 213
191 70
214 96
77 293
67 140
152 137
110 185
255 237
210 233
13 197
271 145
124 74
254 149
117 135
99 224
236 74
167 82
3 15
293 255
207 297
84 297
51 115
266 269
96 210
103 165
178 172
241 258
45 96
117 65
56 287
235 113
146 89
105 21
275 230
16 258
219 122
70 150
38 36
252 203
72 92
7 131
180 295
10 51
119 110
233 103
82 276
181 26
140 135
105 234
12 155
41 49
215 263
90 296
148 190
254 130
286 247
226 68
282 27
21 107
193 104
150 11
142 98
119 30
262 224
84 182
271 179
190 105
205 55
48 120
151 20
156 20
290 31
157 285
123 159
279 81
7 281
248 65
211 190
163 229
88 11
189 214
63 94
32 102
42 6
215 65
90 120
208 259
115 266
126 92
274 93
86 185
263 201
23 129
251 39
200 265
26 111
274 237
227 33
79 7
71 74
59 87
254 2
266 100
274 178
126 24
187 139
251 157
242 213
96 88
129 218
84 176
277 97
80 213
215 8
36 233
39 193
34 70
241 214
241 13
28 11
234 227
179 284
42 157
148 56
3 192
39 238
255 201
102 4
198 266
149 52
193 233
286 158
56 200
118 274
126 105
193 124
257 290
49 116
66 60
62 128
32 63
155 252
179 101
206 244
131 140
162 205
58 225
143 47
17 170
265 120
113 101
176 204
285 267
71 83
119 15
256 162
14 20
157 43
115 97
37 103
103 101
94 171
278 69
225 148
230 54
160 281
277 171
75 12
276 166
221 64
142 177
162 160
104 197
145 183
140 200
173 44
246 33
21 92
206 207
65 85
270 206
133 30
270 121
192 114
295 86
0 150
15 31
93 176
66 19
217 271
170 60
268 189
231 291
174 253
296 175
161 262
257 110
294 149
83 180
29 85
74 248
176 102
226 247
65 172
115 3
70 154
207 59
265 36
236 204
268 35
19 38
169 139
271 84
243 84
168 200
93 291
90 198
290 118
27 263
293 252
100 72
277 134
198 243
213 293
139 50
51 21
46 219
129 104
207 101
113 15
246 97
259 244
292 40
79 224
32 156
94 142
236 226
125 5
78 9
118 32
64 2
6 225
271 212
51 39
48 185
29 35
241 117
153 107
71 220
148 274
104 79
265 290
127 89
52 255
23 85
192 224
160 190
179 245
10 60
247 102
175 57
183 37
201 145
249 289
171 26
194 255
221 167
228 127
123 28
220 235
290 284
35 128
290 202
30 130
136 223
120 162
257 104
179 137
81 295
83 22
102 177
141 58
284 130
135 126
66 157
12 103
176 149
182 296
123 32
48 274
8 101
226 177
219 202
159 16
263 203
67 83
54 193
201 163
167 124
210 94
268 284
36 160
49 137
105 81
132 250
148 203
134 51
235 70
244 280
236 109
38 49
2 270
94 105
7 266
220 268
199 44
165 277
273 162
55 173
243 253
147 110
69 92
284 188
217 248
4 23
53 293
59 231
264 54
3 289
268 106
165 56
135 46
58 265
265 113
281 8
166 192
186 129
117 136
224 284
179 118
283 65
251 67
148 31
151 277
15 111
67 138
97 153
269 114
59 292
86 231
288 33
104 239
49 6
165 102
232 231
174 96
250 219
190 147
297 275
241 158
41 270
159 221
41 275
68 269
109 272
20 251
239 144
123 4
4 151
195 119
169 230
245 207
122 216
260 232
270 58
227 184
242 231
235 91
202 192
284 292
118 64
221 139
183 189
34 46
39 177
132 37
210 25
204 127
291 154
2 264
48 211
270 84
59 201
132 160
104 110
277 216
171 42
97 212
219 31
195 124
278 87
95 25
40 104
51 271
131 129
239 101
255 247
21 278
30 137
89 122
20 108
199 54
199 233
95 198
288 27
140 40
236 19
30 264
175 286
57 8
8 89
60 141
14 22
132 272
62 215
56 21
227 172
163 32
289 290
80 82
252 274
149 229
173 297
115 119
55 217
169 241
108 14
201 187
96 45
38 173
293 230
295 2
275 99
269 280
292 135
282 175
227 79
82 66
158 124
14 186
30 254
95 245
198 268
104 275
295 50
141 137
175 219
186 91
133 226
285 197
130 226
55 36
226 94
184 29
293 107
96 288
197 193
226 3
177 56
244 124
150 21
54 43
232 230
78 3
111 280
277 19
282 164
256 75
125 45
188 298
29 120
175 75
256 73
14 259
234 107
142 208
41 229
72 205
211 147
242 165
134 88
68 108
293 149
3 98
118 5
282 232
53 216
194 199
154 256
164 269
73 104
37 83
182 245
206 45
243 46
296 114
183 243
186 278
96 184
119 39
284 218
154 120
27 123
39 99
229 268
143 169
193 277
154 146
95 131
229 187
18 271
174 0
221 61
249 265
259 26
119 174
110 51
225 2
173 179
63 252
9 176
43 186
298 237
56 82
164 219
248 130
36 248
136 124
265 232
112 236
82 13
170 34
10 212
124 197
34 127
170 121
153 22
276 283
114 177
214 83
42 193
60 272
216 29
117 170
248 179
32 189
52 257
41 243
132 94
189 173
115 175
80 296
243 179
224 290
209 299
155 109
48 174
31 47
147 47
205 199
113 137
33 7
262 229
258 37
117 251
93 119
218 52
80 103
186 223
34 249
226 217
109 29
109 14
189 50
224 78
61 223
269 17
113 133
98 91
21 172
12 294
87 206
100 279
62 86
103 253
219 148
164 96
55 269
243 220
247 287
124 74
101 214
235 45
186 83
91 280
129 263
198 82
135 201
16 149
153 37
129 152
275 195
46 84
77 82
87 7
45 209
182 110
116 87
284 207
174 261
136 271
215 254
233 167
242 23
94 154
22 256
205 31
279 107
214 141
64 242
149 150
168 83
150 98
191 71
177 150
57 207
18 246
39 76
97 265
36 40
189 166
224 256
168 154
247 45
70 156
139 31
259 213
15 19
263 129
5 200
0 292
22 39
113 61
109 182
142 177
88 2
73 96
189 133
68 288
6 90
47 193
69 83
14 232
36 47
175 259
189 282
174 294
101 221
141 62
22 228
24 293
24 126
70 276
91 220
275 66
24 103
132 40
1 168
131 125
214 234
69 250
247 94
240 122
250 263
49 71
19 70
16 161
175 13
21 106
296 165
198 205
288 65
205 289
233 87
68 133
289 158
238 128
280 24
86 110
230 178
120 213
223 164
123 117
162 247
24 289
176 263
176 15
171 120
134 84
116 4
4 15
19 210
48 42
270 32
260 290
229 241
157 142
161 128
228 120
271 194
297 196
267 161
32 68
224 164
69 177
89 71
11 148
96 109
294 129
73 105
128 61
70 196
58 196
16 282
200 150
137 111
24 179
235 112
139 145
267 171
16 283
20 163
156 212
37 288
136 40
73 291
247 212
155 176
244 46
246 14
299 286
131 101
262 127
209 246
21 163
140 102
154 70
293 290
39 113
133 202
121 291
81 194
242 105
272 36
18 119
134 281
152 43
159 106
161 168
79 23
75 168
69 166
212 115
76 134
224 287
70 212
118 252
119 105
240 250
263 99
203 27
13 1
150 284
203 216
64 250
111 258
65 104
240 256
43 69
76 92
137 215
147 213
209 71
23 275
57 281
288 90
276 5
107 184
161 136
102 155
91 42
143 88
135 288
293 129
98 204
219 273
268 29
237 81
159 32
81 93
17 197
183 205
84 135
110 145
30 67
170 89
29 35
206 298
296 208
220 231
26 288
25 15
58 290
90 176
85 107
218 246
293 66
3 15
96 224
291 69
233 216
274 287
167 265
262 263
40 193
7 223
202 20
233 139
177 286
217 138
275 276
17 134
84 75
166 24
208 164
167 32
274 107
241 91
21 182
188 52
168 9
104 218
264 193
215 239
107 297
59 282
46 64
197 256
224 100
176 48
298 166
192 184
253 72
180 67
267 105
189 265
116 105
291 259
193 89
271 7
228 67
178 294
229 288
169 84
254 180
258 57
79 130
200 23
266 226
71 225
151 87
222 212
299 42
207 13
136 173
200 33
250 259
289 236
127 122
167 132
76 13
276 1
92 119
216 284
259 59
176 155
86 148
87 178
204 242
95 225
47 296
114 159
46 70
220 168
170 253
105 225
27 209
249 270
152 59
35 259
31 99
244 56
258 39
120 39
271 218
40 52
70 210
86 165
209 214
236 23
183 277
222 248
93 236
277 84
45 287
296 78
203 182
263 104
246 224
80 175
236 12
1 268
249 81
146 84
266 120
131 163
163 232
145 69
164 280
0 163
29 126
15 103
68 49
26 141
67 202
277 296
176 77
252 43
18 22
115 153
39 19
287 56
17 59
93 113
233 202
124 99
95 120
260 76
173 2
293 134
49 131
123 180
163 168
68 132
227 218
299 220
50 32
203 128
101 40
111 142
237 62
51 259
254 97
139 292
102 52
199 92
9 187
280 161
166 224
101 4
231 15
40 200
222 220
22 88
89 225
172 104
262 41
254 139
232 110
41 59
199 103
157 234
86 23
225 9
81 174
230 224
152 89
79 77
121 34
155 279
85 239
67 277
124 108
235 16
82 101
71 232
130 131
258 241
193 264
157 67
211 50
102 251
292 102
229 97
221 83
233 21
100 293
146 260
61 145
185 179
5 256
218 87
162 163
32 102
155 73
183 14
148 184
295 151
130 248
147 12
179 112
87 95
260 56
53 164
14 166
212 90
82 74
79 278
216 28
280 260
24 74
229 57
98 230
263 23
9 84
76 44
269 77
262 14
296 277
252 291
94 218
100 44
224 50
48 277
220 185
105 42
98 288
229 48
195 222
59 0
67 247
299 169
95 178
128 112
191 243
105 91
108 80
27 9
216 136
24 13
190 164
11 257
137 119
262 206
154 140
118 278
0 141
73 79
111 216
240 233
291 39
54 73
277 19
18 166
30 4
185 240
228 284
246 145
107 105
153 75
109 41
55 250
162 252
269 222
16 253
78 123
269 210
138 122
159 133
279 120
169 215
245 163
44 281
19 159
61 167
237 148
279 114
202 20
65 201
95 81
99 155
212 156
99 262
111 274
228 184
261 33
267 150
26 230
261 34
244 113
104 10
286 142
95 22
89 243
5 150
298 254
263 224
117 177
114 115
82 41
285 0
113 226
260 217
76 155
50 7
150 274
134 264
227 170
88 40
283 234
163 104
73 297
177 99
220 29
99 150
259 192
43 183
24 182
21 181
104 260
211 12
53 293
223 69
17 291
276 117
30 210
174 165
177 4
10 113
28 103
120 7
224 238
226 177
163 150
295 245
22 27
241 66
174 193
165 53
49 139
28 162
294 6
90 227
20 76
132 177
154 78
258 120
191 199
15 107
251 51
170 174
281 155
104 172
184 68
55 72
217 150
62 151
236 186
59 65
295 36
42 85
223 157
208 226
299 103
208 190
206 101
173 39
12 20
276 132
144 5
113 247
24 165
274 118
208 170
87 72
149 150
16 13
44 198
136 180
162 233
185 279
160 82
137 257
290 106
4 176
68 239
118 168
246 218
117 273
207 130
88 83
214 78
109 6
186 209
73 246
15 230
6 94
21 235
242 0
19 130
232 9
221 249
149 102
142 56
119 56
65 20
281 273
236 153
30 1
27 255
151 174
91 93
278 280
261 42
119 272
232 88
249 55
152 138
19 6
223 68
53 13
115 250
250 142
119 153
230 129
171 203
271 137
65 235
65 29
44 32
91 30
7 186
85 61
51 258
235 27
6 67
123 61
33 264
153 76
165 19
207 82
145 292
278 115
284 112
61 197
249 161
34 86
53 107
14 58
1 280
118 129
191 298
203 30
147 101
150 161
68 37
214 135
241 273
200 69
197 239
125 153
244 2
188 268
20 5
234 67
185 22
232 184
237 134
110 202
171 68
109 94
160 258
154 279
281 34
121 126
184 53
128 54
261 144
61 295
82 29
258 87
212 18
54 163
48 234
142 205
210 205
69 155
39 222
82 236
158 276
235 121
70 232
242 206
91 31
184 199
167 76
139 232
12 285
129 197
23 93
67 250
127 103
216 283
82 153
259 263
133 65
33 50
48 187
135 62
231 235
280 62
260 185
271 0
221 289
264 34
44 260
118 173
268 284
159 224
21 172
103 161
185 142
179 31
250 135
175 14
20 186
198 20
294 265
46 267
187 103
191 33
74 102
279 269
184 164
102 109
134 176
243 155
78 185
106 19
215 265
271 260
99 235
298 116
271 16
62 58
195 105
99 39
36 198
91 241
265 251
51 55
44 242
83 73
96 3
167 91
229 122
87 231
70 187
147 19
123 299
86 19
212 172
23 168
148 85
22 73
13 27
250 281
253 240
74 107
249 81
102 280
110 141
155 34
44 82
147 96
118 87
6 167
210 123
78 34
170 219
146 174
95 80
185 121
48 20
55 153
91 71
160 161
279 182
176 75
253 214
264 136
22 232
214 251
103 72
2 292
118 80
267 100
72 212
144 283
94 58
133 299
116 129
258 110
106 294
56 251
6 203
111 76
170 101
149 86
134 15
88 150
213 104
145 203
49 147
99 106
31 262
119 151
133 293
172 64
134 144
124 229
271 85
68 83
41 185
81 157
103 232
79 173
180 52
128 269
25 82
280 60
218 169
36 214
44 279
223 125
298 87
289 292
64 0
53 288
222 125
137 275
139 80
292 208
218 174
212 156
11 283
299 169
127 213
254 17
276 12
45 220
272 78
174 166
101 5
239 147
294 125
193 194
105 233
115 114
99 58
215 250
224 150
167 261
292 45
264 191
54 218
82 188
53 45
13 98
154 1
260 275
285 19
221 274
222 193
70 121
23 263
111 21
243 177
163 280
204 170
261 12
43 190
150 7
9 236
265 205
146 154
89 146
129 229
269 25
294 244
77 144
189 253
298 38
169 122
28 208
182 204
227 127
115 139
269 63
292 151
63 210
258 109
105 94
239 34
234 215
92 7
73 261
174 232
174 275
31 184
243 99
166 66
126 28
264 28
185 14
260 24
25 163
59 111
268 276
66 223
126 87
8 135
65 1
114 166
250 263
93 114
299 116
213 160
224 91
293 79
155 68
178 254
285 130
69 191
234 275
276 144
141 91
105 94
186 116
214 182
283 11
209 67
102 7
178 102
117 245
129 55
254 270
172 36
62 239
89 146
21 178
154 31
162 65
189 271
253 165
202 123
158 190
135 271
87 14
107 29
95 84
72 142
123 235
0 160
24 147
270 222
16 34
33 176
54 150
155 131
159 165
246 190
177 152
252 69
9 156
198 140
274 25
285 172
16 30
240 113
15 59
105 142
101 134
24 250
296 186
142 176
11 201
229 29
187 192
256 130
246 48
229 167
108 239
13 182
8 41
240 283
231 38
112 180
193 223
133 147
91 230
100 204
193 125
298 294
106 206
94 160
21 199
6 98
133 242
244 147
0 269
57 206
249 251
293 239
45 116
201 52
166 213
238 25
141 209
153 144
128 110
268 278
146 22
88 66
158 291
2 226
247 208
299 180
49 15
41 62
179 288
136 67
265 255
223 254
105 44
53 30
85 23
43 234
104 144
4 71
76 243
24 152
76 26
57 11
189 153
10 254
36 181
163 281
258 248
128 288
246 275
167 142
68 22
186 84
264 181
25 161
111 281
115 155
250 151
109 199
114 195
298 115
255 223
181 249
54 201
159 90
209 269
241 87
261 64
199 276
60 128
189 181
19 99
142 157
293 261
30 247
268 22
221 60
147 294
33 70
132 186
108 168
118 157
158 236
106 282
56 265
296 192
37 255
122 264
263 291
72 136
114 84
236 7
73 205
223 12
205 79
4 92
0 158
160 6
36 243
4 58
50 222
82 22
76 109
259 118
17 282
120 90
184 27
182 85
255 79
163 289
160 25
206 276
260 262
252 76
47 99
230 99
277 170
83 246
246 103
271 260
135 8
165 180
292 148
38 55
100 285
117 152
153 137
45 92
47 94
244 204
5 167
77 255
149 38
75 218
155 98
159 172
142 261
39 251
190 0
14 88
113 17
176 6
227 77
255 46
96 113
170 42
254 141
250 122
155 200
232 112
127 288
218 60
114 288
103 231
144 8
287 30
295 281
288 94
96 294
5 242
171 152
55 40
290 181
292 185
95 55
152 138
191 221
20 155
60 173
280 22
174 38
237 165
4 91
30 217
225 151
140 242
273 164
231 252
74 208
293 66
230 25
21 149
256 75
299 283
115 96
226 201
123 234
62 295
190 124
207 249
39 237
79 45
199 129
100 208
16 297
46 89
193 275
5 103
278 130
176 174
13 280
16 138
137 95
80 269
75 256
35 52
101 288
88 104
138 269
283 52
97 296
297 81
186 263
47 141
288 217
178 277
157 163
74 234
154 47
270 167
97 180
183 288
171 101
213 189
117 251
286 156
141 55
153 40
290 153
177 166
172 122
202 189
70 12
2 43
45 110
182 170
244 261
296 165
91 59
8 21
259 170
131 215
298 233
260 120
228 159
258 115
17 47
33 276
293 242
43 46
5 39
284 156
146 142
123 134
184 246
271 164
297 288
50 198
121 238
155 256
285 146
47 286
203 119
50 3
3 37
209 38
110 15
16 59
65 148
39 98
84 59
2 188
226 82
47 92
108 64
267 285
67 249
246 105
260 210
79 166
163 100
71 190
89 191
219 83
127 273
46 81
208 124
241 219
205 166
139 140
27 87
229 33
70 199
228 252
27 5
228 273
156 236
177 48
116 192
65 148
98 80
186 74
205 84
168 40
0 257
184 117
94 267
154 268
146 62
244 59
94 105
213 241
239 46
276 19
28 27
138 24
103 277
52 8
42 32
173 187
289 188
22 27
64 204
235 217
140 296
46 35
273 44
156 246
221 288
81 43
181 271
230 77
109 197
261 116
51 230
178 221
177 258
108 4
280 38
62 215
271 4
9 105
259 40
258 233
134 131
40 53
205 119
141 246
19 167
75 74
93 39
73 211
11 33
42 264
296 294
38 99
194 139
272 16
145 41
89 242
290 231
117 282
195 177
285 182
205 178
15 53
238 185
221 189
196 175
225 158
84 55
266 249
298 178
134 19
252 242
111 205
280 37
29 105
149 187
264 241
299 57
13 197
40 79
78 135
248 27
11 145
258 144
20 127
66 42
182 203
259 102
4 20
58 212
167 293
158 109
118 80
293 209
202 19
29 292
56 191
177 95
141 135
236 32
214 123
196 122
27 17
270 202
18 78
207 214
32 273
238 214
61 96
188 288
248 155
219 199
95 247
45 100
81 52
91 259
111 228
109 196
230 96
240 163
83 99
255 96
15 230
110 158
195 170
189 223
74 84
159 183
96 204
13 51
105 154
36 269
282 13
150 139
153 62
158 239
234 121
267 169
98 50
59 12
103 287
180 103
207 93
191 140
85 294
170 88
227 197
215 60
70 96
36 112
42 136
217 239
129 39
216 27
269 35
296 106
222 132
159 20
45 171
17 278
159 260
15 50
116 188
95 8
233 263
76 20
85 69
79 223
70 144
261 81
54 90
296 48
115 108
249 231
80 112
212 180
264 258
118 55
105 226
245 149
62 18
173 220
50 140
221 299
139 293
73 280
239 40
226 242
128 238
121 236
279 89
177 209
127 36
30 149
129 109
275 18
123 14
94 182
124 188
20 43
263 106
113 223
234 265
26 29
65 51
131 237
75 154
232 241
254 147
66 43
58 214
152 246
240 133
172 92
31 99
8 29
87 255
8 81
191 277
20 25
83 184
33 127
196 61
287 167
116 178
1 158
264 159
265 3
164 216
206 109
171 32
35 126
43 253
67 284
30 191
215 181
141 272
147 86
192 49
2 97
78 247
199 110
26 182
46 30
193 67
222 22
74 92
36 129
282 73
268 59
154 277
283 85
150 78
1 113
231 191
129 211
48 3
64 71
219 12
216 229
23 139
255 139
94 184
261 139
163 58
289 63
203 84
279 155
52 187
141 299
6 279
182 229
266 157
240 24
158 247
196 73
127 71
43 272
231 79
239 291
104 125
278 258
272 232
270 174
260 121
59 230
153 3
42 119
121 128
212 250
46 42
298 231
225 258
175 196
68 81
33 253
71 180
58 126
160 55
161 299
121 285
83 298
207 60
36 125
178 231
0 263
64 138
250 72
238 246
144 246
168 37
93 225
186 296
136 74
296 83
50 133
172 55
106 3
181 121
167 62
53 295
220 281
47 115
187 272
5 95
103 60
206 150
292 63
61 256
205 26
182 112
149 64
155 273
39 85
152 101
279 31
287 62
63 44
283 57
237 169
132 269
71 178
220 117
279 109
115 268
16 191
288 178
126 77
180 177
76 91
1 221
220 174
120 83
160 199
209 15
273 198
128 36
69 86
288 163
103 292
21 43
66 132
205 241
38 112
285 287
253 226
248 243
129 254
111 200
299 91
232 194
271 124
295 287
83 253
211 61
57 73
224 28
195 54
139 248
173 24
121 171
290 173
153 19
88 105
83 40
164 111
54 297
165 206
176 157
45 157
123 206
297 6
33 209
88 298
288 15
157 56
284 141
106 290
206 82
190 108
90 245
105 83
153 48
290 267
199 49
203 31
96 39
247 87
129 293
35 195
270 151
125 288
209 90
23 296
28 224
59 54
124 132
83 258
66 194
4 264
25 258
227 14
81 129
244 174
212 159
129 268
180 166
7 60
30 225
205 7
215 270
146 96
276 219
204 249
276 233
125 283
131 32
28 166
250 199
50 109
264 104
49 129
272 195
137 36
33 193
93 119
52 168
256 267
240 133
140 274
205 83
43 120
271 136
156 181
34 263
173 197
272 170
147 274
216 44
36 134
65 157
115 268
134 15
261 20
279 240
48 277
240 119
122 175
258 53
9 126
290 214
123 149
214 187
287 88
160 62
247 0
293 19
151 84
73 239
25 261
133 170
282 138
18 108
36 175
5 126
254 23
15 40
64 34
263 289
256 46
236 212
79 275
225 96
95 204
256 34
226 229
148 39
118 284
101 166
231 255
221 49
196 230
216 3
205 94
210 273
148 30
134 143
126 266
58 247
18 170
278 259
259 118
45 219
233 145
94 102
275 243
137 5
208 17
263 208
248 169
150 161
203 44
33 56
248 231
171 267
82 73
241 130
189 130
45 23
20 25
182 57
232 216
190 155
246 258
131 86
155 293
118 70
230 41
155 283
11 255
46 151
137 161
22 38
98 38
119 289
29 95
43 35
94 248
8 105
93 201
48 198
68 116
228 209
120 147
168 39
128 98
250 260
48 237
156 160
55 32
216 274
109 242
22 142
156 46
173 28
288 220
225 5
167 33
178 91
118 138
69 227
37 276
175 235
0 199
73 245
280 71
292 133
254 268
178 245
143 60
124 277
77 115
248 51
10 274
53 147
211 9
175 142
12 144
142 210
174 6
189 63
224 193
23 90
31 251
233 191
109 199
86 63
56 102
22 143
54 115
8 73
201 198
233 205
280 269
154 25
124 204
138 58
175 157
96 204
282 273
244 246
247 217
31 198
141 126
22 122
231 247
69 99
150 124
242 93
47 234
196 96
234 156
265 119
105 227
39 119
24 91
1 135
93 61
43 65
109 170
298 66
141 256
110 292
162 103
46 35
297 244
220 65
209 285
278 283
168 49
225 99
28 13
56 198
207 80
19 257
216 101
176 261
162 17
143 168
240 257
190 177
34 229
148 214
119 195
142 235
225 235
4 232
198 130
280 91
9 47
261 75
21 295
128 250
26 146
7 169
41 237
38 201
222 141
134 33
235 144
194 203
237 271
28 153
179 246
131 88
166 283
37 141
90 297
81 206
119 219
271 182
223 219
270 34
242 63
27 101
282 279
270 219
265 28
173 277
53 123
172 51
55 231
29 14
187 119
144 162
81 136
266 276
288 70
143 34
246 7
61 236
108 226
152 17
272 111
288 119
287 51
207 116
146 15
286 54
156 287
239 93
46 296
278 107
96 187
195 126
115 291
32 81
235 260
199 210
180 73
261 167
292 263
267 218
61 111
227 158
235 34
213 10
71 81
28 267
226 219
256 151
171 96
244 110
68 158
159 87
218 252
76 184
210 239
109 21
95 146
241 117
212 135
264 170
180 65
52 149
146 28
230 297
283 100
222 45
7 30
29 211
167 143
260 242
57 174
58 121
108 220
81 76
72 11
212 251
132 80
126 294
56 132
215 156
34 58
36 270
138 42
119 74
291 234
187 238
42 261
49 204
84 165
251 245
47 111
244 128
10 133
101 33
94 187
174 133
49 52
55 170
104 24
26 268
144 255
286 78
2 12
4 165
52 129
58 25
291 85
129 76
205 222
151 41
123 200
117 249
158 184
194 197
199 74
71 276
213 283
91 72
168 107
120 19
135 276
121 102
23 67
203 101
31 182
189 87
274 146
84 165
193 76
105 5
80 234
192 275
267 45
19 197
123 263
147 219
286 212
94 257
33 246
221 291
142 158
58 219
205 80
18 168
54 232
184 298
167 283
159 290
297 28
43 14
275 19
244 179
35 145
35 122
91 282
148 157
234 48
194 209
131 173
154 47
81 157
244 32
210 29
184 40
284 12
117 167
280 189
83 70
158 263
38 88
118 252
236 79
268 73
23 90
128 124
149 290
69 78
56 109
192 94
160 27
291 228
202 186
63 67
145 164
275 294
4 141
137 235
154 54
190 181
168 81
212 33
49 83
79 219
240 86
39 112
163 156
5 7
164 75
13 225
259 129
192 112
229 154
225 73
272 207
254 131
163 33
226 123
184 206
140 66
219 100
238 212
187 180
248 141
113 241
298 189
116 100
134 275
296 282
87 143
239 9
77 96
9 75
31 162
53 172
197 291
137 240
58 114
188 168
156 41
239 217
248 140
184 83
286 130
28 298
34 113
102 136
50 274
252 247
169 208
112 63
217 115
144 85
272 7
111 164
64 241
47 114
11 27
179 280
299 242
233 41
112 167
118 79
202 115
208 291
30 165
270 280
59 133
47 125
116 132
232 202
280 2
241 235
37 189
83 209
240 151
51 269
70 121
217 270
221 243
54 299
61 34
220 90
109 208
229 132
104 227
103 51
70 98
154 30
41 172
154 278
159 156
244 32
209 65
40 107
181 116
125 101
46 284
285 260
31 37
135 247
126 299
205 220
268 92
297 190
236 138
108 19
114 253
197 117
252 98
255 259
289 208
98 167
46 198
250 152
258 265
106 150
91 21
144 291
13 33
201 65
132 5
174 264
117 244
197 76
56 244
27 244
8 73
55 147
237 38
174 202
204 181
104 80
277 21
125 173
172 37
35 143
133 259
261 181
54 32
244 183
10 158
45 142
294 279
231 297
79 104
43 285
200 58
44 204
219 168
129 35
22 111
75 177
241 16
287 76
183 244
187 147
23 89
45 299
94 138
208 280
85 158
117 218
249 242
292 261
258 204
253 186
92 23
88 102
161 61
83 152
226 144
293 66
73 256
223 71
37 205
195 275
120 213
51 139
298 297
58 160
125 178
105 150
148 70
97 182
122 188
95 41
213 267
115 168
117 283
288 26
287 61
257 228
81 152
93 262
131 28
151 278
234 227
73 275
29 207
268 246
294 269
224 166
49 50
180 173
57 72
134 294
220 178
9 33
153 150
56 225
113 19
3 1
244 235
252 193
226 219
194 17
9 117
280 46
57 271
20 91
221 249
209 65
20 211
174 198
32 248
82 33
231 228
143 233
207 171
1 39
209 176
205 91
237 203
120 262
125 155
113 181
155 254
271 46
3 142
139 105
180 123
220 23
142 110
232 3
244 248
254 242
154 276
239 10
163 2
224 185
21 292
196 193
154 4
259 150
52 212
289 190
155 36
118 199
121 180
157 79
242 162
295 284
59 168
176 269
73 217
244 204
2 136
254 25
265 238
250 48
118 79
14 261
121 66
110 255
185 274
239 263
221 157
121 165
263 147
100 228
88 255
106 128
35 109
256 11
68 280
205 228
139 176
11 125
26 19
286 26
46 41
197 74
3 33
108 253
54 3
90 159
162 42
48 177
107 78
120 299
148 85
142 79
163 227
84 289
125 132
154 298
92 53
17 169
164 68
123 205
190 125
188 203
79 52
15 247
104 71
223 252
108 29
134 90
270 180
51 189
34 106
56 255
186 95
24 85
74 250
154 13
157 211
199 196
114 193
20 225
175 221
270 15
240 274
101 244
21 235
136 291
171 212
93 269
164 120
108 207
221 66
238 133
195 280
219 186
142 231
243 103
174 288
106 113
289 183
67 142
22 42
34 81
44 265
234 295
102 103
16 198
44 158
261 290
213 196
257 178
196 151
9 172
49 105
294 35
157 208
45 234
78 245
266 282
114 79
100 52
92 69
51 42
48 123
0 37
255 84
47 80
12 215
252 83
40 157
52 85
294 5
151 2
292 233
265 7
259 264
151 145
28 117
293 20
257 53
259 9
220 141
158 129
234 272
1 100
10 259
232 263
15 248
245 118
122 65
178 134
18 7
189 273
182 207
88 23
147 253
54 197
218 222
206 38
10 116
31 207
36 17
220 215
53 46
212 103
69 72
220 3
81 270
132 135
56 174
189 40
56 260
289 154
154 127
226 18
270 147
132 153
238 223
253 131
231 277
108 126
40 86
187 49
114 189
128 88
73 101
284 221
189 27
28 296
182 165
148 53
0 40
274 188
279 20
235 148
264 108
156 221
97 47
48 150
5 92
174 49
60 298
276 259
285 204
62 274
104 255
114 98
2 164
198 247
270 98
24 78
158 238
293 100
270 32
32 269
32 157
120 275
59 153
257 210
184 126
191 60
175 129
232 290
151 15
20 64
216 246
26 52
99 210
31 243
15 250
14 289
245 29
26 116
290 112
34 103
159 5
289 64
134 19
133 296
261 185
70 219
223 23
216 20
88 205
161 27
82 104
260 200
201 104
146 45
63 83
2 71
176 88
203 18
114 177
6 78
299 274
124 287
178 289
263 85
103 268
129 77
269 229
74 167
290 259
276 294
232 168
101 79
197 240
146 184
224 12
257 213
67 11
24 140
40 299
201 258
173 62
173 24
239 283
12 223
238 187
70 128
141 130
119 84
154 142
126 277
16 225
35 133
57 6
150 248
289 73
137 101
283 225
84 103
68 24
69 98
222 86
9 59
4 255
202 173
212 156
126 122
123 79
31 103
290 262
221 116
45 70
173 142
70 74
253 83
21 109
179 120
192 95
293 185
292 150
248 174
248 71
128 222
294 123
186 110
35 50
240 275
254 78
233 198
281 170
163 282
182 161
99 235
178 7
91 148
12 61
276 22
260 239
229 19
282 215
135 246
67 97
149 219
23 185
193 42
149 217
153 159
58 53
265 127
225 194
172 29
62 262
152 29
214 38
108 249
281 4
184 284
165 123
181 294
253 88
94 121
200 225
247 205
28 202
259 133
59 215
19 140
250 75
264 146
64 11
10 18
17 205
231 296
167 268
24 116
283 146
260 136
26 139
285 196
207 263
59 92
178 171
217 120
233 160
44 106
1 235
67 137
296 243
120 228
176 79
173 76
271 163
281 282
281 180
226 177
17 167
290 214
130 143
158 86
178 116
38 19
267 139
104 16
232 0
294 76
160 46
299 223
296 61
243 240
241 126
115 215
37 232
67 82
4 193
38 18
93 265
196 30
121 34
86 118
82 103
45 282
233 32
139 194
270 25
169 162
103 19
136 261
207 266
49 203
279 183
194 139
57 124
133 160
153 97
275 74
46 295
225 274
57 211
187 291
175 34
46 273
174 57
293 191
291 134
253 128
29 197
278 171
11 164
218 198
183 278
292 294
153 128
222 279
211 145
78 92
214 198
213 119
167 55
251 66
43 197
290 181
142 140
121 98
286 268
92 263
163 224
235 46
168 23
52 3
173 234
248 256
299 234
82 68
261 165
5 12
33 204
11 191
162 269
247 230
86 76
49 6
159 212
156 239
131 279
86 292
13 219
56 124
273 169
215 14
234 180
253 90
242 239
86 174
123 93
0 132
168 205
279 6
286 143
241 8
30 110
276 249
203 250
157 55
297 123
213 144
57 80
71 207
34 298
205 92
75 250
278 282
190 102
219 132
44 64
165 57
287 210
207 91
36 213
268 178
220 177
229 81
102 110
166 246
192 267
131 191
164 101
148 130
67 73
190 25
190 152
138 12
54 19
284 262
188 97
147 54
142 121
244 164
105 50
147 143
199 176
14 22
253 198
261 158
138 195
48 63
37 210
33 199
50 281
155 28
93 188
183 167
52 94
210 86
172 132
30 248
153 276
220 210
131 50
154 7
47 26
293 87
274 178
82 192
63 260
278 2
286 244
91 22
192 63
250 97
178 146
220 105
217 161
60 53
114 294
172 50
125 214
172 197
272 237
176 22
3 273
52 292
264 56
53 102
179 273
188 160
93 121
97 170
299 199
106 241
145 269
77 140
267 229
51 172
61 38
7 269
270 151
116 12
119 291
209 239
17 191
150 168
131 292
160 152
279 239
123 248
152 291
171 198
254 160
203 221
35 155
192 289
61 150
115 214
277 79
35 59
177 212
56 284
265 270
171 21
103 21
174 14
158 298
89 242
20 158
185 103
289 146
87 288
120 297
181 61
22 12
212 139
192 77
291 83
177 130
61 103
131 61
29 294
177 207
237 202
97 152
16 268
280 241
297 268
143 213
63 76
80 43
217 9
190 213
146 156
94 136
38 92
211 81
14 229
295 17
21 282
175 275
119 14
204 74
280 79
122 293
13 163
76 278
5 287
171 138
207 176
120 99
180 220
278 138
276 244
173 125
77 25
104 277
193 98
186 71
299 10
282 83
257 252
263 144
224 297
32 239
104 279
56 6
90 23
21 17
288 109
226 150
79 62
48 293
69 31
291 160
87 82
110 128
176 120
217 197
18 129
28 21
111 123
276 178
197 48
75 53
194 66
114 173
207 121
113 56
67 42
251 185
213 234
103 258
98 129
114 142
247 20
182 139
39 233
56 170
279 278
1 220
2 143
118 82
109 264
112 196
253 60
147 52
46 26
31 127
241 290
144 241
193 25
128 288
299 284
216 224
163 295
23 141
213 92
205 37
234 97
90 125
220 108
279 181
286 275
129 133
21 295
140 230
163 287
155 157
66 266
194 284
229 286
56 120
0 269
28 124
90 168
211 62
280 240
100 193
199 132
98 203
200 113
156 189
175 275
134 93
197 156
281 71
199 251
49 101
108 82
21 239
84 61
217 281
36 158
28 61
91 8
96 185
122 220
298 123
182 90
215 171
232 103
261 268
126 237
131 224
58 1
168 256
168 190
107 206
38 192
114 242
264 263
132 14
243 151
139 209
116 150
256 289
228 105
58 63
114 232
101 106
55 113
230 58
125 142
159 147
112 282
138 297
183 116
245 133
10 237
43 176
188 94
262 286
213 73
128 15
229 298
247 263
180 134
23 33
71 138
121 174
119 162
172 181
0 214
53 71
91 141
8 19
204 231
258 46
205 100
5 280
281 291
198 86
52 204
184 159
70 98
51 253
240 260
221 222
299 213
206 105
193 89
73 241
193 121
241 96
216 89
17 118
122 142
259 95
231 13
274 74
109 150
280 191
55 199
153 148
2 22
140 12
59 110
154 292
176 276
148 192
186 274
234 247
6 230
124 252
222 231
63 297
154 175
17 239
27 37
225 83
213 72
119 37
164 4
125 148
168 216
143 234
109 45
298 122
152 287
50 45
188 1
203 93
203 219
161 67
105 204
160 144
178 279
214 14
256 29
137 162
35 264
137 235
237 247
229 275
48 229
196 211
299 178
162 260
209 155
147 262
158 101
159 28
169 196
262 289
260 203
25 32
216 251
152 298
23 268
27 241
288 106
23 35
273 297
23 63
170 209
266 85
150 44
62 279
254 20
130 197
55 186
95 29
257 281
100 35
223 53
105 198
193 29
279 14
84 266
55 235
209 49
244 149
65 173
238 150
116 106
86 115
64 102
211 74
295 82
182 265
128 161
266 177
16 15
59 269
155 44
51 135
278 95
183 23
263 58
24 170
178 40
98 242
233 175
220 149
50 44
112 54
41 115
138 34
201 199
18 169
220 63
143 257
15 119
11 208
96 237
99 153
228 127
7 30
252 72
166 47
207 123
237 239
252 201
114 72
55 4
91 221
51 229
227 66
146 32
135 236
254 112
80 78
240 171
1 124
194 122
255 207
263 11
120 28
112 33
128 216
207 295
220 148
194 2
23 68
174 298
241 132
67 238
246 160
41 159
39 36
218 120
205 223
266 251
1 98
192 138
92 70
92 210
116 23
240 6
92 215
42 201
195 140
50 83
74 164
158 70
146 78
218 17
9 36
113 77
282 39
254 275
20 167
206 237
270 47
195 117
151 274
15 151
163 209
143 69
91 211
190 193
65 252
195 125
58 261
83 220
72 288
281 38
102 25
186 10
241 216
151 236
217 256
148 219
155 70
184 144
156 132
238 243
297 227
58 266
55 84
274 75
225 287
108 36
173 53
173 197
32 242
38 103
50 112
122 57
84 102
275 228
233 262
162 1
174 144
46 72
250 9
271 293
172 28
282 71
111 204
247 217
292 99
148 136
148 205
123 221
142 289
210 261
295 33
77 194
275 201
119 128
217 261
78 74
48 5
67 189
280 284
228 62
221 148
81 280
80 262
85 57
10 168
280 63
129 34
134 199
33 291
47 78
137 289
290 96
3 49
11 116
233 271
127 29
164 223
271 33
292 36
126 202
85 168
0 60
157 205
239 117
102 47
119 87
298 121
133 295
282 256
29 48
210 268
191 27
25 266
84 298
10 264
16 44
197 164
90 47
6 217
219 299
5 30
65 205
66 235
213 45
91 215
211 172
254 279
191 229
135 80
107 173
293 26
176 291
237 62
287 269
223 65
256 167
214 27
140 148
35 160
28 155
48 172
231 58
171 103
182 195
5 265
232 114
138 11
210 37
28 19
73 1
280 46
40 260
180 104
210 171
27 279
190 200
270 45
74 289
197 158
29 103
285 57
71 274
276 160
161 1
113 296
275 56
59 220
281 185
216 69
239 86
230 44
18 156
281 183
252 157
268 143
192 130
278 70
178 73
294 263
36 288
278 66
103 180
70 123
290 68
119 39
201 110
116 209
219 58
173 267
86 200
83 53
154 276
22 271
229 202
283 191
52 221
109 36
246 256
294 56
263 128
243 266
87 196
68 70
282 217
163 220
102 244
263 27
157 29
66 157
159 114
33 9
251 102
289 243
93 165
294 242
109 93
31 78
247 227
0 133
201 135
238 239
82 147
267 152
55 34
62 209
49 62
28 95
139 258
60 71
131 1
146 275
144 86
18 267
131 223
67 160
270 21
183 97
190 25
104 186
135 47
106 14
82 132
16 19
185 294
122 203
121 178
89 15
109 142
87 48
249 82
49 262
30 220
174 36
231 184
82 91
19 120
65 55
186 16
292 58
161 267
246 204
275 57
193 213
233 2
112 94
42 214
86 201
154 290
287 130
154 175
22 16
198 1
94 237
38 64
64 239
226 10
101 141
266 0
108 198
270 166
252 77
181 46
70 82
187 178
19 47
201 130
88 239
278 296
53 208
108 81
155 107
15 3
161 133
274 172
205 163
232 243
268 249
181 154
85 20
156 23
297 292
220 270
78 237
4 252
274 178
134 279
180 128
122 261
187 14
201 219
81 295
134 197
183 288
52 44
4 282
294 26
276 238
237 127
126 107
54 75
100 292
250 268
178 273
137 142
98 44
75 223
136 221
283 51
82 267
207 284
16 94
31 240
155 74
87 202
115 148
39 71
156 233
49 18
113 240
253 223
4 232
185 94
89 181
219 240
1 220
27 189
114 255
123 172
178 299
179 243
105 114
104 126
63 87
106 253
81 87
99 298
160 151
205 240
210 185
40 275
268 151
234 151
86 41
228 181
193 226
185 195
36 199
30 9
264 63
9 174
65 155
136 248
106 143
44 277
192 165
144 177
268 3
242 164
252 168
72 257
139 229
110 4
219 296
146 283
248 222
282 104
247 129
15 72
212 30
24 22
131 230
184 218
142 198
73 97
205 80
60 121
290 139
107 131
134 175
105 251
297 77
251 43
117 187
263 218
78 91
1 224
47 33
198 106
178 121
103 91
89 199
72 237
117 40
299 165
225 275
117 207
190 47
205 103
96 81
125 286
1 276
177 51
174 239
29 174
210 108
39 90
220 295
37 74
4 88
148 0
151 145
228 106
41 122
275 142
82 35
250 182
136 56
29 109
236 75
147 279
15 39
189 257
258 295
33 197
127 247
240 80
278 276
21 192
192 13
96 55
221 127
143 208
102 192
268 217
102 228
152 117
203 134
246 41
6 82
108 255
58 220
209 212
241 251
174 4
11 62
203 183
245 133
279 247
46 40
84 228
7 223
24 203
13 180
14 63
157 6
205 210
39 27
21 295
227 87
78 29
223 299
262 197
262 103
59 85
21 196
292 181
171 245
128 136
90 120
299 25
258 243
140 11
268 60
147 187
220 221
109 232
188 173
83 254
237 258
292 76
270 174
216 209
134 274
142 282
250 53
235 174
176 130
130 238
127 155
142 32
234 66
195 134
80 15
292 193
192 216
158 29
120 71
79 204
232 178
141 29
149 108
165 200
86 137
114 197
189 154
58 127
287 99
93 111
81 299
73 66
23 161
262 44
140 138
9 192
201 24
0 4
254 283
25 12
47 86
201 102
44 124
217 51
155 57
279 102
193 135
269 231
214 85
77 281
147 74
103 106
10 69
49 222
42 288
167 55
228 107
19 223
162 147
135 200
95 136
149 174
18 83
59 34
284 283
199 10
231 226
151 33
286 0
200 291
258 216
190 209
67 98
164 109
2 33
54 191
36 285
147 127
177 236
199 107
188 281
157 117
174 102
190 65
64 188
87 232
76 281
1 170
54 14
0 79
21 201
13 274
25 63
170 3
246 146
246 257
284 35
213 146
278 196
69 199
68 105
65 163
295 223
173 225
107 111
77 86
24 50
85 13
20 53
175 299
91 127
115 246
292 286
16 60
130 64
155 32
168 67
285 173
215 269
251 243
152 110
169 84
77 206
97 40
170 155
15 182
58 250
105 291
43 218
102 15
66 58
142 39
202 267
291 299
244 235
259 230
78 208
249 20
81 183
133 203
57 169
253 206
169 160
285 10
135 217
223 205
165 217
194 228
1 145
27 82
106 221
265 78
154 54
128 215
230 80
108 146
253 81
131 273
199 272
134 114
90 162
185 120
270 140
208 101
0 63
213 109
96 156
170 149
128 197
76 195
16 169
102 261
253 243
199 291
266 224
245 246
8 197
103 62
9 58
220 199
15 125
139 22
115 215
210 270
247 102
110 36
218 64
45 148
29 40
161 150
73 173
98 246
14 237
227 183
109 19
270 258
245 214
202 2
25 257
80 175
144 119
43 79
220 103
296 52
292 7
192 98
206 180
227 263
66 151
204 176
122 180
96 115
109 122
218 15
34 236
80 15
240 172
246 285
40 46
13 196
127 11
234 95
118 73
183 137
76 246
122 264
136 230
145 88
107 188
61 213
89 36
42 139
210 178
120 264
256 111
138 298
294 173
265 260
235 274
56 289
175 245
201 137
99 154
96 268
117 179
170 116
254 179
212 202
26 254
104 277
221 182
138 89
192 173
299 292
13 57
54 95
178 184
189 50
138 141
218 248
253 182
62 122
198 96
198 7
150 229
151 204
164 275
267 207
242 288
283 115
23 147
292 254
31 32
213 77
85 175
257 211
22 134
212 13
85 212
122 243
146 88
264 244
218 288
285 149
269 129
110 84
36 265
162 151
261 136
71 51
207 70
191 295
115 239
144 26
158 39
210 223
289 138
116 24
267 256
154 164
100 32
184 53
205 228
88 248
150 247
248 42
228 253
266 270
177 179
235 285
287 118
129 283
31 24
44 190
269 172
226 176
298 291
294 39
218 64
51 271
185 136
168 38
16 90
129 263
186 10
0 285
41 224
224 169
201 263
222 198
105 164
161 86
18 260
19 239
147 22
245 21
85 298
143 276
293 52
46 60
93 10
201 107
28 258
249 20
10 269
217 244
156 90
248 132
212 97
12 163
4 81
103 297
119 281
189 59
205 112
65 99
190 237
56 168
184 120
88 41
281 121
264 259
174 225
292 164
235 212
289 210
262 230
217 199
280 84
139 151
65 135
296 70
68 148
195 189
181 98
295 134
168 180
4 280
119 290
88 236
105 100
211 85
179 192
257 252
168 5
138 262
45 9
60 139
268 90
251 248
184 287
270 221
221 122
210 77
165 76
198 79
205 206
256 196
188 28
85 122
91 8
184 10
11 259
41 102
141 293
185 141
221 146
53 8
65 184
54 152
17 42
65 155
111 70
85 236
29 196
32 57
124 107
252 49
32 276
172 79
72 153
296 34
58 179
108 158
217 286
199 222
241 5
105 183
74 75
80 297
293 11
85 278
296 39
157 95
105 96
117 295
81 26
219 236
183 55
86 293
276 211
51 275
231 162
117 291
285 248
21 61
58 115
83 260
199 135
121 131
102 106
263 258
74 217
53 248
233 212
282 105
172 218
24 234
91 250
118 252
82 150
78 253
284 296
118 208
277 244
96 258
287 66
253 278
32 286
2 114
63 196
221 287
103 266
191 255
263 276
257 119
192 204
292 266
135 181
161 191
52 54
238 117
208 18
238 29
246 90
128 263
246 203
91 212
91 163
280 269
247 270
39 220
50 43
250 143
102 210
95 94
137 171
220 255
22 165
234 290
31 262
164 124
285 189
149 31
109 152
42 64
283 76
230 40
192 115
44 75
178 209
140 172
39 298
59 143
233 242
156 55
208 1
106 90
170 91
3 127
267 244
208 272
22 262
227 286
149 172
242 43
263 78
167 269
92 57
259 170
38 1
2 172
123 149
108 240
249 271
236 297
133 192
262 217
55 197
133 45
39 59
197 112
171 109
138 192
253 50
234 167
22 214
144 197
208 178
291 67
262 85
108 226
168 246
143 73
66 191
246 104
240 24
295 231
271 48
144 0
155 262
60 62
289 228
251 239
291 208
45 263
166 187
116 33
56 238
249 205
199 32
89 52
231 129
164 28
156 187
277 139
12 86
185 149
173 270
127 293
179 235
276 23
178 68
68 73
135 95
50 163
66 78
110 37
9 131
31 243
187 159
79 21
165 194
154 249
187 3
192 111
35 165
135 217
124 194
4 126
117 285
193 221
65 93
17 92
163 176
281 273
251 75
127 69
127 272
263 103
7 208
111 0
178 293
265 179
259 210
67 286
257 10
91 234
33 284
5 259
137 115
209 10
246 202
143 291
144 293
70 117
165 146
236 117
196 229
227 69
68 168
91 169
229 124
152 70
242 35
255 266
189 43
18 298
139 236
198 137
263 58
59 195
235 203
72 195
41 34
57 105
5 215
196 228
206 226
118 214
44 177
201 231
39 144
110 138
101 286
75 217
103 3
79 230
3 221
235 288
258 103
159 153
129 158
238 60
256 142
86 131
84 153
35 242
287 251
295 187
172 192
260 221
214 124
147 24
187 230
254 131
257 207
10 51
221 71
128 59
192 167
142 193
114 161
164 213
231 201
113 252
0 264
102 197
217 108
265 184
68 250
65 265
225 219
225 291
102 195
153 116
143 241
254 282
169 5
170 278
57 174
0 33
200 163
247 4
146 81
228 149
68 11
84 212
58 260
70 139
29 27
248 13
70 132
137 33
168 159
146 20
275 12
107 228
197 51
235 100
214 235
294 263
12 3
263 162
201 4
51 140
15 143
2 122
142 143
216 178
156 86
118 288
68 107
230 167
226 96
171 245
236 189
186 222
200 14
94 103
86 231
281 215
224 12
200 122
47 100
24 41
26 156
30 221
279 241
154 103
275 156
143 232
92 274
239 202
144 182
177 98
32 26
86 149
115 35
289 297
31 137
11 94
273 91
109 144
184 194
142 54
198 219
83 294
150 115
87 52
264 41
103 220
248 168
243 48
284 166
222 198
278 47
111 298
98 255
281 85
3 4
106 6
209 198
36 97
159 136
177 56
6 211
4 104
243 278
53 194
173 91
51 38
258 232
68 258
273 299
189 97
220 102
189 232
116 60
174 252
225 181
289 228
56 193
229 267
233 72
145 85
139 42
65 196
59 277
277 70
68 115
190 95
245 86
237 233
298 190
272 172
240 0
123 206
150 44
105 78
265 195
95 260
32 78
283 249
222 248
0 253
291 282
266 230
296 194
157 243
180 173
133 217
25 64
253 91
145 226
58 212
69 248
179 110
297 185
80 212
202 218
274 50
140 120
224 249
92 242
173 22
201 266
267 100
193 110
68 69
91 29
225 227
217 230
37 56
257 6
185 37
203 124
43 202
145 192
26 88
96 273
266 252
125 179
217 282
160 55
72 156
240 168
268 93
242 165
274 41
223 277
232 107
104 162
193 41
47 57
35 70
275 205
267 272
58 130
206 174
260 4
199 232
147 62
53 77
181 292
99 51
57 5
297 289
226 86
157 207
4 31
61 193
198 230
39 55
61 122
219 165
155 136
103 121
101 239
68 140
226 105
144 285
228 36
70 23
183 219
175 219
168 145
7 217
247 207
36 7
109 33
217 55
260 235
100 40
219 88
254 19
151 78
119 155
32 214
286 16
232 251
174 6
8 68
210 6
215 158
51 284
183 167
92 162
229 182
267 251
220 8
26 94
42 108
211 87
173 294
110 131
136 42
83 150
267 211
286 161
268 272
184 146
143 294
35 194
111 258
63 94
151 203
21 38
6 100
294 167
97 205
54 274
165 107
99 230
281 30
17 205
119 88
142 7
241 130
178 236
42 140
91 23
112 279
281 76
178 182
67 263
166 29
50 59
198 158
254 298
192 63
249 88
71 76
69 90
204 253
95 298
49 272
3 166
113 153
142 199
189 50
87 168
115 61
55 219
125 156
165 88
86 189
28 162
164 123
270 287
173 121
254 8
195 278
2 14
237 29
70 88
245 207
117 292
22 23
139 18
268 45
97 151
255 48
90 290
205 112
185 207
66 214
114 28
49 10
180 234
214 123
286 168
147 269
212 89
212 271
41 71
208 142
283 252
98 70
195 244
169 298
159 97
39 257
299 270
137 139
239 253
206 196
143 173
147 288
152 261
271 245
65 283
228 186
19 52
223 112
0 35
136 281
290 171
99 32
197 151
93 58
205 152
10 202
109 250
296 224
223 297
67 176
250 116
284 174
56 210
127 55
117 83
142 3
286 253
298 121
277 202
237 246
10 133
159 282
100 177
244 164
75 156
53 26
69 138
88 23
99 57
72 116
146 0
70 4
73 261
11 187
169 66
170 269
117 98
26 95
217 97
70 131
282 69
249 216
169 199
260 272
2 223
224 197
194 45
49 76
59 79
42 102
85 173
150 130
245 41
154 217
238 298
112 195
212 281
57 206
101 77
37 189
263 221
80 12
142 287
248 229
198 46
98 103
144 222
188 9
227 284
98 143
197 115
10 293
97 194
223 16
48 272
238 152
144 44
127 217
78 146
251 201
99 86
240 147
122 108
61 107
172 100
124 223
184 203
60 171
59 123
244 93
296 158
121 247
30 183
274 146
75 27
239 103
291 243
182 238
69 143
65 157
224 0
10 198
298 172
224 20
23 187
183 2
52 249
73 218
218 14
156 39
165 97
241 151
223 281
244 271
171 185
11 71
287 46
122 121
53 207
86 282
281 102
55 233
155 39
14 201
271 241
206 92
100 167
183 0
165 5
90 208
21 118
76 18
17 293
165 155
154 163
207 223
80 165
287 239
280 93
225 228
12 242
117 279
291 235
163 23
11 132
239 146
59 247
7 228
28 134
127 98
176 236
255 48
290 68
9 19
1 245
103 271
37 55
123 0
153 54
270 56
199 5
233 85
197 259
105 143
192 128
157 0
176 23
221 13
39 228
257 266
128 37
291 0
224 33
187 94
4 275
232 261
21 187
205 126
144 161
61 38
147 0
233 286
130 36
240 143
276 257
97 128
203 56
48 99
203 237
75 208
45 154
85 31
157 51
175 236
62 262
129 70
285 281
298 153
161 54
52 215
289 5
217 74
193 199
146 261
225 26
7 82
31 29
295 199
213 3
147 95
72 1
286 155
161 293
228 273
40 63
52 160
103 94
172 185
104 123
54 270
269 59
148 43
44 248
146 126
247 0
277 96
259 206
115 50
195 39
95 75
196 246
145 297
282 58
265 139
286 90
72 285
108 205
205 32
242 154
180 281
195 276
144 283
281 16
58 73
190 113
116 223
18 71
160 36
209 66
107 25
166 55
194 7
189 60
74 280
67 106
61 81
293 264
263 266
231 169
171 299
172 121
161 64
10 171
142 178
116 61
152 50
188 269
5 109
44 263
103 79
223 105
93 298
98 3
235 87
263 204
143 145
289 146
217 86
87 215
148 231
213 160
141 74
188 62
167 113
207 0
169 296
257 18
264 207
88 19
215 287
172 299
205 208
196 75
49 54
193 78
82 205
188 4
190 280
184 154
23 166
53 132
52 189
199 195
151 134
288 260
146 18
212 233
97 212
110 161
162 271
113 136
72 86
25 90
57 205
187 53
151 226
205 211
152 201
232 206
190 8
227 23
78 119
187 209
88 243
29 236
61 19
190 186
110 153
3 176
247 212
219 241
131 252
212 290
151 128
216 214
84 39
148 189
191 87
9 96
17 45
81 278
47 276
245 249
100 142
222 113
75 220
289 52
231 142
181 253
288 185
165 149
74 263
190 292
88 273
36 11
119 102
276 230
67 281
138 38
12 67
245 290
35 86
70 281
127 279
254 180
164 38
201 216
258 229
126 228
230 117
68 222
67 66
145 23
260 218
111 191
87 143
26 49
186 298
177 188
128 93
226 177
1 99
7 170
280 105
72 163
19 245
112 119
177 8
135 33
48 6
149 74
56 67
223 120
31 85
149 124
125 211
219 204
197 26
107 162
61 119
277 24
131 68
151 141
23 141
90 139
11 118
169 193
272 109
119 75
135 38
119 295
151 94
197 254
181 159
212 250
255 215
45 38
297 189
139 106
290 165
169 296
91 281
268 25
65 226
36 60
97 213
168 78
107 165
217 10
65 153
289 260
112 242
285 235
10 214
6 164
116 183
21 264
109 150
289 9
278 93
110 108
187 229
268 8
55 187
59 234
96 188
78 128
280 64
196 195
81 226
132 18
134 220
148 124
36 289
211 285
60 75
10 264
173 211
174 57
17 87
109 280
192 77
170 179
242 76
188 163
4 198
223 262
11 88
187 162
275 181
189 231
125 147
62 165
63 9
204 221
273 103
111 152
138 254
268 173
85 13
225 227
205 89
62 228
88 207
99 112
57 90
282 255
193 230
52 120
26 245
277 281
272 268
148 12
68 200
202 9
167 278
182 132
211 236
71 7
268 190
125 268
270 120
168 266
174 278
61 165
138 2
103 209
13 190
177 125
244 87
52 256
257 73
297 266
72 12
257 198
71 91
119 12
43 115
39 265
66 111
205 194
198 295
258 169
163 119
3 296
233 294
217 240
293 231
257 159
65 244
226 178
213 127
256 236
143 172
66 72
234 142
190 52
123 101
189 254
129 284
24 123
161 29
193 227
130 263
264 46
32 91
270 30
125 255
149 182
234 122
71 259
164 117
127 191
118 288
253 217
248 99
262 139
259 254
263 139
184 21
173 15
10 272
299 16
135 12
171 245
135 109
190 168
297 51
143 98
24 267
33 106
104 167
8 41
122 258
25 102
52 257
180 102
231 266
222 69
220 7
28 298
228 58
86 206
228 176
275 252
246 247
153 28
137 202
84 285
78 260
40 297
57 77
159 248
71 60
186 93
17 22
37 211
265 255
108 221
291 109
66 59
219 116
207 227
258 262
202 81
116 123
152 45
26 64
113 133
201 274
210 287
141 138
22 35
216 156
247 142
120 296
63 152
299 235
90 73
115 10
258 90
34 56
88 107
82 266
96 160
22 7
271 154
69 208
180 15
81 201
49 103
200 75
297 291
91 60
264 56
15 86
189 257
282 278
292 98
195 243
106 50
186 58
81 157
86 137
216 77
282 173
214 256
22 76
208 170
186 178
59 274
241 9
12 99
200 135
250 275
28 130
175 267
272 252
205 174
183 281
53 92
236 200
208 166
159 176
105 53
133 88
88 112
299 268
105 246
90 46
299 45
6 269
270 5
236 210
125 276
63 24
58 204
161 277
176 123
223 129
26 189
108 292
54 137
229 174
93 265
98 76
11 152
274 267
165 191
287 0
53 286
238 258
270 278
9 145
43 7
97 22
250 101
176 234
267 223
31 246
244 285
139 81
210 284
268 226
105 205
238 267
20 72
246 74
234 124
207 229
133 126
164 159
293 221
164 153
138 61
188 294
100 209
68 196
254 270
29 160
255 200
173 196
90 44
206 223
101 122
3 206
233 222
16 220
42 147
94 104
75 141
143 160
296 109
72 104
217 213
185 99
117 165
104 268
10 123
186 248
6 264
149 223
71 293
55 240
154 87
142 199
264 159
62 257
123 227
207 275
35 290
192 4
14 21
212 192
286 50
66 87
245 45
268 182
21 264
4 175
69 150
117 2
66 291
160 24
207 280
156 237
131 201
107 180
143 260
157 256
27 227
102 1
83 226
289 85
70 25
273 86
147 253
185 184
121 175
255 280
169 282
262 271
23 180
18 1
9 133
184 1
260 143
67 168
5 6
93 187
102 166
144 58
81 242
134 7
158 282
268 174
230 60
227 163
21 121
102 70
52 16
218 256
289 33
206 145
201 202
198 46
67 217
9 183
5 299
127 15
94 251
77 256
24 130
44 39
133 299
23 108
214 295
190 161
129 227
294 264
31 124
6 179
295 104
285 10
207 82
253 62
216 41
170 118
216 178
239 28
193 116
137 117
85 184
269 206
297 236
275 241
36 170
37 40
222 165
7 132
158 253
179 76
298 250
223 200
131 233
246 104
10 278
59 101
251 226
65 291
55 164
207 70
120 53
166 260
277 232
272 109
111 128
95 257
131 244
180 269
289 247
249 18
35 20
62 42
111 205
172 105
286 186
214 10
153 157
157 221
243 227
78 122
89 284
292 286
3 110
63 146
233 293
76 182
245 49
266 222
177 96
84 83
49 89
148 65
296 196
207 64
231 112
64 57
198 33
165 238
140 45
98 106
211 1
60 39
7 26
168 71
44 30
72 55
89 131
234 237
94 163
240 98
82 174
72 241
121 211
88 231
236 33
202 161
237 285
257 140
1 150
177 166
123 255
228 22
137 169
84 62
148 254
271 192
189 52
116 177
269 234
291 237
28 148
251 210
14 190
190 200
279 187
20 5
0 235
64 289
239 225
262 207
135 73
48 50
231 146
226 10
159 31
12 288
53 62
107 46
254 34
57 30
299 44
138 214
203 256
37 256
216 37
232 57
158 266
247 13
277 58
266 229
260 148
65 133
127 6
107 279
52 72
187 96
171 57
264 257
226 286
223 17
46 17
174 37
66 259
122 192
127 232
163 47
293 105
22 198
293 231
7 258
237 27
45 86
110 158
38 261
83 61
139 103
251 171
162 35
56 115
123 156
230 157
25 102
123 135
284 158
73 120
67 203
187 262
30 142
206 200
218 269
153 231
184 143
268 20
108 175
85 191
75 194
237 284
243 285
234 201
270 265
72 139
247 90
273 145
93 86
26 147
82 115
187 193
237 283
188 76
193 233
106 123
237 56
101 77
158 133
163 47
80 59
73 202
74 150
181 131
237 113
117 125
198 72
208 32
94 143
186 74
107 72
210 277
143 122
264 86
127 224
289 223
25 5
275 79
211 76
274 177
10 123
133 99
210 187
142 231
243 140
139 12
195 12
23 284
70 49
35 151
134 156
268 81
284 52
274 192
65 83
135 280
165 175
117 15
33 27
293 19
263 32
131 276
171 137
86 37
188 190
31 259
64 253
89 206
252 119
227 127
87 191
26 148
64 86
137 32
124 92
61 148
6 144
23 13
68 138
164 190
39 74
172 155
21 177
100 26
89 222
91 66
70 180
125 73
144 105
123 143
110 18
152 163
12 274
90 180
218 183
109 45
71 206
192 105
213 76
212 116
220 284
228 179
38 110
297 269
37 89
23 82
212 255
250 276
211 149
1 59
75 131
79 78
253 256
236 173
202 93
158 144
189 121
115 228
296 143
96 44
34 125
55 72
148 220
283 234
158 157
297 291
111 105
170 131
88 237
48 36
16 202
106 168
217 266
240 264
78 11
236 171
249 140
160 170
221 110
133 79
66 60
255 234
270 57
36 293
222 273
85 145
234 225
163 145
261 47
262 11
214 82
211 218
214 228
142 216
10 214
271 28
55 35
105 120
87 190
20 183
189 61
178 122
63 89
194 267
158 226
137 180
152 240
268 116
107 219
6 254
66 64
274 220
225 139
269 40
170 30
10 234
42 77
170 262
285 260
79 123
90 84
28 165
235 137
108 202
129 151
221 8
65 161
223 68
228 282
96 92
294 152
97 234
289 254
273 54
85 222
4 243
177 112
128 142
120 202
50 168
142 191
119 78
243 81
130 152
52 58
77 256
57 26
115 168
73 7
288 30
164 32
183 190
207 198
4 132
268 33
78 196
126 55
223 31
272 239
234 25
194 98
64 78
97 44
230 272
298 187
246 22
59 124
117 251
65 268
42 21
137 218
97 142
221 36
179 2
217 106
270 16
119 116
247 292
12 79
68 181
137 140
223 42
36 215
30 191
59 40
202 119
254 42
103 247
248 67
176 256
186 140
279 199
158 211
188 174
92 158
53 234
114 243
241 62
97 144
207 133
163 76
264 37
251 228
126 221
98 125
116 50
200 255
158 124
28 192
115 44
110 2
114 37
210 274
291 176
245 2
275 163
91 90
273 287
197 135
191 216
57 179
253 116
146 33
222 62
183 132
55 70
235 229
40 238
139 40
3 165
150 59
230 81
273 219
271 219
243 259
167 95
42 88
65 278
50 105
212 255
115 24
270 206
287 24
131 184
22 210
290 40
230 191
152 65
32 44
130 92
229 182
137 151
87 39
184 164
53 132
264 117
207 280
172 109
201 146
271 263
14 182
282 270
236 41
267 199
130 192
250 116
86 76
186 130
299 144
152 40
139 15
75 86
216 192
221 210
22 285
76 131
269 11
80 204
28 14
231 85
244 152
140 150
124 148
4 61
72 32
162 153
74 143
119 121
224 186
55 68
193 261
111 107
14 87
55 160
109 44
84 270
111 56
269 79
162 262
128 298
68 297
271 71
111 142
62 270
90 61
151 270
191 67
114 281
265 284
123 162
264 165
220 79
234 120
131 23
102 20
246 249
74 270
242 121
160 297
135 120
37 296
59 16
191 126
36 195
23 62
270 32
152 167
190 199
17 278
260 12
186 158
24 247
251 1
30 113
256 279
226 273
68 51
271 290
28 151
77 42
138 140
115 98
43 40
104 32
253 211
216 127
141 257
259 293
48 36
221 66
210 124
274 266
234 246
242 259
18 112
221 227
208 274
157 254
107 215
251 157
8 24
272 84
134 92
178 1
196 129
210 178
151 5
11 151
212 37
233 63
261 133
14 113
67 226
206 208
62 217
270 16
295 17
272 179
49 141
257 287
171 97
198 194
131 256
21 34
54 210
294 100
271 151
70 11
238 219
288 248
253 154
140 209
86 225
9 208
158 53
169 135
276 114
217 197
246 75
274 247
152 26
294 201
235 42
61 75
98 67
53 12
134 279
232 155
89 215
159 12
9 173
0 83
173 242
111 79
68 224
110 82
265 243
121 62
205 204
135 228
237 166
152 221
205 166
246 230
56 12
0 135
290 73
218 168
75 104
191 13
102 197
39 260
159 139
254 4
209 89
94 15
67 73
294 9
196 81
178 69
202 211
194 115
1 178
1 29
19 188
218 177
69 265
225 262
217 243
255 163
109 165
206 239
283 177
46 292
178 245
126 112
224 153
103 49
160 36
262 175
193 273
271 114
226 251
231 53
291 14
263 142
272 214
235 33
192 214
244 57
227 124
156 250
62 15
271 11
179 23
141 204
200 214
274 13
222 74
17 207
281 295
118 177
180 79
286 136
19 106
167 292
84 20
268 125
72 61
6 127
108 3
147 146
234 112
266 295
55 180
213 84
123 172
275 18
104 10
88 106
156 86
226 44
263 27
27 200
64 290
165 155
171 201
26 272
29 259
112 264
198 222
239 93
9 22
52 175
282 211
30 239
6 219
200 287
290 125
0 8
211 29
89 71
198 107
247 97
164 202
80 260
180 257
266 54
236 186
105 288
273 227
290 274
234 283
62 281
33 248
251 226
267 126
23 79
272 239
57 261
238 91
39 246
67 193
158 239
292 69
219 271
183 205
173 117
127 133
231 255
278 81
185 260
199 157
60 268
169 49
262 104
244 84
131 248
54 37
170 54
114 272
265 223
122 109
282 74
191 136
249 291
153 78
53 16
231 189
281 203
286 170
153 245
159 154
213 128
260 46
167 231
235 290
215 192
87 103
103 26
254 53
188 161
73 274
117 236
119 77
286 144
279 211
158 3
137 252
48 212
196 30
211 39
134 167
167 97
12 132
31 172
94 17
88 251
88 8
101 248
57 270
150 25
176 221
206 8
263 177
75 172
3 172
19 77
49 105
29 283
125 88
54 280
287 74
52 209
47 13
83 89
241 291
287 138
86 262
210 134
278 212
129 111
75 27
129 260
111 179
241 85
39 78
69 137
92 184
160 83
17 155
119 94
138 112
81 105
245 194
19 104
50 6
134 219
210 77
293 63
169 179
15 200
124 91
132 95
24 139
198 103
96 248
186 152
26 172
49 283
51 118
42 44
139 235
95 191
222 153
77 18
189 221
24 32
146 2
34 200
222 238
2 38
103 131
46 126
109 26
199 286
185 90
115 49
169 288
10 100
281 106
72 1
11 254
251 45
29 125
0 31
146 79
100 236
128 37
84 204
196 151
85 258
20 174
20 153
222 163
35 170
52 18
292 129
246 71
67 96
281 140
246 46
270 42
85 110
247 7
122 162
74 149
274 227
122 167
131 114
164 115
207 215
101 85
151 184
139 26
114 21
205 22
187 205
205 204
182 34
232 81
201 295
238 197
174 8
170 178
24 237
119 36
106 50
106 150
226 263
269 39
8 94
105 58
78 35
242 163
36 160
129 178
132 50
31 206
85 93
153 167
164 20
183 55
296 49
269 278
221 229
33 287
74 166
167 211
121 142
157 225
157 30
184 15
185 21
169 8
226 90
149 277
173 98
249 84
213 282
122 175
179 13
34 86
36 239
283 157
213 78
186 299
61 54
250 115
259 111
258 126
290 291
198 108
150 70
108 146
176 248
171 4
92 166
154 247
254 267
243 287
265 25
46 157
274 268
54 180
123 270
289 36
172 67
14 148
292 208
4 18
112 159
58 60
89 275
207 16
121 277
191 170
256 93
11 10
294 12
68 15
80 12
152 228
208 263
208 183
186 221
2 181
185 71
126 289
99 106
62 122
230 155
113 149
11 8
223 93
232 293
164 145
181 234
153 225
101 200
34 10
164 185
119 11
233 5
81 226
87 246
59 34
4 114
248 238
213 232
172 221
16 158
91 79
87 131
24 251
57 238
47 207
114 268
212 280
49 50
230 150
42 30
247 199
79 276
62 30
56 170
39 271
271 183
261 262
78 268
113 77
276 11
171 60
136 131
69 193
186 268
210 269
248 252
39 284
120 186
144 192
43 110
65 176
12 73
238 166
181 231
74 230
37 133
229 224
42 174
188 178
194 54
94 81
73 84
169 297
45 238
49 298
53 174
128 134
75 202
41 91
194 59
272 107
295 180
200 115
119 137
10 2
142 215
117 267
154 46
246 22
92 168
239 153
46 22
54 164
22 273
256 138
96 106
204 104
239 28
185 213
52 8
177 36
67 102
125 258
113 104
172 100
216 131
22 48
192 270
89 133
166 270
59 22
12 28
232 282
187 68
15 128
224 122
271 90
186 247
250 100
226 19
285 124
216 165
155 296
22 183
146 42
144 73
186 256
205 154
179 60
72 208
190 195
42 69
137 222
50 200
255 22
175 279
271 44
53 111
235 183
232 149
110 74
2 192
275 234
137 292
161 136
149 245
257 157
149 131
230 229
250 18
198 100
203 225
14 298
119 165
124 283
109 140
48 284
121 177
134 299
249 114
163 87
38 140
256 131
56 243
178 151
210 200
288 67
162 1
183 87
37 156
257 278
53 226
0 55
225 138
196 296
235 229
102 268
190 32
257 262
233 23
151 53
110 128
176 248
177 294
286 3
125 53
103 228
252 193
191 206
75 200
75 251
240 106
147 286
42 128
119 49
91 33
19 27
119 136
121 145
101 200
11 49
51 250
242 192
47 16
234 250
107 298
191 1
164 181
85 143
167 30
190 62
242 258
149 204
91 253
223 138
249 228
114 216
288 14
111 27
36 190
209 274
270 249
100 286
254 70
137 144
246 81
237 279
214 37
88 151
7 45
108 147
76 277
110 268
52 175
31 201
125 267
53 197
276 156
178 261
299 124
162 285
52 25
89 151
129 199
216 153
117 212
136 191
273 16
253 134
156 21
217 174
22 83
83 191
184 204
265 293
9 21
142 164
23 134
113 243
292 74
26 216
75 113
96 93
281 208
188 27
191 253
27 229
190 201
157 135
120 248
259 69
255 284
6 247
120 190
231 228
283 276
216 224
126 186
225 50
99 56
98 191
285 105
298 190
248 137
179 72
69 163
43 9
23 126
185 79
43 23
49 193
71 3
243 6
58 269
240 34
152 187
176 174
105 20
219 11
7 33
214 108
260 99
10 82
97 216
260 251
256 21
230 97
156 253
60 225
278 108
52 56
206 72
151 237
193 52
12 82
220 137
165 92
3 123
58 204
260 95
18 157
135 167
21 295
295 221
226 43
134 62
123 262
1 296
118 20
219 204
294 6
207 175
52 87
75 157
298 266
285 16
285 40
280 163
150 48
265 206
162 36
217 256
111 43
140 160
169 200
260 287
21 196
93 202
107 38
73 143
45 68
262 175
179 223
269 275
12 15
98 107
3 299
216 153
92 242
228 296
219 253
33 274
283 172
88 56
254 79
215 160
185 215
101 77
154 247
28 87
235 92
58 1
124 70
142 233
77 73
91 259
41 104
26 46
132 62
21 32
273 52
279 124
284 261
200 125
99 286
145 217
161 206
82 125
190 52
89 202
234 31
64 100
55 260
122 206
253 137
237 227
244 251
292 173
11 165
254 172
53 159
176 142
30 272
135 140
43 2
95 226
81 246
191 32
258 43
109 36
157 228
261 102
189 288
209 197
261 227
67 212
58 30
112 162
80 185
142 185
133 208
232 277
72 125
26 18
59 116
87 133
167 16
294 99
204 254
109 33
244 269
28 32
171 115
44 136
12 96
252 192
169 235
181 60
126 69
275 297
193 140
111 221
63 179
210 191
28 89
94 82
249 60
133 246
103 49
28 46
245 205
243 165
28 280
76 154
25 150
148 145
191 121
255 143
164 6
216 206
37 274
145 232
247 178
32 62
206 241
68 136
238 74
152 110
20 99
202 58
144 137
184 41
89 132
61 5
137 106
76 154
153 86
127 25
56 130
117 21
160 206
74 95
108 129
292 151
213 93
10 282
244 50
217 163
268 94
83 297
46 228
246 115
273 16
3 88
155 269
106 248
242 221
17 109
61 261
211 72
110 10
71 257
210 190
147 53
160 96
82 198
261 79
35 41
25 115
1 30
263 89
243 86
29 134
134 116
85 168
143 79
229 27
100 44
172 149
254 280
96 23
87 85
187 47
62 241
176 261
240 23
244 74
253 105
149 13
180 236
85 153
261 193
31 230
143 47
29 248
135 283
288 112
250 173
192 274
33 282
90 221
163 98
166 269
163 84
206 99
249 199
171 161
70 26
62 114
51 199
62 54
162 90
58 126
69 295
16 55
191 240
68 182
202 162
177 149
265 92
267 128
43 267
95 44
12 211
147 81
106 114
43 5
34 154
45 240
52 102
20 108
136 150
294 168
10 133
132 192
148 153
209 123
21 221
273 263
7 243
233 145
101 159
286 104
181 68
57 166
89 117
114 203
83 276
190 189
235 100
13 23
253 199
248 297
88 87
113 212
134 226
133 102
244 81
118 200
138 31
196 15
115 167
81 270
105 167
273 282
287 121
234 285
219 144
71 144
1 293
1 14
135 283
113 205
60 299
49 150
265 277
93 290
204 118
138 30
122 12
178 91
90 176
29 177
234 212
262 73
62 63
70 241
289 87
106 44
223 275
84 42
260 104
74 254
43 262
34 150
11 251
0 207
31 16
255 116
19 35
206 101
66 43
113 238
158 280
142 134
248 243
121 258
290 111
99 81
274 71
137 233
25 283
227 191
27 35
135 224
221 72
143 280
124 99
89 59
85 189
98 205
215 7
59 284
150 58
288 106
266 210
177 206
254 30
182 248
144 75
8 253
119 143
5 206
256 41
100 186
161 107
112 240
2 139
25 139
87 201
174 7
41 121
236 238
113 279
169 101
54 105
159 173
102 0
275 77
80 21
54 212
95 129
92 9
37 67
216 65
215 244
84 78
181 114
170 223
212 64
149 18
287 217
218 157
56 103
193 37
70 286
119 237
105 255
27 121
107 190
244 30
150 170
32 153
28 250
266 162
240 189
175 14
84 2
42 157
188 0
119 153
283 250
120 45
263 170
240 173
6 15
291 216
180 236
262 257
242 5
132 134
7 80
89 277
1 69
73 217
93 163
62 185
60 254
228 43
139 107
87 193
226 9
247 209
183 47
188 4
231 76
181 220
150 228
7 254
212 39
262 81
252 86
290 117
66 193
252 210
252 31
70 244
246 30
30 180
189 56
85 139
67 172
221 17
65 161
291 133
3 234
205 161
278 195
150 36
32 125
144 30
224 232
83 8
79 40
192 160
108 214
287 202
89 242
179 259
274 112
107 263
2 122
147 75
47 79
295 211
114 260
119 243
202 12
295 204
223 58
226 209
141 267
249 246
76 128
78 174
155 140
134 157
44 207
1 233
124 198
212 193
234 273
145 111
8 76
168 49
202 201
281 89
101 114
192 153
17 66
254 29
247 154
182 242
231 85
200 88
165 219
64 170
189 283
125 26
278 287
230 20
34 18
177 158
12 17
269 238
115 291
253 52
0 149
62 4
251 87
81 65
14 143
2 101
14 29
8 163
105 145
184 13
28 225
158 48
30 80
186 149
35 120
36 120
64 150
195 112
196 146
37 281
285 149
277 163
254 266
178 142
222 90
287 222
139 60
227 244
239 131
193 239
219 168
214 118
287 93
217 293
187 95
158 80
41 197
28 216
147 124
225 88
226 286
275 195
38 202
243 286
179 73
136 295
207 186
69 137
69 118
276 281
246 156
62 109
149 16
89 55
93 192
214 203
198 58
200 273
89 72
58 32
9 263
284 71
191 72
293 53
254 110
18 183
79 153
160 87
195 246
62 81
10 206
237 4
0 59
221 42
92 104
37 198
47 108
286 131
84 133
149 8
96 14
76 299
222 55
144 223
5 132
169 78
177 105
131 141
6 229
108 220
262 66
223 258
179 279
204 181
285 134
145 257
95 27
0 9
230 27
262 130
89 34
47 103
226 173
241 180
80 92
233 52
74 105
284 13
152 225
270 274
263 70
120 78
112 213
13 147
279 193
20 274
72 203
0 261
170 44
267 129
190 114
123 299
205 268
293 68
101 41
234 248
10 298
220 32
264 21
36 138
140 217
80 118
40 126
79 212
218 132
298 258
136 80
57 141
216 296
284 192
243 269
76 54
114 83
251 225
270 216
288 219
76 201
281 235
112 206
2 188
5 230
151 121
196 107
214 79
111 7
132 68
6 7
69 51
129 286
201 116
141 119
164 217
56 71
65 168
237 230
238 230
155 28
30 129
120 98
36 288
98 31
156 160
61 183
70 55
73 274
171 5
187 228
167 270
250 177
291 138
187 259
118 192
231 31
117 290
297 156
217 63
283 221
261 2
250 41
215 33
247 0
15 148
274 273
231 87
238 299
132 295
140 49
193 143
39 102
106 49
189 115
1 202
72 219
258 223
219 49
99 262
156 106
208 82
126 243
110 256
104 278
24 276
242 266
11 58
215 75
245 195
43 98
224 74
265 238
151 51
115 196
195 277
222 30
222 269
222 188
141 177
85 198
15 268
263 232
12 90
81 36
172 170
165 254
54 24
279 244
299 28
238 219
240 65
252 41
278 274
249 296
95 236
122 59
173 15
161 130
52 79
247 98
274 116
231 248
28 299
295 101
204 258
275 295
192 121
253 138
99 149
156 121
72 20
261 54
182 101
296 167
56 159
73 154
235 121
162 117
285 192
54 294
215 150
72 104
209 284
222 298
254 294
80 195
74 243
293 81
238 129
269 126
21 245
165 286
264 242
232 187
38 35
73 176
206 91
221 274
143 0
188 215
147 258
273 197
255 15
136 271
143 11
60 245
30 189
186 262
144 278
12 232
183 79
172 75
69 149
297 1
58 242
279 133
295 54
105 148
61 224
195 168
165 196
102 16
30 32
116 125
234 284
93 258
24 199
150 187
269 14
46 110
88 100
187 179
226 281
276 183
92 112
139 246
125 273
152 135
133 264
176 124
141 92
122 170
284 225
256 266
271 243
143 291
206 71
121 50
145 168
224 125
221 41
147 111
106 205
62 90
14 111
278 262
151 165
144 65
104 190
232 238
140 266
18 273
233 119
117 96
178 70
103 58
30 215
198 201
218 11
275 28
131 249
103 88
248 285
220 164
94 165
43 230
118 180
22 55
85 77
253 147
249 83
79 267
197 221
257 45
293 47
219 109
24 55
180 57
292 33
5 191
251 242
120 224
99 285
84 176
43 0
167 179
211 74
35 28
120 297
241 164
298 30
239 137
167 256
152 15
257 233
239 161
30 24
97 295
154 9
16 151
16 184
167 59
241 10
89 241
284 46
30 6
283 285
254 164
164 200
213 68
113 101
47 198
136 52
282 184
256 17
102 272
28 142
265 152
174 171
253 78
83 107
187 197
174 188
274 75
94 232
281 130
73 152
251 150
153 77
0 153
192 237
78 297
70 57
88 204
129 197
138 241
4 69
84 127
269 128
46 178
187 95
92 137
216 179
142 230
299 287
58 47
90 257
256 110
47 17
120 56
280 197
106 101
57 179
261 75
164 289
85 69
9 230
137 28
290 246
199 219
193 212
211 134
152 221
145 223
11 144
57 50
100 143
256 133
244 219
152 114
174 173
215 45
71 29
86 216
202 51
179 78
222 212
266 20
86 83
42 82
244 185
129 113
20 172
67 137
0 95
135 20
38 180
242 113
173 246
103 138
151 230
136 103
127 64
83 79
115 137
15 80
108 38
211 187
239 75
118 248
286 51
142 271
203 12
193 70
36 156
52 137
18 182
255 219
203 64
217 5
150 125
222 80
91 132
286 60
28 121
223 41
266 262
157 41
206 37
294 202
133 159
141 210
155 4
123 152
41 218
53 24
258 36
226 296
73 168
39 73
88 203
270 116
279 5
233 242
28 41
186 193
192 17
172 219
53 209
194 49
182 299
157 30
114 5
70 145
109 103
178 22
120 146
206 183
154 142
213 145
132 254
201 8
195 202
293 83
121 9
157 263
60 189
126 275
64 135
124 233
65 163
243 246
269 190
98 99
220 219
96 124
126 85
231 105
151 219
210 143
257 114
66 240
247 44
225 20
44 73
253 80
283 253
193 1
174 182
191 0
221 75
72 24
298 213
57 114
227 116
225 167
34 47
79 197
2 208
108 15
146 178
30 123
198 266
234 8
288 90
149 234
52 22
60 267
166 111
156 174
82 289
297 29
124 75
96 180
25 179
206 26
295 172
141 66
192 290
204 177
185 130
222 274
184 267
134 8
184 171
282 287
63 123
236 33
88 175
7 129
290 81
176 298
244 89
272 181
205 210
21 192
112 298
49 210
230 85
284 192
184 155
156 113
169 238
281 121
67 195
12 264
134 171
284 31
242 295
261 128
54 165
114 233
27 212
185 118
272 58
226 222
164 220
165 85
89 44
150 6
163 153
131 120
129 83
90 141
140 139
245 23
291 243
157 12
18 237
157 21
94 45
101 169
57 174
221 199
21 20
58 100
145 286
111 142
154 293
220 254
68 133
116 92
239 184
156 230
56 118
182 171
103 158
12 250
224 98
268 56
89 250
94 34
192 114
57 83
254 278
79 55
192 88
214 217
82 43
137 254
220 230
200 15
53 17
141 46
287 128
179 175
265 99
69 108
261 136
159 285
169 237
272 281
108 274
242 154
165 265
194 294
243 26
185 5
217 73
122 150
207 103
263 201
169 276
65 163
294 202
47 279
148 57
255 52
149 172
87 45
260 253
62 80
108 148
265 267
78 125
163 105
84 74
131 172
41 161
163 232
256 204
71 222
41 81
112 91
27 212
189 208
187 219
259 113
264 275
78 189
187 165
117 237
205 63
246 149
152 240
230 11
200 118
174 236
3 185
91 16
65 268
226 16
154 117
206 176
22 186
183 32
278 35
241 116
259 22
2 178
251 291
7 133
192 49
44 13
104 77
173 285
172 1
207 274
171 207
13 143
80 24
114 295
252 166
71 153
95 216
277 74
274 180
47 199
249 122
74 89
293 214
141 217
75 159
118 25
297 235
68 293
272 249
96 238
44 293
259 129
162 261
290 158
202 32
249 167
3 30
259 126
58 50
291 206
137 263
53 165
244 22
217 148
252 167
237 269
201 135
58 152
243 169
207 87
139 119
208 140
273 26
158 174
282 2
38 201
198 14
104 247
191 102
21 29
248 219
236 13
196 158
64 0
286 122
295 149
100 184
53 140
71 297
203 258
231 83
35 213
107 135
239 206
277 180
116 244
106 287
48 269
46 232
73 255
140 285
149 297
54 241
214 186
205 21
191 20
282 28
94 213
60 193
217 298
96 83
199 108
62 22
259 166
184 154
43 283
154 167
59 116
185 262
188 245
273 164
96 101
39 216
279 51
90 84
191 277
237 219
87 225
201 43
248 269
207 193
48 299
80 117
275 25
217 287
254 8
249 178
131 160
100 136
117 88
174 2
224 106
20 112
67 60
1 165
43 67
151 106
132 182
299 230
15 29
204 179
46 62
143 56
86 286
123 131
260 96
6 233
180 36
294 105
165 285
129 240
129 136
275 190
74 49
95 294
187 24
263 152
94 136
7 119
7 206
257 45
272 132
158 55
296 66
158 299
205 124
38 265
48 242
115 127
169 99
103 257
90 54
188 57
231 208
176 277
62 96
61 202
68 231
215 19
230 81
213 242
72 210
178 124
176 246
28 122
185 142
107 120
241 135
117 34
263 289
139 9
90 139
80 84
22 290
227 144
134 105
90 238
117 255
163 37
19 6
248 199
89 234
192 184
106 238
290 44
260 148
299 73
65 154
278 87
240 146
0 189
145 271
130 286
176 78
131 27
56 159
146 78
49 70
79 177
16 37
120 183
271 55
8 67
24 217
288 113
164 131
190 20
178 298
233 62
72 6
281 198
257 10
14 115
211 257
250 147
45 299
203 205
113 277
9 230
97 215
12 210
258 75
40 220
53 131
66 43
28 53
46 254
129 85
249 115
46 148
87 39
15 134
174 110
294 221
66 42
86 180
156 183
230 148
210 178
5 184
240 53
131 207
130 291
9 219
167 63
150 227
152 172
166 31
118 96
241 279
211 141
224 184
3 165
69 20
42 74
283 253
24 223
124 253
208 100
38 210
3 142
175 182
226 10
208 92
277 242
126 178
22 162
75 77
24 85
114 77
197 162
205 22
67 263
30 180
111 39
281 288
247 141
125 49
104 213
254 82
214 75
265 46
130 47
209 228
70 61
214 91
77 266
205 14
46 82
252 122
60 101
252 117
290 198
249 58
287 180
80 236
54 82
58 266
176 156
208 167
187 253
201 283
276 49
228 133
298 105
67 155
241 117
164 194
35 269
174 268
288 167
296 81
273 299
296 167
294 197
172 299
157 108
7 186
114 244
31 205
219 152
243 137
14 48
224 259
255 209
193 76
167 258
170 201
219 283
4 296
56 272
125 30
252 207
212 127
72 3
104 222
44 296
183 48
167 47
115 76
261 290
95 170
261 244
159 292
251 2
49 201
109 75
182 221
44 52
174 131
58 79
26 154
197 241
213 111
181 86
120 246
220 168
134 229
144 278
140 197
282 248
96 79
212 8
254 40
131 114
84 231
117 212
297 243
75 14
64 208
70 8
248 15
224 232
277 249
84 204
142 135
278 189
41 282
88 267
243 180
8 211
212 91
210 288
93 154
13 255
267 29
247 298
72 49
157 94
286 209
264 10
219 121
246 135
16 49
73 233
284 211
158 18
217 75
104 151
248 81
169 114
75 248
80 154
39 244
286 69
117 19
30 40
158 105
120 151
0 57
59 205
141 53
149 199
62 1
189 175
95 275
257 71
286 94
225 61
172 129
248 253
37 93
111 259
189 224
288 24
245 29
131 176
193 179
50 47
261 94
98 273
105 245
239 157
12 190
225 91
104 78
241 115
143 141
168 262
93 128
77 20
231 97
87 2
294 293
18 117
299 53
6 264
195 20
288 297
58 86
267 151
297 49
180 52
273 152
296 34
82 231
246 111
29 148
131 164
192 285
42 171
32 263
193 145
141 44
47 289
53 156
219 154
1 233
148 71
168 183
21 8
70 187
38 244
107 179
134 47
218 137
69 33
86 157
270 106
54 104
245 22
285 153
147 73
114 287
49 40
31 109
131 70
115 213
79 168
222 100
279 179
69 130
172 42
86 274
85 100
287 27
57 210
140 163
219 256
189 33
70 162
225 117
297 227
21 6
173 159
250 281
31 146
252 126
288 233
150 234
80 81
242 84
107 134
160 151
276 287
42 98
126 221
281 153
110 286
84 125
117 248
65 241
112 34
200 122
135 3
105 38
135 298
107 242
242 98
284 112
25 109
228 129
197 127
215 182
155 17
33 236
8 63
233 115
247 215
216 90
274 242
161 26
86 126
264 140
162 33
137 35
290 63
250 77
53 208
29 138
105 22
40 235
17 190
3 128
163 68
123 237
134 239
26 263
102 60
67 166
236 111
113 229
81 209
86 190
198 144
209 252
143 86
46 217
279 69
8 39
156 3
78 183
260 297
43 246
252 282
290 267
128 115
54 217
118 106
99 174
223 224
174 80
185 194
208 201
190 191
208 98
214 284
126 152
80 162
161 249
249 99
262 116
57 87
86 295
93 69
84 44
67 121
230 219
41 49
192 141
192 178
299 39
20 25
14 247
72 256
191 76
131 33
51 173
92 209
33 220
96 285
232 172
277 59
295 249
34 112
94 20
4 173
36 70
273 59
168 84
149 183
232 156
108 146
21 212
207 20
220 72
118 103
236 262
227 299
119 80
209 234
46 140
176 32
101 212
220 114
234 66
200 154
120 184
117 24
230 221
27 130
122 19
97 142
221 85
234 14
204 25
70 236
64 35
221 265
263 110
164 183
38 116
194 288
271 75
258 34
71 72
21 0
104 47
272 166
293 135
118 75
247 94
145 63
250 160
81 102
95 295
63 81
103 70
98 3
284 153
207 178
104 189
124 133
250 140
73 241
206 28
29 202
124 52
70 100
20 51
191 235
117 206
110 102
179 249
220 280
242 38
194 196
220 35
261 281
278 133
84 37
146 208
297 285
297 92
250 39
158 174
106 175
12 207
2 67
25 61
247 204
265 227
217 124
4 250
278 172
129 29
46 187
114 122
104 204
224 153
82 148
187 28
193 38
51 145
193 228
242 265
153 74
13 121
74 17
220 161
248 191
248 250
201 191
229 60
49 198
13 83
90 225
182 81
163 236
130 160
37 235
229 205
197 176
161 193
86 129
88 13
33 129
247 153
18 298
290 172
234 227
120 189
285 293
99 53
49 242
78 203
287 134
22 28
48 9
242 192
70 159
285 297
58 214
50 131
234 17
81 30
269 214
92 172
239 172
89 101
254 76
235 145
35 104
145 166
123 200
76 262
241 190
296 88
119 140
169 209
26 278
27 43
102 285
112 125
254 286
3 262
229 106
220 187
248 48
139 66
192 229
75 190
288 32
76 169
21 141
145 142
264 47
20 249
294 93
168 36
6 170
144 260
158 185
211 44
141 13
171 96
192 264
184 227
225 260
123 155
177 171
272 245
182 173
277 269
13 32
24 299
178 267
101 73
32 235
69 83
176 260
34 183
145 227
208 202
193 25
255 79
90 256
51 182
252 261
3 131
52 282
156 237
262 243
234 113
36 184
184 172
59 144
114 74
238 247
207 270
286 185
193 191
70 9
267 165
231 181
1 222
276 248
130 94
13 105
202 96
40 116
24 182
154 231
247 164
57 201
235 270
288 254
49 245
58 94
156 130
278 112
50 297
91 299
220 251
173 148
54 156
61 245
261 2
257 72
31 162
140 143
180 293
119 135
90 243
81 247
110 78
143 148
107 69
134 256
69 248
189 22
25 267
56 121
237 30
280 195
17 237
124 98
152 93
90 47
223 108
78 165
127 261
6 131
268 27
110 245
228 116
262 141
216 251
13 239
199 86
240 87
249 64
71 167
19 6
87 38
229 25
294 23
269 10
19 266
23 84
101 255
41 101
275 131
193 36
116 160
105 241
49 51
169 190
51 160
54 247
120 83
91 43
148 8
148 59
109 130
28 195
11 37
4 40
211 189
138 204
93 29
208 136
248 124
170 299
259 148
139 179
3 80
233 99
44 114
11 134
217 212
256 262
94 286
160 116
176 210
202 239
60 109
206 256
240 189
16 67
184 152
155 283
255 248
181 91
146 179
279 200
223 192
128 194
40 2
44 149
48 12
98 112
67 71
176 216
185 291
15 107
112 246
31 75
292 88
66 267
135 201
226 268
227 186
209 176
234 174
63 214
39 97
17 224
253 110
31 109
24 84
131 140
90 122
146 298
264 233
270 250
231 15
295 141
295 274
291 2
285 60
153 79
43 12
137 235
46 27
91 173
45 14
84 186
87 117
64 83
289 178
190 5
27 137
126 151
104 192
230 126
188 51
27 154
246 281
205 42
92 220
84 88
33 150
24 280
270 8
267 292
189 297
238 266
234 32
158 179
146 142
276 169
20 51
57 111
281 159
69 181
168 151
170 175
223 72
20 292
240 136
156 232
198 212
147 279
134 145
164 254
281 11
70 204
244 84
14 121
88 82
258 65
231 92
251 239
258 165
52 172
8 211
271 182
25 15
126 211
214 169
10 75
80 95
11 61
179 273
145 201
35 51
46 227
70 173
262 101
46 119
88 263
175 39
159 257
129 253
29 111
181 160
270 169
272 152
254 268
233 24
223 229
293 86
92 60
51 210
204 115
2 106
225 260
241 160
80 92
157 13
229 182
130 79
116 36
194 254
218 177
91 197
27 103
266 211
85 289
189 28
12 59
78 35
121 95
147 71
11 9
216 92
203 144
34 26
0 136
105 153
57 181
287 48
129 64
175 197
118 51
191 202
276 206
178 134
276 34
82 103
90 14
222 111
119 202
34 158
157 73
58 100
83 131
267 277
269 59
222 134
286 172
141 102
49 166
91 204
193 163
16 203
216 95
148 131
60 44
136 196
235 30
167 21
160 14
289 285
119 48
253 240
220 44
134 165
239 171
267 192
287 268
209 297
296 246
180 29
226 141
168 284
71 24
254 12
231 202
152 28
237 293
155 260
297 8
220 6
103 157
264 77
281 63
184 116
61 48
102 173
191 299
295 38
245 123
172 200
236 104
257 42
45 118
210 168
54 84
62 239
2 58
273 86
273 79
235 128
111 99
49 117
128 275
201 126
237 124
257 81
80 31
53 226
81 77
57 117
281 0
74 168
150 294
54 24
238 190
252 183
76 267
201 242
242 77
18 209
149 276
216 140
48 246
83 29
189 62
213 197
29 119
107 113
246 251
31 15
10 251
52 89
42 4
270 26
9 162
93 110
117 286
90 136
224 200
210 250
218 237
211 13
202 260
17 242
299 152
93 100
256 2
212 272
299 230
121 15
197 222
114 283
285 4
119 115
90 293
299 155
154 165
157 159
226 267
57 272
264 251
77 139
248 211
166 172
64 92
69 251
206 103
49 286
296 2
203 297
262 292
286 94
122 241
59 61
76 120
218 7
88 105
111 73
266 79
108 286
273 122
154 33
36 72
36 216
104 86
44 236
113 234
82 165
206 127
147 238
97 250
145 99
232 236
40 244
109 259
39 204
202 253
73 12
31 298
294 34
279 200
261 50
6 137
234 76
222 44
68 294
22 151
186 258
38 220
51 58
5 244
83 84
290 113
246 57
172 123
162 225
92 75
274 237
176 100
201 145
21 207
284 159
157 225
62 113
145 175
173 292
161 167
162 59
179 16
200 278
257 209
279 74
250 189
262 40
255 244
295 181
236 33
290 186
198 253
39 85
299 146
179 193
60 158
281 250
177 299
134 200
26 143
87 67
257 207
152 142
197 170
130 216
177 157
97 171
248 168
255 8
153 105
91 40
3 266
32 34
42 105
40 136
221 121
241 170
275 12
254 31
222 74
94 290
109 197
260 226
74 227
155 164
39 109
231 58
71 81
183 215
128 274
279 260
158 153
52 220
75 74
131 99
105 115
48 82
85 285
93 73
299 52
178 272
4 72
287 172
273 16
23 208
218 18
245 235
160 255
23 45
144 130
243 106
120 96
278 32
166 43
95 37
169 144
34 70
261 84
262 243
9 217
26 247
5 1
35 205
83 115
67 62
283 293
91 39
132 82
51 219
115 53
175 252
78 214
46 64
110 29
147 158
188 30
24 38
233 244
166 223
111 36
76 99
65 68
110 239
110 35
71 54
14 238
129 38
18 246
206 131
37 159
259 81
290 239
47 221
293 175
150 74
213 203
227 195
265 51
123 74
113 18
267 176
99 115
195 134
263 232
145 147
134 250
243 165
54 106
9 179
215 295
141 108
138 95
27 249
216 207
33 159
203 253
289 253
101 146
119 244
12 94
40 125
266 260
9 95
37 80
70 283
245 198
181 294
251 258
114 195
74 281
263 246
186 235
54 64
291 201
46 175
219 58
104 148
121 249
56 140
286 271
260 113
272 76
167 66
219 110
296 3
93 278
59 71
124 64
31 229
228 179
97 260
104 227
166 280
13 269
63 1
84 30
133 199
8 291
58 261
142 255
249 167
104 213
228 95
221 210
33 136
92 257
33 258
290 198
27 110
23 246
50 134
203 115
258 170
220 186
230 143
211 27
42 64
28 183
272 50
288 42
265 218
8 7
208 82
126 43
102 277
276 152
94 86
164 89
150 86
119 197
236 255
193 271
285 242
84 199
92 3
2 95
31 133
288 110
152 247
270 204
59 295
0 27
152 29
209 138
65 76
118 59
77 49
241 264
263 169
182 166
147 146
73 267
48 221
67 186
231 5
2 123
291 253
207 289
162 261
100 237
49 92
84 282
266 180
26 276
275 266
181 257
172 186
74 112
135 95
61 261
93 117
117 148
177 26
143 186
56 152
0 37
18 266
92 284
185 67
129 33
108 256
15 291
283 118
96 151
44 149
155 19
239 39
288 45
206 158
286 142
134 75
205 42
69 30
181 229
97 233
161 146
233 232
283 292
279 11
209 278
272 98
246 264
102 171
181 69
118 60
206 179
121 240
243 275
156 149
249 211
122 2
66 162
93 45
134 57
280 215
238 145
39 292
193 23
228 39
50 151
238 170
205 196
103 269
45 63
215 268
60 209
264 42
36 268
171 67
253 18
221 282
189 208
202 76
92 197
124 14
261 155
134 246
215 291
188 124
70 161
69 217
98 255
268 142
53 245
128 170
206 3
92 39
147 131
281 127
91 251
26 144
30 150
166 283
39 215
283 180
47 289
177 76
105 30
204 10
16 216
278 71
169 209
78 215
272 10
59 204
264 115
137 41
275 232
206 148
3 280
79 271
142 213
170 232
50 202
246 80
74 26
271 171
44 237
37 238
170 171
232 144
123 257
0 262
144 60
100 116
258 151
297 288
157 104
223 164
64 0
206 51
103 266
48 228
15 294
7 128
29 186
5 238
74 115
28 295
58 230
208 120
164 163
240 117
90 48
171 217
269 225
118 173
19 164
185 96
189 77
80 114
191 244
101 50
67 145
74 51
117 200
251 241
203 55
259 75
211 246
270 53
168 154
135 74
67 43
288 247
70 24
254 232
158 81
68 84
151 30
210 172
149 77
290 104
134 249
254 180
77 146
199 106
266 20
244 8
73 1
279 201
76 253
34 283
138 296
254 248
81 217
192 184
55 170
84 98
44 66
160 274
6 280
29 105
186 276
195 281
16 261
210 217
294 192
196 206
279 262
213 282
258 206
20 196
131 106
187 95
176 99
221 220
134 288
214 178
206 294
209 2
261 150
97 5
207 194
73 234
186 41
239 130
268 57
77 255
144 115
64 63
288 69
230 10
74 60
58 140
61 31
38 249
94 234
267 199
31 206
197 292
1 287
169 126
54 18
33 186
150 187
262 183
43 162
213 43
220 36
39 53
54 287
66 44
161 34
210 9
225 239
32 70
286 104
152 230
276 132
278 188
21 163
95 241
162 22
3 95
79 253
281 97
61 31
137 281
209 204
273 192
274 77
293 221
38 23
251 164
189 159
126 43
14 173
184 99
248 241
138 0
277 101
67 59
238 265
229 107
158 2
112 165
170 41
235 215
192 145
0 275
103 110
288 15
201 99
284 251
204 139
121 147
224 17
191 208
55 66
265 271
167 109
265 19
145 137
113 57
126 291
176 47
138 158
250 238
298 243
180 15
76 175
244 258
299 15
254 69
175 219
107 211
82 291
116 72
83 89
102 175
222 54
98 298
277 34
50 203
114 255
225 92
252 40
127 94
269 103
264 57
166 134
8 147
191 253
135 63
264 238
105 101
224 64
263 91
238 165
173 295
163 246
80 222
148 255
242 264
215 76
213 90
171 163
122 58
284 246
43 262
221 147
254 246
135 210
264 235
225 6
143 11
241 295
91 47
126 192
225 213
113 294
84 23
192 95
85 164
33 290
90 61
259 116
166 272
173 283
166 102
250 257
129 141
200 237
52 54
89 149
51 190
219 266
16 203
33 175
238 206
243 73
219 107
30 132
127 91
63 253
268 208
67 174
244 204
92 6
227 117
266 252
249 4
56 237
186 42
117 62
288 41
62 32
247 166
104 152
265 211
298 279
258 91
206 224
57 108
223 65
183 265
98 238
114 62
65 43
10 201
59 101
191 295
136 280
84 105
190 77
147 60
105 220
1 261
127 86
31 39
252 17
126 94
117 248
177 219
298 161
150 49
103 174
192 253
270 280
119 197
113 13
211 64
228 223
200 232
49 170
98 250
269 229
3 299
112 149
6 123
273 72
123 179
261 97
244 102
280 266
205 51
257 141
293 181
57 246
284 117
181 222
30 13
263 18
103 83
58 0
178 201
264 13
118 119
205 178
175 30
195 98
255 147
258 94
90 141
229 220
27 275
118 105
77 187
195 91
80 146
28 226
128 100
133 37
154 162
87 288
51 97
137 108
298 63
65 153
226 150
131 182
70 17
140 271
18 17
216 266
167 141
229 160
223 119
48 294
85 153
9 158
240 242
297 47
63 47
170 150
157 149
294 0
79 9
276 286
69 47
0 152
92 108
206 196
54 180
13 63
232 134
233 9
19 227
12 147
123 83
5 12
49 189
239 278
79 278
162 299
245 55
78 89
2 280
40 101
43 1
166 32
146 243
42 224
250 92
1 37
292 166
238 59
105 270
173 268
104 79
117 48
231 150
58 255
138 217
80 213
145 215
75 270
27 276
8 43
7 104
252 135
107 8
206 198
182 215
281 17
181 116
268 256
202 148
182 126
145 86
297 87
206 73
194 183
182 167
147 121
113 180
294 6
274 118
156 206
211 131
14 275
121 239
284 66
166 135
77 175
105 204
74 128
262 295
89 120
88 165
188 298
212 219
22 193
29 237
191 285
100 143
124 250
128 203
257 40
90 55
34 59
89 118
78 192
98 74
131 83
126 80
127 43
237 242
133 213
227 249
220 149
164 137
29 229
96 61
0 158
48 176
131 209
220 51
258 64
2 228
108 200
41 166
114 198
102 181
22 5
107 254
93 116
17 79
22 282
9 210
281 293
195 70
188 204
261 248
99 109
266 223
229 291
223 26
19 293
41 122
100 200
92 59
58 43
40 82
214 281
51 19
257 75
155 194
47 71
185 63
65 89
217 79
155 176
197 243
182 213
104 109
71 284
206 230
232 111
260 144
99 117
50 82
13 18
239 133
262 295
263 50
208 284
12 110
1 50
169 244
55 86
289 299
120 51
290 96
151 271
293 17
88 186
291 141
51 204
32 207
181 188
186 30
153 217
180 113
74 145
58 99
177 250
191 33
293 294
55 216
14 205
79 278
222 34
125 61
82 237
159 167
210 143
11 47
126 171
31 27
295 297
184 198
230 198
157 163
149 129
228 202
235 239
67 258
260 266
106 131
225 294
12 238
202 6
209 219
71 19
185 155
49 133
74 290
225 62
232 298
169 20
239 8
146 194
159 228
71 255
138 64
1 37
168 71
20 191
127 247
97 225
235 128
200 193
199 228
59 150
83 30
120 171
30 124
155 196
194 154
174 299
215 225
128 207
3 57
48 191
30 74
23 42
6 254
24 107
105 162
166 211
135 40
98 227
157 192
274 130
120 135
43 194
236 27
124 130
83 108
31 98
299 191
159 5
66 7
256 73
201 153
81 253
83 260
163 209
22 240
279 170
127 156
207 89
21 256
91 43
298 220
173 54
49 285
168 239
206 244
298 34
34 217
297 98
106 192
201 124
140 240
273 28
187 288
11 14
27 267
170 200
91 84
158 78
136 288
178 284
276 251
184 139
142 171
246 40
96 259
212 207
45 155
162 263
218 287
199 211
283 284
16 148
74 23
274 115
252 8
61 23
74 190
200 280
2 287
114 283
70 176
133 244
229 208
41 286
220 162
66 25
7 123
100 214
154 160
126 89
39 269
236 155
53 192
235 198
273 293
140 294
69 260
287 205
2 294
287 35
69 201
114 147
136 114
51 112
82 104
160 209
264 139
37 7
266 98
173 155
197 2
136 140
273 228
269 273
159 11
106 71
256 168
181 289
74 262
110 281
218 0
232 236
132 160
4 89
228 118
159 99
274 204
210 182
106 156
208 252
63 284
112 167
29 156
37 246
75 24
67 240
290 140
30 74
174 46
13 32
264 286
44 216
163 2
86 56
82 168
109 264
2 230
16 102
130 12
210 51
12 93
14 278
182 156
45 18
68 135
129 189
119 113
185 203
216 5
195 163
207 222
253 210
192 198
176 172
188 134
11 170
2 94
200 236
276 228
154 55
108 24
35 71
18 81
285 4
133 157
9 21
120 251
36 50
115 130
265 255
171 289
227 211
201 153
9 213
205 31
257 124
94 133
66 183
234 163
230 1
10 106
178 93
81 182
234 249
172 30
108 152
52 176
64 241
157 21
126 163
122 146
251 138
243 161
217 1
149 56
78 9
176 30
137 258
82 289
272 22
200 264
37 282
197 157
136 82
194 288
138 36
88 206
283 87
82 24
28 137
182 241
263 134
148 72
42 5
275 18
187 149
181 36
258 178
45 16
24 247
22 54
156 14
297 126
281 178
122 233
125 277
251 286
79 219
83 34
261 204
211 12
207 257
228 182
13 204
261 40
223 134
22 186
127 23
254 126
138 93
74 61
138 44
206 215
156 152
226 20
131 25
185 122
137 109
23 181
252 174
282 85
111 55
199 66
92 33
30 68
177 245
299 1
41 63
42 221
40 157
270 201
88 39
224 180
127 279
63 145
256 66
41 77
42 286
41 149
108 50
228 209
148 245
184 88
21 281
242 6
268 244
286 189
41 261
263 286
134 254
18 99
61 106
127 220
151 181
209 248
15 290
204 278
122 245
278 55
41 258
13 162
32 31
219 94
240 265
76 231
181 175
290 172
292 250
250 13
277 180
45 239
187 215
255 200
131 153
56 78
175 48
72 51
33 211
201 83
173 257
83 166
141 236
203 41
293 251
152 284
43 74
133 264
29 267
180 246
149 110
90 3
188 134
6 180
280 174
161 276
7 8
213 182
145 41
123 11
99 299
279 227
113 251
240 228
134 90
128 67
102 230
159 155
248 209
46 98
57 80
11 74
294 101
24 29
48 94
20 22
14 230
24 127
209 212
21 181
290 287
248 94
74 4
109 23
100 279
79 184
256 14
291 136
261 22
195 265
128 190
56 66
102 151
190 247
183 4
186 111
174 46
143 89
42 249
279 245
20 208
224 165
266 115
272 102
134 225
20 192
165 59
165 239
43 238
4 61
194 191
54 283
106 29
298 179
294 72
90 214
11 282
103 84
283 101
3 231
116 279
206 65
240 149
33 237
270 3
37 78
52 211
204 187
4 236
182 99
98 250
19 22
43 219
283 187
166 182
2 54
248 277
7 245
250 27
235 155
72 127
61 267
67 142
275 274
252 211
247 236
208 120
92 129
147 240
103 267
27 108
89 279
14 8
31 190
264 172
175 123
82 121
144 10
116 78
118 92
38 98
191 286
246 60
1 143
10 292
231 211
246 90
39 126
153 100
129 12
183 201
59 211
80 84
82 28
64 243
84 279
18 116
37 290
253 146
158 176
49 193
155 42
47 259
240 258
107 207
293 230
1 69
117 127
167 185
148 91
24 224
26 82
41 50
97 184
68 193
264 267
68 36
68 27
279 149
50 170
270 254
40 167
287 177
146 227
40 220
142 124
95 289
25 107
51 66
120 63
13 196
183 208
132 114
46 232
80 35
57 56
52 83
256 7
269 70
98 46
243 218
256 207
51 212
84 27
185 27
198 141
75 216
44 65
123 289
86 112
114 86
298 11
125 52
180 101
239 112
246 57
115 11
9 98
202 24
162 245
279 14
288 256
12 158
295 231
201 206
276 254
121 278
112 231
250 29
228 247
89 42
257 47
99 201
22 224
158 203
195 121
158 83
218 222
299 162
215 141
116 158
256 101
271 104
202 85
142 255
219 107
285 214
172 229
187 141
9 192
249 159
182 228
12 20
85 110
255 191
138 198
161 81
262 128
133 122
5 75
210 229
77 273
74 204
18 37
204 67
32 191
155 22
296 87
299 194
57 201
69 221
259 132
138 210
65 142
35 133
119 65
111 261
205 97
293 223
46 275
207 70
214 53
105 23
120 284
185 85
33 132
99 123
216 136
6 37
277 29
271 237
160 42
147 256
205 273
177 29
155 6
43 194
190 120
173 241
100 263
163 274
158 202
19 266
231 176
165 89
247 189
214 237
54 17
243 165
162 187
159 94
272 230
61 195
231 140
280 10
37 219
0 208
116 159
247 154
205 28
89 188
185 85
104 168
229 243
226 30
133 195
132 216
45 137
93 104
80 115
220 253
198 191
156 175
269 77
91 250
279 159
53 69
178 188
0 147
136 294
41 63
88 296
165 227
211 187
111 122
193 175
16 84
33 223
8 62
129 278
36 25
40 230
183 78
78 187
207 135
75 278
167 59
135 137
20 241
256 29
240 206
45 49
172 3
205 198
230 159
114 211
285 194
28 16
47 61
152 215
95 67
71 45
185 61
162 155
205 160
110 270
294 229
254 256
108 251
104 80
184 234
152 47
113 283
118 165
159 131
244 270
67 79
132 171
197 72
1 44
44 194
150 93
184 289
234 59
97 278
239 297
55 128
132 118
166 209
270 132
192 278
56 174
156 111
163 277
169 170
245 270
159 194
90 52
289 229
88 85
244 19
236 155
147 197
160 84
75 31
228 64
74 67
110 239
85 93
272 107
105 129
148 253
89 41
240 158
158 59
135 287
59 249
170 241
221 143
146 127
133 76
110 50
208 193
207 210
147 42
60 275
237 31
167 20
285 131
260 137
214 220
178 232
56 123
212 197
119 18
180 82
182 248
13 6
164 43
148 177
25 158
229 181
280 37
151 24
121 214
20 255
212 17
49 11
211 176
223 67
90 182
221 250
150 243
130 24
151 88
155 167
198 187
123 53
106 62
219 235
278 21
56 145
217 215
260 269
134 173
167 135
290 239
189 111
185 104
134 219
185 133
103 82
119 120
223 129
180 233
199 116
164 127
294 92
183 83
194 280
236 113
277 78
96 152
5 40
279 235
124 78
261 18
137 93
97 17
74 275
81 236
41 167
250 57
145 120
42 52
54 138
182 188
257 6
273 30
26 43
203 103
147 198
137 163
271 234
236 104
7 266
80 95
251 139
265 158
155 180
267 225
88 79
18 182
260 215
109 115
70 162
163 156
48 71
54 5
284 154
99 26
213 221
158 26
274 104
190 150
188 116
271 224
80 153
285 95
15 160
59 15
114 297
134 193
285 206
176 268
188 262
237 128
110 79
198 9
162 276
76 242
294 124
25 3
267 186
268 264
114 119
288 29
23 121
145 118
109 239
118 64
125 166
16 95
62 56
55 67
286 121
283 113
211 235
235 168
192 19
137 155
70 174
266 98
44 183
94 76
108 83
248 27
269 247
146 65
230 220
218 296
266 233
76 98
114 155
87 30
183 97
204 0
48 275
72 29
3 224
210 283
74 100
275 277
135 24
296 203
236 22
67 235
49 71
10 85
266 216
265 68
165 203
141 147
217 288
239 258
276 176
266 250
76 270
22 46
13 77
276 26
263 234
72 88
180 169
84 78
6 92
119 277
192 100
30 198
12 19
94 191
36 226
243 82
67 137
291 21
173 135
177 210
80 295
180 161
68 39
256 215
21 221
108 54
50 233
106 293
164 85
48 247
93 183
26 285
43 248
24 133
67 180
3 209
295 22
110 121
105 62
289 213
51 244
195 249
202 225
65 201
70 30
250 17
137 170
72 131
163 206
128 149
216 285
243 97
226 214
255 63
111 16
263 148
70 217
131 116
240 205
80 211
58 262
238 173
254 232
123 70
144 124
74 184
36 182
292 123
96 4
45 267
50 17
73 167
212 124
60 207
188 179
159 262
224 61
128 280
79 243
16 292
18 215
68 39
188 137
98 77
230 129
171 272
157 141
165 128
275 52
280 37
277 5
205 129
39 74
132 94
203 189
100 97
144 193
54 89
118 195
51 56
54 164
4 85
260 155
27 115
57 29
57 10
121 77
176 66
135 2
169 18
227 32
253 110
244 178
221 152
250 4
228 156
132 243
261 41
104 153
73 37
176 184
166 120
109 100
290 216
195 38
270 251
114 233
286 11
245 85
117 67
173 82
81 113
200 194
109 289
299 197
68 217
64 38
297 107
194 120
283 200
174 99
91 278
194 206
112 22
170 249
174 286
132 200
227 168
192 179
173 288
180 76
187 264
163 111
132 124
180 13
221 38
184 142
208 48
170 252
88 190
110 141
175 270
36 71
115 147
298 142
116 58
132 18
23 236
129 121
256 183
16 177
40 238
260 171
129 220
108 140
201 45
18 8
152 109
232 244
123 100
286 14
41 151
231 27
118 299
124 264
163 245
155 188
201 192
51 257
206 245
96 80
201 42
166 25
191 273
143 182
85 220
53 272
273 66
151 60
174 160
8 26
32 274
192 233
180 52
96 286
37 32
232 117
276 121
245 57
146 131
195 298
84 161
289 150
285 51
224 104
129 104
174 21
63 189
252 10
232 258
44 249
101 172
89 101
59 293
103 42
199 29
188 3
35 114
278 76
288 246
37 228
90 60
100 18
108 100
146 190
176 15
29 56
24 246
11 21
18 239
73 174
33 224
221 1
88 65
220 90
107 158
160 211
295 27
190 219
42 215
203 208
262 290
299 157
257 282
135 262
94 289
160 212
34 52
13 269
132 42
64 135
226 279
188 111
78 8
21 2
104 90
89 141
143 57
13 79
139 36
12 193
194 298
52 51
101 12
291 40
279 288
167 208
248 32
63 164
1 184
272 58
160 292
134 117
62 48
281 190
297 247
19 61
189 133
107 149
198 188
81 107
4 206
9 57
182 155
274 44
169 77
176 67
230 13
265 34
149 221
50 0
215 140
284 158
96 215
217 14
134 36
221 18
272 99
285 11
156 181
157 78
174 8
209 226
21 142
268 59
9 262
8 212
49 91
55 115
84 163
65 160
236 245
121 172
65 98
185 90
47 222
255 126
179 257
189 156
144 136
270 268
184 231
61 206
225 141
105 152
10 104
198 227
223 91
96 145
100 68
7 257
113 132
65 41
68 54
228 193
203 86
238 143
205 39
177 290
291 201
96 247
191 17
83 157
211 210
138 173
165 51
13 73
122 62
193 83
45 153
117 238
157 42
278 60
263 31
245 72
155 165
38 97
215 252
108 156
255 241
6 264
166 176
31 249
134 5
58 47
246 2
45 29
31 186
226 143
44 140
181 264
161 94
228 140
118 150
148 24
289 259
282 257
126 115
284 30
238 208
25 120
6 138
288 12
7 151
25 71
251 262
148 289
42 179
70 26
82 23
115 259
195 1
217 232
131 201
11 240
282 288
289 156
183 284
75 66
12 200
138 271
297 141
3 53
292 73
53 217
239 217
202 270
227 146
277 84
156 205
166 294
260 160
149 164
187 113
251 59
62 78
184 153
161 175
37 221
38 161
146 24
86 87
284 251
124 132
198 170
135 164
227 288
120 74
184 223
94 52
222 168
180 38
269 45
210 15
258 69
223 134
147 231
68 194
257 124
43 113
107 89
140 179
105 199
14 240
45 64
43 257
271 82
227 214
116 31
82 167
263 75
204 271
100 244
292 247
162 239
262 103
250 33
114 145
269 228
46 262
203 27
260 244
187 274
189 168
42 69
0 167
35 124
172 204
145 177
93 213
98 243
21 219
181 22
141 273
65 64
43 93
12 152
65 256
221 286
270 19
203 176
265 216
2 236
80 165
16 189
88 123
116 41
128 215
192 53
88 170
166 187
223 212
173 17
182 84
242 199
201 294
174 204
292 272
281 78
174 157
223 196
270 238
292 135
215 268
44 182
231 206
29 297
207 231
21 58
284 46
44 287
169 252
230 44
210 137
151 195
212 217
177 28
34 145
51 99
92 33
272 4
183 164
121 54
48 287
117 18
101 157
296 225
21 157
186 291
167 94
220 29
94 131
61 16
220 145
136 106
249 213
109 297
154 253
260 294
179 290
177 277
214 135
275 4
99 256
272 227
119 117
231 282
299 259
49 17
205 283
218 297
149 297
139 288
124 103
207 134
142 67
299 168
248 113
180 1
27 126
121 172
189 298
56 156
103 129
154 78
203 99
123 258
282 164
243 100
37 215
251 22
186 254
215 165
66 176
130 220
223 202
137 203
268 166
236 40
229 55
123 48
95 151
75 111
45 254
172 100
80 72
202 224
41 11
13 134
15 9
251 298
208 25
208 121
230 28
11 228
276 158
168 14
180 269
297 27
222 223
94 80
95 151
81 114
44 48
242 238
291 131
42 196
202 286
180 17
29 281
179 238
40 159
248 54
160 18
134 128
73 29
90 173
80 277
249 128
20 73
90 120
202 118
29 90
1 238
263 285
185 112
209 125
34 241
9 80
222 264
150 204
294 271
137 274
173 83
4 146
282 216
231 281
70 263
165 217
200 103
260 138
8 56
20 37
211 190
5 247
163 208
189 151
74 241
49 288
121 296
221 53
18 56
117 139
219 186
158 103
220 76
66 116
163 55
52 266
275 99
231 202
74 254
36 118
82 171
103 263
268 204
197 15
141 231
125 45
204 79
207 227
156 213
257 17
162 32
53 62
224 159
201 66
65 80
294 77
95 292
233 208
143 278
109 95
128 60
275 73
29 93
151 249
149 26
299 54
0 283
120 159
17 193
246 266
125 254
197 276
271 0
44 134
2 134
292 299
189 236
278 239
250 53
35 234
173 287
112 249
262 197
264 237
34 294
208 223
257 46
138 286
234 191
148 27
283 263
116 273
175 164
4 110
293 6
287 29
62 46
129 92
5 266
220 32
16 148
55 141
143 152
42 77
43 111
163 52
69 85
198 130
80 244
213 115
225 192
187 265
52 168
175 281
286 22
154 169
263 249
297 291
141 259
289 162
22 65
160 218
64 112
275 30
213 156
270 278
38 230
224 101
11 224
1 259
206 51
88 43
263 89
265 78
84 169
59 77
10 217
152 121
291 107
204 245
149 52
33 174
78 189
167 0
102 124
245 45
76 51
251 67
106 178
91 59
230 22
45 54
62 188
119 172
296 57
4 107
37 209
152 290
280 267
98 298
214 5
25 29
24 266
249 209
29 206
221 145
223 95
223 81
0 141
208 210
238 26
214 14
172 15
139 58
53 137
12 182
123 88
138 80
172 171
139 99
102 78
262 256
268 169
110 262
184 31
160 39
172 177
78 117
266 118
220 176
288 293
213 293
133 296
200 247
247 194
145 146
280 257
87 216
237 235
133 234
211 155
109 166
277 85
4 207
97 192
49 148
156 175
177 82
158 165
243 61
201 149
47 178
268 226
214 170
290 48
32 250
139 69
219 112
168 69
244 290
183 237
180 90
271 156
282 135
110 72
12 80
230 231
178 194
111 179
39 140
114 265
54 159
246 230
272 54
280 25
191 250
202 2
42 273
108 17
33 23
2 233
127 260
20 176
267 173
233 258
260 290
213 248
208 234
157 208
133 246
247 242
41 119
5 278
235 79
37 209
73 106
233 155
39 178
266 2
285 278
87 272
118 36
90 70
80 81
164 283
254 122
229 153
17 86
159 92
91 165
22 163
274 108
101 275
270 48
155 296
32 275
85 24
210 117
233 288
271 51
288 235
98 287
161 261
84 93
179 298
203 292
295 153
27 40
31 116
274 154
235 49
41 296
20 274
221 51
6 251
251 46
260 160
75 149
191 40
21 100
18 224
54 146
181 157
108 46
249 183
46 111
262 95
135 156
297 134
255 148
150 126
108 87
27 196
297 292
213 157
253 151
97 132
70 98
184 38
221 179
235 218
185 37
120 46
8 19
195 220
82 107
16 240
56 46
230 123
200 118
265 50
149 221
75 195
124 92
291 225
63 0
269 282
76 31
203 111
36 175
66 136
253 21
219 195
80 213
24 224
139 51
216 54
178 184
234 157
123 111
289 16
103 243
153 64
152 93
265 60
131 294
10 186
49 284
116 180
291 199
189 183
102 278
187 57
230 287
204 119
80 233
219 226
24 133
98 70
261 135
86 70
0 51
34 149
279 261
162 295
184 271
279 156
128 43
290 25
29 278
251 193
180 169
14 181
98 168
97 237
20 154
68 61
295 292
134 195
146 26
228 13
4 49
83 113
297 150
128 182
1 69
26 25
73 289
12 180
279 137
133 199
152 282
201 211
62 226
183 272
287 13
31 180
177 113
83 231
107 218
176 244
75 41
195 251
246 210
226 34
159 133
113 248
271 87
106 10
41 211
241 271
26 128
291 95
293 266
57 104
161 28
71 36
52 267
222 39
87 26
125 183
75 91
162 71
117 199
119 111
160 38
78 65
114 28
19 221
84 125
264 184
75 285
287 195
203 206
38 138
158 274
150 33
29 70
55 206
63 289
214 136
198 10
114 99
255 214
45 3
250 274
95 200
229 228
47 56
138 14
212 179
173 298
31 217
47 156
170 85
75 25
83 293
134 88
15 88
41 75
234 53
43 7
272 104
146 128
66 217
104 247
192 11
204 48
115 81
93 278
156 20
266 224
221 27
2 118
109 124
159 95
4 112
89 263
37 179
55 210
24 125
182 173
133 44
268 26
127 172
98 263
5 52
242 91
13 10
231 174
281 112
215 235
22 124
256 271
271 269
275 23
141 134
219 26
82 279
106 9
25 278
177 90
130 72
173 177
183 276
34 26
264 27
107 269
114 48
248 203
131 16
291 134
34 18
51 129
285 222
171 242
208 181
12 249
56 119
171 299
163 37
197 115
8 199
217 224
108 203
75 249
260 44
9 45
59 285
62 108
209 70
81 250
192 163
285 127
154 66
69 13
157 240
267 27
98 186
179 203
59 144
24 283
259 238
30 261
161 220
232 47
208 8
121 39
173 289
84 74
224 33
16 161
259 229
218 0
217 144
276 102
94 37
248 132
212 155
57 227
33 254
18 125
78 277
182 179
32 147
40 76
252 28
136 142
146 211
217 199
130 25
187 140
33 74
281 2
199 218
152 207
196 42
80 58
24 112
259 31
297 203
263 281
299 109
184 205
82 173
4 144
96 118
273 284
234 225
188 37
76 52
130 172
172 282
90 224
101 83
61 291
78 191
111 45
45 113
265 209
265 178
29 285
269 267
126 25
9 186
228 282
238 279
179 77
228 263
4 173
174 141
36 33
137 67
246 208
177 258
295 210
283 80
58 10
231 287
153 161
215 149
253 113
217 92
290 267
240 206
2 184
239 157
4 19
185 53
210 161
102 60
211 91
152 183
56 235
171 111
284 184
241 80
82 169
262 277
192 22
212 57
241 291
51 63
203 143
116 223
168 291
84 68
78 65
275 106
259 207
3 62
14 244
87 108
275 265
273 187
247 140
129 241
170 29
82 66
166 153
262 84
278 101
46 257
30 138
226 24
114 278
123 25
112 255
77 298
249 112
126 159
226 155
135 170
84 81
137 141
231 50
89 30
105 23
118 42
181 149
250 174
247 65
217 92
197 223
58 218
108 218
274 230
243 88
36 218
249 237
145 207
61 152
37 193
288 253
221 289
204 22
86 235
110 1
168 205
87 281
270 174
117 277
53 201
150 106
107 117
246 258
209 255
140 76
278 28
35 265
219 254
49 130
96 196
268 58
86 100
22 156
60 114
72 188
24 134
149 213
44 248
212 22
128 282
273 240
298 293
17 54
201 152
79 19
260 189
180 178
235 66
200 176
206 143
255 111
40 213
6 267
62 165
72 226
23 250
271 287
91 184
35 118
297 50
22 31
94 270
50 54
45 10
86 52
262 2
296 61
26 31
189 46
258 21
218 49
55 161
297 1
50 167
150 154
210 62
174 219
110 24
132 292
285 228
163 249
146 196
203 268
225 2
79 114
149 219
138 113
51 21
3 48
162 265
292 209
25 57
238 213
202 113
168 40
98 28
213 157
273 262
82 120
152 230
155 299
157 281
293 254
108 158
38 189
135 127
226 186
27 181
271 264
155 183
260 170
61 238
256 27
61 212
100 248
262 171
274 88
64 160
85 39
169 9
232 224
77 258
52 270
262 12
227 134
255 278
41 91
193 138
221 191
150 181
235 151
134 63
222 60
293 271
87 22
118 288
254 73
138 271
46 44
265 198
214 142
157 287
207 210
170 52
20 43
81 103
48 62
92 130
18 117
279 56
188 9
184 157
280 283
145 90
290 68
102 150
208 190
198 232
136 73
83 151
170 99
91 56
282 221
47 204
219 6
144 294
14 67
157 20
266 267
158 28
156 138
67 58
79 94
3 187
117 0
62 75
290 174
134 151
153 28
210 158
166 256
223 275
126 289
270 102
9 37
238 287
18 189
156 247
90 81
216 273
202 13
57 66
47 16
162 160
150 265
58 158
13 220
100 152
72 119
221 289
246 196
52 235
107 165
85 57
181 44
294 22
20 42
169 103
68 285
170 291
4 166
80 200
123 53
115 24
68 160
285 100
197 43
67 98
8 119
182 298
215 238
200 98
72 66
62 55
174 124
158 275
212 118
4 269
178 267
120 89
244 294
120 219
219 34
85 226
136 229
179 254
273 229
41 268
51 66
77 203
66 263
165 290
213 115
122 217
261 49
56 48
75 35
19 239
82 103
252 166
273 152
266 144
131 128
277 216
188 165
58 4
31 32
10 39
22 23
267 186
236 177
203 181
78 154
179 29
115 46
262 24
77 236
199 120
10 94
223 277
86 266
189 209
164 51
86 146
129 299
156 90
290 132
217 188
53 66
243 161
132 234
135 51
225 148
85 175
232 204
204 140
114 271
179 210
108 257
195 133
95 71
92 15
9 244
279 177
49 46
41 60
116 169
105 70
135 37
93 66
176 264
36 126
32 123
57 239
199 168
96 176
45 259
182 234
248 221
234 190
192 93
216 235
219 53
12 3
295 83
102 207
80 128
15 52
131 256
43 149
104 22
116 133
181 105
256 285
296 266
164 277
53 82
34 221
197 133
219 240
125 53
88 213
251 45
50 191
16 214
27 163
271 144
178 204
178 291
183 236
50 47
94 105
71 197
279 236
275 163
169 42
67 78
70 56
180 232
33 290
116 230
172 19
278 256
62 173
26 262
125 112
141 296
175 216
106 135
101 270
119 254
20 35
221 136
100 69
283 200
90 284
152 70
78 47
241 121
233 28
204 212
246 31
113 238
2 299
22 166
115 83
278 155
84 271
229 146
289 250
106 261
172 48
153 192
203 288
126 149
41 220
198 2
120 204
17 101
146 247
75 234
82 265
34 254
93 226
155 258
188 192
292 244
209 281
32 53
35 297
181 114
69 64
85 86
192 13
111 137
196 100
109 298
226 282
157 148
205 128
187 260
43 194
138 24
192 252
128 291
293 231
124 272
57 118
147 127
204 249
147 87
297 271
104 239
17 194
13 63
2 246
139 216
243 182
296 270
272 193
215 107
251 12
229 49
212 126
281 257
189 93
105 223
120 277
45 22
118 103
233 298
41 161
105 103
54 262
203 273
230 16
185 243
5 112
114 49
119 182
41 264
241 52
208 55
85 44
215 31
294 76
197 163
83 118
60 194
50 8
64 253
198 286
199 129
134 64
211 193
238 147
153 116
294 38
258 195
103 124
253 218
271 81
224 25
250 78
198 277
161 285
163 51
240 53
159 260
182 183
271 66
163 108
1 182
170 187
228 3
154 216
183 20
133 50
258 295
204 134
44 206
214 46
133 83
14 273
159 66
184 67
215 222
150 101
203 282
26 232
227 86
237 48
86 206
83 239
215 146
256 75
169 30
170 104
2 69
10 96
161 218
149 266
189 74
134 92
93 160
53 121
122 21
116 56
148 121
34 299
238 17
285 184
159 117
135 74
59 225
243 272
189 172
29 61
160 294
226 279
176 68
255 225
29 61
232 73
50 109
161 68
112 141
184 60
288 103
255 159
32 189
99 134
216 41
57 223
22 106
75 212
19 6
230 123
98 31
195 170
130 6
109 11
95 168
21 143
42 213
135 221
289 239
185 35
276 49
251 1
266 34
69 133
133 276
65 56
150 101
238 64
10 191
279 231
214 139
202 16
253 2
126 118
195 245
173 282
80 137
282 276
94 47
294 240
67 51
64 102
202 28
182 243
204 63
194 287
77 73
299 57
200 26
240 188
82 141
35 211
290 144
132 287
111 63
43 178
221 62
189 11
30 15
146 53
190 143
73 60
289 114
296 57
179 286
183 80
266 133
2 275
90 288
126 245
278 73
213 45
274 145
117 118
157 261
99 157
5 110
214 78
186 180
292 184
234 211
145 11
134 102
212 158
175 28
136 87
206 231
135 64
42 263
250 251
270 7
298 79
240 297
123 210
225 120
101 145
92 247
291 285
299 161
125 131
264 18
263 267
86 134
238 296
112 137
32 272
183 9
185 102
6 42
132 247
261 154
108 283
221 66
293 194
255 63
102 186
163 211
38 83
33 179
230 290
244 270
79 109
213 97
150 144
183 123
211 205
131 56
232 189
50 124
230 226
9 254
261 57
249 278
79 261
11 297
113 255
98 69
106 96
195 102
146 142
2 203
171 254
15 260
138 59
14 208
268 6
118 59
146 206
60 106
260 160
123 145
6 265
70 298
271 220
134 51
136 244
130 299
243 82
55 76
176 75
198 278
229 67
242 213
108 278
287 93
247 74
262 255
51 269
224 183
58 160
296 53
98 134
295 286
201 216
0 165
275 86
86 21
65 271
280 103
189 194
114 70
204 107
197 226
6 112
101 29
272 210
218 248
220 255
23 51
184 7
291 156
173 235
15 39
51 36
84 16
160 245
210 61
291 201
55 148
234 98
291 13
149 252
244 117
100 190
288 35
235 239
214 145
98 93
146 266
9 103
174 231
139 183
15 215
209 158
142 170
163 81
177 4
139 87
266 268
296 46
114 286
227 177
91 12
8 103
69 34
75 34
56 27
29 87
171 169
55 257
173 213
235 179
216 100
179 27
296 82
56 191
252 1
76 243
279 214
12 16
203 3
2 97
244 181
66 152
239 171
91 51
139 11
49 185
256 261
89 210
74 140
149 212
135 260
98 88
275 121
71 23
30 239
246 61
9 167
256 152
101 64
172 193
276 32
73 16
200 185
89 46
178 153
104 166
175 61
151 282
37 180
163 12
8 252
256 245
7 23
29 176
249 292
62 26
28 111
18 16
24 91
88 107
53 288
211 226
33 116
182 273
83 76
216 61
267 88
48 178
66 55
68 278
248 243
175 74
162 294
222 84
265 168
184 259
45 10
128 98
155 106
169 106
169 186
189 108
76 40
57 211
263 14
185 254
275 270
91 203
98 254
12 296
52 210
92 41
156 299
214 34
286 273
248 157
20 64
103 294
86 94
45 12
63 155
75 159
93 213
191 207
152 246
111 174
110 241
145 157
167 109
187 75
197 45
129 19
206 178
246 191
91 64
178 82
54 133
157 118
290 261
34 269
242 95
80 81
203 1
16 31
33 146
154 234
260 279
47 154
63 171
133 13
113 228
185 293
271 90
132 223
144 273
165 69
248 228
79 77
96 128
214 182
31 87
36 120
87 243
284 244
78 211
271 145
266 27
103 164
285 273
146 200
42 13
261 6
64 151
117 174
63 61
51 278
200 20
207 274
91 294
62 278
298 141
181 146
74 217
9 245
44 27
278 119
36 11
189 43
130 242
268 262
56 283
108 279
200 281
7 88
82 199
148 268
269 5
53 213
116 293
256 23
40 242
176 135
63 27
157 35
28 228
103 35
270 27
262 257
147 270
23 144
256 58
238 182
72 277
44 91
230 222
186 184
233 113
237 274
36 203
30 233
14 28
39 182
127 262
228 156
52 149
246 247
155 132
44 47
172 57
270 136
125 219
214 194
191 28
23 231
199 105
2 0
128 194
198 113
102 169
63 195
271 161
163 251
8 143
191 33
62 69
35 113
101 106
277 233
153 1
76 270
289 114
10 239
226 162
142 84
156 128
125 136
19 81
67 151
280 228
38 181
77 59
101 167
22 269
49 153
290 98
102 247
217 85
261 53
96 277
258 40
255 207
236 106
176 122
154 56
226 65
297 123
258 115
77 251
268 286
220 225
159 219
173 100
135 10
83 255
224 147
102 238
233 245
142 71
290 136
163 234
134 161
41 283
29 269
183 176
25 126
182 240
122 42
242 272
128 210
265 71
275 189
208 243
96 202
37 248
10 193
131 119
194 132
215 197
60 102
5 187
230 257
240 26
126 93
254 3
177 33
161 172
4 58
249 108
299 177
54 235
147 86
118 292
250 26
149 196
240 183
185 178
172 29
210 238
5 113
134 179
167 85
179 193
66 26
186 179
278 18
261 60
283 149
248 67
7 299
55 283
15 50
132 155
228 109
0 217
119 92
45 24
283 42
235 87
214 187
180 45
144 193
83 235
201 202
0 29
230 163
123 129
150 95
243 146
177 265
169 227
143 144
159 199
47 171
271 90
185 265
155 212
230 33
265 137
174 93
171 111
261 34
194 133
64 28
283 61
191 138
188 18
64 232
151 218
17 182
221 90
258 202
191 101
243 296
26 180
54 61
162 6
238 4
80 140
154 0
274 37
102 286
118 59
157 253
103 284
133 150
116 131
288 61
225 227
145 291
257 284
105 263
36 118
201 56
197 43
134 8
136 225
162 210
33 157
296 9
92 237
220 204
57 62
181 147
145 152
249 47
217 82
141 20
114 85
287 105
229 97
90 38
140 193
264 233
124 22
8 117
11 182
299 44
279 183
288 255
63 242
227 184
191 138
105 263
276 11
287 182
234 211
160 121
75 107
204 91
134 70
276 51
196 148
73 87
2 120
260 117
160 80
45 294
108 204
272 163
86 297
48 61
95 288
25 194
42 254
112 294
65 15
9 255
273 147
210 32
120 15
14 160
82 249
194 28
274 258
123 273
85 122
230 274
117 59
6 262
175 212
241 78
209 14
94 295
237 289
234 160
140 136
149 24
103 44
151 23
129 299
28 178
80 199
38 234
37 193
81 297
177 90
36 101
43 133
156 114
173 143
27 275
243 184
208 140
147 219
161 182
124 143
103 272
293 246
134 173
14 122
270 222
0 200
226 28
80 165
279 231
275 251
216 62
7 214
166 86
240 70
22 185
265 287
187 111
227 155
291 298
231 32
78 157
81 29
255 283
67 259
36 214
118 11
24 218
144 70
68 296
218 42
182 30
148 295
77 62
251 282
287 47
13 185
83 255
89 39
77 162
57 265
139 120
13 260
113 83
268 143
79 155
128 8
80 236
75 79
93 291
182 28
280 169
168 199
110 162
132 68
40 7
52 33
196 130
235 273
288 82
54 49
180 223
34 275
55 166
138 104
123 52
48 162
50 67
154 170
166 46
229 145
262 6
178 12
103 125
270 23
291 44
110 181
23 61
56 24
262 208
141 162
84 226
22 159
235 211
131 194
167 190
41 234
196 129
104 88
255 3
128 131
1 139
117 225
230 57
17 37
92 32
150 262
294 211
23 272
291 294
223 82
204 232
274 48
292 105
52 18
92 230
113 212
15 91
192 44
86 45
233 213
164 201
35 107
7 190
238 5
90 149
32 95
211 164
157 249
253 231
274 275
118 65
229 14
19 162
260 67
215 156
225 187
102 108
139 103
242 198
123 177
178 15
173 64
69 299
177 37
226 64
200 19
208 220
29 224
229 28
31 102
283 278
115 90
88 229
1 165
263 108
145 286
81 258
145 82
286 215
282 294
254 19
145 291
280 228
51 166
118 66
223 10
262 185
69 144
142 82
119 270
149 131
229 165
95 286
151 56
176 110
281 280
127 55
245 117
230 90
37 241
4 25
125 175
99 49
138 192
246 89
46 291
256 58
159 3
63 209
144 120
37 47
230 229
118 184
138 2
278 251
12 85
98 22
244 223
24 290
163 237
185 172
70 247
17 57
147 125
96 265
212 26
62 24
282 243
51 2
215 86
80 232
277 142
179 16
25 241
94 36
32 164
49 210
285 24
183 128
198 234
34 235
219 148
285 277
131 248
233 238
188 64
190 155
257 158
274 221
75 277
16 285
286 227
110 241
187 28
251 82
183 256
124 234
225 72
35 68
211 240
9 223
81 267
214 177
285 244
56 201
70 138
156 256
281 182
261 248
91 17
164 127
145 92
296 39
290 141
162 219
53 104
194 114
205 32
89 167
296 267
144 200
153 72
203 51
138 11
275 174
168 177
263 247
147 261
153 87
233 200
281 39
271 159
134 263
6 217
256 159
206 32
263 120
274 105
172 140
102 128
223 214
62 232
150 178
186 139
21 140
170 20
1 109
267 12
268 36
266 286
201 35
207 239
18 140
7 179
15 266
129 29
292 42
103 93
294 99
247 72
195 237
2 277
271 152
234 244
179 33
75 54
49 141
139 65
34 76
32 213
102 85
30 161
44 202
95 144
156 207
246 29
171 237
174 95
208 151
36 257
266 118
297 9
80 278
72 104
177 255
207 99
264 267
168 31
110 15
129 68
183 35
59 1
269 155
185 154
132 221
220 216
65 148
14 239
124 134
9 226
112 227
275 149
261 257
114 32
231 211
13 156
228 229
115 168
153 44
165 223
180 202
284 182
159 105
89 201
144 257
59 285
224 119
53 272
183 199
109 133
241 227
201 129
160 107
230 105
176 228
244 187
79 81
61 175
4 61
98 92
223 45
165 29
196 249
66 215
116 144
1 267
216 0
2 37
168 259
231 246
212 217
68 162
192 19
129 135
204 259
148 176
261 57
98 6
189 125
127 108
71 19
64 156
200 154
43 218
232 147
214 257
21 56
150 199
49 125
135 295
169 292
243 103
70 226
16 117
42 242
195 64
225 80
28 125
36 205
152 191
103 263
1 174
122 66
15 11
149 102
55 68
101 148
129 61
223 268
2 272
16 50
215 124
227 238
182 266
177 14
255 79
161 222
59 108
191 238
215 112
122 75
224 281
140 55
47 114
167 289
86 11
233 131
178 157
2 61
272 292
16 246
250 143
129 208
256 204
82 286
266 251
66 31
156 167
147 81
197 11
119 68
262 251
108 152
91 118
221 137
186 125
168 175
283 186
135 219
16 41
165 226
44 102
213 224
242 74
121 87
83 79
46 143
6 51
122 3
0 102
267 118
38 11
209 164
72 42
274 51
98 103
209 126
248 141
167 94
129 34
65 135
264 271
80 50
35 198
253 141
265 20
223 51
175 288
161 274
267 175
223 189
272 205
132 255
34 187
195 171
102 131
281 110
200 106
291 132
88 269
114 85
33 199
109 205
292 70
211 286
106 284
200 9
116 135
222 251
102 66
265 119
246 102
66 118
60 168
113 169
240 205
268 149
285 75
297 222
297 150
105 167
166 191
224 38
297 173
65 170
260 266
112 38
73 71
251 173
29 264
142 173
100 26
253 174
267 41
160 45
93 0
134 262
189 80
103 250
44 100
121 63
122 50
140 170
254 218
246 86
38 229
39 101
80 183
237 169
219 97
0 238
201 254
293 48
283 286
160 287
111 0
169 34
108 265
109 8
85 146
158 218
133 54
203 46
203 57
125 135
124 205
41 115
232 275
47 100
269 6
39 147
292 176
274 276
263 171
1 195
86 128
103 52
254 297
261 285
164 118
275 52
264 120
264 278
221 131
120 185
167 126
79 198
46 282
299 114
210 131
231 259
65 298
153 59
292 178
228 289
34 211
7 106
99 152
39 254
293 62
156 207
88 21
168 65
126 75
230 253
34 133
55 273
138 62
185 75
42 50
71 25
54 206
132 165
236 210
279 257
277 242
171 176
84 225
214 46
119 232
201 207
214 25
117 207
14 157
264 204
164 204
260 132
64 112
90 29
142 96
281 112
271 213
259 27
95 192
85 25
46 106
102 189
96 32
12 291
192 286
112 296
233 255
10 207
295 9
270 55
249 179
142 203
61 53
32 182
203 289
227 84
15 225
251 186
282 257
250 64
226 235
74 291
22 186
195 274
190 149
40 199
21 53
208 34
63 58
286 40
235 188
167 103
245 54
112 263
93 94
281 45
196 182
292 227
14 52
49 175
226 49
228 89
271 259
117 291
65 196
138 133
290 0
289 26
72 83
49 145
36 126
221 111
220 205
89 15
163 82
4 204
263 228
8 111
205 110
141 9
51 237
28 276
174 41
239 86
243 48
86 276
29 152
70 230
4 58
61 151
206 209
225 199
232 263
297 148
181 195
43 36
104 267
148 60
189 256
101 10
120 138
26 141
47 227
11 68
105 285
1 66
285 25
92 147
146 32
167 239
273 82
265 236
84 125
99 292
115 68
244 156
220 49
137 220
144 71
33 278
209 170
241 59
254 210
16 142
250 57
161 175
245 83
140 133
85 132
112 80
177 70
215 153
222 133
155 4
298 115
226 24
195 81
176 266
31 253
108 210
207 58
160 92
179 10
267 56
62 11
226 32
204 78
2 228
26 54
76 159
142 19
48 290
134 21
296 137
87 238
80 37
156 46
92 35
138 265
58 251
36 88
128 93
26 159
166 128
233 239
67 184
92 16
141 216
253 78
209 197
192 261
74 267
240 29
76 130
119 208
64 8
193 227
213 285
218 49
165 121
16 127
154 133
12 53
258 2
22 80
210 38
191 264
149 54
158 25
186 12
232 140
3 25
76 188
243 250
156 286
11 23
37 0
139 265
172 132
249 155
272 153
197 171
294 225
73 274
101 61
203 287
266 185
292 183
44 225
5 226
56 121
14 130
81 75
69 278
210 298
135 232
240 234
102 23
293 260
177 62
253 15
293 3
204 137
59 73
214 144
250 21
212 166
129 67
49 257
88 122
91 4
116 1
294 154
297 239
84 58
100 213
51 141
173 78
3 252
208 125
0 248
78 298
245 264
172 186
96 147
124 60
260 205
196 182
38 240
76 122
119 56
232 104
289 101
16 117
156 57
117 133
292 95
102 182
129 107
223 166
183 21
294 46
68 131
107 40
36 10
97 197
76 45
65 47
64 114
77 86
212 0
51 60
123 293
241 246
58 14
110 165
173 99
73 107
274 250
236 23
153 42
213 146
227 228
266 115
84 125
245 283
5 295
78 182
159 107
233 276
249 192
6 10
132 175
11 87
243 7
57 18
265 2
124 17
40 20
76 189
293 291
93 122
281 37
86 81
232 39
233 18
88 199
56 270
266 0
81 269
188 73
9 66
89 129
269 44
46 9
188 109
142 104
44 159
225 177
283 163
174 108
154 271
241 127
10 186
58 258
211 136
190 63
216 113
222 202
134 21
191 61
81 19
194 38
231 239
6 173
268 64
87 256
243 249
187 49
226 86
17 257
34 270
31 14
73 87
218 151
237 62
171 209
8 22
200 299
93 264
122 45
121 55
288 28
184 7
269 222
283 43
264 253
64 225
272 27
75 109
230 191
40 6
149 238
228 247
21 227
100 245
221 244
122 191
155 209
225 268
71 158
159 175
123 132
39 112
69 296
83 223
13 25
299 246
280 243
156 136
35 202
5 155
23 123
117 20
226 189
88 222
30 93
234 267
22 146
290 92
134 7
95 30
87 62
35 208
146 145
123 20
116 176
111 228
197 181
52 0
174 296
112 27
142 283
1 170
226 107
267 215
179 32
21 158
120 185
151 276
224 179
4 98
109 167
198 139
215 49
49 293
208 247
45 240
28 8
140 283
124 296
143 1
251 24
187 250
182 266
206 31
24 15
20 43
134 178
94 36
67 159
133 53
171 93
253 240
216 219
47 59
207 225
196 106
170 78
18 120
290 32
133 179
18 7
93 182
116 50
98 14
45 290
23 67
98 205
168 65
94 203
7 181
272 177
256 152
193 257
173 126
159 51
144 107
30 271
100 233
82 277
286 255
281 86
129 147
186 169
168 184
247 8
185 205
150 145
105 115
146 266
250 267
165 258
122 148
120 0
17 252
63 87
26 75
297 20
289 160
82 245
22 148
81 90
277 137
252 176
274 66
70 257
218 170
19 246
117 172
120 173
248 277
164 265
153 221
292 187
38 75
79 235
44 135
85 120
217 47
116 140
202 30
249 60
232 200
30 280
222 1
137 242
176 75
123 32
190 151
64 5
133 5
233 245
20 12
282 62
177 50
102 98
222 81
143 177
3 75
254 211
291 87
0 249
53 64
145 10
128 250
240 298
100 13
293 187
69 247
224 196
34 113
110 4
44 89
74 179
187 120
168 299
167 238
142 62
127 160
70 45
145 188
213 208
41 65
87 145
277 267
295 5
92 146
207 273
237 194
62 13
94 92
198 84
293 113
194 246
131 17
7 265
226 34
198 249
265 118
71 155
108 66
188 16
67 184
36 68
197 71
2 20
277 187
38 13
10 292
218 139
176 239
278 184
107 189
253 285
258 14
203 67
71 132
49 289
118 84
216 292
227 95
1 199
165 299
289 105
87 36
32 125
249 192
207 174
79 54
130 189
296 201
5 286
44 12
156 108
135 95
285 212
213 238
180 40
100 263
175 10
135 51
68 254
95 118
63 24
178 25
106 147
257 229
283 0
173 144
266 63
176 73
29 215
232 97
117 128
98 19
188 201
285 33
273 107
250 74
111 0
75 208
280 214
66 259
97 145
247 152
296 74
147 19
43 230
32 6
36 202
174 75
210 96
143 4
46 74
287 164
83 193
229 144
291 287
101 42
58 88
181 243
204 166
68 29
214 289
156 219
165 178
9 23
166 288
6 5
277 17
235 42
135 0
105 24
38 279
227 286
194 102
230 95
61 9
123 156
61 23
9 27
123 264
191 108
230 31
159 15
256 149
17 221
20 231
33 38
242 14
50 19
192 284
179 200
232 103
182 77
281 212
18 255
164 118
152 173
128 93
29 124
161 196
184 129
120 252
268 209
133 58
242 195
291 48
295 70
18 15
111 255
48 114
183 233
123 174
248 2
42 168
78 83
124 57
296 15
45 192
63 206
139 71
288 106
175 99
20 42
198 265
43 20
213 247
252 110
250 124
19 174
155 25
21 164
40 190
32 252
157 227
262 77
206 154
94 169
27 272
201 186
95 7
252 12
41 216
22 109
48 272
73 8
3 267
94 186
42 261
71 267
53 26
50 258
272 52
170 215
235 17
251 142
253 27
152 136
9 150
262 115
14 52
207 29
109 141
67 105
287 136
60 133
205 217
102 132
203 287
207 10
107 66
144 69
114 143
78 20
20 206
34 98
286 131
44 290
250 148
222 36
135 23
224 198
150 41
143 151
174 185
273 261
104 138
264 24
103 22
267 135
220 189
65 295
144 192
286 269
239 215
201 160
174 47
209 168
104 147
283 1
188 211
286 274
285 248
145 24
112 270
35 163
76 86
80 221
226 24
295 230
152 182
203 169
169 277
65 288
212 220
130 223
299 100
256 93
39 24
116 65
144 90
208 160
282 39
293 3
39 195
83 85
4 246
276 1
77 144
23 25
137 127
247 26
248 147
277 161
29 227
171 10
89 239
287 11
119 89
209 109
153 135
177 101
25 205
57 12
84 216
279 89
298 224
271 290
58 252
81 129
262 201
158 85
80 107
28 212
199 267
63 276
39 55
84 178
42 230
78 51
123 191
128 251
133 262
171 113
241 37
95 7
28 226
15 244
286 158
33 227
195 253
69 247
60 106
210 285
236 138
255 234
189 90
270 275
144 104
80 179
48 69
72 298
253 46
253 290
109 117
5 211
84 299
278 50
147 292
171 104
56 87
36 152
87 51
140 283
288 116
249 73
272 208
113 109
271 84
109 258
47 164
293 239
212 230
299 125
226 1
83 191
289 185
190 8
182 67
218 142
116 209
220 231
112 228
174 9
77 213
226 21
238 33
153 222
215 220
0 195
126 202
216 205
57 296
126 215
36 159
57 53
25 50
80 246
10 152
188 192
10 6
49 164
142 106
16 169
246 121
42 4
7 204
223 252
123 256
163 95
153 105
140 276
192 44
231 133
85 278
136 195
73 56
264 94
7 138
4 234
170 45
161 6
40 170
128 268
178 181
43 174
95 19
260 66
256 89
2 46
17 163
185 25
176 101
54 101
72 211
171 128
86 262
136 259
215 70
154 145
74 244
136 74
2 106
285 282
13 217
156 157
246 256
82 4
31 42
161 293
245 190
236 187
100 256
115 132
84 143
118 53
239 201
84 40
176 56
249 274
174 79
58 286
123 222
210 13
272 175
252 241
37 274
33 240
110 220
236 38
210 262
173 204
245 256
60 9
185 234
68 219
200 145
181 216
69 291
187 242
179 172
15 4
291 143
41 149
128 52
150 30
11 32
80 54
200 49
174 134
49 3
111 47
36 290
60 299
66 26
294 204
104 57
172 182
14 136
51 7
299 196
63 70
79 177
249 273
70 100
286 142
11 269
227 124
231 3
49 276
103 1
291 267
34 16
19 59
224 154
72 59
161 219
238 108
101 153
68 197
176 188
22 281
120 80
85 32
37 166
51 136
129 75
261 96
251 56
108 210
37 148
85 165
254 253
46 292
8 16
258 169
10 208
217 25
297 252
235 73
21 158
95 160
187 98
77 188
296 50
117 124
0 31
108 63
218 239
267 287
222 203
269 274
78 238
289 277
24 100
259 168
267 44
154 30
56 243
9 299
233 210
46 228
224 276
208 121
282 136
192 128
91 138
182 225
30 24
228 240
99 20
138 40
120 87
268 170
232 256
240 40
218 22
198 207
19 33
110 219
173 131
254 115
112 266
239 84
161 231
53 34
2 187
80 232
245 162
120 152
202 2
292 295
232 48
14 182
32 180
119 18
283 201
86 296
122 208
182 171
140 153
83 166
159 201
123 249
88 267
136 228
86 83
53 199
144 257
27 39
163 77
217 274
224 32
6 223
242 33
239 228
202 100
50 73
78 70
34 203
207 198
184 201
245 107
30 205
154 30
59 185
173 147
183 7
154 264
12 60
280 245
265 62
89 25
209 105
280 50
133 93
155 32
253 207
32 280
148 163
272 102
156 0
17 168
233 230
249 181
215 105
11 239
133 251
65 113
16 194
213 168
123 126
56 242
286 2
26 86
232 88
202 225
39 225
22 205
214 281
106 103
167 31
39 3
296 255
56 204
100 133
163 167
279 226
191 198
220 3
175 71
11 59
53 44
138 218
63 198
262 170
91 230
253 289
238 248
238 166
81 200
278 79
97 4
147 165
283 94
87 128
182 37
71 275
180 164
123 9
94 135
240 258
245 248
138 206
274 235
14 250
20 255
22 182
282 181
238 273
273 115
210 30
240 129
120 197
292 251
260 281
284 269
247 165
87 247
108 178
238 178
107 113
79 231
194 234
107 27
190 59
146 14
295 230
123 243
80 38
275 227
40 95
83 17
279 43
170 162
17 243
298 164
0 143
133 244
260 226
134 118
269 108
271 182
32 122
100 24
37 35
242 51
92 212
179 80
64 90
75 191
40 125
256 289
237 297
231 109
234 26
206 105
194 245
57 177
168 147
256 235
75 258
99 294
131 169
60 47
262 256
172 19
159 91
285 249
264 270
85 292
55 39
96 3
243 115
257 168
89 165
255 89
154 244
153 230
119 109
283 39
81 30
12 161
204 109
157 162
68 8
159 131
228 235
190 185
154 56
221 169
147 165
141 131
191 135
250 85
261 3
178 271
54 266
163 4
28 51
173 29
180 174
24 247
154 189
259 34
86 29
252 147
144 73
235 66
201 203
125 135
75 114
258 60
208 69
195 164
11 174
164 251
200 158
67 151
29 170
86 220
63 21
28 237
87 79
187 63
283 264
230 67
190 80
298 7
120 272
284 182
226 182
15 131
120 166
232 160
207 50
232 297
224 197
157 29
7 282
191 59
21 119
218 7
151 49
52 29
257 248
10 250
71 200
44 10
244 34
89 204
84 299
174 20
81 154
175 288
221 5
110 85
255 4
72 189
84 59
161 204
221 17
277 278
69 53
245 240
119 113
134 99
94 157
248 286
273 181
28 266
142 188
256 224
188 108
216 243
196 175
64 281
87 22
268 99
117 208
115 143
61 72
155 22
100 130
171 292
93 287
187 264
95 36
287 25
156 7
76 96
41 278
235 124
4 71
249 67
297 126
131 209
115 279
129 102
136 164
222 112
11 105
295 254
109 31
97 96
165 71
223 16
284 93
48 64
158 13
281 284
196 166
292 66
193 231
115 260
11 68
178 217
284 42
117 171
245 292
198 120
52 242
39 179
171 212
290 190
45 31
151 115
25 83
246 243
187 120
44 68
13 217
286 283
260 98
1 27
149 24
144 283
286 175
165 131
8 81
79 112
101 240
57 267
76 146
193 156
191 229
244 72
76 219
181 75
28 143
208 85
265 108
177 2
105 206
57 5
249 50
109 44
277 193
84 202
12 157
176 81
147 122
189 60
92 63
231 47
174 122
213 72
198 154
192 186
224 83
54 56
115 110
272 67
68 59
290 284
150 164
236 35
82 265
103 76
230 208
122 192
90 232
33 180
185 229
153 218
128 214
1 188
96 192
2 16
247 85
13 248
287 122
229 67
84 222
20 211
296 39
283 15
2 144
48 198
119 199
211 112
225 64
275 83
104 62
156 44
91 171
83 292
253 195
62 214
189 62
194 248
2 146
235 20
60 36
221 118
121 47
45 72
19 33
87 289
185 51
216 232
163 138
265 83
172 184
117 181
203 265
239 132
16 273
95 273
170 245
261 235
151 44
108 99
103 33
6 137
274 193
231 298
278 151
41 247
72 27
58 102
132 63
88 138
86 206
161 261
123 263
265 196
14 46
279 285
52 221
149 214
161 119
178 160
97 172
203 41
59 209
12 101
15 295
0 178
55 138
114 155
45 296
135 294
72 283
210 187
113 189
126 86
43 172
167 230
133 281
275 112
41 236
3 109
127 143
63 58
281 156
71 221
190 218
261 265
241 43
184 135
124 11
141 90
276 252
83 193
246 140
136 228
147 276
270 93
31 179
42 28
11 140
71 73
297 169
7 166
23 166
243 93
109 279
253 19
1 242
150 146
88 191
297 207
198 77
132 25
56 154
258 34
284 225
29 94
253 224
299 104
205 184
248 103
5 238
175 156
14 40
25 213
0 2
86 135
12 272
199 212
226 222
39 73
199 139
28 296
103 206
15 164
151 183
235 11
296 206
62 292
38 117
165 124
49 256
75 166
41 202
245 100
31 209
253 193
167 205
121 259
13 279
56 22
284 236
64 187
92 207
70 258
281 268
103 204
261 25
165 88
120 13
56 264
171 295
269 129
74 77
171 256
293 285
40 259
73 163
46 247
56 130
40 295
80 278
218 242
35 42
216 152
33 67
48 214
161 56
1 169
86 165
198 194
175 137
44 299
106 3
229 237
251 182
297 100
208 188
139 111
269 230
229 215
76 43
34 64
44 209
199 80
65 186
61 283
236 81
204 263
158 193
70 205
131 88
37 280
147 99
267 288
258 268
85 180
148 162
154 242
44 94
163 293
246 235
149 233
113 244
0 171
146 128
92 65
17 14
13 46
196 217
198 246
33 108
84 198
156 246
100 166
293 162
230 199
97 40
262 91
166 29
250 140
87 148
9 121
267 97
193 197
30 172
15 0
187 8
187 128
72 197
281 245
54 171
15 224
5 219
130 223
100 267
135 261
155 222
90 25
171 290
225 214
52 108
173 222
114 191
1 260
209 0
131 173
13 240
163 131
257 15
61 160
93 103
154 166
104 58
7 137
186 220
22 287
261 111
214 103
282 247
80 4
63 155
26 152
41 279
100 39
209 165
216 21
122 275
224 169
219 149
280 113
132 205
175 50
13 131
257 1
157 264
63 36
231 133
129 132
99 186
62 190
84 46
28 191
44 250
192 211
68 287
107 153
241 247
180 204
21 297
79 134
64 67
182 8
137 197
220 128
296 156
293 126
151 255
70 88
94 63
211 287
199 180
211 242
88 125
299 238
225 192
110 204
68 190
62 216
190 262
289 147
185 81
268 269
198 3
268 181
275 281
71 94
152 51
134 152
35 160
242 91
7 99
243 127
6 112
74 132
81 60
92 67
265 215
250 299
290 122
94 260
41 22
135 121
100 117
38 7
94 104
221 258
133 284
25 137
294 288
199 152
103 106
124 48
87 244
170 261
76 121
271 84
38 138
51 284
161 114
276 206
13 216
49 82
179 239
18 69
73 83
42 296
164 92
249 232
1 69
30 221
85 66
294 86
197 75
271 286
169 285
228 272
73 229
20 287
290 108
177 187
272 198
27 28
39 134
235 36
119 178
149 289
150 280
146 9
85 48
203 133
154 21
200 51
84 117
138 298
252 70
193 208
65 130
218 229
85 131
261 68
6 275
56 224
265 105
232 200
125 168
201 195
12 99
295 110
14 126
254 220
65 229
236 208
136 40
115 291
275 102
140 150
150 199
65 294
168 139
20 37
36 103
20 295
154 123
28 41
264 129
144 238
115 70
75 43
135 265
249 15
40 83
219 41
163 224
292 95
232 244
201 276
171 143
126 119
21 205
167 157
116 145
105 42
230 91
280 36
53 253
94 190
90 6
78 244
217 42
227 97
29 209
204 299
69 68
91 163
296 225
46 263
30 44
189 253
183 211
165 190
42 81
233 92
19 278
254 69
273 293
80 65
266 164
167 188
74 265
74 21
184 108
276 224
293 208
168 202
151 212
19 68
116 3
6 211
27 1
278 169
182 28
73 264
38 171
236 290
261 109
281 136
190 265
187 16
122 160
82 209
107 98
286 102
287 269
120 102
183 44
3 82
120 240
152 6
161 132
290 76
207 11
27 54
33 144
289 236
145 98
172 290
197 61
244 228
176 4
45 73
17 242
294 128
56 30
191 83
193 97
128 155
255 17
56 152
266 209
26 272
7 200
230 113
276 186
283 149
237 263
233 223
181 270
4 174
258 91
13 42
205 3
123 135
53 253
199 165
211 80
122 252
282 1
37 119
185 157
162 101
272 48
250 215
12 172
21 211
70 75
230 256
205 10
83 71
30 141
171 98
226 38
191 162
118 162
145 210
68 180
120 209
186 166
140 85
193 40
53 61
268 35
18 145
153 84
232 50
150 131
284 59
133 28
223 231
252 105
13 156
159 239
74 59
133 208
163 261
161 164
79 0
110 114
189 21
74 114
140 165
241 252
293 52
184 176
115 25
81 77
103 227
89 236
203 144
261 32
142 82
226 224
261 32
286 272
15 1
159 148
42 210
128 127
40 280
213 143
23 36
23 127
187 255
181 21
169 204
251 67
127 261
214 103
5 213
232 278
160 247
299 112
284 28
272 24
130 267
155 159
194 211
73 1
207 200
292 161
240 254
249 167
131 32
298 141
47 204
253 82
32 199
38 132
171 246
256 222
180 170
48 186
251 56
153 276
162 91
126 283
249 241
112 168
217 33
68 200
26 227
200 34
117 150
204 266
85 286
80 292
123 262
262 88
285 83
115 86
63 210
63 79
53 208
190 132
70 143
233 268
215 274
268 2
195 120
213 157
91 231
113 202
2 110
50 240
38 224
94 100
217 59
18 255
69 149
56 178
188 211
24 42
63 170
163 40
94 10
296 284
233 41
215 46
138 279
7 213
205 93
270 175
61 266
56 70
6 194
214 209
221 214
197 65
227 215
67 168
137 213
166 187
266 48
122 45
147 139
38 232
294 89
121 20
44 203
107 92
285 212
197 174
166 255
196 236
49 189
113 85
134 246
267 278
222 259
193 165
269 153
115 280
290 244
254 246
267 153
191 123
135 112
278 0
125 22
183 131
214 114
168 208
246 112
167 274
49 103
66 243
7 110
193 60
33 199
197 270
237 207
107 105
175 260
133 67
94 182
24 133
188 14
258 69
209 43
30 22
6 25
6 276
120 251
92 121
255 131
213 257
162 12
24 271
3 183
61 20
114 190
295 240
64 73
234 269
262 119
80 16
149 177
16 190
24 80
186 115
100 67
262 8
52 115
168 70
162 118
126 278
104 125
52 78
89 48
37 157
271 162
193 129
162 102
90 113
40 69
230 239
180 171
86 277
222 29
30 78
143 71
51 298
76 171
264 87
228 203
82 195
280 286
117 158
248 220
274 52
76 108
14 145
111 120
124 15
109 238
87 162
116 4
202 99
246 106
74 54
283 9
228 145
146 241
218 35
138 187
230 280
157 235
142 2
72 205
215 248
116 60
65 49
224 96
34 17
2 125
152 55
65 165
63 0
270 168
258 281
239 140
38 140
12 178
155 23
108 252
26 130
248 146
289 53
251 13
203 37
158 75
296 260
131 97
246 268
34 135
6 252
88 71
167 18
123 253
299 189
217 160
92 282
172 117
8 244
164 130
102 68
132 287
271 21
232 64
145 58
128 159
211 133
149 33
84 44
250 175
169 26
294 226
294 155
275 91
200 48
154 51
67 144
227 81
29 42
36 234
157 106
192 54
55 69
18 250
47 176
21 96
140 68
101 93
208 62
255 82
209 210
263 87
268 245
226 192
200 3
55 148
251 196
195 111
271 195
26 123
49 261
279 175
290 231
154 218
27 73
160 128
282 235
127 235
222 293
175 287
295 175
151 196
20 178
5 124
133 221
31 162
170 224
211 163
54 292
164 25
284 231
32 98
296 263
169 257
128 289
198 146
112 26
268 248
34 94
218 190
5 207
235 7
258 40
197 256
78 81
87 236
123 238
29 32
73 270
136 212
190 217
205 246
186 217
267 144
186 67
246 220
42 61
278 27
92 97
5 81
162 122
76 176
122 143
98 58
254 266
26 98
66 32
217 65
299 100
121 79
281 126
92 229
198 178
21 53
20 21
2 136
63 239
120 143
75 241
244 91
34 134
92 54
190 8
220 167
6 84
261 128
206 148
265 269
50 216
200 268
107 189
48 121
119 52
273 159
57 225
175 165
54 293
281 256
136 183
260 217
226 23
269 117
253 65
225 86
22 56
126 119
109 186
231 34
185 231
237 239
23 12
102 117
116 100
221 121
14 258
95 122
0 108
152 83
131 62
289 219
165 194
217 274
6 58
53 189
148 60
127 136
117 261
52 167
183 184
86 105
188 101
43 98
6 140
13 187
206 96
148 297
294 154
253 248
276 205
54 194
226 236
91 70
73 129
128 223
25 233
170 103
35 183
229 282
136 122
275 184
182 156
124 147
123 16
294 279
79 163
122 31
146 196
151 134
201 197
144 32
190 123
114 29
83 196
50 32
74 200
113 155
217 185
76 266
182 120
159 179
229 76
190 170
172 273
184 274
10 162
12 120
57 246
57 108
162 286
91 3
136 266
102 167
170 171
202 262
253 276
176 59
168 298
278 222
190 199
45 52
145 203
48 259
163 33
139 183
233 263
174 210
58 75
4 19
32 187
82 9
152 29
243 36
136 77
177 11
242 164
48 137
162 164
6 280
209 105
23 133
209 280
128 27
69 173
163 114
258 183
122 150
171 176
133 113
193 112
100 174
96 119
279 186
25 96
125 283
210 193
117 247
27 241
28 90
90 259
257 214
119 157
226 174
95 197
1 18
100 203
130 147
84 82
122 265
12 84
59 170
31 196
133 81
255 86
266 184
1 9
174 28
129 111
91 1
47 3
240 139
137 97
60 189
299 200
148 1
141 116
89 138
79 299
274 140
238 243
281 243
170 211
189 90
250 23
149 278
100 36
108 231
175 114
210 156
100 68
100 231
47 278
31 126
28 223
258 140
54 291
63 25
223 123
26 221
88 87
261 272
191 78
235 219
121 111
37 284
114 129
60 263
236 102
83 159
286 252
174 43
250 202
124 202
94 51
106 280
11 82
36 258
0 18
296 90
79 247
131 141
178 47
51 105
289 30
115 274
88 292
244 281
146 168
255 7
185 63
269 67
247 122
14 154
96 1
123 89
223 21
235 31
26 71
26 44
200 178
121 293
243 82
248 173
119 30
168 187
272 181
239 0
53 178
225 179
237 101
111 23
8 82
275 81
211 229
208 229
57 28
57 91
152 268
256 258
222 281
179 283
177 78
264 169
109 264
75 267
230 187
81 76
91 169
160 263
95 264
262 287
122 142
96 266
143 127
48 44
172 252
91 9
196 29
170 103
163 58
143 73
24 128
240 11
286 146
12 257
88 121
57 85
245 184
108 252
199 45
12 200
21 8
288 4
171 284
46 166
130 152
81 170
207 138
128 180
51 42
78 218
188 253
85 49
27 79
178 86
168 261
62 175
69 114
86 241
143 270
89 299
33 246
127 16
235 155
72 14
184 55
73 140
280 61
246 85
129 203
67 117
2 100
27 283
253 118
45 215
24 32
113 200
150 156
23 142
144 52
299 66
276 289
119 179
65 36
228 83
33 289
75 239
76 66
232 75
224 218
222 103
24 204
115 116
211 61
29 242
92 217
256 59
204 268
98 266
289 39
38 272
237 278
174 157
207 143
292 281
180 231
117 172
251 62
191 48
125 261
165 193
8 15
142 24
270 58
77 61
225 252
99 171
103 110
142 213
206 88
255 9
69 152
9 81
173 60
252 158
32 46
182 65
249 193
117 219
75 277
21 178
204 99
288 45
108 33
34 138
5 68
298 244
115 37
199 109
141 81
38 17
125 180
5 270
4 222
98 108
220 177
224 34
241 216
191 183
294 85
170 6
220 3
283 243
166 90
96 38
44 240
161 140
273 6
182 95
110 60
112 255
295 99
126 293
269 35
122 293
4 217
183 208
194 250
66 119
213 0
295 16
164 6
155 192
246 149
77 21
152 40
158 198
250 1
138 276
264 209
13 51
164 21
296 103
276 213
81 72
58 214
152 9
281 47
259 198
264 56
298 36
144 56
133 241
144 47
212 7
104 124
67 89
260 248
299 53
269 87
28 277
131 170
167 220
232 99
76 42
153 3
125 25
32 35
292 170
211 177
83 177
200 9
0 160
107 32
288 228
111 171
207 133
280 156
264 15
104 14
93 252
208 234
130 170
20 138
250 49
108 93
298 8
122 113
288 220
82 229
123 222
125 64
232 114
255 266
169 290
199 160
75 8
263 232
211 230
210 87
147 69
28 8
41 63
270 88
122 209
96 268
30 164
216 91
176 248
271 172
137 195
120 74
274 2
284 200
289 206
151 19
223 146
230 178
257 192
222 253
142 98
239 80
61 10
76 271
58 230
100 299
7 162
261 266
30 15
87 180
56 25
30 298
203 16
13 114
273 15
19 275
203 158
25 291
220 255
56 135
216 106
210 122
123 95
64 262
251 114
197 75
66 288
155 289
245 279
231 10
275 211
138 229
81 130
14 193
213 209
284 71
203 193
92 53
47 197
44 112
155 90
176 35
163 80
1 165
165 296
189 155
69 164
100 155
293 218
289 212
253 270
245 218
38 223
169 153
206 8
141 223
290 187
199 5
65 124
38 232
27 14
82 259
29 238
170 103
53 230
231 163
204 244
56 181
148 298
134 192
223 153
292 51
231 201
152 21
297 222
77 52
147 131
48 235
248 61
298 180
47 204
25 186
277 233
183 18
289 207
223 175
84 124
213 283
183 10
35 67
231 105
287 39
116 50
41 83
31 281
66 254
163 140
241 176
58 256
95 169
33 177
201 119
61 147
145 281
112 238
205 269
168 26
255 131
193 42
275 18
222 221
259 29
252 85
51 131
171 182
136 139
270 32
86 119
46 65
13 201
81 175
157 21
53 226
87 267
130 217
111 105
43 108
267 88
45 273
181 30
113 137
236 107
225 6
215 33
35 18
130 49
203 121
281 297
230 136
144 44
49 134
202 251
92 46
184 60
38 271
56 32
283 202
166 18
186 117
206 112
121 248
198 237
63 90
188 286
11 76
258 9
149 57
36 252
187 195
173 167
208 241
36 19
232 137
183 273
139 103
188 131
183 43
162 139
231 246
250 27
38 177
88 230
119 207
172 85
17 179
39 172
201 65
25 140
291 142
23 155
232 220
68 171
69 6
112 259
273 29
38 125
163 160
39 150
35 69
70 23
48 168
280 84
90 129
14 162
232 224
125 194
177 111
162 94
42 141
242 106
136 79
198 88
240 106
288 169
23 128
119 116
21 1
261 97
77 21
169 167
15 93
184 228
166 171
2 77
243 198
283 291
124 78
3 235
69 191
83 31
292 92
159 222
104 179
39 8
270 288
264 121
126 180
149 77
194 189
53 161
157 263
198 51
4 219
99 130
91 296
205 192
248 152
225 204
37 107
270 145
266 53
201 73
60 58
294 47
241 141
27 219
155 223
36 284
69 261
243 222
298 248
104 66
31 235
272 192
187 216
272 123
11 157
140 150
215 272
242 295
122 282
220 153
280 3
285 50
165 252
176 123
236 123
137 252
287 106
171 274
166 219
131 41
9 254
146 284
247 134
74 169
25 37
287 125
19 160
177 7
223 180
209 38
245 248
254 63
237 216
169 236
159 125
135 96
285 69
43 258
59 285
212 219
37 121
102 184
206 166
185 223
9 185
50 37
247 19
239 152
152 110
99 171
88 256
248 182
295 82
46 56
140 245
254 128
220 288
207 36
96 233
208 24
11 117
206 189
261 44
24 51
162 158
240 245
176 144
37 132
32 28
54 295
252 62
136 216
290 160
275 47
257 120
250 40
179 245
291 96
21 197
16 83
176 204
106 133
280 129
117 144
197 153
33 31
148 0
46 101
298 142
113 266
41 277
91 59
32 127
235 285
244 173
239 90
48 207
132 172
12 116
20 124
37 215
82 12
259 192
79 174
240 238
16 23
230 184
222 169
153 222
295 158
250 218
121 162
270 125
192 291
199 123
19 234
191 56
215 26
113 33
128 122
18 176
43 58
236 206
241 126
258 118
92 68
149 118
195 284
294 33
266 232
285 42
66 116
270 225
94 113
266 48
11 280
76 37
71 85
186 250
66 276
213 281
173 184
87 169
97 195
264 93
99 232
283 258
38 89
67 22
75 232
156 252
59 296
238 131
111 256
44 164
124 285
264 238
273 135
270 227
141 242
73 122
277 146
1 236
54 117
126 282
28 216
102 57
60 278
281 52
125 230
258 213
140 188
291 206
29 34
133 1
257 231
126 268
38 141
214 213
175 1
113 192
76 184
250 256
91 44
27 10
145 142
198 96
146 294
217 54
35 122
52 283
5 219
201 194
2 269
94 269
122 237
126 250
212 33
130 296
108 252
248 243
31 287
37 253
97 203
202 31
100 160
144 250
51 73
128 145
187 141
16 225
242 145
232 51
165 58
166 158
154 202
53 9
253 263
77 62
85 54
293 208
126 73
12 179
239 264
266 162
178 116
174 198
216 208
106 183
252 19
163 36
121 138
10 297
107 143
254 76
284 214
238 136
226 73
52 41
115 4
189 235
11 112
116 59
6 26
114 151
19 43
1 169
240 244
286 107
35 121
198 46
161 188
283 182
171 27
36 13
50 279
273 71
201 92
35 51
53 126
236 42
128 298
238 108
57 61
199 16
243 187
89 290
185 82
219 187
49 272
65 86
155 78
287 111
215 272
229 242
226 216
238 162
157 216
101 111
34 49
11 39
240 297
161 96
225 89
87 284
94 170
8 166
259 3
58 254
125 254
60 160
20 293
78 247
16 222
81 206
254 182
41 210
172 96
246 79
156 143
181 134
146 191
9 275
59 183
257 251
154 157
8 127
127 58
295 91
156 226
100 271
189 248
146 188
299 168
233 181
286 90
240 107
13 297
41 285
296 219
74 213
76 182
89 179
224 32
157 25
11 202
277 77
107 185
157 291
48 199
248 291
97 281
166 154
280 247
267 105
292 210
51 53
40 20
234 26
281 234
288 95
152 254
157 218
144 122
25 283
189 115
262 10
184 258
149 246
188 258
244 297
284 292
3 74
254 179
105 130
132 290
7 175
44 85
117 12
153 172
3 149
215 26
52 115
282 69
90 92
88 28
17 6
6 166
235 122
53 197
148 189
211 102
216 27
184 186
37 102
292 286
114 159
168 124
33 295
273 291
161 237
178 258
16 62
96 74
234 188
181 34
93 14
210 110
98 196
67 46
101 226
85 104
191 82
289 115
115 8
69 219
270 197
270 62
245 217
92 285
35 75
114 282
204 163
36 299
280 261
171 232
153 295
40 160
13 187
51 204
46 124
193 124
209 187
261 195
165 220
256 238
213 74
260 293
288 222
177 173
136 58
97 199
83 88
63 240
223 160
243 166
167 8
108 256
53 251
230 105
227 267
268 84
156 277
100 178
96 42
206 231
201 86
203 78
47 184
80 266
292 11
38 73
139 203
189 80
104 99
168 166
216 235
48 199
255 105
164 121
233 58
6 64
61 242
1 121
96 120
161 89
92 195
114 160
20 141
218 290
124 77
269 23
273 236
117 136
132 176
44 258
89 133
210 151
219 26
261 83
224 240
253 95
44 200
241 110
144 44
223 297
150 278
146 251
97 34
39 288
116 18
279 156
133 191
202 108
266 296
7 283
289 20
152 171
168 184
182 78
282 41
267 5
264 78
196 266
197 229
248 147
104 246
23 129
123 54
298 280
45 46
120 254
101 116
249 147
277 113
111 36
16 223
243 72
298 272
293 62
115 73
153 58
105 258
7 162
143 246
27 194
207 51
23 95
244 218
213 272
219 289
283 121
66 92
126 118
134 261
124 142
298 85
68 54
94 234
109 298
40 156
275 34
184 286
127 93
38 91
223 197
60 107
176 187
198 109
160 151
22 254
196 173
168 141
21 80
90 130
167 244
75 191
123 254
179 218
77 35
270 122
174 32
137 118
148 283
100 264
128 73
153 103
258 49
270 296
131 234
141 171
296 125
84 259
132 64
296 78
53 97
72 149
88 198
259 174
236 291
184 1
90 49
295 280
117 269
179 195
159 216
253 180
128 147
133 159
273 124
60 93
12 66
150 149
153 100
268 120
281 289
239 240
264 129
159 130
56 46
13 290
71 228
54 198
152 251
151 162
241 119
77 120
178 66
254 215
203 63
243 273
30 24
297 22
75 0
169 166
205 193
236 71
46 116
55 118
243 246
277 104
132 266
49 17
276 31
167 11
56 20
171 95
248 186
299 283
7 176
240 172
251 175
109 17
85 238
181 246
299 133
89 103
159 162
55 103
257 254
13 149
221 30
185 225
18 193
66 47
243 55
241 244
197 21
1 231
18 66
206 189
216 272
198 292
192 270
144 64
151 35
152 124
54 249
135 264
108 186
22 214
175 205
42 117
16 89
127 13
87 180
299 33
126 134
142 247
89 95
46 62
74 265
245 21
195 264
223 180
44 85
99 225
217 216
100 292
14 274
296 124
152 53
241 211
53 164
6 178
163 204
183 7
268 48
4 115
153 143
220 153
92 144
159 166
140 179
229 237
84 40
139 206
275 240
93 112
3 55
141 46
267 55
222 263
267 95
268 48
206 254
100 298
231 20
209 293
51 183
263 60
132 252
247 169
138 246
57 201
30 128
169 124
5 228
271 230
247 290
234 19
297 13
10 174
212 1
127 189
2 36
6 130
38 33
91 199
11 164
237 273
152 9
47 61
49 162
282 202
211 28
111 139
224 243
298 219
138 122
165 298
248 287
82 162
256 88
257 171
173 235
219 162
252 119
13 229
204 117
5 30
82 61
283 92
271 168
29 128
233 93
243 2
185 269
207 19
199 264
289 45
251 188
164 39
158 292
225 279
84 220
30 198
293 196
153 65
266 4
250 64
152 148
169 142
249 59
24 97
65 291
125 133
44 139
56 277
198 121
290 88
51 0
236 33
275 20
139 169
237 95
246 50
78 226
188 99
117 38
133 52
65 238
122 127
121 139
212 114
132 285
298 49
187 120
21 75
252 272
40 45
265 231
12 180
122 228
182 262
196 135
193 119
66 231
148 293
90 26
243 106
0 227
195 277
139 279
188 192
63 219
59 282
154 256
15 218
66 68
41 284
224 140
92 107
277 212
296 52
35 266
54 132
71 8
180 11
226 250
92 199
81 93
255 109
240 36
157 92
122 170
262 283
147 98
5 33
113 220
241 47
211 199
136 117
32 271
72 291
81 180
225 116
205 202
117 49
266 34
237 16
163 215
182 176
188 293
87 186
208 140
27 284
160 22
89 8
41 260
137 104
227 206
45 21
8 93
80 22
33 275
80 165
122 299
257 13
287 179
134 73
271 218
268 256
20 291
131 35
161 250
39 134
195 152
275 62
66 100
249 4
188 6
54 221
199 96
82 70
225 177
294 57
171 205
200 145
170 63
93 64
253 23
249 159
58 205
66 294
164 153
105 203
82 267
241 258
298 200
95 265
176 193
205 218
273 289
288 35
121 187
276 65
181 198
204 111
236 174
118 233
47 247
171 269
99 158
73 54
287 190
290 256
124 180
262 106
74 221
152 57
0 208
99 294
2 108
173 28
129 169
235 69
100 99
124 114
158 210
292 117
269 200
135 217
140 244
237 53
137 0
8 244
33 238
214 115
249 286
154 108
24 274
190 49
170 52
87 84
201 86
72 9
38 64
241 263
159 5
51 171
12 6
238 222
133 261
117 162
260 250
193 101
44 93
129 200
81 76
103 172
6 221
9 248
208 98
54 277
66 107
4 299
105 266
112 221
257 260
150 216
214 240
23 76
230 172
299 100
161 135
131 293
256 115
57 150
168 134
99 182
189 37
73 130
66 216
178 31
128 180
26 198
235 223
225 69
186 58
228 256
3 276
36 90
110 228
259 61
141 122
189 213
14 165
135 270
298 235
261 0
82 238
162 223
1 118
277 109
55 214
35 221
103 272
162 154
20 251
245 103
97 16
196 222
262 193
68 255
144 92
223 30
251 24
56 126
186 91
126 134
69 30
113 209
82 237
0 106
198 278
58 187
157 240
242 174
78 232
217 193
271 53
282 37
8 200
273 47
45 112
278 151
237 199
207 231
139 26
125 227
46 115
64 200
44 227
19 204
204 113
260 102
41 144
117 88
142 10
48 80
4 143
28 135
54 238
234 74
299 78
249 250
169 227
258 144
216 260
160 19
117 224
188 157
274 89
258 248
116 143
47 122
286 101
35 231
252 262
17 127
168 87
202 95
244 163
271 126
195 131
206 183
25 146
37 70
179 7
291 122
72 245
55 224
186 164
111 37
225 68
9 20
1 12
193 63
6 47
79 130
241 8
42 69
156 107
107 251
164 108
196 109
8 129
276 122
29 113
252 118
56 127
146 38
282 119
109 134
73 75
222 181
184 1
44 217
163 207
267 179
223 242
282 265
41 190
74 136
159 157
286 126
247 230
183 73
91 69
221 24
252 295
34 211
206 171
236 19
194 96
36 146
176 290
12 174
153 92
214 29
22 65
166 134
57 136
275 194
12 19
264 49
226 238
175 108
149 65
91 242
156 90
199 150
258 103
4 248
32 285
38 17
57 116
223 94
28 124
35 275
259 293
228 66
198 262
250 155
269 292
194 162
285 91
46 145
176 196
201 126
95 251
175 69
80 26
83 116
298 105
169 157
175 223
102 290
161 206
107 185
103 214
95 2
32 230
14 52
139 84
151 123
124 209
247 274
148 237
217 142
2 296
245 73
225 140
153 270
98 23
31 53
209 132
28 255
90 119
209 297
239 172
128 131
268 225
90 216
127 202
161 54
272 57
111 82
178 27
298 134
0 202
259 2
206 268
15 104
197 134
36 237
144 77
73 202
15 190
221 20
2 16
186 253
286 269
276 265
34 276
130 281
113 83
57 96
230 212
294 30
148 253
242 126
80 200
134 262
8 250
122 118
69 159
190 206
112 36
174 173
10 183
215 211
0 207
133 283
294 142
214 8
240 1
282 14
73 287
299 258
281 136
42 283
27 125
63 245
166 19
134 114
35 128
62 76
96 291
55 54
128 65
145 209
83 109
240 143
259 154
161 267
101 279
55 19
79 141
86 216
258 106
64 125
90 213
49 183
173 18
289 23
189 160
262 27
117 3
74 167
231 44
28 41
210 162
27 47
224 287
84 138
210 212
158 128
236 76
73 292
10 247
204 200
136 107
157 64
287 205
295 209
29 255
148 186
1 93
231 163
254 228
172 145
101 22
91 162
281 299
30 104
58 191
118 291
160 98
28 100
291 263
136 5
63 161
64 178
175 4
128 228
43 136
4 242
295 181
117 172
45 157
188 263
26 45
122 77
144 139
104 157
284 21
120 56
205 165
155 182
11 75
288 43
279 38
241 155
254 190
15 78
59 193
40 247
37 69
209 138
170 151
288 14
127 250
136 105
277 216
66 245
67 170
157 29
231 264
129 38
5 98
145 271
139 214
51 49
181 250
21 85
284 225
174 273
245 2
207 82
112 75
253 273
90 183
26 243
260 208
289 38
226 173
61 117
55 51
181 58
10 116
285 291
25 111
98 251
30 54
232 201
202 126
294 2
298 261
0 191
174 19
122 207
249 66
9 288
277 194
235 35
253 201
161 93
6 26
84 55
292 72
70 111
15 215
212 31
1 83
24 250
126 90
253 76
145 297
176 96
111 286
249 215
82 208
195 241
13 183
160 13
139 161
67 201
132 284
100 160
139 15
26 41
25 133
61 293
243 31
159 282
117 205
184 258
142 298
131 53
255 98
251 148
6 118
138 236
111 227
185 179
60 231
239 294
126 235
166 111
152 134
6 264
48 5
12 16
259 162
189 50
274 122
120 94
179 192
109 94
105 131
235 257
164 175
195 168
137 206
35 241
163 207
295 30
295 159
104 108
97 267
266 295
157 133
275 66
54 155
293 76
121 157
157 154
99 150
65 164
97 267
215 178
204 49
241 103
229 159
121 35
115 275
271 135
168 162
208 34
239 226
107 48
180 160
71 8
30 34
238 241
33 42
288 209
152 18
106 254
64 139
140 158
46 66
95 222
1 53
180 228
245 229
294 211
29 117
0 227
50 45
12 220
114 231
29 80
106 235
83 186
48 213
216 134
12 174
142 179
115 7
100 130
29 281
17 73
24 36
38 146
180 20
36 205
295 209
72 176
233 205
214 150
223 32
215 140
76 280
217 0
167 45
7 110
94 177
276 177
27 39
2 169
65 158
218 91
173 288
49 106
3 256
111 146
123 31
264 10
135 264
241 132
299 172
272 181
51 32
195 70
60 133
38 181
85 223
2 216
23 294
280 44
7 15
51 256
226 287
201 153
250 191
215 126
250 173
154 275
196 143
144 155
28 231
149 199
88 170
282 73
132 74
84 255
25 16
69 258
113 201
211 20
70 174
143 78
77 298
71 250
271 158
80 55
110 227
148 292
267 19
4 114
295 46
132 270
6 122
211 241
217 218
162 234
185 6
223 138
298 131
15 127
257 13
194 55
42 8
112 143
196 163
156 28
104 91
68 63
267 13
281 87
179 281
196 276
87 140
251 121
34 126
194 2
215 41
282 40
26 174
228 123
187 87
171 164
180 131
272 59
106 191
253 121
2 101
70 8
52 138
87 120
280 256
192 74
63 115
67 293
228 141
137 206
22 164
42 265
91 200
128 146
42 98
68 107
0 264
122 47
9 298
94 249
217 269
201 33
126 198
274 284
211 162
271 34
158 61
32 200
138 181
44 49
109 74
193 90
205 73
105 97
73 95
269 6
247 103
164 32
133 209
267 294
184 214
125 20
62 210
65 47
225 254
272 203
106 87
170 222
54 80
203 44
166 185
138 103
218 253
125 9
245 127
75 23
203 200
0 106
218 20
284 243
205 261
32 245
205 76
68 102
13 163
232 267
138 43
148 88
61 164
116 169
145 250
95 178
107 191
121 136
299 218
66 97
102 232
265 71
58 266
167 248
12 60
280 129
1 120
15 210
12 98
194 174
196 284
201 141
46 123
53 89
239 6
224 68
236 149
214 244
71 237
214 215
280 95
277 174
84 50
57 281
189 73
177 186
230 232
229 217
84 168
208 226
248 4
58 56
111 196
12 168
39 188
145 62
153 178
47 227
23 284
263 62
114 16
62 277
224 148
66 114
90 43
210 20
77 145
276 270
86 264
220 43
111 102
268 247
258 259
198 38
256 34
216 294
53 276
260 51
245 111
132 79
287 129
124 39
3 31
147 119
164 192
196 80
63 259
290 180
27 150
168 111
60 96
7 156
253 183
292 277
49 287
62 240
185 3
129 44
211 198
20 197
199 38
242 52
5 87
140 299
61 16
192 62
296 257
70 31
245 164
116 246
170 148
127 242
51 124
235 2
249 60
94 258
162 167
160 183
163 22
37 243
120 233
56 28
183 60
188 104
133 50
231 214
21 2
209 118
211 232
150 25
233 296
31 261
82 298
53 50
9 174
47 284
224 187
62 41
251 159
88 241
106 50
205 20
241 98
16 138
61 180
267 7
280 70
115 109
84 186
123 12
39 159
2 188
112 142
113 256
216 162
230 163
86 127
151 246
163 20
297 121
120 83
0 236
108 63
47 257
75 20
139 169
114 112
182 179
4 63
207 106
14 2
132 129
184 34
122 99
243 1
39 86
162 54
279 88
260 237
61 295
14 171
253 111
296 281
196 111
213 45
129 96
231 261
259 184
15 73
153 221
217 82
116 147
1 160
201 90
241 268
232 110
214 24
142 84
47 32
75 186
217 230
280 168
190 88
196 148
292 33
81 21
57 119
130 132
116 269
51 106
294 39
38 82
245 61
219 222
168 106
126 105
72 202
71 9
76 145
95 251
74 251
296 130
266 165
33 171
247 170
258 185
99 159
59 153
83 186
77 59
12 34
128 250
13 256
188 200
105 5
149 92
144 92
172 190
78 85
148 180
136 294
227 53
79 21
291 152
250 163
191 45
227 101
182 220
6 22
16 15
255 8
238 121
269 240
75 189
90 154
92 145
75 287
196 246
224 161
159 6
25 288
150 110
28 71
51 228
230 172
179 106
146 114
158 27
289 143
35 180
284 209
188 150
269 271
2 172
138 91
282 211
146 238
19 131
166 43
198 225
106 41
16 153
11 95
97 110
50 193
78 266
2 185
123 229
61 194
28 276
40 185
267 131
270 210
256 173
144 147
86 213
58 157
28 186
19 138
295 280
294 6
15 59
283 114
243 182
76 146
0 103
157 32
253 246
49 141
244 151
86 277
251 196
83 48
211 9
155 286
117 174
88 242
268 220
69 108
52 288
157 185
213 28
157 205
14 111
139 22
211 294
255 163
174 124
105 4
287 104
269 115
168 116
222 199
100 123
11 68
44 128
143 17
174 208
143 186
174 191
293 287
42 3
141 166
140 9
25 145
126 267
271 264
35 49
134 116
269 242
283 139
215 235
183 54
7 276
247 198
4 217
257 255
212 282
131 81
299 147
112 73
183 44
35 135
286 107
129 277
197 11
160 85
78 231
140 2
55 36
260 254
271 197
105 0
166 239
248 225
283 71
260 156
299 195
226 76
227 147
8 127
270 81
88 114
67 210
122 274
169 224
274 54
49 120
193 289
103 181
196 19
90 61
285 99
271 0
260 92
74 119
281 104
255 66
171 15
169 98
189 232
42 293
107 297
22 8
245 182
41 139
227 15
137 118
10 266
207 55
71 22
286 163
170 180
36 163
203 24
262 65
130 38
221 166
204 29
37 144
94 41
211 118
36 260
295 285
265 249
205 61
241 52
16 56
235 45
138 241
205 228
180 137
157 149
299 56
239 244
162 20
213 209
107 111
56 247
81 209
35 217
297 30
170 84
29 107
236 212
10 82
41 219
282 190
244 82
135 33
136 128
246 199
98 271
27 119
17 179
176 138
55 237
87 236
214 275
122 134
62 106
212 109
96 14
223 109
6 201
280 159
12 112
75 56
263 34
220 98
152 94
4 220
275 6
236 188
16 191
62 121
121 168
86 225
71 262
30 92
82 36
130 5
214 19
42 147
204 30
98 244
75 186
65 12
269 106
94 162
145 255
129 151
122 282
126 101
141 168
177 173
93 118
64 95
29 65
62 298
4 134
134 211
165 191
128 284
205 112
95 106
195 204
29 241
50 170
123 162
184 231
31 136
103 169
44 130
31 121
9 26
193 26
271 118
213 297
114 1
178 247
16 39
297 249
294 108
196 76
81 104
186 183
154 280
224 220
292 197
266 85
106 269
42 97
122 56
142 58
20 146
30 293
250 187
60 168
173 67
224 188
47 207
52 113
221 264
254 227
277 233
5 264
45 239
222 251
208 230
28 272
270 107
171 268
130 199
98 115
66 287
197 274
155 221
65 24
197 238
257 215
167 12
142 270
89 181
81 72
61 204
166 20
2 241
75 290
275 196
50 168
95 162
112 256
292 58
127 88
7 239
84 72
52 61
267 55
53 7
49 97
232 81
250 6
229 152
158 28
9 101
103 283
51 24
216 298
175 129
242 237
153 154
97 84
108 79
169 120
282 147
21 5
46 107
236 63
76 23
189 98
128 95
84 294
243 146
292 175
182 297
223 23
280 263
142 242
127 140
186 82
182 155
56 183
41 86
183 29
179 178
115 246
214 117
105 221
113 50
35 9
202 260
144 248
141 21
264 51
237 29
262 71
256 107
196 122
73 62
55 267
26 108
237 179
55 195
210 261
148 77
195 35
87 20
104 246
210 214
1 152
270 260
127 132
135 19
279 165
288 195
280 81
178 173
34 288
9 267
88 73
128 49
226 3
69 111
277 108
132 297
274 28
255 84
235 1
160 189
4 257
125 84
172 45
139 12
127 252
55 248
92 275
251 89
223 292
120 253
171 195
190 219
279 75
293 173
231 298
104 163
47 174
282 9
1 83
196 104
68 174
58 197
71 252
249 150
262 146
178 102
137 193
144 79
181 145
28 250
101 10
143 224
74 296
241 1
196 173
185 177
150 82
241 281
65 127
253 155
207 234
215 174
138 5
56 277
156 282
107 117
23 93
134 280
180 223
264 141
177 224
234 64
95 37
238 156
225 134
215 214
52 229
5 287
215 153
262 267
114 192
143 188
133 67
209 249
291 52
36 103
250 0
74 99
55 79
241 16
246 168
137 244
12 290
180 153
172 297
97 188
82 285
35 19
12 83
127 179
34 247
225 224
61 63
292 216
12 276
0 26
213 81
252 217
209 115
184 197
243 254
28 21
219 233
17 95
289 152
256 69
116 165
46 234
235 8
275 221
202 264
7 203
8 36
292 131
3 210
78 17
160 157
70 88
33 9
234 182
125 172
262 7
94 73
292 204
171 56
20 278
99 137
41 37
63 236
130 170
198 82
191 85
116 90
72 71
226 11
282 19
261 133
263 127
89 291
0 259
260 252
115 212
43 280
164 73
42 290
171 42
67 54
232 242
207 106
221 31
248 143
119 239
26 215
10 102
208 28
8 111
265 291
148 57
177 255
199 70
282 3
24 190
190 45
12 136
161 149
276 149
22 167
228 95
18 195
148 184
89 244
138 289
233 164
185 217
220 18
147 287
251 44
277 113
194 138
67 162
178 79
114 207
170 266
255 121
146 171
243 295
281 276
60 133
197 94
197 224
176 44
273 237
174 95
24 27
78 48
42 94
34 77
269 32
223 201
199 37
80 113
189 23
242 266
202 197
154 224
233 265
285 235
136 229
86 57
276 158
215 150
263 11
180 227
70 262
34 120
43 176
36 125
197 9
23 139
143 108
131 207
154 6
79 180
131 166
15 239
268 278
287 282
75 284
164 248
182 14
44 138
239 131
269 9
70 256
89 74
98 92
204 249
179 198
146 276
144 250
89 103
174 227
235 185
271 35
158 276
139 185
191 38
190 118
9 23
218 159
200 58
169 250
0 229
34 147
69 177
20 201
280 155
34 280
28 187
180 165
296 211
204 27
107 298
288 262
89 57
51 10
293 123
245 168
227 244
5 242
8 59
5 170
97 80
262 148
296 278
281 193
248 65
116 225
116 16
296 27
294 293
133 169
133 230
65 32
286 32
41 150
280 204
7 244
63 159
237 27
132 39
141 133
79 30
245 157
127 107
290 234
244 235
270 179
131 263
2 273
73 67
201 129
283 218
88 219
162 262
98 102
249 177
107 12
126 289
47 241
270 104
198 160
65 245
287 124
294 17
12 154
24 195
223 74
98 84
159 227
207 87
285 84
11 14
121 56
31 38
8 157
116 44
131 290
280 178
153 295
212 263
73 216
1 16
18 26
20 284
48 184
140 270
267 4
71 103
180 188
280 150
260 8
119 35
142 27
130 113
93 210
5 246
125 18
1 117
73 2
86 39
207 270
70 20
107 104
127 189
258 23
17 69
58 266
249 281
243 136
257 198
231 0
202 229
252 286
257 100
243 209
259 8
67 161
200 173
177 161
141 252
73 248
252 114
43 277
199 83
250 227
44 155
257 277
13 22
160 257
131 263
37 77
204 57
232 140
255 217
81 260
49 248
19 157
168 33
250 22
77 57
275 90
102 270
149 287
30 250
202 187
271 229
132 45
264 261
277 17
36 170
122 233
168 47
218 72
154 11
31 271
292 183
208 130
181 90
151 159
108 252
196 265
135 215
70 132
219 252
81 133
151 166
18 167
279 158
288 85
204 193
61 266
128 93
121 186
182 189
103 104
86 21
225 193
13 47
188 65
101 175
42 288
109 89
42 84
119 51
14 244
188 165
129 123
119 202
9 16
25 259
150 234
156 225
227 142
270 100
126 42
219 19
187 162
230 219
148 15
176 209
11 76
80 252
286 81
11 77
168 66
119 294
263 207
260 26
179 136
285 133
198 273
130 252
18 78
23 290
205 188
93 0
77 115
274 252
224 233
49 104
83 70
38 13
121 14
21 150
197 281
33 32
280 93
189 261
241 196
1 299
25 115
37 7
96 131
98 143
157 199
287 85
6 124
130 269
23 183
95 173
50 291
73 124
234 28
223 244
146 190
81 218
55 76
86 11
289 132
64 194
167 78
29 150
216 279
185 147
180 58
181 273
286 85
45 225
201 227
150 156
11 295
41 119
99 172
295 107
281 234
168 199
118 294
31 194
169 248
25 228
168 234
74 230
158 281
59 94
9 199
54 162
103 115
272 105
6 13
102 175
241 13
262 213
54 288
38 82
154 227
216 277
240 170
208 239
288 234
245 227
4 298
27 189
254 220
36 127
162 148
40 248
172 232
198 243
6 18
28 159
117 49
5 53
115 256
274 224
246 28
175 16
259 40
249 89
274 35
219 187
129 15
153 44
169 256
114 288
157 220
294 266
122 151
194 269
227 292
111 287
213 184
199 71
83 82
197 254
8 204
185 23
47 227
108 206
227 271
276 3
217 5
252 46
294 75
30 128
51 43
10 17
123 184
60 33
95 52
15 69
23 172
259 168
74 10
246 271
101 99
135 3
119 275
100 80
184 83
152 141
227 180
190 162
297 68
294 216
100 11
180 105
291 94
200 16
226 265
208 2
1 219
93 110
263 241
193 194
288 61
259 87
253 45
22 39
136 160
236 206
112 15
275 269
162 213
126 8
177 92
76 93
225 0
31 67
78 119
120 137
173 239
105 15
234 103
163 86
262 86
5 197
22 137
79 185
260 84
89 39
207 121
288 148
166 36
282 196
155 248
32 264
152 6
108 207
128 284
198 256
125 219
29 102
138 79
208 144
295 253
91 13
168 250
295 229
270 299
278 122
164 103
267 87
133 108
103 36
189 91
199 284
12 23
20 131
170 265
102 193
46 112
266 65
211 157
202 287
198 169
137 43
73 262
294 113
260 110
99 145
233 118
212 41
0 102
271 103
67 201
15 203
253 43
25 214
160 176
50 255
178 293
92 202
298 235
127 40
86 212
14 290
66 191
227 140
275 161
222 13
121 210
214 215
212 158
104 4
211 142
16 131
217 90
167 149
189 16
84 29
239 116
52 160
106 213
201 26
173 104
224 122
199 45
264 225
4 150
120 178
95 184
288 198
12 186
204 179
198 161
224 52
1 141
201 91
143 113
280 221
143 48
25 240
184 39
0 256
285 274
134 45
270 191
68 166
35 24
66 1
275 119
244 232
176 146
103 74
168 113
117 184
177 194
211 128
6 73
235 281
235 22
201 144
257 92
245 167
148 102
225 281
82 284
76 72
72 290
268 269
272 197
138 238
13 224
159 139
146 72
191 48
258 187
80 254
8 107
246 33
226 67
207 73
51 238
57 152
45 123
19 184
127 114
91 139
142 258
4 216
118 26
251 137
78 223
126 74
189 28
297 156
91 266
143 293
11 258
209 270
19 115
0 139
239 245
84 73
37 86
242 159
259 72
165 166
99 130
256 252
245 117
246 29
83 107
273 50
272 0
101 142
182 92
228 172
154 13
114 228
161 92
287 154
123 243
236 271
58 166
116 105
10 127
172 140
130 2
27 82
36 100
277 16
240 203
257 211
106 70
229 271
269 298
240 162
265 113
130 137
148 149
140 225
41 62
104 73
63 62
126 156
154 289
282 7
213 114
279 37
180 159
205 285
255 81
53 75
77 39
274 133
117 75
197 50
87 255
237 84
6 30
256 175
295 116
157 288
132 246
61 48
293 274
177 55
296 214
137 190
119 154
77 247
99 93
260 81
27 265
190 274
250 277
188 190
98 20
35 93
174 130
0 66
191 91
82 222
259 216
234 127
89 274
131 189
160 122
81 41
233 200
177 55
137 104
122 239
46 10
195 267
69 129
83 177
149 173
246 259
205 113
293 9
107 254
20 43
203 164
147 171
102 194
245 283
235 221
156 218
126 134
211 164
215 54
46 204
207 93
194 144
205 104
98 17
101 138
162 241
268 207
298 214
14 114
288 112
38 61
4 193
154 2
68 177
283 84
163 199
284 63
191 30
141 296
23 39
101 173
143 119
3 199
90 103
97 233
253 3
46 2
153 86
222 213
139 79
171 149
274 204
296 259
99 267
51 232
49 240
241 281
196 125
90 272
223 292
157 49
174 250
13 114
291 247
139 6
79 199
249 259
34 196
131 45
178 198
56 299
130 171
243 10
135 68
0 4
148 170
218 104
11 56
193 18
218 123
287 62
215 60
29 17
167 235
174 23
153 3
58 75
266 76
20 177
169 13
45 105
55 246
110 245
268 185
251 197
195 88
11 42
24 59
266 95
234 61
37 256
295 181
86 183
128 140
206 231
110 211
82 262
83 113
250 160
121 60
242 115
272 267
254 187
179 39
182 129
101 244
274 145
68 58
135 216
170 141
218 225
49 210
129 160
87 60
43 18
237 121
207 270
206 296
288 37
130 132
48 77
120 95
109 65
28 196
299 3
62 17
219 93
139 77
141 128
189 69
8 64
230 95
221 121
206 227
148 282
248 288
65 49
298 160
285 222
262 192
129 48
156 60
212 103
253 143
136 255
250 82
5 241
65 101
97 261
142 115
211 56
199 4
274 278
8 33
74 238
129 200
16 101
194 75
96 51
93 202
174 51
162 159
71 18
161 159
263 237
123 245
53 36
74 46
44 234
87 297
147 198
286 40
94 7
53 159
274 154
216 299
253 104
14 240
175 241
0 197
63 30
169 211
67 263
20 218
217 46
153 295
78 278
202 16
250 113
211 257
286 61
140 258
226 14
92 56
101 189
181 214
53 61
289 143
1 97
279 70
112 225
153 52
141 29
266 180
198 42
154 95
59 293
254 129
119 56
35 229
208 1
52 32
182 101
224 101
281 83
285 216
73 153
90 20
93 187
283 144
116 61
82 163
136 44
129 81
156 112
126 263
5 248
163 282
39 117
218 270
9 4
144 199
156 203
126 236
12 232
160 66
203 104
112 225
172 50
79 83
250 133
9 257
182 83
298 118
33 291
33 280
138 266
64 125
239 128
112 180
183 196
273 142
198 40
11 131
161 85
131 68
87 233
136 155
19 291
147 163
229 298
33 62
51 222
182 68
8 165
133 182
281 272
69 273
81 279
270 221
29 259
13 294
274 199
279 219
115 95
165 182
167 104
139 68
190 219
153 171
177 50
226 262
256 13
74 111
232 124
252 67
295 192
108 199
93 103
202 224
225 50
294 20
127 131
271 213
86 105
152 182
41 119
270 120
122 117
244 20
137 204
225 128
96 179
87 201
38 103
174 74
259 203
134 281
268 78
196 253
165 218
73 294
250 98
249 298
53 210
43 171
150 249
27 245
57 32
291 258
283 26
21 257
110 70
99 93
136 133
291 184
271 112
208 279
277 228
262 215
90 155
70 123
26 68
106 38
229 84
46 150
39 204
102 45
167 29
114 164
41 194
31 94
113 147
171 277
189 200
269 29
95 208
137 112
47 32
135 222
224 116
247 196
37 15
105 211
0 169
121 37
204 243
62 107
159 259
85 81
114 226
50 182
138 126
97 278
104 80
34 67
138 92
280 272
283 68
95 288
42 181
98 26
52 289
226 146
89 184
272 293
256 69
268 128
269 231
231 171
261 184
63 228
0 267
128 294
33 114
61 0
90 27
264 81
41 13
93 229
210 34
244 233
181 238
230 183
261 62
275 226
123 157
58 11
297 160
233 38
236 259
145 114
35 98
204 71
196 77
95 67
34 21
71 85
52 8
183 17
58 111
167 166
277 62
28 100
155 159
142 140
292 263
185 208
278 201
122 73
99 96
97 114
99 18
246 33
72 87
196 237
64 40
105 20
286 55
266 299
102 1
179 271
95 31
181 110
115 285
57 270
185 288
148 250
291 181
236 121
216 170
76 125
244 68
236 20
274 65
89 195
30 35
28 198
274 102
196 286
33 249
49 58
86 245
34 258
139 145
140 223
208 130
167 214
55 87
35 116
150 199
289 95
15 24
6 124
161 155
188 179
2 288
6 109
68 34
57 186
185 201
83 166
40 98
212 242
147 290
105 195
111 46
120 255
181 70
155 103
26 88
99 42
264 221
254 81
173 37
117 202
47 261
274 237
181 28
226 240
163 166
230 54
94 238
52 33
236 269
250 166
257 215
262 44
121 172
238 55
220 4
288 24
44 64
50 43
66 273
281 193
210 50
152 170
173 58
39 241
141 2
79 211
220 110
117 195
56 67
183 204
297 84
59 249
34 152
127 270
192 58
247 178
205 143
27 32
297 199
248 289
104 285
113 66
207 161
262 279
168 141
188 216
261 95
92 31
34 119
163 259
88 211
298 268
82 248
114 271
287 248
136 216
238 106
113 138
82 297
229 205
252 190
0 19
65 98
98 237
98 119
227 285
229 129
123 116
18 214
240 95
170 237
251 247
233 110
6 82
235 23
96 210
148 3
12 78
138 232
86 174
127 72
176 84
216 278
237 143
286 53
21 172
145 246
250 118
149 202
22 64
21 159
277 50
14 292
278 288
299 255
110 135
98 165
27 73
210 296
130 204
97 20
296 174
125 118
280 21
122 277
279 126
74 165
134 175
138 37
90 19
235 272
249 163
209 219
257 210
290 206
46 16
197 12
13 152
245 39
10 286
128 120
84 128
250 149
174 183
289 70
243 274
249 60
91 192
203 53
174 146
210 173
169 22
183 71
225 274
96 90
240 233
6 170
74 236
138 166
202 89
39 278
95 37
226 49
280 182
66 146
66 233
281 211
249 61
235 175
75 283
149 112
81 204
116 43
282 24
200 86
213 117
89 16
206 183
153 236
0 28
128 250
239 294
256 26
254 92
136 8
279 207
50 214
38 34
114 197
147 103
243 294
13 53
241 202
45 178
107 249
112 159
87 94
297 124
1 77
196 145
156 84
14 88
187 120
140 175
105 1
289 149
160 286
132 136
66 103
107 3
50 188
220 74
282 103
213 112
90 237
42 160
37 29
255 49
299 110
170 109
219 131
261 94
299 239
199 240
249 97
74 267
246 141
30 256
289 178
225 214
120 105
106 237
273 54
195 194
285 159
121 151
93 23
228 95
230 104
264 71
156 23
158 214
32 186
127 211
107 14
135 274
3 259
284 230
285 140
238 215
40 254
2 108
281 264
36 128
97 27
130 51
209 194
119 230
51 215
103 92
257 140
204 159
51 272
196 42
237 190
188 248
106 135
212 176
136 53
109 82
169 299
289 54
113 148
143 38
218 254
187 251
285 176
108 72
78 233
6 88
137 182
232 132
133 52
239 295
176 244
242 95
208 120
279 38
249 200
37 84
96 109
195 225
57 237
78 234
176 3
63 94
15 92
111 17
234 228
5 242
209 14
129 229
137 168
196 89
162 175
23 247
130 246
26 191
218 81
64 70
139 23
226 182
178 17
89 90
259 197
35 189
267 0
11 58
123 299
90 71
138 82
32 262
140 141
274 2
44 126
164 115
46 266
84 273
55 176
7 289
122 299
250 180
244 203
103 238
169 183
14 282
167 77
154 26
299 250
59 128
198 271
249 129
294 70
49 121
221 165
103 58
106 181
27 167
151 75
196 228
141 127
265 38
79 87
106 136
70 12
19 83
210 219
137 152
295 142
170 157
46 200
176 90
4 69
57 103
41 156
155 137
30 95
290 21
235 82
190 14
72 18
242 192
254 51
67 217
24 31
183 299
40 118
171 30
242 220
227 186
53 255
235 247
291 164
297 118
242 2
89 48
181 0
26 7
1 170
3 97
4 105
251 5
170 47
232 46
277 261
270 212
275 203
299 149
185 195
285 254
259 137
294 146
145 221
10 70
106 30
200 145
124 235
174 132
174 34
165 219
91 20
149 196
150 283
52 295
98 258
112 166
58 191
34 169
164 296
133 36
222 46
110 84
216 288
120 211
35 110
266 208
279 179
117 80
208 51
12 95
36 82
153 73
29 183
286 149
231 202
207 269
190 36
240 27
116 253
220 297
95 20
270 53
61 220
23 200
262 198
220 16
265 233
248 133
124 262
86 61
141 244
220 81
231 175
263 77
290 98
294 123
108 103
120 289
104 86
198 40
16 269
238 49
111 294
107 149
277 60
10 212
276 136
147 110
57 173
34 236
188 193
129 220
10 259
144 152
241 118
79 39
77 208
261 53
265 124
187 149
85 130
43 55
247 220
110 116
131 180
71 177
255 189
193 168
226 206
147 79
69 216
150 265
22 219
232 242
113 232
27 274
227 176
154 67
203 250
43 133
74 236
110 158
259 24
173 261
146 119
118 103
206 55
61 272
24 60
155 180
216 191
260 199
29 143
71 165
152 292
266 27
173 1
295 167
208 262
178 116
55 202
111 69
141 178
242 158
53 210
138 87
24 210
61 111
35 40
121 224
260 48
217 290
215 294
269 87
89 29
20 5
222 289
54 262
221 291
0 10
80 124
106 181
122 156
295 44
294 261
84 217
5 98
96 128
32 295
129 68
268 12
222 218
293 77
102 4
99 271
40 112
214 264
128 193
142 215
89 265
244 177
138 104
132 101
79 31
59 121
81 124
57 25
145 22
169 284
140 193
161 274
77 35
34 82
296 12
26 144
90 59
161 96
245 163
137 131
279 130
252 26
154 258
206 164
229 131
269 123
149 107
280 103
234 0
234 47
58 150
294 212
1 61
200 259
51 283
69 247
89 290
222 146
282 181
43 37
67 279
7 108
22 221
160 196
258 17
24 32
154 172
257 35
205 122
77 245
1 63
31 3
156 69
119 179
294 40
209 272
278 96
54 168
75 149
116 118
3 37
204 280
171 275
260 280
176 256
15 102
158 289
107 220
223 126
28 163
162 69
240 106
64 183
293 63
202 227
166 237
68 180
99 111
53 38
134 76
278 113
38 163
62 203
192 170
275 99
18 160
211 61
270 59
244 239
89 59
61 86
47 17
41 206
195 233
97 36
45 161
63 11
241 272
80 253
32 108
227 282
122 276
131 214
87 190
295 183
282 122
135 214
75 26
206 274
86 80
242 91
278 52
268 36
153 281
89 223
91 49
216 136
89 231
45 114
112 274
122 271
258 286
141 92
42 69
24 274
38 47
146 60
84 62
264 25
4 222
144 250
186 41
61 204
159 11
126 118
219 250
97 282
180 36
32 236
150 101
183 90
146 151
112 52
248 148
247 69
245 173
284 214
91 128
221 41
33 178
283 267
272 266
126 91
80 244
259 27
271 139
29 291
137 89
51 128
188 233
260 163
92 244
240 257
101 10
246 110
210 275
5 127
71 54
107 293
153 168
203 105
287 147
63 263
152 285
246 164
60 242
239 96
0 58
101 47
66 266
260 51
2 42
49 148
144 123
80 74
99 283
130 204
36 202
120 56
247 251
47 286
247 34
49 274
40 63
19 81
279 295
149 211
64 193
87 80
74 75
182 240
107 4
174 4
87 289
129 79
259 185
165 197
15 235
295 133
119 265
58 287
133 40
151 117
143 263
210 21
281 91
1 197
243 102
68 38
88 78
172 120
223 192
66 162
259 153
89 157
14 289
145 84
13 231
286 290
158 162
198 16
110 53
55 285
209 207
180 227
230 206
92 103
194 10
250 189
75 141
30 187
153 229
1 128
142 149
177 223
127 0
88 151
38 72
135 130
256 278
292 70
47 206
155 36
129 15
114 165
58 52
193 125
139 205
13 27
257 228
80 84
53 142
40 60
62 124
70 35
194 120
202 103
186 5
55 223
290 27
196 201
69 280
83 90
130 100
50 165
287 252
217 191
44 263
78 202
141 169
134 64
167 69
186 87
111 127
234 126
94 141
158 235
138 63
253 277
40 27
174 195
193 177
209 251
24 128
24 256
174 278
196 51
10 240
21 44
30 177
56 216
181 232
114 106
62 54
164 0
27 153
157 238
48 126
249 78
107 240
263 86
256 172
185 124
2 12
183 12
22 41
8 255
103 5
42 72
61 176
262 286
96 236
9 219
165 210
87 298
261 47
23 181
43 48
299 123
250 10
223 128
151 290
131 74
287 171
42 248
204 19
119 6
120 136
62 263
279 93
15 221
50 228
176 6
156 232
137 288
76 45
282 283
207 173
91 209
266 291
298 66
256 219
265 109
275 295
19 6
130 229
75 197
68 69
27 114
296 18
41 267
111 8
57 149
222 68
77 197
225 33
265 116
212 133
41 175
204 60
2 118
6 0
285 13
30 22
30 172
20 137
202 4
239 215
214 136
287 174
163 181
289 58
103 135
265 206
130 98
55 11
32 63
189 188
77 250
79 206
216 35
83 65
137 43
72 100
51 18
298 246
195 254
282 151
187 123
57 143
248 159
260 71
37 231
254 229
76 288
151 229
289 189
234 77
212 113
240 6
263 132
205 15
163 41
213 59
257 151
223 34
33 29
153 109
85 38
224 7
224 192
145 19
279 259
61 86
167 245
50 251
97 198
77 214
180 134
183 49
92 243
74 18
129 48
172 275
127 200
192 124
7 24
204 293
161 188
199 266
206 73
208 185
171 43
48 142
130 220
128 159
197 131
137 161
210 250
141 45
129 268
112 48
192 256
27 281
172 146
268 252
25 201
132 37
98 3
211 214
144 101
212 90
281 254
130 212
91 39
222 73
257 77
22 262
55 95
246 43
132 169
132 160
127 143
295 9
109 196
56 28
173 226
37 90
78 141
30 12
107 207
122 12
119 241
89 68
230 196
229 209
241 123
270 135
97 8
282 251
159 219
37 232
265 133
209 196
0 172
53 50
99 78
120 123
33 24
149 167
135 144
282 65
170 264
166 27
139 156
82 19
56 153
96 77
207 252
181 135
176 295
200 75
30 6
14 146
3 253
123 207
293 251
223 10
62 97
187 274
134 242
261 271
103 193
30 191
293 243
68 72
158 292
284 271
280 59
276 47
79 178
37 258
269 73
137 212
199 188
61 226
106 243
240 44
154 72
145 251
155 48
254 154
288 208
134 179
61 171
150 267
291 289
245 143
24 102
210 268
153 168
73 51
186 134
52 218
240 102
227 278
98 249
214 204
157 216
59 69
44 270
191 3
14 56
65 181
172 261
110 101
126 178
159 238
38 195
33 15
247 34
6 24
211 180
139 62
210 92
16 246
136 13
218 13
183 236
209 114
111 65
151 273
149 182
196 183
117 149
187 11
107 7
49 95
96 283
198 160
50 233
12 208
178 90
299 65
249 234
33 285
66 277
246 3
219 162
195 44
195 27
25 139
169 208
230 112
229 119
247 159
47 92
160 1
145 146
167 252
249 211
191 71
90 119
164 92
232 177
141 216
75 176
188 50
172 177
39 278
72 99
221 138
197 7
88 13
8 287
83 42
118 48
258 95
54 293
116 92
56 283
222 67
144 156
246 175
18 172
162 260
35 279
34 196
154 121
85 196
79 94
86 272
28 149
127 164
112 14
193 249
208 86
96 280
153 291
46 58
183 113
276 288
0 2
84 109
62 144
269 34
182 83
58 270
19 7
19 72
92 178
194 286
220 154
210 37
264 96
124 37
234 201
181 284
178 294
19 271
222 8
208 283
237 86
125 202
132 178
120 219
88 62
281 182
154 26
297 28
274 52
195 229
189 133
175 203
45 237
266 22
259 36
102 281
98 284
140 242
265 79
164 151
150 221
102 57
299 286
232 215
262 203
280 16
250 74
268 212
283 164
183 167
215 12
255 231
120 270
202 26
165 269
285 15
45 252
196 263
263 160
237 172
278 170
251 202
17 185
24 60
88 238
124 82
13 299
226 113
213 243
21 209
188 70
141 164
185 46
51 142
70 132
84 245
280 113
191 260
77 58
52 145
126 233
283 99
237 135
270 107
249 244
117 224
107 281
215 149
53 34
153 0
221 22
146 86
261 14
165 2
227 276
21 185
44 294
98 175
149 165
206 3
218 75
288 275
62 133
216 294
289 183
36 114
180 259
154 291
44 26
240 192
0 27
221 150
39 15
251 189
253 137
215 137
37 40
49 108
109 32
199 9
29 89
91 59
15 46
273 71
193 90
252 210
236 284
81 188
247 26
88 259
11 43
75 151
22 1
243 85
183 258
119 24
181 201
149 50
256 215
167 183
247 261
151 126
14 56
186 1
190 166
275 33
108 5
200 125
134 266
22 62
10 44
8 209
177 78
152 45
126 28
257 14
26 94
189 147
164 104
175 217
211 56
25 109
163 197
178 228
175 91
232 148
64 262
172 88
281 33
107 100
160 271
29 297
56 231
16 195
65 183
82 207
266 106
160 170
174 110
80 116
57 58
28 32
299 20
107 143
285 75
2 51
237 85
210 25
175 119
143 151
101 65
219 5
153 182
23 116
241 90
217 5
268 53
182 117
60 14
229 71
231 280
200 233
3 242
160 136
209 245
102 185
257 184
20 41
228 215
79 94
63 211
89 192
278 40
104 49
231 105
229 32
105 197
151 33
80 276
89 157
184 2
296 85
114 35
119 166
127 21
3 173
74 80
71 208
251 261
36 2
202 145
199 275
130 175
195 67
189 267
91 84
194 162
257 72
243 144
83 124
263 25
0 70
260 49
113 213
33 267
53 98
58 75
51 27
231 201
4 292
121 65
224 115
17 201
235 203
112 194
101 18
231 195
219 11
178 252
42 265
58 129
165 152
264 244
174 200
223 3
19 180
230 19
79 171
248 200
36 11
18 75
109 29
231 216
226 237
157 96
205 59
222 136
267 59
275 183
24 260
221 59
267 105
138 141
219 108
99 151
104 281
245 178
257 285
261 127
45 167
248 235
37 104
270 0
264 85
86 264
129 268
105 250
167 262
12 150
41 175
231 74
285 226
63 189
27 178
180 9
206 82
89 131
95 47
263 224
218 98
14 57
6 239
159 196
48 147
105 135
13 9
192 55
10 33
218 96
66 44
294 66
145 273
288 120
144 93
284 161
124 79
162 251
43 216
25 184
226 215
151 246
30 9
290 89
93 131
252 165
139 293
134 243
238 111
104 168
237 132
190 40
261 265
170 0
169 244
70 253
238 87
291 20
93 69
186 95
156 209
272 279
53 123
7 203
273 291
266 2
34 187
65 10
195 82
43 206
270 235
118 294
128 149
101 243
275 238
113 186
156 189
168 183
115 143
236 191
288 87
3 78
104 160
87 19
176 69
5 201
98 295
51 213
86 290
263 109
5 86
191 15
90 6
173 284
220 279
58 20
291 2
179 164
288 129
201 109
194 288
151 260
144 155
192 176
161 164
254 119
12 59
81 25
213 99
271 283
2 251
261 146
102 132
97 217
66 97
206 144
213 203
103 219
83 187
266 31
135 29
41 283
21 249
120 184
101 93
33 27
251 150
284 275
297 118
105 61
150 112
223 179
120 64
248 115
50 176
154 231
19 89
52 105
26 162
160 52
151 67
246 285
190 232
231 38
39 122
231 197
16 138
289 34
239 238
231 144
176 282
58 143
287 187
47 131
234 250
23 126
279 270
249 126
279 149
261 117
298 220
189 80
233 240
88 199
182 180
237 295
120 196
157 154
126 46
27 292
35 19
111 294
214 14
124 277
215 59
91 33
194 128
274 76
136 146
179 217
121 154
271 171
41 58
213 265
291 194
31 190
133 275
143 198
97 293
18 209
91 197
157 138
144 204
158 210
87 169
119 36
230 99
298 197
133 211
116 292
103 25
206 110
272 280
133 271
115 180
110 183
59 108
280 195
92 16
59 188
198 87
7 269
169 198
4 135
286 135
58 49
241 23
246 107
117 16
223 284
282 200
296 284
172 8
279 162
292 147
268 221
249 179
254 125
150 197
220 188
221 218
25 185
84 107
203 142
22 152
62 22
241 203
1 109
101 241
227 103
254 282
291 122
176 290
147 30
40 213
220 40
183 97
88 182
156 74
27 162
126 295
3 124
58 264
99 262
112 122
216 95
16 121
253 58
240 279
208 164
250 200
17 177
295 170
0 163
147 200
125 122
125 20
10 172
277 4
149 202
180 233
120 245
149 83
202 212
178 96
141 208
135 204
125 46
264 45
100 191
163 96
48 39
298 230
257 53
29 102
216 185
130 50
165 288
76 106
112 264
211 243
231 67
199 81
97 230
5 222
38 123
204 132
79 211
89 14
8 77
297 153
211 113
17 6
244 184
176 107
219 57
114 147
234 282
220 285
272 157
232 226
159 102
150 138
203 278
224 35
181 97
184 12
144 283
285 4
6 209
148 289
32 267
92 120
109 126
292 284
8 173
267 101
61 251
194 196
26 115
200 84
137 143
213 70
66 34
13 187
62 117
298 261
94 17
284 120
13 265
206 42
216 277
45 278
248 59
179 76
46 24
69 286
154 176
216 140
176 267
214 270
51 129
134 208
52 233
124 224
62 110
74 68
247 135
180 11
265 38
193 248
56 18
95 246
82 120
111 92
282 192
60 203
1 197
247 176
149 171
295 132
107 204
56 231
154 166
64 79
50 135
223 243
33 5
260 267
279 94
57 285
296 256
164 3
77 102
284 160
39 15
104 247
215 271
206 37
112 276
35 5
41 187
98 200
26 9
257 239
22 155
189 211
48 18
192 196
181 136
157 95
228 235
76 31
223 177
199 79
7 49
13 126
132 189
23 134
252 9
281 103
150 255
259 207
251 10
245 96
179 106
58 60
10 248
216 226
227 79
241 218
49 209
167 17
294 198
5 189
159 1
235 131
74 142
164 109
211 39
4 97
295 35
213 176
293 98
198 217
156 42
120 103
142 236
266 51
109 41
177 280
170 238
223 99
257 85
47 216
215 71
98 27
90 143
157 67
272 168
230 12
3 95
242 252
50 47
74 166
295 197
194 287
85 232
236 12
194 199
127 15
1 275
162 117
199 39
88 215
207 297
176 106
25 31
274 252
183 107
55 257
47 286
135 53
225 248
11 55
64 19
260 169
50 54
207 261
125 20
57 151
24 77
111 90
157 192
40 299
293 45
237 94
264 67
17 20
228 48
130 182
18 294
259 155
282 148
159 224
54 298
255 43
196 20
36 98
66 152
77 151
32 287
216 264
239 270
270 276
111 91
249 193
43 7
164 54
203 260
202 198
173 159
84 79
62 242
241 70
121 61
290 39
72 254
214 10
208 117
181 9
227 263
211 114
171 18
275 160
132 239
226 85
206 178
163 121
218 57
270 142
173 149
186 163
57 256
114 228
36 257
269 249
230 150
281 30
129 258
280 149
210 119
33 120
162 233
250 60
121 280
190 140
250 141
54 38
254 38
222 125
2 58
175 11
31 152
224 143
16 123
234 227
149 147
139 125
165 280
247 74
255 17
46 94
183 124
242 105
144 221
191 208
251 80
167 229
67 264
129 5
104 112
5 88
37 107
147 81
154 214
253 197
110 275
108 1
227 152
8 119
96 264
25 39
164 214
114 269
142 48
0 125
247 265
2 204
152 253
15 44
210 292
66 297
68 196
187 172
76 235
146 98
273 151
216 289
155 168
220 52
264 26
109 61
244 22
90 38
185 154
166 276
58 298
123 167
164 106
109 270
74 241
49 66
98 189
137 201
211 44
60 149
69 245
12 3
38 258
5 177
126 214
37 200
73 239
70 262
57 75
14 232
98 7
234 274
66 51
201 284
298 276
43 121
1 199
66 145
90 243
11 274
262 283
116 33
91 76
74 139
131 30
110 7
19 104
119 203
29 61
4 117
171 298
124 204
149 12
203 127
70 6
44 251
224 131
260 135
59 127
115 13
142 43
55 30
226 163
292 271
38 128
288 165
130 25
83 207
113 196
125 160
1 33
92 213
43 131
107 231
158 258
248 100
217 41
128 249
83 113
236 204
299 225
137 42
11 124
299 32
139 253
7 63
298 19
81 246
283 24
195 242
2 276
273 97
99 53
160 276
126 47
236 272
155 144
99 189
291 124
20 284
245 246
263 82
6 146
231 181
273 91
146 158
54 4
37 227
169 182
245 226
59 84
96 147
50 182
181 295
219 87
296 162
187 40
201 296
143 157
242 297
129 145
103 24
33 96
124 227
81 292
285 253
247 0
252 164
61 186
252 39
194 86
248 286
67 95
100 17
289 170
194 146
202 285
120 200
126 89
191 37
280 64
226 7
221 124
264 252
264 269
204 113
7 131
190 155
17 235
20 159
271 128
115 182
91 188
296 144
23 33
73 76
43 216
155 190
50 275
172 187
288 140
210 91
281 268
272 93
247 171
91 75
166 94
169 251
295 93
56 277
245 3
287 253
17 222
167 209
235 155
202 29
188 203
275 108
51 127
227 84
25 106
294 128
38 167
296 1
34 48
198 93
38 27
47 237
136 260
265 2
195 291
188 1
262 246
83 68
102 258
6 15
77 205
219 289
101 219
270 197
62 2
277 174
24 86
286 180
254 60
127 277
283 298
102 151
267 145
189 112
272 265
280 192
10 74
99 113
122 132
85 76
267 224
216 117
289 177
48 242
94 118
230 280
76 17
155 19
226 275
80 244
288 183
0 171
15 138
246 141
161 172
155 93
190 268
112 108
118 103
146 94
246 1
206 20
106 60
242 220
175 113
192 67
104 203
124 160
68 87
9 4
263 48
121 165
271 65
69 207
96 128
114 213
104 102
282 101
59 72
73 209
129 147
174 65
178 139
143 292
166 156
146 172
256 268
52 5
105 78
54 60
175 80
42 104
108 141
166 24
264 92
295 266
74 277
148 103
283 80
129 89
297 142
229 198
219 123
107 261
240 60
227 40
214 212
117 253
39 3
28 112
51 170
158 110
106 171
241 120
61 264
190 121
177 179
226 70
184 18
40 68
50 229
101 121
199 113
199 26
282 89
129 116
34 46
110 47
177 289
190 99
210 260
82 254
97 203
98 171
87 250
185 25
50 233
280 298
295 64
255 40
5 120
278 155
105 269
87 215
187 242
189 23
97 218
8 292
38 256
218 146
89 58
253 13
96 133
67 135
65 15
153 36
137 182
241 295
254 95
244 165
262 67
177 98
215 217
248 46
71 147
288 204
36 276
3 218
126 176
153 30
250 298
87 120
164 80
106 190
88 145
166 149
263 227
156 196
290 227
231 124
237 59
187 221
113 132
158 299
185 222
260 281
243 252
244 50
40 61
111 2
100 107
265 31
156 75
109 67
34 145
41 180
81 33
190 220
165 266
153 58
147 166
25 37
108 206
158 201
258 171
205 37
154 270
160 189
96 146
40 64
273 281
225 201
217 106
250 226
159 243
194 104
143 138
175 296
192 140
57 225
49 62
106 199
299 104
291 91
51 297
53 280
73 188
104 238
209 250
115 177
34 232
28 184
140 40
92 194
232 250
217 80
98 184
40 211
74 34
277 45
70 116
169 197
0 206
261 185
166 164
277 25
138 40
221 226
81 15
3 205
12 290
7 69
110 250
243 137
45 213
182 206
34 273
127 163
137 245
272 179
167 225
97 257
28 275
204 260
91 30
157 243
212 124
225 273
164 144
92 212
278 120
99 95
170 90
263 73
135 19
22 299
188 265
104 27
3 37
293 178
194 79
208 118
204 152
254 106
220 80
191 113
7 209
245 242
165 213
85 299
297 53
165 161
272 286
51 79
95 129
217 114
111 244
82 183
275 3
5 48
127 200
116 14
250 64
295 245
97 49
66 77
257 175
82 86
102 188
62 124
137 178
162 168
291 46
191 146
150 123
110 204
83 96
263 238
222 194
207 189
23 165
210 142
227 253
206 7
79 160
13 196
43 255
4 7
63 259
29 198
283 51
38 289
98 71
264 186
124 241
172 191
57 159
213 175
164 189
135 120
206 280
95 78
220 63
73 137
190 186
135 199
118 257
197 120
180 174
128 28
58 69
214 286
114 237
48 109
95 49
36 158
241 27
26 90
261 124
223 85
45 40
168 92
183 146
11 115
14 230
71 258
299 249
259 157
284 127
187 7
176 30
93 32
226 190
237 116
129 22
295 238
24 226
3 251
121 211
136 158
286 273
52 40
1 15
133 134
28 234
219 26
152 206
30 138
72 202
159 132
46 162
264 71
243 37
276 153
105 26
44 89
151 222
231 12
183 165
178 198
276 211
212 223
35 188
186 11
36 7
17 9
175 163
213 45
132 75
180 142
54 249
8 78
93 49
103 223
69 271
103 0
291 210
146 266
25 181
287 165
95 155
81 153
109 193
144 272
266 133
205 232
59 49
54 243
72 165
77 41
230 243
69 141
102 158
133 99
155 275
124 114
62 70
225 203
17 148
169 120
293 19
242 141
284 142
115 114
78 18
112 51
169 180
40 120
63 123
199 180
144 179
82 251
286 17
110 22
111 267
101 240
76 170
176 230
283 240
82 171
110 210
258 31
209 190
5 280
200 75
15 217
204 7
134 148
126 125
95 250
7 281
30 220
41 69
120 183
295 156
280 202
249 240
30 172
118 232
177 269
29 249
249 190
168 241
185 114
172 0
77 115
151 163
116 3
94 195
128 89
147 170
94 101
174 221
161 48
129 77
154 15
118 154
178 25
151 141
196 32
66 236
90 152
51 106
221 139
140 109
278 29
160 11
91 127
262 77
130 230
286 51
142 78
27 55
31 69
85 298
199 145
191 33
32 196
258 220
94 122
283 228
228 115
212 229
109 74
32 277
227 190
199 197
273 9
98 198
247 172
17 266
244 38
178 203
185 257
100 99
223 26
193 74
149 275
68 265
118 207
200 219
186 247
133 73
42 120
151 112
230 297
85 220
276 76
249 202
209 56
162 209
144 257
0 23
52 169
222 65
174 101
33 135
262 237
234 0
57 213
106 19
52 156
190 43
118 253
71 241
140 215
15 94
136 128
18 268
264 249
239 59
268 64
70 198
176 274
283 257
89 241
276 192
254 8
295 204
291 235
288 171
63 75
139 151
56 71
13 187
51 104
42 97
57 167
123 178
169 181
60 62
60 266
167 54
87 262
27 57
0 7
251 286
297 18
258 192
35 4
29 36
106 234
199 110
140 271
157 299
164 237
107 86
105 112
47 148
44 233
136 245
193 64
165 26
190 4
23 45
36 119
154 109
171 141
224 264
156 179
31 197
176 203
283 163
60 42
161 33
152 184
145 60
176 21
101 208
25 138
87 275
235 85
183 40
71 110
157 95
84 167
55 29
125 24
178 5
231 108
234 173
1 102
226 35
240 52
63 44
205 45
187 50
74 271
89 117
25 230
118 125
244 19
210 152
206 16
254 6
202 220
90 113
59 214
174 126
44 203
199 135
272 173
109 289
255 253
96 66
201 147
200 111
244 46
228 212
108 276
218 202
254 255
99 80
136 31
163 299
208 241
28 222
174 192
31 166
57 85
146 250
249 102
94 220
76 50
296 100
45 228
29 230
5 182
245 150
139 247
11 243
16 17
195 196
255 297
264 168
163 263
286 289
19 189
178 223
238 154
61 136
291 16
243 23
242 174
218 45
66 72
299 287
146 115
20 204
266 250
40 105
50 263
149 30
118 163
204 75
182 192
87 265
154 155
146 250
242 19
236 237
109 46
215 248
0 284
231 50
194 62
52 227
0 279
62 134
72 272
259 163
76 246
194 264
130 292
47 175
150 149
199 129
293 161
79 14
203 211
94 276
88 248
29 58
240 52
71 194
16 106
148 289
213 54
116 32
150 159
55 177
280 281
203 82
117 188
243 269
285 139
100 57
189 283
115 249
153 132
210 133
23 87
283 185
170 221
229 137
163 116
204 129
134 31
176 56
258 209
181 61
146 50
73 54
175 197
218 210
26 95
28 178
72 234
130 221
30 156
293 236
198 254
225 101
271 196
10 263
148 97
156 115
92 16
254 136
143 112
46 170
269 141
232 36
222 282
107 63
80 15
299 148
213 118
238 14
284 39
286 143
87 91
220 52
272 205
62 37
34 142
130 215
86 3
94 172
177 126
64 38
205 196
36 228
272 125
279 247
181 63
97 281
201 100
175 1
72 73
65 196
201 15
157 224
263 291
177 179
296 163
102 42
101 252
181 121
118 194
155 46
50 61
54 293
296 219
241 291
171 75
121 70
239 7
47 156
193 139
293 184
128 105
210 236
90 288
263 56
272 128
124 214
30 62
233 150
153 25
72 33
188 143
26 112
187 98
149 107
233 99
81 79
115 60
70 218
113 65
252 84
67 49
113 111
279 159
226 117
288 273
103 196
101 259
15 108
33 193
285 72
201 106
177 192
237 3
205 253
271 141
270 265
103 67
219 207
250 92
22 186
124 102
68 157
295 262
177 282
290 234
259 51
161 272
72 15
0 96
208 295
230 133
204 286
213 122
135 39
231 80
84 206
56 236
73 89
82 195
216 84
197 14
119 243
17 50
139 38
138 195
163 47
236 176
148 89
131 104
2 92
73 222
287 286
261 83
234 245
110 47
284 58
236 96
161 249
189 0
167 168
147 100
10 218
181 250
45 138
233 255
278 187
197 283
189 183
120 189
220 61
146 83
213 247
213 139
260 170
269 65
91 243
10 215
93 71
266 164
238 57
123 40
181 118
80 40
191 203
212 247
21 197
47 60
36 8
208 126
173 138
48 209
23 202
54 138
14 36
283 212
216 60
297 105
270 263
293 50
251 206
174 272
248 193
245 192
186 148
226 134
12 269
64 206
196 277
44 142
47 45
53 23
4 42
153 268
148 209
148 237
5 177
22 270
152 52
0 71
26 129
42 256
231 119
175 34
226 266
36 187
53 180
217 259
244 18
281 51
200 213
120 151
98 187
288 213
175 184
68 62
73 15
262 77
258 44
4 40
298 51
25 182
174 149
43 106
242 128
218 266
22 129
220 143
169 26
117 26
100 240
298 212
208 81
25 60
134 179
135 44
293 104
77 167
133 176
84 174
127 297
0 145
264 42
241 236
70 55
218 133
32 245
21 167
118 174
250 292
263 269
122 298
150 188
289 1
153 190
13 215
148 28
92 244
206 122
125 266
171 56
282 144
150 205
225 12
58 172
54 7
130 163
50 242
235 42
225 262
125 66
282 228
298 264
241 276
6 177
90 153
270 281
85 152
72 137
48 46
255 217
256 166
194 96
85 70
166 49
216 182
269 193
204 144
242 291
106 213
27 99
31 66
48 280
227 117
128 288
260 97
275 7
168 277
275 63
64 75
78 168
69 173
194 69
240 29
84 59
143 95
30 265
56 17
259 26
141 273
16 199
242 238
183 170
230 28
204 116
237 228
66 197
116 238
95 273
100 142
265 9
286 130
265 184
190 231
297 58
134 52
94 173
84 72
147 28
118 183
64 146
11 212
249 186
179 293
40 166
60 95
287 179
246 249
65 41
191 45
65 219
80 143
54 136
79 146
19 198
13 73
199 241
246 263
161 125
214 65
13 24
135 155
62 235
226 6
86 102
48 173
244 172
263 18
191 112
255 13
23 112
72 38
230 299
41 281
212 121
83 24
140 22
193 13
106 134
162 97
105 181
215 18
23 150
220 116
111 51
74 165
241 140
199 83
289 215
128 297
252 177
50 110
217 46
41 216
251 283
85 116
59 122
14 213
186 162
95 26
292 114
78 172
5 247
218 164
48 219
245 169
82 57
54 211
213 85
269 4
285 289
78 191
278 188
182 26
294 121
208 49
92 79
224 64
2 192
30 60
4 128
105 267
75 244
247 205
152 88
204 49
151 228
232 152
234 258
64 154
185 228
101 155
106 298
53 65
192 260
186 278
150 170
118 41
260 229
32 7
198 229
274 57
283 75
37 208
281 153
211 253
108 80
146 199
167 270
275 85
181 14
149 47
150 273
191 32
176 66
197 233
128 262
183 297
299 176
90 181
26 264
155 280
207 212
42 293
127 225
258 40
292 279
149 185
51 224
202 36
156 107
179 13
70 214
58 289
18 183
147 137
208 83
185 132
111 277
57 147
294 10
261 49
210 242
105 153
71 201
73 239
69 192
185 19
161 237
122 25
245 27
119 10
135 146
73 209
222 151
248 262
223 74
197 66
157 176
198 74
47 273
177 146
185 42
255 224
196 261
24 81
49 171
242 169
190 292
67 153
85 237
154 244
83 102
16 251
12 226
77 90
154 244
249 18
97 78
196 22
176 29
106 187
70 267
222 121
2 93
42 102
265 212
51 37
253 131
131 274
107 69
195 45
78 8
116 102
87 214
197 195
140 208
162 67
12 248
259 122
207 200
215 277
153 139
121 177
8 162
268 3
227 211
208 259
288 29
184 126
28 64
275 149
67 276
40 232
0 233
96 79
97 197
246 172
202 191
62 272
85 243
77 101
140 12
28 47
35 224
177 160
173 107
289 292
99 231
98 222
113 40
269 158
12 70
283 220
201 285
199 94
78 235
118 82
47 289
276 212
61 17
126 72
214 106
150 92
35 140
289 33
17 286
279 175
148 12
206 284
7 26
11 153
146 126
251 269
12 65
9 225
257 218
47 292
48 229
168 14
223 26
0 125
86 19
141 243
86 69
272 179
187 139
268 282
63 234
262 227
31 255
134 295
116 106
220 210
210 139
249 245
6 42
121 262
70 1
119 271
185 77
228 26
153 10
187 185
109 107
73 251
210 131
196 64
152 281
288 41
240 256
50 47
157 62
11 216
247 277
193 7
278 136
31 172
25 174
181 144
186 147
292 51
146 234
33 150
122 20
48 274
227 178
158 127
198 197
94 230
99 122
86 14
206 248
99 278
126 46
5 221
143 212
16 185
155 258
129 18
149 283
282 46
214 209
66 239
141 146
211 125
198 9
93 46
227 163
250 197
136 281
260 17
90 263
182 121
113 194
93 281
273 65
255 31
192 198
92 124
281 239
273 136
193 277
11 73
164 89
92 37
23 145
225 252
294 151
84 100
123 184
56 291
79 75
13 210
88 113
40 43
60 242
263 22
85 82
25 13
77 2
96 74
166 53
17 231
299 114
238 125
278 168
184 110
186 292
20 46
32 91
233 249
150 222
75 269
192 59
241 245
91 264
36 288
110 201
264 193
159 14
27 193
235 120
8 233
256 222
229 261
94 291
161 287
126 107
72 53
88 155
132 167
13 133
132 137
289 249
208 287
168 37
189 124
281 259
10 253
15 123
251 292
257 161
39 287
71 258
293 51
130 93
65 178
278 23
10 188
152 287
261 250
185 134
49 294
29 266
137 122
67 251
168 37
227 97
81 22
52 104
260 295
32 102
3 184
220 188
296 251
224 0
292 269
296 18
253 171
60 220
48 161
10 199
7 249
285 237
4 104
246 49
125 16
244 187
224 284
134 22
152 179
208 21
224 290
66 202
281 144
243 283
134 229
66 243
216 127
123 34
70 217
83 15
167 211
94 36
92 16
296 34
158 245
18 86
17 172
53 133
124 191
167 53
284 189
80 214
97 115
8 183
207 239
262 87
70 73
29 273
176 104
242 214
213 205
63 133
102 176
277 72
249 2
199 80
98 229
116 122
278 1
257 136
10 149
235 67
221 96
232 100
288 12
132 295
249 102
237 168
168 259
152 184
243 1
59 294
53 133
265 80
137 116
66 207
229 99
39 68
227 151
33 74
259 283
46 159
9 272
197 51
41 3
277 182
282 139
221 213
266 66
35 11
53 45
292 257
14 148
14 13
134 148
210 272
53 209
13 273
35 285
54 22
53 254
114 218
155 116
161 140
223 157
245 282
251 63
199 242
183 143
129 138
254 285
281 125
101 254
19 284
210 127
116 50
109 147
107 206
221 129
150 209
143 285
211 150
260 111
209 80
230 32
49 67
216 137
9 239
237 198
258 95
55 153
48 167
93 128
39 29
230 224
68 298
292 194
293 243
106 31
214 10
169 159
228 35
136 237
146 52
177 293
60 221
178 293
231 138
107 218
214 135
36 101
281 40
275 104
162 291
28 21
282 287
43 211
272 193
291 63
249 245
178 182
103 46
114 74
231 30
245 222
119 95
38 18
63 142
168 185
187 281
112 221
109 37
88 153
35 7
108 266
39 261
147 131
57 165
232 186
167 282
136 137
87 194
133 111
266 115
129 271
10 61
296 257
216 5
38 109
26 297
69 223
65 99
42 218
27 97
254 156
267 299
220 91
53 250
45 290
115 200
199 75
55 14
86 205
91 33
287 229
244 252
291 17
129 92
35 231
240 109
140 247
176 98
240 248
201 7
290 140
131 69
9 288
113 224
78 223
60 11
2 56
12 195
61 260
96 149
171 14
46 31
43 241
296 22
125 71
113 0
175 221
203 258
14 257
10 286
287 47
290 153
48 249
168 156
147 83
51 55
98 13
259 179
93 76
20 47
196 275
291 141
12 54
17 74
106 24
43 293
205 263
133 156
203 87
283 120
104 154
131 237
194 264
259 212
106 234
166 18
18 283
84 125
257 234
261 295
63 81
181 163
205 153
95 18
106 164
123 37
215 21
82 280
63 89
51 79
286 280
291 191
172 9
75 185
216 27
1 252
146 258
264 258
89 277
282 163
241 42
9 22
40 102
203 289
40 56
121 110
152 127
249 131
74 131
154 25
90 4
123 42
60 5
188 115
161 35
99 131
45 136
169 225
299 130
47 165
234 262
13 43
43 206
298 34
251 211
85 238
149 193
247 182
156 25
112 246
82 269
7 223
67 195
193 136
74 267
221 231
127 5
254 217
134 43
119 213
108 3
271 82
47 31
287 148
295 137
113 128
286 219
9 12
278 262
111 199
31 77
178 148
243 259
164 88
46 11
14 152
205 283
154 287
199 234
52 83
285 226
251 144
23 210
223 168
268 113
208 290
68 123
250 179
150 107
48 297
273 27
131 266
235 16
104 22
12 173
140 5
163 79
71 28
34 111
59 118
251 107
149 177
29 293
27 234
282 269
15 253
217 41
140 199
207 237
189 236
239 260
167 269
299 247
70 50
126 169
142 182
213 104
158 216
105 116
47 131
0 108
57 120
200 245
91 27
298 245
294 122
191 9
119 51
281 297
121 280
26 194
215 164
174 32
48 28
299 271
177 163
229 44
1 203
79 117
173 64
239 206
201 153
265 253
50 189
231 48
122 259
231 190
146 131
58 40
119 54
168 53
284 169
66 12
10 133
290 281
276 142
209 257
199 254
112 178
72 126
39 40
282 217
236 15
138 261
152 249
79 41
210 101
67 126
96 263
82 236
15 115
138 94
218 221
31 14
123 53
234 18
163 249
34 294
170 287
294 283
288 49
245 145
136 241
188 282
136 148
204 123
8 222
136 264
21 9
207 78
98 26
161 152
102 131
242 136
233 257
272 4
147 219
75 154
132 162
126 212
123 258
20 47
106 72
101 147
47 64
138 93
259 204
3 286
95 32
213 137
126 81
179 261
219 193
263 217
115 53
159 93
192 248
269 127
179 243
249 52
24 30
165 113
66 187
65 163
76 94
184 146
85 40
68 13
6 184
163 286
154 272
74 152
17 6
69 168
218 214
204 181
277 4
126 18
117 153
198 232
145 239
47 211
163 183
230 63
212 248
104 134
18 80
163 261
161 168
233 224
220 166
10 214
76 91
51 76
162 38
240 110
62 182
161 171
4 146
147 22
99 149
149 249
198 142
282 8
215 149
166 270
281 173
102 4
248 181
70 150
96 75
186 195
175 126
15 162
148 57
101 38
137 228
228 245
81 74
115 112
202 155
248 184
73 41
121 90
108 218
299 239
68 51
25 1
22 138
122 15
70 217
60 236
255 66
250 178
92 6
11 93
298 291
218 147
84 166
56 284
10 98
81 10
242 245
295 240
23 149
44 99
75 273
220 215
277 56
3 78
229 102
201 254
223 240
251 277
286 231
290 244
10 76
221 209
82 111
39 170
297 80
77 249
200 139
54 179
98 160
148 5
13 175
155 8
171 27
67 3
45 241
35 102
227 235
110 157
127 70
24 49
185 102
26 264
222 282
54 27
213 111
267 159
26 0
205 156
139 64
28 35
83 207
237 48
185 200
277 159
4 0
233 36
46 224
32 170
107 220
201 140
257 84
211 240
90 184
51 35
10 157
285 45
209 36
175 9
70 198
17 3
214 103
113 167
68 85
221 15
287 203
276 44
83 130
250 232
187 23
148 13
285 136
173 287
19 50
266 174
29 167
75 225
277 288
122 266
226 254
3 216
98 294
25 136
136 45
125 288
136 165
153 3
32 293
111 171
262 132
277 219
152 144
264 112
212 95
261 249
275 293
162 131
194 102
190 133
69 158
116 81
197 40
142 245
25 100
247 29
26 296
231 268
174 253
191 118
132 32
272 231
213 246
22 88
197 55
68 172
170 90
64 78
70 267
289 198
18 270
128 264
200 161
209 212
179 126
87 171
208 15
6 77
10 8
297 197
99 207
47 203
298 103
29 253
269 102
159 45
107 285
98 121
95 101
136 213
210 158
154 31
39 78
121 285
212 53
263 75
10 235
238 257
205 225
32 209
265 287
64 185
218 132
122 201
263 162
32 180
29 94
235 179
100 82
12 110
46 151
242 58
117 283
114 149
124 104
41 9
160 36
63 35
165 104
159 106
291 272
280 192
63 140
263 138
19 23
203 123
153 288
232 4
169 275
8 245
116 141
268 166
53 6
17 191
232 180
219 78
145 86
93 135
143 64
193 206
10 65
62 228
233 16
115 94
93 75
299 206
136 4
145 158
141 177
239 138
43 261
25 162
224 62
172 87
181 208
227 28
192 237
117 137
47 294
182 234
295 243
228 178
251 214
83 111
255 15
136 50
149 69
5 164
257 299
150 19
253 62
263 29
122 170
222 75
269 39
289 78
120 147
209 260
258 83
240 164
119 74
249 176
76 49
61 72
132 143
237 123
7 118
191 131
266 247
256 292
56 278
172 276
5 261
201 38
101 79
270 103
148 254
129 66
7 156
108 31
174 283
23 224
215 154
58 112
111 227
101 208
27 2
86 298
5 163
253 86
151 3
205 96
287 15
40 238
234 123
128 126
17 88
68 3
144 25
50 36
206 16
119 277
83 28
115 55
28 233
281 243
25 182
13 289
142 256
267 297
212 106
137 283
133 260
29 179
151 26
181 117
137 58
232 149
128 188
260 131
57 260
28 99
113 192
199 156
22 81
72 233
208 52
196 225
281 189
104 128
296 282
262 8
40 103
178 163
156 160
170 150
100 87
38 198
232 119
184 46
219 158
236 153
103 260
271 82
245 47
38 149
258 152
247 242
60 208
147 270
111 291
21 184
150 169
299 159
197 116
292 65
290 285
182 158
113 185
254 61
155 164
137 97
281 53
183 33
28 0
124 168
91 153
125 85
148 202
4 287
40 78
106 160
126 159
233 37
58 150
114 231
171 216
209 47
104 23
200 8
106 74
70 15
20 299
87 139
9 50
266 190
23 156
63 99
118 138
173 190
80 290
73 51
268 299
256 45
278 140
54 136
274 276
6 287
103 114
243 222
293 106
211 19
40 184
30 171
273 45
89 190
163 98
208 222
72 69
250 73
131 154
81 207
48 249
85 264
8 9
102 191
177 126
199 161
145 71
111 214
245 218
158 198
233 94
101 106
281 13
77 110
29 136
133 97
89 58
131 191
252 200
71 275
193 278
206 250
52 290
188 148
216 76
54 90
238 60
160 46
96 81
20 22
94 50
152 257
235 194
48 159
24 118
251 243
182 210
97 119
160 158
241 12
20 100
22 8
228 55
37 190
17 129
41 57
95 84
284 78
237 117
275 245
205 204
259 288
18 158
133 187
219 159
220 259
245 72
109 59
45 166
84 117
257 250
262 122
130 5
27 13
230 43
290 123
173 47
258 4
122 298
34 181
27 155
139 143
255 138
267 156
172 216
133 200
82 243
26 203
267 261
239 83
135 198
298 169
33 246
218 107
52 55
12 275
61 242
233 1
148 69
47 210
51 248
76 207
143 193
7 106
275 254
268 246
93 204
206 290
19 106
186 1
276 197
257 119
128 73
134 241
192 265
19 4
202 227
284 105
92 147
132 117
166 165
98 203
26 118
168 162
208 190
225 9
267 245
137 217
232 46
123 135
277 239
298 15
151 230
206 155
292 178
122 260
280 67
221 297
30 277
272 118
187 101
46 41
129 297
170 275
46 120
85 233
71 78
74 77
121 114
146 162
128 278
271 67
139 149
32 6
54 65
222 81
250 276
244 220
268 238
204 186
167 48
231 18
91 197
139 253
67 152
29 4
202 110
274 35
267 171
193 214
66 197
199 280
241 77
159 98
125 236
123 290
106 139
19 280
295 167
218 37
60 238
140 205
4 263
70 116
287 94
80 202
125 283
87 22
68 283
82 195
90 59
205 242
226 202
190 63
286 269
258 33
43 294
237 185
1 48
34 212
126 96
283 224
162 175
257 236
17 127
242 118
209 167
223 238
102 280
112 273
225 171
256 7
211 44
203 207
81 184
201 22
25 257
160 134
196 178
48 13
237 203
283 134
163 75
111 23
103 203
111 274
90 65
91 183
204 86
60 130
56 282
253 150
59 209
203 160
1 181
190 151
128 91
202 176
263 159
125 292
89 283
108 143
148 176
260 231
228 81
108 81
236 19
142 148
269 289
249 224
287 224
202 13
32 169
71 200
210 242
235 86
108 141
197 73
176 195
40 257
233 32
264 204
182 252
138 206
32 265
110 71
178 119
192 201
56 36
263 228
209 62
45 124
283 258
44 202
73 247
274 143
129 86
261 282
223 249
207 287
138 88
283 105
299 209
12 149
40 121
203 212
271 70
235 259
236 239
60 74
91 12
84 108
79 155
3 172
43 36
256 162
160 122
117 20
158 124
21 204
179 145
248 69
154 80
267 175
269 268
133 29
248 193
109 12
175 240
195 53
117 210
257 52
291 213
181 30
113 48
206 227
113 264
171 243
189 29
218 97
56 76
196 224
298 129
126 80
186 276
280 121
139 12
6 213
230 283
94 120
185 296
251 2
144 18
67 68
296 60
63 131
64 277
134 80
58 3
245 195
182 279
2 193
224 93
5 16
212 284
289 1
226 100
184 202
185 70
117 13
73 298
250 266
45 46
125 280
36 178
196 269
57 179
251 5
191 37
195 155
200 253
258 22
247 290
174 76
241 145
194 275
175 117
231 236
126 49
121 278
82 106
18 200
18 281
247 263
0 291
226 276
233 88
125 78
93 212
154 75
277 160
25 7
154 148
154 223
12 276
181 274
228 198
257 33
155 58
133 1
128 176
5 274
132 170
296 149
154 109
96 231
151 47
76 127
108 208
241 155
45 11
8 185
178 142
168 222
203 127
3 271
65 182
172 72
146 84
239 85
61 298
239 233
175 287
141 161
35 37
76 279
211 38
291 287
17 113
10 202
228 70
202 38
276 164
83 185
117 147
15 247
235 103
31 124
32 11
215 217
275 51
82 14
164 79
272 215
217 16
103 31
273 267
278 267
133 105
11 172
208 209
186 120
232 288
34 226
220 261
212 49
269 57
7 178
56 85
287 267
92 295
235 10
228 275
91 245
125 17
20 168
232 216
178 24
40 93
284 56
166 274
189 131
185 184
188 110
63 267
60 173
35 265
250 179
299 254
218 42
213 5
68 147
149 263
195 18
149 183
170 132
39 105
81 103
271 137
127 141
97 47
175 39
226 121
28 220
262 253
97 101
283 181
35 191
53 236
296 150
81 72
147 144
15 130
264 116
75 268
165 156
264 84
143 88
276 230
164 132
156 63
255 115
290 96
228 286
236 199
139 285
145 131
215 18
101 11
71 180
91 28
52 164
256 217
217 238
199 207
121 174
220 0
45 44
261 287
28 49
188 149
84 161
130 41
287 45
45 179
233 182
61 59
88 39
169 9
72 30
92 154
82 84
66 295
202 259
14 228
62 268
257 114
211 71
129 119
294 198
15 177
296 290
269 33
83 100
264 186
49 146
52 35
232 40
289 133
234 2
127 198
225 4
11 49
35 171
190 174
106 196
198 182
31 42
108 42
198 48
272 141
96 132
280 118
239 214
89 283
149 97
254 197
227 24
161 149
29 110
273 236
79 24
196 275
105 23
70 244
101 210
45 35
155 208
295 50
80 67
121 34
16 260
95 232
5 4
60 277
14 127
75 194
240 218
199 31
204 274
287 176
243 37
25 273
219 128
246 9
39 12
255 198
236 108
283 183
3 6
251 12
193 147
226 288
175 76
196 243
145 216
278 299
14 84
79 141
36 226
223 252
209 230
13 190
193 222
29 258
72 137
114 80
27 85
48 171
135 200
221 80
284 29
126 246
185 109
278 290
214 259
281 293
200 289
254 233
87 192
217 269
131 211
57 141
77 281
38 197
129 134
186 35
105 14
30 201
147 298
125 245
57 261
36 121
49 148
222 64
297 6
286 57
272 104
211 250
255 222
88 160
159 142
35 113
51 274
284 213
101 250
53 267
202 212
124 205
99 63
47 221
267 132
40 208
243 257
157 210
102 78
245 244
189 257
18 163
237 103
34 44
131 164
30 259
194 222
164 201
35 149
256 110
106 227
211 287
59 17
1 121
14 254
134 245
83 296
149 233
24 156
201 171
160 291
47 112
132 63
274 272
244 284
77 174
230 150
44 82
197 237
155 107
74 55
189 124
33 57
96 144
49 125
49 140
161 238
162 136
56 83
31 222
181 196
120 75
14 110
286 117
93 114
216 130
101 217
214 167
262 109
115 244
2 240
66 180
214 157
255 280
228 279
180 237
283 240
111 156
189 52
184 87
190 160
221 271
15 97
250 130
251 241
250 161
150 83
39 20
71 94
119 154
59 62
72 11
254 294
88 165
27 6
297 252
219 91
213 55
18 213
186 6
190 82
99 179
55 117
162 299
210 262
49 152
11 169
228 194
246 228
189 115
31 46
282 295
99 290
244 85
23 78
48 83
59 31
3 298
161 199
287 42
273 173
161 240
292 75
258 59
143 13
157 215
293 246
153 216
201 45
39 156
171 102
176 57
164 12
178 250
246 25
232 148
130 200
144 210
162 75
242 211
222 21
255 70
285 194
97 77
176 238
57 56
80 268
54 229
141 180
103 16
40 25
74 64
51 258
219 252
52 110
233 273
207 48
13 203
202 173
187 134
222 29
288 249
16 170
40 133
208 30
296 118
207 191
109 251
11 152
75 159
136 153
25 60
294 280
231 102
193 169
287 59
240 233
286 253
141 6
231 125
197 69
12 204
210 77
185 273
78 133
19 138
179 0
71 251
172 73
199 139
69 162
152 131
214 102
201 49
177 118
131 58
87 37
270 81
294 247
290 259
48 115
1 67
123 208
17 236
32 180
252 85
103 297
75 26
250 82
85 192
253 108
57 0
108 215
34 262
253 17
64 242
131 214
214 73
81 283
164 190
220 45
103 255
283 35
8 169
275 295
258 270
133 197
25 68
53 217
221 91
10 271
85 83
58 187
83 133
65 282
252 244
100 294
110 65
294 217
216 15
22 211
196 149
276 114
293 83
162 41
260 105
200 182
152 182
81 39
150 119
270 204
126 265
291 270
19 66
175 45
11 153
275 80
289 212
243 109
12 143
39 260
253 122
194 25
57 164
269 202
215 227
62 112
197 55
10 271
133 224
64 48
129 180
168 143
291 108
75 175
234 210
241 58
98 50
276 40
222 113
120 171
77 25
118 9
250 48
84 298
177 165
182 136
66 198
269 34
128 49
157 283
288 120
19 181
127 216
293 196
292 91
277 131
197 144
14 99
240 13
198 286
122 87
34 196
69 160
248 269
50 70
244 219
226 109
29 92
178 263
241 278
200 34
221 117
45 35
173 164
206 120
85 33
74 41
150 289
254 108
248 203
98 8
6 289
272 228
217 79
3 292
35 123
267 167
272 161
37 142
79 194
203 30
237 261
77 55
291 104
223 269
268 206
61 284
222 120
287 76
84 62
42 8
42 48
245 43
43 253
115 156
240 84
188 21
251 187
243 175
13 52
289 82
203 97
2 78
236 186
200 42
116 181
249 187
270 117
28 246
186 262
57 140
114 296
79 251
257 233
236 182
208 108
166 285
73 2
182 282
297 126
298 85
41 90
2 160
174 225
56 232
213 149
26 139
281 184
251 270
282 105
78 117
96 129
23 298
174 92
94 50
246 251
71 296
278 54
196 287
205 244
211 107
187 8
116 223
190 79
49 129
171 270
148 101
130 188
126 136
192 212
271 157
205 138
0 232
72 120
49 260
177 100
264 70
75 160
9 4
280 118
91 261
4 148
212 238
11 213
79 241
254 142
18 147
196 280
43 233
155 86
206 166
171 260
282 195
83 74
1 25
162 54
218 46
184 69
275 210
111 299
262 45
73 128
230 278
181 164
253 49
182 159
295 230
254 175
83 22
228 6
105 141
238 190
275 154
237 68
40 137
93 24
49 50
202 269
71 133
141 1
19 90
227 242
236 216
167 163
19 9
23 195
78 222
40 72
224 202
138 109
148 266
178 284
8 246
277 221
233 201
101 170
208 39
121 57
233 64
151 31
147 104
190 221
101 292
174 178
283 22
18 145
112 218
10 23
236 117
278 141
3 10
239 276
130 221
90 245
267 47
52 281
234 112
96 43
110 245
293 288
26 51
267 42
220 159
137 183
146 30
196 88
152 129
222 18
142 231
58 94
254 108
12 186
119 152
172 110
116 153
120 234
168 104
51 295
218 271
76 132
54 289
251 260
153 135
160 152
181 161
4 236
209 152
114 56
228 60
2 260
153 95
157 197
272 142
182 263
2 295
81 33
92 119
287 267
10 274
258 220
165 213
217 37
81 154
21 235
89 126
175 250
92 179
241 227
112 215
25 77
259 9
242 4
97 93
87 52
44 43
6 101
213 148
168 172
162 16
135 232
292 137
80 44
1 253
250 52
102 82
275 103
75 23
183 6
26 6
211 38
231 68
275 31
170 100
198 30
288 136
59 143
24 42
267 75
270 245
25 212
144 187
117 147
257 176
167 40
194 201
169 292
187 292
40 206
122 198
137 277
81 272
67 153
74 183
77 66
199 68
225 150
99 175
169 239
195 94
80 63
250 271
273 47
123 188
90 233
220 187
202 232
232 155
8 85
0 157
210 153
106 280
34 31
260 203
203 156
286 68
114 207
99 163
286 59
154 118
188 147
46 26
152 223
72 31
168 238
216 259
223 52
126 139
23 178
238 237
177 168
171 123
195 284
51 152
64 238
201 60
176 85
48 31
290 293
113 115
279 107
246 107
4 125
74 57
210 221
140 223
140 86
280 132
271 14
161 289
96 264
236 299
275 124
29 285
70 65
152 240
82 144
82 287
94 119
268 200
202 34
133 260
192 27
148 208
238 77
173 232
246 15
165 102
202 81
96 222
262 48
274 172
96 205
250 100
200 297
161 85
147 105
10 223
28 0
79 118
289 146
109 283
24 102
156 279
136 262
226 169
257 121
86 129
186 72
156 230
116 250
293 1
103 178
208 127
199 32
0 55
260 175
196 238
17 142
46 40
66 280
264 289
171 247
250 224
14 141
56 80
193 55
15 278
199 128
261 42
67 50
107 165
23 57
1 35
286 214
20 197
144 276
264 266
224 118
288 125
41 111
140 33
237 248
140 67
252 268
207 38
279 15
284 32
189 208
235 85
210 256
62 227
90 37
258 170
148 52
280 205
170 154
206 19
225 242
174 229
239 269
80 57
66 250
14 283
281 228
7 102
293 283
194 62
124 294
67 287
290 138
229 275
291 86
235 42
154 282
165 144
107 286
52 149
89 104
2 17
57 210
40 211
214 209
2 204
74 220
146 27
276 30
122 109
36 27
2 211
20 273
62 217
254 164
151 103
167 28
137 239
103 84
191 49
94 191
13 52
210 115
57 104
67 134
127 172
283 16
299 56
244 199
64 299
186 136
159 168
84 14
91 117
168 258
48 134
226 96
212 282
135 4
38 260
257 58
133 60
0 160
266 203
170 245
26 198
150 34
212 83
286 66
217 149
237 195
224 243
242 217
277 23
72 45
257 38
66 200
156 152
186 130
95 54
99 39
21 140
211 235
98 240
190 158
260 101
64 171
52 19
241 21
261 235
142 206
80 170
275 264
12 29
28 45
228 251
299 286
289 146
103 124
263 68
239 117
44 229
167 44
148 73
249 290
15 20
15 132
185 240
189 257
290 131
5 41
207 112
15 141
109 132
175 68
69 205
187 256
216 255
9 233
236 263
110 232
48 67
273 86
234 19
104 253
13 16
93 278
173 125
117 15
104 254
51 240
24 200
68 6
74 283
182 116
176 223
61 148
105 138
234 172
19 224
295 211
142 239
28 82
42 112
56 53
62 203
104 135
284 26
38 137
188 253
251 225
224 203
226 104
205 64
221 66
187 286
292 131
17 49
226 284
17 216
225 58
287 276
288 2
66 87
115 145
22 86
63 293
44 185
175 235
177 53
256 92
181 267
44 150
175 93
176 166
210 18
7 157
46 178
294 79
280 121
261 12
143 47
102 238
249 243
38 29
43 33
283 167
87 49
281 4
118 38
242 181
29 163
180 251
119 296
43 159
261 45
216 256
147 297
118 266
39 278
239 105
299 193
270 106
166 173
267 258
207 198
114 272
207 180
7 203
28 34
208 194
87 81
49 297
86 76
28 16
216 72
46 173
102 93
218 288
238 76
143 197
209 11
112 66
265 128
240 296
7 82
73 155
30 111
177 244
168 270
53 230
246 266
229 162
56 175
121 242
214 210
261 269
5 55
105 124
159 53
151 167
64 164
85 3
266 93
18 248
84 82
102 14
6 250
203 283
280 160
61 147
67 144
288 249
192 214
166 220
38 184
57 45
290 158
87 272
44 257
6 151
278 184
185 184
21 79
79 264
268 115
12 119
116 69
1 41
3 39
100 206
8 129
64 97
252 260
208 90
113 264
9 0
119 265
128 212
233 129
199 144
235 2
233 15
23 175
220 252
209 128
99 219
230 144
118 102
65 227
73 16
46 142
95 132
226 116
50 298
281 224
43 93
101 71
215 14
4 96
146 170
202 35
149 284
124 103
276 196
26 210
205 7
223 19
258 165
265 243
116 47
77 273
51 214
149 162
221 188
243 205
47 9
225 232
271 296
98 208
102 42
103 126
210 137
272 195
84 104
146 77
1 250
190 153
125 282
252 84
277 126
165 108
54 19
290 16
74 119
245 202
193 52
40 273
255 271
29 197
224 134
129 110
190 265
3 67
293 116
206 167
86 76
22 107
110 64
52 35
287 245
17 163
291 246
111 35
210 140
162 79
252 115
48 296
10 263
93 101
274 130
53 177
109 1
240 44
188 99
219 203
124 253
150 207
30 212
180 251
148 179
75 92
200 192
294 245
271 99
210 128
24 143
61 31
253 276
211 156
288 45
172 65
215 128
117 203
239 275
249 43
31 267
55 282
237 182
55 209
290 116
147 277
179 48
10 264
32 44
226 75
99 167
287 213
153 229
108 38
246 139
195 237
200 253
48 85
234 173
226 82
117 25
141 217
223 22
81 37
147 35
256 279
156 19
114 226
137 85
50 165
109 149
131 39
193 288
231 171
184 114
287 296
52 133
125 93
116 227
191 10
244 210
143 124
243 258
2 269
156 6
0 7
224 252
219 146
271 242
71 21
185 242
210 296
199 255
216 124
2 232
110 294
171 98
229 173
257 93
268 287
130 64
149 87
167 113
204 39
110 269
89 6
201 77
192 3
277 111
52 126
289 51
255 4
269 64
226 190
166 21
156 164
242 168
134 145
155 233
58 293
22 241
291 209
172 79
93 89
25 117
27 175
114 236
12 119
140 135
167 3
181 202
113 63
148 84
184 98
84 210
194 298
52 266
90 85
299 136
95 20
267 17
235 131
210 83
90 282
136 56
271 82
42 100
130 299
259 29
95 184
242 138
100 160
149 2
22 122
242 188
242 189
65 233
267 99
246 218
127 92
235 222
271 48
298 255
78 95
58 296
282 296
97 196
255 114
150 78
94 147
259 4
144 192
195 28
181 146
31 208
258 231
66 292
143 29
240 176
240 90
144 203
283 285
288 22
292 5
158 116
263 9
33 199
21 297
245 190
229 208
109 247
264 291
292 119
177 20
241 252
49 286
230 214
75 166
212 254
52 29
290 67
71 44
276 229
286 74
143 84
67 278
141 278
10 100
85 116
13 152
216 263
10 190
241 265
74 92
24 126
146 157
49 106
44 47
132 143
183 198
299 107
197 15
293 231
152 293
15 126
259 0
196 40
5 93
280 38
176 95
87 63
76 234
7 191
139 69
115 168
291 189
14 281
108 275
113 66
296 27
235 223
273 242
45 289
268 122
14 251
207 194
293 2
9 212
142 216
118 168
39 48
265 192
265 25
93 225
298 72
160 136
220 277
231 224
255 243
50 125
1 202
248 23
198 267
197 212
158 242
21 71
170 35
105 139
251 168
41 129
156 146
289 32
96 282
73 272
233 63
113 10
40 121
63 15
71 91
238 120
5 103
155 4
151 92
87 244
267 156
289 69
159 71
95 124
191 87
93 48
284 61
128 187
195 250
174 245
245 263
6 108
41 95
15 100
153 262
207 286
224 174
13 144
54 220
198 112
216 195
55 286
203 162
159 279
157 277
56 182
28 22
21 293
199 201
204 147
158 137
273 186
268 132
171 25
247 5
247 4
286 186
262 123
142 126
224 79
34 125
167 283
235 179
3 101
39 293
231 270
217 48
144 241
56 182
138 120
68 138
171 140
235 251
285 291
264 29
283 287
104 14
160 284
102 62
50 278
269 50
172 227
258 42
151 21
180 225
210 268
101 210
268 248
11 21
199 253
222 16
291 248
156 67
290 23
287 51
159 129
181 126
173 252
223 202
9 172
65 152
73 173
80 84
247 69
126 250
12 20
278 255
125 122
197 172
40 284
9 25
82 12
294 48
122 16
207 74
40 236
43 141
267 64
57 184
170 55
20 23
182 275
268 83
198 160
208 253
109 53
163 236
143 200
81 94
48 12
151 278
167 68
197 47
181 9
57 212
282 236
81 93
112 90
157 100
111 105
93 198
77 28
93 68
193 52
164 89
168 230
164 94
154 198
146 236
57 233
7 194
258 296
187 68
97 152
248 78
271 129
279 118
82 145
262 110
115 144
129 46
182 116
229 288
194 249
154 220
51 152
114 44
62 194
181 26
287 48
25 107
133 44
206 98
145 52
79 294
232 181
134 104
290 59
125 15
16 153
210 34
240 29
73 184
14 11
19 253
289 55
138 271
169 142
291 74
240 133
250 48
262 11
74 69
259 125
75 249
17 294
106 185
159 129
145 220
86 199
221 177
161 137
183 120
7 252
142 277
108 41
19 188
247 153
252 189
105 164
97 92
150 265
16 125
169 23
21 187
59 67
225 246
117 2
250 176
46 153
41 210
118 99
237 98
229 207
289 169
288 290
297 184
174 86
275 205
22 94
149 191
266 176
288 27
183 279
61 197
295 72
265 67
280 100
75 107
219 166
265 198
112 187
179 168
228 108
243 230
60 83
153 252
4 161
174 229
158 264
217 0
2 70
137 269
83 60
102 132
105 67
259 241
145 210
131 234
38 114
246 27
65 168
72 120
201 56
122 20
180 177
270 109
281 299
89 228
121 62
59 136
149 210
201 148
33 41
154 213
52 141
130 57
86 206
183 69
205 56
248 34
128 126
121 67
21 190
228 275
220 223
159 299
58 294
74 39
44 131
137 189
62 122
272 198
54 206
229 266
185 35
29 203
121 225
41 172
158 9
61 268
63 181
21 236
142 215
230 177
265 206
259 4
209 102
155 240
124 256
88 102
4 93
17 235
9 252
204 84
252 227
126 290
275 9
57 108
58 150
147 200
254 282
264 158
293 133
162 195
271 292
126 230
268 291
163 53
57 192
15 155
91 247
270 160
116 133
51 236
291 196
33 120
59 42
164 79
129 214
91 34
187 292
129 231
194 162
228 266
136 55
28 122
107 280
195 260
261 177
190 291
249 178
59 57
33 233
105 188
275 217
120 277
107 189
260 156
37 294
205 271
234 288
56 125
208 91
67 49
56 91
206 22
50 129
160 282
27 143
164 236
102 222
113 10
131 215
189 30
66 16
110 14
106 158
271 253
140 49
259 78
160 152
113 200
219 104
87 219
96 289
297 9
169 43
280 157
216 228
135 151
284 132
232 199
12 169
64 140
222 228
97 66
4 38
112 267
49 185
190 288
206 212
78 196
163 287
261 84
72 146
80 194
61 183
183 147
66 222
88 179
181 210
94 101
256 52
194 298
191 101
183 226
177 183
101 97
208 235
41 171
280 131
125 145
143 241
188 31
256 6
89 98
239 78
235 179
178 128
229 290
122 87
163 274
282 105
262 159
126 119
89 248
195 103
199 58
46 158
247 275
171 49
273 269
225 159
16 290
225 230
244 8
75 93
163 145
97 294
160 129
34 177
279 259
94 133
154 261
202 63
48 84
211 11
177 282
40 276
228 277
227 76
249 163
2 259
73 124
148 0
154 231
130 223
21 283
296 43
45 146
94 212
74 246
121 235
57 237
4 16
215 264
247 98
297 182
219 4
164 241
144 295
7 4
173 65
270 3
80 164
190 209
231 52
79 240
26 96
231 294
57 177
4 157
152 23
215 50
62 216
189 277
1 228
84 11
60 56
296 175
164 53
20 258
198 60
214 172
256 230
235 210
146 280
224 229
259 7
256 299
189 192
90 39
110 233
243 103
28 296
278 125
28 270
186 16
177 18
257 217
138 2
157 219
293 245
151 279
220 165
250 110
99 275
128 61
65 154
112 179
290 176
192 90
118 64
130 86
84 159
16 265
45 288
231 80
99 226
227 44
169 191
129 48
110 298
21 76
194 123
10 271
240 138
69 63
158 31
54 247
149 248
160 261
57 112
56 77
195 34
22 6
98 188
36 114
140 296
260 250
178 167
185 168
135 86
30 292
149 228
257 293
118 224
181 119
142 234
237 225
26 271
227 164
227 165
190 282
15 161
298 1
33 145
174 146
219 119
203 103
236 120
251 44
42 109
93 123
19 237
141 11
290 171
138 253
83 186
102 21
190 147
261 141
289 196
135 217
226 111
215 112
101 282
67 111
28 289
90 124
193 132
48 296
265 280
226 129
229 41
148 231
293 143
250 104
162 118
186 274
187 55
285 159
12 127
242 21
45 158
18 5
299 205
174 61
263 77
289 182
203 21
169 248
69 247
171 217
156 218
126 49
81 94
110 77
77 55
175 260
22 46
74 62
41 128
5 234
2 274
121 5
230 157
289 114
256 246
278 162
94 197
290 17
138 1
65 207
139 177
119 142
244 187
92 299
200 202
272 281
257 97
191 1
204 216
101 296
173 2
104 129
12 236
167 270
232 43
129 238
281 272
118 204
234 228
56 270
217 296
121 229
130 278
146 74
3 63
130 162
244 41
221 81
252 130
210 215
267 113
262 64
156 185
191 266
185 214
118 142
51 238
217 65
31 164
261 272
25 198
218 164
149 91
141 286
98 181
177 46
131 186
174 199
55 115
158 164
171 52
96 267
7 168
113 68
128 119
181 254
10 218
164 142
50 28
231 40
282 155
45 208
274 236
256 47
193 133
88 130
244 239
60 169
78 2
5 53
239 213
40 290
11 173
237 76
226 107
281 257
201 91
281 248
55 271
172 123
269 44
124 280
7 149
261 190
182 7
166 263
97 158
297 291
213 115
292 140
254 152
142 64
209 71
207 227
61 245
276 238
184 107
2 164
15 227
14 176
79 37
212 81
155 50
201 274
39 64
148 217
200 203
259 129
80 266
261 232
67 98
75 299
95 292
103 5
203 176
209 4
278 93
82 299
57 39
53 109
218 236
248 56
238 155
53 270
155 257
201 234
35 6
262 117
164 297
16 214
77 80
230 53
34 126
122 271
187 207
210 49
161 45
115 144
193 123
39 100
134 15
113 298
130 102
205 272
128 288
91 169
247 234
230 17
228 245
11 73
126 75
287 151
34 26
191 284
169 2
1 137
2 53
297 55
287 246
67 0
228 156
89 268
135 4
264 16
51 30
225 139
116 155
180 161
245 80
209 190
214 96
191 69
93 144
224 222
12 277
245 14
179 219
143 219
95 27
182 70
30 218
283 38
54 190
121 298
175 201
233 230
299 242
139 99
56 266
151 140
37 244
125 180
194 55
221 277
140 170
126 77
232 126
165 233
250 29
157 139
81 172
190 139
198 271
242 51
2 90
100 209
166 143
94 158
96 13
198 167
16 207
81 157
247 151
53 163
117 15
271 174
58 78
279 175
262 106
240 208
4 184
281 34
134 120
2 9
280 11
18 167
170 68
71 135
227 136
13 144
143 282
144 291
70 137
140 155
278 284
261 143
89 268
134 232
82 80
73 252
213 8
251 128
8 114
293 263
177 262
172 25
1 212
80 171
128 180
296 61
61 31
292 125
136 114
117 221
169 289
189 151
168 236
49 268
290 296
137 117
98 237
218 69
104 135
55 238
251 257
215 72
67 111
209 185
19 265
208 215
17 164
178 143
236 131
156 93
112 158
78 91
90 204
299 222
11 209
17 170
213 298
224 4
105 149
154 274
42 162
221 290
44 226
19 229
64 150
76 220
130 177
240 143
295 218
186 213
276 135
152 256
240 248
182 2
91 29
49 208
298 36
40 9
90 133
186 87
229 280
187 146
159 29
75 133
153 108
117 246
17 9
149 19
283 248
116 66
34 271
284 246
38 18
224 54
154 206
134 74
215 101
167 154
61 145
66 3
101 183
67 185
249 278
256 59
67 219
14 34
84 1
244 282
264 197
280 290
47 6
47 16
122 199
167 139
54 112
249 100
94 197
78 193
176 82
78 106
282 4
72 120
2 253
229 184
171 34
135 252
166 194
277 100
281 274
170 281
122 13
190 59
247 59
7 222
134 132
163 260
33 103
235 110
288 153
236 26
198 116
142 223
293 49
168 244
46 238
4 130
83 141
249 285
285 152
8 206
115 153
187 269
167 114
221 179
162 32
25 186
290 157
73 197
17 282
28 238
105 251
233 128
38 182
73 134
219 80
270 69
176 12
97 278
285 206
189 147
146 151
250 83
13 261
161 53
224 237
17 282
118 123
146 278
168 154
96 86
163 123
290 163
110 248
202 236
282 164
268 29
266 19
150 75
218 129
148 254
55 275
286 289
83 160
124 191
18 295
38 140
292 25
98 94
65 25
80 130
134 249
173 95
240 141
188 104
123 196
131 95
267 260
185 127
171 66
74 156
273 59
153 7
274 147
244 170
289 37
287 128
249 207
25 158
193 79
133 282
278 225
227 273
298 136
132 30
42 36
5 215
246 23
101 156
214 82
163 113
141 91
101 202
34 222
82 199
37 280
45 23
123 60
106 231
112 225
164 16
107 112
168 254
214 236
238 280
172 150
118 56
101 196
126 162
274 130
141 13
65 48
70 126
106 149
13 225
213 132
297 245
190 284
0 296
61 229
168 66
230 67
51 219
222 219
71 28
244 211
21 17
14 128
121 185
110 153
20 296
29 8
201 119
270 154
92 108
117 108
65 204
152 73
51 234
13 171
249 263
12 116
211 57
235 140
152 226
236 222
147 43
154 59
148 281
259 52
272 156
65 120
102 200
107 61
219 116
133 42
165 248
68 214
49 219
142 8
159 41
13 270
280 264
142 297
139 105
248 142
4 237
140 76
282 258
45 205
112 54
49 206
62 41
185 24
4 58
251 98
46 92
25 248
33 94
126 31
56 293
112 75
135 126
69 33
118 122
260 48
11 284
196 140
12 217
298 18
56 109
53 138
266 145
174 199
241 203
197 66
107 171
236 196
197 75
117 54
107 213
153 274
23 150
142 110
82 244
248 50
291 182
149 168
12 171
75 299
214 79
150 58
133 241
155 142
46 95
78 197
60 97
76 40
146 151
166 52
26 189
240 171
12 28
23 292
3 279
153 29
258 180
106 136
274 101
175 8
202 168
88 123
246 78
210 211
49 28
4 108
198 150
48 33
108 49
289 77
76 274
189 161
83 253
62 66
106 119
154 186
293 37
41 282
231 86
189 209
88 141
103 70
85 102
105 255
230 51
6 18
223 272
249 157
29 23
266 221
64 295
85 33
170 126
64 58
270 183
260 198
117 204
64 274
262 129
13 45
44 9
37 238
272 226
74 70
205 296
95 250
77 252
69 128
165 295
26 7
156 154
33 245
264 86
109 46
271 267
9 258
5 155
66 3
194 246
281 30
83 165
118 138
147 229
173 11
9 154
44 95
258 65
279 195
260 112
28 43
212 36
4 119
53 173
65 87
97 255
104 128
49 181
45 55
295 27
285 245
42 46
104 129
41 194
276 157
264 95
283 128
141 69
24 199
160 182
107 190
212 59
223 261
42 291
113 68
271 84
184 170
82 126
204 115
25 221
60 126
259 286
29 216
141 58
206 191
17 120
209 263
51 189
31 80
69 185
80 36
285 162
145 117
157 214
266 288
43 184
243 236
171 215
40 289
197 166
243 277
240 271
28 75
260 193
262 157
94 284
187 125
91 236
195 172
152 166
185 54
171 46
183 222
261 43
238 144
291 276
132 169
34 48
291 267
60 271
173 29
131 76
60 53
254 11
183 257
239 262
59 247
117 176
109 29
122 72
91 129
241 47
212 4
12 269
28 290
264 293
67 205
297 57
36 275
278 243
174 226
250 170
240 186
272 267
147 211
84 240
8 43
129 33
170 276
211 103
51 287
62 13
207 154
202 266
132 181
150 194
2 197
215 170
6 148
240 48
275 160
170 233
234 216
89 131
58 195
280 175
11 164
22 4
31 278
191 1
122 44
144 251
255 258
12 272
248 26
67 106
189 187
141 196
248 29
215 19
277 190
226 78
27 176
208 246
91 10
219 87
78 83
64 77
50 18
194 255
148 116
214 33
203 112
25 40
281 94
290 159
232 6
232 98
214 129
142 297
71 209
241 42
73 184
108 150
279 96
219 138
153 63
240 49
85 127
273 218
150 251
49 152
255 31
11 91
195 188
206 232
110 175
147 156
183 126
52 298
135 230
266 132
201 89
218 141
116 220
114 290
246 188
263 28
276 215
200 70
31 143
205 269
64 174
255 280
281 234
248 264
74 125
285 87
73 22
134 235
243 137
298 129
20 23
203 296
246 290
125 32
1 6
212 293
206 39
244 202
85 87
203 5
37 295
103 224
62 41
245 219
188 159
244 97
206 145
231 75
232 244
142 17
26 275
282 41
16 147
135 220
32 232
78 246
283 227
53 275
47 92
199 149
283 254
92 289
57 61
115 144
13 237
225 52
292 196
140 279
203 124
296 242
177 297
82 193
273 92
268 52
181 250
81 169
12 151
189 111
199 19
87 108
274 280
245 153
36 261
180 144
125 83
57 22
1 210
218 0
162 268
257 103
25 221
33 22
98 77
8 174
203 241
194 76
33 142
208 222
287 200
124 271
163 150
215 143
190 178
80 36
249 34
81 49
181 278
48 241
79 35
173 90
31 15
277 167
256 87
140 163
257 235
192 37
217 220
278 205
74 22
8 40
275 278
241 266
156 134
182 258
206 91
129 81
108 77
99 100
248 280
123 72
153 208
12 235
4 228
38 242
106 46
98 118
103 41
143 68
148 106
34 146
37 145
178 92
175 131
60 227
212 238
261 60
133 203
21 282
50 0
159 104
79 124
152 212
70 226
280 117
138 290
255 50
93 28
101 4
271 266
170 178
180 286
127 196
260 13
10 53
164 138
173 288
83 84
19 43
16 75
38 5
243 294
164 253
101 164
118 97
235 223
197 19
65 239
210 289
220 190
164 128
4 17
36 141
114 270
65 55
177 270
139 253
15 85
205 99
3 104
211 74
214 274
130 195
195 87
59 226
192 109
38 236
273 164
30 281
245 191
51 38
200 21
154 2
223 159
157 41
131 72
258 43
62 288
253 49
97 33
73 213
12 15
51 100
276 79
24 86
252 283
124 118
229 126
203 48
279 223
181 133
75 173
179 150
135 256
19 82
59 41
253 228
199 290
179 191
73 207
165 83
143 244
227 209
60 81
285 286
274 203
281 275
167 160
282 0
275 105
182 167
72 244
98 52
284 115
62 155
185 262
6 118
40 5
223 244
200 131
144 299
134 181
12 16
92 55
181 259
33 269
190 143
225 103
140 232
177 238
179 288
283 266
70 154
228 88
197 154
136 140
23 200
158 186
77 134
209 134
74 8
68 174
1 161
286 168
174 242
202 51
107 209
78 23
152 186
212 85
184 82
1 74
226 1
282 210
98 242
20 99
89 214
147 241
43 199
49 43
239 225
161 143
106 233
134 28
26 16
240 25
170 159
178 55
136 170
217 232
237 163
153 1
8 296
51 8
114 165
6 86
208 138
263 156
35 38
265 272
179 191
272 240
70 142
135 32
243 92
10 46
246 115
130 106
196 235
103 93
156 87
130 173
286 60
49 132
137 207
5 44
49 117
114 208
239 222
271 51
180 103
297 134
261 238
206 279
94 283
279 264
238 7
64 10
176 98
17 163
74 19
63 132
268 15
214 203
140 6
43 4
125 251
274 224
280 99
160 188
124 247
57 11
221 211
3 240
135 38
27 82
11 45
297 172
15 221
98 47
68 216
186 270
67 83
282 211
248 30
226 102
55 210
157 16
243 184
248 137
179 224
22 206
143 154
1 47
66 93
154 56
11 170
11 31
62 142
139 66
154 270
149 69
152 64
125 133
150 243
116 126
16 268
105 134
278 175
266 80
136 68
214 108
286 216
241 45
230 293
61 211
139 295
224 93
67 191
101 76
12 232
82 4
205 77
159 172
247 39
270 30
23 126
169 264
70 60
103 77
70 228
236 50
263 237
127 46
156 241
12 269
81 200
199 9
78 81
248 22
241 75
131 66
77 89
137 83
230 73
124 167
87 14
136 246
32 137
145 127
121 256
155 96
158 103
50 80
182 8
40 84
274 45
74 270
127 18
278 233
170 287
288 146
280 53
262 127
55 90
253 237
129 258
209 5
11 149
206 31
1 135
36 140
19 39
143 276
59 201
261 167
166 114
113 58
10 133
235 91
260 60
14 288
9 4
124 168
283 224
102 191
225 58
98 155
150 270
254 95
218 191
121 268
132 235
33 231
201 96
146 225
288 3
81 270
200 58
82 279
169 100
43 118
270 127
1 13
170 181
19 206
148 31
147 10
104 229
211 219
137 65
241 246
10 193
238 136
204 76
105 197
165 26
261 287
197 2
101 258
274 95
283 115
159 252
146 184
134 296
240 193
33 107
67 271
84 269
48 176
231 38
230 19
198 25
213 4
79 62
41 273
213 21
252 59
32 150
25 273
295 74
6 22
135 253
213 284
64 132
230 130
201 56
251 237
71 161
255 185
294 270
15 19
118 212
246 32
87 290
199 84
174 276
288 108
42 282
42 76
281 74
216 53
167 269
107 295
212 257
100 20
115 232
18 119
96 240
169 14
155 113
48 103
37 93
104 60
193 249
8 192
251 78
52 3
246 104
185 229
83 230
299 169
111 177
39 117
120 238
210 129
208 236
143 236
287 83
22 285
82 296
177 242
287 252
223 86
38 267
38 12
104 270
9 215
148 155
95 297
290 217
75 168
19 289
119 78
169 219
251 77
234 250
172 234
213 39
93 251
62 149
128 141
298 119
44 245
87 28
35 14
42 66
8 103
265 134
39 231
278 254
75 296
177 163
158 46
265 184
194 55
162 239
232 281
202 260
283 95
70 6
146 271
298 272
271 66
12 239
200 221
276 208
68 289
23 150
31 205
272 155
65 181
235 86
224 196
123 85
247 77
273 25
229 226
112 206
90 88
137 213
177 20
293 211
225 290
62 38
165 51
298 5
248 207
157 244
275 172
40 287
115 108
123 192
233 299
246 41
98 44
9 111
226 122
66 95
278 291
284 195
168 65
292 121
113 167
62 194
226 251
129 10
263 182
155 41
152 23
8 58
142 78
274 140
129 112
214 2
213 215
33 196
162 37
288 100
80 235
9 89
151 234
285 139
219 53
59 275
294 20
155 168
268 195
262 251
75 159
2 102
198 180
138 118
58 15
137 142
29 63
27 243
280 118
167 252
107 181
147 292
53 288
144 204
228 71
168 84
113 157
278 95
3 263
83 191
73 295
108 74
226 50
108 163
191 296
164 123
148 61
42 41
282 144
165 114
123 282
269 50
62 190
290 21
49 257
23 164
120 121
125 159
163 67
181 190
59 52
77 240
180 271
259 79
257 155
46 48
171 13
47 58
203 154
5 57
41 265
74 190
124 281
40 248
113 288
207 99
174 167
150 105
127 296
289 198
260 249
109 57
250 182
92 82
137 31
114 257
268 249
121 98
62 192
2 27
195 180
61 235
78 93
115 75
189 276
299 53
258 123
7 133
114 8
285 213
37 57
176 277
119 5
286 258
31 285
271 244
233 194
33 115
112 11
156 30
188 278
164 141
239 273
193 10
151 204
164 198
69 187
174 120
287 145
280 194
100 127
243 189
265 93
98 186
105 56
166 19
248 57
138 217
9 228
221 266
124 39
32 48
152 242
297 191
198 184
179 220
294 151
120 115
269 32
35 88
285 38
297 82
131 167
21 224
186 56
49 248
291 216
251 241
58 109
184 79
75 196
94 38
262 95
197 147
259 294
200 19
190 113
77 233
44 156
94 36
116 204
47 210
256 46
108 112
43 127
167 2
214 74
170 159
10 286
198 282
182 50
30 232
260 18
246 154
155 7
228 166
110 45
238 99
250 195
43 13
258 131
278 79
195 92
153 246
7 288
292 28
292 227
165 265
219 224
201 252
231 73
221 53
181 50
298 31
72 56
109 4
89 121
41 51
140 12
188 18
1 64
140 14
194 51
228 17
256 228
116 248
279 184
206 154
293 49
297 135
205 221
205 249
149 164
292 160
294 278
109 116
110 38
260 216
112 198
153 261
186 233
26 51
120 35
31 167
77 21
180 232
283 239
254 18
98 249
229 256
46 13
209 61
104 229
262 154
212 25
138 114
44 299
209 37
197 86
60 251
166 67
183 19
62 181
41 79
287 103
84 293
161 173
268 47
282 181
290 228
193 230
248 184
205 12
51 116
289 215
17 70
67 143
62 100
176 11
199 193
110 148
255 271
163 27
246 227
143 259
234 161
231 138
216 173
169 196
264 204
244 198
201 80
5 94
169 123
246 28
168 180
200 242
53 70
141 127
206 13
5 68
68 222
187 167
194 2
212 35
212 191
177 193
262 18
208 116
98 243
176 257
220 48
153 40
101 220
169 232
244 253
70 90
250 7
133 78
78 158
286 185
236 278
7 139
161 283
100 59
4 70
71 166
215 188
272 265
74 121
188 254
215 220
248 34
263 85
277 22
207 187
233 78
40 134
271 64
289 215
268 81
169 44
261 119
106 7
78 135
157 239
237 235
134 227
223 262
114 29
79 258
98 213
169 105
2 160
77 27
165 277
97 10
132 258
279 240
106 159
181 175
162 193
70 272
183 71
126 290
57 197
152 159
57 17
7 55
213 66
35 133
177 281
292 195
12 187
215 263
70 67
198 120
209 100
126 44
77 239
141 14
195 28
237 84
295 89
166 207
84 233
275 131
151 111
54 232
188 271
68 253
278 272
25 137
130 128
14 238
51 24
35 267
153 170
9 13
297 258
291 162
264 107
213 38
292 6
250 46
76 88
288 151
178 205
233 209
129 102
133 125
111 1
51 128
42 142
205 94
41 240
232 266
103 143
271 246
198 38
298 262
261 131
270 74
268 36
208 98
61 286
116 193
105 71
63 284
12 208
279 65
40 165
231 137
191 100
39 186
32 261
13 172
125 68
69 215
54 5
138 134
224 195
186 294
100 292
42 257
274 297
156 182
3 163
67 204
73 273
16 281
9 34
138 240
96 272
214 102
292 151
168 61
271 265
97 215
25 8
268 54
217 258
136 254
240 63
109 107
291 205
138 193
161 188
135 253
34 175
97 179
276 70
116 54
167 98
297 125
2 19
282 249
85 132
119 278
270 48
21 138
88 13
123 192
178 169
266 25
41 14
56 99
28 237
173 73
11 253
89 82
19 157
188 226
277 188
246 117
230 225
107 115
44 42
54 233
276 98
124 289
265 208
148 292
124 135
247 122
287 217
288 212
246 200
48 126
4 251
16 48
125 155
227 12
52 65
193 219
107 2
90 122
178 211
221 272
96 167
122 156
94 88
212 51
98 8
272 230
12 38
149 176
184 72
41 107
140 53
95 187
267 57
154 96
159 184
9 99
239 155
40 2
179 151
239 213
20 272
179 122
122 120
109 34
96 29
83 11
13 238
78 183
130 116
59 205
276 110
280 268
65 266
140 151
234 32
121 70
152 178
241 87
15 162
173 170
67 85
98 208
24 161
70 192
290 97
90 249
126 199
293 94
57 177
132 229
250 271
231 54
233 250
244 175
264 2
1 90
157 12
169 55
68 278
172 182
154 167
83 198
30 116
124 171
154 250
101 183
93 95
205 122
286 105
226 1
167 272
82 296
293 284
127 139
224 202
60 210
47 65
221 294
220 266
139 85
276 124
151 102
138 26
134 41
53 208
250 119
210 63
53 83
26 115
141 264
211 32
262 193
106 54
162 9
286 21
115 214
122 186
216 269
140 291
279 236
224 169
161 104
41 297
42 298
140 144
270 140
36 107
223 92
214 139
69 87
270 228
17 150
238 76
102 98
95 8
91 75
129 14
5 272
101 299
140 260
72 135
293 156
54 235
38 185
246 87
41 195
217 190
178 132
136 55
186 141
7 267
207 14
298 41
298 109
161 278
134 82
161 140
17 292
200 298
48 238
66 289
183 216
153 190
23 70
85 261
77 181
284 196
295 161
137 184
177 66
59 285
137 44
268 168
65 39
118 165
65 101
245 282
79 208
160 32
19 165
220 276
158 297
26 194
26 114
160 87
293 143
208 22
72 87
121 163
57 200
174 98
139 148
95 288
13 127
251 113
297 191
74 200
46 185
104 265
235 160
173 115
73 204
158 246
289 208
159 217
169 205
101 154
113 63
88 32
136 172
105 295
94 203
283 120
23 295
14 125
180 222
87 89
108 277
194 96
6 229
143 22
246 59
118 90
232 201
95 83
276 128
59 110
144 70
98 250
198 48
176 227
137 181
8 230
16 281
62 273
90 42
77 125
52 134
269 154
163 242
71 148
128 290
140 284
282 133
130 182
126 40
120 81
261 175
236 28
282 257
240 222
282 11
267 191
294 184
14 115
188 224
249 252
103 0
144 231
151 214
253 43
271 213
278 91
259 32
191 220
239 142
32 64
220 249
112 58
278 59
53 107
268 5
212 247
92 91
138 261
40 3
197 188
155 195
38 194
217 241
271 178
211 251
197 198
33 242
264 117
234 169
136 154
222 250
79 11
9 174
296 89
88 264
55 146
266 0
131 114
224 39
99 274
192 65
242 252
125 142
159 287
56 198
224 284
273 170
74 137
84 251
6 237
119 221
262 107
36 32
151 36
174 298
280 233
20 177
280 168
296 159
67 110
185 176
63 99
140 266
231 243
285 266
168 285
69 82
255 248
189 89
56 299
155 84
14 53
205 138
162 18
168 15
278 284
204 274
69 147
57 79
142 21
218 162
200 264
163 144
261 243
200 182
223 294
31 32
187 270
282 67
285 145
167 142
138 225
133 253
219 134
145 15
30 122
263 145
216 293
145 45
115 155
103 206
4 57
34 4
114 293
35 33
215 205
163 116
43 87
225 166
265 184
68 106
82 223
99 245
75 110
250 174
299 262
171 238
11 80
254 38
76 88
235 89
150 142
271 163
216 51
93 228
130 203
242 183
257 232
51 25
34 145
218 106
297 292
229 297
166 279
211 42
226 171
0 259
27 126
248 95
71 272
276 69
26 70
119 169
60 100
248 211
236 137
95 88
165 31
185 20
212 192
264 42
262 44
201 196
265 58
56 285
272 59
84 65
0 34
58 183
42 157
71 117
121 278
38 188
72 133
210 268
211 57
154 265
159 108
217 119
170 190
48 70
211 120
274 231
173 154
216 147
159 8
150 147
53 196
235 290
12 69
68 55
289 90
66 250
59 95
72 43
76 122
104 16
278 265
42 25
207 258
281 180
242 294
32 73
0 261
248 10
119 134
15 189
207 140
33 2
258 151
255 2
150 107
223 55
3 255
160 4
104 187
68 26
279 111
125 119
43 299
170 174
144 174
245 211
19 74
186 170
144 143
227 16
167 244
212 150
190 132
193 21
113 36
152 197
297 149
145 159
232 92
45 128
70 183
131 130
139 116
253 276
31 182
204 39
32 123
126 286
237 230
253 218
239 116
189 259
9 248
150 214
8 162
79 240
287 74
211 290
100 207
155 101
273 112
111 231
97 111
217 46
64 62
159 120
160 101
119 199
270 140
289 59
99 266
58 39
189 232
56 162
179 131
147 51
271 59
253 210
200 97
202 230
23 106
80 249
278 120
113 266
206 215
27 28
134 167
222 205
6 180
245 124
177 181
266 269
102 91
48 273
218 99
45 150
162 57
253 40
31 283
118 68
164 233
46 215
272 225
299 264
297 124
267 239
256 47
90 3
271 162
1 40
171 44
106 255
123 92
299 38
202 134
257 252
77 157
233 238
245 131
87 248
223 205
190 182
159 191
227 192
161 138
273 157
225 97
179 172
6 104
222 166
182 124
211 227
258 255
87 243
171 169
23 80
125 214
21 152
80 200
152 165
48 208
33 172
75 82
111 260
27 243
22 161
260 237
155 187
111 49
283 288
131 75
42 142
195 128
93 122
44 142
103 149
46 208
36 1
150 152
255 201
146 66
193 294
272 103
178 223
273 178
220 6
165 234
112 294
238 144
53 182
192 62
252 74
247 31
64 124
65 254
203 105
157 68
67 191
201 154
274 86
268 270
159 39
215 86
243 93
122 179
223 269
71 130
48 10
15 154
244 156
60 266
75 47
130 173
62 255
255 83
4 42
150 129
42 238
92 46
65 266
235 243
93 22
81 97
60 18
85 193
104 37
50 261
207 66
141 20
119 154
82 219
226 51
127 43
190 159
2 108
125 184
126 32
58 253
72 44
180 262
158 226
141 266
256 223
8 178
277 225
107 199
169 129
274 20
144 78
24 229
189 127
44 154
294 126
287 55
245 287
83 143
89 126
156 246
201 96
92 34
142 6
151 145
165 63
39 181
126 100
64 75
234 256
251 106
190 280
198 2
102 56
191 33
203 282
230 297
15 248
221 96
56 244
56 162
44 219
242 67
242 78
279 126
292 7
61 163
297 87
291 143
88 240
2 253
171 54
107 59
274 97
135 211
25 164
272 156
290 21
108 63
28 259
39 6
114 287
14 245
74 186
143 180
237 241
191 75
155 176
143 121
95 62
79 9
97 270
10 40
63 72
208 120
37 101
246 9
281 35
145 92
280 268
244 76
102 51
40 244
109 205
4 33
147 101
91 180
185 177
249 111
92 294
194 275
202 274
34 81
140 19
282 244
15 244
120 164
236 50
145 52
103 232
219 204
217 262
196 57
141 81
230 206
32 186
12 222
272 134
116 239
273 286
183 81
166 228
79 70
225 80
7 297
12 127
182 143
99 131
8 131
201 214
48 158
286 226
214 129
277 75
230 104
33 134
117 97
134 258
257 170
271 174
95 29
44 148
160 79
203 202
57 249
236 252
79 17
61 3
97 70
59 183
125 287
260 136
169 12
286 32
160 211
108 64
232 295
87 162
194 249
104 34
30 144
25 164
230 81
142 104
174 180
120 284
261 12
208 164
295 225
216 286
147 48
139 83
44 6
121 212
89 115
130 16
158 62
20 162
275 188
204 18
280 252
275 168
244 34
48 254
157 123
261 242
107 76
122 239
24 288
254 188
62 4
109 134
30 62
212 56
285 138
56 93
226 62
192 201
141 44
132 19
213 27
79 53
31 200
219 286
257 54
40 291
170 251
108 148
184 37
69 108
160 143
89 172
156 44
186 258
58 151
283 78
191 29
202 38
97 254
264 172
227 101
144 15
91 167
293 26
246 8
242 30
78 106
66 142
284 118
181 52
210 79
241 160
138 197
130 31
260 23
283 188
230 250
51 37
277 140
243 37
224 293
77 9
214 224
162 208
217 142
271 190
70 286
194 127
149 280
116 86
161 123
121 32
245 244
11 269
230 162
124 167
78 150
73 154
255 68
276 20
132 225
278 147
293 219
160 52
279 238
214 97
145 94
72 140
146 108
12 225
157 172
185 131
181 218
162 152
52 283
74 80
122 222
76 232
195 135
205 202
199 204
95 73
216 264
237 249
277 144
210 78
137 281
149 259
42 230
214 284
119 193
70 14
102 46
12 211
268 237
240 232
126 123
165 133
33 79
219 130
299 192
115 174
32 287
241 163
18 101
121 39
8 100
66 292
295 210
190 109
156 10
23 274
256 184
123 257
9 275
235 97
253 242
107 24
52 86
1 232
224 245
132 188
102 293
146 283
19 233
4 257
240 263
192 37
225 181
210 225
235 8
244 288
148 40
278 248
23 85
156 45
86 195
131 226
239 161
201 68
82 48
291 292
232 213
129 143
236 15
27 49
12 81
7 149
159 107
55 64
165 123
277 65
112 74
121 284
168 225
288 219
183 44
218 178
39 228
116 277
293 175
294 298
115 205
200 252
262 20
241 78
37 88
87 152
179 2
67 286
6 49
5 283
137 59
90 135
179 102
168 51
87 259
35 40
163 164
129 259
166 105
56 282
84 219
164 63
208 215
12 252
230 164
13 103
248 47
35 233
289 224
28 89
133 170
191 198
145 53
280 222
228 191
176 187
288 84
63 46
281 78
47 25
162 245
6 263
23 49
82 8
156 199
34 265
18 226
248 167
212 295
273 14
11 80
60 279
94 178
89 206
220 217
37 143
61 113
10 285
222 157
75 129
88 23
276 94
187 280
107 146
200 243
265 224
77 282
208 290
267 238
5 257
163 5
162 169
280 140
77 183
59 187
97 257
263 199
115 140
58 234
0 89
247 256
176 235
262 90
20 129
225 276
258 86
129 157
16 69
89 199
229 76
114 293
50 262
288 89
11 255
105 94
179 193
84 86
42 24
97 199
280 37
159 83
217 19
89 12
34 141
102 295
236 276
181 293
44 250
66 92
44 243
63 217
107 132
175 113
15 82
270 96
271 201
244 18
286 185
117 53
92 182
203 296
174 269
133 74
179 37
261 224
213 149
275 159
93 185
75 284
288 84
85 149
121 166
210 269
63 231
82 221
56 237
128 21
193 129
42 127
69 118
143 73
97 243
106 76
14 210
75 60
194 166
277 173
79 35
152 47
212 116
234 299
299 253
3 260
89 221
129 77
51 227
199 104
222 147
27 87
269 16
90 221
96 289
85 282
273 299
92 46
298 254
132 240
57 147
128 262
12 73
171 287
167 192
256 100
291 169
178 5
179 259
297 194
71 43
226 211
180 284
96 129
168 88
213 207
119 245
124 97
210 97
81 12
218 101
206 180
220 156
247 274
135 202
146 214
32 259
68 55
188 284
227 241
290 142
147 27
235 119
207 96
292 34
180 45
33 104
231 224
292 100
89 241
288 92
80 202
62 145
142 103
0 65
250 181
184 186
66 249
4 71
106 201
209 150
205 254
129 225
131 174
27 196
130 136
17 62
124 260
167 81
124 40
39 115
286 174
16 95
284 190
234 169
143 99
169 274
138 19
153 162
182 0
122 254
129 175
51 111
226 7
45 29
69 132
1 288
106 149
111 262
59 221
299 162
19 240
124 177
34 263
267 121
124 199
2 206
125 37
79 206
229 75
238 71
30 15
269 279
17 101
3 122
112 253
210 190
17 42
207 200
227 161
36 261
296 158
176 48
226 102
281 182
180 115
53 156
57 96
281 92
144 239
85 113
143 115
248 267
282 54
258 120
269 91
159 235
196 268
109 152
86 273
290 249
90 245
207 23
155 209
274 41
280 124
121 18
142 66
224 181
157 240
8 159
8 1
137 242
174 199
174 243
39 174
12 229
148 3
289 290
105 65
299 31
185 58
237 6
127 179
57 0
49 128
45 42
3 124
110 92
94 141
147 184
258 135
114 42
73 150
266 297
36 232
218 123
274 264
88 41
131 130
112 81
165 15
240 246
119 162
30 291
85 182
261 26
35 103
54 123
120 209
195 27
192 191
101 144
138 133
157 254
269 38
189 215
147 114
119 94
239 54
272 294
47 14
12 63
183 237
298 272
140 108
202 28
284 32
0 137
201 287
198 5
271 283
278 181
224 263
112 195
25 19
9 144
66 262
1 32
7 147
268 210
268 250
133 191
157 160
255 153
59 184
179 172
123 26
235 15
104 234
218 144
59 249
234 96
172 86
80 195
167 241
115 4
189 184
242 83
282 40
0 220
18 56
270 207
44 200
230 118
223 180
92 79
217 260
31 230
29 163
57 111
62 64
56 269
183 43
231 103
73 243
61 149
291 30
181 288
27 238
19 197
260 187
90 234
20 70
236 239
194 96
42 238
175 70
273 27
42 26
30 67
22 9
89 26
230 165
295 185
160 131
20 294
298 236
166 265
243 186
37 257
39 128
259 290
147 126
109 10
47 293
245 208
140 152
122 29
58 86
201 139
247 131
104 293
62 146
100 189
231 168
269 37
12 54
216 1
237 20
100 72
6 125
91 70
59 146
48 216
297 285
79 138
137 60
213 124
176 213
38 110
210 22
52 289
225 213
55 277
20 125
144 65
31 56
37 92
48 80
128 58
231 199
146 88
196 140
146 0
46 216
285 115
17 15
123 243
186 295
295 113
109 81
65 28
270 191
83 184
280 252
294 277
39 114
200 99
8 179
183 202
260 5
283 0
193 217
279 118
116 168
206 214
75 6
110 191
47 81
178 102
135 94
39 171
249 12
98 78
5 120
176 125
143 154
246 43
119 148
110 144
267 205
208 237
259 239
81 117
61 291
67 64
35 121
119 184
61 31
227 246
190 137
48 116
50 102
181 158
148 119
238 59
58 68
71 94
298 283
249 197
230 47
133 110
29 246
47 79
292 256
171 18
258 34
115 2
154 177
71 174
8 283
263 117
82 17
194 46
49 234
102 205
202 222
86 139
258 199
19 53
108 115
17 248
174 33
202 134
280 160
287 53
7 3
197 125
32 262
190 158
209 197
4 151
0 214
289 83
281 169
224 15
39 234
97 145
228 22
297 94
209 54
164 96
265 288
127 87
198 219
146 58
271 57
45 243
100 292
78 114
103 190
223 233
193 59
32 254
220 155
228 217
116 264
229 118
247 285
59 129
144 212
108 177
129 6
261 288
155 184
140 165
273 205
150 143
224 176
162 99
184 224
242 229
17 124
250 285
272 148
153 233
202 134
37 120
91 132
56 55
103 128
107 62
269 225
233 12
202 38
38 283
154 107
80 249
187 244
21 296
59 36
161 143
130 201
81 49
298 201
194 103
85 74
71 219
38 81
71 40
62 150
234 29
87 290
147 130
45 145
264 256
276 160
119 299
104 296
211 82
219 92
136 110
201 197
74 149
38 44
71 205
185 91
227 86
69 166
140 84
200 76
271 107
276 202
150 155
139 238
215 96
198 57
8 166
7 57
116 140
75 213
252 187
105 98
152 177
33 15
274 214
144 34
69 209
7 109
111 179
299 217
195 125
227 170
281 87
78 202
239 139
164 231
114 13
159 90
196 201
221 12
224 295
13 201
4 216
205 251
106 263
229 237
32 61
68 161
46 109
154 263
157 41
167 76
269 214
5 2
112 142
57 17
141 232
288 260
298 91
279 282
242 148
13 173
26 135
164 199
184 1
285 282
157 150
299 116
121 85
245 248
195 168
143 121
95 162
21 123
208 80
206 2
262 31
3 96
210 299
207 62
82 296
183 243
70 132
235 148
280 75
85 272
114 198
226 88
297 239
8 175
5 169
18 141
182 176
45 60
100 234
283 258
18 138
146 56
64 85
128 52
243 121
262 50
1 294
266 108
206 45
241 68
289 283
194 79
60 21
36 191
239 81
229 138
107 278
291 100
73 161
276 258
81 122
226 223
279 264
127 176
65 103
209 240
258 182
244 217
46 176
199 181
198 187
158 266
222 61
148 261
257 22
46 9
244 27
87 282
73 200
282 85
23 107
23 156
50 1
40 35
196 204
189 212
1 48
247 290
140 26
0 169
206 226
293 43
80 287
169 109
205 150
127 101
206 244
295 156
74 265
76 92
131 297
229 259
71 23
36 10
113 49
61 32
276 263
113 36
53 290
52 6
17 209
269 183
240 188
290 41
188 248
214 55
142 18
205 122
253 91
234 242
92 132
47 171
240 207
27 146
163 287
182 107
283 296
36 26
42 16
243 221
51 145
256 144
97 146
172 244
171 56
247 278
195 7
275 286
252 221
130 123
248 12
61 253
152 50
160 100
202 23
29 216
237 16
135 232
16 233
238 31
132 164
12 152
54 99
127 298
216 114
264 89
64 163
295 95
167 95
49 73
257 27
297 265
14 97
145 263
98 6
48 153
71 277
166 86
174 162
226 297
26 155
14 193
213 101
134 172
104 147
114 187
205 287
15 115
230 171
203 145
19 107
131 16
289 112
189 115
34 218
228 253
87 270
141 108
214 113
33 275
1 228
150 228
34 267
71 114
0 184
89 35
224 62
211 261
283 42
191 224
206 116
72 250
59 143
48 110
162 55
162 165
174 248
241 109
201 297
4 191
230 138
15 8
162 188
75 177
210 1
182 148
188 277
194 117
169 277
250 166
133 288
109 294
48 28
16 84
179 63
50 170
236 18
138 148
13 215
202 129
276 2
4 184
130 281
259 186
267 88
240 234
136 48
152 79
286 169
44 42
214 151
270 118
176 92
212 155
231 114
74 58
57 184
2 114
130 91
73 180
147 151
87 23
279 77
180 41
290 63
12 234
42 129
130 150
230 152
266 214
268 20
104 95
138 297
284 111
101 105
199 47
212 34
146 4
278 111
232 137
70 54
56 296
199 125
37 79
158 162
294 136
27 286
66 289
225 36
89 152
35 200
101 132
32 143
243 65
203 131
190 107
43 99
226 126
178 63
171 230
287 245
163 109
176 97
272 280
79 267
138 142
223 125
92 68
118 17
211 37
237 159
190 257
291 188
115 133
202 149
280 205
47 261
153 228
253 58
141 248
294 211
235 216
261 106
21 115
33 200
114 135
36 7
26 297
60 17
8 129
129 295
82 130
201 95
214 274
78 137
59 127
230 224
116 224
268 176
165 212
239 263
210 169
131 278
268 193
187 147
152 17
76 152
87 157
138 246
148 52
227 135
250 294
252 56
128 112
76 173
3 115
293 272
110 194
156 277
173 268
285 268
263 79
193 228
212 54
156 278
281 28
273 42
135 277
18 167
175 232
111 159
180 105
61 299
88 119
91 38
52 93
284 2
106 255
126 8
124 293
219 183
22 75
33 98
205 113
98 199
57 90
265 46
85 281
268 161
237 89
109 246
51 239
45 159
205 127
182 160
44 185
190 208
50 133
153 61
127 201
30 4
94 272
122 141
170 161
39 171
129 90
28 270
1 14
296 3
99 59
55 215
261 35
127 55
131 209
5 294
124 132
207 199
257 187
248 287
94 255
219 57
202 2
114 46
156 221
129 49
119 199
162 78
175 0
86 228
216 41
201 150
144 137
299 162
175 57
145 270
147 261
2 18
41 289
62 102
94 130
249 66
122 262
133 214
85 1
226 251
270 82
163 261
82 134
227 214
245 217
268 11
39 59
126 98
150 140
246 91
241 156
299 292
157 1
184 75
0 66
173 0
177 205
207 241
253 87
122 17
279 144
70 26
193 166
2 96
130 176
295 64
203 132
223 129
289 210
132 124
148 120
265 6
299 67
11 298
264 240
189 26
81 9
152 8
91 197
207 39
208 65
99 79
268 89
109 119
147 173
150 70
253 172
195 229
177 90
189 66
28 188
33 57
68 53
208 94
33 116
180 175
106 272
92 39
27 112
182 18
113 164
117 276
82 56
224 124
180 123
25 246
97 243
118 267
71 78
100 75
184 68
172 8
45 192
228 137
138 233
277 12
90 150
142 255
189 282
107 275
172 218
249 154
247 128
286 30
133 240
65 205
212 18
101 238
255 245
185 90
127 261
14 154
167 65
84 156
229 97
241 206
267 165
93 248
273 72
213 47
95 92
256 76
73 157
111 193
60 158
271 99
73 266
275 122
18 146
183 196
235 190
188 168
294 110
226 173
84 55
12 58
154 184
228 149
71 107
285 140
156 205
85 156
298 242
172 48
51 235
268 242
34 50
234 93
148 293
89 115
21 279
194 146
105 130
115 272
103 256
274 237
102 239
177 4
8 195
266 45
177 283
146 68
203 89
82 171
86 141
273 199
273 67
88 222
53 262
249 122
81 149
286 212
184 214
2 169
178 147
179 29
119 142
238 240
133 290
81 84
267 291
157 35
20 209
146 177
259 191
270 297
194 92
73 158
116 112
51 207
114 73
120 45
27 39
296 72
24 68
7 123
234 9
266 200
108 14
128 189
154 114
0 238
124 235
183 178
9 278
184 203
275 261
101 107
259 232
254 13
233 168
74 81
219 119
170 122
129 292
262 41
39 268
29 281
208 88
34 193
216 291
269 185
112 89
103 239
89 243
61 241
122 140
31 200
242 57
24 195
122 123
22 296
77 233
178 226
93 159
156 96
51 133
190 164
17 114
54 37
147 172
134 78
1 159
234 265
95 96
225 35
238 171
200 153
218 198
157 107
22 90
265 250
148 244
151 4
183 118
64 188
220 215
19 62
202 252
129 143
20 46
268 94
2 75
279 76
191 199
176 271
286 172
1 150
32 42
186 291
230 147
94 221
160 65
116 53
139 57
33 53
209 267
151 299
23 25
0 108
26 82
151 88
117 1
206 261
98 94
110 96
71 123
101 75
125 115
39 263
97 220
272 62
32 104
38 121
239 140
254 16
106 182
285 202
226 114
162 46
110 122
176 3
198 199
47 31
255 112
245 79
158 176
98 138
204 186
243 179
85 96
204 100
74 261
191 217
194 126
92 248
293 91
171 124
297 15
111 295
198 264
291 230
260 190
261 248
127 187
118 76
143 112
113 264
116 223
55 103
203 154
232 227
69 185
51 88
46 192
65 223
260 142
286 204
131 252
276 117
132 5
11 235
201 248
93 46
100 59
158 236
76 136
187 179
17 132
63 83
254 54
238 5
229 254
110 205
294 216
244 18
18 116
270 63
124 246
29 281
179 195
183 241
235 65
64 224
69 291
120 258
228 90
235 176
286 238
118 132
69 116
195 5
274 163
34 250
91 172
157 167
228 172
33 40
149 228
114 19
204 219
177 82
44 214
93 124
240 120
90 228
68 87
78 295
251 84
44 191
277 113
16 296
97 109
15 199
74 88
294 279
33 73
118 124
158 297
172 65
20 108
79 37
147 274
213 172
233 251
219 150
102 44
207 64
143 205
35 65
245 209
151 156
28 212
70 119
119 92
275 153
233 11
5 171
252 186
28 279
96 159
226 15
214 289
217 49
267 209
34 175
135 94
254 133
263 249
89 292
221 290
102 108
160 188
28 166
230 29
27 218
102 224
229 120
112 225
247 106
115 58
197 282
229 182
266 116
7 256
267 280
72 161
194 100
271 136
61 2
205 233
138 173
186 224
144 295
201 108
6 234
262 133
206 278
81 56
200 252
21 203
201 95
224 6
49 109
100 195
228 73
48 148
261 281
121 206
286 121
226 5
42 203
68 75
284 51
89 182
100 183
85 61
40 110
226 203
8 88
155 13
34 10
282 254
104 194
96 190
175 185
23 107
279 196
237 169
155 47
38 64
54 179
181 239
2 29
153 208
131 238
212 173
73 175
86 38
159 243
214 41
30 229
288 219
52 268
26 92
203 9
200 97
199 19
83 69
64 97
183 120
39 69
136 250
236 155
296 128
259 274
278 252
54 291
241 120
42 106
52 90
27 125
252 261
197 14
235 143
37 156
62 207
293 175
205 44
85 42
40 10
172 203
120 177
143 262
20 245
216 231
273 297
138 34
143 106
269 278
14 273
143 85
132 68
57 169
65 161
128 160
224 92
296 286
243 85
193 120
141 112
269 145
59 269
234 48
248 206
124 188
166 242
19 132
160 24
272 260
108 51
251 128
196 234
9 169
41 229
183 25
245 142
26 132
164 111
40 259
271 2
54 171
192 112
292 171
203 140
120 215
12 32
117 161
198 264
180 178
14 267
217 28
80 106
130 114
7 256
218 75
169 293
127 26
100 14
42 96
282 171
170 145
147 236
274 260
180 184
48 72
155 223
165 21
230 120
285 58
253 185
13 112
64 139
16 61
66 183
34 85
267 245
133 260
168 100
33 285
60 285
68 140
193 81
218 66
274 93
157 138
249 183
23 264
293 163
174 120
290 126
186 177
219 91
95 160
14 250
163 60
195 291
137 214
94 158
100 53
205 106
183 283
254 30
34 72
23 96
73 23
245 196
12 21
202 229
66 295
221 252
156 209
55 96
252 247
90 63
95 2
242 151
199 54
208 131
6 71
8 149
291 170
228 83
255 204
257 294
232 284
169 15
183 91
130 196
255 60
262 35
203 190
158 143
278 26
275 164
68 31
140 33
132 200
288 105
49 112
60 214
254 51
261 98
285 264
143 44
267 292
199 151
160 96
92 109
251 135
4 75
247 192
210 117
117 149
225 7
218 36
30 177
60 86
20 288
63 152
270 89
245 211
156 198
294 286
128 158
206 203
213 224
295 21
54 130
84 1
21 214
3 227
191 221
231 250
40 240
176 216
22 105
185 294
120 137
5 185
203 116
211 287
207 88
95 282
273 126
180 110
288 194
92 155
243 271
56 67
73 246
191 89
37 253
165 47
187 255
271 191
53 41
25 181
61 262
127 49
173 93
30 253
135 137
161 162
64 37
165 7
229 216
234 244
229 252
143 252
243 225
49 245
284 188
226 209
258 73
141 80
178 110
289 184
62 8
94 249
146 284
171 144
74 80
291 236
70 45
278 128
141 68
15 64
259 198
125 123
111 281
143 157
187 232
56 80
203 258
169 261
201 287
3 212
136 192
49 86
61 109
3 94
206 255
99 281
160 292
72 287
30 256
53 167
157 46
265 21
171 84
296 59
44 284
29 88
5 52
282 218
228 21
94 117
43 130
86 281
226 86
83 267
143 93
171 197
48 141
277 97
13 95
162 227
39 83
257 55
46 219
183 106
34 199
78 187
208 253
172 267
41 193
279 207
244 162
272 230
64 1
155 239
3 279
224 75
209 58
180 293
168 110
6 58
260 171
273 149
53 214
9 23
259 200
82 245
57 76
96 106
228 107
69 87
44 7
229 172
291 152
198 163
270 35
287 293
205 184
72 236
123 94
5 144
101 213
256 133
48 248
202 55
273 92
58 192
34 127
255 182
218 57
157 259
58 129
107 2
190 43
121 245
54 83
156 151
69 81
109 206
31 119
6 74
37 263
38 188
259 102
240 48
251 158
175 136
118 296
250 299
151 203
231 51
102 44
295 9
115 108
274 207
89 284
61 202
272 208
175 138
241 114
295 49
152 170
82 283
257 49
299 207
46 257
19 131
69 56
189 49
37 224
15 230
81 160
287 65
250 121
34 291
38 25
134 0
221 129
272 295
256 234
115 195
240 40
212 8
248 261
220 115
248 38
285 218
267 123
98 232
155 70
124 4
145 280
234 295
210 61
201 254
172 46
67 30
57 226
97 173
105 97
177 139
143 96
228 184
260 110
92 245
248 199
291 253
95 231
0 142
82 8
164 57
102 88
190 26
197 40
299 164
91 129
3 20
35 13
206 17
221 187
37 15
184 274
208 103
98 64
138 214
110 244
76 107
130 124
254 236
170 113
291 268
15 80
261 214
267 181
76 152
276 206
176 152
147 97
50 271
257 117
102 233
250 91
137 134
67 5
82 251
91 101
34 215
294 41
68 209
113 97
16 254
228 254
271 93
226 93
28 124
208 148
226 152
263 286
217 268
38 39
4 42
158 278
54 96
175 76
280 289
226 256
99 17
58 215
258 56
182 53
156 36
226 109
244 225
224 76
99 6
234 138
30 78
13 231
84 209
47 140
275 140
71 41
97 249
293 273
287 110
118 287
273 127
79 215
244 106
179 256
26 43
148 201
30 186
50 7
203 279
192 119
38 17
253 150
109 290
171 283
3 189
75 183
263 77
271 43
133 152
73 164
149 178
20 245
247 26
70 20
45 149
37 217
290 102
231 165
122 216
235 221
238 0
298 14
127 213
87 134
218 224
140 28
256 129
4 98
127 285
186 183
73 9
167 256
276 14
212 64
229 27
12 5
207 167
270 96
206 13
159 107
24 253
233 164
5 109
237 48
44 131
103 143
268 80
211 145
68 94
29 64
64 268
227 246
6 110
189 173
21 2
7 164
299 33
255 209
54 234
25 189
298 196
1 75
28 120
225 289
85 92
34 13
91 157
5 98
74 181
264 177
134 222
271 163
267 128
49 246
218 61
83 199
146 103
156 184
220 187
93 227
24 256
238 148
269 131
183 76
3 257
236 205
235 214
6 39
248 193
90 77
145 91
293 288
63 0
145 269
201 90
66 153
181 277
293 251
280 6
51 60
37 144
198 21
210 214
288 149
121 71
137 283
212 299
200 11
70 79
110 47
145 149
87 216
88 2
183 132
188 90
135 110
190 146
139 187
9 39
142 203
127 154
129 42
63 28
246 255
83 35
235 259
120 72
71 132
38 143
109 172
295 26
187 292
214 222
129 77
108 239
189 195
97 235
119 163
297 150
30 144
71 269
125 67
175 4
67 52
199 185
279 29
265 231
92 110
187 59
69 189
194 78
249 191
140 253
124 207
25 145
110 14
294 119
84 20
273 222
123 17
21 28
215 148
133 222
37 273
221 198
72 238
129 128
267 200
130 165
253 98
204 152
131 202
152 252
175 219
289 52
33 260
273 36
4 147
1 63
73 175
80 163
218 9
298 286
83 45
96 52
109 124
167 293
154 273
221 80
42 203
64 153
76 230
213 131
13 257
11 148
229 46
73 298
232 91
226 2
47 286
18 93
24 195
242 3
63 164
76 69
32 151
7 93
288 293
140 21
147 9
43 121
226 125
285 22
235 170
76 5
62 41
193 30
4 110
4 164
164 256
212 287
259 159
122 39
180 155
85 95
18 99
91 261
217 269
145 210
195 229
276 157
37 103
258 46
274 17
64 34
222 242
274 26
3 233
22 122
180 145
140 145
45 223
48 79
112 278
88 234
149 262
47 71
139 30
93 56
12 216
40 172
251 46
262 156
182 86
37 136
218 225
51 140
4 298
170 232
112 102
41 53
278 247
72 269
274 146
204 129
65 210
210 130
95 293
287 243
229 112
202 56
251 54
209 59
57 208
208 204
155 136
198 263
113 230
109 277
102 212
166 298
179 292
112 70
160 220
248 211
211 198
5 30
123 126
54 105
275 235
226 287
129 217
155 70
278 289
197 282
264 154
144 228
149 266
232 72
257 290
108 223
127 151
234 208
70 244
68 64
275 283
148 44
201 195
260 164
52 232
165 163
201 191
104 187
105 113
48 130
14 156
54 259
235 70
68 187
118 40
4 131
284 237
24 281
115 284
285 17
65 118
290 95
243 242
83 204
260 216
121 193
145 138
249 152
69 79
112 191
34 149
80 125
206 118
47 282
25 246
200 281
230 245
137 72
260 82
160 260
222 271
56 118
201 30
237 154
178 289
57 142
196 183
216 47
21 268
256 25
289 175
76 46
251 238
165 241
210 226
144 26
121 194
72 20
132 150
18 171
52 281
188 245
222 172
145 144
160 137
220 54
176 83
249 183
210 123
66 186
124 188
92 240
54 224
192 286
260 218
98 38
18 281
134 132
32 229
275 132
67 23
288 281
60 172
194 83
251 272
134 238
257 77
113 198
247 249
260 188
104 60
30 231
33 209
211 48
293 62
89 93
168 261
152 112
188 47
234 3
266 41
138 55
66 227
152 0
140 170
216 101
267 237
34 99
10 31
164 38
287 231
238 52
64 289
289 76
7 52
77 255
10 186
20 249
187 221
37 180
51 196
86 212
187 177
5 272
169 226
225 295
154 178
3 223
259 215
36 83
161 141
244 138
182 122
48 121
179 297
117 178
150 0
181 33
191 285
265 55
259 92
150 230
73 71
188 120
267 228
154 275
250 95
168 77
12 117
168 66
62 135
192 1
84 256
226 272
35 229
192 101
295 172
170 23
248 263
61 87
121 125
7 120
132 126
228 209
234 144
141 192
48 141
249 233
287 83
78 130
136 79
103 202
260 275
217 153
292 111
88 22
147 172
37 67
201 88
65 200
265 33
202 129
160 80
295 169
7 220
155 49
224 71
180 47
65 134
221 175
21 153
111 200
155 273
290 143
169 67
165 288
9 197
45 176
125 33
163 122
175 102
73 25
267 202
166 119
215 41
179 186
196 234
290 143
119 144
291 170
136 270
143 266
51 216
55 290
224 206
221 299
92 220
56 201
28 101
241 289
63 134
153 38
208 24
245 39
91 199
216 91
277 239
96 192
257 113
125 252
121 2
250 84
229 113
239 99
210 180
6 37
263 6
163 183
127 289
197 221
245 25
108 292
215 89
294 279
132 280
159 231
249 138
236 47
12 282
154 141
91 66
39 145
228 244
200 65
152 258
193 93
46 4
238 170
20 219
142 184
154 237
172 249
92 195
77 99
206 125
163 50
95 206
274 23
15 226
145 178
227 96
135 108
169 289
145 212
9 85
275 244
238 188
11 130
278 108
148 183
199 0
254 186
257 146
288 189
6 248
209 125
244 85
228 189
247 110
31 154
22 146
174 51
70 9
198 90
103 2
164 144
247 209
154 78
239 222
104 148
246 234
34 54
222 204
123 56
121 143
3 127
129 226
208 156
145 27
192 202
212 283
262 273
299 210
206 133
232 51
156 239
53 177
193 282
8 162
299 97
242 255
181 91
168 26
150 213
98 248
147 111
76 205
201 74
288 232
79 284
162 138
105 190
14 273
248 36
230 206
5 200
9 297
71 154
16 143
81 168
9 263
26 29
113 4
92 215
240 171
285 103
247 272
133 251
143 64
121 127
45 115
298 109
252 127
222 264
183 93
248 160
82 22
135 298
30 165
207 56
259 67
93 145
284 125
90 294
215 46
208 57
174 73
163 197
70 248
223 29
36 204
24 142
107 241
196 89
256 168
212 93
16 212
59 275
116 268
279 266
217 244
261 2
172 69
127 53
177 3
223 135
54 215
247 168
121 154
44 17
1 160
45 42
241 260
81 124
111 37
234 66
244 71
211 168
46 178
109 48
49 170
189 261
121 142
51 27
211 287
137 24
203 254
204 81
267 166
266 3
15 138
206 255
243 173
221 152
48 216
49 280
67 106
136 189
101 298
238 114
289 52
269 285
255 283
155 275
225 247
81 91
209 62
214 142
130 97
22 112
170 114
266 251
29 41
247 241
164 166
213 1
17 33
280 291
103 217
173 131
263 171
4 151
171 105
235 142
59 193
148 123
149 262
267 94
105 0
20 162
87 102
257 38
253 58
19 162
205 41
228 26
22 45
99 32
95 37
281 82
225 171
248 216
194 227
107 62
181 185
199 4
43 239
294 78
109 282
64 115
198 24
14 213
236 30
284 226
149 105
67 42
295 290
263 96
293 255
238 171
0 179
41 6
78 163
111 244
30 99
62 109
137 71
146 119
210 68
209 195
71 123
190 260
11 206
152 297
223 53
130 101
78 290
99 8
243 21
94 263
163 36
85 82
15 37
207 213
159 75
14 133
239 218
273 164
250 174
57 199
50 31
261 2
124 109
131 179
106 204
234 283
230 277
291 83
2 275
278 23
155 216
3 9
161 5
177 18
88 94
144 77
15 22
262 114
105 215
1 72
215 256
138 13
156 169
89 197
62 166
65 151
115 264
2 41
298 28
241 150
79 133
67 121
134 258
215 260
168 263
230 182
149 70
113 173
132 244
35 192
210 118
273 132
92 171
154 254
85 162
170 196
61 251
262 117
210 82
190 245
162 81
123 99
125 0
193 168
164 91
198 51
46 279
234 185
201 111
90 62
275 16
284 30
20 263
113 179
279 131
92 96
124 221
248 65
117 34
236 48
222 265
270 268
278 207
7 59
77 90
195 120
233 275
99 161
174 98
201 108
222 263
239 191
204 192
220 294
28 82
145 235
28 89
271 213
286 197
298 173
77 122
225 82
10 132
19 286
42 242
262 104
34 174
31 215
209 111
268 218
56 269
119 147
18 187
122 241
6 265
236 211
198 9
237 183
38 178
155 204
266 8
92 56
183 264
78 34
240 111
161 107
133 46
23 202
182 259
292 121
108 199
89 64
145 233
192 235
265 79
253 145
24 157
171 277
14 246
111 255
157 183
156 254
112 102
15 229
137 175
231 42
283 146
290 238
41 227
71 269
265 278
96 25
267 67
143 221
143 150
87 191
88 265
142 47
280 111
31 22
218 279
286 12
54 294
207 135
144 50
27 242
272 11
268 277
138 68
236 230
193 149
158 187
141 235
278 91
183 135
60 138
43 218
177 118
292 91
109 164
171 233
120 253
214 65
291 61
226 32
117 242
6 79
234 9
17 257
206 207
92 38
141 119
108 29
259 3
98 64
12 110
237 215
152 30
298 66
288 212
43 230
78 73
149 161
269 94
257 45
236 192
215 285
53 24
256 168
135 237
139 10
136 144
151 93
174 146
227 216
233 201
135 156
224 137
46 28
147 128
224 173
134 69
287 90
164 184
41 34
131 18
124 277
91 224
56 24
73 89
127 160
289 267
57 74
237 287
117 273
296 290
208 82
231 170
177 147
84 259
218 292
66 144
134 270
141 158
138 186
165 256
157 149
194 80
223 285
137 89
88 193
5 142
215 129
109 213
40 140
15 67
60 130
238 296
259 48
97 164
279 187
283 187
118 124
272 170
137 68
44 208
184 289
146 101
264 155
35 62
25 5
221 260
93 242
45 116
210 103
240 38
28 15
43 76
14 72
158 71
244 111
80 287
284 190
216 164
203 145
286 13
88 222
104 22
177 174
271 54
151 178
274 253
42 39
254 137
66 194
51 2
181 194
294 202
165 28
274 231
276 154
266 281
212 155
39 233
189 135
57 133
288 181
19 254
199 190
137 18
92 240
106 97
277 174
5 191
61 197
207 265
197 87
89 166
173 262
152 298
95 115
139 36
40 152
62 20
110 245
187 98
125 291
146 85
133 88
228 27
16 26
154 253
196 145
201 115
184 183
73 118
166 127
90 293
242 30
77 14
144 278
4 258
272 285
132 226
265 3
245 43
167 22
188 102
148 184
145 15
148 262
4 194
284 109
178 136
184 220
95 152
163 86
28 36
95 64
198 247
286 16
74 62
215 221
183 23
14 299
35 236
51 137
171 239
82 201
169 66
98 141
166 145
37 255
267 192
131 74
144 175
126 216
47 174
102 17
100 277
200 19
284 37
250 293
133 3
295 138
238 34
114 101
202 214
141 73
102 127
227 37
72 187
78 43
177 139
288 94
220 254
233 18
254 153
11 20
174 201
248 235
81 179
109 209
92 176
189 196
76 96
109 1
180 170
73 84
256 244
248 241
233 1
279 266
265 84
239 297
139 100
212 195
158 34
218 286
277 40
110 212
139 11
244 174
239 150
184 285
198 294
135 233
81 123
128 238
138 74
25 103
80 140
97 46
218 141
286 242
121 153
224 7
142 156
67 164
225 293
151 234
19 75
153 12
217 207
257 263
201 77
187 117
10 16
187 2
30 22
133 53
201 244
256 271
85 150
214 7
254 297
179 204
110 299
27 60
24 289
14 75
124 164
118 31
277 25
120 108
229 275
154 126
95 239
173 282
171 48
263 217
37 273
267 197
17 20
180 152
144 81
224 16
87 144
17 269
94 51
38 220
135 194
3 220
275 63
261 210
263 56
60 57
260 18
0 64
165 52
44 223
34 226
149 273
287 104
131 202
292 197
219 285
179 31
264 297
292 159
182 185
249 241
229 244
278 242
123 263
148 125
5 297
251 84
208 8
297 233
63 211
249 287
261 152
163 280
59 274
150 122
249 97
215 287
16 199
39 78
232 15
122 87
271 228
187 8
196 114
163 299
112 91
255 15
244 187
137 254
33 77
262 213
73 12
192 234
168 68
152 299
139 93
234 53
109 82
113 239
220 38
103 46
291 255
3 102
219 246
189 197
227 153
12 66
47 276
109 59
126 142
229 153
104 203
252 192
220 168
31 73
126 143
72 242
207 226
182 84
248 41
271 87
84 56
92 40
272 271
117 195
201 219
169 215
147 43
177 212
260 127
164 260
113 154
63 58
175 17
250 292
227 112
79 280
31 118
64 226
139 26
199 255
111 260
232 145
28 288
195 32
117 225
218 30
159 207
13 128
132 290
115 141
185 120
237 151
1 216
212 152
263 250
61 147
158 103
51 199
235 155
288 186
119 31
237 286
61 88
257 261
0 154
271 55
216 66
60 73
198 166
131 115
123 181
236 244
23 88
2 211
154 251
192 7
242 97
203 92
5 92
266 30
209 123
125 206
60 244
102 127
112 43
22 217
110 9
142 164
49 88
31 107
162 9
148 139
236 175
68 57
296 8
277 56
203 141
227 54
257 33
209 167
21 53
18 270
227 2
87 74
53 31
74 246
41 283
43 193
40 136
67 15
231 279
103 68
20 139
157 230
238 211
128 265
255 141
93 21
19 158
224 136
200 272
109 254
142 126
78 291
108 148
271 16
100 218
167 175
253 55
78 185
296 241
106 50
16 287
17 195
288 261
46 252
280 211
261 153
119 61
209 254
255 135
189 245
32 276
218 33
258 165
286 21
58 32
218 127
235 96
125 299
258 24
277 75
157 134
286 125
57 267
36 99
154 179
36 245
248 78
126 10
149 219
15 0
299 68
159 258
71 4
70 201
266 36
133 0
68 44
2 47
134 68
174 38
101 197
215 134
112 194
142 50
278 79
34 163
202 276
244 187
144 272
199 194
285 232
153 281
22 183
114 63
6 53
231 105
124 292
199 67
68 129
280 178
93 153
115 245
17 194
31 112
127 158
19 123
278 188
119 180
283 71
225 256
21 126
203 30
297 176
72 37
179 165
0 168
58 83
283 7
129 232
129 66
221 1
97 45
137 29
145 125
148 27
110 49
5 169
209 271
29 168
193 130
214 169
260 83
59 282
14 119
250 236
47 258
249 248
102 258
253 50
225 12
157 71
275 36
14 123
96 62
212 180
275 86
189 37
21 116
165 155
226 70
266 45
165 32
294 118
298 36
247 103
204 194
39 117
266 18
225 281
36 191
128 89
116 263
51 177
72 7
267 101
113 205
174 197
103 123
286 28
65 59
76 30
232 63
298 182
217 164
6 72
191 178
118 60
148 117
229 283
85 232
64 174
83 148
157 24
167 125
7 204
114 282
124 68
83 36
199 70
212 277
19 116
121 295
81 168
151 9
51 89
52 109
126 220
1 84
155 55
230 181
17 162
184 102
152 267
127 230
187 56
45 187
75 138
280 187
263 17
192 182
180 150
138 151
255 216
179 203
173 124
175 45
268 202
156 252
102 147
84 15
127 169
23 238
204 154
41 291
78 250
22 283
64 60
12 259
183 121
98 289
7 181
218 121
8 116
134 13
150 30
137 116
99 40
182 69
149 240
107 65
70 295
111 62
137 193
201 131
290 38
158 7
252 210
173 156
136 203
191 288
37 43
297 25
36 210
243 255
294 111
99 158
258 297
220 121
223 85
114 224
121 264
290 115
106 103
100 211
112 34
202 37
96 293
114 279
232 117
168 294
195 175
123 81
276 189
3 104
269 190
201 241
141 92
65 72
149 161
165 262
238 121
112 29
80 267
170 90
278 169
231 280
175 268
75 9
191 196
26 164
122 52
50 251
249 33
83 153
175 98
45 150
210 75
87 63
221 47
72 283
52 42
34 274
280 19
214 242
215 82
187 280
182 2
187 238
111 84
247 266
174 189
105 41
201 55
4 138
202 76
161 63
55 85
191 72
107 35
248 202
51 28
139 68
192 138
132 293
148 197
103 179
151 214
204 1
260 177
40 282
24 84
86 42
69 282
183 27
6 59
107 79
162 149
184 99
195 69
267 51
133 282
284 114
291 138
292 51
104 284
267 183
290 240
120 158
282 126
29 140
78 23
193 197
276 248
253 40
287 102
182 199
230 21
244 111
155 259
168 86
8 185
15 284
163 262
73 21
184 258
174 162
142 9
31 276
287 151
79 261
270 17
134 91
237 220
237 255
247 90
19 181
135 154
82 215
95 288
29 48
117 165
184 163
278 88
157 235
15 249
289 157
32 250
89 184
88 199
249 274
13 112
287 149
16 4
60 165
256 27
10 47
99 268
288 259
63 39
4 215
179 143
245 44
93 68
51 242
108 291
269 23
255 248
33 110
172 105
96 88
268 140
289 148
258 216
252 202
13 65
245 125
156 103
262 39
38 287
273 154
248 14
106 160
29 6
298 247
177 183
13 10
87 86
47 157
236 156
97 187
128 31
122 97
212 198
213 230
158 244
131 235
213 251
29 115
66 99
41 127
171 229
118 159
171 289
249 126
150 288
86 0
134 171
6 243
92 132
72 42
166 251
281 125
20 288
92 9
256 186
108 185
15 240
246 215
294 37
29 9
69 102
286 125
125 281
218 241
210 286
58 138
39 86
22 163
254 222
222 10
261 226
199 250
104 170
140 101
277 183
57 229
51 4
183 216
131 165
71 189
121 105
147 94
98 23
94 206
287 162
65 98
24 25
278 274
86 140
119 118
80 250
34 287
255 209
176 264
66 104
51 188
167 105
95 268
165 181
131 170
281 124
159 197
54 144
98 217
210 289
181 34
62 219
299 113
185 281
205 100
86 107
40 51
162 186
252 206
122 188
259 279
229 209
180 161
189 34
270 135
163 58
33 263
21 70
58 175
271 141
12 241
195 260
133 238
85 228
10 184
123 255
258 81
216 56
260 89
252 35
68 33
269 106
28 82
69 292
210 73
1 123
233 246
108 196
89 61
169 243
145 33
250 148
22 205
16 169
253 61
75 43
144 191
296 153
23 44
54 7
163 285
28 207
95 0
76 96
43 147
277 2
110 74
8 119
10 99
169 134
90 118
195 126
224 210
237 226
29 102
252 11
217 185
297 87
297 34
159 71
286 297
66 234
254 176
104 86
194 150
94 271
157 153
229 93
208 116
131 8
287 129
213 116
30 119
282 204
247 157
243 270
76 216
126 131
186 189
181 234
214 255
61 193
231 23
74 285
111 110
137 158
179 273
168 152
198 167
179 195
71 169
173 198
181 58
140 288
130 30
213 56
92 216
146 295
149 197
45 297
261 75
208 195
147 60
269 180
53 137
191 121
62 4
202 175
282 5
233 31
44 280
78 143
141 138
5 74
180 229
266 160
156 45
196 185
10 119
197 194
257 102
89 107
170 193
239 35
97 158
235 38
172 101
272 71
246 33
191 188
28 225
77 63
98 265
131 57
129 276
155 169
45 241
246 233
170 228
299 67
86 59
59 30
241 7
170 97
276 168
82 17
292 139
195 75
286 202
137 127
248 196
164 183
81 33
179 206
50 285
73 229
87 148
144 241
221 235
137 144
99 159
253 155
10 106
284 6
2 101
65 254
41 165
91 36
293 44
37 25
65 86
78 52
106 4
97 58
268 124
42 280
70 202
222 71
95 66
96 186
43 142
114 138
246 187
14 243
215 87
93 256
249 219
214 88
134 143
153 119
93 235
90 291
220 85
24 208
118 124
276 6
90 215
275 18
254 139
252 49
261 59
167 42
234 206
273 157
95 273
218 297
28 268
26 3
195 7
165 75
164 90
241 215
87 104
180 86
124 21
128 190
260 163
103 107
29 20
15 82
80 286
16 287
191 246
246 14
173 253
186 50
126 192
284 271
80 194
95 139
179 218
36 230
50 298
198 129
238 130
5 100
171 131
225 182
85 289
26 240
70 123
26 229
202 294
246 215
289 18
262 88
92 120
109 191
239 228
274 174
133 7
279 235
182 15
256 181
20 269
220 234
283 183
163 63
180 282
137 96
9 69
28 120
286 92
250 51
169 207
152 80
43 280
90 183
222 232
150 134
244 11
146 219
206 185
194 225
143 89
7 210
146 207
17 45
9 238
198 28
165 250
11 59
224 6
44 282
139 275
25 231
200 111
18 145
106 85
92 21
84 74
120 206
34 173
56 89
76 245
85 176
36 188
185 85
14 194
159 148
114 271
235 143
163 245
83 285
11 32
204 107
15 261
178 138
118 1
45 271
131 135
273 107
88 136
269 261
3 17
139 61
282 106
186 136
252 271
55 41
7 235
137 34
190 146
89 276
177 89
134 265
179 115
185 20
271 239
62 188
118 202
5 215
180 138
23 245
198 180
291 68
20 105
115 258
107 16
240 220
21 129
233 124
156 95
276 91
130 53
292 120
82 112
65 7
128 7
130 209
0 117
158 194
102 88
238 111
191 84
73 262
210 156
161 62
180 182
131 164
255 56
225 282
282 33
18 38
180 187
14 106
270 55
73 1
238 244
96 168
235 150
240 115
77 101
258 29
6 67
159 282
24 166
116 280
91 274
220 101
295 118
202 278
12 206
257 193
120 53
83 157
122 196
251 17
244 105
136 228
250 186
60 164
267 159
143 120
275 29
260 70
155 190
130 31
18 104
5 174
117 210
77 223
43 117
4 57
140 243
188 59
134 93
137 170
55 133
226 38
162 213
289 196
55 30
204 291
68 204
117 197
280 290
96 171
291 24
7 187
134 197
246 219
259 18
241 188
173 2
275 202
171 143
252 99
183 270
115 240
219 259
133 211
60 27
60 56
299 199
297 63
13 281
151 58
240 228
206 131
281 208
65 9
22 269
228 232
38 281
189 178
274 141
277 53
14 158
162 45
9 120
200 258
83 93
246 282
153 214
202 97
161 263
224 13
144 174
183 137
110 7
148 82
251 19
230 189
25 240
21 234
33 24
28 264
192 293
179 117
208 65
192 261
238 94
62 181
272 136
90 223
96 187
32 124
146 259
37 235
290 262
276 64
242 25
214 231
156 232
232 291
198 226
169 30
249 177
33 11
284 171
149 147
249 24
150 219
94 21
246 202
76 30
258 215
28 70
226 223
285 81
14 93
19 95
177 153
155 197
250 183
60 96
128 260
0 97
61 184
133 216
222 118
236 25
213 209
184 106
130 90
110 72
241 191
95 107
254 110
257 247
269 3
6 75
210 62
199 154
227 244
207 245
168 170
170 14
116 247
10 133
67 46
163 91
110 20
296 40
104 76
37 233
28 49
74 286
197 253
280 92
82 164
39 252
49 163
98 206
85 298
270 25
72 234
164 287
221 249
66 120
160 270
39 193
225 75
259 25
3 263
14 68
94 197
68 34
138 47
80 36
262 137
24 166
209 224
126 18
232 69
85 133
200 266
256 21
107 89
87 125
68 290
70 146
237 151
105 263
280 88
253 176
261 25
198 8
127 12
44 57
198 97
274 251
208 13
168 198
218 204
83 27
37 281
129 252
244 58
270 155
155 143
43 7
286 172
24 79
190 39
244 131
281 138
145 76
195 167
152 262
298 116
92 247
241 254
100 20
245 77
247 116
15 168
250 151
178 33
173 226
192 225
217 158
201 126
242 269
187 262
232 103
107 267
96 109
101 202
58 169
124 135
98 140
186 80
14 160
286 183
154 165
207 141
40 204
19 211
154 186
296 68
253 37
230 217
109 32
30 75
94 211
111 281
16 236
51 198
52 136
115 132
236 108
172 122
255 131
57 87
191 169
70 238
277 281
91 220
197 185
104 31
70 1
295 169
214 218
81 213
245 99
229 67
284 50
1 271
263 61
60 188
117 102
159 64
154 107
102 88
179 168
171 19
170 160
131 11
129 274
271 174
71 211
4 252
214 13
70 283
20 80
202 236
177 204
264 229
160 155
287 37
68 159
247 252
285 13
242 92
26 79
243 67
2 22
149 186
66 24
3 89
282 100
223 271
64 293
60 284
79 87
151 220
45 147
43 283
158 273
144 180
29 167
225 258
65 106
179 215
281 247
287 102
228 22
221 4
196 268
266 177
55 226
211 44
237 87
125 213
90 13
173 209
172 232
280 220
12 85
180 6
102 200
149 51
171 146
85 117
255 299
181 128
135 185
258 59
210 231
212 102
237 113
218 173
218 96
288 19
200 149
31 25
73 3
38 83
6 71
262 155
109 67
78 233
174 166
277 188
191 107
246 239
196 119
57 103
259 189
287 198
229 149
263 298
192 69
169 190
244 139
132 287
38 79
83 101
103 146
269 148
88 60
204 139
15 5
181 246
10 126
74 221
126 211
30 31
263 134
113 130
81 247
13 224
250 135
31 294
26 44
283 154
22 171
263 256
66 180
75 218
202 57
247 6
183 27
278 16
267 167
152 83
246 184
142 256
257 115
121 61
139 18
183 59
42 142
228 80
222 209
237 121
9 239
74 184
171 174
61 110
115 140
163 292
107 228
169 250
51 206
189 212
192 181
77 226
195 276
215 224
142 35
150 85
106 101
120 102
80 111
210 19
28 130
102 91
145 0
156 205
244 137
251 168
271 167
45 131
123 298
95 222
41 135
96 18
124 6
113 55
95 290
85 28
200 57
270 281
279 277
45 21
257 289
215 270
15 44
143 41
7 135
288 261
84 192
65 198
18 7
119 33
94 275
225 85
108 289
8 295
59 231
99 171
269 287
21 6
19 148
12 172
192 116
296 196
144 198
137 299
102 59
245 3
34 233
250 119
238 142
243 120
22 56
182 29
47 210
167 186
63 254
97 41
36 230
278 232
170 91
185 81
213 215
178 222
292 142
102 282
42 242
287 24
16 43
228 10
27 63
258 90
227 291
233 143
61 124
58 148
146 47
123 131
71 276
162 108
133 16
200 94
180 192
210 121
121 198
48 57
47 125
142 46
260 211
152 234
40 245
252 118
118 145
210 39
135 175
197 260
21 191
26 146
36 218
218 189
52 187
257 89
157 134
282 57
21 279
129 103
96 249
168 63
215 173
61 18
44 274
36 254
221 129
176 193
149 124
31 49
11 137
71 110
129 266
20 202
211 35
3 87
143 163
170 20
34 228
287 16
232 290
175 281
229 274
16 36
255 185
89 131
214 179
217 112
131 240
15 203
12 7
232 158
155 23
46 250
289 0
63 148
118 25
138 286
203 138
161 138
124 257
115 28
48 130
175 11
157 220
183 220
293 41
95 262
245 122
211 16
232 251
203 249
263 146
219 116
115 80
208 148
51 257
145 181
96 275
14 296
184 262
135 203
190 93
213 229
243 203
53 190
61 269
118 292
299 89
202 290
274 137
55 121
86 153
202 89
237 275
2 211
241 101
101 69
200 236
221 116
251 22
26 118
62 40
232 158
261 31
14 206
85 95
180 28
218 28
286 233
27 254
104 17
1 101
147 168
56 72
139 209
84 197
278 153
226 107
90 196
75 72
207 5
278 291
20 255
56 116
18 160
231 146
267 278
134 13
164 121
128 9
82 1
60 244
115 36
218 235
2 264
160 275
32 255
11 9
175 103
68 23
87 28
245 251
286 203
159 101
273 24
254 95
29 173
199 220
23 246
260 264
155 230
269 218
75 81
61 28
163 47
267 35
257 212
62 244
11 225
64 295
161 181
165 154
298 142
250 267
52 230
126 108
287 32
157 227
31 143
243 258
136 132
153 75
135 283
208 67
142 227
294 286
264 6
51 55
255 115
37 273
53 76
45 142
159 45
62 296
109 256
177 27
38 84
66 109
270 188
159 283
81 49
285 225
195 187
290 172
56 99
9 161
282 198
63 184
36 111
232 159
216 79
145 118
25 296
21 267
53 193
231 151
125 133
229 78
137 146
147 157
133 199
57 111
108 154
157 250
40 174
2 279
133 256
9 292
275 291
61 243
3 183
277 163
55 292
195 229
5 20
40 93
159 236
177 37
261 148
231 25
219 247
275 108
210 57
122 162
261 167
237 238
277 111
81 154
0 18
184 213
90 21
168 263
50 136
167 161
102 117
249 113
5 172
134 8
85 95
273 46
147 283
133 32
236 206
131 202
218 222
132 104
128 125
107 60
179 62
288 181
124 51
293 287
258 34
182 113
36 1
56 40
260 170
288 91
3 230
67 279
223 92
170 17
8 235
251 71
72 99
167 35
91 235
243 145
7 79
213 9
95 226
147 139
193 294
205 186
149 172
183 11
134 120
232 26
142 44
18 145
114 192
59 170
76 200
251 47
94 237
213 229
24 71
200 191
119 228
233 166
181 271
66 4
99 40
223 241
100 267
258 248
274 83
120 73
10 125
8 213
172 16
177 291
114 164
157 197
299 17
129 198
213 56
265 92
171 74
87 297
118 165
274 249
57 60
256 132
10 18
225 180
232 247
216 294
268 67
267 279
239 138
4 270
136 13
269 104
71 108
0 273
107 268
185 249
237 154
284 267
213 170
283 248
133 81
49 169
130 15
258 218
20 4
149 30
250 145
101 181
231 89
95 168
49 27
155 287
145 241
73 216
155 16
13 138
158 137
97 22
10 69
132 10
103 116
72 226
12 73
138 45
6 299
84 232
280 252
96 288
68 105
240 84
98 16
297 199
259 251
6 139
46 120
146 68
267 278
212 35
68 202
132 280
150 286
96 76
85 232
62 120
44 133
57 29
258 235
277 257
27 82
39 220
182 142
143 27
81 91
152 127
116 161
30 278
231 94
79 207
262 14
40 215
24 273
293 220
271 2
172 296
82 257
104 273
287 110
119 182
14 107
202 271
28 167
181 89
6 277
155 174
4 168
120 226
228 98
145 240
288 213
141 78
19 169
210 36
12 224
138 215
125 142
185 276
127 155
265 225
186 121
285 255
172 107
172 280
32 204
276 181
298 36
96 20
157 88
233 17
76 258
194 197
65 92
71 67
151 243
204 272
166 136
260 113
107 115
89 181
155 4
226 201
104 13
236 253
46 56
226 34
81 11
29 90
117 132
192 208
228 39
181 137
36 177
189 296
252 35
12 196
140 198
84 114
141 253
123 104
153 141
265 215
168 114
267 116
180 59
215 186
181 141
7 215
199 166
223 198
112 161
100 69
43 245
171 38
281 234
96 224
127 243
135 282
39 9
147 14
100 236
221 15
120 100
249 139
89 23
198 248
139 115
276 183
147 128
235 292
240 131
31 186
176 110
289 52
168 141
177 208
273 215
120 241
272 89
71 19
223 235
9 31
150 208
22 258
3 284
77 102
135 168
197 187
48 24
12 190
291 179
241 279
212 250
273 15
292 111
281 64
205 24
126 213
201 246
100 195
251 92
143 43
90 226
218 47
7 43
38 73
217 232
268 234
105 14
119 44
254 199
157 299
33 84
201 283
265 32
188 111
296 167
154 204
75 195
38 107
22 208
21 215
116 216
296 41
257 261
265 99
170 94
57 252
46 23
241 68
117 177
78 98
74 286
34 49
35 148
183 198
100 189
220 51
255 127
182 7
286 93
132 268
52 269
33 94
135 134
194 275
225 265
235 218
211 255
164 115
170 67
161 157
151 230
193 50
244 92
147 20
132 90
297 238
259 7
173 210
197 286
162 51
295 142
79 39
203 44
224 258
201 143
265 9
135 278
236 99
203 150
83 227
164 82
257 9
124 4
173 39
101 124
190 72
296 228
30 215
4 158
125 49
49 44
219 201
251 84
114 37
142 295
158 10
151 158
94 227
229 108
201 218
131 242
85 246
218 154
170 26
118 272
158 12
232 204
66 160
161 128
78 239
240 11
226 214
257 136
122 198
134 266
187 75
224 213
218 235
279 146
131 273
246 194
146 237
291 97
99 216
186 197
262 186
95 235
272 2
105 214
239 17
65 55
78 73
65 85
121 200
145 60
215 23
279 214
259 211
38 204
260 47
71 205
160 238
215 36
235 183
215 37
80 115
23 103
34 100
208 226
243 293
35 78
239 180
140 248
162 179
111 54
43 182
117 276
273 294
166 284
111 21
132 283
77 130
217 297
103 27
120 259
220 48
104 295
290 23
119 28
92 212
33 170
38 4
247 17
196 297
25 202
26 290
118 196
52 104
6 106
21 202
176 74
166 69
154 235
176 253
11 298
236 215
255 5
284 166
215 70
164 172
11 116
278 5
195 290
248 235
160 247
239 206
70 90
34 138
270 18
57 220
257 284
90 223
215 30
100 252
258 287
194 213
278 262
149 71
292 51
220 270
261 63
176 2
24 78
168 166
214 295
105 96
63 11
232 187
16 136
222 157
290 52
117 155
111 80
75 57
189 272
113 256
190 247
110 246
18 198
31 188
151 29
153 129
167 36
134 155
0 53
35 206
233 113
163 3
108 100
122 55
132 133
158 165
279 245
60 119
255 92
9 156
143 272
175 49
193 7
273 139
116 229
192 159
149 239
273 252
15 230
284 283
172 237
295 58
49 142
154 190
42 251
15 169
211 174
4 23
199 129
62 28
27 88
127 18
115 231
184 281
152 2
19 286
250 58
16 112
6 5
179 258
172 247
38 122
150 42
230 195
223 177
46 240
2 91
160 76
124 195
65 155
141 158
124 90
98 109
66 257
219 201
116 164
109 57
202 145
211 101
259 186
48 128
40 86
159 40
5 260
99 70
112 271
82 47
148 53
96 47
2 184
227 296
183 285
95 131
284 225
201 156
171 54
86 134
178 177
94 223
56 256
175 169
166 153
2 128
124 37
18 229
210 58
271 64
209 277
123 236
228 167
246 13
198 71
284 257
269 32
136 40
136 108
212 252
251 234
235 283
257 180
21 202
189 216
197 147
291 132
220 154
73 124
261 71
66 234
69 26
162 223
109 54
11 98
207 289
32 275
50 147
81 280
167 8
263 63
258 178
199 92
74 91
92 104
233 42
185 245
201 133
41 111
234 69
127 62
250 111
26 6
166 231
242 180
181 86
198 229
81 260
18 209
148 64
227 92
11 108
222 197
36 15
45 181
141 283
95 97
51 79
152 208
215 244
277 62
251 94
103 290
23 261
244 50
60 67
218 145
82 120
180 74
145 268
9 82
160 94
36 181
54 251
97 140
50 23
107 125
284 190
283 154
150 7
245 215
81 160
19 70
47 118
255 288
108 253
15 49
166 98
224 270
114 250
133 168
225 220
245 77
193 266
18 285
221 166
259 271
207 47
267 49
243 44
183 28
43 91
228 163
35 67
176 292
37 223
179 96
294 262
66 98
263 291
37 269
290 49
12 102
8 267
223 106
273 143
299 195
126 169
14 248
23 8
73 195
273 163
115 257
261 250
37 170
112 153
243 264
81 31
65 58
88 31
212 247
244 286
124 2
11 132
85 90
53 81
11 192
195 231
88 147
56 40
171 140
167 12
296 91
262 240
8 85
142 84
176 237
217 191
176 179
12 279
34 36
17 223
288 270
295 287
212 208
136 80
34 159
201 110
134 285
73 176
40 139
81 197
99 290
154 65
253 71
140 181
286 68
193 14
261 229
88 124
166 127
145 136
290 258
253 198
38 151
12 74
86 167
174 156
224 152
260 177
168 205
226 256
213 16
7 203
117 227
224 278
288 183
117 233
162 4
192 231
79 173
161 199
106 221
262 57
288 9
154 278
6 34
242 26
289 72
207 239
204 270
264 185
243 56
251 269
211 189
198 257
218 162
294 273
221 237
107 256
142 234
73 184
108 222
249 193
201 59
195 87
41 209
106 181
67 208
183 241
206 127
263 46
84 80
220 76
160 121
211 214
180 94
245 90
188 45
12 165
206 101
240 58
197 135
138 108
68 190
140 189
164 181
67 206
131 295
125 162
46 173
94 16
125 94
112 105
212 11
100 237
77 26
255 33
195 10
224 112
158 274
166 258
276 97
182 40
220 60
243 205
174 33
37 229
225 203
118 287
209 61
179 293
255 74
214 165
151 176
95 224
157 56
46 136
259 227
211 73
157 206
151 191
103 199
143 230
289 192
245 255
240 223
39 199
114 238
109 186
285 216
86 69
2 151
24 19
27 121
199 214
92 254
0 280
44 149
282 136
163 11
118 28
185 89
103 276
176 118
224 237
191 167
56 97
45 273
97 291
274 119
65 237
53 33
99 188
73 44
91 173
217 40
237 260
7 289
231 40
262 153
21 31
257 58
117 210
183 103
297 204
266 282
129 84
158 296
43 103
104 125
117 217
146 266
80 229
178 264
28 144
246 272
239 122
155 252
113 298
231 60
161 251
227 158
21 24
2 208
170 83
165 267
285 44
139 195
229 55
198 19
96 133
2 124
193 103
221 43
198 217
229 50
72 158
95 248
98 243
294 130
161 64
199 156
295 140
37 262
186 64
265 60
236 121
202 49
267 295
45 105
129 299
186 268
47 105
204 149
270 269
257 143
82 151
253 286
30 23
50 31
238 147
69 143
271 230
42 283
19 187
253 163
264 8
252 60
211 266
81 113
169 24
136 222
158 165
127 99
192 137
107 228
235 285
112 3
227 194
121 103
92 148
216 246
132 244
159 28
204 158
75 292
29 66
25 290
224 49
93 87
24 112
224 21
58 295
177 273
95 175
127 143
263 247
71 18
145 223
54 133
150 299
78 288
38 280
29 222
31 86
284 181
45 271
226 152
97 129
79 83
71 156
199 127
299 56
67 235
103 101
21 176
92 136
186 54
165 33
14 282
52 279
10 20
116 65
164 96
16 287
261 67
75 226
239 292
36 292
269 238
182 297
78 103
96 17
203 185
121 4
249 286
119 65
128 241
2 237
50 217
42 152
77 11
28 109
208 253
22 16
59 18
192 7
46 161
62 9
285 268
45 118
80 202
159 127
247 154
247 166
83 141
173 52
37 32
197 186
71 257
144 100
58 10
217 85
244 246
163 181
147 298
147 130
153 148
75 103
180 154
149 92
276 184
170 97
57 285
102 263
279 94
27 68
201 35
242 290
255 53
1 56
275 167
155 295
21 8
178 28
11 275
191 269
76 85
152 39
48 132
84 20
22 210
116 157
275 144
143 197
142 161
102 81
200 7
158 141
14 296
211 196
166 145
228 202
22 194
35 169
82 225
198 228
10 76
247 109
208 61
47 69
294 210
234 120
290 132
173 53
144 37
54 255
259 116
255 220
255 16
232 66
177 293
98 146
256 197
210 262
60 211
206 11
219 229
157 76
17 89
261 282
222 285
231 249
226 145
108 46
225 120
146 147
93 46
12 124
283 241
23 0
281 245
229 265
11 281
181 39
39 34
252 118
58 44
82 85
146 124
191 281
241 163
214 11
284 3
154 51
46 176
226 129
55 246
292 299
290 231
205 141
115 94
196 147
27 42
69 253
181 276
134 116
102 177
265 154
46 93
115 183
125 265
119 187
172 296
129 49
170 185
163 164
225 284
159 44
116 270
57 96
145 291
92 296
260 143
144 46
294 155
110 114
86 176
19 186
129 55
175 141
54 262
171 64
85 264
24 278
170 111
59 232
94 22
142 131
299 50
164 55
147 11
287 70
28 89
77 277
165 31
135 215
120 210
197 6
171 43
217 108
227 26
272 225
28 146
66 204
241 114
120 82
279 117
100 122
290 213
227 153
57 196
283 222
169 131
64 178
240 40
216 133
184 70
141 150
134 294
168 40
274 39
76 109
281 57
238 134
4 249
67 63
145 36
26 25
191 238
144 110
160 16
174 23
198 80
9 154
60 260
160 257
135 284
223 15
243 85
104 259
286 62
228 10
153 38
146 93
230 220
116 2
31 231
64 31
285 234
122 80
53 124
107 246
299 35
135 17
105 238
151 295
140 258
67 233
70 175
113 36
258 92
181 123
192 36
16 2
268 42
63 4
84 82
9 124
84 195
185 26
67 263
279 160
258 93
147 101
203 209
104 51
23 113
231 39
121 141
207 124
112 122
34 82
277 1
175 45
284 106
191 175
287 179
13 211
115 135
232 47
73 143
61 162
46 121
209 257
150 67
94 9
105 3
225 74
151 128
229 77
169 153
10 45
233 260
54 284
150 75
203 201
0 59
130 99
283 79
75 260
186 76
17 7
105 30
206 172
104 132
289 42
208 186
64 65
157 4
196 236
64 71
60 216
27 50
216 110
20 122
39 297
263 23
94 171
70 43
89 9
178 272
206 259
295 61
106 155
226 156
261 195
62 83
278 15
63 180
132 250
95 57
79 268
257 28
31 14
295 272
37 132
154 73
38 157
62 263
266 212
90 54
107 96
69 282
80 9
213 1
71 209
51 1
122 85
101 161
77 152
278 70
70 2
96 16
123 155
113 203
121 227
155 215
276 140
194 140
227 184
161 118
26 25
65 33
227 141
136 114
289 30
168 129
174 67
43 22
274 33
172 19
203 294
133 105
80 282
168 196
22 60
35 201
155 260
107 137
82 243
256 19
128 12
163 286
202 169
140 115
67 74
126 148
98 67
222 83
81 21
188 224
17 284
234 66
153 41
179 208
96 299
75 248
100 287
269 76
32 210
170 48
25 129
86 41
268 27
228 257
126 210
51 179
24 245
13 182
23 141
174 123
144 222
230 94
80 167
256 275
34 188
117 161
76 230
1 40
273 117
189 60
230 9
67 154
165 283
55 185
118 127
26 51
175 8
239 64
291 111
203 22
21 140
197 240
164 180
285 72
171 240
133 223
11 107
122 4
34 288
112 120
19 172
199 140
201 249
208 163
98 242
46 95
193 217
199 267
144 80
135 281
252 143
221 253
56 16
280 97
247 199
197 99
276 221
24 280
105 33
265 19
45 199
290 136
272 169
220 166
256 101
118 213
53 9
177 81
75 85
213 89
282 217
19 44
189 116
294 56
110 133
135 63
121 54
61 296
151 195
11 202
216 98
294 240
98 274
62 131
166 142
267 260
92 210
156 250
40 221
266 161
68 184
79 92
271 88
246 235
195 280
82 269
248 262
173 134
27 76
286 252
189 85
194 247
121 30
58 152
56 187
192 124
68 127
71 220
186 253
151 272
58 93
125 73
226 262
147 128
100 242
104 39
133 174
34 73
245 246
194 158
108 24
100 197
269 65
272 182
201 209
36 247
113 97
166 205
146 155
289 88
200 40
32 80
143 182
260 166
16 216
221 100
31 145
109 230
96 4
247 5
176 148
168 284
144 30
160 212
114 175
167 168
223 266
102 6
92 226
277 195
90 220
205 185
293 292
169 207
268 211
212 160
58 245
190 80
266 4
155 46
95 237
11 187
29 299
52 200
262 94
253 80
37 247
60 45
227 272
245 179
163 297
207 232
223 87
54 52
151 13
52 232
22 238
106 122
269 19
102 34
217 198
47 97
113 199
203 125
173 228
17 85
139 266
190 155
52 236
115 82
127 85
97 220
62 198
121 29
114 103
18 105
184 274
141 294
293 269
177 44
117 184
257 80
131 69
188 192
175 32
59 248
231 196
161 200
93 237
277 247
248 198
236 247
21 257
224 134
11 92
94 106
116 145
279 209
241 286
266 268
148 197
84 279
37 100
241 37
176 244
147 165
37 11
132 52
19 137
280 182
103 296
283 233
3 291
77 108
200 165
185 162
190 133
86 40
292 229
224 27
14 150
7 244
89 78
169 54
11 32
242 70
286 119
153 101
117 58
256 103
134 1
83 184
246 28
299 60
261 241
161 21
246 217
1 11
107 287
257 89
45 115
29 98
216 257
136 188
142 41
276 54
234 213
1 33
22 2
177 272
244 25
182 45
88 145
134 279
6 31
218 82
93 184
106 132
260 270
262 237
117 165
96 211
218 25
41 167
292 66
245 247
201 97
298 77
265 280
125 49
272 109
236 175
177 5
128 234
135 81
191 222
125 288
284 240
147 71
27 35
254 111
69 246
265 140
156 42
80 112
55 121
17 265
6 119
45 289
236 221
7 88
26 153
159 234
137 26
215 66
58 168
208 103
8 203
259 269
51 278
84 57
264 169
20 155
107 216
192 254
114 34
233 284
267 52
278 264
0 172
254 7
106 34
74 253
294 43
269 177
137 155
57 188
294 116
59 102
190 210
289 261
271 42
202 234
234 81
63 136
238 35
87 220
182 141
124 239
72 228
99 140
177 190
169 46
10 11
120 95
181 169
111 108
298 102
277 116
112 20
127 256
94 282
170 193
137 199
181 269
272 263
55 63
298 179
298 38
145 299
106 216
61 143
15 204
18 64
174 133
283 204
145 232
245 180
250 148
29 118
184 0
230 249
94 66
280 42
138 181
32 293
30 185
181 136
277 0
263 150
99 280
95 105
270 61
103 55
211 288
81 172
284 79
163 19
283 201
12 39
161 144
172 211
106 245
221 82
46 41
19 153
108 268
144 273
268 149
190 7
275 61
163 87
216 27
238 275
293 188
32 150
33 159
262 247
190 202
278 6
279 151
297 230
157 84
277 155
101 178
51 225
190 163
228 26
17 214
51 64
105 111
246 98
286 12
132 118
201 5
85 4
20 88
237 124
27 106
266 10
245 24
34 261
13 253
40 276
80 199
157 18
38 80
14 130
26 11
218 213
242 128
70 125
259 28
23 33
0 139
193 117
137 134
196 83
297 107
24 233
258 61
158 70
101 87
159 32
72 61
249 247
281 169
167 48
229 122
259 277
179 169
167 280
214 211
103 73
249 83
9 91
86 172
284 38
283 105
152 247
147 109
46 203
59 118
287 150
282 295
100 209
141 34
218 252
126 127
225 52
173 260
91 148
196 11
35 185
143 201
212 220
260 136
213 179
147 83
285 294
109 178
38 177
282 111
29 278
276 43
220 173
103 227
250 144
188 103
107 76
81 74
275 237
48 141
289 155
70 126
225 275
211 170
97 143
160 253
71 57
298 172
165 123
194 124
14 63
152 27
244 69
19 149
92 275
171 252
46 218
178 149
267 120
250 69
22 254
10 127
232 74
137 277
110 99
175 10
287 231
178 86
170 36
288 49
214 106
62 40
116 133
175 176
244 26
63 268
116 198
39 117
236 36
63 280
263 214
271 294
27 180
27 256
202 267
74 163
160 83
179 103
126 289
86 3
26 22
280 168
160 45
51 52
27 51
294 147
20 165
180 111
64 118
140 77
202 182
269 92
152 15
208 25
285 278
276 192
161 7
133 192
50 286
23 65
291 253
58 273
22 158
43 235
207 78
245 215
283 2
200 187
229 44
58 68
128 196
203 282
107 188
4 162
40 219
228 19
159 61
212 43
25 203
159 104
189 262
7 284
18 130
288 4
7 82
35 200
250 290
170 203
1 165
31 256
223 28
123 273
200 98
264 244
69 226
20 107
162 255
132 248
124 279
130 148
107 66
212 179
45 167
5 45
48 10
54 184
24 133
298 183
108 145
218 148
283 270
154 295
238 24
17 11
213 15
170 187
91 241
181 298
201 112
263 247
57 294
41 281
288 233
259 151
234 295
179 122
157 239
74 279
53 251
113 43
89 181
149 36
91 228
25 187
235 175
123 221
182 244
92 164
152 15
216 127
81 139
295 106
108 12
140 67
284 197
269 246
93 18
145 32
92 8
3 86
195 265
51 78
179 41
37 171
180 160
267 78
41 163
109 181
231 136
80 17
128 109
297 72
119 79
23 0
148 211
188 2
290 128
219 53
55 2
109 103
290 72
224 149
266 93
60 172
246 24
130 2
72 123
212 75
217 87
282 298
288 205
184 77
160 14
124 78
131 247
230 41
174 273
37 140
243 52
232 297
180 125
139 182
220 55
6 41
244 277
236 18
117 82
115 219
99 223
209 154
257 148
27 200
91 4
238 166
106 71
142 174
103 16
29 289
10 191
226 110
201 197
182 194
108 152
69 247
127 16
173 271
206 150
218 159
256 133
16 128
7 166
72 199
30 127
15 145
202 8
264 225
54 264
156 146
234 17
42 79
147 280
120 273
162 24
190 56
49 101
238 270
101 212
298 294
270 145
209 226
70 38
99 244
285 173
298 71
296 198
79 161
222 209
58 82
30 167
73 110
218 188
282 257
236 163
156 34
205 252
121 22
64 5
180 48
297 139
0 178
161 166
196 101
4 54
96 292
126 77
249 86
288 210
23 72
45 246
152 234
213 103
283 122
206 52
168 298
78 41
217 263
50 195
55 24
286 156
83 255
155 54
199 99
229 204
211 68
254 242
75 294
109 285
17 155
26 252
276 219
81 295
56 131
284 263
263 78
179 95
276 165
106 239
97 86
91 33
255 257
128 204
142 123
166 263
45 106
175 201
217 168
18 296
294 40
70 180
6 201
171 241
120 73
65 210
80 15
278 115
239 282
32 250
43 142
278 136
33 240
48 211
70 281
159 137
55 245
23 180
69 78
30 146
194 191
24 231
193 223
237 77
259 281
212 146
87 291
231 152
73 148
83 218
128 274
139 13
205 157
22 9
73 206
13 72
70 272
289 127
58 236
16 58
118 21
282 144
17 239
235 204
72 27
256 58
80 131
220 254
9 122
196 291
171 206
72 139
277 56
62 112
25 37
41 259
76 207
192 162
124 230
286 224
146 239
8 218
183 5
200 229
297 211
32 226
14 243
43 208
97 52
122 293
191 140
59 156
51 163
8 175
211 32
238 149
66 96
142 230
90 273
265 189
79 216
133 184
194 150
73 120
198 95
263 260
17 209
71 31
290 58
10 250
208 120
233 26
29 159
43 39
93 266
18 274
11 173
256 59
28 43
32 84
8 59
165 256
270 83
210 138
76 23
210 35
72 168
206 91
147 109
226 166
139 76
170 234
155 91
63 137
208 99
203 247
31 7
226 134
135 108
16 147
269 194
272 146
205 195
53 63
288 237
53 198
6 7
237 45
90 119
166 74
196 289
169 137
122 123
35 44
130 46
238 95
156 1
122 116
146 105
69 272
105 55
108 291
243 16
99 24
65 125
260 112
233 236
66 220
253 187
208 17
208 191
230 124
64 52
13 144
98 115
38 239
234 253
141 88
236 187
223 38
288 146
278 189
234 227
101 230
87 24
72 75
168 67
44 137
116 36
261 107
222 236
192 196
132 110
185 105
134 6
233 6
83 148
21 49
181 70
138 13
293 294
144 38
245 125
299 189
141 30
62 146
63 134
208 287
81 250
33 283
227 64
284 193
115 228
38 151
224 173
239 206
146 281
143 204
298 139
45 78
215 179
294 74
6 230
153 197
148 190
242 203
50 70
86 218
254 71
150 253
254 274
108 243
127 223
21 223
248 191
151 89
229 152
271 2
159 64
6 258
21 262
253 18
21 238
42 270
222 124
36 61
219 280
14 0
47 209
249 5
250 234
67 260
103 99
247 88
249 257
92 244
116 254
273 228
136 75
43 283
122 264
100 36
226 51
259 268
252 93
240 51
275 83
3 225
244 129
99 218
138 216
55 50
229 280
161 219
2 153
219 101
30 73
1 24
78 215
161 287
152 26
199 13
260 59
198 266
259 242
204 269
127 202
83 297
157 204
150 163
167 78
120 186
76 108
226 64
120 5
52 62
160 109
171 41
194 217
113 201
22 2
104 283
285 177
230 42
49 233
18 152
53 297
130 242
159 280
13 146
14 165
56 119
241 245
116 209
76 148
63 111
65 101
87 271
173 17
165 171
60 101
143 87
171 181
275 277
101 212
217 245
156 257
192 63
197 1
21 290
4 56
84 73
194 106
174 54
75 159
10 57
289 182
173 18
15 147
228 6
171 277
182 278
193 251
1 169
179 222
277 43
159 125
244 170
42 36
193 195
123 183
84 56
20 224
279 62
292 261
119 229
263 249
134 78
191 190
222 184
22 194
92 34
3 266
251 47
190 186
83 246
266 42
222 78
108 216
76 152
256 131
75 98
257 86
174 280
293 269
91 83
252 0
279 29
296 83
128 176
230 98
39 178
139 283
136 59
294 181
198 56
32 133
143 121
192 227
88 114
4 69
24 8
178 185
157 203
185 227
83 185
229 48
85 231
144 58
150 131
125 173
120 118
273 148
210 258
252 248
87 251
217 32
127 55
92 66
159 255
142 234
145 33
40 155
223 298
219 191
216 185
269 158
146 204
22 85
297 284
133 8
166 38
214 268
22 121
166 65
281 272
20 33
83 193
67 194
298 13
292 184
139 84
38 31
38 48
0 278
36 258
125 217
206 30
237 11
50 275
279 272
106 161
190 181
79 142
37 267
57 159
236 168
120 1
13 214
261 94
168 67
217 180
203 240
211 276
254 7
187 171
245 109
84 182
194 58
171 282
286 170
97 191
42 70
97 145
164 59
133 145
8 168
230 175
171 241
242 114
24 93
31 38
52 273
246 262
210 44
93 232
223 284
161 143
249 291
224 13
193 75
149 215
224 76
197 39
96 262
85 271
81 229
222 149
122 193
124 279
290 142
73 206
167 256
144 268
139 112
69 249
131 273
297 176
19 274
236 52
281 243
113 97
77 122
226 9
230 83
45 94
142 102
112 85
136 235
132 252
39 31
240 15
156 282
267 286
270 291
227 106
275 115
211 172
93 199
27 237
24 209
59 269
65 21
161 118
116 261
272 110
195 146
54 288
154 174
228 249
266 202
24 146
71 90
287 272
299 204
118 158
234 113
275 209
271 233
188 31
177 166
105 223
185 167
276 107
270 151
25 65
185 53
134 281
70 10
225 222
86 130
16 298
222 64
120 121
117 52
107 116
105 87
141 136
137 99
237 196
68 28
126 189
118 261
105 136
59 299
27 158
82 39
129 102
160 292
226 219
255 40
249 167
193 105
235 151
229 261
51 47
218 150
113 87
168 83
213 261
276 183
250 214
90 69
32 203
47 34
139 187
205 116
4 199
79 56
63 130
71 205
187 208
36 260
193 9
144 100
134 67
178 238
94 28
56 62
178 265
1 220
16 258
54 45
220 226
234 24
188 274
49 82
60 35
116 194
58 221
201 241
162 129
274 161
215 12
25 235
7 227
32 17
115 25
151 114
261 201
149 7
118 247
96 54
81 80
158 101
253 10
185 136
229 268
208 191
66 48
255 163
69 211
230 238
81 102
89 109
266 168
73 235
12 196
278 250
190 89
159 257
29 167
73 217
272 13
21 129
231 125
179 135
211 272
280 99
44 167
37 52
170 279
229 276
267 277
107 175
275 179
80 86
138 187
126 4
92 165
78 177
225 50
126 253
100 290
145 219
122 254
91 150
53 131
48 89
135 297
165 52
15 275
250 258
86 260
271 287
6 253
205 101
262 187
180 234
106 230
197 299
237 185
96 211
151 256
226 200
224 178
268 144
27 155
32 91
185 136
120 50
7 257
74 261
49 204
120 188
160 164
112 208
89 40
241 146
235 124
195 145
92 72
72 113
43 128
212 122
266 203
277 211
278 23
188 175
14 110
188 61
167 29
25 72
268 59
95 217
118 109
167 28
101 186
267 147
230 186
225 231
107 285
232 9
93 234
266 53
271 57
198 158
68 60
50 99
38 279
245 276
79 289
147 243
1 104
19 197
213 83
204 243
37 298
145 59
111 49
37 252
292 121
106 237
132 97
80 107
20 225
139 105
39 123
157 20
57 148
200 169
74 40
201 40
96 191
58 230
169 126
197 204
23 154
249 213
175 72
264 254
226 244
257 236
14 31
156 77
33 137
153 268
34 88
34 104
90 293
213 54
68 222
288 111
226 206
8 58
271 233
101 18
14 70
19 89
113 199
125 201
151 46
17 99
41 78
25 169
20 267
297 184
177 96
21 260
13 105
190 86
166 142
275 285
193 72
195 48
147 15
130 274
82 271
60 61
57 54
287 0
274 126
134 154
72 273
93 91
48 82
218 214
65 235
234 37
96 31
220 280
31 295
239 181
19 38
93 187
61 288
174 237
57 215
159 110
93 99
230 108
258 149
213 142
107 203
98 175
28 41
56 241
228 83
36 29
87 134
231 295
148 206
166 275
271 237
268 189
239 165
42 146
12 120
12 110
51 3
282 185
237 238
207 134
108 250
145 228
113 81
200 251
262 155
294 161
293 253
64 198
105 163
120 104
130 52
103 130
30 159
288 238
144 145
147 146
290 258
197 159
53 47
51 57
56 61
202 165
45 298
254 233
1 129
275 188
74 162
12 261
149 153
27 45
51 283
192 77
97 65
259 186
153 229
149 283
29 213
54 80
162 230
263 144
145 248
99 22
21 86
166 275
208 287
52 130
254 199
101 287
152 60
168 278
284 175
220 224
253 244
153 68
127 236
23 132
141 43
18 42
133 207
261 78
137 126
188 11
188 47
236 145
247 289
210 88
5 161
271 78
221 288
1 298
37 245
80 105
238 122
266 180
113 163
102 291
84 110
179 165
114 276
206 240
36 153
153 20
199 29
277 10
66 255
178 67
107 128
272 58
30 239
277 207
149 43
237 186
178 74
290 51
132 23
186 239
274 291
108 143
22 207
134 104
136 170
196 80
191 254
164 193
56 208
0 19
245 117
227 13
74 33
8 28
33 289
296 141
80 247
200 198
21 169
150 7
102 109
235 257
99 67
233 152
20 152
288 219
60 299
242 189
178 243
95 14
297 19
226 28
269 119
210 260
76 16
102 219
177 141
193 162
261 252
102 101
277 39
263 102
154 277
154 297
44 202
167 259
138 237
31 219
275 13
175 85
94 22
209 226
173 31
144 193
5 270
169 144
74 78
158 213
189 214
54 75
181 167
27 240
219 266
128 263
75 251
104 260
287 50
189 150
26 120
158 166
46 24
57 212
234 134
156 13
5 19
61 221
63 263
94 103
70 293
183 269
187 85
247 9
175 11
131 251
1 299
152 214
141 133
124 261
147 295
205 5
218 5
136 175
166 19
186 110
259 233
255 293
245 168
13 121
268 193
114 260
9 266
282 299
57 45
71 101
109 233
163 52
215 80
90 169
276 111
190 278
227 75
175 78
191 95
125 120
35 207
98 253
157 133
190 223
69 124
205 196
124 277
248 67
167 70
277 100
88 56
255 69
205 299
108 57
0 114
183 250
151 241
102 180
224 0
135 152
222 19
126 266
234 298
247 205
50 110
89 289
5 64
1 176
248 54
200 10
71 11
99 246
200 218
191 86
290 131
297 10
65 14
29 238
27 226
174 191
109 157
195 123
266 272
238 170
254 80
231 250
180 113
21 270
78 65
219 295
199 173
211 45
245 62
280 91
24 174
178 39
269 285
7 231
11 170
277 226
179 32
237 155
283 64
103 215
135 269
81 264
29 243
126 261
94 44
210 175
43 212
132 78
277 220
266 25
118 65
261 268
71 83
11 52
214 197
54 239
15 291
175 274
107 57
173 148
11 210
148 193
294 35
103 25
90 182
231 185
243 112
184 61
10 259
86 11
11 177
88 1
217 18
240 118
46 39
22 94
238 254
27 112
203 249
34 228
284 297
181 124
16 278
278 4
38 135
187 297
67 68
252 172
140 292
207 192
87 151
271 244
282 66
126 117
138 234
83 155
260 291
18 10
26 137
264 155
31 20
32 258
89 148
291 100
285 242
237 277
66 189
68 297
16 32
286 33
119 85
221 290
67 292
137 218
235 41
60 83
245 182
294 128
153 65
135 127
107 81
276 80
190 211
193 250
139 150
278 217
238 55
209 164
68 79
82 236
75 196
151 299
99 142
289 60
259 27
42 281
202 234
130 107
119 89
74 143
202 141
154 153
80 58
34 123
156 250
274 171
266 3
182 0
28 66
18 278
33 0
150 237
187 77
62 29
118 50
249 180
132 2
197 142
248 28
37 251
113 92
77 126
32 193
231 225
86 102
43 52
73 176
20 29
16 198
31 256
171 293
193 162
94 164
270 143
268 236
24 82
159 245
71 166
228 222
246 32
236 148
202 215
268 231
289 75
84 36
226 64
200 170
169 70
140 257
77 175
110 257
258 193
39 83
17 130
230 249
27 8
189 219
144 74
270 33
299 158
215 204
179 206
69 90
287 269
1 266
64 108
255 164
182 246
134 0
73 56
224 208
174 113
111 8
237 56
32 213
137 152
215 299
287 258
224 55
38 145
27 32
212 190
101 69
43 18
168 65
235 291
214 25
115 130
90 190
213 172
134 181
123 121
157 73
14 192
144 151
161 12
71 34
274 45
35 60
175 164
221 183
113 74
57 111
75 129
101 139
123 149
239 130
52 142
177 2
296 49
37 195
33 34
181 117
160 105
274 260
57 161
62 267
102 85
23 233
50 2
116 171
293 241
131 149
44 147
24 105
73 74
220 84
180 257
106 270
231 285
109 242
109 154
290 249
123 72
97 255
219 119
46 202
61 293
120 68
156 51
276 114
199 154
173 283
126 271
218 278
103 224
54 159
270 292
148 276
169 140
162 210
13 143
238 156
85 289
131 192
43 61
4 25
132 50
114 102
249 57
85 31
24 275
56 169
238 141
171 194
65 161
163 92
250 277
122 30
232 282
123 224
257 4
117 125
225 48
203 18
66 31
241 183
164 272
268 265
271 209
125 246
108 254
62 86
116 229
264 57
246 25
230 52
135 20
17 91
196 145
31 172
229 216
66 231
149 266
293 177
151 216
202 261
266 203
7 0
109 199
131 112
26 286
199 89
75 181
47 118
228 123
40 215
218 264
275 137
76 250
139 125
223 3
82 289
110 162
270 23
134 225
263 208
49 111
86 237
34 182
190 69
173 171
50 210
298 191
126 133
50 103
183 242
23 129
102 72
261 34
281 198
187 235
199 59
222 178
243 195
201 94
71 167
119 85
37 274
102 32
252 49
101 263
15 149
185 250
296 232
203 287
161 190
7 210
217 20
242 171
241 30
93 158
73 275
61 248
270 222
125 69
99 68
69 277
54 295
83 179
212 66
270 2
137 178
31 4
112 272
120 38
37 125
183 0
125 136
139 17
62 26
202 100
273 238
155 195
267 63
60 104
181 228
154 230
55 178
31 230
201 171
53 289
267 82
173 28
79 76
87 137
1 107
154 254
92 107
30 22
70 105
35 256
159 164
269 43
264 285
172 89
279 135
3 284
213 23
150 171
77 170
162 87
135 225
260 145
230 160
53 149
180 172
120 130
230 97
103 39
216 118
159 212
274 138
175 239
278 221
111 246
95 215
288 259
200 117
157 206
179 20
265 46
151 210
89 129
195 206
68 53
75 95
216 181
281 95
229 249
217 35
141 1
7 259
299 226
132 16
238 25
85 251
290 49
11 206
83 91
3 261
245 180
33 141
250 291
92 39
215 239
281 257
229 254
263 276
292 193
246 288
67 125
32 123
298 137
254 283
97 66
163 259
160 61
276 208
24 215
299 101
215 72
164 235
211 223
87 251
251 36
133 58
172 217
68 262
256 143
195 151
146 290
9 148
200 144
102 225
154 164
184 178
254 155
21 48
93 51
269 41
79 91
127 116
176 117
23 205
58 111
225 156
29 244
156 142
243 65
198 163
122 142
20 76
163 52
6 292
129 297
281 251
173 28
80 280
24 40
253 246
252 1
146 43
299 82
19 176
164 202
85 69
239 16
218 88
129 165
23 123
280 298
72 107
212 241
37 69
136 238
205 256
68 94
42 179
230 255
51 81
214 299
98 42
245 156
16 174
94 46
121 16
168 217
221 25
144 59
125 236
177 194
158 235
267 121
110 63
34 164
159 264
252 2
294 288
85 86
122 144
242 5
238 280
296 283
136 94
51 276
82 266
133 29
4 241
295 243
218 137
111 198
47 227
289 186
143 294
235 39
220 46
244 103
273 280
235 103
97 257
139 258
206 259
82 117
263 68
134 138
284 254
82 267
123 295
143 57
236 207
103 111
192 247
2 133
6 82
171 195
161 266
200 222
6 144
208 168
188 26
166 253
92 221
57 275
229 201
176 212
103 261
130 214
291 211
25 153
129 11
108 229
245 109
0 205
40 84
18 1
256 229
274 1
69 259
103 251
249 116
80 196
98 237
139 145
134 210
201 179
102 68
281 218
295 299
191 103
43 209
71 292
16 130
118 264
128 27
273 32
234 161
131 251
196 0
102 223
232 16
246 178
295 17
0 172
23 19
161 57
167 95
15 294
294 249
157 168
71 179
140 182
19 233
236 195
217 226
94 38
267 286
106 250
159 103
119 102
150 155
135 174
49 64
93 295
148 164
235 255
136 159
226 4
229 96
70 152
225 211
296 232
52 238
138 116
177 31
45 111
134 206
102 100
287 112
245 184
264 274
189 106
53 89
111 72
224 176
2 299
70 91
160 250
95 158
167 27
96 181
265 3
223 121
295 257
47 213
129 114
274 90
79 144
170 29
194 111
214 222
171 170
85 75
128 29
102 246
187 53
296 46
37 53
207 297
152 133
149 254
243 141
261 150
170 281
139 120
57 231
50 98
160 136
102 3
280 62
230 286
217 149
120 76
33 285
187 262
163 229
24 128
84 9
139 110
186 180
225 112
216 141
89 235
20 6
133 205
85 50
249 186
278 136
283 70
212 132
258 224
56 234
58 177
17 265
287 252
9 146
271 152
19 41
227 289
169 258
95 253
92 10
204 174
51 80
6 74
149 99
173 237
135 76
67 89
57 279
21 33
86 234
246 218
26 170
216 123
152 140
36 141
184 286
10 81
236 131
110 246
242 260
250 42
41 222
161 285
54 166
48 295
297 174
77 26
87 141
89 293
113 200
295 118
191 181
34 290
50 120
12 160
183 191
23 36
161 265
188 137
215 35
19 112
210 253
258 122
256 202
240 79
22 238
256 295
169 196
50 212
155 169
108 46
74 236
196 249
28 119
124 128
3 9
141 65
176 162
178 204
259 160
199 27
259 263
239 19
298 286
157 147
145 210
229 245
181 197
257 5
176 101
81 245
74 205
147 219
33 43
247 119
12 59
74 137
290 13
22 191
135 283
258 15
6 4
95 173
66 78
182 224
62 31
297 50
2 197
273 90
180 27
271 185
83 17
153 265
210 148
180 292
88 67
176 124
250 57
69 228
65 133
220 247
279 100
114 12
215 95
110 255
254 101
38 33
109 177
209 217
131 102
192 173
172 299
7 145
120 84
27 59
216 191
277 81
172 24
121 239
129 1
127 260
77 270
59 186
203 133
209 39
16 165
19 28
248 194
212 58
227 11
206 196
68 271
219 281
160 32
193 157
222 162
99 154
75 192
193 16
93 36
94 124
208 115
172 137
264 257
176 80
262 255
148 194
249 3
236 146
27 110
29 138
261 37
99 294
271 242
109 2
118 155
41 176
157 0
168 200
160 22
205 132
176 274
119 281
259 161
243 1
123 16
255 5
193 135
221 106
124 11
21 156
96 47
165 29
180 76
279 20
37 140
46 3
9 275
266 5
268 53
288 230
97 90
253 14
153 99
278 226
289 18
224 177
200 233
3 119
251 86
40 43
45 163
151 109
280 145
223 93
167 62
24 130
193 188
139 174
143 163
257 279
243 32
4 281
17 36
43 244
53 236
7 105
146 214
195 11
225 52
116 217
56 37
262 145
33 78
75 154
149 274
126 138
229 239
237 7
221 286
220 172
130 43
207 188
280 240
265 117
136 293
165 90
218 212
213 135
170 18
275 219
86 253
239 1
154 128
186 235
222 45
160 189
288 27
29 246
200 155
64 204
195 280
261 127
114 153
10 291
290 205
218 189
262 125
125 166
219 244
9 295
283 58
127 238
284 294
86 219
293 243
178 258
62 93
189 39
272 249
245 14
102 20
212 163
17 96
95 57
119 18
187 209
143 24
230 44
279 163
29 281
196 96
112 134
103 142
17 61
220 129
239 71
200 83
0 159
193 296
149 262
144 247
278 237
170 131
143 274
175 226
295 245
193 20
157 181
51 9
55 64
92 267
194 142
44 101
86 201
155 242
5 295
245 105
209 226
192 55
29 34
147 238
210 105
143 245
44 277
267 114
143 132
190 87
67 36
207 17
154 142
104 279
49 182
246 92
272 158
97 155
283 181
202 199
191 215
41 245
41 263
111 46
230 238
287 211
299 111
181 25
106 259
98 253
93 234
277 73
80 180
64 263
54 8
222 124
205 102
162 271
118 36
116 271
265 125
262 16
145 279
108 275
157 82
114 48
155 80
264 227
106 42
172 10
133 261
2 154
13 23
198 72
85 174
252 262
145 129
143 134
95 222
181 175
56 292
14 15
56 25
147 105
79 204
11 290
98 183
179 20
159 54
235 294
173 220
163 81
30 87
262 51
114 165
140 179
269 172
216 229
190 247
180 206
148 84
175 246
270 208
149 63
70 203
81 14
68 26
184 141
243 278
122 195
248 116
8 249
253 283
276 154
81 92
85 42
188 204
272 97
124 39
151 68
270 232
15 13
155 88
144 86
215 213
130 58
85 64
153 253
144 196
139 159
55 270
100 140
166 263
170 80
128 200
209 189
213 165
221 218
244 60
227 113
218 117
168 195
178 198
8 22
57 170
118 75
156 73
53 204
74 235
49 65
161 295
216 27
270 58
261 89
227 111
143 283
95 193
221 77
176 13
13 230
193 25
201 138
87 108
238 98
173 5
87 219
201 256
260 253
6 281
187 228
141 174
224 127
113 236
274 127
173 40
224 236
189 274
215 295
175 248
146 81
161 26
49 249
6 86
40 27
111 126
290 286
200 72
66 234
219 116
141 30
232 0
11 223
111 266
242 267
248 251
1 3
139 182
207 242
237 223
77 146
191 138
224 206
172 148
246 173
229 196
216 75
117 55
49 277
209 220
170 115
99 283
20 292
16 273
142 179
185 270
97 210
0 31
200 201
1 189
269 25
13 114
57 132
12 93
45 284
58 131
105 141
26 0
289 190
244 206
13 288
111 5
89 217
166 97
19 65
35 175
75 59
252 115
82 230
199 78
248 262
53 288
207 103
295 217
17 229
96 152
112 144
19 72
131 29
80 52
201 260
50 240
83 292
209 118
284 157
295 143
5 177
204 193
139 181
86 114
192 135
43 266
139 99
289 137
72 61
205 293
88 59
12 4
220 109
100 169
15 256
31 16
237 0
247 107
55 184
276 188
157 120
180 185
141 280
231 240
249 211
161 79
291 211
152 198
274 201
15 156
112 73
271 242
234 162
140 117
149 157
118 50
125 164
213 47
130 111
123 177
138 97
151 44
42 136
244 29
104 153
253 144
194 230
219 254
40 145
0 5
293 48
259 184
262 166
203 96
293 34
210 279
60 199
237 289
135 62
292 229
236 275
291 109
40 214
110 150
91 247
189 186
295 117
59 106
150 43
275 179
123 288
187 128
1 91
100 294
233 240
83 137
65 1
158 279
92 69
10 282
78 275
134 138
102 137
36 256
153 23
241 256
173 137
35 110
229 11
71 23
89 229
248 30
81 292
45 44
31 215
66 125
233 180
25 165
26 256
158 36
35 70
97 287
122 138
291 109
214 241
208 266
114 71
244 48
69 217
28 85
179 239
285 122
159 43
242 298
106 214
129 136
135 181
269 85
10 220
20 240
195 239
137 125
103 294
144 86
184 17
34 164
207 38
48 144
205 212
70 170
86 107
63 101
15 179
198 200
144 0
120 283
15 53
42 120
270 10
56 19
145 19
211 166
291 53
261 13
267 92
25 126
210 95
80 85
102 120
252 141
47 73
167 53
297 294
251 235
234 47
126 98
74 225
247 39
2 173
279 294
179 72
298 133
202 129
286 75
29 71
91 135
275 210
12 275
253 67
5 249
37 47
20 29
18 254
260 175
24 278
95 92
247 143
99 40
266 129
188 90
150 113
219 166
39 164
162 104
102 183
114 14
218 83
223 149
232 251
165 228
295 35
292 140
55 257
189 173
15 64
249 190
125 264
116 114
123 40
82 273
83 135
298 139
220 235
145 296
22 117
161 224
281 261
218 120
160 54
210 46
42 118
64 126
56 244
195 105
172 45
198 274
272 30
235 288
200 235
233 274
250 151
257 15
86 203
42 274
212 215
148 133
1 117
73 214
271 8
6 146
138 111
68 25
256 245
273 231
15 200
25 162
136 259
10 44
1 183
297 289
227 190
49 205
138 187
239 173
174 178
294 189
78 53
65 219
191 289
232 210
174 98
151 278
111 19
164 270
18 282
274 38
218 46
273 67
62 163
197 288
266 92
232 134
4 240
260 149
111 287
59 0
145 242
138 73
84 94
187 64
27 270
83 268
74 149
92 106
34 60
116 234
6 156
210 181
254 61
110 242
224 182
299 262
15 118
292 92
31 290
279 139
126 238
12 21
154 110
194 170
298 249
258 22
179 274
26 71
41 213
159 218
124 179
204 226
296 76
219 291
148 184
40 108
10 229
38 246
155 131
197 257
78 16
235 12
179 259
256 29
130 194
289 120
255 244
78 105
73 292
98 39
13 85
209 276
194 222
185 203
57 283
170 7
89 29
93 256
38 90
84 129
103 214
34 81
112 38
30 195
185 73
140 24
217 5
90 235
188 222
164 86
81 265
237 209
94 63
150 271
89 271
84 194
155 217
284 99
204 140
28 195
213 125
11 97
237 284
89 145
271 284
261 204
114 200
295 85
260 23
8 51
250 65
214 247
233 175
135 72
124 55
229 63
94 100
33 191
29 105
205 74
285 161
41 27
107 293
298 90
187 105
280 262
44 217
198 234
116 39
85 114
188 187
182 145
54 286
268 29
100 229
273 267
18 74
237 85
70 287
152 149
219 261
256 98
11 241
295 194
58 60
165 194
27 168
225 239
288 252
91 191
208 290
102 211
0 92
151 7
163 4
131 126
260 53
189 92
5 149
76 297
41 187
131 233
212 89
16 120
150 161
162 269
102 114
155 230
118 111
152 168
54 231
272 283
57 259
137 59
282 209
277 97
107 169
109 91
296 233
193 171
238 207
228 149
286 212
123 262
158 122
263 37
257 166
214 127
146 210
57 7
174 231
273 270
181 184
89 97
67 155
181 147
158 229
69 299
106 188
167 138
60 240
135 257
18 169
239 11
212 177
272 39
99 261
178 268
180 89
39 28
186 54
123 105
13 263
228 259
234 150
47 4
88 43
247 0
102 63
6 27
24 178
197 260
179 140
154 230
221 170
57 277
164 214
198 159
279 175
195 209
26 192
110 283
283 71
249 141
54 114
165 109
17 5
207 281
51 261
271 165
105 122
269 167
79 269
210 299
254 6
149 291
286 217
137 256
103 151
163 165
101 230
107 130
194 11
14 96
242 25
233 151
186 146
238 190
207 19
120 69
204 90
249 235
1 45
154 144
137 193
47 235
14 95
239 191
200 76
292 196
7 257
68 50
265 248
288 71
118 70
217 216
258 284
100 9
255 212
282 264
220 138
4 199
203 88
275 163
99 253
159 69
83 234
75 291
282 215
242 225
135 89
292 77
155 48
134 80
47 88
29 103
168 90
182 164
38 170
33 210
74 176
184 155
146 53
224 116
125 22
287 237
90 65
124 215
119 53
241 14
157 216
53 291
56 221
202 112
38 124
241 84
80 195
187 95
147 15
54 88
215 15
141 149
224 129
156 68
125 78
121 55
43 101
225 58
211 86
128 63
137 3
66 72
104 283
186 72
1 22
1 56
15 185
101 35
8 212
228 181
187 219
267 99
205 270
220 96
5 280
176 218
67 172
275 104
30 33
289 229
151 80
146 6
176 31
1 20
16 8
189 109
8 170
0 9
218 283
235 40
187 229
255 83
11 4
25 265
120 283
193 133
182 224
105 285
45 186
232 42
172 109
71 284
83 232
94 283
17 93
6 1
0 220
181 139
1 0
57 103
267 114
267 215
190 236
159 294
239 65
31 117
205 67
66 223
109 83
102 262
207 26
100 79
229 106
144 270
74 92
240 76
269 194
192 110
130 21
69 81
121 161
217 192
265 56
190 186
121 190
100 185
96 151
296 68
151 80
116 43
223 205
44 143
229 219
151 204
284 41
269 92
298 39
26 174
78 55
25 114
253 176
266 211
103 122
56 292
260 14
144 38
289 233
250 160
192 132
99 98
231 104
3 146
198 272
164 1
185 255
138 230
148 115
254 72
28 116
253 194
93 260
189 73
176 42
276 23
77 289
13 8
108 245
186 128
55 165
195 21
257 145
242 98
294 273
66 192
69 76
195 0
43 135
190 216
55 5
103 108
225 284
80 60
289 189
267 66
262 178
270 119
226 98
19 69
241 112
115 270
58 223
252 54
146 205
256 153
84 211
211 233
48 70
245 104
178 84
97 108
148 257
180 291
33 282
214 48
135 104
15 299
168 123
150 215
37 202
146 26
247 298
36 135
299 239
271 73
39 164
234 197
75 250
25 227
85 87
39 191
236 254
253 259
186 79
168 148
228 242
172 10
39 139
259 263
174 123
31 236
161 283
24 115
191 288
42 65
202 171
28 245
264 184
170 237
163 296
66 219
82 201
218 235
246 259
101 87
182 228
136 4
90 234
196 35
288 243
275 196
29 26
106 282
283 270
22 79
212 165
15 84
162 96
147 266
53 91
23 50
73 41
102 31
156 127
178 232
114 157
106 41
263 95
172 15
30 115
8 270
6 212
274 48
90 120
86 247
206 148
253 295
139 162
84 47
95 94
110 241
169 224
200 6
148 298
63 201
157 184
277 123
61 266
233 9
165 244
252 202
24 269
227 114
225 1
245 111
95 232
151 59
266 268
244 195
179 161
22 174
199 255
103 277
190 161
201 218
163 249
277 40
47 222
218 128
277 57
160 86
293 298
138 299
265 261
186 255
30 274
179 264
199 87
170 165
45 163
282 289
250 270
233 141
103 231
212 284
62 242
55 6
100 134
176 27
176 56
197 65
3 178
298 12
20 197
147 236
119 231
132 297
12 233
130 39
21 34
40 187
86 30
144 118
82 24
200 195
79 274
0 115
261 53
2 272
136 126
4 52
72 218
82 71
166 284
140 228
28 146
17 178
70 95
155 176
284 288
9 50
115 84
160 147
188 3
241 152
241 116
268 169
134 290
66 173
290 62
151 173
84 198
16 32
171 271
232 263
157 105
1 261
158 135
243 47
289 44
44 49
207 167
130 176
80 132
151 31
239 130
115 250
67 54
200 137
297 76
68 287
188 13
108 204
26 122
249 190
288 215
162 28
158 261
228 158
10 236
37 262
192 52
125 116
207 76
159 19
49 133
170 242
137 154
150 163
86 83
195 70
118 33
299 293
219 147
173 43
37 116
62 3
194 286
66 132
172 164
164 24
181 199
177 172
271 43
211 178
221 175
101 217
153 146
182 217
78 158
71 67
273 220
297 276
240 47
30 137
215 94
43 45
204 107
89 170
55 177
58 94
15 163
281 54
22 226
102 8
140 298
226 144
181 257
82 85
270 4
232 239
61 267
59 3
295 193
270 81
143 50
74 132
86 230
77 99
1 224
16 50
219 88
138 54
181 95
83 101
28 178
288 109
231 61
242 108
0 195
68 115
207 173
160 79
168 169
155 143
180 217
150 62
121 178
137 101
277 86
156 243
108 17
138 114
269 279
233 86
64 209
243 182
54 105
229 179
77 50
24 138
269 1
16 158
96 257
209 170
286 23
225 122
290 37
179 80
206 253
62 158
38 54
293 232
140 31
201 244
73 162
147 80
237 7
284 74
239 240
120 3
39 251
161 212
67 125
258 63
150 222
259 34
262 38
201 249
41 120
30 20
287 182
160 36
91 101
142 133
146 55
271 64
285 5
94 12
112 198
278 33
242 0
55 183
185 43
60 40
256 117
45 83
198 62
205 42
191 73
182 242
198 50
229 135
265 78
243 143
136 61
69 13
121 93
122 148
256 10
251 218
135 96
273 266
80 214
170 218
220 244
44 2
57 130
29 43
43 149
83 54
262 74
57 258
184 55
201 35
121 265
195 266
44 267
127 183
299 149
8 268
282 112
264 39
259 35
10 7
79 231
131 183
193 103
166 175
179 155
38 249
170 78
263 266
290 48
134 56
278 142
201 160
62 184
245 73
50 179
271 91
216 117
8 9
176 111
69 204
41 136
135 42
101 63
175 69
267 73
18 162
146 37
68 153
179 142
232 185
281 117
161 243
183 173
53 248
278 97
226 144
225 229
226 243
146 41
234 72
157 86
225 122
180 185
233 122
161 44
181 9
26 291
202 222
111 164
79 161
145 214
167 231
15 54
224 218
11 253
63 57
135 51
258 97
217 57
121 171
258 50
140 91
147 49
160 59
249 287
254 22
77 160
44 106
72 202
242 27
186 187
139 0
38 148
116 225
263 12
157 175
29 201
256 242
142 25
101 58
142 246
4 245
255 126
122 146
125 20
214 96
64 49
223 172
42 284
9 294
43 14
91 169
292 215
265 52
272 42
69 298
190 289
178 244
92 4
182 160
100 24
250 57
65 16
44 27
299 93
102 280
221 203
78 49
49 132
92 76
236 35
164 48
72 275
224 4
271 197
112 249
239 165
188 209
261 255
94 10
205 129
175 90
151 133
213 110
149 77
136 199
255 84
288 12
159 121
41 298
32 156
8 45
197 255
13 212
143 285
205 190
44 297
133 232
288 44
227 103
177 269
241 26
25 192
219 118
28 221
247 292
225 211
132 288
236 201
130 115
163 292
248 65
249 299
227 75
175 6
119 60
146 276
78 130
0 114
121 110
3 176
190 232
94 232
295 196
197 59
7 198
73 242
166 257
150 106
295 64
92 279
189 243
161 193
67 171
194 249
19 262
272 285
32 297
49 44
134 44
108 127
180 23
245 63
85 221
14 105
214 284
89 16
250 84
42 281
65 8
279 183
289 269
22 29
251 36
229 99
124 237
68 28
75 174
8 155
147 209
124 126
131 170
228 60
173 254
199 264
284 276
165 8
260 76
82 236
41 270
202 137
126 160
7 28
56 130
26 93
250 283
203 200
132 45
183 25
168 157
69 169
59 239
61 84
139 256
24 89
272 205
235 38
234 84
154 169
183 241
108 292
236 45
204 111
90 80
241 281
144 192
207 113
143 279
288 99
43 120
6 126
249 159
272 203
171 125
138 99
135 54
65 37
190 254
183 290
98 64
132 148
226 261
144 108
146 294
5 170
146 37
61 85
57 184
1 198
21 118
14 12
2 26
133 210
133 50
180 251
140 175
296 129
185 133
51 52
157 210
119 210
223 148
38 90
7 144
258 15
231 173
215 51
268 34
186 204
294 162
57 224
98 72
122 197
22 6
87 152
33 287
106 93
35 87
160 261
229 79
55 72
168 280
123 169
168 121
209 82
257 258
120 189
119 54
133 219
37 89
210 93
88 21
62 125
119 277
220 52
187 291
164 209
203 226
207 247
39 147
182 134
134 161
181 192
162 197
4 27
233 238
75 40
47 157
73 108
22 284
32 144
70 112
116 52
14 266
139 220
52 16
133 137
58 40
260 161
7 124
156 32
272 112
138 61
61 65
25 112
194 199
134 230
167 296
110 131
292 51
157 230
17 148
152 26
92 84
135 92
226 194
288 149
247 120
17 116
60 115
281 39
235 229
272 208
277 188
223 61
93 77
16 295
220 244
30 149
97 203
214 223
130 232
222 112
106 22
166 205
128 273
58 180
186 241
263 135
78 17
5 125
98 142
129 86
126 287
48 77
6 233
180 196
172 202
26 16
13 7
7 80
35 181
244 5
276 116
173 230
150 55
67 257
264 224
0 4
5 99
138 210
222 16
68 53
26 87
103 227
198 294
230 275
159 22
104 31
6 144
32 237
179 97
9 22
215 231
160 296
250 221
203 199
278 219
275 8
282 173
241 263
219 21
105 17
162 177
157 113
147 134
86 237
171 214
253 11
47 223
129 31
284 51
108 20
198 222
99 67
41 54
63 94
222 197
42 184
259 175
191 3
128 68
265 177
160 291
68 205
249 23
10 270
206 259
137 14
34 108
84 41
224 160
126 76
1 275
236 171
65 169
2 4
23 93
29 43
98 8
215 293
205 281
76 260
215 287
18 290
181 283
182 218
125 77
64 101
152 149
204 73
9 2
284 229
116 228
101 199
49 151
251 154
245 219
255 91
249 170
84 121
13 25
257 36
242 4
105 91
35 284
58 254
2 130
151 98
12 3
299 246
63 61
197 101
269 143
293 110
152 126
143 293
204 249
147 287
119 47
49 42
230 149
286 296
88 62
1 64
141 273
254 69
78 293
120 171
129 146
205 41
77 34
297 298
42 293
127 171
299 60
120 204
37 232
65 35
159 130
161 103
293 243
39 212
209 170
211 76
0 147
278 77
149 283
285 141
248 211
130 236
296 31
272 199
111 127
264 289
18 281
274 219
113 1
48 227
135 14
280 271
272 273
123 203
271 168
27 127
171 34
123 154
68 98
103 205
284 272
168 157
60 56
277 275
212 210
113 274
90 70
103 30
48 80
80 97
190 153
238 292
241 173
194 126
76 278
242 50
16 183
230 216
94 289
129 286
125 178
54 92
231 67
193 274
154 233
291 2
36 65
261 283
296 114
204 42
203 220
252 272
48 192
52 189
262 188
82 289
105 234
65 77
153 230
18 130
56 19
89 88
283 46
230 204
204 202
249 180
191 76
216 264
11 5
151 106
33 48
8 134
123 129
43 148
124 282
236 48
257 93
151 145
293 6
275 67
39 216
202 225
142 75
168 1
57 54
19 261
241 203
47 242
280 22
259 34
253 269
125 162
222 135
277 48
299 61
165 187
123 186
86 273
253 121
108 287
272 179
28 162
242 8
207 26
170 291
101 271
54 243
68 169
222 48
259 164
191 220
45 253
267 247
71 267
9 174
22 141
218 59
110 148
246 95
118 173
21 58
94 173
29 172
83 78
203 263
254 125
251 164
154 43
137 224
268 211
145 235
174 295
209 107
13 72
171 106
230 270
253 286
31 51
295 76
108 190
289 204
34 173
152 269
148 216
162 95
5 139
33 236
12 261
251 66
236 169
2 103
151 211
129 102
5 29
126 155
91 3
137 259
98 11
126 188
66 294
138 103
112 142
289 256
232 281
244 260
57 46
165 15
276 111
199 156
145 26
190 30
5 86
7 115
255 93
203 98
289 100
25 47
160 71
202 170
145 234
52 283
134 66
48 95
181 156
50 134
70 243
149 202
110 208
110 271
228 54
28 277
254 282
76 215
0 238
98 277
40 36
13 85
32 100
84 146
149 49
15 225
275 268
243 38
76 126
283 284
272 248
25 50
66 57
92 157
206 269
233 119
199 220
58 77
56 12
19 257
104 253
13 288
17 215
293 89
114 264
188 285
41 190
90 217
287 95
57 146
108 276
167 34
7 92
105 25
30 198
284 262
105 181
219 232
213 286
169 172
21 274
177 242
273 233
48 296
257 273
78 77
42 175
222 149
19 227
260 258
164 43
146 68
113 212
38 258
82 144
298 288
237 182
283 146
276 177
21 42
162 283
181 148
189 193
48 72
295 274
54 60
71 165
141 54
134 157
172 53
40 238
81 136
110 32
236 166
9 208
214 64
149 206
26 154
109 18
0 50
220 268
178 219
97 64
42 252
225 248
221 232
174 288
259 189
156 285
296 77
130 115
62 192
181 18
140 176
266 54
163 52
263 294
84 190
113 158
55 153
256 72
108 266
106 4
280 288
259 141
196 183
25 69
262 152
223 58
154 51
178 16
219 30
38 152
270 16
167 204
123 20
296 164
143 252
191 252
250 167
189 222
15 120
78 133
41 48
154 72
27 15
165 65
102 34
183 180
106 273
15 232
235 29
60 180
45 86
131 17
265 130
277 54
22 235
126 95
6 100
245 95
173 197
143 222
64 265
7 8
196 5
233 30
118 76
228 185
220 261
213 88
95 220
24 23
176 148
38 203
157 270
282 206
67 257
226 160
264 228
178 266
110 87
284 207
209 180
135 230
101 251
253 192
285 244
45 116
274 96
280 35
299 78
229 115
48 11
170 81
125 65
100 289
290 59
157 151
74 241
1 217
31 56
58 263
243 110
249 96
178 91
207 103
189 95
190 171
103 236
189 31
71 129
237 143
208 155
141 131
226 133
263 207
122 291
69 186
156 240
202 203
250 172
35 222
127 280
225 20
81 139
75 171
136 167
14 283
65 128
260 84
112 139
77 88
44 28
289 129
186 148
206 208
43 62
95 296
135 289
22 23
249 157
100 134
285 82
253 53
70 285
222 192
208 264
102 67
137 246
84 147
222 7
65 257
76 0
266 294
42 131
33 128
269 105
209 235
12 120
209 93
298 16
273 25
32 224
236 237
35 194
65 265
212 19
140 84
286 233
191 92
99 47
251 195
298 260
49 165
205 221
161 206
18 289
223 92
294 272
286 87
13 97
261 217
93 3
195 130
275 208
214 89
129 117
168 227
236 178
125 148
101 176
84 204
177 31
91 140
137 76
139 102
180 62
163 111
267 173
67 14
221 243
85 99
136 35
128 30
196 158
11 236
80 219
134 213
21 196
249 287
112 11
139 78
128 162
168 137
261 48
240 232
41 206
130 18
64 280
34 105
171 166
197 181
299 73
35 45
21 225
20 134
79 214
261 219
235 226
34 85
296 6
284 205
4 55
197 2
42 137
111 39
240 104
292 192
51 99
244 175
3 20
296 168
75 293
205 203
209 250
119 27
83 128
33 30
45 121
198 247
138 148
25 73
73 262
116 44
201 100
39 66
30 197
101 270
35 96
62 152
235 171
220 78
198 107
215 179
234 121
212 149
217 137
134 48
155 139
97 128
220 156
90 73
107 109
74 244
5 217
288 117
123 295
280 158
85 20
297 47
212 286
72 33
184 180
68 78
12 67
90 110
179 21
27 287
160 289
74 199
128 248
93 76
13 146
91 69
72 177
236 246
142 260
127 192
1 176
202 113
269 8
11 287
286 159
186 250
154 87
150 142
297 158
198 25
201 48
143 208
31 219
256 204
165 243
194 188
97 22
299 181
216 8
201 15
132 148
6 205
56 256
84 262
67 17
233 253
84 129
240 111
102 11
34 231
180 216
6 177
276 154
102 177
143 38
148 0
42 284
267 71
44 266
69 125
247 292
267 180
10 275
196 223
208 189
45 127
214 136
159 233
142 17
128 141
99 227
155 7
24 254
285 19
15 215
52 285
236 204
223 200
112 213
10 260
107 27
252 269
240 111
141 267
86 207
46 221
4 171
31 42
223 142
153 255
127 139
237 277
242 210
23 179
182 75
262 143
7 260
254 5
74 96
121 98
101 146
199 209
257 142
133 171
207 278
134 131
208 183
124 13
251 290
48 52
125 133
187 292
86 61
286 115
166 145
139 254
15 171
132 200
68 187
141 7
289 120
157 91
193 156
225 227
31 24
9 136
79 280
46 189
15 98
134 179
192 229
39 166
40 276
119 284
50 38
74 157
186 181
252 237
174 24
160 173
152 191
271 62
171 80
33 146
286 27
205 69
50 125
128 268
216 88
297 107
288 72
237 31
210 296
186 23
278 148
225 204
286 164
47 195
298 100
139 44
97 45
15 12
168 204
261 66
118 35
187 41
9 199
200 139
48 141
146 113
200 275
260 30
160 80
136 4
203 228
292 49
261 151
209 131
197 52
19 4
175 255
205 6
133 60
248 5
17 181
137 68
88 99
45 70
131 240
137 85
76 138
264 60
251 153
129 69
26 236
146 235
163 110
128 102
220 34
74 228
51 129
283 64
258 176
167 176
18 34
216 17
236 30
199 185
22 289
148 42
148 254
188 51
141 225
137 262
87 140
191 290
108 95
197 296
15 93
297 226
150 295
40 194
171 13
210 90
35 94
207 117
249 243
184 294
14 199
153 6
174 61
297 108
98 265
132 129
54 184
75 63
190 176
233 38
232 117
99 37
30 150
138 291
61 67
289 145
195 277
47 15
15 259
21 160
84 112
264 120
276 163
122 290
97 81
131 145
160 146
189 192
85 71
8 193
68 245
157 199
292 144
114 282
134 196
84 110
250 169
250 203
18 59
215 74
280 154
77 91
95 199
288 226
49 40
181 57
90 98
289 210
31 264
4 290
45 239
171 52
136 222
133 161
231 214
193 271
163 105
248 283
177 113
249 84
159 107
61 70
108 232
228 162
265 167
253 189
51 293
86 138
231 27
70 84
264 92
239 18
117 195
264 77
146 255
218 233
154 134
284 4
80 134
107 216
131 124
26 10
280 31
230 38
49 234
16 200
295 228
89 121
51 50
41 226
5 11
178 107
14 106
135 127
206 70
139 138
56 161
124 93
104 281
140 296
93 299
103 269
91 251
13 136
236 216
99 131
110 210
32 136
187 47
72 283
241 66
238 203
172 145
138 194
244 296
144 214
123 12
224 6
16 42
135 202
154 264
194 42
288 5
18 213
259 64
244 95
84 190
114 46
121 84
76 39
113 11
68 109
223 159
194 285
94 102
105 276
7 206
190 151
233 28
84 130
106 130
169 173
288 26
108 83
81 6
263 116
182 214
138 124
110 255
287 99
52 280
286 255
106 111
216 183
255 288
129 66
298 242
111 285
212 45
129 279
81 141
135 242
184 81
216 60
100 110
45 206
299 5
279 261
295 39
223 109
20 102
16 207
269 299
259 181
21 214
127 288
235 132
42 201
236 54
132 63
44 200
257 127
29 13
168 1
110 80
257 136
123 293
217 108
9 97
82 219
232 140
265 154
292 227
13 186
35 212
50 54
185 25
96 197
237 31
72 87
44 24
115 272
145 218
210 11
53 192
272 58
298 295
151 215
43 267
278 13
134 35
195 245
91 56
55 214
58 3
256 54
61 13
266 230
285 0
112 52
198 226
119 188
94 235
283 5
89 15
235 228
130 84
125 147
56 94
44 50
263 298
10 220
160 257
62 182
144 209
138 72
206 148
49 7
181 136
63 177
175 176
120 135
88 85
198 203
35 167
67 138
184 264
56 198
199 277
177 264
94 40
178 278
3 252
210 183
70 104
26 217
149 24
185 226
15 231
201 142
126 224
125 80
29 220
185 280
220 148
92 81
148 109
6 34
218 263
243 141
124 287
54 140
136 207
249 279
236 154
122 246
119 100
289 183
170 260
171 17
109 118
230 269
208 219
113 297
144 95
181 193
154 159
157 126
285 247
164 144
296 211
4 2
42 263
129 204
65 230
182 175
25 77
200 134
79 216
292 88
63 0
286 25
275 69
241 137
180 275
6 91
9 207
116 58
16 195
271 24
36 3
151 130
75 99
192 142
106 272
260 193
200 262
247 274
296 214
170 91
147 166
30 194
65 245
258 271
166 221
50 232
287 142
279 118
108 20
143 171
257 50
126 32
85 180
36 86
20 205
253 258
138 258
296 288
280 268
26 180
217 180
62 23
281 238
80 268
183 251
219 33
210 267
120 146
215 6
161 73
79 99
31 269
249 288
276 294
145 284
47 293
268 191
167 211
239 44
253 38
50 148
244 297
207 184
103 275
26 150
2 298
227 158
165 119
110 104
212 35
16 59
235 200
272 137
19 110
243 218
206 94
287 102
139 118
256 180
291 215
136 58
195 268
64 7
6 191
206 182
37 158
234 33
292 103
51 56
232 263
232 170
120 100
185 163
39 133
90 98
268 81
142 124
79 97
217 30
8 294
214 124
83 87
254 139
238 81
183 35
160 212
56 119
225 113
20 195
51 132
206 140
33 74
32 234
31 78
247 234
197 16
28 125
194 207
183 151
235 94
284 188
266 62
243 22
196 288
115 206
131 102
192 121
201 100
93 192
75 197
16 280
5 81
239 177
219 19
273 164
44 271
34 293
124 198
191 223
271 218
239 115
29 180
200 136
261 237
195 219
245 99
165 248
49 294
127 252
168 268
28 34
261 90
280 137
211 72
263 177
14 156
41 187
264 199
211 55
117 269
285 53
29 257
84 121
262 155
242 172
205 170
283 263
17 140
21 156
45 290
1 91
201 115
152 149
289 166
172 83
2 168
227 58
69 44
192 11
146 222
155 28
153 60
217 281
240 211
227 62
124 119
184 0
108 12
80 232
114 235
241 1
34 293
77 281
1 244
245 228
284 172
217 266
282 63
192 225
261 185
166 165
51 114
25 24
222 167
109 257
154 183
152 44
36 85
164 51
277 203
136 177
142 31
98 157
147 50
175 73
36 66
237 134
173 203
68 184
167 203
100 109
118 295
162 218
130 23
176 200
79 126
230 264
186 147
162 257
157 163
238 178
166 204
38 289
219 6
287 84
169 242
27 8
224 264
235 65
295 108
250 258
156 250
286 78
186 225
73 103
25 18
142 104
188 40
188 17
246 194
235 101
94 276
133 278
279 150
26 122
228 189
182 280
54 5
276 0
43 292
199 84
79 254
262 26
255 165
111 282
276 159
68 239
55 21
193 168
266 18
279 13
95 120
97 92
285 18
12 143
225 163
85 193
37 250
59 298
14 188
39 118
272 59
38 220
74 295
82 111
71 38
41 166
107 25
298 225
100 257
118 287
30 9
265 17
102 48
81 294
234 220
98 251
218 271
44 37
228 138
122 265
114 136
235 32
45 48
285 244
184 248
174 77
69 285
278 158
181 11
287 135
258 36
138 206
180 254
76 53
17 292
291 48
67 257
294 53
204 269
280 295
294 264
11 90
55 61
143 149
129 3
234 176
73 248
77 24
88 40
270 224
208 250
82 198
109 11
90 297
262 125
238 86
186 165
233 165
236 259
98 45
226 240
65 159
233 76
133 154
191 240
271 233
197 217
239 285
211 254
275 56
178 261
176 156
61 249
107 165
261 278
116 112
132 149
205 134
126 25
70 40
51 296
279 29
276 104
295 26
127 282
123 281
90 123
284 230
272 22
229 103
235 93
35 109
5 247
70 149
272 191
189 98
18 191
190 201
18 172
296 267
110 26
8 25
170 173
79 136
262 292
202 135
225 5
187 109
40 251
213 282
11 220
94 144
208 236
260 135
191 92
251 33
228 204
168 203
80 6
81 272
189 68
238 76
29 152
150 118
202 50
39 66
131 52
268 2
276 292
204 244
111 90
105 61
44 124
39 149
253 141
268 25
126 216
106 86
37 131
73 260
227 30
157 245
139 26
273 231
99 124
230 181
46 38
256 203
151 115
274 253
252 76
237 172
27 14
251 183
100 191
214 293
238 209
24 58
142 18
160 155
179 267
67 276
183 66
209 181
244 93
254 58
112 131
213 64
288 65
174 281
149 257
85 67
178 58
111 246
248 112
243 53
136 211
183 3
206 59
75 187
133 213
73 249
155 189
248 180
166 205
176 183
164 82
90 19
48 239
284 119
10 248
148 36
48 265
210 239
275 86
287 45
19 13
211 40
97 212
61 247
100 3
116 202
22 65
121 166
237 157
258 57
85 297
172 185
179 268
137 25
151 122
222 192
156 204
292 92
175 6
148 266
163 216
121 60
123 155
284 139
268 189
265 67
43 256
296 230
212 49
266 57
214 164
152 239
60 158
153 152
270 33
121 13
244 118
119 73
84 184
153 135
17 294
34 285
266 259
280 98
168 100
237 56
292 111
266 295
266 283
185 240
49 24
253 129
245 177
222 51
16 146
0 8
262 110
168 277
119 117
192 292
291 14
204 281
150 141
177 252
128 197
221 260
123 270
268 283
295 217
2 139
209 147
114 230
59 12
223 8
74 277
266 72
192 185
60 12
207 105
299 74
110 149
78 60
109 261
267 174
267 292
230 18
153 7
246 160
138 226
96 47
24 96
170 53
82 156
41 185
235 38
150 266
210 244
12 273
155 164
17 269
247 67
251 134
40 258
19 73
298 12
150 156
105 257
193 49
270 168
250 296
276 267
195 258
72 13
46 155
166 252
70 156
274 99
257 144
177 229
247 169
206 96
220 257
129 57
285 30
223 279
290 228
218 203
15 248
253 39
139 8
24 123
48 167
50 29
172 173
261 252
60 62
279 277
133 97
57 169
281 60
134 126
103 155
35 40
163 66
103 17
46 133
1 83
27 250
226 72
56 263
66 145
137 140
187 36
147 61
188 73
175 230
228 218
141 240
48 116
169 193
11 42
70 212
25 138
54 100
90 240
76 237
50 201
91 75
40 20
169 266
160 231
47 251
210 79
249 251
66 36
268 263
224 53
106 86
269 271
57 139
143 86
165 66
57 68
236 218
118 108
7 266
269 74
45 75
235 150
162 84
198 168
296 55
102 127
70 162
18 140
109 127
195 137
199 280
4 52
134 249
104 268
193 14
213 77
265 287
107 102
287 180
198 250
95 91
193 82
50 39
167 71
32 270
52 168
108 283
46 258
90 156
125 141
79 296
4 49
201 243
273 90
100 201
66 11
189 152
187 205
234 269
142 298
167 189
112 259
277 143
173 166
255 109
262 243
265 220
70 139
214 8
127 209
244 36
285 55
293 13
152 69
183 232
215 290
231 84
111 291
235 259
223 176
7 232
224 118
208 209
122 34
236 245
2 98
93 56
279 115
46 54
202 180
148 113
238 218
160 37
101 45
33 56
180 22
188 290
286 164
127 47
262 53
225 232
4 229
161 12
232 216
233 61
78 212
12 173
66 123
169 286
75 282
146 88
56 157
156 240
25 18
230 233
239 36
81 10
72 120
280 75
212 130
33 289
250 224
18 13
84 292
40 37
284 259
231 46
113 205
176 91
244 178
284 80
61 34
236 57
185 88
204 76
166 290
201 100
231 157
205 165
250 272
246 60
294 175
100 168
65 169
120 53
79 141
265 181
53 285
206 129
174 169
118 58
110 30
281 145
56 282
233 212
184 52
55 126
263 144
241 127
247 165
105 16
116 19
238 104
77 94
59 194
179 127
150 149
145 289
95 237
36 10
32 48
224 44
54 136
188 252
285 204
205 271
94 277
282 93
246 56
131 233
193 42
103 99
214 153
233 22
67 216
234 127
261 267
160 212
256 217
119 127
183 93
211 154
12 6
269 48
11 212
21 189
274 96
110 241
111 136
34 265
133 167
176 271
238 92
247 92
157 35
274 104
122 88
199 82
161 288
281 269
123 119
123 41
62 230
279 277
220 250
60 36
244 84
159 265
266 233
159 149
234 91
218 148
0 43
61 287
5 282
144 0
139 206
3 81
57 266
21 57
252 190
76 218
34 94
26 120
120 29
130 32
43 291
278 111
96 26
188 219
75 211
94 67
15 73
153 267
39 292
292 230
14 206
33 204
30 137
56 134
47 289
128 10
17 5
252 215
61 28
127 55
194 60
94 218
42 260
257 116
8 32
293 141
230 198
46 76
214 299
96 290
256 211
165 114
143 4
243 169
101 66
36 180
245 59
180 113
174 222
289 297
222 80
0 56
277 199
177 129
160 133
209 248
256 107
124 263
265 195
141 44
24 145
24 0
292 297
10 180
231 148
29 49
289 164
183 151
265 13
71 201
45 250
286 268
147 213
252 153
278 5
57 5
227 180
44 257
231 100
233 24
91 37
92 6
226 110
12 113
153 293
194 196
292 295
228 110
274 265
262 250
48 16
59 186
49 243
27 135
224 87
203 227
213 188
55 201
296 84
141 192
47 118
52 14
260 173
6 259
40 72
20 168
46 69
120 226
129 258
289 155
163 83
79 128
86 136
278 217
287 59
217 216
103 215
22 64
273 130
28 22
26 179
3 51
28 3
199 140
130 167
138 44
181 5
20 123
199 209
32 198
121 298
51 200
118 89
60 238
219 119
287 259
137 241
136 179
134 199
266 3
189 268
115 79
219 47
191 136
115 20
114 295
22 211
238 154
15 205
261 178
222 183
84 82
280 194
115 206
61 205
166 204
61 195
22 42
228 40
28 179
158 226
172 214
270 284
256 50
154 233
223 113
101 33
158 198
105 97
29 100
17 152
291 265
60 51
246 277
228 120
101 164
173 224
69 94
276 25
269 51
75 289
138 175
19 200
74 93
141 225
231 90
98 8
212 229
116 59
188 50
52 179
59 171
158 116
79 199
2 275
242 18
217 209
71 296
229 249
185 72
16 148
116 231
102 290
27 140
147 210
178 225
75 221
5 61
144 234
79 198
62 149
205 159
184 36
156 39
123 3
68 166
135 280
287 249
24 81
210 293
164 255
116 101
249 96
163 208
10 139
208 73
271 156
82 107
48 206
230 1
158 251
246 119
216 194
100 266
291 249
136 250
117 35
71 34
3 248
81 98
168 266
284 156
68 267
283 149
214 141
154 261
230 95
271 20
130 243
219 141
233 56
254 295
37 211
189 261
240 89
136 31
88 5
129 98
154 236
110 93
34 230
127 257
64 126
146 83
50 253
60 53
231 229
147 184
50 62
46 197
195 92
47 130
293 29
102 230
287 178
68 207
235 20
134 176
156 259
148 22
143 201
54 87
271 241
186 270
11 79
259 278
216 294
116 122
181 212
70 88
69 17
91 199
193 196
154 221
44 216
43 242
227 207
82 57
285 62
77 275
68 170
98 248
49 43
293 292
63 241
104 11
249 24
19 222
1 149
114 109
218 123
54 156
214 125
64 178
252 86
105 179
88 237
170 282
137 188
108 133
82 76
50 160
114 165
293 194
100 12
238 20
58 110
180 203
131 290
281 148
128 108
178 270
44 245
263 274
253 119
138 105
132 31
207 106
139 245
174 65
43 142
263 203
193 142
257 90
67 263
198 229
140 127
228 253
50 7
227 277
156 192
115 145
178 236
70 32
51 189
277 162
99 267
230 73
138 297
78 197
286 49
68 27
60 114
100 107
95 41
94 119
16 197
59 5
90 116
125 246
121 224
46 287
12 187
77 195
140 180
208 217
115 172
15 296
174 55
143 98
213 114
191 208
165 202
155 79
54 115
81 79
279 246
292 119
249 20
250 147
247 291
130 199
70 166
26 171
198 227
173 191
160 252
84 243
184 222
0 136
27 24
149 186
251 151
105 226
270 123
3 199
4 181
192 160
255 86
110 186
259 134
88 255
62 76
104 187
53 187
217 169
61 207
225 121
297 217
101 206
154 120
0 189
104 128
114 112
155 256
136 130
94 159
132 253
53 73
138 67
218 65
222 183
139 181
20 182
285 252
65 258
31 14
247 108
148 3
38 230
269 203
92 39
174 122
294 73
259 92
172 231
35 27
141 65
255 87
49 104
122 272
272 132
22 248
116 286
191 92
24 44
206 96
271 222
138 282
147 18
57 49
217 178
298 276
192 297
204 27
227 226
227 106
268 152
205 102
179 67
80 39
83 62
40 38
68 17
200 114
128 182
132 238
134 166
137 106
46 67
184 128
90 263
142 121
203 13
241 164
118 26
30 252
230 148
189 71
23 197
273 2
254 132
219 267
292 273
276 221
129 164
278 239
184 247
77 40
157 270
86 155
269 45
290 68
1 43
245 225
70 8
88 35
78 280
264 19
227 119
247 58
274 119
98 235
275 268
5 4
182 95
198 43
51 147
58 283
235 221
243 73
258 225
215 86
200 213
224 97
48 87
113 179
250 115
198 84
3 4
177 137
197 271
29 22
258 39
69 135
107 220
172 138
74 105
69 212
94 246
126 47
207 97
8 175
107 91
46 227
244 48
249 160
67 18
65 252
176 30
123 180
126 173
283 25
73 130
226 78
79 95
104 94
82 132
69 201
257 1
143 2
224 41
208 155
87 128
227 46
136 61
255 165
10 142
157 253
58 267
261 80
62 90
160 87
245 82
179 24
216 167
45 270
248 282
157 101
76 124
251 12
90 175
254 66
47 147
129 82
183 86
194 72
291 168
220 28
79 111
268 238
132 259
197 151
244 75
283 274
217 24
1 241
112 299
51 54
267 201
57 154
53 297
253 241
253 82
288 86
41 136
286 165
293 59
208 85
253 12
256 288
195 221
114 164
6 115
173 177
11 299
38 59
62 8
113 176
172 201
267 33
6 179
28 148
118 184
265 74
165 255
73 256
121 253
124 222
278 277
207 273
147 223
187 82
214 66
260 238
110 130
85 284
261 44
58 254
149 28
17 126
219 200
1 3
126 170
167 248
118 126
171 29
299 261
22 203
191 167
217 154
113 178
259 51
151 173
214 5
144 233
59 154
120 157
160 255
249 182
199 108
127 94
95 50
106 281
281 185
40 44
156 172
122 77
144 26
235 154
203 263
97 144
23 85
267 263
100 28
271 207
175 283
43 296
198 136
232 55
281 221
199 16
29 279
237 243
262 50
205 202
102 255
128 108
152 23
196 145
122 23
164 148
113 10
45 240
23 110
59 175
281 123
293 217
21 248
273 237
29 14
277 254
184 1
96 28
74 25
24 76
176 270
136 113
238 123
155 295
285 180
283 166
219 31
188 210
148 211
136 202
37 123
85 127
18 251
47 10
269 127
90 296
282 288
194 288
221 215
92 276
230 33
45 207
9 111
152 226
267 141
239 264
290 280
174 228
3 161
213 184
196 161
294 190
219 12
196 147
252 221
253 188
221 7
275 149
162 187
287 251
199 148
120 285
131 296
85 82
185 230
80 269
51 153
215 64
50 12
133 225
165 225
55 16
81 90
223 127
78 285
0 115
19 203
81 292
202 193
204 32
167 162
72 172
96 132
139 3
223 60
161 95
49 76
268 13
89 285
148 225
4 65
31 71
184 78
94 230
96 226
279 226
286 158
261 176
270 267
234 68
189 63
241 278
147 5
59 23
7 86
184 70
21 253
74 252
153 18
256 169
96 8
294 26
50 68
160 218
182 76
273 80
149 37
64 220
120 88
251 249
136 31
196 75
89 126
263 124
173 253
20 251
282 15
175 73
294 67
292 60
183 211
43 27
189 117
109 179
143 104
214 69
89 207
227 236
123 204
84 113
8 77
154 39
178 278
281 92
42 291
112 146
147 115
201 140
73 248
89 9
103 53
266 183
202 214
231 7
95 219
204 69
138 281
118 158
198 60
104 149
143 40
267 290
243 234
16 143
299 292
101 279
221 81
191 44
136 262
253 98
244 188
19 201
214 172
118 295
69 212
26 170
237 230
115 126
172 187
47 130
147 120
121 215
191 185
161 147
266 151
203 153
251 155
231 113
270 146
250 92
145 154
262 208
119 124
241 228
182 217
75 30
247 193
197 135
186 47
240 50
268 170
25 98
242 65
31 243
173 154
243 160
294 37
189 85
281 241
202 12
55 248
221 71
269 31
197 189
65 96
219 28
39 107
144 0
204 225
42 252
80 100
239 176
90 49
22 165
79 252
246 280
129 294
14 191
62 98
89 11
30 46
24 179
215 195
164 123
183 243
47 72
21 173
112 192
272 224
98 5
140 78
174 141
120 66
79 205
51 160
219 268
82 292
69 144
215 145
103 198
126 290
278 177
161 99
12 114
244 202
185 88
11 178
268 32
246 218
281 146
154 284
10 117
31 171
88 284
30 191
180 278
192 238
259 237
293 99
118 227
272 171
182 32
33 181
19 216
149 1
133 83
40 0
235 95
87 285
182 173
64 157
124 92
235 37
77 275
242 190
198 210
154 227
159 172
197 287
24 248
108 299
161 39
121 244
91 38
256 17
155 76
241 160
62 290
14 74
64 190
236 235
79 194
128 103
56 166
238 191
2 130
83 260
259 156
196 264
39 260
177 260
98 195
106 233
224 114
146 110
193 117
25 74
245 61
81 171
274 77
112 31
74 244
211 64
60 49
118 131
296 249
93 42
19 192
51 133
73 186
82 285
180 246
257 94
161 223
288 249
264 61
9 66
268 50
151 157
68 242
173 25
12 228
189 61
131 227
121 108
208 276
146 273
299 294
184 43
40 87
199 18
124 173
237 190
51 63
145 221
259 126
50 195
96 253
198 279
10 287
273 174
101 28
281 194
156 91
62 174
287 217
86 275
250 229
2 190
1 25
262 272
262 199
168 50
217 56
109 125
101 297
112 100
23 178
115 185
93 51
95 71
249 33
38 158
211 29
158 127
278 70
174 10
256 29
162 200
125 225
260 271
37 191
106 93
54 241
283 163
183 195
164 88
264 11
260 284
84 236
34 252
276 281
130 49
243 226
4 79
156 293
146 70
200 178
144 67
8 19
17 108
84 197
285 191
217 87
216 30
70 232
86 162
85 273
128 62
73 291
25 58
125 203
70 13
50 99
39 9
122 272
8 68
149 118
21 86
23 284
163 201
262 33
220 125
238 166
299 188
19 144
208 89
226 151
48 151
20 158
246 263
145 52
83 42
291 85
6 107
233 287
144 121
104 119
89 216
136 294
19 237
33 53
184 3
28 249
99 178
134 44
174 47
82 101
9 89
130 24
242 65
236 135
176 106
238 273
108 87
16 66
55 112
101 199
124 21
142 290
179 281
13 284
5 231
207 187
210 109
299 118
45 260
220 163
11 88
277 156
274 44
183 167
43 76
7 27
266 193
193 197
127 293
98 277
66 1
33 165
43 8
61 258
18 163
125 114
209 9
208 242
235 253
37 58
110 66
21 19
276 192
46 241
42 107
13 235
225 26
143 183
0 223
92 181
211 40
269 194
6 182
67 259
139 37
230 62
67 234
148 203
115 47
32 127
160 105
126 263
294 161
159 52
239 172
298 204
25 252
182 36
14 98
144 150
150 257
51 151
197 190
56 188
17 173
206 229
98 55
227 10
184 105
103 284
25 121
6 41
227 211
176 143
196 123
101 90
218 168
255 210
9 112
132 171
2 188
73 39
125 17
83 225
225 113
174 90
150 38
258 3
161 129
158 129
255 260
211 231
59 288
241 50
229 200
52 132
92 197
190 267
279 112
18 245
66 138
143 118
153 78
257 263
46 220
193 77
66 67
192 193
71 29
224 109
193 13
204 192
263 226
45 175
105 96
272 287
297 272
131 47
43 242
62 227
274 189
76 136
84 77
274 92
19 181
175 8
233 131
273 30
22 165
270 219
1 260
265 67
239 77
181 154
9 23
96 153
118 279
81 291
82 296
66 9
279 120
221 31
252 173
167 25
153 87
246 116
173 178
253 84
93 202
5 229
142 204
126 42
128 119
216 160
272 282
105 155
92 56
134 143
209 105
130 222
210 11
236 194
228 186
25 28
290 237
174 125
179 83
121 47
234 37
35 87
100 219
105 242
121 128
200 153
59 105
168 60
152 41
198 119
286 82
259 147
94 126
189 59
270 268
225 33
230 204
154 249
167 29
296 260
214 122
155 209
118 266
135 246
50 148
138 291
244 237
187 113
258 259
132 296
176 251
275 67
50 59
132 190
141 273
228 7
165 147
288 128
106 84
231 126
112 193
119 273
173 142
176 72
44 160
33 222
174 113
284 20
286 65
222 145
274 64
223 295
209 218
63 3
266 161
284 144
245 277
4 277
114 182
133 78
134 232
83 77
20 102
155 87
234 48
117 0
175 123
80 251
249 95
267 5
269 100
19 292
199 273
240 291
33 244
275 77
118 99
276 149
69 161
221 150
91 250
195 19
141 29
152 62
121 182
287 153
51 81
227 239
170 265
268 65
281 12
126 128
26 105
28 227
120 75
261 144
298 51
162 206
151 219
235 46
168 290
138 106
248 201
206 11
154 44
231 105
8 229
201 76
92 295
146 102
210 8
213 84
287 131
291 57
134 37
167 24
250 267
134 23
290 86
104 71
179 212
140 251
177 64
285 168
243 140
225 124
80 257
174 86
124 22
291 109
226 53
44 286
218 238
111 96
172 241
156 28
220 135
299 37
170 186
54 41
79 140
168 1
47 150
5 250
11 160
247 201
56 182
177 33
30 49
286 63
32 57
183 25
294 40
204 144
83 251
213 78
31 213
237 28
287 264
4 37
94 129
105 16
68 65
215 73
219 135
156 84
253 9
174 19
62 282
56 219
240 16
242 169
70 165
187 150
205 246
114 241
242 73
45 287
222 57
219 189
229 255
254 34
250 93
250 237
228 112
4 152
208 287
68 230
210 77
194 36
192 44
267 207
116 127
115 72
248 62
215 25
279 184
32 141
286 1
48 278
168 250
121 299
264 42
130 268
211 42
168 162
198 97
181 9
74 166
144 3
20 176
294 158
92 151
45 57
105 277
134 211
121 195
138 189
199 30
57 65
187 281
220 45
232 153
13 78
147 223
159 13
179 220
235 249
172 8
104 86
98 270
163 155
139 125
38 51
140 162
23 242
18 234
70 46
147 203
214 250
8 30
23 104
75 248
274 250
207 295
291 13
120 186
26 159
259 70
155 45
262 287
188 184
55 182
39 281
160 208
224 49
242 160
124 245
243 298
154 272
294 231
246 227
45 205
145 66
203 287
16 151
63 136
73 232
206 279
175 158
21 82
299 94
182 14
160 294
177 8
284 242
77 185
176 26
80 174
182 203
83 71
230 284
90 217
25 190
136 231
56 295
196 179
57 289
125 257
239 117
295 47
42 38
33 295
119 153
252 198
21 290
222 160
198 137
299 37
83 189
39 31
1 64
117 158
26 235
115 281
216 145
75 201
122 217
246 227
51 190
20 191
240 187
214 261
122 202
106 14
221 222
261 162
179 176
12 294
13 200
270 145
231 254
110 66
44 66
35 62
66 275
29 24
201 98
296 52
35 43
204 261
108 40
211 295
171 102
282 214
85 12
175 140
175 171
107 68
65 127
138 11
138 181
253 173
38 155
264 143
9 246
108 70
161 116
188 296
224 119
214 257
91 66
80 75
73 187
61 153
247 2
42 83
258 145
111 280
152 99
26 37
238 106
180 68
52 98
122 218
138 88
188 153
123 157
161 152
210 153
84 6
274 66
134 86
245 31
87 227
184 263
130 70
55 120
299 80
82 299
1 267
228 46
133 143
6 172
286 210
191 99
3 216
57 19
199 234
266 189
230 137
153 193
110 114
199 249
260 122
48 251
283 108
1 200
263 64
48 294
243 150
74 91
13 6
210 40
253 144
33 164
207 65
48 12
165 56
93 132
82 21
290 234
268 256
299 215
233 107
56 88
28 1
117 72
158 191
29 59
71 114
177 265
171 197
297 246
258 123
225 79
159 142
61 172
252 157
217 196
66 223
184 147
99 4
10 146
154 261
157 292
57 246
232 84
215 1
105 171
244 56
31 232
184 218
207 166
288 84
101 254
56 168
199 181
202 101
21 154
0 76
146 116
206 105
218 169
49 65
251 239
112 200
262 51
129 159
170 37
62 130
27 233
255 145
64 161
77 298
229 182
49 199
281 112
93 243
130 132
105 45
194 235
48 155
264 37
140 10
41 206
297 250
16 172
145 297
156 172
205 234
84 13
270 28
134 17
98 60
242 99
178 171
15 47
118 145
263 77
185 204
260 139
221 235
280 67
286 218
144 179
103 209
217 50
262 90
220 136
254 267
145 260
86 73
91 118
246 277
126 228
198 185
221 196
210 122
177 291
133 88
124 238
198 89
282 11
230 214
167 211
158 18
182 262
52 17
144 191
144 162
218 222
237 269
291 181
44 134
76 6
135 69
154 137
77 246
216 261
45 136
21 137
130 88
152 237
15 232
184 93
228 275
221 263
103 212
162 75
197 149
251 2
247 145
239 95
87 273
224 217
270 26
128 0
195 99
223 263
136 120
81 136
169 92
48 169
290 265
281 254
231 33
259 246
243 22
183 26
115 29
284 33
72 110
141 171
171 234
167 277
6 260
18 59
83 13
3 47
37 263
214 259
270 233
272 188
252 90
101 88
203 185
11 180
175 173
59 46
24 280
51 194
289 204
180 288
160 241
41 182
49 144
285 147
66 234
84 12
268 31
52 98
8 164
101 263
255 18
73 114
213 115
233 109
281 164
140 284
5 138
271 79
253 191
59 213
288 15
101 297
161 215
41 89
267 140
183 288
288 141
290 58
177 288
227 42
36 20
6 280
183 290
118 85
294 278
129 223
58 119
73 127
17 212
68 145
259 148
184 180
177 163
278 104
130 38
87 208
121 93
124 267
241 93
45 66
116 127
2 42
55 17
147 209
101 98
74 259
170 217
245 126
28 289
108 190
295 213
50 156
88 7
120 38
44 3
42 162
145 4
26 0
218 217
234 107
222 128
242 162
5 283
235 192
184 282
60 3
9 225
248 292
164 18
181 111
86 227
241 83
68 231
27 212
284 269
229 169
246 215
260 199
114 29
72 216
89 282
66 98
237 153
62 168
173 147
42 142
47 27
144 56
294 150
109 252
183 171
184 55
138 217
291 293
246 134
227 194
39 53
15 299
17 30
101 105
17 66
51 280
70 215
152 85
64 147
248 15
167 45
185 142
0 278
223 10
243 44
257 5
135 21
255 130
245 24
81 61
267 201
25 210
245 70
271 69
275 83
272 129
150 5
214 61
229 193
264 77
95 159
290 81
81 178
136 186
14 160
285 203
205 16
94 237
12 187
140 242
184 203
25 75
152 130
63 284
245 294
31 152
175 15
118 82
186 230
37 18
22 264
194 140
284 262
195 56
278 227
32 125
103 228
275 295
193 255
108 225
189 249
205 164
13 166
26 28
50 146
236 136
299 74
195 266
252 222
13 4
220 174
294 131
119 135
200 126
199 1
22 256
193 275
125 37
280 200
145 297
195 151
122 115
13 184
257 67
231 182
285 113
116 35
184 256
228 169
114 86
114 202
81 279
297 96
203 225
213 299
144 127
91 270
33 260
147 178
155 288
116 62
44 72
26 131
182 249
131 129
265 75
68 44
222 45
198 285
45 173
251 171
106 257
27 184
236 203
98 83
88 294
279 293
261 178
105 227
285 205
1 67
170 123
40 114
135 172
145 21
75 143
40 104
157 144
38 181
85 133
191 173
143 258
255 37
245 10
72 193
157 282
235 133
1 115
21 44
245 239
263 245
266 299
231 111
296 39
149 266
291 248
58 265
244 22
265 184
218 227
127 101
243 17
117 12
99 96
232 76
278 111
238 225
298 153
260 293
219 13
120 1
181 297
244 268
167 74
208 102
277 36
264 198
236 75
148 154
114 52
44 175
23 157
243 35
201 125
170 52
169 236
209 256
78 123
46 150
179 263
120 209
122 30
183 135
103 156
139 253
271 217
64 258
224 21
67 256
170 279
142 21
181 97
266 184
292 223
30 198
39 269
245 295
34 261
290 26
153 208
83 259
225 107
264 299
234 191
276 218
298 225
107 240
115 74
246 185
229 131
68 57
202 274
46 10
242 164
215 137
34 14
31 290
164 71
230 154
133 101
64 46
289 77
68 78
4 39
1 202
19 155
266 6
98 195
161 133
0 236
30 280
26 40
41 232
191 268
198 38
65 82
141 48
100 123
101 96
116 129
83 285
182 45
37 63
50 210
286 246
103 38
190 262
146 77
117 199
217 204
197 49
107 220
75 237
91 196
114 87
49 298
266 146
201 42
126 47
143 100
112 25
287 97
27 166
154 182
243 252
258 30
156 85
291 270
30 298
150 93
57 36
124 95
41 255
94 260
262 142
64 127
17 170
89 152
127 234
130 76
164 12
98 212
117 17
136 30
270 77
238 114
78 295
12 84
57 159
0 172
206 44
181 209
118 211
2 260
227 52
287 31
247 162
284 150
262 299
167 266
18 292
54 26
68 72
11 285
42 273
260 158
16 108
166 27
225 284
249 139
219 119
161 137
93 57
177 131
184 96
198 35
69 142
56 248
246 235
54 165
259 97
206 5
225 235
107 63
64 187
114 99
152 0
91 237
154 64
55 187
186 289
113 151
1 25
164 35
128 25
177 275
74 106
272 293
194 113
275 240
48 289
45 6
60 185
206 146
9 176
121 27
53 232
296 231
238 123
119 247
266 289
288 21
272 108
113 120
233 275
73 139
60 11
209 263
88 57
113 182
294 81
285 274
287 160
276 138
265 194
289 47
124 147
70 197
83 152
29 24
93 49
71 179
16 18
239 54
165 186
174 179
73 293
135 208
63 260
42 168
175 291
181 251
6 271
136 47
190 157
169 209
156 38
219 183
268 60
150 69
297 232
252 46
38 162
159 274
139 193
94 67
57 262
88 222
23 152
145 88
240 118
111 132
195 124
163 16
139 242
190 269
223 129
169 253
232 251
140 106
139 218
89 64
144 95
192 48
122 141
206 267
218 144
96 235
27 80
28 174
200 236
124 171
82 271
248 117
115 68
14 111
153 0
120 230
18 113
124 55
153 28
49 277
232 241
183 298
292 91
36 145
132 3
178 166
252 259
68 78
299 124
280 199
96 66
148 118
197 138
268 253
228 254
155 105
186 247
53 40
176 275
180 278
75 14
178 88
197 101
41 17
63 275
32 170
255 108
208 187
270 287
230 194
268 70
118 273
86 147
27 89
137 174
19 166
13 55
278 241
218 158
294 282
263 94
138 114
120 268
252 295
64 251
270 111
284 275
225 11
283 275
101 248
290 212
190 299
260 16
172 278
79 31
129 234
115 70
212 60
119 219
212 148
68 6
238 279
197 291
244 251
96 27
290 107
167 10
32 190
35 276
96 241
238 285
247 6
29 134
102 137
99 186
23 162
295 12
174 90
8 257
100 60
131 252
73 247
96 87
174 35
8 203
161 157
183 159
210 79
219 11
236 230
173 82
20 176
117 92
42 20
295 41
83 107
64 224
286 265
256 62
22 57
141 44
71 160
2 90
41 293
203 183
246 270
84 227
290 192
282 58
21 103
250 272
44 35
78 162
151 234
176 124
126 207
17 3
195 137
59 217
235 119
141 85
161 117
151 291
154 298
40 286
207 169
123 89
293 90
143 254
287 176
16 66
76 143
124 296
255 115
65 230
113 157
64 70
267 227
100 208
143 111
239 41
299 292
129 296
178 45
167 288
291 240
93 278
5 173
101 149
298 0
81 265
181 137
244 182
293 211
3 199
24 51
11 65
28 193
15 67
106 293
18 114
278 19
73 240
145 250
147 125
147 129
264 40
206 95
293 123
7 147
285 15
107 40
181 219
148 117
251 244
82 253
139 266
79 104
282 188
253 182
240 121
291 51
253 1
98 202
188 94
298 221
196 36
222 164
292 216
151 114
152 222
20 178
19 151
128 33
134 202
151 154
71 221
69 186
190 290
185 155
189 276
156 240
24 214
1 65
172 128
210 167
89 264
165 276
148 291
222 242
86 53
85 146
21 203
222 295
223 195
139 201
210 29
149 150
209 70
245 239
284 181
204 109
180 128
203 88
0 127
189 251
276 126
92 180
59 250
80 209
54 2
94 230
229 240
283 144
113 165
32 203
39 99
163 127
121 139
24 34
65 104
228 33
290 259
88 22
205 278
281 293
228 41
250 129
206 102
60 184
292 276
135 103
17 147
194 121
92 276
240 195
189 217
103 33
122 287
31 221
9 214
41 190
207 229
9 74
225 297
230 41
50 187
196 154
74 245
112 126
68 263
207 184
196 21
214 195
188 291
33 11
192 197
96 222
173 5
165 255
74 106
271 172
138 136
118 132
192 179
138 190
268 202
86 46
252 148
299 293
192 168
130 3
166 147
290 45
234 20
25 181
168 236
193 13
129 201
171 268
176 81
265 288
179 284
189 157
10 277
120 213
239 224
241 83
3 296
135 44
287 141
217 167
95 2
133 298
143 35
248 242
7 37
14 61
47 269
294 122
217 183
36 190
26 5
72 261
106 85
249 52
108 104
55 74
110 28
297 165
164 294
141 0
91 16
80 207
141 173
154 11
182 104
266 9
37 285
241 285
186 140
204 57
146 194
143 289
217 268
164 136
60 181
256 110
258 53
203 86
39 233
105 240
55 224
275 220
214 103
106 4
159 120
197 124
94 119
58 240
278 193
157 288
13 110
255 184
79 268
123 269
191 266
262 176
145 247
162 72
235 58
202 203
207 183
205 15
162 195
53 123
0 19
140 130
261 132
212 18
48 35
9 285
144 107
65 24
117 296
250 51
58 23
117 233
264 80
265 99
252 122
186 213
106 55
246 245
74 285
210 199
103 69
123 260
218 205
262 71
58 109
281 266
153 83
212 161
168 296
192 223
229 71
240 161
149 230
28 55
0 85
179 50
17 52
55 66
141 194
39 77
208 188
207 228
261 235
284 214
292 217
55 85
34 121
132 228
277 278
63 54
26 285
89 218
45 227
192 112
199 111
202 283
9 219
70 35
192 13
245 106
179 240
247 245
16 78
108 78
115 139
203 44
191 197
32 212
2 82
96 106
8 40
122 153
24 162
99 108
72 260
120 252
116 255
266 292
9 297
277 43
102 225
207 240
28 202
87 160
235 278
174 82
256 229
292 24
6 258
39 188
157 108
159 106
247 112
231 151
68 23
0 93
293 227
181 236
173 254
20 250
264 221
144 278
157 110
21 137
91 176
170 182
54 115
137 185
7 276
184 147
192 102
104 86
116 192
220 259
257 153
131 191
212 219
90 94
119 36
216 183
109 180
286 74
28 103
66 263
120 99
156 1
172 3
179 109
124 94
285 188
238 294
152 28
195 103
287 216
155 153
53 79
281 117
70 228
29 54
226 291
55 282
110 263
184 139
38 275
48 225
256 144
121 44
219 143
202 238
271 27
50 74
260 134
294 194
235 216
44 11
81 104
64 223
216 165
31 36
136 78
71 135
32 35
176 83
54 262
137 290
182 52
53 184
156 299
239 52
149 173
105 169
291 170
291 160
89 144
210 176
62 43
182 233
259 78
261 64
99 114
75 164
81 266
77 47
21 70
87 247
45 204
69 27
213 41
283 21
7 221
230 142
32 247
28 216
111 299
23 170
65 166
117 217
250 295
251 103
60 292
246 40
163 172
174 192
223 132
56 216
27 187
48 219
100 171
123 208
286 245
285 279
76 176
75 282
69 166
252 70
121 265
31 87
154 124
297 85
215 173
297 106
25 44
215 126
252 221
278 25
115 131
240 195
254 38
242 7
20 18
195 72
249 287
24 106
230 175
10 96
247 44
28 57
242 18
265 87
123 130
235 291
246 101
246 77
142 49
265 58
69 49
199 245
299 237
117 270
299 247
103 239
34 94
48 254
213 282
211 266
249 274
126 298
125 251
186 35
215 265
108 78
66 116
80 269
63 76
78 117
262 208
213 106
284 159
102 243
285 271
230 3
270 76
35 196
56 44
52 140
0 279
297 188
8 96
49 134
177 226
69 39
225 293
269 152
58 33
184 234
17 264
112 198
194 52
40 227
214 72
285 93
131 67
98 45
163 9
10 16
0 21
46 0
198 88
91 134
125 9
89 69
7 289
139 64
33 13
78 262
155 188
192 123
82 22
130 171
226 268
238 196
196 181
63 229
283 182
4 220
75 57
98 153
165 44
211 119
119 267
70 212
5 224
77 17
227 65
20 70
208 276
113 234
163 82
225 138
271 155
3 264
138 267
223 157
294 174
97 44
83 235
63 249
70 260
18 13
192 203
239 160
283 15
31 196
200 78
218 123
161 196
61 16
216 226
285 170
262 217
54 31
140 133
262 211
86 221
8 286
98 111
288 1
216 260
257 34
34 285
139 117
207 240
38 223
260 15
6 53
48 93
213 93
201 104
8 202
144 162
283 79
267 43
82 97
252 182
134 171
100 64
122 282
213 36
132 237
252 35
76 214
174 212
178 64
1 228
182 140
32 99
124 263
68 152
125 140
255 210
190 177
49 280
54 79
283 25
109 207
201 296
142 42
142 191
142 169
168 18
112 260
192 15
212 288
64 54
253 187
294 61
173 174
200 110
232 114
237 36
252 115
255 245
187 29
285 173
251 143
71 9
75 9
246 193
37 200
150 272
31 208
195 265
173 60
21 41
254 41
164 72
96 224
57 48
21 225
226 285
253 234
62 153
289 264
15 134
111 254
92 195
35 106
148 110
92 230
49 244
40 54
25 140
241 175
203 62
3 263
160 123
297 197
228 3
111 93
103 183
262 264
82 189
261 190
181 261
146 218
4 141
287 168
36 201
207 155
85 205
88 167
12 63
270 191
75 40
224 230
170 199
243 142
11 258
173 171
231 202
64 176
247 60
19 163
181 27
166 65
37 159
21 240
42 0
276 196
219 57
230 217
198 28
193 101
203 175
145 191
35 141
159 69
161 4
157 218
104 169
152 25
21 131
206 85
228 16
147 253
90 95
77 295
262 2
247 278
11 220
31 10
235 149
78 254
4 36
222 48
150 247
142 180
182 132
278 52
24 53
260 106
71 35
193 256
201 42
252 78
118 234
177 82
178 34
20 234
93 257
278 147
268 98
60 55
103 187
88 150
272 164
29 1
163 58
1 49
84 61
297 22
133 199
124 131
73 256
132 1
85 71
184 95
208 149
86 61
209 85
216 73
284 210
273 286
51 106
93 98
15 134
224 282
47 256
115 298
179 289
39 208
5 296
31 18
264 47
150 194
217 30
55 292
192 253
176 249
47 224
280 82
104 203
276 193
189 102
133 271
232 99
99 233
245 86
75 8
283 149
60 235
237 295
92 53
61 63
32 279
161 203
116 280
267 200
37 175
72 191
17 299
96 160
26 42
32 129
54 122
31 37
151 196
278 68
186 79
245 109
126 181
143 39
199 35
244 251
173 75
82 144
58 48
69 212
290 13
276 25
132 74
294 258
19 26
39 72
249 107
92 299
118 104
258 132
239 83
102 141
36 59
164 139
255 239
117 65
287 142
227 111
208 174
85 117
61 274
50 88
48 218
186 242
187 124
197 248
96 228
295 169
243 152
239 149
190 32
64 280
242 174
68 25
240 46
187 155
145 93
251 5
235 137
140 262
260 63
185 280
124 173
281 272
221 116
261 54
279 84
203 156
124 223
244 99
201 18
167 117
251 57
115 78
11 202
40 24
204 9
172 144
5 85
87 130
132 52
2 187
200 106
70 275
93 233
296 152
224 245
135 46
251 174
81 55
240 156
125 42
216 53
259 145
225 296
163 2
251 64
107 178
52 9
268 226
295 91
9 156
121 157
212 105
237 145
196 163
128 189
90 98
250 5
291 276
93 174
109 216
229 56
18 203
76 299
4 7
282 178
174 86
135 46
297 211
220 18
42 48
238 20
266 26
82 273
26 230
117 31
192 24
95 105
248 118
189 122
148 107
273 8
299 84
236 234
165 211
52 158
243 151
43 276
137 63
234 112
142 207
231 191
299 132
156 8
192 33
128 15
149 21
16 249
229 290
161 252
110 256
122 231
26 39
4 155
43 252
201 241
192 72
32 277
275 75
55 189
190 30
33 264
226 76
5 136
112 204
171 260
102 29
87 72
258 272
110 113
96 283
256 238
66 132
60 124
253 219
183 87
164 234
139 282
158 24
115 29
75 78
287 62
155 252
11 29
263 88
97 235
123 71
96 136
123 226
121 165
214 99
129 74
198 183
62 54
186 16
226 207
71 80
205 239
110 207
56 60
295 102
13 270
176 161
56 252
266 155
29 67
186 249
188 288
165 193
263 17
20 299
291 280
151 256
265 82
163 230
279 148
238 264
14 97
0 207
138 60
82 112
102 175
43 186
37 82
186 243
48 246
26 45
270 95
112 164
200 107
242 55
178 120
237 52
292 25
96 144
106 72
76 278
14 61
161 62
272 193
45 236
243 239
206 253
89 144
9 299
237 166
46 267
116 222
207 45
77 9
178 78
288 86
10 216
133 124
205 278
92 169
208 169
157 204
104 143
165 62
51 257
36 263
193 156
117 32
201 173
26 36
108 44
225 78
178 64
19 259
252 43
67 207
111 59
5 178
83 106
95 136
200 115
79 217
193 86
121 51
255 92
15 20
125 79
260 4
94 138
291 28
258 13
219 191
48 280
198 212
48 197
72 6
116 114
258 166
229 289
76 292
288 29
67 80
81 165
32 167
59 270
180 217
107 80
127 213
195 143
219 58
108 189
70 133
288 158
183 31
247 47
202 29
265 245
39 201
71 103
139 192
235 118
83 50
93 243
255 290
101 96
48 36
94 250
153 173
164 106
217 201
228 182
57 241
245 268
272 218
53 255
97 220
190 290
101 191
298 214
125 173
17 49
119 179
236 250
109 121
264 46
240 52
178 160
156 29
206 49
294 257
235 146
188 52
110 218
251 11
296 127
116 28
207 227
142 223
265 38
194 243
202 284
100 33
52 288
159 162
11 293
274 159
129 49
76 66
263 259
120 3
175 161
136 221
73 41
236 203
67 144
264 9
263 73
138 239
261 248
28 142
243 25
0 13
6 200
192 184
11 280
18 242
118 148
261 180
134 210
16 13
254 134
194 35
263 33
233 79
228 236
209 136
188 263
143 273
235 255
260 8
177 119
115 6
144 25
26 162
172 276
165 42
10 8
144 246
200 210
36 22
174 194
155 213
248 149
183 258
186 54
168 275
199 189
250 73
124 102
276 245
111 290
35 126
28 27
289 16
28 44
252 93
191 19
137 97
193 247
148 72
247 263
42 174
89 20
12 270
108 226
62 137
259 287
215 178
88 186
136 228
55 263
189 164
78 202
178 41
18 36
9 200
147 79
296 176
0 126
52 8
112 132
279 212
209 135
228 23
219 232
14 38
147 249
9 225
87 117
159 119
9 278
274 54
28 45
208 86
120 207
165 262
226 53
299 248
81 274
254 53
258 68
234 158
223 193
232 277
63 273
246 256
298 184
81 244
252 94
236 97
11 189
61 182
27 267
94 23
119 205
282 8
45 54
120 197
190 102
96 133
49 27
29 110
57 223
198 291
277 21
80 252
280 96
82 73
228 55
237 246
249 222
12 135
180 190
213 44
153 210
6 103
293 31
118 123
104 87
47 67
145 230
21 131
230 287
86 22
3 128
80 206
38 216
202 128
224 132
42 161
251 248
226 210
121 38
127 271
248 80
43 192
230 225
77 174
63 51
23 183
251 71
135 266
1 240
229 174
21 43
216 43
289 182
138 158
168 4
255 82
259 85
58 124
38 152
101 207
228 251
221 1
240 235
49 126
242 15
236 179
89 28
41 118
87 222
206 157
58 84
85 122
220 177
34 127
83 43
232 37
238 179
196 39
67 19
240 32
87 88
178 112
251 254
212 56
33 27
232 226
168 228
53 184
28 252
2 145
261 257
190 89
153 296
3 264
21 256
221 176
3 103
183 252
263 13
156 293
27 102
13 288
39 71
241 197
220 173
33 201
251 15
252 98
80 165
276 1
54 133
273 20
68 44
52 42
222 289
114 13
243 163
206 64
264 250
239 165
129 150
148 173
195 237
94 115
210 152
193 282
122 98
179 54
289 105
137 26
137 151
37 135
270 290
155 230
81 235
227 67
244 245
144 133
270 242
69 254
30 242
83 236
73 35
296 18
227 124
237 231
125 272
259 20
200 69
145 31
8 57
263 115
51 98
283 9
202 133
124 262
45 47
155 235
116 299
266 264
123 203
261 278
265 147
228 60
172 157
27 6
271 103
258 132
229 202
37 73
127 3
24 237
75 169
54 41
44 48
226 125
24 100
151 263
278 271
111 67
126 238
139 183
225 273
17 193
133 235
124 135
281 92
136 67
14 0
11 270
211 257
18 90
8 264
154 87
222 168
21 228
167 157
161 3
106 88
51 282
213 292
103 262
225 109
194 211
7 78
47 261
244 100
169 116
157 196
198 222
51 215
63 157
53 50
176 215
200 218
8 237
229 194
192 162
86 204
46 205
41 156
147 222
120 174
220 249
71 108
49 280
18 266
174 43
246 74
139 191
76 129
233 97
175 40
195 133
45 209
141 208
176 11
215 159
172 71
142 242
297 153
0 53
140 160
269 151
67 199
43 220
43 294
164 290
281 286
121 202
211 64
19 56
119 52
138 35
42 99
29 107
207 57
0 138
155 295
67 293
198 6
97 200
92 284
247 49
194 57
223 236
102 293
77 274
214 72
18 149
152 187
276 36
183 128
38 102
247 121
45 155
198 83
288 101
186 183
43 108
259 246
135 241
245 53
180 124
274 117
6 120
103 127
37 180
284 49
48 51
58 242
67 43
56 290
90 180
184 285
229 157
47 105
182 127
294 94
97 153
182 37
145 235
79 238
150 217
94 143
32 158
42 18
83 211
170 181
93 236
31 106
28 235
88 214
43 225
156 67
119 155
252 262
144 240
274 121
95 25
213 31
10 281
141 0
67 250
164 161
133 63
10 22
5 250
282 91
169 168
271 15
85 133
1 41
94 194
49 217
285 252
12 39
75 298
155 138
21 111
268 284
181 114
237 292
109 273
225 50
9 168
12 108
232 234
298 283
48 182
2 224
218 56
94 124
140 277
258 20
274 291
135 80
235 12
212 45
2 167
84 15
125 172
145 27
218 242
210 284
66 258
115 237
141 242
164 54
50 34
142 51
181 101
258 137
64 216
268 22
258 42
44 4
149 241
115 83
204 235
240 11
141 283
239 47
160 240
214 42
19 281
284 130
105 114
28 94
47 246
235 116
232 248
251 296
269 134
139 293
193 143
35 93
113 251
256 276
34 116
178 264
228 275
25 65
61 220
179 89
246 153
220 10
139 95
264 183
85 268
112 65
233 123
222 250
235 124
16 252
175 219
113 226
220 185
19 162
179 245
273 93
73 251
76 65
246 247
91 229
202 44
221 125
135 152
147 194
88 39
237 268
102 53
138 69
136 268
183 56
64 165
188 54
223 1
258 274
192 253
82 54
230 65
271 294
29 21
284 77
68 131
141 54
191 256
229 8
72 132
298 134
81 75
68 254
138 252
159 65
74 227
123 158
169 57
211 137
115 209
84 212
239 178
66 161
241 10
222 162
20 183
15 228
48 254
175 252
56 110
97 266
269 232
258 94
152 2
118 287
160 109
270 50
190 194
241 196
118 237
188 190
256 217
204 129
213 297
281 82
236 268
255 41
129 210
44 220
69 222
151 157
255 91
123 176
92 20
83 156
5 33
4 29
175 149
211 208
128 238
91 55
23 90
74 281
234 137
120 27
157 131
115 227
254 47
252 103
67 73
208 78
256 296
148 250
281 279
50 213
87 145
122 156
133 19
213 117
281 174
213 195
63 265
207 24
92 102
103 113
285 14
125 51
224 166
0 35
92 128
182 73
83 121
119 129
111 57
94 169
78 172
25 188
148 215
121 65
162 120
201 263
118 232
159 174
170 289
25 275
244 58
287 226
130 127
203 7
85 2
8 106
53 36
275 190
136 96
269 164
56 255
264 106
158 285
55 173
166 11
40 211
138 24
42 179
180 19
165 223
4 292
43 296
29 287
229 77
144 269
81 37
48 92
229 284
137 43
109 144
10 265
14 251
12 56
167 276
160 286
119 199
191 144
254 148
27 33
105 280
247 94
202 42
26 33
49 91
293 14
170 40
35 82
63 158
22 142
258 108
174 222
62 25
175 220
93 131
114 148
57 127
176 110
234 123
267 227
273 162
30 157
229 284
123 289
175 78
45 169
54 153
252 177
267 223
62 233
183 59
126 73
131 42
270 221
93 192
258 192
204 94
75 137
40 87
222 38
95 255
276 269
88 126
276 279
146 179
120 77
134 113
63 92
187 93
282 48
86 77
173 279
229 80
287 87
233 59
61 82
257 42
79 215
80 102
211 226
281 242
230 120
296 107
285 43
217 5
134 179
42 93
297 216
115 278
172 116
192 63
281 266
289 263
85 38
11 198
176 107
50 77
200 236
15 287
119 27
181 76
139 213
121 227
147 247
87 175
85 59
80 293
116 244
1 70
71 157
175 134
162 289
55 275
73 161
266 238
42 29
5 161
168 63
211 154
190 255
118 252
36 8
52 69
89 31
161 18
277 10
147 26
296 206
134 262
242 11
173 233
178 52
155 116
181 286
184 38
13 15
293 230
115 192
161 175
60 226
101 151
41 28
237 264
47 272
87 197
232 158
196 160
77 20
242 131
122 50
166 287
283 210
47 78
145 231
290 204
280 132
166 158
5 297
279 178
251 50
37 148
205 53
145 228
265 88
97 252
122 59
274 157
236 174
131 123
247 6
120 30
143 202
55 164
284 83
102 57
161 197
195 158
167 281
53 83
151 228
92 48
87 99
64 77
226 114
183 169
91 31
14 191
170 261
107 28
95 24
99 162
105 93
241 194
268 130
90 43
10 38
35 297
24 221
273 98
162 244
291 39
175 73
297 246
146 89
44 263
90 144
222 135
58 18
140 147
117 112
139 2
24 40
236 250
74 66
107 90
53 96
80 150
10 23
289 113
252 230
37 92
168 44
193 201
178 273
275 159
192 27
104 243
170 239
179 30
182 185
61 161
26 250
196 122
223 120
44 251
272 26
184 145
134 219
254 259
205 45
27 50
135 156
257 55
213 141
119 198
272 193
133 162
155 193
5 97
241 179
49 142
112 233
199 135
287 228
114 280
252 280
143 195
60 289
93 21
132 232
288 247
275 8
56 76
288 230
146 199
260 257
229 50
47 165
257 15
138 76
157 64
46 70
291 294
134 246
183 241
194 207
96 123
257 6
265 135
89 187
145 49
192 146
212 36
99 13
73 33
291 150
98 20
272 79
208 29
172 187
44 154
107 231
218 33
60 178
42 12
152 194
211 166
92 155
84 187
259 179
66 129
188 295
123 167
90 158
103 297
210 250
243 192
227 158
7 187
100 281
237 243
179 204
276 145
17 34
186 281
250 54
77 113
8 139
196 191
113 138
107 137
162 211
55 268
65 43
204 253
167 228
207 284
58 13
41 158
27 15
218 226
241 159
244 124
172 99
41 178
176 152
109 218
24 145
239 234
6 228
245 32
80 284
214 248
103 259
43 13
282 226
158 104
83 229
154 258
224 165
129 114
162 128
23 228
148 102
256 264
136 71
229 254
140 282
147 115
0 107
150 182
107 204
242 295
53 226
84 5
76 104
13 170
226 53
90 135
39 8
72 210
237 68
237 86
45 62
60 38
214 281
230 6
82 194
188 78
84 114
118 55
143 11
44 194
199 177
157 78
256 152
149 218
111 199
55 182
218 82
144 189
46 230
96 144
265 174
259 36
92 161
222 298
153 14
51 69
241 230
252 111
188 99
139 170
167 57
136 120
145 189
18 187
90 127
52 86
295 279
8 273
219 199
37 64
44 125
223 228
208 291
9 135
299 16
107 51
267 12
286 240
266 35
47 190
46 25
108 110
216 225
258 36
296 100
114 168
274 182
81 47
213 73
222 263
34 230
48 81
274 68
262 196
84 278
6 221
69 76
12 8
134 76
298 21
43 212
291 226
240 133
107 110
208 229
286 35
208 267
244 179
234 218
20 197
10 49
135 29
110 272
262 161
122 226
11 292
215 89
156 89
116 191
24 239
286 191
116 252
263 185
291 76
44 144
222 237
84 289
58 184
110 11
266 233
199 223
43 292
186 88
14 193
102 59
210 232
121 13
115 183
61 271
236 184
3 244
188 274
243 35
33 37
61 209
264 225
59 69
256 273
192 123
87 298
29 234
202 233
263 67
28 111
190 257
123 286
73 168
234 185
218 270
184 122
207 99
39 205
141 224
35 48
229 252
107 199
223 133
63 200
61 191
19 216
273 35
222 38
120 55
170 239
126 219
248 265
66 236
131 230
165 37
292 143
9 4
20 205
71 13
239 5
99 75
180 153
54 153
34 151
109 279
167 131
10 101
145 102
177 31
50 137
130 83
278 230
260 204
269 172
141 262
16 170
198 54
218 29
197 175
258 147
49 83
187 129
237 101
126 204
82 193
55 11
29 245
219 76
51 99
286 155
227 85
93 144
200 156
280 241
102 184
60 110
183 299
192 258
49 54
50 154
147 153
167 3
96 105
269 175
11 204
177 104
159 208
161 229
6 110
69 255
38 168
276 11
276 59
118 252
151 253
252 56
18 259
164 152
182 209
13 118
222 197
53 242
229 62
121 96
290 231
57 179
160 200
290 247
183 204
238 290
31 80
19 168
62 191
90 254
254 121
40 259
119 203
129 122
89 73
20 101
101 144
153 241
41 200
70 273
118 78
153 162
5 25
22 52
32 178
128 258
9 30
183 27
138 140
166 35
124 174
37 17
131 61
119 104
259 227
94 15
62 5
131 181
229 123
127 246
51 18
198 7
88 184
38 199
283 169
207 90
212 134
87 148
109 246
162 289
27 253
167 258
169 215
200 96
171 282
227 235
245 227
185 172
258 264
200 43
26 101
201 246
110 197
205 193
184 69
193 203
111 147
240 125
273 298
31 282
261 53
204 102
166 282
294 100
195 106
218 75
156 226
247 155
54 145
198 140
203 290
124 51
13 255
6 13
77 79
9 35
123 130
14 151
231 51
243 212
265 96
174 122
8 299
24 269
88 250
98 5
238 241
262 175
281 273
245 73
84 161
292 181
171 177
114 159
245 269
192 184
39 72
45 124
111 188
12 220
31 173
268 77
135 228
293 189
268 20
181 165
102 218
47 190
44 254
268 275
276 222
132 158
183 255
125 113
221 187
20 255
176 94
269 260
256 221
187 227
221 55
134 155
134 276
41 274
146 123
253 181
238 174
261 30
82 190
177 18
124 254
82 270
278 123
11 264
288 33
260 291
239 282
184 185
228 60
66 258
96 284
75 286
97 87
131 269
141 87
142 169
295 95
108 153
116 166
203 123
127 184
260 266
40 70
111 33
64 1
25 88
113 37
157 81
121 201
103 65
169 111
35 48
63 189
280 94
171 157
238 83
118 15
31 116
231 174
223 142
24 40
275 9
67 192
82 22
145 172
163 111
275 171
139 152
1 48
176 274
254 47
278 37
46 261
288 23
231 274
26 291
221 18
163 292
26 75
99 254
131 206
98 225
272 37
118 244
54 87
267 137
31 46
238 90
22 125
297 31
88 173
73 126
180 23
81 46
174 135
258 275
265 280
216 124
263 197
173 229
83 120
124 121
173 228
267 294
276 173
262 1
155 225
155 56
89 270
26 15
45 183
7 261
185 269
23 128
241 85
278 52
113 92
139 25
180 166
12 62
67 119
60 126
97 260
132 126
209 274
6 30
68 19
269 111
96 282
83 232
62 133
56 23
145 175
272 40
268 176
22 191
164 274
260 234
261 25
134 294
27 73
164 129
232 186
76 270
276 239
193 139
276 80
285 63
28 17
293 24
81 145
120 290
141 53
295 35
276 216
280 10
153 206
104 32
24 284
286 41
110 20
39 166
228 268
195 243
28 21
67 250
179 107
95 282
261 115
62 183
125 124
213 122
9 161
221 41
254 265
272 76
209 188
30 95
74 211
297 9
257 293
213 131
174 234
242 115
126 189
139 149
251 89
16 197
244 190
177 47
140 110
25 71
37 262
284 103
8 45
60 42
26 15
83 263
295 54
165 36
173 150
2 37
147 65
51 182
2 9
190 140
207 171
23 277
238 199
7 72
15 10
264 126
181 111
265 34
295 103
68 120
210 236
215 123
260 168
6 56
265 111
18 181
95 281
296 203
181 251
194 246
32 161
160 41
96 184
229 252
196 123
56 12
251 107
134 213
225 65
253 32
2 189
181 13
150 156
37 196
211 233
237 166
72 116
191 14
86 29
38 150
181 273
190 241
95 114
207 110
170 175
164 273
6 218
237 90
287 116
178 261
67 168
239 257
154 186
103 90
136 201
150 185
211 35
117 188
52 84
22 187
12 101
154 234
119 201
26 205
229 48
10 249
126 76
4 254
251 196
171 172
140 67
99 240
13 157
186 229
281 117
278 90
43 36
69 48
43 32
135 60
74 196
226 25
168 180
299 207
82 35
220 209
74 2
139 42
254 230
17 192
219 38
13 164
263 90
31 59
242 65
207 34
56 132
81 254
152 62
269 11
278 38
169 231
105 41
252 41
169 94
164 279
201 281
71 142
91 139
261 201
95 171
17 48
55 78
153 121
274 14
60 131
2 268
97 7
139 13
86 260
70 40
58 201
214 249
225 288
215 83
129 212
113 212
138 150
49 286
196 234
68 128
282 18
143 226
259 196
88 272
167 102
207 31
273 167
162 11
189 155
218 262
56 297
296 62
184 268
34 20
20 120
126 258
17 90
224 10
54 216
119 116
3 275
176 19
186 66
229 66
10 142
285 129
237 292
11 248
132 148
83 64
34 186
33 284
256 212
225 79
106 119
289 38
29 292
138 130
39 170
13 101
242 224
72 166
88 125
294 14
67 41
207 23
80 247
258 176
84 168
239 177
234 75
174 164
210 222
220 230
196 279
33 265
269 166
215 150
233 71
155 12
45 185
125 246
232 299
221 205
267 79
140 102
203 46
150 113
265 73
296 101
117 180
233 80
153 108
113 84
70 162
227 237
175 154
166 103
238 251
288 129
11 206
17 53
77 160
7 237
188 56
161 3
273 121
229 257
96 122
82 184
279 164
247 29
112 44
142 277
183 60
123 244
279 55
237 149
144 245
173 8
54 169
71 95
228 20
214 299
182 124
162 199
39 102
255 182
267 113
284 19
267 190
4 160
106 87
255 113
78 107
139 214
150 64
67 50
105 234
26 188
280 285
216 189
33 231
114 209
140 141
214 30
221 73
182 47
89 67
293 133
191 8
240 238
80 214
135 167
16 251
20 71
290 73
136 65
26 193
224 122
41 150
208 41
257 251
193 94
29 55
78 106
293 5
17 121
204 110
28 218
162 153
224 141
281 109
11 294
243 293
234 60
298 22
23 222
281 85
116 63
42 261
206 255
213 111
172 200
231 38
192 297
197 119
119 188
219 129
283 244
270 125
89 147
164 261
90 124
128 112
298 112
63 3
106 9
98 155
7 199
255 126
74 110
143 231
130 195
73 96
196 235
25 55
49 104
62 83
254 125
6 108
235 197
5 43
237 208
131 59
269 145
244 271
229 35
113 205
188 30
34 153
140 14
117 145
268 76
124 35
166 278
237 185
194 225
109 158
11 61
25 75
52 231
185 127
204 184
220 172
126 141
255 227
64 185
83 267
232 30
259 185
140 121
159 261
59 84
221 108
299 91
58 1
202 36
83 14
195 254
231 139
11 105
244 13
88 238
91 162
137 249
217 86
188 158
258 150
34 130
5 2
186 98
298 64
122 160
30 199
204 192
89 113
248 30
48 124
20 214
184 127
0 67
179 286
285 51
12 72
206 189
194 117
3 194
28 254
192 151
169 79
15 55
192 40
228 132
45 252
219 147
264 44
0 5
114 162
212 23
222 238
211 269
171 203
272 153
17 91
282 223
230 192
155 195
273 246
289 49
49 7
80 215
43 159
73 82
88 68
98 148
251 40
92 85
135 122
53 55
281 18
87 158
62 218
162 89
109 55
206 70
82 112
264 53
262 104
26 218
264 138
159 52
67 85
222 254
91 221
60 147
293 272
73 84
228 12
280 68
203 295
93 105
27 21
144 85
239 299
188 243
289 231
245 37
85 134
216 78
18 128
281 24
57 176
32 65
19 234
205 258
18 98
200 4
259 23
187 193
137 176
136 276
122 242
18 148
151 220
58 213
171 252
172 275
7 0
186 90
195 116
212 163
209 205
264 224
23 27
149 93
18 220
278 84
217 235
140 108
269 83
261 250
133 258
290 102
239 254
261 95
94 37
95 193
104 113
49 295
11 14
51 151
175 143
42 65
274 193
297 89
148 258
254 195
71 201
190 73
186 279
218 219
60 280
86 47
107 172
48 187
100 239
156 107
108 91
226 294
82 283
48 225
67 100
69 155
192 217
216 56
105 222
124 62
210 276
295 190
87 51
179 223
271 272
25 17
103 203
34 36
44 43
82 294
258 81
128 172
92 80
95 162
246 56
20 187
98 195
180 293
298 141
88 268
141 29
29 162
220 36
201 145
289 163
176 104
58 215
280 42
248 181
42 51
114 281
277 77
287 286
89 182
248 124
187 247
26 4
85 63
228 255
102 46
116 209
252 63
267 15
46 177
105 62
132 121
85 110
34 51
44 71
274 147
288 54
71 114
37 200
276 136
94 166
217 238
64 38
253 61
233 152
187 14
204 130
16 29
177 124
55 130
94 46
46 157
286 162
169 202
123 134
20 169
167 110
142 296
202 156
60 177
143 148
59 110
28 46
108 102
107 223
198 111
278 195
201 157
135 173
25 171
164 93
44 159
115 155
74 16
173 289
183 266
243 290
268 164
83 286
235 282
228 106
289 29
177 147
87 255
164 41
197 218
236 177
129 20
218 215
145 147
203 150
279 288
151 210
249 255
40 113
288 40
187 208
139 100
90 111
71 177
141 102
277 125
211 73
110 39
31 252
210 215
180 223
167 226
198 19
141 107
224 75
11 296
244 294
187 27
273 110
199 65
61 235
243 30
250 134
84 143
40 72
264 77
67 74
241 200
287 298
15 54
129 110
95 101
31 224
84 92
156 288
240 97
156 115
101 113
156 239
73 47
32 36
154 80
55 245
167 46
170 216
19 74
104 156
88 188
191 121
32 193
106 210
188 266
254 247
148 101
180 212
281 116
265 204
293 158
70 263
26 286
65 225
144 70
237 128
81 91
185 157
153 194
247 67
131 66
119 226
206 273
84 138
184 165
114 275
245 109
97 155
40 271
36 98
240 28
60 229
53 33
176 14
252 282
194 61
60 267
159 148
202 104
262 232
33 193
8 236
196 207
125 6
216 72
267 294
38 7
108 139
79 201
171 226
104 126
54 196
28 289
170 81
265 251
169 165
151 7
179 53
128 185
203 166
187 113
271 195
27 8
136 262
55 42
122 77
245 219
187 225
234 119
266 77
232 44
295 87
29 107
59 177
244 16
183 168
124 156
101 282
153 224
67 196
180 51
150 56
272 113
250 97
108 104
219 223
184 3
147 218
18 67
33 183
295 218
23 210
257 29
74 258
288 237
140 200
41 179
186 163
175 111
216 24
180 108
56 234
20 123
247 132
18 116
131 87
113 240
50 247
231 117
111 153
24 13
54 97
187 278
133 262
275 212
237 212
173 74
247 45
214 242
283 199
187 295
283 215
17 187
291 100
148 146
41 135
72 78
237 125
187 118
295 30
185 69
276 46
82 3
287 0
67 39
244 6
82 178
232 213
6 204
217 79
234 205
4 188
77 215
201 41
186 130
254 256
197 275
281 214
177 236
191 224
299 57
284 190
64 184
67 189
161 181
220 144
259 31
66 193
74 24
102 123
176 134
7 53
256 205
189 225
189 297
166 258
56 164
226 210
219 93
209 113
16 22
220 117
61 234
185 149
151 148
155 193
182 47
42 122
169 265
152 290
194 282
201 147
0 90
72 123
16 158
206 202
100 28
282 287
110 156
111 224
114 198
184 30
158 194
97 85
209 92
192 180
206 18
248 291
66 115
298 87
259 119
289 70
206 277
137 182
15 214
18 37
54 147
173 4
127 17
187 147
122 211
106 206
54 74
296 11
144 8
76 94
8 86
53 216
251 208
252 74
49 288
235 272
185 90
172 99
286 33
162 20
205 282
93 152
87 215
176 53
13 253
166 16
298 32
225 172
278 43
18 124
246 16
31 180
179 27
219 114
126 71
276 20
103 244
122 247
46 168
86 105
138 238
211 14
201 247
31 249
42 0
66 85
158 261
299 172
95 102
176 248
51 261
223 36
226 37
290 259
71 222
149 114
219 264
280 26
227 188
255 153
271 82
153 260
236 20
31 141
236 84
290 5
208 194
159 96
197 118
206 13
282 39
262 126
96 35
13 103
40 241
254 78
123 47
30 246
148 271
238 25
77 47
112 7
119 25
226 166
217 238
245 82
204 57
4 252
92 272
229 239
14 49
263 120
33 151
278 182
101 146
113 35
86 145
35 68
73 193
236 258
88 94
5 195
55 178
239 250
23 25
121 193
247 296
71 172
278 22
86 253
97 11
22 42
66 241
20 267
24 160
29 178
137 204
178 120
38 86
219 62
95 117
37 244
8 32
140 48
221 299
239 158
251 89
102 293
218 123
51 14
290 124
268 60
235 102
206 213
62 8
189 183
132 144
132 142
238 3
33 111
127 3
56 271
245 164
49 65
1 283
42 155
141 81
205 296
8 198
84 161
45 137
248 253
4 241
76 158
166 179
207 153
111 186
168 170
74 281
2 287
8 265
269 168
37 52
24 115
84 77
30 209
284 205
174 181
226 260
75 170
190 157
130 135
62 97
194 272
210 48
186 180
176 3
263 117
203 281
79 89
97 67
90 17
282 154
6 32
177 154
189 186
127 230
296 236
131 232
6 127
198 90
0 98
260 10
43 34
246 266
90 123
131 260
123 18
144 295
50 20
277 198
115 78
149 241
65 51
107 205
218 224
41 13
74 160
54 250
26 142
138 52
126 211
267 247
294 154
156 130
275 47
298 277
147 93
173 88
289 283
175 125
74 144
268 265
14 244
232 155
76 150
115 141
30 95
111 196
96 113
80 86
33 201
196 258
163 118
259 268
217 191
251 9
165 263
187 246
28 247
56 178
77 16
284 138
213 45
188 17
154 84
27 215
57 297
254 65
116 277
277 183
104 15
74 157
14 202
239 289
55 59
83 57
51 20
44 6
106 7
71 54
53 23
148 204
33 259
271 224
111 233
33 292
141 80
78 20
51 189
121 26
298 12
280 92
87 38
118 243
46 193
197 77
125 88
175 168
297 55
48 99
58 63
121 247
254 109
191 10
284 23
164 159
171 37
76 135
4 275
287 111
174 280
14 248
240 190
241 81
141 89
43 120
16 88
52 125
186 73
83 168
51 46
214 165
5 282
130 272
170 119
271 136
267 41
266 226
113 156
32 110
110 43
146 49
94 76
192 38
224 284
94 16
116 157
9 273
37 70
0 159
118 25
260 146
127 288
170 9
32 229
261 39
102 277
157 76
164 96
273 140
11 3
78 152
293 264
204 256
175 131
63 172
191 26
110 238
177 173
13 268
147 78
83 167
8 78
156 168
296 299
33 104
50 165
49 90
20 241
73 231
210 262
107 187
56 261
285 154
12 58
258 147
283 116
253 16
193 108
143 55
50 74
179 151
177 78
53 90
20 124
22 34
99 156
7 144
230 287
112 188
225 101
173 111
220 250
11 18
184 122
6 2
241 214
117 268
109 237
140 289
155 190
86 63
38 143
250 116
242 296
54 189
293 2
295 127
187 220
133 165
154 12
206 103
274 296
125 255
41 204
215 154
16 232
49 53
231 19
109 29
78 129
11 227
88 79
148 233
129 91
82 183
207 43
226 126
232 99
72 61
61 185
188 252
22 103
70 156
128 102
56 24
108 73
145 184
84 147
299 62
9 291
195 198
123 131
263 122
272 133
261 217
142 15
234 113
143 276
58 184
199 83
295 299
164 2
197 213
113 244
257 55
264 177
33 260
114 199
157 200
125 90
154 258
133 169
12 265
282 134
126 225
204 104
244 256
3 35
175 20
206 224
142 38
242 231
220 44
242 248
230 39
18 50
10 183
212 185
121 238
19 58
159 40
107 215
245 123
164 136
236 184
148 258
82 263
184 142
163 138
186 280
216 126
67 294
64 204
174 242
94 258
46 209
97 191
42 159
164 105
116 97
132 31
254 265
153 213
205 120
229 158
233 268
83 9
171 289
285 293
124 112
257 229
106 214
142 104
113 210
236 77
7 88
41 273
93 264
235 41
25 113
71 178
16 88
212 174
27 159
266 178
104 283
142 272
21 144
160 267
151 176
229 123
58 295
290 92
96 53
153 116
58 17
77 65
81 88
12 41
85 19
299 165
288 195
230 176
84 206
296 265
108 59
0 13
220 72
290 279
265 163
242 123
281 182
216 197
62 110
189 33
201 6
275 69
108 204
98 15
148 68
256 70
174 268
190 251
36 222
69 31
146 165
90 113
116 230
239 87
175 237
213 226
55 297
46 118
87 100
35 185
62 5
229 14
50 211
133 211
42 199
213 117
173 294
41 186
273 87
20 23
245 240
177 90
266 110
299 78
191 171
253 296
266 121
218 112
92 101
34 202
101 226
97 94
147 141
234 25
180 232
123 233
231 179
74 11
86 142
286 201
290 167
40 264
52 76
240 242
51 290
273 111
136 24
0 141
239 89
181 29
113 192
281 156
81 221
201 19
169 255
219 293
250 106
284 57
198 93
110 114
111 25
62 284
62 136
115 67
131 135
137 232
84 149
1 200
111 33
35 243
50 215
173 257
231 167
70 172
293 270
198 12
137 145
150 140
148 184
32 165
189 130
225 180
234 258
96 270
144 155
155 262
26 83
46 248
261 291
42 272
219 146
216 218
146 227
175 88
59 156
149 65
202 90
292 142
69 84
106 215
200 192
82 91
164 70
36 181
235 139
264 140
256 122
129 122
157 113
265 90
187 38
142 189
166 210
180 183
209 164
87 233
37 270
187 143
132 293
212 68
115 184
13 80
156 128
267 153
132 89
11 27
36 229
113 61
226 283
240 220
90 249
214 76
106 209
85 89
223 4
133 265
154 249
277 4
299 249
89 239
236 74
72 157
229 35
251 60
9 130
216 252
299 137
235 279
30 261
185 46
293 286
44 54
200 191
1 172
129 92
270 286
61 162
273 19
120 110
220 171
198 121
268 157
156 93
73 175
31 239
10 185
6 217
13 272
169 185
280 57
240 202
14 62
270 126
93 41
295 231
238 9
277 235
204 232
171 228
178 275
61 282
8 82
109 142
183 296
183 211
172 287
4 131
200 289
70 285
288 253
125 57
206 249
42 7
11 85
279 27
102 82
190 56
152 0
87 69
176 184
45 105
200 167
100 245
116 170
208 184
184 154
164 296
58 139
56 63
148 218
154 264
54 95
131 134
66 183
136 235
167 165
44 256
132 151
197 287
234 205
113 163
132 58
179 212
75 239
107 171
258 262
218 117
28 277
187 175
123 35
272 142
193 101
295 85
278 10
179 282
232 122
189 163
99 161
241 264
246 242
95 84
62 181
179 2
269 289
218 16
88 295
218 0
177 285
246 142
266 262
282 173
106 175
84 40
144 129
137 14
144 131
297 78
90 229
262 288
42 163
111 233
265 63
288 294
290 260
275 10
61 165
110 258
232 274
91 109
129 183
239 106
296 235
80 257
159 203
215 208
289 72
245 101
128 21
125 29
265 114
34 1
208 207
17 22
163 80
225 53
239 90
167 296
265 264
269 263
39 62
194 192
216 294
204 128
254 7
243 172
0 210
119 148
155 135
92 4
104 185
37 191
39 7
188 0
234 138
184 31
126 178
292 228
154 138
212 196
249 146
97 170
192 245
56 200
32 112
239 41
233 74
111 227
269 62
53 85
155 278
227 291
182 113
50 164
20 73
57 252
60 99
214 195
105 269
216 208
55 241
186 291
275 287
245 273
73 19
55 279
66 214
14 133
281 262
258 49
80 267
137 20
172 287
52 29
62 253
209 190
183 197
32 213
153 217
20 218
75 83
267 230
295 167
154 288
94 251
250 90
173 205
195 238
162 210
162 91
76 88
143 165
240 288
143 4
250 62
38 247
151 262
229 212
40 87
110 238
275 18
295 41
202 76
229 239
75 81
99 147
150 10
159 65
86 56
143 44
97 83
61 127
227 54
41 126
234 24
287 84
14 71
94 232
180 182
177 187
27 245
162 96
173 42
40 293
272 255
252 165
140 207
199 293
158 225
243 54
170 143
149 160
204 26
25 23
1 298
201 87
23 3
3 272
205 59
162 236
29 296
145 37
282 17
85 153
147 211
198 247
273 151
80 88
161 6
183 20
290 288
230 211
280 139
86 82
291 297
42 29
81 127
230 44
158 263
209 207
211 28
42 209
43 153
200 211
45 273
107 31
165 90
203 152
47 148
70 124
28 114
294 237
228 201
3 288
255 202
160 212
80 4
68 130
287 6
30 294
148 129
133 269
249 158
285 249
142 154
10 151
257 97
41 68
187 7
254 69
124 79
249 53
288 77
42 193
274 284
62 73
91 248
258 207
155 145
52 82
143 14
277 55
261 239
124 91
50 212
253 137
284 137
174 222
243 42
190 46
136 66
240 101
182 92
73 22
151 182
128 230
238 124
246 45
248 62
102 44
168 87
291 156
3 0
242 214
170 95
18 267
284 83
153 21
227 188
170 72
234 248
53 297
116 219
267 122
134 212
217 247
65 69
206 284
220 87
154 211
32 121
189 77
144 216
164 26
237 174
194 42
45 160
5 107
295 252
203 87
132 230
75 263
132 162
291 181
215 191
84 255
130 244
108 229
133 164
12 269
53 251
101 65
39 128
256 245
118 183
123 157
11 260
155 75
206 120
275 272
60 27
22 83
213 144
46 73
266 175
277 220
190 121
152 199
212 203
279 89
130 254
13 89
281 217
260 114
17 287
224 239
290 272
232 27
264 76
66 277
94 78
127 131
85 198
135 189
216 101
48 52
295 107
287 204
134 274
143 252
278 161
65 57
11 99
280 147
129 81
151 153
215 246
283 3
208 227
114 59
299 100
228 234
172 177
150 273
56 90
151 138
90 35
188 119
59 258
103 96
36 169
25 24
32 218
167 44
285 109
194 273
52 90
205 9
266 65
3 248
167 7
83 96
49 15
32 116
231 66
289 186
137 15
60 293
137 35
164 178
48 151
171 174
224 84
297 52
20 63
42 126
111 122
164 94
210 3
12 260
203 135
101 144
230 247
79 181
280 274
59 38
18 117
66 119
168 80
114 127
272 183
230 103
94 9
22 47
91 159
135 138
41 60
182 24
96 29
23 263
150 270
58 191
161 32
210 47
69 164
116 278
288 96
53 125
240 199
160 154
116 35
297 106
183 130
9 204
243 69
40 125
73 173
244 32
194 55
69 48
248 66
113 258
21 216
276 160
203 38
152 236
270 173
291 187
259 98
79 170
82 110
25 254
81 17
8 78
264 162
0 112
141 0
255 98
41 97
13 188
192 106
199 179
280 75
57 130
103 248
61 225
48 99
207 240
85 53
139 203
253 11
205 94
143 75
188 243
249 175
23 235
59 49
241 279
162 199
50 214
103 257
234 231
96 158
16 285
281 19
206 299
122 87
95 254
85 165
47 240
209 156
96 109
231 16
198 109
86 212
247 137
266 219
32 7
181 191
124 34
148 104
76 205
261 149
107 126
255 12
286 196
168 132
106 40
49 143
298 81
235 158
76 102
46 20
143 240
266 39
10 282
216 2
135 250
290 190
293 145
90 9
194 0
285 246
9 12
218 149
272 43
272 66
51 221
145 80
153 217
234 44
32 219
29 115
134 262
241 61
96 133
258 52
272 215
76 198
101 36
11 286
136 146
265 134
197 6
195 163
288 98
261 118
269 183
18 295
258 83
117 67
282 110
108 226
14 291
288 194
81 136
32 24
259 187
224 47
220 165
232 269
3 24
33 192
23 149
16 90
14 127
56 80
253 259
168 214
22 154
199 162
238 36
276 157
290 43
66 210
35 102
290 177
0 220
68 253
272 12
11 194
131 242
174 31
170 219
133 93
117 137
119 121
284 148
102 292
196 110
164 193
280 9
203 113
99 82
94 298
256 102
74 147
123 195
229 114
251 26
272 257
246 151
252 30
65 91
140 156
182 68
108 111
298 40
198 96
246 125
252 289
219 191
226 242
137 125
49 262
291 250
15 240
33 75
163 260
195 234
59 91
140 233
164 33
217 199
109 32
171 89
214 105
56 149
210 97
295 9
239 139
1 172
167 138
92 34
123 173
26 275
196 180
45 31
284 171
21 176
280 28
10 262
3 219
266 145
152 264
264 180
116 89
221 214
155 83
74 162
163 271
112 211
277 169
197 105
251 190
98 40
77 207
16 107
51 298
107 79
0 125
85 34
200 6
223 145
183 126
96 107
282 271
61 252
177 254
60 175
45 63
50 41
81 92
107 66
87 99
148 160
154 255
48 290
202 205
236 98
20 192
192 262
275 256
128 70
46 126
267 286
245 98
232 97
212 71
181 53
165 265
194 166
249 86
88 35
163 256
54 196
224 265
193 180
20 164
137 291
279 137
37 27
47 104
237 74
41 275
266 284
197 188
58 70
274 195
74 68
282 7
9 275
209 277
59 292
164 172
80 5
261 123
84 258
170 93
61 34
52 110
54 42
10 81
51 43
194 99
9 210
284 156
174 161
247 118
135 106
284 274
128 227
217 113
147 229
295 140
111 170
232 185
250 298
98 149
167 164
55 151
224 176
277 117
154 20
30 286
235 103
200 105
45 213
154 107
43 42
87 282
247 89
43 216
131 156
112 278
155 113
211 185
114 128
66 120
33 150
274 128
198 276
2 124
236 145
203 275
69 88
227 162
106 70
108 299
154 96
154 27
93 2
98 177
139 106
28 110
207 253
82 62
196 132
169 3
214 227
93 261
117 182
155 180
79 41
118 255
44 153
237 74
8 251
118 76
2 137
275 89
95 44
48 222
210 113
143 233
53 140
269 112
180 64
168 232
283 106
289 207
214 216
205 151
210 221
90 132
171 62
169 268
20 105
37 151
179 83
234 66
137 122
59 181
86 99
83 152
223 214
294 244
86 46
2 193
135 268
94 17
82 38
79 101
156 48
28 248
127 279
217 7
287 167
35 256
110 238
260 19
9 131
4 281
143 165
198 57
68 40
208 90
139 241
68 63
264 290
15 72
191 226
12 61
5 271
2 277
253 32
75 242
214 208
158 266
84 299
299 194
178 15
54 138
101 293
297 110
203 71
90 95
147 87
136 14
115 72
101 114
150 140
167 72
268 223
292 192
216 21
113 47
157 150
65 70
204 25
235 102
138 83
15 166
79 136
226 30
6 67
29 159
3 262
113 29
135 50
161 235
267 7
109 132
259 75
179 286
27 112
126 63
106 34
62 44
267 32
275 114
122 69
82 185
14 275
243 217
128 54
7 260
85 89
116 249
100 84
249 140
254 268
294 139
200 94
271 209
189 298
229 61
256 75
155 294
95 41
298 142
102 1
24 248
195 178
132 263
137 229
169 55
38 253
12 211
16 116
271 124
217 247
207 95
118 81
224 121
197 211
175 194
104 236
107 18
267 184
168 142
297 49
230 34
106 245
197 131
213 214
152 289
32 10
138 101
191 33
85 7
235 127
83 271
244 191
95 190
202 115
186 8
125 66
116 109
64 299
266 297
46 175
243 77
261 203
157 18
224 265
288 241
266 173
120 117
34 293
140 184
60 292
227 93
134 81
278 254
168 203
55 165
188 124
290 91
265 80
270 137
22 276
251 77
28 173
203 147
165 147
154 133
104 146
211 109
278 160
44 295
255 81
253 3
41 217
131 48
86 151
255 216
97 9
285 271
197 274
105 195
207 61
284 96
267 204
281 16
9 269
115 72
227 32
44 23
239 93
14 30
39 29
45 163
14 166
30 265
90 99
101 32
260 281
247 43
123 38
292 296
99 13
235 264
259 281
192 151
256 287
156 80
292 49
158 66
137 47
176 111
23 28
289 100
20 222
188 211
2 40
223 272
235 289
222 232
95 237
225 190
287 183
271 210
72 60
136 185
37 183
195 100
145 8
17 112
258 51
37 8
125 286
206 273
201 249
212 265
203 174
49 99
120 90
8 131
12 135
66 270
279 213
204 184
280 159
152 203
112 127
60 221
49 285
7 227
192 41
245 138
58 9
229 228
120 201
52 132
152 227
241 206
171 24
255 180
157 181
3 40
116 26
129 150
222 235
181 58
246 8
163 41
295 207
137 173
151 70
128 87
156 35
13 142
43 179
106 227
118 218
81 249
270 33
170 196
237 239
293 44
272 257
153 228
244 218
115 128
86 233
118 270
176 209
206 1
240 153
107 250
163 217
33 87
254 0
84 159
234 14
229 112
212 59
221 153
202 100
289 59
65 255
124 210
142 214
261 294
278 221
102 286
190 117
297 203
204 119
261 277
169 31
165 39
24 4
124 240
90 16
80 157
95 196
140 9
289 270
22 180
125 178
297 211
243 196
10 86
121 24
278 153
143 243
39 200
72 158
40 115
170 178
179 45
27 212
204 108
104 231
171 62
162 262
83 262
4 69
174 142
256 117
179 94
272 184
284 169
205 200
278 88
203 149
192 10
249 262
89 93
279 27
103 44
98 4
279 253
145 191
84 46
289 119
231 118
184 226
276 3
285 174
97 33
283 219
50 209
77 238
13 127
99 70
158 183
87 199
166 249
30 231
127 264
274 236
64 15
84 96
125 187
182 265
270 123
17 75
116 162
93 22
168 134
80 294
269 109
253 31
272 232
75 233
207 70
298 155
81 40
29 26
138 141
202 156
280 98
46 4
32 123
122 234
215 158
104 269
81 293
136 157
39 162
145 211
274 191
276 98
298 279
62 112
287 269
261 227
277 278
183 98
214 127
218 261
51 45
205 65
91 87
41 196
290 61
9 3
80 55
87 161
252 103
232 199
117 115
68 142
246 16
169 157
295 191
9 174
294 67
15 70
189 162
85 166
91 114
215 251
122 218
240 59
127 28
268 141
61 215
138 294
83 189
120 60
4 0
30 87
99 254
74 243
219 260
191 299
210 45
35 165
294 22
216 28
138 221
49 295
134 8
14 56
67 266
53 48
167 237
293 147
191 56
230 25
116 218
141 296
273 118
46 175
3 170
62 47
143 82
7 210
16 273
3 122
25 162
177 272
162 289
85 279
126 125
272 106
254 206
245 218
258 232
89 66
230 204
72 32
13 24
82 35
194 159
270 216
246 295
22 139
242 167
271 249
169 95
230 118
69 126
152 196
90 250
214 258
296 82
95 241
214 59
12 295
218 35
121 226
79 263
171 18
256 208
201 16
57 251
221 31
56 116
197 98
238 64
107 101
218 48
31 63
142 129
232 255
109 238
119 86
81 3
209 111
67 124
4 59
200 65
267 82
135 298
38 119
281 173
280 277
159 53
21 298
107 72
29 225
140 181
38 112
229 216
53 271
110 109
14 154
96 215
263 174
103 186
150 234
137 247
285 265
211 230
213 25
209 106
159 213
126 145
78 90
176 87
296 223
267 203
129 217
61 209
218 244
270 256
179 219
213 74
9 113
291 126
66 53
288 11
35 186
144 200
68 152
295 252
90 41
144 261
86 251
296 246
116 284
57 244
1 203
86 245
288 164
190 253
19 287
0 251
25 292
183 275
124 139
170 233
66 210
73 78
159 212
37 141
60 189
115 274
215 281
213 202
58 13
176 133
58 82
278 20
66 156
277 109
272 233
151 78
211 230
143 59
39 35
111 295
20 171
77 269
111 165
178 204
196 65
253 28
186 124
261 143
123 131
166 191
122 264
88 23
267 295
166 7
183 73
201 279
198 290
28 161
242 19
67 138
94 194
119 128
257 268
35 31
33 107
187 5
148 83
128 121
124 27
59 79
37 93
272 268
246 132
123 232
106 227
137 22
266 42
4 27
64 240
35 117
131 71
192 261
267 129
264 226
235 106
267 171
43 24
185 106
231 141
30 159
85 252
258 295
240 208
48 100
179 142
162 133
288 24
216 2
286 287
165 56
98 234
133 260
244 273
122 103
169 3
2 262
42 20
251 124
254 160
82 263
169 123
299 83
158 109
280 38
178 56
60 36
67 81
217 283
38 192
67 152
134 155
240 260
82 144
144 130
57 178
196 219
32 63
88 198
276 262
143 272
53 189
221 165
55 106
13 231
56 90
42 41
101 103
235 73
74 261
218 185
94 141
52 28
291 247
126 202
221 104
5 114
227 184
216 212
8 13
183 23
14 199
134 33
11 187
73 236
117 80
270 169
231 286
109 120
145 50
64 59
28 102
143 24
71 179
232 204
7 64
73 282
62 178
76 31
290 22
11 299
139 247
131 13
48 163
213 19
189 294
145 105
179 49
224 93
98 146
288 163
212 113
197 211
276 138
165 289
175 86
98 181
103 250
176 95
166 222
209 286
289 271
164 254
48 137
30 152
201 221
69 125
29 113
81 237
123 283
236 211
1 173
156 200
262 14
161 60
97 55
266 219
23 218
299 96
4 26
216 152
126 18
260 145
298 6
254 93
119 45
66 287
76 217
167 290
190 100
22 33
168 67
144 269
87 62
181 204
96 94
181 260
197 131
103 181
206 75
1 172
214 19
266 173
30 176
211 99
40 158
12 17
97 44
73 25
115 65
48 35
127 16
118 4
58 277
71 161
49 33
199 167
291 269
211 249
143 247
239 150
79 135
182 260
136 131
100 127
284 265
176 61
17 293
61 187
104 251
291 47
122 163
221 4
113 48
69 219
234 154
62 81
249 108
129 219
91 291
188 28
295 162
204 24
141 198
263 20
275 80
85 3
220 276
286 139
111 43
17 255
204 231
191 211
275 276
264 153
76 182
137 185
50 257
92 214
87 220
38 118
189 273
74 21
76 18
264 37
193 90
187 44
14 60
22 143
120 25
216 104
118 47
118 29
245 216
173 105
209 35
268 117
288 18
296 216
212 246
118 106
149 221
77 226
259 98
253 206
94 77
130 228
210 246
84 134
175 110
255 282
287 274
236 5
196 31
191 178
30 74
266 214
85 171
59 291
122 237
33 84
285 273
237 88
242 102
296 16
80 290
172 240
99 208
150 178
262 272
268 65
240 41
154 209
135 75
204 221
63 274
27 38
1 111
27 131
5 21
158 124
274 24
293 112
152 155
110 180
299 208
280 294
204 37
62 97
187 212
132 178
282 280
102 100
294 124
5 144
161 13
232 88
299 223
121 119
162 119
56 0
204 20
225 223
98 16
29 52
46 90
264 216
243 122
11 291
218 178
164 29
236 143
74 162
60 280
155 128
89 269
203 188
294 188
249 221
223 120
225 125
179 136
268 65
252 125
33 178
204 28
2 27
255 10
261 233
128 270
128 218
225 233
149 124
58 280
127 14
245 8
119 266
197 222
236 160
258 52
114 193
210 137
7 202
83 251
134 233
116 261
122 279
265 279
128 168
171 293
8 111
72 19
242 229
99 222
87 114
122 133
275 179
168 53
7 179
261 120
283 172
143 46
55 220
133 164
21 77
132 284
200 157
291 287
71 249
117 244
209 193
289 90
191 35
205 255
119 81
220 206
261 144
125 33
120 219
28 146
17 97
28 67
104 284
34 174
153 62
115 168
192 260
151 202
188 264
259 148
261 291
21 8
245 97
285 204
257 297
243 263
88 122
150 96
90 229
209 262
263 215
127 267
252 120
227 263
174 30
71 192
62 184
174 18
142 78
282 130
157 183
4 281
41 162
81 197
119 94
125 21
34 38
10 144
281 27
198 38
0 213
297 48
21 149
8 96
212 128
171 104
297 286
179 218
199 30
119 241
164 121
89 284
94 253
290 27
278 284
35 159
22 214
272 115
60 247
173 299
114 92
194 98
178 116
243 212
96 80
179 238
218 213
121 129
224 28
55 9
8 197
292 278
192 230
231 261
102 238
247 114
172 266
244 274
107 10
174 24
224 1
180 116
223 263
115 192
44 189
196 192
86 32
247 163
234 21
30 194
17 24
198 53
181 139
8 0
20 256
96 263
121 13
263 223
176 231
240 172
12 189
142 23
183 147
216 191
155 76
93 25
11 282
27 167
215 204
116 141
52 21
204 28
254 235
209 228
64 80
119 163
2 24
124 6
87 232
86 280
100 236
221 185
130 67
85 22
242 151
50 0
185 103
246 134
82 294
55 98
286 296
238 116
67 10
225 44
79 210
7 169
54 93
217 113
110 232
25 159
54 116
104 194
0 64
232 157
113 130
38 116
186 168
96 1
191 20
16 30
173 268
283 173
154 0
36 43
240 68
4 160
63 59
54 25
24 228
290 210
290 150
115 141
64 79
97 143
45 18
49 269
213 90
31 174
226 99
205 179
77 98
139 111
193 48
118 75
230 256
175 0
109 148
246 14
201 118
155 46
8 48
188 77
229 98
61 122
173 136
60 263
97 264
173 160
43 159
103 206
251 203
266 97
192 140
102 81
234 253
170 165
30 66
126 149
160 150
232 222
298 64
161 273
175 231
241 174
194 10
178 79
247 145
185 190
148 11
236 245
118 2
26 139
6 13
11 27
1 150
52 40
93 66
115 45
154 246
112 67
194 107
149 209
208 170
174 249
199 83
142 33
20 121
295 274
177 110
50 1
13 0
99 119
286 12
20 53
188 119
283 259
84 220
237 135
230 51
55 235
72 38
193 90
112 82
109 93
142 265
294 292
223 233
207 290
144 182
121 153
271 56
44 225
293 254
149 151
106 289
282 176
197 145
163 191
179 205
0 119
4 292
248 87
136 287
219 159
238 257
224 211
288 163
109 91
281 139
228 258
284 228
297 251
211 284
86 205
157 269
272 191
192 253
195 289
184 100
237 185
69 122
197 185
112 81
59 28
222 191
164 71
188 289
58 233
230 183
269 109
81 95
68 52
256 215
62 280
277 205
122 92
127 156
44 43
283 86
1 295
76 8
244 223
77 260
98 298
32 146
6 86
298 194
43 115
193 101
246 66
95 272
199 295
89 100
248 71
113 4
162 65
216 223
249 299
219 170
6 227
113 149
151 191
96 290
45 151
92 48
252 1
283 156
229 156
262 243
237 192
285 115
244 25
19 278
5 6
3 283
94 3
30 83
43 88
272 11
211 57
13 66
90 7
28 33
37 149
281 193
40 59
292 71
78 274
17 282
81 42
265 237
126 0
288 123
156 128
36 229
110 1
235 153
208 115
94 60
295 285
85 162
138 109
115 74
279 199
239 267
265 268
74 206
156 232
240 210
189 107
287 99
280 1
95 256
166 53
280 25
262 185
217 124
292 27
54 208
125 13
69 25
94 93
117 139
286 276
85 135
277 4
265 64
108 274
275 129
284 78
121 289
203 31
204 243
177 178
222 200
135 237
90 15
4 53
11 206
191 226
15 250
79 231
187 96
283 277
223 2
130 141
148 89
298 176
195 221
83 182
233 258
49 281
46 59
288 102
122 34
58 59
38 48
185 206
43 127
110 8
156 273
204 152
198 217
147 184
155 213
284 108
179 43
23 120
155 167
186 149
148 2
280 198
77 237
128 215
281 16
223 212
126 154
17 210
260 282
154 141
32 273
20 81
71 221
289 63
107 294
132 21
18 230
267 221
95 171
154 3
40 139
189 287
100 64
244 143
23 220
225 23
235 14
34 14
288 180
110 199
194 188
161 263
186 274
191 260
90 13
18 88
129 155
153 219
260 289
42 250
291 267
171 278
264 139
225 22
199 201
49 233
121 136
118 291
250 81
20 291
270 207
274 23
62 137
194 128
213 54
247 144
290 111
34 274
240 251
81 115
288 101
3 68
281 59
25 277
197 168
261 270
98 190
25 151
204 209
259 119
99 52
43 31
246 200
292 23
261 234
71 5
225 289
270 161
225 293
230 259
154 69
254 138
52 193
298 36
124 4
218 286
109 261
186 105
116 253
230 110
153 189
91 132
51 29
71 271
259 48
237 9
13 281
178 159
28 75
295 242
233 13
32 21
203 251
10 35
184 285
123 202
104 22
10 215
281 50
22 145
36 184
36 129
49 66
197 281
5 194
127 38
123 194
57 179
137 64
237 187
12 286
122 20
63 216
105 175
78 34
61 289
264 100
191 31
118 281
103 90
150 184
30 75
53 299
9 94
214 144
177 132
165 277
17 138
104 267
291 2
105 133
167 150
141 243
179 102
94 124
269 105
99 178
104 271
202 55
49 239
275 221
248 238
37 48
113 276
119 117
85 76
98 0
96 235
79 141
234 163
37 250
119 185
170 100
250 174
255 162
135 154
155 289
260 190
236 266
7 180
93 67
35 56
208 180
274 4
133 218
2 34
237 131
278 155
287 196
18 96
247 294
13 47
63 102
17 180
109 120
88 203
262 87
299 20
168 251
297 191
64 124
108 292
263 122
46 268
44 64
102 256
220 288
277 30
105 197
63 286
249 182
80 99
242 116
262 259
154 262
282 249
215 5
276 215
9 285
149 108
186 149
141 263
133 80
117 90
10 266
175 110
104 144
97 254
270 21
17 36
153 41
228 243
59 88
285 88
94 240
80 219
203 33
26 14
181 259
270 237
79 194
286 197
100 258
175 123
183 236
69 18
29 298
22 96
198 154
249 265
31 32
124 168
146 89
44 287
214 230
20 266
128 71
241 29
299 22
198 43
112 153
27 279
185 172
30 266
146 71
96 3
208 93
291 174
199 217
28 106
230 60
124 69
219 63
147 16
290 56
295 264
130 128
286 179
80 267
210 68
83 210
48 286
103 236
25 297
256 253
187 0
71 54
107 27
6 298
13 188
109 120
257 28
89 72
171 248
134 110
126 13
199 240
224 234
128 143
272 1
18 27
199 237
177 169
256 214
181 89
231 243
193 203
225 210
285 15
78 108
91 0
221 68
207 132
278 268
153 124
294 127
194 84
265 28
199 220
3 117
55 142
285 196
205 164
4 257
270 89
285 173
128 253
287 259
133 67
157 180
193 101
276 120
80 174
273 242
200 20
193 261
11 278
55 92
238 58
259 144
94 178
283 156
62 47
168 295
105 5
232 118
144 34
6 69
66 50
16 118
224 192
182 85
258 83
221 8
8 154
79 197
184 83
1 120
86 91
30 64
159 58
92 115
139 159
84 270
149 70
108 283
74 297
98 75
152 273
31 145
183 27
19 31
68 284
204 49
296 48
92 230
293 186
87 162
293 187
27 60
281 12
216 107
279 298
158 105
37 86
180 9
66 254
188 154
130 30
222 137
268 94
189 66
149 113
27 278
103 2
253 25
200 282
206 265
210 271
82 81
140 38
69 139
185 217
284 3
74 93
261 104
166 214
70 181
228 229
74 234
211 111
158 191
131 194
20 147
108 21
262 205
27 120
120 259
217 63
258 67
128 193
260 47
85 186
221 143
29 233
296 215
142 105
91 262
170 5
298 123
86 46
173 278
255 243
185 216
132 11
93 161
299 32
255 168
151 116
202 166
82 71
232 98
85 253
285 16
24 205
269 191
143 15
298 111
61 200
222 216
282 133
72 42
51 202
117 260
40 179
184 114
102 61
37 179
63 164
229 21
186 299
36 26
107 148
4 233
179 211
44 116
262 82
175 140
255 239
192 229
146 215
184 172
5 101
116 120
48 187
262 91
5 15
257 281
78 131
243 152
125 285
34 208
272 72
93 240
51 63
55 96
68 248
222 61
215 284
109 139
9 222
191 37
35 168
250 129
121 94
202 107
44 278
251 284
61 55
151 278
218 205
93 282
101 18
38 182
85 187
152 23
284 106
225 278
129 106
5 254
237 38
81 127
163 227
292 113
96 201
173 137
203 96
57 1
76 94
269 102
19 299
162 106
182 223
33 40
17 106
231 293
257 33
152 12
167 151
109 223
207 193
270 160
156 101
73 74
235 268
213 44
244 62
252 260
110 270
164 63
152 39
118 94
256 272
9 94
104 258
297 32
49 56
127 113
190 81
185 56
31 240
58 159
230 228
23 74
188 277
24 281
256 102
32 121
61 296
114 149
112 136
285 58
11 239
125 142
159 139
165 268
172 280
273 112
154 288
176 183
78 157
101 259
265 53
195 154
72 177
107 269
125 142
200 78
130 267
196 296
229 297
44 264
151 237
185 9
7 13
213 268
226 8
86 101
50 40
68 287
7 66
248 179
234 140
272 57
136 93
26 177
157 37
15 18
188 193
9 237
271 67
112 242
235 20
262 164
30 218
48 266
288 31
221 27
76 196
41 103
134 236
208 145
269 197
4 91
51 102
272 141
190 81
62 105
262 25
83 219
231 51
59 290
117 219
54 296
127 115
87 285
288 226
47 189
259 131
185 249
224 146
41 3
82 19
169 171
48 186
235 281
30 134
96 12
202 119
276 32
34 59
149 131
288 254
212 184
199 282
126 118
223 0
264 207
50 225
210 187
228 19
66 28
216 291
71 271
67 18
122 19
290 208
219 161
205 288
35 274
126 69
93 129
165 174
9 207
73 61
169 271
244 16
299 261
297 76
210 39
25 266
43 74
125 36
272 34
85 99
105 50
44 106
151 214
31 23
130 118
87 78
72 70
177 228
248 3
123 287
215 32
168 5
233 79
163 145
190 18
281 94
22 148
33 14
267 86
214 293
291 146
114 295
160 4
281 61
118 168
182 185
78 117
238 22
266 101
59 155
39 260
39 38
76 11
91 179
219 56
279 271
297 160
205 293
169 219
51 298
60 202
182 237
84 260
279 232
184 220
97 42
13 217
93 297
20 144
270 135
225 25
206 174
225 171
54 72
77 232
216 235
53 256
264 134
63 172
70 253
265 280
86 119
74 43
66 282
73 251
19 263
87 133
179 236
235 241
180 52
102 27
241 265
99 46
156 231
57 77
287 166
273 297
149 175
277 152
196 112
163 101
221 270
34 93
65 298
275 167
34 157
191 117
276 161
213 209
117 65
37 215
36 281
184 194
32 102
72 184
14 133
1 56
105 281
167 244
36 213
280 236
174 238
293 31
94 253
295 254
265 27
9 28
15 94
49 20
175 281
290 274
253 29
14 87
40 222
0 126
242 60
104 249
104 126
255 181
279 109
146 269
247 126
218 149
56 264
17 146
273 161
271 151
216 81
277 64
235 103
79 46
113 41
176 183
235 32
180 46
14 139
37 100
254 213
10 232
72 259
88 2
60 206
165 89
23 239
289 261
236 227
102 36
64 14
129 114
55 235
206 259
159 179
181 246
285 231
2 239
155 18
165 229
283 228
264 182
256 230
228 248
229 111
256 124
216 138
203 96
202 104
165 11
13 95
84 153
94 248
95 39
100 256
145 66
6 120
109 85
69 257
92 124
263 225
213 68
123 174
53 79
100 198
31 218
237 173
147 297
270 236
118 31
157 38
26 208
122 215
153 209
18 139
104 266
182 256
165 283
163 13
140 2
164 270
21 17
1 54
155 171
105 49
78 154
282 281
80 249
103 269
203 164
34 207
99 112
141 134
232 203
18 65
35 268
61 222
273 143
147 180
42 215
282 53
255 65
188 102
166 57
23 68
248 296
244 171
285 28
241 73
115 48
155 60
22 258
165 200
147 105
160 265
150 154
209 214
2 129
42 105
71 299
173 226
17 208
261 106
226 138
174 250
199 53
116 250
241 14
267 134
165 288
218 169
62 252
11 147
180 68
50 210
252 146
297 202
60 184
54 83
52 53
109 58
270 235
259 208
280 207
200 177
251 262
298 196
291 22
125 44
4 3
20 244
212 95
28 94
87 77
19 287
163 117
74 24
256 141
266 288
40 280
158 73
130 259
62 154
232 81
124 214
87 244
173 190
67 80
39 238
96 0
89 226
22 3
66 180
103 141
298 196
168 104
11 223
117 276
288 120
107 162
192 118
79 108
184 26
278 80
289 267
168 299
6 20
129 118
209 181
242 247
282 286
144 46
98 83
50 258
147 52
211 172
49 95
281 241
163 173
93 293
156 108
80 141
71 12
124 24
137 172
92 230
299 17
296 34
0 185
214 104
52 39
163 107
230 109
84 23
272 124
155 60
184 97
265 209
181 284
267 26
45 242
222 21
289 166
98 117
165 201
125 154
31 269
216 169
292 275
71 45
233 5
219 153
67 87
187 285
242 38
74 188
139 125
233 91
26 143
267 90
58 109
155 104
6 183
253 174
134 14
203 27
171 162
13 228
142 163
298 239
199 158
92 247
104 264
55 278
114 275
36 171
267 121
44 253
244 271
68 202
298 272
246 142
80 223
273 73
223 110
74 168
10 294
85 78
124 148
237 188
129 95
213 6
140 221
71 297
132 196
127 156
17 5
123 23
91 158
17 206
94 109
40 255
67 238
292 230
13 87
173 286
111 235
147 118
286 34
26 289
221 219
223 194
155 193
6 199
219 85
27 125
102 155
28 48
258 135
11 168
9 106
2 134
192 28
74 2
16 173
178 26
77 244
281 81
114 267
213 87
75 236
135 168
7 133
238 12
197 227
57 8
25 267
200 225
288 276
239 126
74 214
245 60
141 8
47 124
250 18
261 262
201 129
209 111
203 25
133 6
5 232
143 284
122 65
56 14
89 91
218 114
283 177
66 19
207 191
141 187
91 238
71 64
232 293
63 14
73 214
259 180
48 223
268 26
224 58
50 267
189 277
102 298
103 96
83 106
161 220
203 80
180 249
92 122
265 279
186 150
39 34
61 288
294 230
4 268
203 116
194 127
261 208
81 33
110 266
76 236
91 87
108 189
181 46
213 128
40 37
254 170
48 273
239 207
74 85
74 247
57 273
53 196
249 12
151 156
143 267
56 61
190 142
273 267
138 146
77 199
214 84
1 258
203 283
63 241
56 254
15 291
275 112
172 2
37 145
232 95
242 135
190 48
252 48
121 189
141 278
163 66
24 215
34 206
235 266
101 107
154 132
70 72
166 30
263 214
105 8
160 190
145 151
137 60
29 153
36 127
46 133
246 25
31 174
97 4
86 168
245 174
130 208
23 141
272 207
0 287
205 88
106 236
166 53
187 29
26 174
81 273
177 243
50 164
285 194
148 83
190 77
157 74
235 218
48 212
68 24
24 131
43 127
211 297
32 84
222 258
34 49
49 25
36 136
184 240
269 175
219 46
256 136
51 107
250 252
190 115
155 248
212 171
22 29
91 131
43 226
178 107
212 242
187 87
267 211
15 133
250 214
223 79
29 142
242 291
60 245
88 248
260 233
258 201
293 238
43 212
215 87
150 120
63 233
202 148
181 32
277 275
147 184
154 271
288 290
227 102
164 163
104 275
70 228
31 135
110 25
291 215
288 50
57 114
163 289
166 269
80 43
52 277
51 299
126 188
85 182
191 281
238 74
117 278
15 150
171 257
65 189
59 269
52 16
270 45
265 175
28 272
263 22
231 219
5 161
27 274
85 208
153 178
100 66
28 270
244 121
182 246
108 187
22 231
136 198
262 287
236 169
132 182
149 92
223 152
114 297
48 143
64 164
260 222
47 132
52 12
276 240
267 245
98 211
279 158
258 19
30 143
7 71
123 165
107 125
292 86
287 17
183 14
189 1
10 240
298 139
237 70
186 167
146 258
239 283
145 171
118 216
225 15
34 6
18 135
80 213
24 281
71 21
38 103
226 35
64 71
100 111
25 226
167 284
43 35
37 163
286 156
272 222
59 19
8 282
280 43
100 122
159 296
132 137
32 136
71 18
244 88
299 78
186 252
213 176
160 13
164 202
39 253
224 188
257 59
102 175
8 41
38 85
239 155
107 143
29 154
167 151
121 219
211 182
181 18
212 83
217 118
223 167
234 297
110 204
155 39
282 111
268 47
152 129
12 141
71 239
289 223
124 104
172 11
231 153
25 283
92 131
201 207
207 5
204 251
201 144
103 152
103 166
59 13
187 41
128 123
21 79
216 123
75 261
160 182
281 66
95 125
48 50
77 108
192 275
52 194
16 62
189 68
183 70
75 61
252 94
87 218
165 199
266 48
288 285
270 40
164 40
201 162
164 59
245 215
105 234
235 176
182 214
212 147
110 179
3 146
208 180
124 183
226 177
83 266
152 102
196 127
195 11
244 5
112 111
276 136
148 285
268 275
35 297
209 268
173 26
253 105
46 201
182 226
111 177
230 166
173 133
259 108
172 193
32 158
229 11
279 229
200 162
75 271
100 237
293 245
25 81
166 238
63 69
47 72
85 10
217 197
73 44
82 257
70 299
101 177
260 224
248 290
16 115
275 209
185 176
109 114
160 264
121 167
108 41
100 21
59 277
74 147
37 154
117 93
130 40
154 287
88 141
233 143
234 267
37 244
110 131
248 57
295 87
83 290
238 205
296 170
47 82
182 258
260 280
265 12
205 258
200 196
18 212
108 47
225 220
217 15
16 211
15 150
273 251
174 145
259 219
88 36
276 296
254 127
138 165
204 69
199 264
68 144
68 77
4 297
183 264
126 179
257 262
67 171
218 266
298 68
135 75
162 114
60 265
13 1
299 93
274 203
250 283
176 289
109 193
240 291
170 152
245 252
74 131
51 261
89 173
256 110
159 197
249 75
6 273
219 204
107 224
1 14
193 256
98 147
89 31
83 196
125 134
152 104
78 130
224 70
20 186
210 248
30 67
173 73
67 278
166 97
238 253
286 54
53 277
226 206
161 6
162 293
147 223
163 176
248 228
49 229
82 115
275 282
260 51
188 8
78 168
148 120
161 87
116 45
85 48
75 274
108 58
11 112
233 186
6 192
132 278
246 93
35 97
163 235
64 21
100 210
52 39
81 110
202 157
91 2
82 242
137 135
122 141
218 277
194 4
103 286
117 36
231 267
68 40
65 97
2 20
40 123
15 247
171 21
98 96
226 96
15 265
88 131
122 102
205 263
130 206
75 58
59 106
6 261
98 255
243 67
226 34
103 94
181 76
198 117
248 169
256 61
12 190
271 267
47 29
265 150
236 18
252 81
61 271
229 111
31 72
191 112
70 226
222 210
237 298
82 5
93 111
159 133
160 3
187 213
117 277
14 11
161 299
158 264
279 11
287 235
161 255
171 67
155 40
29 162
220 61
47 13
283 225
58 88
142 257
192 212
201 299
146 275
208 103
206 121
201 43
222 135
146 250
218 232
247 72
48 102
258 39
285 242
184 227
82 288
271 205
189 282
19 95
79 96
46 208
123 255
285 45
203 32
280 253
6 246
68 174
270 199
198 267
113 24
283 155
137 12
171 282
280 230
26 202
174 63
221 89
40 4
290 77
0 292
102 299
197 58
278 193
118 140
260 31
54 132
68 88
180 148
143 205
259 255
131 188
150 257
126 163
250 184
52 151
155 275
228 142
218 172
91 110
204 153
184 267
208 232
40 121
52 216
65 73
238 69
78 171
15 136
260 116
104 70
102 252
9 19
103 245
29 70
206 274
261 44
160 140
48 45
286 249
260 171
71 172
220 187
107 140
264 49
140 156
124 109
44 17
82 97
288 163
190 158
261 285
41 291
70 64
228 210
45 2
193 179
64 89
275 165
8 221
159 293
109 133
84 2
116 163
233 117
271 168
181 36
186 53
167 255
14 46
278 196
39 163
186 82
159 13
49 153
285 287
31 264
158 251
213 148
293 91
290 171
69 165
152 238
153 211
172 186
13 94
54 123
10 85
141 196
45 160
223 38
143 17
201 80
192 93
167 212
248 32
110 124
177 250
176 16
107 297
46 249
192 152
198 144
7 37
290 41
15 5
176 282
236 116
124 107
136 11
100 298
132 44
26 185
42 212
95 49
14 53
60 92
17 271
84 120
23 75
52 200
135 158
32 203
6 118
116 73
75 9
121 50
25 44
39 232
207 298
282 217
42 100
187 293
128 111
208 171
133 88
210 238
62 57
43 235
216 98
268 165
204 292
282 29
191 288
145 240
175 183
2 37
257 274
7 131
299 238
222 202
210 58
3 16
74 154
205 87
285 233
0 179
83 161
111 179
111 265
239 80
125 91
112 208
150 212
70 17
248 94
186 223
283 68
101 0
128 242
298 157
165 119
281 89
220 74
59 26
33 169
188 34
79 244
299 154
221 247
190 155
182 13
122 262
229 51
258 262
151 134
225 298
10 34
115 40
92 46
237 67
30 140
134 52
215 234
184 13
218 44
272 166
164 273
185 235
76 131
157 166
19 273
41 73
39 151
291 74
32 179
20 261
175 146
129 267
35 39
255 65
108 54
46 229
182 235
115 222
146 162
127 123
159 274
55 106
37 193
132 97
77 206
227 202
217 287
292 98
69 77
131 211
100 266
157 42
67 112
215 260
283 37
68 192
235 164
115 46
157 11
196 239
293 250
275 282
60 281
207 10
0 88
71 297
22 112
186 77
242 7
48 55
272 140
122 186
70 239
7 52
279 16
237 124
265 77
167 98
43 237
278 49
111 237
76 200
16 226
141 251
213 146
58 246
193 291
204 126
298 289
237 270
145 69
299 68
275 272
149 63
56 265
196 79
93 282
249 135
56 165
6 270
104 274
58 283
297 60
153 17
212 186
176 81
116 193
148 131
184 9
284 241
83 118
254 278
144 292
130 273
24 106
31 107
168 219
55 181
122 175
257 184
48 32
43 103
230 255
173 298
88 236
66 100
110 118
258 117
294 151
228 22
230 115
160 123
33 243
143 299
296 216
205 120
211 263
38 222
205 297
276 199
71 285
230 169
197 96
275 45
257 153
243 165
86 187
211 263
194 248
178 6
195 231
125 298
225 95
176 226
264 59
192 177
13 276
244 112
91 70
201 11
52 286
171 132
179 4
291 272
71 223
40 135
73 194
107 231
89 45
79 139
255 168
61 258
9 187
182 89
123 29
274 21
281 146
90 39
59 153
230 17
191 39
52 4
297 52
291 25
76 208
218 181
189 198
242 144
7 61
160 36
273 79
31 183
216 189
11 10
225 183
167 96
224 205
202 261
221 240
163 63
115 261
273 113
45 233
135 174
75 222
80 187
143 33
281 246
86 172
153 244
131 177
81 121
271 77
172 81
5 199
1 21
199 59
65 120
174 71
246 137
221 252
266 104
23 176
123 195
142 96
85 99
52 137
188 223
274 115
10 220
68 163
114 290
26 108
103 23
271 111
23 211
149 94
68 247
240 169
147 265
198 104
3 186
288 75
200 21
295 27
23 94
157 172
298 18
83 147
157 197
74 257
66 69
276 195
214 135
66 173
83 226
86 269
144 75
210 218
14 277
3 174
64 273
28 263
172 209
236 275
211 177
154 4
120 97
217 138
91 185
93 243
58 44
102 126
47 107
50 108
212 181
55 183
70 288
64 261
12 234
217 32
213 134
88 80
91 45
187 184
54 14
108 164
176 219
158 283
67 259
115 285
238 46
109 207
53 159
157 155
170 27
289 147
151 49
232 158
299 215
256 144
63 197
259 140
63 162
184 218
267 57
125 16
15 31
180 112
133 118
164 218
261 175
109 260
240 141
189 164
36 245
221 80
63 147
224 81
271 169
287 142
72 107
234 154
21 123
36 200
202 292
89 160
21 56
41 160
223 287
286 14
238 106
283 2
296 202
92 4
126 182
257 157
196 20
128 116
177 141
162 0
97 227
117 170
132 29
265 287
87 65
128 25
195 136
193 297
291 35
232 78
297 192
197 133
134 211
243 73
66 105
140 211
112 211
207 99
99 192
203 136
127 242
143 157
249 86
202 44
21 254
219 80
154 50
50 194
53 128
53 272
73 251
198 130
123 64
34 295
96 226
258 286
183 299
232 230
77 123
77 170
111 92
71 49
169 284
293 67
226 182
233 191
265 62
266 107
258 261
142 281
44 148
81 245
266 90
92 170
61 10
222 31
114 144
7 49
111 69
133 84
82 11
152 134
71 206
265 126
141 21
13 148
261 33
36 226
200 43
77 169
284 220
292 72
219 8
277 91
183 30
174 45
94 152
103 105
188 14
190 133
12 59
7 211
140 258
102 78
111 220
16 62
70 85
130 101
46 236
235 105
86 92
154 227
73 94
58 143
34 228
75 234
120 102
49 222
17 210
262 5
191 124
113 1
282 113
55 178
219 194
95 282
128 131
50 111
284 157
113 287
42 163
39 139
139 144
299 101
236 45
4 29
29 24
73 267
288 190
264 160
205 130
244 183
110 39
250 70
7 74
9 28
298 140
270 277
141 186
161 36
93 236
113 219
164 241
208 183
262 53
261 282
264 91
42 57
43 278
247 294
30 261
195 157
164 127
222 158
220 236
58 27
107 70
264 77
127 101
45 32
58 206
295 186
293 104
194 121
116 17
94 109
166 3
46 116
228 141
53 161
106 44
50 278
139 140
128 117
131 259
251 98
263 11
39 277
60 220
95 191
187 213
104 251
185 79
163 65
19 228
39 291
234 53
191 98
198 223
160 231
220 90
155 152
130 75
189 53
61 288
87 166
178 152
187 224
150 196
78 165
74 252
52 132
211 138
275 63
54 164
288 256
133 40
80 201
137 128
136 44
76 174
279 75
180 43
159 20
298 132
238 10
74 240
30 51
226 142
100 293
45 145
286 60
229 29
218 10
245 35
128 178
275 179
96 57
259 257
285 225
198 242
179 130
42 133
223 75
190 93
160 181
222 244
55 124
251 216
81 288
43 115
94 33
252 76
247 120
177 117
78 70
108 3
149 220
199 180
99 2
14 99
43 31
122 43
6 275
125 75
258 265
0 39
20 21
2 67
160 122
55 267
33 80
283 273
36 134
209 144
152 287
100 207
249 74
135 299
22 222
176 27
282 173
89 218
76 78
279 258
65 179
237 154
168 28
214 93
99 86
251 201
68 128
175 259
208 0
299 110
28 52
153 197
31 85
170 118
204 144
169 49
130 291
187 57
12 224
43 173
215 41
200 198
120 101
127 124
195 152
123 178
115 94
82 52
208 81
79 70
85 247
195 86
184 100
223 164
246 274
19 38
277 150
40 118
48 69
31 176
167 58
55 173
210 21
0 31
162 169
38 273
21 168
94 216
100 270
93 220
142 121
140 26
267 180
103 76
277 243
219 34
61 121
23 132
29 23
24 211
86 286
184 37
217 282
274 67
19 116
198 174
87 238
203 181
226 225
211 60
74 13
18 5
14 255
238 69
263 47
259 214
26 204
204 51
15 293
47 291
200 172
156 10
131 53
82 128
85 118
157 99
86 33
39 196
3 289
254 25
81 64
94 196
136 200
9 32
219 239
179 44
31 142
163 137
190 57
214 198
49 165
296 181
267 53
119 94
129 62
153 120
155 40
185 139
57 116
185 95
178 4
66 75
82 265
260 116
44 57
111 250
236 132
37 69
205 282
228 178
3 96
229 125
224 185
293 49
48 132
219 104
49 219
44 282
147 199
122 212
104 151
173 103
64 286
117 203
146 187
279 82
268 170
62 122
161 121
42 293
21 85
40 86
28 106
25 107
269 264
143 169
183 193
133 111
243 238
285 275
169 149
100 157
145 162
40 100
42 251
187 263
180 53
111 6
82 36
166 36
21 269
57 235
142 33
188 70
163 28
208 206
285 142
225 141
247 16
278 27
82 276
56 246
110 215
128 262
170 153
231 62
21 43
231 42
182 256
45 61
189 4
110 89
121 33
85 28
155 134
4 207
44 196
110 168
229 10
156 115
187 141
42 181
176 31
15 35
46 181
236 67
212 279
243 222
178 225
245 8
199 117
160 5
266 289
218 157
244 196
215 2
126 96
75 123
85 123
73 221
19 175
135 137
225 272
162 171
134 109
242 200
61 73
222 100
45 295
204 7
159 202
48 33
106 239
195 133
298 284
15 85
116 26
189 19
225 187
288 226
13 119
190 174
138 10
289 152
242 122
194 211
141 129
90 298
202 127
11 86
150 28
215 75
174 109
220 26
67 136
43 88
65 40
228 90
264 189
24 202
182 207
101 242
178 221
142 10
150 96
41 176
151 200
256 36
93 198
95 261
131 152
295 293
210 136
172 55
82 266
171 80
113 189
96 235
186 236
193 41
187 299
166 220
71 115
67 10
68 235
138 259
283 9
206 84
255 189
289 11
153 217
115 145
121 116
255 37
240 59
143 226
297 256
185 210
279 195
125 129
117 72
9 98
200 201
231 182
38 278
229 217
150 239
82 125
141 2
172 249
133 160
220 64
284 11
74 60
158 11
261 123
39 228
99 24
256 229
111 179
281 48
266 14
78 5
57 142
82 99
105 124
100 240
171 287
1 29
274 226
119 251
129 7
94 52
219 86
71 299
289 250
68 237
115 20
216 100
276 80
123 35
162 47
131 205
79 125
10 187
216 198
46 83
109 100
251 297
30 62
159 125
101 112
132 162
145 153
139 198
289 228
120 96
229 299
98 15
33 80
158 273
29 42
253 129
2 129
255 225
31 87
128 85
236 176
76 127
276 209
231 132
110 250
218 83
176 4
4 150
220 226
39 44
241 74
277 7
53 48
6 271
121 11
144 256
215 189
109 48
77 227
128 269
24 226
1 69
251 58
254 86
145 79
217 290
130 19
59 139
297 35
122 240
166 49
40 107
201 121
264 77
278 229
108 277
231 20
207 140
26 247
19 164
243 196
296 220
251 166
184 254
102 248
226 61
288 30
55 166
136 17
23 246
94 81
46 39
123 181
240 91
101 0
283 135
19 249
287 1
259 48
166 120
234 176
119 104
7 54
217 40
160 86
221 238
297 116
201 285
34 11
91 212
54 29
100 282
34 104
256 19
128 172
192 241
274 71
13 58
299 195
100 230
48 273
159 299
33 158
284 69
296 129
264 6
276 278
297 155
28 64
299 48
142 104
26 112
240 202
146 5
64 275
245 222
272 298
52 39
213 219
4 17
98 277
133 204
135 33
245 135
235 174
258 170
96 274
155 54
10 272
280 158
57 20
32 120
297 117
184 27
199 197
106 55
185 45
61 295
21 86
236 53
84 34
81 220
106 180
272 14
193 94
5 70
193 19
95 98
18 253
72 255
98 162
225 245
89 105
118 36
256 162
267 191
285 29
236 198
194 245
46 262
65 222
124 143
200 142
254 8
170 54
182 38
299 59
34 106
1 99
188 291
272 80
155 230
30 82
231 84
47 176
263 112
254 267
185 118
97 226
219 282
279 77
19 280
204 118
236 223
185 277
151 129
129 163
37 204
120 172
259 272
154 137
263 136
22 288
234 131
232 85
70 199
287 226
43 268
158 291
88 183
217 251
69 89
208 282
11 1
274 276
297 171
12 35
165 20
188 14
109 284
225 233
237 99
45 234
157 226
286 280
280 198
195 58
58 279
242 272
220 242
110 248
115 257
284 113
226 204
239 112
19 91
281 93
11 238
266 51
49 142
56 4
48 52
102 54
47 172
287 172
120 292
68 122
192 61
229 126
1 217
203 73
298 46
70 179
105 214
74 276
211 84
298 196
230 118
173 225
229 81
36 227
277 253
225 84
33 95
70 134
11 216
223 281
181 204
84 162
84 276
246 156
59 47
113 157
61 298
118 218
121 240
117 183
3 12
64 192
100 158
264 213
212 152
93 66
227 103
168 172
108 10
286 186
276 286
185 255
139 172
263 184
214 80
18 215
106 176
291 289
100 129
134 233
262 226
221 41
43 146
68 197
55 254
242 66
118 289
206 97
197 128
256 27
249 146
66 237
162 154
76 184
115 233
58 30
49 251
253 181
194 134
195 254
191 241
67 30
64 224
100 144
272 192
166 235
282 49
192 37
125 70
62 36
25 20
113 49
166 8
102 115
133 47
130 153
279 101
105 298
183 38
137 25
68 40
285 200
290 227
194 128
180 47
265 115
170 54
40 109
63 20
253 77
85 193
183 28
0 170
190 220
11 109
32 198
130 232
198 185
58 107
241 122
8 169
158 192
33 184
161 78
17 186
55 75
230 200
146 109
196 189
71 19
58 31
108 199
232 265
19 169
180 18
195 230
110 11
215 105
244 198
152 93
137 273
218 17
225 162
64 194
231 100
99 16
76 233
46 151
87 49
279 186
16 58
227 210
292 275
240 35
49 195
21 61
275 150
80 132
95 8
24 234
84 195
186 223
266 193
110 247
70 51
274 81
175 117
111 26
61 290
58 149
25 83
280 42
251 247
175 296
4 299
33 296
104 59
5 288
283 250
7 25
92 6
265 200
92 163
201 238
233 146
8 223
193 111
53 20
157 294
248 74
64 68
246 76
19 248
189 85
135 73
53 207
272 101
116 251
120 73
268 210
212 66
158 71
284 29
182 4
219 268
252 138
109 187
54 209
70 176
229 209
220 98
165 179
280 254
121 93
61 150
217 15
189 152
294 274
15 249
120 15
284 152
117 7
21 69
132 216
126 194
154 250
197 159
121 97
13 92
163 52
176 183
240 287
142 154
190 213
87 103
14 15
8 259
248 250
281 226
75 102
6 187
192 245
237 272
67 228
235 17
167 13
114 42
265 18
12 51
51 225
51 151
224 288
47 87
73 107
182 113
39 281
76 255
111 273
268 136
219 194
171 156
80 174
229 269
99 165
93 269
7 216
168 148
159 180
72 165
153 246
162 222
269 129
223 14
69 136
266 283
144 160
26 282
167 78
72 80
150 84
58 106
140 161
34 197
297 75
162 96
250 145
23 171
197 106
182 97
288 105
169 22
47 149
205 149
110 261
284 32
182 271
121 140
72 251
254 66
119 55
200 241
194 140
130 134
224 281
239 20
285 198
83 277
274 5
110 39
181 115
142 86
291 155
161 160
186 299
37 58
46 32
297 50
158 35
18 168
286 33
122 260
67 159
125 275
17 134
60 52
294 162
155 148
197 64
32 279
199 298
72 135
216 179
40 39
52 120
231 160
298 75
92 167
40 264
125 132
205 90
197 106
286 190
10 74
282 105
285 32
219 46
293 217
140 156
229 242
191 44
96 153
290 135
56 223
200 79
162 39
122 248
199 70
81 109
200 54
21 87
297 56
98 262
151 293
233 240
7 255
199 258
279 222
125 285
46 171
8 274
110 288
98 250
130 143
214 283
59 61
285 227
140 247
294 110
257 54
283 49
110 251
92 87
2 215
157 212
149 207
67 275
111 157
263 209
6 225
165 238
97 221
270 206
7 285
8 204
60 198
157 152
272 15
90 50
20 268
143 132
10 161
148 37
137 8
19 53
181 76
132 218
67 53
233 73
267 6
226 215
255 106
210 143
150 294
259 157
129 284
202 0
8 24
139 90
57 255
288 51
31 296
169 128
53 214
237 49
82 135
99 297
83 18
51 20
239 183
75 100
121 293
83 40
176 36
76 193
292 257
212 172
160 99
92 106
15 7
159 107
262 28
100 273
297 251
203 259
17 109
15 180
281 163
216 264
266 49
271 287
85 72
186 204
125 146
97 195
6 195
38 79
273 291
45 208
70 261
185 276
256 295
35 50
22 213
175 185
176 267
229 73
70 206
203 99
164 15
93 103
68 189
232 273
88 228
234 259
297 87
203 41
128 119
202 237
268 2
159 44
197 238
44 127
167 258
279 33
139 261
38 261
253 136
44 30
76 223
285 84
183 188
65 89
128 140
16 45
53 234
265 200
135 190
205 264
136 291
104 81
32 283
185 220
87 62
139 229
45 197
74 83
188 130
155 3
160 260
261 54
159 60
103 235
81 290
208 45
58 159
138 4
184 148
171 80
140 54
7 6
296 208
161 11
261 40
284 66
159 179
256 6
24 251
164 278
256 99
232 92
76 16
221 231
129 215
169 152
48 113
243 82
160 144
259 26
281 92
268 77
282 41
125 75
172 226
103 294
238 282
153 247
209 146
238 250
62 237
87 51
195 6
194 35
33 67
237 164
60 144
109 213
230 271
256 289
72 156
213 123
6 268
161 250
247 52
83 213
296 76
191 81
114 215
215 94
120 110
208 249
274 269
172 131
40 282
280 18
144 210
89 174
197 291
55 199
146 8
295 14
83 230
156 178
187 244
227 80
64 39
42 256
281 251
113 277
235 89
77 237
252 195
90 50
249 245
181 55
211 135
162 92
149 210
291 199
69 252
67 169
245 266
282 126
68 55
190 294
46 167
172 185
190 250
145 202
34 137
210 218
224 47
223 59
190 15
243 51
252 262
297 4
203 225
180 129
83 268
248 1
135 175
178 101
42 142
35 133
275 232
137 226
6 139
234 203
13 299
217 202
251 63
126 284
250 238
59 51
190 24
114 104
283 236
243 169
168 8
150 172
193 137
153 286
171 212
175 171
121 113
185 26
112 281
10 291
35 180
260 205
272 46
162 183
78 143
218 95
61 298
53 5
5 40
15 74
207 107
102 291
290 15
295 116
106 56
99 33
99 249
278 163
29 44
8 257
18 263
87 246
185 61
69 15
59 78
41 293
78 228
149 31
16 51
5 146
81 174
193 268
76 13
83 290
267 61
96 127
118 135
235 48
299 26
97 15
129 274
76 228
279 34
103 201
110 108
183 168
203 192
273 161
147 72
163 76
83 215
296 255
106 26
297 268
165 233
237 58
89 190
2 33
32 47
208 76
175 20
284 251
43 161
131 244
49 249
225 15
171 269
296 179
164 218
131 209
276 263
281 247
293 81
166 28
259 229
24 278
251 7
50 18
7 53
198 22
33 153
167 27
102 67
102 280
63 222
25 192
227 294
162 33
267 41
70 128
265 114
75 74
113 148
118 37
260 68
94 34
27 297
16 230
249 139
226 123
71 117
225 292
164 127
116 13
118 190
92 48
266 47
26 200
111 155
163 133
247 281
51 145
76 217
291 197
15 207
30 230
58 33
219 205
103 141
93 196
84 222
215 163
273 147
96 209
291 105
153 104
148 58
101 47
121 139
132 33
110 209
46 120
6 103
63 80
37 117
214 175
45 85
206 243
93 273
110 57
259 136
193 32
243 251
191 248
68 87
246 182
171 285
116 276
114 13
291 200
118 247
256 269
217 261
106 142
263 115
180 279
85 192
71 199
74 154
139 205
32 232
242 77
170 165
130 69
273 92
224 115
102 294
154 57
111 18
183 27
245 21
265 107
186 133
285 211
166 299
26 283
58 76
109 290
273 104
223 239
92 211
227 271
77 80
277 115
24 262
229 106
232 223
269 197
27 191
38 66
295 146
280 130
110 105
228 87
252 93
50 267
238 193
96 48
142 35
94 121
255 72
280 110
279 53
154 42
161 270
265 41
268 249
8 254
38 62
228 1
188 28
272 221
36 105
117 74
236 215
222 158
191 228
220 74
264 17
225 93
19 189
293 232
251 164
203 77
285 245
203 55
80 125
250 183
47 50
82 0
28 211
298 33
254 30
60 95
133 141
12 1
117 228
50 189
287 41
177 175
25 251
208 256
78 67
44 0
290 283
240 280
104 225
109 245
219 73
271 76
114 257
51 182
6 273
210 208
108 220
119 210
127 244
40 218
243 188
286 19
21 287
246 109
218 277
9 81
278 228
119 282
48 35
255 35
78 119
183 139
174 297
44 23
4 35
85 298
60 45
125 47
122 266
16 151
118 219
279 247
130 17
25 162
122 18
64 146
69 110
59 67
16 271
87 243
188 260
288 197
13 100
28 169
22 126
224 26
294 10
177 122
72 19
166 62
264 186
206 97
290 66
151 199
219 125
91 160
99 241
71 113
92 194
65 74
105 209
204 55
209 164
14 102
295 121
0 35
140 162
137 64
10 17
125 139
205 144
39 260
198 218
2 290
134 28
226 237
113 115
211 17
179 112
186 5
144 187
226 58
221 212
196 148
23 114
38 15
237 45
35 260
73 256
201 8
186 254
150 156
28 281
252 213
44 53
87 35
180 227
156 27
138 36
282 92
54 97
232 51
139 90
191 96
298 234
56 26
54 261
20 232
295 178
145 173
34 264
75 209
81 136
161 77
276 180
36 154
37 18
149 289
95 274
63 226
161 58
252 3
195 90
147 242
208 7
216 290
13 257
48 93
4 253
132 99
59 98
54 78
288 88
42 5
221 153
9 215
26 187
127 55
63 10
267 106
207 265
15 296
264 210
241 140
21 60
292 226
191 69
214 225
183 264
227 39
95 42
37 19
9 222
19 50
39 127
204 217
292 118
154 91
155 112
288 194
125 257
8 1
9 277
259 143
97 253
70 151
165 119
254 110
56 289
141 221
168 248
138 186
205 40
190 216
46 206
292 270
225 24
249 96
25 116
85 247
24 39
88 143
204 73
141 270
298 85
140 283
236 49
92 298
34 88
74 207
228 204
118 66
117 78
19 103
206 51
76 206
299 231
34 79
52 196
59 233
4 126
234 113
105 274
161 178
206 13
30 256
46 106
276 119
35 30
257 171
3 243
160 262
78 85
154 106
154 128
33 22
116 5
253 242
224 297
171 140
179 92
60 256
262 35
19 210
156 218
277 65
108 213
94 223
153 283
85 122
233 196
124 100
27 125
245 118
160 222
231 199
44 22
212 134
113 203
281 126
47 75
250 138
217 172
101 137
1 196
36 124
215 195
208 138
166 214
89 277
242 128
200 87
295 132
225 170
217 224
216 284
88 115
263 86
280 171
70 83
275 170
230 88
77 61
61 249
219 261
166 54
265 244
42 84
271 9
145 173
51 58
212 214
260 144
11 165
110 122
113 278
280 105
128 59
96 24
60 214
162 142
220 139
57 0
222 82
102 291
66 271
110 260
202 8
126 89
64 108
221 120
107 190
267 209
288 173
176 232
152 66
188 22
256 188
57 275
103 152
186 136
261 238
96 148
187 10
22 192
13 280
275 157
106 279
173 56
49 296
126 36
212 10
87 60
27 254
55 90
276 251
231 79
58 230
194 43
161 103
19 232
204 279
112 180
140 27
79 163
77 261
220 15
88 9
168 172
27 143
243 129
215 186
272 174
184 115
45 283
144 182
104 291
229 256
228 220
132 45
121 35
160 107
104 21
291 219
176 131
107 9
276 255
297 190
58 64
27 26
165 128
280 120
23 274
155 186
128 181
55 268
166 289
216 226
134 68
257 278
204 192
217 218
174 24
126 188
189 11
40 86
250 224
220 82
72 11
128 169
155 143
116 163
238 56
205 101
190 21
183 211
275 123
18 120
105 85
32 261
148 204
5 84
279 63
110 34
37 126
265 92
270 210
26 202
189 293
3 136
194 23
250 49
6 98
223 183
31 268
129 271
147 22
227 120
45 122
81 230
201 293
33 131
106 145
234 279
281 284
161 127
95 37
100 222
169 34
39 124
270 221
250 247
253 62
92 24
259 59
243 227
239 225
58 210
44 275
245 205
234 118
42 276
72 48
83 79
55 97
132 176
255 108
262 68
135 216
15 232
173 246
26 104
213 70
216 12
63 199
41 242
38 209
88 64
133 199
13 151
159 288
125 214
80 99
139 248
114 292
225 296
144 191
44 139
119 279
26 244
138 123
60 95
172 39
14 258
261 70
85 138
213 295
169 174
170 267
73 25
250 69
32 142
45 137
101 293
107 94
174 262
186 230
95 240
206 181
281 183
138 219
248 176
173 286
299 59
170 18
103 76
198 123
250 76
115 68
186 184
204 31
80 173
292 258
208 223
62 241
199 26
294 144
24 79
111 252
81 88
246 78
127 184
177 6
92 179
48 80
31 281
158 299
209 80
265 253
299 168
193 181
159 41
250 201
146 10
202 109
226 74
84 70
25 298
291 245
91 15
138 82
136 234
50 123
231 97
18 175
213 178
206 259
83 12
240 123
53 64
263 190
136 89
265 42
109 173
280 163
57 97
27 186
85 221
179 169
231 14
288 278
163 98
266 1
268 285
35 25
255 45
254 198
53 161
232 125
22 45
112 243
97 52
70 26
87 183
79 291
248 215
278 162
227 264
290 110
255 278
223 40
108 193
188 42
31 234
44 101
76 291
188 146
248 85
14 135
184 157
139 54
234 192
198 217
54 108
294 180
33 290
64 253
63 171
226 137
121 186
215 165
270 292
43 8
81 225
246 123
103 178
97 166
195 39
200 173
288 9
142 179
287 278
214 107
117 132
281 220
46 94
30 173
70 28
294 38
122 258
155 60
250 120
103 243
236 243
198 104
285 214
245 40
201 130
111 5
16 71
14 45
23 117
133 95
88 197
51 260
287 212
93 223
223 27
173 266
188 81
82 287
280 102
243 51
70 241
199 5
227 120
76 142
198 118
73 19
7 276
132 61
116 38
50 61
110 219
68 228
295 278
272 281
221 77
37 90
249 177
253 27
73 36
4 137
267 124
195 22
10 203
299 7
204 8
190 286
22 98
267 282
63 3
101 80
46 164
275 68
59 178
64 206
9 4
181 208
7 237
33 256
66 124
84 122
147 235
270 3
173 29
20 97
113 182
243 224
282 143
268 42
273 218
181 265
286 103
75 4
245 238
205 283
202 234
42 169
204 98
125 228
36 45
77 172
221 89
61 297
4 39
201 122
74 32
48 88
1 33
162 256
171 236
62 81
53 16
103 196
149 31
199 65
250 35
103 206
155 231
297 224
282 73
127 113
17 262
64 276
266 231
164 292
38 151
23 109
214 14
24 154
71 94
198 130
159 160
239 106
148 123
63 68
234 121
171 274
157 50
106 224
260 96
18 183
4 294
164 210
288 232
174 71
200 268
274 204
260 207
268 133
185 263
133 12
176 232
138 26
296 283
189 102
156 130
280 35
40 52
156 64
2 44
55 276
237 239
269 187
181 37
60 279
164 290
19 217
276 223
255 141
286 70
279 156
74 216
280 99
182 125
218 15
89 261
181 133
26 4
67 101
179 46
176 17
91 5
170 47
211 194
194 146
213 179
123 205
116 261
10 192
86 194
150 158
178 87
55 50
222 53
263 136
215 47
68 154
21 85
279 19
272 269
276 170
295 180
102 11
192 26
91 156
296 233
264 18
135 293
280 123
286 49
241 194
293 113
54 35
255 88
107 196
166 161
59 82
276 7
178 94
289 251
194 135
293 155
231 267
0 12
18 99
67 181
13 167
24 294
114 210
264 84
121 75
285 28
138 224
0 97
123 173
187 106
103 93
191 60
208 59
10 87
253 119
274 141
29 280
98 193
173 265
286 85
220 299
184 263
231 182
166 31
185 232
263 118
19 149
299 114
37 81
271 1
6 237
241 113
137 228
61 277
14 114
117 193
154 282
74 246
204 160
17 131
259 6
39 121
297 275
183 27
153 166
62 27
230 155
218 267
164 255
95 276
130 6
278 66
257 186
236 199
63 246
84 183
171 26
270 156
277 245
44 149
219 164
198 293
211 138
7 38
83 159
190 254
232 175
272 13
82 9
138 170
51 117
10 68
250 259
294 87
19 285
5 44
273 257
175 19
217 64
186 91
117 174
240 144
146 97
81 201
253 151
55 148
247 117
229 187
137 128
135 63
65 177
267 123
255 184
147 64
201 139
198 202
122 274
100 9
19 178
291 123
72 201
234 126
52 102
117 201
3 115
248 140
155 195
216 157
143 57
224 21
19 74
139 22
155 98
8 0
299 130
126 212
132 7
1 184
140 261
44 137
169 127
131 218
221 143
291 236
205 153
95 247
32 124
249 75
1 190
96 142
13 170
168 6
85 66
154 253
143 129
198 194
50 68
237 257
288 152
293 4
48 237
120 223
191 133
206 194
285 201
160 122
68 277
38 141
16 61
195 215
160 85
91 277
260 169
171 30
150 156
15 250
196 130
223 102
295 286
213 99
22 6
89 84
235 239
179 162
259 89
10 203
105 140
264 285
78 149
211 251
266 6
270 153
224 91
254 12
67 19
57 223
11 265
297 77
211 80
178 157
292 233
192 47
262 78
199 131
219 53
180 239
144 152
73 259
17 204
250 7
225 133
139 46
87 232
216 73
286 189
144 258
195 240
61 297
140 249
28 286
245 229
209 244
235 213
212 174
185 40
189 148
56 2
299 263
22 233
172 146
59 205
180 34
149 1
267 169
257 5
283 141
138 10
266 193
143 247
106 260
97 54
217 271
215 152
276 150
98 14
268 108
46 115
239 8
148 69
142 213
174 101
87 169
150 114
60 97
146 36
280 175
71 201
190 27
61 260
229 275
256 53
228 42
96 72
295 258
158 219
145 237
293 200
56 48
251 264
101 118
103 37
222 25
246 76
190 209
124 208
235 204
29 48
52 209
151 126
143 211
205 102
95 293
20 160
80 137
211 295
47 229
267 93
243 107
96 241
169 113
221 288
112 239
291 127
115 189
275 109
126 192
287 25
157 72
150 127
235 246
183 190
82 13
84 122
74 176
202 189
153 275
169 205
230 36
69 9
187 98
225 241
102 295
281 80
98 155
293 74
243 76
227 95
206 136
281 200
40 14
202 155
219 62
159 67
287 47
76 135
68 240
78 125
252 264
61 150
47 92
208 78
22 15
19 134
132 210
21 247
221 291
272 267
292 262
84 39
49 190
280 173
49 91
155 279
188 249
214 200
102 32
46 98
241 98
257 191
138 66
284 16
39 41
129 169
178 181
32 56
259 125
10 32
209 39
146 232
198 246
158 28
122 235
19 131
121 283
187 90
204 293
118 0
83 292
131 138
0 165
115 168
37 152
274 170
262 8
59 264
44 256
290 240
5 96
150 152
100 145
235 194
208 271
1 174
183 214
103 182
180 168
8 107
239 37
95 55
56 256
153 174
113 247
164 257
164 8
285 62
205 159
274 215
31 125
14 150
48 84
164 30
45 86
231 189
88 43
138 16
8 183
44 157
218 299
186 156
278 77
273 197
239 118
38 27
201 24
251 44
245 195
292 17
144 270
178 70
76 224
255 116
66 36
256 214
222 265
211 53
133 202
269 241
224 268
240 19
76 273
137 222
235 252
142 205
213 50
266 252
53 284
49 68
37 150
107 112
82 77
213 39
83 30
166 229
126 21
58 285
129 175
271 40
155 51
255 127
138 20
192 141
285 155
238 22
245 175
94 183
75 49
9 6
199 76
10 122
75 225
169 174
141 221
90 196
86 164
67 137
208 61
37 160
93 225
44 86
117 260
88 23
189 176
219 175
32 123
85 285
90 43
104 243
237 101
217 192
260 36
25 53
187 255
101 137
278 125
117 153
139 237
232 18
2 91
54 163
143 220
213 225
61 36
242 214
131 123
277 197
274 286
20 111
269 120
155 46
148 208
152 153
100 0
174 284
108 132
197 290
117 114
211 183
287 44
185 207
73 204
238 31
113 284
145 112
108 297
257 167
17 166
238 120
163 69
65 10
67 84
99 296
19 121
5 201
129 273
104 135
92 233
230 283
87 117
162 184
198 49
70 234
288 1
123 6
35 20
241 297
63 117
160 41
39 131
3 56
21 284
67 265
159 196
218 90
119 248
70 142
259 43
183 124
294 253
69 62
65 121
35 38
75 34
78 184
128 125
108 132
35 157
263 5
291 257
96 71
192 208
50 192
64 285
93 142
59 299
21 93
138 156
190 274
172 299
172 76
93 298
127 107
220 134
12 268
117 55
162 93
173 167
175 272
198 98
73 267
203 298
167 261
96 121
128 14
231 107
240 286
83 265
274 189
144 16
160 187
36 174
23 142
87 20
15 109
203 33
133 250
11 79
282 17
167 136
60 107
159 267
170 102
78 48
148 35
277 21
66 88
30 81
257 298
10 176
196 267
2 94
203 122
0 297
179 104
297 195
165 177
100 223
186 288
204 295
200 108
265 228
285 98
46 220
159 52
92 18
108 67
263 48
38 176
202 281
69 184
56 126
200 123
156 38
195 203
253 297
298 224
202 192
101 252
137 275
170 239
217 203
41 192
180 24
28 38
213 98
58 268
76 167
81 116
106 283
275 273
59 147
34 209
126 120
112 220
165 76
268 201
169 34
163 252
62 289
63 258
170 196
168 162
73 72
213 21
65 63
121 262
87 100
84 110
34 14
182 97
239 8
266 69
85 20
151 296
147 18
13 23
246 145
267 13
143 13
186 127
228 257
35 64
16 271
207 31
228 159
56 57
139 33
102 274
85 21
7 179
179 272
281 211
113 80
65 114
48 60
29 267
186 197
266 233
66 23
111 217
258 239
93 281
55 133
160 97
55 222
231 225
251 205
98 65
43 136
226 286
90 177
175 254
153 229
205 4
168 284
95 14
91 254
189 290
41 74
96 169
178 215
218 57
293 105
269 75
270 58
287 262
255 114
28 182
25 189
59 241
195 246
79 277
112 0
163 220
165 37
92 1
172 183
195 296
253 72
96 160
15 6
201 9
254 95
180 18
205 15
257 35
144 108
81 296
180 283
127 229
76 194
254 269
13 164
34 53
281 172
183 139
2 142
134 247
214 299
105 142
218 44
218 122
281 190
220 73
92 184
17 254
201 274
73 257
74 17
12 176
49 2
194 252
185 270
119 25
298 287
48 183
239 115
116 67
295 61
52 148
23 93
1 264
126 206
150 76
271 39
18 141
244 135
256 242
116 157
54 195
209 258
212 288
232 218
40 87
265 54
166 82
255 256
80 286
11 152
197 60
83 285
127 248
113 296
291 159
87 259
273 132
289 43
68 146
238 43
4 27
203 118
293 268
250 110
285 159
193 48
131 118
17 275
5 66
72 89
22 132
52 116
266 26
248 125
279 276
110 89
223 45
205 273
286 45
32 269
189 218
228 69
180 4
78 198
108 265
37 96
270 195
201 72
46 129
260 146
249 297
113 162
210 234
182 56
246 53
41 27
168 154
283 57
241 117
287 227
44 32
106 66
270 166
148 164
107 102
104 240
259 243
291 214
99 89
145 151
259 152
133 175
220 170
42 79
256 264
182 68
267 98
38 14
67 19
80 192
218 44
247 3
277 132
143 127
208 292
237 229
281 117
196 98
252 114
233 15
71 261
103 269
97 215
212 146
187 103
246 108
19 224
61 151
142 242
88 290
137 68
165 144
297 255
13 280
102 90
198 195
114 56
272 43
223 241
67 213
272 37
36 199
225 56
252 52
136 234
49 43
5 235
179 11
1 111
38 37
158 239
8 83
156 258
115 281
60 271
30 119
259 244
228 158
215 138
212 199
146 49
0 281
144 161
99 13
142 110
89 209
115 250
154 251
206 198
44 218
29 73
261 168
92 186
116 126
278 70
172 69
271 280
52 272
147 207
16 137
68 134
224 65
183 204
199 212
262 95
218 211
113 151
99 56
1 29
188 122
247 55
1 164
205 186
266 202
117 93
3 189
45 162
53 151
38 214
107 254
154 68
128 176
49 156
286 259
257 143
88 76
299 58
289 162
205 185
267 42
12 62
175 31
138 101
291 17
291 262
37 297
105 133
17 296
101 4
204 299
75 164
173 116
74 86
53 272
14 45
218 31
259 261
258 211
10 150
223 73
45 232
63 224
89 17
214 109
71 17
247 261
207 129
201 50
84 239
121 142
1 208
33 185
48 0
25 93
112 141
0 5
297 29
121 85
77 41
252 248
207 222
32 30
144 170
171 13
134 164
0 244
113 278
107 65
54 219
135 159
234 284
2 20
193 223
107 38
136 161
231 288
223 246
283 197
59 55
208 115
93 135
143 7
299 245
252 158
76 39
55 13
214 144
285 294
254 198
55 200
14 265
97 19
28 46
19 122
181 200
83 282
88 159
76 250
32 68
209 46
167 219
262 182
125 5
37 175
251 119
158 119
105 42
78 111
237 105
35 173
157 77
22 122
65 217
12 139
279 189
147 254
103 49
237 53
240 208
113 100
53 296
285 38
244 143
271 150
217 143
238 34
297 19
216 241
133 208
56 151
226 281
249 157
285 148
277 171
188 108
128 212
286 242
255 155
84 162
217 167
127 150
77 122
287 239
83 183
298 191
189 240
14 9
6 290
63 89
132 255
133 197
72 206
289 215
66 52
131 36
184 294
265 34
264 187
204 44
246 164
289 268
146 51
103 147
47 1
165 123
14 115
189 106
278 3
210 102
67 251
111 290
93 213
289 231
152 176
139 284
145 82
76 227
80 58
105 210
216 45
7 63
257 19
243 242
251 288
10 236
118 234
93 229
164 107
42 213
205 200
46 17
163 50
158 209
110 212
100 102
97 196
197 79
7 56
143 205
225 90
80 28
219 263
265 209
24 151
13 247
41 83
162 72
92 73
224 158
45 123
80 143
243 294
264 76
200 212
254 200
277 127
214 159
167 239
115 164
277 83
10 169
236 93
127 125
166 90
50 212
213 70
253 134
102 25
182 290
199 140
58 96
291 269
78 107
102 205
49 288
44 259
133 207
49 95
108 276
292 70
171 136
157 139
164 231
172 137
129 28
127 67
198 296
32 229
269 49
57 227
219 284
234 100
105 168
202 63
50 251
80 270
114 44
44 195
165 212
119 284
168 281
127 94
245 164
193 225
30 176
55 279
92 164
106 284
224 158
102 192
63 154
3 114
294 5
215 52
131 219
173 237
214 191
69 13
259 129
241 248
9 216
261 5
251 83
267 20
30 31
199 228
250 166
243 204
203 291
188 80
59 128
293 9
85 17
150 16
109 113
145 103
186 95
272 251
288 264
228 74
292 137
115 50
207 46
167 10
24 114
126 24
15 267
158 66
157 61
62 22
13 136
128 70
206 124
101 189
273 268
230 100
278 51
255 105
217 54
54 47
84 74
226 171
16 43
202 297
47 89
258 166
21 100
0 85
165 1
114 14
183 203
55 216
134 88
22 242
209 10
35 5
113 62
70 285
228 246
262 253
47 202
23 80
280 100
47 14
137 75
212 248
131 69
184 212
107 204
194 125
57 0
264 85
22 160
249 102
173 205
57 37
239 98
99 200
147 178
13 14
98 100
57 279
179 80
234 286
225 272
119 147
93 61
176 162
30 8
231 237
168 71
31 75
161 134
272 195
288 250
88 80
139 136
102 213
13 253
283 223
299 288
266 235
250 142
48 65
78 132
23 297
177 67
194 52
3 231
31 192
26 92
150 230
24 53
293 265
248 291
292 177
166 203
165 223
177 176
270 257
279 14
289 149
259 181
7 214
181 14
271 1
28 284
168 299
70 170
279 168
292 29
84 13
199 172
119 243
131 209
96 14
127 41
159 54
73 94
272 153
108 91
260 221
121 224
185 44
294 109
81 205
230 154
249 230
229 178
60 91
58 256
284 299
32 228
135 276
175 191
20 29
227 23
174 287
240 184
67 224
124 295
94 249
166 290
216 80
186 77
91 287
196 164
25 156
99 190
15 243
204 143
267 34
262 139
78 41
157 27
247 229
51 48
91 28
239 287
264 265
222 100
73 108
173 214
229 295
31 185
197 123
99 196
40 39
182 152
59 299
191 23
245 172
15 205
266 74
98 75
174 248
72 245
283 141
252 34
51 5
114 284
7 42
169 191
131 121
80 258
238 217
197 101
61 58
152 272
38 40
235 81
60 272
275 248
181 120
279 143
90 175
209 269
269 226
123 181
211 265
118 78
190 64
207 109
177 264
116 288
41 248
249 4
153 48
234 296
190 138
74 211
255 142
137 17
268 244
78 160
11 278
94 6
148 116
89 59
120 100
210 52
129 167
33 94
162 181
143 78
294 283
285 232
148 250
236 68
254 142
131 71
193 55
178 60
6 108
251 60
211 172
95 130
85 228
293 290
140 188
45 77
156 134
86 62
169 233
27 43
116 148
70 32
80 248
96 165
269 33
202 263
262 203
184 1
74 114
138 8
257 256
148 102
14 34
113 19
29 287
78 61
232 189
232 280
252 127
250 239
120 292
274 234
278 55
231 195
74 60
40 1
263 212
72 224
144 41
198 19
153 232
167 53
287 23
118 198
32 133
253 65
51 5
227 113
146 81
59 30
119 237
193 83
10 265
226 83
91 70
36 107
14 250
251 159
234 144
50 53
268 20
165 134
270 198
34 241
1 171
162 77
136 181
160 38
25 187
269 195
246 199
8 160
209 56
137 103
221 32
297 222
154 126
140 114
285 297
189 276
236 267
197 76
256 86
210 239
129 270
149 176
2 87
184 121
233 203
246 268
142 269
290 176
207 128
285 214
226 46
201 11
214 59
194 32
62 151
69 199
169 86
170 131
83 214
206 120
13 74
251 176
87 231
110 242
266 51
93 10
194 50
125 195
25 264
176 280
290 45
87 230
135 180
158 264
137 60
238 230
216 52
69 138
191 106
99 15
157 155
213 38
106 104
254 244
67 97
205 148
78 11
197 99
109 74
215 60
259 38
7 103
153 128
203 298
134 139
74 290
202 226
144 51
152 292
116 30
154 42
71 6
138 89
295 183
155 259
276 67
161 28
82 196
15 195
70 215
51 25
123 252
254 114
164 42
53 188
125 85
287 289
271 9
117 106
9 220
202 237
154 298
291 256
266 240
7 290
25 238
110 222
165 251
117 277
293 90
209 222
272 265
36 2
277 78
265 68
104 149
235 284
190 15
128 209
225 286
142 270
177 61
160 100
24 39
149 2
37 184
18 255
25 51
274 68
176 97
184 112
57 1
135 233
288 82
91 134
109 35
165 193
68 189
212 22
6 103
48 221
8 291
226 79
156 196
221 40
125 264
139 141
100 59
33 268
161 228
117 87
61 22
108 49
143 205
108 77
132 241
230 39
116 287
167 189
24 193
172 81
289 123
20 220
251 176
120 167
122 73
274 295
223 141
21 71
89 40
87 254
68 65
69 172
271 118
235 147
181 75
221 143
26 144
54 14
79 158
112 263
60 67
51 172
180 199
94 171
269 159
135 3
90 17
52 195
164 271
58 266
26 280
8 273
191 171
260 229
181 137
169 14
168 166
107 164
59 23
250 77
117 9
147 41
246 91
74 215
121 206
31 92
34 175
56 62
134 232
202 136
28 228
88 218
115 36
7 134
283 160
64 211
259 7
130 73
159 207
198 108
22 254
160 39
103 12
184 209
269 298
101 4
161 183
180 183
106 140
247 174
35 252
235 44
193 268
22 240
267 190
269 28
263 126
16 153
120 224
291 65
254 84
53 183
267 286
87 223
118 26
30 46
227 293
17 54
118 295
118 162
49 63
110 236
144 60
291 151
259 42
102 146
190 295
43 290
116 145
241 240
66 112
154 221
94 110
3 208
238 251
287 172
90 4
59 115
274 196
161 160
281 2
182 275
25 10
255 146
33 199
70 265
42 216
182 16
133 56
34 148
283 225
295 127
48 110
235 24
240 88
17 93
0 195
142 30
95 114
287 284
197 4
115 31
31 289
84 126
228 198
261 19
47 57
239 116
91 249
154 212
268 208
114 53
20 254
137 27
170 82
39 233
293 187
74 155
227 293
201 81
154 24
154 6
77 282
157 292
65 12
157 232
187 290
125 26
262 131
65 266
262 134
282 76
238 126
85 46
151 298
35 82
153 4
28 89
48 136
121 107
21 265
1 164
280 106
20 240
231 27
291 232
94 279
18 92
203 247
111 25
261 82
39 45
125 3
54 45
170 91
135 7
25 93
219 79
64 62
68 7
83 170
125 112
18 258
92 13
170 197
4 158
286 145
28 115
258 7
278 272
85 263
255 233
37 31
44 155
254 247
154 244
82 245
288 189
229 29
278 113
292 239
295 155
139 84
174 12
88 43
27 91
125 110
76 40
238 139
21 191
134 271
242 26
127 61
37 68
228 250
171 210
224 29
250 22
108 57
163 229
144 244
219 96
45 134
79 176
140 207
12 144
132 47
282 26
219 16
129 152
75 278
258 190
70 138
288 44
257 292
40 289
166 256
280 148
192 28
259 161
152 207
221 157
47 150
36 212
185 283
225 136
180 277
54 184
206 64
21 136
38 80
77 109
21 210
68 299
68 73
87 250
287 199
192 37
171 0
6 269
33 146
2 215
231 221
124 200
208 246
195 63
75 27
141 91
238 295
187 208
89 193
72 274
104 237
50 114
295 104
207 77
192 284
196 299
84 139
9 172
250 131
233 51
90 160
233 18
44 166
278 297
80 237
17 195
61 243
211 249
137 81
118 199
271 262
97 289
18 162
259 200
124 103
14 177
264 140
50 160
54 28
28 117
291 7
120 102
2 240
256 99
281 165
297 173
187 253
130 51
277 108
17 178
285 242
137 97
14 160
80 238
75 277
212 17
220 280
50 246
52 94
250 0
81 153
52 215
62 246
295 191
145 223
24 255
1 134
221 72
73 83
79 140
241 69
123 197
132 201
7 171
254 72
127 293
97 50
181 184
8 10
123 203
175 68
70 123
181 14
223 173
36 207
126 196
220 200
191 202
52 204
272 180
275 70
67 5
176 286
226 99
7 209
197 228
72 282
109 285
183 295
116 15
106 40
155 228
42 49
44 180
132 162
171 95
157 293
205 21
164 95
69 268
144 167
168 71
258 279
20 213
10 203
192 96
254 1
62 20
299 65
270 216
257 48
136 148
103 257
180 230
67 114
31 269
198 254
206 97
166 294
230 210
92 143
201 48
38 195
271 35
132 59
146 200
217 277
150 21
262 235
243 293
125 81
288 140
90 125
220 51
130 171
298 251
65 105
1 35
209 43
44 188
64 81
229 124
153 137
29 89
163 230
235 15
276 53
188 106
12 21
182 203
275 105
58 285
239 209
29 38
120 53
95 274
160 13
238 161
200 237
159 115
270 246
145 180
32 128
157 255
112 205
284 139
94 144
2 114
22 219
87 227
279 59
92 3
198 252
244 277
93 237
102 222
168 294
76 26
258 269
22 30
59 0
105 274
171 144
150 49
197 243
187 33
180 210
73 281
102 90
38 232
67 191
298 114
79 123
25 218
164 32
127 271
133 267
18 169
59 204
78 110
205 145
291 176
141 104
277 90
6 183
100 199
73 33
212 168
124 56
273 186
213 118
14 233
100 107
23 166
34 290
153 79
122 108
121 20
45 35
156 14
146 82
260 112
64 230
36 94
268 69
45 159
174 22
108 115
64 176
115 290
42 271
10 264
216 52
175 195
135 36
115 49
97 96
156 30
118 242
280 145
70 89
275 163
61 175
214 189
37 28
68 110
284 92
163 66
107 293
80 186
92 14
0 174
285 188
58 272
270 28
105 202
25 174
82 17
227 247
167 8
72 40
141 108
3 38
165 292
142 125
240 6
51 219
268 241
250 177
28 258
287 152
277 135
84 94
212 159
210 47
66 57
84 149
177 279
236 281
246 226
68 192
223 61
129 214
242 169
91 129
278 19
160 183
136 207
109 40
271 287
23 140
258 292
203 280
36 100
89 180
71 77
128 228
189 257
169 127
166 16
260 195
158 188
120 38
22 38
50 64
151 16
255 263
192 181
257 188
157 33
129 288
296 221
21 130
177 165
15 204
261 296
100 48
178 114
127 243
119 144
184 182
204 139
74 16
167 63
122 211
67 230
14 9
241 86
95 137
215 98
257 286
164 213
39 58
38 61
174 70
56 185
35 59
146 74
215 2
135 39
209 115
259 237
6 140
29 274
263 223
173 87
63 125
37 294
91 73
280 59
22 214
241 61
226 61
240 273
43 105
112 261
137 39
170 152
232 77
288 130
84 217
208 254
234 58
205 5
61 210
65 279
299 232
25 259
134 255
247 6
86 29
97 183
291 61
131 102
139 267
69 234
118 287
27 85
138 101
295 246
121 210
260 261
114 226
44 160
275 218
286 177
156 47
8 136
129 89
11 23
126 166
203 40
42 130
43 296
91 275
68 119
271 127
167 256
244 130
153 157
32 114
184 31
150 121
129 273
214 203
80 284
79 6
85 261
51 193
138 68
39 72
49 24
220 272
41 128
291 125
28 284
255 101
277 207
70 275
270 93
3 224
192 235
87 179
179 24
100 131
7 67
76 168
108 51
220 228
260 85
87 255
225 57
192 194
158 55
127 231
153 269
198 130
29 225
231 126
36 260
9 279
11 54
291 102
143 53
50 132
268 84
238 227
207 191
293 214
51 102
106 249
225 43
84 298
13 39
279 103
130 57
79 221
73 242
117 166
97 165
78 286
260 154
133 19
190 275
120 258
42 171
229 244
114 3
267 212
272 172
236 5
234 166
59 268
62 193
176 232
237 247
198 151
107 151
235 83
232 118
4 262
199 53
20 4
164 16
134 91
54 99
147 113
10 226
53 236
162 16
221 284
239 67
86 54
32 207
263 188
278 258
136 127
173 34
196 112
148 270
206 2
56 114
195 295
263 216
78 223
243 292
23 220
78 207
79 102
125 114
260 99
246 218
93 185
141 187
238 98
262 270
182 118
22 247
44 14
127 252
83 299
118 263
251 14
235 259
265 74
17 44
169 167
286 237
228 204
64 206
4 215
256 120
261 36
38 232
53 126
261 178
258 3
125 173
143 153
63 106
264 105
127 144
148 294
50 111
116 276
257 292
29 236
68 112
283 40
200 154
87 11
225 142
49 18
26 276
145 100
248 2
92 44
107 74
174 127
248 217
137 278
257 121
112 262
105 193
197 263
295 265
127 130
168 181
186 220
73 201
61 191
148 166
75 77
165 99
262 120
174 255
283 166
113 148
268 165
269 23
122 115
178 183
147 204
1 60
13 155
84 215
77 276
67 3
286 95
109 44
104 204
160 25
163 243
97 41
152 214
289 54
10 75
27 140
180 20
157 104
84 288
239 23
81 283
279 42
259 50
146 53
95 27
168 238
12 20
17 28
136 295
185 230
196 133
290 204
183 267
196 80
127 130
174 117
55 288
123 288
114 134
191 24
160 72
236 254
268 135
92 122
65 160
114 247
103 93
61 89
8 230
39 175
56 287
38 262
82 65
63 211
21 214
59 169
169 244
96 36
208 72
136 239
114 173
8 246
206 76
62 295
0 180
172 59
292 106
66 35
87 134
259 292
298 277
56 31
283 46
28 89
5 235
50 16
115 68
252 48
252 244
174 155
17 290
293 273
124 139
226 119
212 199
28 194
213 242
5 11
180 252
262 183
295 108
93 49
101 244
274 295
205 235
103 49
7 242
140 120
151 266
145 131
5 9
206 223
149 189
98 10
256 143
11 20
139 159
38 142
258 253
282 220
149 14
283 1
66 152
269 46
256 144
16 286
133 100
13 211
240 296
49 38
162 146
209 45
161 234
247 248
175 180
142 181
18 134
228 81
206 69
244 6
261 57
134 187
1 25
158 92
109 64
79 193
46 254
248 97
130 290
198 271
17 104
69 272
59 208
131 278
219 230
23 174
225 99
101 70
230 49
50 229
87 188
285 167
122 138
269 79
240 130
257 175
261 73
15 51
177 244
3 162
38 222
61 168
189 256
212 89
121 137
169 121
53 44
192 208
136 37
124 102
91 184
179 283
233 58
174 60
174 240
98 245
99 4
290 196
179 243
251 272
133 214
254 288
81 274
296 288
150 236
267 194
123 260
197 195
296 50
160 121
69 30
297 38
22 53
85 233
248 288
141 208
284 205
0 125
242 167
145 110
126 251
22 214
258 151
67 190
124 14
172 22
269 104
159 294
42 95
172 214
167 257
109 282
242 95
251 175
292 81
93 249
287 141
157 154
46 251
15 174
290 51
287 50
124 215
201 169
103 164
46 224
82 54
107 13
216 174
176 51
227 32
205 161
7 144
201 34
75 31
60 47
248 67
144 189
290 217
54 89
186 5
181 291
156 261
87 201
9 214
83 206
245 134
156 234
298 247
16 140
285 231
295 117
91 146
189 234
62 38
231 206
175 244
233 139
218 73
241 96
42 130
69 172
2 211
91 38
72 231
34 36
134 146
295 100
238 113
88 163
265 289
10 141
118 27
195 7
173 143
239 152
240 3
6 113
227 98
73 277
171 182
47 286
59 1
282 152
211 272
24 10
263 209
1 214
235 153
178 4
21 8
104 17
109 245
163 265
184 168
181 205
162 168
121 11
135 225
240 256
299 117
138 196
214 246
123 8
47 20
180 123
278 283
276 269
51 228
206 140
36 159
126 214
183 77
249 33
261 205
78 136
92 129
230 39
113 243
129 57
175 275
25 73
157 88
208 229
114 15
71 16
186 129
64 59
114 115
223 43
60 190
193 176
273 191
40 140
81 264
260 201
145 239
141 259
52 135
146 116
298 187
154 277
291 50
206 100
278 132
136 258
262 141
195 176
233 225
19 180
247 292
193 35
78 234
178 203
21 242
259 130
27 279
200 63
116 257
4 177
276 279
296 69
170 154
201 224
171 128
98 256
3 278
128 72
88 45
204 249
275 59
72 291
188 223
246 96
223 244
3 114
173 98
241 202
254 174
278 229
108 102
0 71
178 102
72 145
165 9
178 170
111 80
111 244
262 121
278 115
235 209
53 103
187 60
103 65
260 278
213 8
157 45
179 249
118 105
134 95
154 20
242 92
183 168
131 163
80 255
244 109
111 150
226 20
99 98
240 48
250 205
118 84
125 127
185 35
54 241
221 139
70 240
47 292
168 89
245 31
50 169
148 2
217 261
81 186
273 213
121 150
25 255
62 115
266 296
24 34
234 13
136 2
299 75
261 150
253 283
123 186
166 71
20 76
230 218
157 153
243 127
132 236
219 217
269 87
128 124
296 79
155 20
94 279
137 97
23 51
235 135
148 230
70 249
233 65
131 163
185 183
290 234
34 271
167 100
172 174
72 250
131 157
101 98
70 199
160 256
268 205
217 285
228 6
156 77
129 9
299 170
55 28
83 136
50 168
216 89
246 134
266 247
63 120
75 225
207 265
290 177
38 261
168 184
174 188
196 49
216 126
197 261
197 215
128 4
166 45
282 106
227 38
267 15
239 273
257 202
77 289
191 291
26 289
235 205
1 218
192 221
104 206
105 6
201 10
27 294
35 130
295 111
90 277
63 175
246 281
123 21
71 259
53 247
179 259
258 184
11 286
284 221
139 157
70 59
220 121
106 206
5 45
130 94
101 3
76 124
64 31
64 62
168 113
244 197
281 103
98 277
207 49
13 296
251 175
296 81
126 154
201 120
58 224
193 154
244 66
123 281
24 140
128 237
56 109
60 58
107 113
50 150
88 247
134 298
97 111
209 181
247 60
11 291
39 81
96 146
186 129
22 284
15 123
64 58
26 276
65 202
208 15
68 218
79 283
269 251
142 13
151 15
243 97
143 158
107 63
268 264
174 132
249 203
133 90
21 177
49 204
154 208
265 139
251 191
259 102
112 232
200 79
109 274
226 49
212 265
189 260
181 10
140 238
45 259
173 113
62 52
139 208
61 285
243 223
47 288
254 289
256 73
99 155
26 50
230 52
245 2
130 37
252 155
97 272
141 232
25 220
64 206
223 221
25 83
70 181
141 32
254 240
124 8
176 274
168 156
243 248
202 269
158 164
98 146
226 219
202 203
269 220
261 262
239 151
97 155
39 175
141 249
67 69
135 153
108 284
73 290
52 123
56 16
25 249
123 273
160 9
222 225
95 167
53 28
11 10
231 49
53 259
215 125
114 43
98 257
187 184
88 191
66 65
249 182
5 30
14 3
289 162
70 86
218 257
269 151
223 286
189 68
24 61
263 65
296 90
240 116
73 50
161 49
79 133
169 15
253 250
215 135
133 159
199 5
277 129
54 286
244 111
192 218
183 146
214 151
82 290
24 210
5 214
296 15
267 23
195 248
281 291
266 187
37 236
224 226
288 195
114 181
140 128
138 299
111 270
49 267
202 22
273 161
6 253
277 268
60 224
142 255
122 133
285 35
290 95
247 4
83 10
14 215
212 59
246 290
114 283
171 12
53 56
276 10
142 290
152 178
15 46
246 94
58 7
106 111
298 86
197 128
75 202
162 75
200 281
179 0
233 138
264 299
95 55
204 102
217 194
104 240
94 287
0 165
284 95
89 215
189 267
169 251
69 267
5 122
164 190
223 191
151 244
147 139
151 32
141 158
241 48
48 277
88 252
42 282
3 155
211 142
226 128
26 13
288 242
78 253
153 226
211 204
163 60
178 117
73 3
22 7
127 148
287 118
204 32
168 26
10 244
180 258
120 117
137 290
180 87
53 61
229 185
298 181
31 279
186 202
287 25
10 121
137 291
119 218
141 48
14 71
34 118
13 251
104 247
155 249
108 196
41 179
279 237
231 274
156 10
38 71
45 44
131 251
171 229
138 288
148 146
28 43
92 47
115 96
111 44
210 64
284 239
0 275
18 196
251 244
68 18
296 254
293 29
94 67
183 119
34 64
193 166
27 136
292 171
182 141
252 257
94 245
243 40
145 6
286 250
67 265
196 163
202 102
185 153
120 206
63 114
94 18
71 136
37 268
139 154
49 236
19 0
297 263
10 284
116 41
123 278
89 35
58 271
295 290
219 224
250 224
122 277
213 227
216 188
278 130
93 192
223 286
51 89
199 128
101 171
241 39
0 134
199 91
204 15
207 60
145 4
297 274
59 284
262 272
224 45
244 240
234 38
120 266
40 168
208 96
209 299
94 185
151 287
16 191
100 270
299 63
270 120
266 214
120 295
205 88
56 262
266 254
69 173
228 161
110 204
210 150
203 143
183 291
254 42
165 69
201 55
136 141
7 5
284 221
277 39
151 115
89 198
2 258
48 192
195 100
70 220
200 106
192 108
127 239
9 276
130 211
295 62
95 264
207 238
191 151
201 42
87 137
130 296
152 28
215 108
146 26
71 9
36 225
270 229
147 175
218 197
239 125
247 67
268 46
141 116
246 60
202 8
158 190
234 16
71 80
98 153
11 291
187 35
105 230
110 290
104 78
89 201
50 189
219 58
280 70
161 156
156 48
285 157
298 185
152 39
249 106
248 75
102 90
11 163
230 63
162 38
249 146
276 246
158 27
284 5
23 138
276 207
188 21
176 1
13 126
168 118
164 254
205 235
130 31
92 257
88 285
183 132
99 79
223 236
204 120
287 159
246 0
72 42
264 252
75 239
153 293
19 105
45 201
246 252
263 67
139 83
72 275
276 109
282 198
265 100
133 148
239 19
119 179
96 17
208 154
7 11
4 221
111 263
91 21
80 182
189 105
21 279
194 32
178 136
204 54
169 265
277 142
41 251
137 74
113 251
25 291
165 269
140 120
153 122
282 251
157 131
202 19
71 60
153 187
197 99
249 23
191 93
187 222
189 23
164 292
123 113
23 258
259 117
202 32
167 289
187 299
16 127
220 202
1 197
278 231
150 267
67 196
22 37
197 257
286 168
182 225
232 212
262 151
18 274
203 49
97 202
25 209
247 185
193 167
293 197
134 116
136 84
45 120
296 234
71 216
160 295
71 22
174 106
56 182
32 222
285 116
127 41
144 74
156 15
57 212
144 82
127 258
48 267
37 242
108 230
172 81
289 227
38 70
243 43
235 183
149 163
207 51
235 67
62 225
2 35
269 110
244 130
273 30
159 158
77 299
3 201
51 278
23 80
297 235
130 7
221 279
4 128
53 107
225 177
210 29
162 296
188 11
120 152
176 256
263 96
26 82
138 157
266 59
174 111
140 178
154 185
238 48
237 176
228 221
20 272
281 142
17 150
110 229
222 277
288 36
163 263
114 21
125 163
107 89
22 68
270 136
77 61
240 22
200 2
163 297
111 123
153 290
181 174
193 290
219 261
279 285
75 5
255 25
295 176
249 8
140 203
21 186
6 279
122 202
192 153
76 104
94 102
211 189
228 29
43 205
237 251
109 120
45 75
261 17
259 56
83 102
260 42
79 176
269 83
84 3
71 114
19 32
190 0
288 126
92 240
53 129
45 116
261 296
137 52
34 192
47 148
14 21
268 6
275 55
228 131
234 255
276 223
172 43
51 172
45 109
137 197
225 24
189 123
45 221
137 219
287 255
37 143
69 282
293 115
265 46
183 105
180 170
127 205
247 110
242 167
24 232
161 18
201 85
237 98
74 202
214 140
211 5
147 140
53 116
87 47
122 71
130 143
184 160
90 181
292 259
43 151
204 251
138 179
154 215
30 146
257 113
236 98
160 105
121 222
133 56
25 217
132 31
211 182
178 87
270 16
299 271
68 102
124 6
1 289
272 133
142 148
100 176
46 84
148 140
290 61
19 85
76 166
7 176
4 71
252 266
159 18
204 47
232 227
272 45
273 298
68 188
0 292
234 10
257 288
156 18
246 125
260 186
208 247
261 123
50 33
181 204
121 258
25 60
179 294
151 232
120 276
155 53
214 119
269 207
69 99
183 132
179 116
216 100
176 210
265 52
46 112
10 237
28 191
192 296
191 18
284 94
106 146
89 295
254 164
132 134
25 230
233 137
170 144
271 172
21 174
24 223
2 289
202 92
232 121
186 179
245 207
248 176
293 103
87 209
199 233
181 121
93 203
185 106
209 282
89 290
51 46
9 192
230 3
132 291
174 241
38 259
56 192
121 182
168 174
240 274
257 298
194 186
252 173
108 156
132 130
100 245
220 120
97 34
207 282
160 195
135 240
124 215
205 78
191 135
197 159
52 39
212 24
169 240
97 112
103 173
179 20
58 33
246 211
168 164
113 5
27 250
267 64
288 137
12 159
188 211
6 37
9 228
25 104
19 77
189 222
230 286
266 116
171 158
74 177
199 164
36 224
260 236
176 2
216 81
144 108
98 22
27 91
113 79
231 98
117 53
49 51
109 190
192 179
28 13
171 261
240 254
295 272
150 71
145 115
130 139
224 50
73 230
297 78
254 196
247 201
22 98
214 218
3 221
232 299
146 66
258 27
82 110
88 225
107 2
191 111
161 26
289 294
190 253
183 282
12 250
145 71
119 230
145 53
104 239
34 10
162 224
140 170
241 127
243 192
151 101
64 140
294 178
198 273
176 279
159 71
46 259
84 118
5 157
107 263
175 24
23 141
188 10
208 225
138 277
37 1
299 93
144 228
285 9
112 149
153 284
138 160
221 270
73 159
284 173
23 72
223 21
91 225
162 49
269 279
26 40
183 13
167 237
271 155
132 244
165 133
266 39
206 54
32 284
159 210
284 38
178 173
166 250
55 72
257 133
52 3
274 53
69 39
35 139
293 152
188 281
259 250
8 3
75 258
74 275
136 52
270 278
213 155
6 104
18 105
98 294
256 167
282 107
204 128
72 130
1 57
138 18
210 231
59 216
70 178
128 284
172 69
127 141
261 216
180 276
125 167
214 178
160 162
95 11
56 147
279 51
210 12
17 68
6 287
37 272
102 274
289 191
1 4
197 39
91 216
75 135
295 49
38 227
18 193
53 275
69 40
187 80
262 67
189 215
280 28
171 89
255 41
93 237
37 278
126 6
122 195
236 82
225 33
243 154
184 157
113 70
189 159
180 62
91 134
151 35
242 55
246 196
237 157
80 109
19 45
33 290
225 39
253 71
127 63
208 207
25 259
271 24
139 90
294 17
150 171
211 201
23 128
55 145
293 222
168 189
278 253
261 297
135 29
205 71
140 176
53 165
12 3
18 282
68 196
162 223
206 202
200 240
204 193
51 55
66 184
280 252
157 198
189 154
160 226
75 122
204 13
7 61
7 292
148 34
94 114
38 162
69 119
181 236
40 1
68 209
80 163
47 60
295 209
243 64
181 83
215 66
238 74
225 237
241 281
159 56
168 221
274 0
47 168
219 128
72 263
95 217
88 286
233 88
205 42
42 121
273 182
210 233
7 224
285 245
35 182
254 22
26 10
106 146
108 99
212 277
278 106
37 102
247 87
259 22
106 84
295 222
156 244
272 158
32 276
219 124
198 158
135 219
286 49
55 69
260 124
234 192
198 102
52 72
281 178
97 21
43 44
233 256
266 163
8 56
66 145
122 83
209 291
190 89
255 71
280 74
134 36
183 94
119 154
17 24
126 79
139 227
208 133
287 108
295 231
7 51
237 226
174 54
138 220
13 133
246 3
33 285
239 184
115 125
242 289
93 198
172 8
12 92
243 80
231 129
130 2
20 290
164 25
119 224
249 181
221 214
103 166
172 251
95 100
219 133
56 83
50 53
141 112
163 12
77 126
277 26
67 77
299 90
180 292
2 80
119 36
160 183
107 263
3 125
90 275
170 205
34 154
299 219
278 127
167 131
1 135
273 117
95 237
239 92
178 295
100 206
83 41
254 131
242 57
257 148
74 54
207 289
67 86
40 224
142 239
283 223
298 242
247 160
62 279
24 260
86 13
248 29
142 209
148 149
83 247
158 206
47 94
144 283
52 95
194 189
65 262
88 295
277 229
40 5
240 159
31 129
225 108
157 121
174 46
3 278
148 256
100 127
274 62
267 216
257 208
36 180
29 283
63 156
2 41
271 112
180 88
229 14
143 231
125 9
214 166
227 38
202 222
132 168
202 137
224 77
47 241
172 47
216 205
153 87
77 221
28 120
281 146
225 61
122 258
41 77
292 89
94 4
24 19
98 52
296 171
78 92
262 0
240 88
5 73
198 158
57 121
235 265
150 127
85 263
7 119
287 31
26 155
0 222
185 136
266 190
106 172
263 220
13 103
282 262
114 132
254 177
8 233
88 99
129 220
170 225
237 226
111 131
99 229
240 84
14 159
72 178
130 165
75 66
113 74
124 294
277 191
72 44
20 15
0 103
23 165
130 256
156 165
278 93
166 165
84 149
234 247
196 276
160 137
215 34
243 101
189 12
180 182
194 43
21 192
20 260
7 289
112 87
167 241
76 49
135 3
24 192
79 120
155 115
16 106
115 244
116 153
63 69
8 228
176 87
84 158
121 228
70 146
56 227
166 271
287 99
208 263
255 251
186 255
296 180
92 280
18 35
276 206
24 196
105 79
80 100
47 100
173 236
258 296
190 129
89 66
265 102
3 146
26 188
98 240
117 129
78 217
124 136
33 283
121 138
72 167
150 245
244 292
39 70
102 119
184 236
227 264
285 123
297 102
83 197
181 51
276 98
25 216
263 90
83 224
7 236
18 259
122 63
296 237
221 64
62 287
179 91
153 105
120 14
240 92
1 267
45 283
33 11
139 8
237 148
148 38
88 230
165 54
159 197
123 28
144 236
182 250
82 23
174 239
28 153
15 279
271 204
210 70
56 81
140 8
124 167
286 269
270 107
280 228
221 106
76 68
15 41
298 253
55 3
5 54
25 133
212 273
204 260
20 223
125 10
125 203
9 211
15 279
6 176
199 205
8 120
142 165
96 204
28 164
155 184
134 210
32 95
152 71
9 144
0 289
78 237
22 54
94 55
131 148
58 263
139 72
231 209
166 271
137 83
287 93
233 160
162 230
23 156
140 18
158 164
202 216
21 238
223 191
176 128
124 121
172 285
159 5
264 106
166 231
62 206
198 258
258 45
25 88
57 183
171 294
131 69
196 190
93 26
249 185
7 6
250 254
184 71
28 206
177 44
13 294
55 111
144 286
291 221
133 200
113 174
71 155
184 31
113 4
134 149
154 247
228 30
255 270
108 173
289 208
80 12
182 47
46 207
274 18
46 223
267 96
245 49
231 145
231 158
65 131
285 39
218 172
20 93
64 19
273 276
233 129
206 274
113 86
58 123
34 168
145 248
143 110
64 249
241 59
165 195
142 287
127 40
114 67
23 13
124 165
96 179
237 151
0 115
17 0
0 219
224 221
4 230
16 198
80 161
108 126
284 15
243 35
284 13
219 48
28 219
141 23
149 186
59 82
78 246
287 41
139 93
268 150
284 127
73 87
9 37
26 263
117 177
101 48
193 140
224 77
172 103
258 176
171 220
220 58
269 284
271 163
248 9
236 146
266 168
203 173
196 132
262 46
179 158
154 273
76 73
81 246
49 248
250 203
45 10
55 137
277 122
61 112
147 18
163 83
265 45
152 245
198 288
81 92
125 51
165 178
210 253
272 231
263 108
75 198
187 208
271 262
180 80
241 154
105 48
12 262
285 193
66 133
216 273
260 155
258 275
246 177
65 214
8 151
92 136
156 251
113 288
160 228
222 60
180 224
179 264
12 255
25 111
82 42
19 155
167 44
270 144
74 111
100 22
17 34
115 76
192 88
234 64
261 106
292 294
15 148
36 8
293 107
148 283
199 182
63 65
61 252
205 238
34 2
237 64
157 193
11 164
173 123
294 56
154 31
277 51
155 273
78 103
9 143
66 87
77 40
230 263
77 138
17 125
18 66
83 1
224 247
130 75
227 36
296 247
80 121
81 115
229 95
258 158
58 182
154 1
146 264
11 9
165 138
253 75
121 191
28 171
112 32
60 79
205 5
6 285
36 174
221 18
265 118
184 100
265 189
211 246
105 213
94 246
242 124
280 182
96 68
138 219
225 131
288 95
200 206
107 279
284 170
292 285
38 128
110 286
159 270
5 33
204 118
135 235
68 264
145 70
191 31
268 69
269 282
171 270
141 41
70 244
177 266
97 11
162 185
77 7
93 187
175 263
5 286
151 14
211 166
60 148
135 20
297 207
210 85
74 217
64 227
148 192
273 53
194 75
3 201
249 213
163 265
273 26
180 91
147 118
95 269
193 206
245 100
105 167
189 206
258 44
189 261
15 146
78 235
144 143
163 205
165 119
119 77
238 266
136 292
34 0
216 158
141 292
151 112
50 10
205 20
156 34
128 3
71 220
200 2
129 160
222 20
167 266
13 61
226 102
122 187
81 150
276 49
235 125
293 64
71 170
148 218
28 4
6 54
0 159
229 273
65 264
217 17
20 69
287 176
89 124
197 128
14 86
234 23
70 208
106 12
4 41
30 204
289 166
108 57
143 119
17 74
139 229
67 158
137 209
201 228
46 244
49 297
195 228
245 236
290 259
162 49
68 246
112 54
5 103
70 87
206 179
200 88
99 298
92 14
99 3
102 120
111 273
228 190
205 222
3 216
43 129
263 99
27 221
89 69
120 121
149 244
172 51
275 230
76 22
172 236
33 138
35 154
238 45
280 8
35 23
229 109
156 214
144 133
199 235
68 299
162 299
138 114
55 145
217 40
66 272
92 30
52 163
50 167
208 79
42 169
55 123
146 90
49 134
123 139
248 6
253 287
269 265
259 57
95 31
294 136
250 87
234 98
41 222
110 11
78 66
216 279
95 124
128 215
37 253
64 288
237 127
52 213
253 93
203 11
64 273
245 223
37 155
141 24
238 141
242 84
68 180
87 131
268 119
60 191
71 95
117 258
19 255
38 121
1 199
140 154
49 264
96 241
248 110
151 299
24 153
228 65
228 296
295 253
69 139
253 84
291 101
65 13
27 167
228 56
289 38
110 179
176 35
61 73
48 112
135 170
161 100
9 182
199 153
239 201
207 159
59 31
217 132
78 260
8 208
11 60
294 264
68 168
233 35
137 126
242 133
282 246
244 280
70 110
45 236
285 119
76 15
205 52
103 6
209 72
86 104
194 129
78 116
22 248
289 130
85 50
5 144
34 289
207 96
21 108
78 172
246 166
288 80
292 227
175 201
265 38
290 240
14 264
207 16
150 89
144 102
298 18
13 274
100 75
111 135
80 140
164 62
234 274
62 222
113 189
20 167
25 96
276 181
50 145
276 92
6 295
204 291
152 298
142 225
185 78
256 275
4 158
101 20
248 296
73 216
90 125
126 20
198 41
47 16
21 68
97 111
119 10
7 161
295 114
183 37
234 258
150 235
187 208
114 5
78 128
100 202
204 180
268 239
269 38
78 247
169 107
75 133
118 113
77 231
271 123
97 74
96 101
156 293
289 241
290 178
144 271
85 152
170 97
278 189
29 148
12 179
56 256
48 81
190 26
292 272
98 114
99 293
61 154
274 14
105 172
262 36
267 254
12 121
158 269
83 24
178 55
234 217
229 85
1 199
121 125
134 177
269 179
136 126
254 194
23 290
64 141
87 183
41 200
198 211
69 288
56 99
66 27
146 294
11 5
295 289
275 129
260 97
147 36
3 289
164 229
80 155
5 14
143 5
64 248
207 16
70 259
289 80
128 233
87 120
295 208
296 170
181 289
185 108
84 200
297 148
196 204
84 36
129 18
163 129
127 80
65 150
32 54
222 247
241 279
205 87
294 24
253 269
1 149
249 171
116 233
128 41
37 288
284 9
252 256
115 232
292 298
249 170
183 135
147 187
9 198
290 145
291 19
132 109
291 91
295 212
113 33
120 67
21 126
101 157
4 174
217 258
197 145
279 295
162 267
113 229
20 33
279 107
61 289
236 103
145 287
266 36
183 173
167 217
80 145
197 199
247 275
53 249
3 48
234 296
138 157
259 169
151 3
289 221
287 231
20 96
218 249
269 293
100 83
16 109
57 144
258 182
236 180
95 78
248 290
97 88
35 39
173 71
282 6
287 282
253 215
210 183
87 188
78 70
244 175
167 105
186 277
184 147
287 270
96 107
43 6
273 263
229 1
133 154
46 81
168 243
44 203
177 148
278 60
184 17
238 200
189 289
271 135
299 81
45 6
250 220
247 10
162 60
60 258
222 206
139 88
35 178
258 197
167 117
285 41
21 31
219 106
158 255
134 260
5 1
145 231
179 20
277 294
238 254
182 262
298 255
120 186
44 18
32 100
78 70
221 292
95 113
20 130
149 187
5 50
12 133
25 57
264 250
17 237
76 146
201 178
96 76
215 70
230 218
258 179
279 182
1 164
243 115
282 93
283 189
145 93
231 19
12 18
261 105
159 190
285 91
139 22
225 190
184 222
30 139
168 243
223 110
75 54
16 110
46 157
138 148
244 266
287 27
274 94
9 71
44 99
149 138
266 81
7 120
119 248
240 5
159 295
101 137
36 66
137 228
295 269
71 260
82 211
100 123
159 80
64 158
184 66
190 229
286 148
172 29
173 164
279 43
18 298
287 44
47 130
21 102
299 64
41 283
124 203
76 82
205 62
291 224
133 49
251 280
185 123
142 199
147 115
42 16
190 154
48 17
151 258
88 43
229 233
232 177
298 299
27 246
218 273
103 122
121 156
191 31
44 143
272 157
215 273
95 9
130 285
172 144
132 108
115 21
225 163
201 283
74 250
195 22
85 100
261 39
201 196
130 285
30 88
146 275
290 287
190 179
270 66
135 227
47 167
180 245
10 28
178 49
30 209
154 279
28 101
2 237
71 136
1 150
152 255
237 264
161 182
27 60
83 181
24 275
53 176
14 37
245 285
95 235
96 121
39 289
218 244
110 14
231 288
252 63
183 21
245 137
81 175
117 162
241 180
228 279
278 29
231 112
238 45
104 31
101 49
188 53
101 257
58 248
15 67
159 117
192 48
168 137
11 215
25 8
170 55
97 57
266 137
55 253
191 23
133 205
298 142
247 108
183 151
201 163
46 296
177 271
135 189
203 243
172 264
259 29
42 65
198 85
1 195
62 209
175 8
273 56
278 280
273 295
20 268
71 262
38 185
138 269
2 157
75 166
263 47
97 198
267 255
252 178
248 110
232 146
79 191
234 278
43 98
158 83
40 6
75 223
13 162
203 258
118 60
155 152
262 116
194 76
66 272
290 288
283 288
88 255
69 250
126 160
278 100
165 275
221 135
188 280
274 47
201 253
231 255
112 33
106 58
263 108
279 1
252 58
169 154
37 208
43 114
162 169
160 73
236 118
54 152
171 131
131 200
79 218
246 53
96 253
238 79
35 49
169 208
212 128
192 2
80 26
124 96
267 50
43 167
15 29
207 166
34 183
59 202
160 42
242 250
115 41
278 231
258 66
283 173
259 239
182 269
220 196
81 183
165 69
61 106
293 40
220 5
213 163
234 223
99 236
106 38
30 252
256 25
139 233
11 31
188 199
205 209
229 17
105 127
255 180
115 89
14 88
264 255
139 166
98 20
237 264
120 188
139 130
219 133
200 110
150 24
241 243
254 242
181 74
93 9
293 25
29 279
240 88
10 274
229 89
160 11
256 51
89 138
240 209
173 110
69 222
253 61
206 149
179 254
178 87
172 80
187 280
113 104
131 115
206 97
6 150
260 240
237 161
45 42
97 218
292 200
139 51
51 14
119 280
188 136
112 150
286 23
294 19
130 256
249 270
71 219
281 18
233 176
299 268
146 243
208 193
163 89
199 17
224 144
80 191
116 233
217 242
149 6
190 256
101 99
138 107
241 228
118 124
83 257
54 299
73 250
63 228
269 164
104 228
139 116
138 24
296 96
149 95
275 266
252 3
241 37
142 168
296 151
19 288
286 145
133 102
252 90
148 238
94 22
163 114
134 20
176 274
34 77
150 266
121 265
279 225
114 274
133 286
100 106
211 165
278 121
120 275
94 267
159 119
23 14
113 163
208 232
124 188
283 126
124 176
205 169
193 40
151 239
206 194
56 255
292 73
280 225
132 128
212 232
85 19
221 250
232 49
206 217
173 271
280 48
102 157
130 31
73 164
177 102
288 190
144 154
257 154
136 233
106 169
37 214
291 66
196 216
211 89
84 38
253 36
92 289
95 243
131 42
242 160
45 288
111 285
13 73
20 247
60 138
125 16
192 158
266 74
78 102
60 40
156 13
195 145
274 239
156 236
1 25
92 17
158 123
185 160
140 130
254 49
230 51
143 199
59 176
210 94
14 253
117 248
252 136
293 137
64 95
242 17
126 169
79 203
39 66
43 257
134 3
241 65
212 177
256 139
9 75
221 220
133 237
29 75
237 49
231 60
278 245
61 221
106 20
56 46
1 138
216 191
115 44
185 245
152 253
166 276
109 184
173 143
146 267
95 218
195 230
228 109
254 298
35 118
246 6
127 152
238 276
171 30
285 59
247 7
117 288
171 197
255 275
285 185
119 18
150 172
33 172
101 97
84 175
37 298
117 169
199 22
39 52
240 139
217 270
180 177
80 51
18 256
176 285
128 250
217 215
13 39
134 185
43 204
199 30
164 186
160 164
289 49
137 159
36 209
156 238
238 193
140 120
264 289
89 26
58 19
177 79
175 46
102 249
112 27
69 29
111 92
236 78
1 119
6 10
297 291
241 56
175 75
289 150
115 92
77 169
176 179
84 56
211 34
42 32
67 248
216 87
165 67
271 69
296 161
194 64
237 281
30 147
241 152
122 115
204 218
89 252
200 42
55 79
200 246
34 164
152 254
221 78
103 184
122 205
176 281
193 196
90 214
10 62
59 49
110 93
100 200
33 142
242 192
215 46
128 108
201 43
60 75
186 295
246 114
46 112
75 153
297 250
216 203
160 22
164 65
242 220
99 243
126 154
72 60
279 166
116 202
55 202
236 35
15 251
270 4
92 94
220 142
13 148
8 213
44 87
246 279
102 247
277 72
178 64
143 67
291 100
278 122
217 10
212 17
79 181
150 255
17 84
139 93
180 97
252 36
218 130
185 144
253 110
245 166
195 100
287 249
156 0
290 140
289 254
26 28
69 120
154 174
186 93
279 224
198 9
204 200
286 272
250 183
173 280
57 153
85 83
89 112
149 176
88 58
153 112
253 293
179 189
92 202
43 71
224 262
125 284
236 89
204 54
28 18
30 53
154 251
184 145
289 263
104 272
154 203
247 59
69 264
198 21
182 96
181 65
50 155
241 272
228 276
274 79
83 249
183 42
189 151
56 42
254 276
192 289
291 92
225 115
225 70
175 234
111 201
160 81
166 235
290 275
57 205
1 3
115 223
176 255
242 74
221 237
287 5
287 42
258 214
251 277
116 205
118 114
76 16
230 241
49 73
1 167
195 59
189 118
101 93
167 137
250 292
79 156
209 67
193 109
150 99
298 250
120 71
1 213
255 285
54 29
37 200
26 292
6 137
212 121
39 8
161 73
1 203
198 244
143 264
16 66
101 172
219 58
284 149
232 294
244 163
232 83
190 236
41 8
176 8
235 257
153 200
53 185
166 160
99 100
264 107
217 181
107 62
49 267
32 110
54 105
170 95
192 80
280 275
69 153
288 63
126 201
249 167
109 93
95 68
271 98
105 82
40 241
83 1
288 180
177 247
15 133
17 113
25 30
256 114
125 98
27 177
137 188
140 160
141 183
287 247
218 87
206 264
203 148
276 96
219 45
186 35
54 164
119 103
54 92
271 266
283 146
42 44
91 131
2 263
37 45
90 36
135 209
51 236
266 203
97 3
137 238
7 71
277 44
193 236
272 291
28 163
193 22
70 50
298 281
41 229
46 246
254 175
285 174
162 8
286 290
17 283
73 252
232 165
259 105
39 23
76 128
145 135
35 63
6 55
52 289
262 258
49 231
99 156
47 136
279 209
92 106
34 87
155 135
135 184
253 47
115 261
30 84
100 186
265 190
187 52
256 100
21 293
32 129
145 154
153 244
120 35
4 96
158 196
65 58
195 59
179 109
79 41
273 248
194 7
251 94
276 283
92 283
210 174
292 23
289 83
265 155
20 177
197 12
258 165
125 140
186 76
251 37
274 258
298 68
67 70
193 169
6 181
47 274
12 202
32 277
88 173
34 124
133 180
107 93
237 208
206 37
162 226
119 160
285 216
196 191
155 134
170 290
157 110
0 216
60 265
65 116
187 288
78 40
52 194
230 192
285 111
24 280
296 4
92 59
110 235
87 231
128 239
43 205
150 196
7 196
166 238
79 8
62 269
206 212
291 100
121 98
122 106
44 215
6 220
54 159
66 225
264 190
192 79
4 178
103 253
165 297
201 271
74 183
178 184
131 132
92 116
6 13
222 65
68 141
206 174
284 275
16 48
145 87
86 60
73 190
263 276
257 70
33 136
235 150
206 289
21 52
234 102
225 34
115 289
82 156
147 96
244 133
37 88
134 96
233 146
130 53
262 36
53 168
104 123
250 148
72 229
95 81
247 8
262 287
127 61
183 11
276 260
10 94
179 10
245 89
202 173
162 11
113 298
173 259
263 166
59 229
59 231
5 287
190 13
187 6
215 255
238 99
176 121
201 9
62 28
114 154
126 33
201 56
5 259
167 137
186 77
248 83
34 288
266 292
211 235
36 71
27 252
287 69
44 109
154 40
209 202
277 123
42 74
254 92
158 113
61 222
94 120
44 265
254 137
184 112
55 68
85 19
126 175
151 193
8 87
3 20
18 123
174 195
72 22
285 232
119 30
91 20
66 7
292 248
168 20
16 52
43 268
173 254
202 84
124 165
7 41
145 272
6 100
252 129
147 198
100 75
84 207
120 48
28 84
126 158
42 288
196 234
288 293
161 209
263 251
111 14
92 286
243 228
230 293
179 68
224 114
283 277
283 129
227 236
237 234
187 197
293 215
50 23
0 283
35 46
245 282
41 243
270 293
95 277
241 177
234 275
215 236
74 283
57 107
9 145
19 283
291 10
285 129
21 94
77 150
272 271
150 178
251 154
192 1
172 76
255 73
247 285
253 146
123 52
124 17
164 225
192 71
174 189
54 75
226 277
28 199
9 85
81 118
152 293
223 23
290 224
93 218
289 222
257 44
255 275
167 291
112 41
145 105
220 284
252 174
131 84
161 169
200 48
193 45
107 129
142 193
285 78
257 98
54 6
73 269
260 257
214 215
136 181
125 16
36 270
90 132
255 246
73 231
265 225
249 257
247 96
237 210
3 88
132 85
286 266
155 168
233 16
186 82
21 289
103 87
194 45
234 224
242 298
19 118
88 170
78 269
289 231
39 53
243 126
108 186
21 260
123 180
288 146
218 262
141 261
98 290
71 111
166 201
5 221
292 23
236 212
254 18
238 245
152 107
102 61
271 55
247 234
152 190
242 43
167 185
145 172
160 263
77 236
215 195
228 147
37 45
292 191
141 181
152 51
98 99
32 150
137 214
170 295
178 258
74 206
151 152
18 194
231 120
7 198
47 162
18 20
35 29
153 183
295 111
26 34
94 182
10 88
165 11
284 50
95 264
121 119
218 62
141 133
26 229
151 183
215 111
108 238
75 223
190 226
296 191
277 204
203 183
236 101
220 51
194 151
188 93
284 66
137 74
63 31
139 88
69 9
240 15
228 61
245 195
204 161
209 201
179 57
217 210
75 43
201 130
137 68
115 174
153 291
287 206
244 179
189 276
15 76
260 11
104 216
73 95
254 250
65 44
199 2
139 285
93 77
280 107
228 174
248 271
45 149
56 251
274 221
206 36
280 135
279 249
118 265
146 175
289 99
40 216
210 119
189 240
119 132
204 208
280 201
181 44
286 187
176 111
153 99
250 42
46 157
190 57
162 190
41 4
288 118
289 92
3 113
148 72
265 197
167 200
237 44
89 125
33 98
293 179
202 194
289 9
69 277
266 277
4 34
288 113
54 253
119 232
112 14
105 146
258 203
74 260
267 241
240 163
173 163
169 215
174 267
4 212
31 253
194 282
12 5
6 94
77 65
117 186
245 23
103 165
55 95
42 111
90 113
272 265
183 170
34 241
290 86
180 65
138 76
273 137
217 62
108 93
79 198
219 142
20 23
137 124
285 241
196 260
263 268
32 263
206 101
164 66
208 177
169 236
190 124
11 181
187 186
130 157
199 11
72 15
180 28
173 60
265 0
51 101
124 127
157 162
82 176
195 56
232 188
138 272
275 10
256 115
115 268
284 285
63 205
78 189
256 149
45 105
53 152
9 171
142 170
200 133
282 198
202 247
141 108
276 30
294 272
260 225
198 251
18 105
265 252
218 142
161 266
72 110
156 182
275 277
125 103
129 214
221 272
77 278
195 144
214 54
291 218
178 32
194 141
295 165
239 292
225 76
218 171
214 271
188 225
192 110
18 235
286 104
20 238
234 294
247 33
176 239
95 216
141 91
137 58
43 38
17 207
62 225
269 134
93 83
189 167
196 189
214 236
9 47
100 7
291 199
103 249
271 153
3 239
239 71
297 4
102 48
58 139
63 53
91 267
295 255
217 209
16 61
32 115
81 299
99 45
178 15
100 17
101 61
18 3
149 44
247 168
184 202
195 12
86 99
61 261
127 266
297 260
147 165
191 69
28 83
155 28
48 216
1 175
276 103
276 64
114 252
229 122
182 17
64 109
17 246
263 138
141 161
254 63
249 94
24 177
292 268
258 292
133 222
145 147
74 146
157 166
270 275
291 57
22 87
119 263
140 28
234 113
166 231
126 293
31 233
0 193
146 22
96 230
109 183
180 248
254 21
76 124
295 46
67 189
170 76
260 30
275 269
182 136
44 288
259 228
68 242
228 171
222 2
109 223
92 195
108 268
253 246
98 2
297 250
152 288
16 196
1 196
283 109
251 191
259 176
223 20
193 41
80 138
3 258
154 273
65 179
144 184
250 145
73 299
204 104
39 53
118 174
100 204
50 177
296 123
38 281
155 136
152 216
276 236
192 65
189 170
247 76
73 164
136 21
238 84
198 157
65 169
193 188
136 80
176 103
145 133
168 147
191 89
200 183
188 35
28 297
197 294
8 174
179 116
95 85
22 277
117 134
254 68
155 158
24 121
132 135
54 204
293 102
80 237
291 253
297 93
53 146
145 289
146 158
54 113
167 216
130 240
5 36
118 74
263 214
159 61
142 104
53 107
143 207
108 178
125 182
83 271
281 32
7 165
246 249
85 106
292 167
166 174
79 139
254 78
11 83
266 25
1 289
57 66
42 173
5 209
105 118
61 35
138 144
0 271
253 42
137 280
170 203
81 149
224 135
212 272
98 230
216 292
86 18
220 296
234 93
217 130
19 224
255 209
106 175
33 113
219 38
1 257
35 78
17 129
245 197
250 206
54 65
94 89
151 242
125 81
31 94
97 193
268 253
42 256
181 223
60 127
207 96
19 208
190 27
97 10
212 269
201 106
239 38
117 54
93 66
181 68
161 134
184 170
225 179
252 233
172 13
174 89
139 75
35 68
138 92
210 254
156 229
292 141
95 48
39 100
203 288
212 89
174 183
25 232
100 240
254 223
235 97
285 21
91 272
19 242
187 115
64 273
187 143
175 237
127 18
178 42
159 243
29 234
155 217
113 278
77 275
25 245
218 226
6 44
20 284
75 248
284 201
36 285
150 50
65 194
145 28
233 37
240 202
15 294
20 159
186 44
72 250
226 62
273 266
6 294
245 0
48 36
48 151
211 70
109 74
148 66
1 192
56 23
31 51
100 127
157 128
6 155
13 275
147 81
209 296
178 250
296 121
262 218
180 57
111 82
119 257
19 182
59 287
156 284
295 54
51 160
51 31
206 53
69 230
127 123
31 113
134 1
25 280
216 14
163 136
227 271
122 92
140 104
50 252
272 91
65 145
195 179
113 135
268 140
48 52
224 235
135 54
186 30
10 251
183 43
219 214
155 61
235 243
256 126
225 75
23 93
177 259
294 206
122 272
138 227
295 283
207 65
136 148
177 136
235 129
59 91
177 206
163 194
194 87
158 239
52 228
281 83
85 76
198 67
166 169
41 81
250 41
218 20
128 287
52 254
182 223
174 40
292 24
206 113
219 182
196 22
244 138
95 190
92 84
274 194
25 218
216 152
26 107
98 299
81 246
244 29
246 97
163 166
48 89
210 152
282 124
32 49
273 33
61 274
22 246
183 281
62 157
141 30
188 151
177 270
144 262
130 36
166 146
256 222
163 88
88 11
15 136
107 217
76 212
292 244
133 141
241 45
43 244
81 133
212 53
215 52
151 107
82 173
260 107
27 44
81 127
239 171
261 218
174 138
10 59
59 247
184 38
214 37
63 18
173 68
95 246
117 167
293 146
48 262
164 275
65 182
207 163
259 73
231 107
254 145
71 187
47 46
104 184
251 77
122 207
98 294
182 125
194 30
160 79
230 200
191 271
128 98
98 116
81 264
125 133
106 12
54 149
78 249
123 14
295 65
200 281
66 80
283 147
170 213
146 89
197 140
193 164
277 175
232 152
117 48
289 154
3 228
299 94
233 165
2 28
210 161
153 102
120 217
72 217
7 220
258 175
240 263
58 105
77 283
38 29
90 96
252 204
26 121
279 235
147 141
266 140
255 32
220 12
77 87
265 290
33 246
201 2
211 128
212 226
206 290
221 233
214 229
288 223
261 298
127 244
225 249
28 226
108 249
243 71
259 87
295 134
80 245
32 227
176 200
35 1
139 24
87 96
185 126
186 187
90 151
62 35
126 148
299 292
75 58
146 136
188 53
265 78
57 67
85 163
71 184
133 209
96 90
191 231
142 151
184 85
188 123
106 159
92 218
36 85
189 42
61 219
209 202
107 0
56 51
79 100
237 158
294 284
89 48
194 258
233 260
291 148
76 144
225 42
60 280
98 153
39 65
160 178
246 81
85 229
272 104
11 39
167 210
53 122
297 277
224 121
292 2
84 179
49 177
71 44
24 117
117 231
166 3
92 122
192 194
204 52
19 135
255 111
163 192
250 171
42 257
13 287
141 249
53 247
101 46
285 98
147 72
18 286
91 40
192 63
160 193
47 160
199 177
249 35
242 293
283 41
30 160
276 72
96 254
260 95
279 67
298 61
65 248
70 106
162 281
240 18
252 56
42 210
32 7
206 14
210 79
180 181
75 158
61 217
127 54
152 30
165 216
291 138
177 64
203 117
26 2
172 184
291 226
5 55
14 134
228 257
91 250
212 178
132 85
294 265
197 87
236 98
291 109
203 52
272 212
4 232
211 17
45 265
3 230
180 295
25 84
95 55
221 114
44 149
3 263
95 251
217 111
60 229
113 149
0 3
228 195
68 20
268 37
142 179
71 124
239 146
115 126
275 253
237 99
6 74
208 116
123 125
36 203
176 207
121 30
169 124
7 33
78 7
114 23
295 264
235 169
210 135
107 295
90 159
78 184
142 151
275 143
286 201
234 156
231 258
236 98
81 97
63 256
47 111
139 26
132 203
120 112
166 126
20 123
265 173
73 185
227 296
105 213
183 118
204 46
148 221
161 40
61 260
147 41
277 138
102 238
290 224
270 93
249 210
190 162
45 27
132 146
229 243
297 214
209 90
123 227
295 201
182 249
75 247
79 291
170 133
43 169
121 9
263 19
36 156
168 211
109 74
157 109
34 151
132 259
226 23
70 247
223 82
228 200
24 118
280 117
137 107
248 269
110 258
164 14
223 90
46 292
102 241
294 169
63 283
258 242
291 167
261 25
266 204
151 27
8 95
218 168
111 232
147 46
81 129
262 208
6 25
167 150
193 225
267 221
44 259
41 268
59 269
6 41
58 217
190 71
130 221
130 3
218 195
83 200
69 0
109 83
105 137
20 43
244 134
235 183
241 39
298 203
13 261
33 249
99 205
56 241
182 90
164 167
61 219
153 55
198 47
168 196
208 80
194 177
33 233
124 176
203 65
41 229
281 147
53 182
40 295
208 229
16 269
82 257
45 127
10 7
280 194
12 180
101 199
30 189
173 162
177 46
189 138
34 32
214 86
96 130
245 80
177 256
291 242
297 272
202 160
264 190
252 143
221 46
290 197
194 73
122 191
225 75
247 267
287 239
170 162
7 211
178 230
229 243
217 220
143 55
17 28
286 2
265 124
294 231
88 294
62 41
286 282
71 253
173 82
62 16
167 198
18 160
27 148
192 217
215 287
298 108
252 199
120 131
42 32
15 194
168 103
285 180
263 269
245 181
180 159
220 76
24 38
70 203
13 155
189 200
110 76
105 55
163 30
96 250
269 84
215 146
126 148
250 260
93 231
36 223
225 39
235 89
13 38
72 22
51 190
287 278
5 153
243 36
49 179
19 125
126 180
22 172
43 4
280 239
90 169
199 88
135 275
29 143
8 153
57 299
122 109
43 58
142 49
226 16
150 180
41 240
267 93
141 193
20 127
46 103
68 17
90 241
142 255
182 67
101 109
129 52
219 271
81 193
110 210
54 253
38 298
198 139
236 242
243 172
286 296
103 114
164 34
37 197
94 268
56 211
28 0
177 228
189 252
200 223
237 65
229 129
91 298
142 34
43 41
166 282
59 42
36 207
21 111
55 171
186 262
259 18
261 103
34 151
226 256
256 44
109 280
36 24
226 235
167 166
280 193
83 38
126 62
158 148
184 132
243 100
110 119
262 214
249 1
57 158
58 81
25 253
292 251
7 206
113 101
130 156
23 253
126 133
63 125
252 184
178 142
158 94
192 237
248 198
62 2
101 272
127 296
226 236
208 14
14 13
173 235
52 40
117 42
92 221
44 43
103 11
143 245
150 265
97 187
73 183
277 213
75 44
131 21
93 264
158 206
127 44
73 107
72 195
96 61
40 228
165 80
127 136
32 226
284 6
218 203
175 232
146 298
155 11
78 254
162 116
81 266
118 0
204 188
261 137
204 81
147 117
261 219
168 245
183 245
240 50
226 58
122 173
137 152
164 263
82 217
212 126
284 266
231 157
108 59
274 136
275 291
91 76
234 128
79 149
266 68
262 96
169 262
285 119
296 167
260 261
39 6
252 97
169 175
180 72
255 119
71 117
299 140
44 267
2 257
77 49
244 169
242 213
11 168
145 188
21 79
202 44
175 286
139 149
294 134
39 51
132 25
30 115
178 191
243 253
24 131
64 110
196 63
206 44
298 101
242 170
248 182
177 178
7 102
134 143
223 95
239 11
258 4
25 23
107 21
33 121
238 75
242 230
282 295
81 172
53 264
142 220
6 117
294 201
259 274
167 122
5 142
202 127
7 290
2 103
73 89
43 280
145 212
61 225
278 246
202 175
237 280
165 100
256 24
217 211
173 208
113 148
156 174
42 262
215 182
280 175
296 32
292 204
5 145
179 289
248 202
95 217
142 274
216 62
273 100
21 61
110 115
249 241
215 138
229 215
31 253
223 155
130 70
1 59
157 215
9 255
173 93
53 290
30 70
28 229
0 259
265 169
246 30
51 0
82 187
9 217
241 3
159 61
123 249
143 106
103 130
279 27
11 138
157 28
89 229
100 134
120 184
59 78
249 144
121 185
54 216
112 236
264 34
262 42
282 215
159 188
88 267
21 213
124 245
61 208
110 158
174 251
241 40
243 17
206 170
6 45
229 59
203 266
204 69
270 169
201 232
295 190
7 22
232 268
227 63
23 135
149 247
66 262
226 146
110 295
202 98
134 250
226 257
44 143
250 146
273 73
251 166
195 177
295 56
55 15
72 31
286 257
192 206
3 74
66 51
115 179
291 175
122 286
157 99
256 32
282 147
234 116
165 268
34 103
266 70
261 125
119 133
188 59
138 99
5 67
58 241
113 225
101 128
135 188
299 241
41 74
115 5
0 86
230 249
97 65
252 282
10 181
160 76
260 69
154 260
3 11
149 215
96 102
26 295
293 65
66 113
282 22
243 125
25 32
152 193
25 106
45 161
28 31
127 254
264 140
236 169
85 194
165 226
226 290
268 269
82 178
154 52
150 174
19 258
218 225
45 16
238 144
146 4
206 39
204 237
150 176
92 196
244 233
4 78
147 146
225 253
249 19
46 117
239 219
72 126
222 288
69 281
56 149
202 18
22 82
166 186
256 267
268 230
101 214
21 147
99 14
179 78
251 138
239 154
167 134
5 27
144 175
31 230
0 1
26 253
213 90
197 182
275 222
29 161
18 69
141 26
100 141
188 220
87 227
139 16
189 237
269 17
112 44
294 118
88 39
208 232
152 241
184 36
77 145
293 119
204 9
226 70
257 275
56 61
4 292
149 261
12 292
212 90
229 282
44 41
220 265
126 289
67 234
195 52
9 204
80 3
297 230
31 277
115 106
163 193
168 54
181 101
103 251
207 10
228 0
273 166
234 223
9 81
156 296
152 39
70 164
126 291
92 48
190 95
104 196
290 245
172 6
299 51
195 287
14 0
250 209
226 274
66 35
251 216
85 138
140 60
266 232
137 281
28 102
128 114
57 78
283 98
254 170
126 290
112 276
280 130
117 55
118 52
190 270
1 286
99 157
14 252
292 226
215 84
26 30
11 282
252 55
238 81
109 294
93 1
4 291
128 186
159 178
182 135
191 125
3 155
278 248
227 202
98 273
10 101
71 84
182 156
67 127
47 95
43 87
6 84
186 132
65 226
154 191
58 149
53 78
71 120
226 18
2 261
259 22
10 140
127 178
276 138
207 137
45 12
149 190
217 180
275 238
159 163
38 173
203 50
15 0
38 263
45 286
183 146
155 113
118 91
287 271
16 176
19 92
186 40
241 24
250 34
31 5
97 143
231 85
133 102
291 8
54 78
267 72
211 61
110 274
287 226
128 278
271 250
90 111
84 296
34 77
168 134
137 268
39 141
184 6
9 274
268 158
290 175
228 171
83 272
44 139
234 264
8 116
5 75
13 170
186 94
229 201
191 42
186 129
153 56
288 7
218 7
251 174
111 200
48 95
95 254
151 213
154 150
164 115
14 135
1 4
54 31
107 113
247 73
1 134
5 194
239 297
70 243
62 210
213 207
78 185
229 202
138 165
81 12
212 25
21 177
89 56
275 140
145 74
140 190
286 196
128 62
226 205
201 234
298 106
176 3
127 144
30 216
235 224
230 173
261 145
20 11
278 254
213 121
192 217
3 232
176 75
285 171
164 123
242 41
107 248
117 196
268 266
141 261
148 298
239 240
150 72
165 253
169 37
130 4
183 226
170 34
143 291
122 23
242 11
158 85
261 49
206 111
294 131
61 265
195 68
64 205
26 224
148 8
182 70
233 252
19 7
248 257
39 124
229 181
262 104
24 21
174 290
76 141
131 296
278 96
190 239
235 109
46 153
151 131
193 259
176 280
140 81
84 257
98 256
214 26
299 81
291 189
45 292
25 49
198 98
259 80
140 97
191 195
223 194
155 38
188 268
33 265
176 155
221 0
132 88
267 69
95 83
202 83
15 235
182 275
106 108
82 175
271 35
137 186
251 34
226 269
151 214
107 261
249 287
77 98
151 28
71 118
56 271
8 187
123 207
139 243
296 251
13 35
92 70
229 163
175 210
213 194
141 293
230 228
11 194
114 222
146 195
146 289
212 218
177 236
190 249
83 281
283 260
130 198
79 105
94 226
31 257
246 202
82 153
28 224
169 28
255 201
9 61
82 66
176 182
180 146
64 227
151 44
112 212
31 212
19 30
185 86
210 9
219 80
50 71
202 253
113 14
179 145
37 14
58 127
285 264
267 69
194 153
35 126
68 197
70 228
13 122
233 55
51 62
20 144
264 92
176 273
98 146
99 21
141 189
217 125
174 76
58 103
255 220
236 72
79 263
164 222
221 230
92 2
240 234
46 110
136 291
1 208
0 19
286 232
187 158
298 101
260 201
26 172
114 82
170 35
60 34
282 94
221 288
76 3
133 295
288 196
190 227
149 234
78 128
232 91
40 61
23 122
161 219
69 3
242 25
265 178
31 112
288 88
132 279
36 6
21 213
234 240
211 142
230 24
14 40
5 106
38 294
131 107
278 197
217 212
264 89
173 56
155 106
193 134
262 287
209 184
287 120
112 96
231 105
271 54
160 148
229 284
70 183
6 257
284 128
53 44
230 70
16 95
221 80
238 209
115 252
265 215
119 244
36 230
13 59
40 4
130 86
66 233
256 130
157 282
265 292
164 133
129 277
48 161
223 203
68 123
17 171
55 114
131 248
192 43
52 261
260 49
293 114
233 211
143 201
34 73
145 98
207 248
182 35
232 296
110 68
217 3
126 229
234 131
254 56
212 281
249 184
78 261
41 117
237 165
121 10
287 262
196 213
242 191
239 170
110 98
16 162
184 196
143 24
22 249
159 240
114 262
106 144
115 222
219 56
7 181
129 136
98 137
217 282
69 239
272 161
268 104
295 32
272 63
265 295
79 219
38 92
39 226
263 116
268 92
82 38
287 23
105 138
66 32
239 103
42 118
10 263
76 237
219 5
31 120
294 5
210 45
237 77
26 203
225 112
28 293
187 110
40 129
246 297
192 33
216 190
172 83
61 128
22 280
249 79
97 30
214 190
230 295
187 219
70 68
225 298
263 214
120 123
89 137
57 5
147 237
122 131
260 252
130 273
184 83
222 107
111 140
181 46
249 285
280 281
98 264
218 16
89 166
296 254
41 105
112 151
131 157
273 240
111 53
118 168
259 164
181 131
228 150
245 266
271 158
290 156
264 283
18 150
149 159
101 25
272 47
254 24
130 53
43 68
179 119
272 199
185 87
11 14
227 3
293 210
269 243
73 164
244 283
12 19
87 267
12 196
141 295
153 124
36 88
115 294
227 146
127 90
182 11
137 3
185 178
236 142
87 287
7 180
114 76
128 271
124 56
282 210
250 111
274 288
40 85
65 276
189 232
98 105
17 214
284 170
246 226
125 129
266 7
275 148
56 219
233 272
92 245
94 12
143 79
60 235
40 47
5 258
98 217
241 264
146 51
229 82
24 255
278 234
273 106
75 227
191 41
77 292
172 2
260 205
58 96
135 67
174 228
195 51
234 232
283 284
183 133
31 51
67 188
98 3
86 190
76 25
229 22
230 115
196 282
252 179
153 214
152 39
130 262
149 250
279 189
68 43
168 240
121 143
193 2
194 17
199 10
154 242
157 129
186 21
31 155
131 50
23 210
171 191
27 186
161 130
140 210
32 289
148 280
92 145
257 24
107 251
214 195
63 34
106 200
107 244
131 186
33 127
32 126
37 153
246 252
50 77
214 263
186 249
225 129
136 8
146 86
39 78
55 85
69 268
224 227
194 195
286 143
253 207
81 43
111 221
181 153
91 202
6 279
203 140
181 47
268 30
39 250
80 219
88 9
147 298
59 211
89 173
241 38
232 146
289 36
207 33
10 159
71 100
87 143
171 64
176 96
235 115
139 138
225 263
82 12
278 95
165 90
52 104
82 181
251 204
172 222
55 272
193 247
93 215
85 94
147 146
6 109
232 31
68 290
216 149
228 128
252 71
299 94
33 35
26 156
193 109
175 181
139 233
9 97
21 264
40 176
39 5
295 272
123 263
150 231
56 106
215 277
159 139
81 71
131 182
0 184
162 237
155 78
197 59
292 144
107 15
268 134
154 244
105 34
71 159
121 132
165 64
1 4
0 66
131 95
148 222
211 132
163 229
206 143
129 218
273 133
289 12
138 22
240 279
278 126
267 88
103 155
90 8
91 55
166 294
39 114
241 78
106 223
215 179
108 160
133 225
89 259
140 118
103 97
284 260
78 0
153 167
94 135
196 76
41 116
213 36
123 5
178 287
38 22
58 289
258 60
205 167
118 134
236 152
257 123
209 141
98 268
76 109
280 18
203 40
260 149
187 214
49 195
11 298
294 264
217 242
39 229
54 97
170 191
18 104
72 17
263 27
40 108
289 211
204 21
242 271
197 145
68 18
34 138
4 134
233 65
193 62
243 299
198 69
260 17
140 249
130 74
41 246
222 259
87 73
162 235
227 1
295 268
148 124
11 13
44 7
277 212
227 193
297 249
230 250
38 90
107 231
125 113
84 72
188 66
259 61
114 142
60 30
160 274
160 296
116 128
159 101
221 156
106 127
208 25
184 39
178 278
39 299
18 63
298 284
147 166
75 293
154 264
89 115
232 21
36 160
127 155
288 45
208 269
183 289
168 138
283 296
141 243
144 53
251 161
109 20
48 231
265 85
119 253
171 177
188 207
117 141
268 288
79 210
263 149
64 135
273 152
251 44
257 220
125 32
237 175
71 28
58 255
45 28
28 7
47 78
141 165
47 225
20 251
66 68
278 101
285 55
168 41
121 136
190 226
172 237
204 221
63 79
123 141
268 277
226 54
68 48
98 102
158 36
13 169
242 117
117 291
193 292
241 274
175 77
122 153
209 201
57 136
273 24
256 151
286 124
232 24
56 257
148 174
258 117
298 32
221 65
168 283
168 130
129 19
174 254
52 20
151 284
83 13
49 181
102 25
167 248
285 124
28 295
192 198
173 192
210 127
283 235
79 224
225 147
23 68
13 229
234 99
134 0
32 177
294 151
239 117
127 125
193 157
148 263
264 53
103 25
120 289
238 212
30 44
2 99
282 76
81 133
2 120
74 195
199 226
55 152
245 122
113 227
100 86
264 296
152 14
123 208
274 63
273 35
58 35
182 94
248 156
195 185
289 131
296 224
63 46
165 31
258 277
176 146
107 135
266 72
68 77
31 231
67 206
280 58
19 230
216 72
243 207
107 69
64 120
55 0
12 267
211 81
298 260
132 115
87 105
128 187
199 103
200 269
138 258
70 107
51 89
245 54
264 178
55 178
235 185
180 108
42 190
50 208
192 96
72 170
134 255
13 188
176 28
235 23
230 45
98 115
120 87
184 75
245 38
169 12
63 141
64 101
270 276
186 202
182 21
23 72
43 26
20 282
20 270
0 38
182 224
109 50
196 117
76 195
82 297
292 74
277 118
144 164
67 159
242 165
167 107
159 249
51 215
195 118
72 246
191 10
58 49
9 247
180 23
181 244
146 49
130 225
57 177
116 33
42 251
85 60
24 16
69 292
40 216
189 213
32 140
165 156
240 211
189 55
227 186
49 240
7 102
176 116
135 188
61 185
33 0
150 14
110 211
117 43
246 7
250 114
290 109
32 229
216 202
284 100
237 282
201 36
294 79
58 141
262 93
107 236
185 29
272 140
42 253
191 180
26 49
71 53
177 61
228 237
125 52
250 201
27 100
178 37
36 261
75 16
170 169
238 174
129 136
273 90
28 43
69 240
281 95
17 162
238 285
128 94
96 228
47 15
68 47
245 104
177 203
145 24
167 180
140 41
160 18
152 267
125 138
251 99
156 126
173 58
152 260
249 229
178 150
114 132
130 252
181 27
244 26
52 41
129 68
106 81
214 269
229 131
107 30
206 192
44 89
21 0
216 90
139 95
98 51
32 5
247 166
281 278
289 77
126 38
231 13
106 205
40 240
162 215
152 223
286 36
288 263
25 247
221 91
70 10
274 228
173 32
160 111
296 94
25 187
193 80
288 60
278 44
296 32
101 73
179 243
281 227
260 158
132 281
244 109
215 126
97 21
98 11
188 86
100 128
41 132
289 173
286 182
123 197
250 188
117 147
272 151
295 74
167 176
265 294
189 277
61 113
212 273
112 266
120 3
56 73
111 69
85 25
233 65
194 3
89 57
163 61
46 108
97 50
131 82
244 201
233 239
267 7
242 106
294 193
1 135
167 258
199 220
295 9
108 224
157 133
293 187
299 120
262 249
264 15
124 9
185 53
45 290
128 54
187 26
165 25
188 38
296 223
176 41
243 235
222 4
0 11
154 157
128 24
191 162
247 100
182 133
97 197
264 45
143 73
211 101
168 173
45 185
207 287
94 105
243 56
250 222
245 101
171 216
292 47
49 148
178 103
127 63
128 205
197 254
10 234
72 272
273 106
30 48
282 96
8 254
241 292
32 142
120 152
261 74
121 199
299 234
185 46
130 106
152 222
109 27
193 3
198 146
54 215
4 80
31 278
250 257
227 119
191 81
50 294
68 12
5 266
52 45
216 102
5 215
112 266
98 188
112 113
2 230
190 261
7 268
183 159
267 120
204 80
284 98
259 231
166 54
216 294
81 222
24 225
94 233
279 184
40 260
211 52
69 275
177 242
28 225
85 266
235 131
172 133
266 112
81 195
3 214
171 131
37 219
63 98
77 236
220 96
71 285
269 273
126 61
233 144
27 276
221 194
293 39
237 62
204 47
43 215
46 138
254 130
217 16
131 255
16 125
186 150
285 288
33 27
129 67
103 290
174 101
260 39
163 179
233 159
151 101
48 243
99 134
13 16
49 289
207 98
278 94
238 138
9 299
53 79
238 273
272 85
44 243
287 123
198 157
54 243
228 196
206 133
211 166
93 58
283 157
260 219
105 246
269 266
11 252
47 168
241 38
24 263
240 31
129 159
159 72
274 15
196 80
212 107
23 265
158 228
163 140
77 32
235 39
277 167
288 247
7 95
21 46
129 153
136 228
65 114
206 182
120 35
212 261
234 231
213 264
256 245
84 163
236 33
30 92
19 98
289 114
162 149
195 250
117 172
280 71
202 118
274 44
204 18
87 291
131 8
258 67
35 216
53 232
267 11
177 99
295 137
153 242
20 182
72 225
287 167
108 140
132 93
155 14
71 92
9 75
266 144
95 54
147 216
3 98
180 100
222 170
151 2
15 138
278 19
236 143
107 232
50 207
279 130
122 195
257 84
206 0
148 191
173 22
113 54
199 208
134 35
147 81
140 237
250 173
97 77
64 89
282 89
294 119
220 23
102 18
108 11
89 229
141 213
234 183
13 247
188 95
207 272
77 279
54 65
89 95
146 61
130 137
253 188
46 168
268 80
88 81
295 283
115 246
194 125
245 140
22 270
226 7
105 71
194 280
38 203
84 120
50 103
74 13
195 198
88 237
202 186
77 0
114 45
227 229
16 160
242 199
170 116
153 249
74 166
22 98
295 60
207 141
24 172
18 14
263 124
84 16
256 127
110 247
296 155
175 190
17 284
70 275
179 242
228 256
243 155
248 264
58 30
7 225
191 220
96 133
162 248
103 80
292 45
180 97
5 250
126 11
134 54
14 18
114 29
36 71
11 63
47 229
159 34
134 217
293 253
256 106
67 263
260 236
67 139
53 100
189 123
256 212
73 285
179 100
40 18
57 11
26 237
22 93
106 27
196 275
53 175
0 59
60 96
141 254
264 118
86 183
299 112
135 298
44 82
59 159
140 78
241 32
63 293
44 157
82 151
255 89
40 158
291 16
234 179
56 143
104 74
217 82
275 297
31 217
284 188
155 173
205 298
85 264
205 28
213 143
8 201
7 38
203 27
233 19
83 131
133 204
242 194
74 116
61 174
284 177
38 209
273 56
38 126
277 280
281 72
9 135
171 124
65 129
245 0
86 20
223 153
205 247
177 48
238 151
249 53
40 179
7 91
246 148
100 11
155 139
53 249
54 139
88 249
53 153
45 210
129 38
110 139
98 51
92 211
255 125
78 227
197 145
255 283
260 124
156 256
167 41
193 44
139 114
16 159
33 109
133 182
182 124
217 223
286 197
126 224
84 107
139 109
124 19
21 144
251 218
45 220
279 8
226 112
58 101
109 41
21 57
138 53
124 12
6 36
186 76
64 278
81 231
151 267
161 130
250 192
14 153
85 82
250 293
163 165
68 89
269 267
13 145
221 236
197 113
150 186
63 159
265 74
166 198
292 83
283 132
298 254
176 169
199 226
28 209
7 150
236 263
126 144
274 264
84 263
102 153
67 137
136 111
76 66
134 126
223 149
68 78
232 84
182 110
271 134
38 111
42 281
195 85
37 170
179 195
215 60
170 228
276 32
123 213
198 150
83 133
61 204
233 101
163 269
140 98
266 165
56 179
9 52
132 281
173 50
17 295
142 33
228 25
43 283
272 108
30 291
257 2
102 229
193 231
164 96
271 220
235 79
204 265
51 22
262 240
293 89
297 38
32 230
200 203
94 60
161 255
158 294
107 221
169 202
232 32
92 39
148 177
3 296
279 137
143 53
34 101
4 194
89 210
55 104
188 299
86 298
258 56
162 41
279 99
250 262
189 292
67 226
153 68
97 178
35 230
138 290
207 60
239 175
53 89
255 26
179 191
87 115
129 159
120 139
48 71
284 50
50 235
185 97
242 40
39 91
285 90
281 84
198 227
231 247
290 57
67 10
63 124
237 211
2 48
267 2
0 267
244 148
28 252
43 54
267 173
231 270
102 202
57 176
168 22
263 273
17 8
127 215
221 10
160 118
153 273
298 25
264 101
196 55
279 65
109 218
51 250
265 104
240 114
169 112
281 66
143 188
293 158
30 188
299 295
12 167
113 225
253 208
155 125
191 150
228 139
274 234
71 25
29 219
179 216
29 19
127 29
66 65
57 256
200 172
238 164
236 237
161 202
9 103
153 277
107 215
291 158
246 122
141 178
49 296
210 69
118 112
179 199
52 82
121 189
161 292
210 60
220 22
232 218
263 221
285 272
176 98
292 146
55 250
229 225
223 46
156 273
1 205
201 10
163 249
249 203
57 116
125 111
130 119
156 278
13 197
48 279
12 121
246 67
256 274
247 95
51 142
139 275
110 104
250 157
11 192
259 267
87 35
196 112
238 69
171 133
119 49
112 257
152 177
96 227
246 195
146 17
117 169
222 136
45 235
145 13
25 24
211 45
42 289
84 175
116 140
94 161
220 141
279 287
13 44
78 43
32 263
210 60
176 185
51 133
177 178
161 12
86 116
154 111
166 175
186 184
9 185
53 195
234 281
188 19
206 270
56 137
276 79
107 95
216 93
209 101
186 172
115 252
101 66
235 171
83 205
150 51
9 14
150 18
260 262
271 261
196 8
280 138
178 20
41 98
25 240
186 12
236 231
200 13
262 236
256 217
42 137
17 220
87 234
29 271
143 212
292 284
207 267
7 34
291 128
145 200
166 110
75 146
125 272
105 142
108 49
228 52
58 13
155 122
10 112
270 289
40 133
108 260
7 199
196 194
57 207
253 199
253 72
43 204
111 149
154 99
173 86
108 50
1 217
110 222
120 107
19 0
23 82
244 7
132 239
8 105
140 147
232 151
181 221
217 203
75 273
12 97
255 79
27 117
163 93
255 15
253 111
233 295
281 43
242 123
269 144
97 232
109 226
223 288
296 127
203 124
185 186
172 89
230 279
245 184
96 230
237 248
282 197
276 47
123 91
60 280
242 118
165 114
250 231
294 64
61 201
3 150
110 81
83 120
160 0
150 255
109 227
16 191
231 16
35 80
123 117
144 226
267 31
208 256
248 174
290 248
278 206
19 64
113 69
145 96
44 220
279 211
73 214
238 52
75 121
230 266
153 136
147 258
203 101
79 125
25 95
97 222
234 65
257 36
39 115
10 20
8 275
66 96
180 141
228 214
42 75
172 121
281 86
31 169
105 208
45 223
40 23
2 128
127 13
201 282
87 222
108 186
186 290
215 5
46 223
31 0
18 35
169 239
18 279
230 242
184 30
35 147
175 180
1 275
105 273
10 122
289 270
20 115
136 22
210 86
273 103
257 50
267 48
242 144
249 126
32 209
294 11
209 154
218 172
253 9
60 276
61 192
27 180
225 30
131 282
237 171
77 4
155 3
205 204
292 17
60 65
102 93
89 231
18 161
142 134
112 170
181 203
94 182
216 202
288 246
72 137
138 20
122 31
139 195
253 191
43 204
269 139
8 11
230 99
229 65
205 16
287 256
196 138
131 126
43 260
35 135
215 181
193 99
296 138
2 38
182 164
202 39
71 297
83 73
224 91
217 50
84 151
86 111
225 294
220 270
178 108
231 106
117 143
155 160
123 59
252 30
33 108
269 211
192 254
165 89
65 237
190 262
270 39
273 283
244 135
25 10
5 101
2 196
195 47
171 152
131 96
139 219
112 172
85 279
150 53
62 266
39 85
7 57
8 180
101 176
114 93
43 92
211 223
59 105
193 201
119 150
227 105
107 216
258 161
106 183
191 210
299 27
105 112
143 90
161 165
61 225
12 95
132 17
65 66
250 115
28 80
289 109
288 8
121 85
76 103
129 65
267 129
12 285
194 181
148 118
295 172
14 267
59 219
237 103
128 243
246 30
179 235
10 98
16 258
177 205
73 197
230 295
183 197
275 185
35 52
111 159
222 125
247 55
85 102
44 145
137 52
236 190
287 1
119 47
162 104
156 22
32 93
159 60
142 250
286 293
130 55
189 279
1 154
195 75
208 241
154 174
239 141
164 55
125 176
253 293
282 99
57 69
205 34
99 182
199 53
50 47
78 255
71 70
283 184
255 93
204 10
204 250
183 75
229 39
214 271
149 138
199 73
172 250
293 155
73 91
219 245
145 13
263 281
87 227
1 94
118 222
77 66
111 231
126 140
56 289
78 213
179 87
258 148
2 119
182 112
182 150
35 273
147 189
147 92
200 253
51 131
70 246
104 143
117 113
176 108
286 160
288 187
30 130
16 92
213 3
206 195
245 194
155 61
168 221
76 64
250 12
267 186
115 72
278 144
23 212
144 258
25 230
69 218
263 125
17 74
205 16
175 160
112 145
115 218
130 160
51 0
143 18
11 239
177 272
102 162
54 212
199 198
194 6
15 176
151 95
240 279
274 55
44 240
53 64
268 288
296 65
184 48
134 72
274 162
213 227
59 74
172 119
185 40
104 265
217 212
286 149
215 154
109 249
98 77
110 12
38 271
217 114
179 254
16 217
299 160
38 237
136 149
170 16
91 146
169 204
220 46
241 258
107 51
77 218
142 137
252 261
165 159
272 23
153 122
278 3
213 71
110 193
280 253
93 61
222 81
262 249
206 86
204 162
54 3
104 152
112 121
246 197
49 189
91 143
17 69
32 57
152 286
93 27
239 297
6 264
70 192
165 213
264 22
20 116
127 82
28 189
297 167
81 194
185 133
118 107
57 91
288 89
137 245
289 215
199 89
262 183
264 6
57 142
160 68
67 168
167 116
134 120
132 244
256 191
66 244
113 158
178 5
73 269
215 193
15 298
173 104
70 104
165 204
175 114
12 137
105 21
38 226
40 141
267 215
44 139
92 32
75 280
69 216
260 229
220 125
253 80
142 102
33 24
138 271
163 120
241 273
128 211
5 220
228 15
183 290
225 202
64 59
231 273
272 75
89 282
128 24
41 162
45 19
9 101
55 35
10 37
296 126
98 130
260 179
167 160
17 88
198 245
159 157
211 124
150 61
95 180
37 11
5 112
192 275
294 93
266 97
201 193
71 265
190 200
264 117
152 65
26 221
38 92
70 201
173 161
107 117
50 176
253 91
46 129
33 69
224 177
210 232
259 142
36 114
280 282
266 27
8 290
250 273
22 53
133 2
278 126
122 150
238 170
118 96
45 276
255 236
123 78
47 173
224 2
11 26
139 220
128 7
292 14
277 182
155 30
82 182
294 287
246 127
123 275
287 22
42 153
108 30
13 87
68 154
111 292
109 199
17 22
155 276
128 285
261 107
42 221
222 59
10 208
32 178
29 104
201 265
25 23
255 226
32 125
227 290
251 100
153 37
59 232
231 49
176 160
206 53
256 40
266 252
85 103
12 261
166 245
204 117
110 89
114 33
264 263
146 213
260 250
33 192
113 212
26 257
108 183
69 231
33 161
182 3
36 74
121 291
193 224
55 88
179 187
203 7
176 24
31 138
40 180
269 253
289 167
167 267
125 205
147 231
247 257
197 13
291 172
251 17
217 25
2 153
195 259
158 133
66 43
24 52
212 139
255 169
69 140
53 21
187 111
202 178
235 130
71 207
229 62
171 70
167 175
71 202
78 5
258 163
280 51
106 158
15 269
121 197
203 108
294 259
29 26
195 176
158 227
134 36
277 169
138 0
297 8
141 162
134 187
282 4
158 143
257 259
40 296
216 70
136 48
3 203
132 18
261 40
299 280
117 202
47 120
65 151
204 112
82 256
126 23
295 33
171 78
198 85
138 147
150 239
28 138
64 292
24 230
24 282
247 190
77 230
101 80
138 55
72 62
238 95
214 171
212 288
268 236
152 232
218 123
238 22
93 91
131 60
225 102
164 57
206 174
128 270
93 104
34 226
201 181
26 170
214 45
168 58
203 169
295 291
168 89
244 205
105 108
9 270
150 133
189 69
31 76
168 271
177 161
119 269
252 284
60 159
20 289
236 250
206 178
274 75
96 269
25 171
254 84
162 9
194 234
158 119
220 146
273 143
278 110
281 240
39 160
86 49
222 133
31 199
79 253
156 39
258 160
292 255
97 81
253 6
198 284
143 285
123 218
205 177
174 62
104 64
25 118
97 117
263 50
61 53
147 17
101 161
32 281
87 247
74 268
232 19
136 241
14 246
190 151
270 25
110 103
112 227
263 33
256 51
108 261
84 164
47 163
164 254
175 78
194 270
283 192
295 293
152 237
136 258
209 20
200 106
175 162
58 152
104 239
97 110
53 93
184 97
288 46
96 207
51 201
66 176
159 136
179 34
94 263
75 227
262 70
213 128
252 2
52 179
51 14
68 65
170 292
109 218
40 176
30 158
86 208
67 152
232 195
198 295
47 108
226 255
237 140
71 22
130 45
278 107
139 244
128 132
178 143
154 47
56 118
19 8
218 246
283 29
97 121
193 120
145 68
10 298
118 20
63 199
254 255
272 270
212 203
205 92
66 221
156 89
9 229
152 75
108 242
118 216
80 143
231 199
243 245
177 71
212 281
52 123
292 78
58 115
143 36
89 62
113 91
286 32
211 43
119 223
215 96
215 36
99 277
194 144
81 43
239 98
268 211
184 285
159 228
275 253
168 46
133 188
60 8
35 244
225 124
177 11
178 148
217 192
209 102
227 86
210 145
171 229
205 232
17 253
154 222
298 242
149 136
48 236
271 52
142 115
195 64
240 40
112 9
247 73
14 260
176 74
76 288
296 227
62 49
41 177
149 140
286 73
224 55
84 288
180 102
80 293
220 283
132 194
44 216
27 268
100 32
9 75
49 3
117 174
181 236
14 292
78 265
156 192
293 107
19 219
293 241
279 87
293 11
276 295
114 51
260 182
225 155
268 99
265 141
229 231
32 36
111 281
35 9
97 57
291 127
217 45
195 187
238 121
286 74
61 166
206 288
36 259
77 118
122 211
96 8
156 131
19 163
195 130
159 169
127 156
258 161
3 149
17 160
283 240
45 128
273 66
95 286
107 72
287 197
145 229
143 263
224 196
59 56
128 271
240 283
14 77
30 6
156 6
80 18
157 200
246 232
105 195
54 171
118 85
31 19
45 128
237 294
126 152
138 256
277 161
156 97
92 3
237 285
8 72
246 165
72 289
140 126
117 258
224 276
190 188
266 116
79 58
1 193
235 21
56 168
49 177
47 267
248 239
25 290
230 138
218 254
224 80
194 193
74 144
27 36
54 56
135 268
175 196
80 127
273 4
260 184
161 182
33 145
111 289
149 192
215 62
246 229
287 134
3 53
226 263
213 246
116 200
124 0
38 242
57 140
143 50
275 70
45 242
294 232
43 156
192 221
194 282
262 235
85 98
63 14
105 199
181 36
117 56
155 90
12 33
148 241
154 186
89 38
115 137
56 78
281 10
289 45
89 242
149 206
102 231
217 68
69 130
80 76
279 118
238 171
198 165
168 54
69 247
71 228
36 33
258 120
238 228
285 198
179 166
92 263
45 113
119 64
274 77
20 102
221 17
278 43
245 42
45 191
44 172
87 7
140 116
169 74
40 47
78 55
226 21
203 196
208 140
289 285
220 263
15 264
286 114
182 213
271 132
125 237
18 96
151 39
0 30
60 78
232 263
230 7
198 172
2 69
236 234
4 159
15 55
35 52
288 41
90 295
256 236
74 230
42 62
50 58
249 267
209 74
235 8
37 104
76 99
74 186
3 289
99 83
124 253
269 248
105 254
240 122
226 205
123 178
121 228
293 272
9 222
29 47
233 76
10 190
164 149
58 247
196 41
38 281
283 258
203 198
39 268
25 191
74 80
92 54
216 5
200 149
297 50
14 22
294 167
298 230
8 135
266 214
175 255
228 120
232 41
113 234
106 124
15 269
151 112
149 75
269 120
33 108
257 57
46 75
120 190
30 116
153 5
18 237
277 227
223 117
194 266
43 241
134 39
134 269
202 226
62 117
26 244
217 245
33 186
136 97
111 244
275 151
175 237
274 73
275 159
192 297
191 299
283 233
35 149
69 163
295 3
230 68
46 84
223 137
282 19
204 41
265 188
212 198
80 6
295 142
123 19
102 149
185 28
53 154
74 31
242 38
56 59
248 194
229 282
90 178
231 211
157 131
157 188
267 234
137 283
63 211
110 259
160 133
141 35
98 101
178 172
204 248
10 288
187 53
95 295
121 117
294 285
298 125
175 160
36 102
38 82
157 126
281 293
98 133
205 17
109 294
233 262
190 162
179 114
129 223
101 181
204 184
165 132
164 25
