30000
30000
29425 9359
29593 578
15747 21953
21895 7030
12241 2130
26229 21620
29798 738
27172 10105
7943 15458
28395 1300
25006 5914
7394 21408
25993 4187
9233 4714
1182 7330
674 13451
9674 21726
18652 10205
22163 7543
17045 29362
9476 23977
6319 18278
22729 9584
23503 5892
22210 22179
18749 23316
13856 22121
12049 7905
17969 13621
26308 9025
13946 5045
10263 13439
10061 14929
11804 24510
10221 3138
7520 9011
11471 314
12667 28247
20552 21618
1027 20542
7347 20107
22637 2946
12269 13288
12260 15580
29353 5811
27966 10746
4821 2763
14789 24981
16157 14821
5936 29447
17798 25527
16966 15436
327 16286
3075 7442
21451 6282
3705 17966
4190 24845
7304 1489
6935 18648
5145 17203
18552 8889
2136 825
25694 6484
29780 25298
11477 19336
18264 23286
12789 9393
2965 2120
7143 17531
11803 10036
18243 3413
20983 2546
9227 9799
10695 752
24579 8358
10517 13727
20122 5006
6115 8264
27219 25146
26021 3122
13446 15890
11303 21947
26456 381
11904 12794
7427 21902
20297 1221
29209 23679
27523 7906
729 22664
26178 21291
6774 3932
19107 1730
9434 8333
14177 2432
20791 9906
12240 1678
16340 25774
1902 25731
10687 22158
18063 9852
26516 29427
29428 2213
25562 11783
8124 11695
22593 10804
14519 27758
4543 14218
14912 11248
15258 15098
5512 6483
1042 25495
6308 4354
22322 8213
23531 24466
15878 8345
24756 11577
24676 25357
1209 8467
12713 18066
3981 4078
13364 15153
14794 29087
24407 11737
28986 28771
9294 4766
26952 25658
15387 12720
2400 15391
19411 9829
13126 15418
20317 364
20235 21331
26514 22726
9144 25927
8769 8081
24969 29780
29164 9032
27638 5956
21598 19416
28420 17379
2130 28878
2955 27192
11339 16448
8288 18470
9935 28230
22263 22921
25401 7635
13168 4486
18657 14679
29270 8398
23190 17990
27433 7239
28998 7580
6925 23782
4962 27666
28385 24572
8580 25274
12763 5520
19395 29913
2260 9982
5212 10731
22533 20812
12232 12876
21406 1712
5239 27060
10320 26384
16577 13219
26319 28071
18213 25809
8496 17403
23807 4433
11517 18265
13930 6860
29669 13709
29020 15057
21126 28813
24200 24030
3196 29012
1006 7406
22111 17875
29557 18825
26823 9664
4927 13887
23790 1109
18148 27897
14002 12219
22106 14664
21584 9436
1544 4284
16203 22683
8294 6263
21210 23245
12319 18745
28663 15504
20593 23003
5593 10406
16289 26946
7547 9068
429 15451
23036 26151
23450 14548
14650 19848
22795 1551
25752 1434
29454 15480
6937 28056
17577 29817
3890 14055
11187 4060
9034 10986
16872 24866
10044 6737
19472 14020
11397 46
5575 17726
15047 8977
11181 12447
20629 14096
10377 18148
29932 28615
12261 1667
17246 25832
16075 18545
24352 3609
727 22145
10103 665
220 20125
21900 25290
2879 2845
4406 29571
9569 10301
26651 24111
25225 10710
2049 19635
9258 27203
3717 19522
18037 29866
15004 1266
10403 7298
6508 14076
14660 13894
23711 16362
25574 7650
19219 29722
23362 35
2673 26996
18978 6518
7046 13583
16135 18112
10664 25479
27454 15409
28647 27063
17741 27824
12943 2677
2297 29729
22887 18795
18052 7038
26150 15870
16646 10028
1360 15892
8624 6064
25453 4399
26839 19321
12181 22862
23633 7808
16776 23155
29289 27360
11575 17568
12405 8324
15035 25169
22615 14609
29881 28060
20972 18538
20767 21333
3524 12382
9178 24499
26489 5306
23941 114
14929 17602
22349 3070
26105 18225
29905 16182
19207 24086
5941 14627
17128 17046
27556 15031
12557 28437
7985 27521
15565 23415
7299 27324
28335 1872
8389 14829
2274 10324
28234 7895
2019 25304
10299 21634
19916 21051
25342 29268
16422 8005
29682 14804
9219 2883
9062 29507
126 16265
23184 24964
14901 4037
4793 14406
21000 21025
24079 18697
23069 16370
11451 2317
28971 25562
22590 1125
7159 26987
8032 5111
717 11827
13363 4925
1929 29970
21472 3556
9790 25376
27758 18933
26277 28940
7133 19694
4237 22378
21654 14242
13182 15993
6475 8718
25026 3632
14405 24160
28887 22989
14078 7956
7483 25238
2734 17618
13326 24127
6381 956
16886 17599
8030 11250
12566 16653
7253 3173
5063 20707
15940 21931
15323 21680
2234 22631
15703 319
24010 1612
12765 8523
9850 1590
5530 916
10822 6200
25359 10353
27570 16181
8527 22992
28874 25318
22650 29133
9760 16013
4436 7987
27430 9807
24914 28024
14122 6565
28907 24351
19054 8952
20626 6563
28038 3451
28901 5523
13165 26661
1773 26285
7067 27378
27137 3057
28552 9911
26469 26450
9437 219
21888 356
1883 8686
10411 3445
15487 24845
21903 2864
26201 12041
23542 19811
14743 20727
26738 9793
13988 28014
7943 8839
29257 15208
11733 17584
9274 28129
7161 7851
884 6834
23264 18880
10953 10386
7294 17412
14553 15709
7354 25555
22889 19664
13382 3990
4645 20026
11704 10859
708 7995
28838 16365
9935 28516
15021 20241
26827 11857
17449 12413
27437 14206
9581 19733
6120 27951
16559 458
19000 2019
3634 18795
24999 19662
11691 14667
19512 10042
9439 20890
1893 11940
14758 5115
9498 121
1782 1851
1216 15546
21904 12423
8683 23924
22781 19936
27595 29450
11064 26919
23550 14904
3344 18602
26722 8598
29081 23058
14159 26162
20302 6427
4749 3534
8083 7818
19956 6572
6236 5860
9632 20721
29984 3381
6335 5632
12932 12340
12109 23159
7275 25376
19889 17167
9327 12608
18145 23777
28076 25681
7926 29375
2753 8503
19555 12692
23441 10052
16700 12968
3496 6518
19918 7899
26716 29885
17020 13358
17398 11133
6415 12529
22022 29427
2035 180
8651 4825
10770 1334
16732 15789
23851 8200
23863 1958
29734 16025
439 26204
4767 5489
27621 25362
6006 28160
11607 27505
22091 4798
17477 26401
24989 25253
9868 8697
15717 2943
14856 8691
2742 7201
9610 7230
8886 5294
934 26815
14875 28287
11274 23052
3366 23186
14755 7753
21929 11672
8905 8862
3144 11167
17161 16057
27428 7509
13522 11085
16401 1262
24323 16021
19773 13284
10719 26252
13903 22160
10218 11205
9983 8704
16957 21099
192 3811
6593 10289
8613 804
28548 29588
19577 29395
17607 104
13233 8534
11981 25045
25010 17935
27660 6311
23804 2867
16873 7467
17928 20161
25027 28337
1896 8491
3242 17762
14188 20375
1837 28561
18198 7570
11080 11415
21228 7034
26682 15498
29901 8131
5059 5204
5089 29840
15630 12633
21638 27232
12238 21229
5736 28236
1212 15755
13495 9111
28673 24263
29979 12061
15689 7028
17811 15961
6163 19828
1229 2368
21249 24410
19701 1973
29073 11102
15631 21567
25893 12462
5977 29140
21100 21119
9150 3887
17899 5350
6770 9686
21327 23031
19696 19728
8072 25825
11615 21434
11314 4985
12582 7844
25089 25318
12315 1174
11034 23222
23308 8273
10045 5219
23611 20391
12323 28805
6554 22011
2057 23145
10518 26251
19918 17727
18962 13629
18486 14147
1282 12821
13280 6135
24663 17407
29681 21123
29302 11285
26335 21852
3682 7426
25951 17890
8519 11537
12036 8869
3261 8798
5769 4480
11897 15101
6315 28833
11037 5181
25255 27067
14404 6581
3153 2069
29639 28230
4164 28950
15450 667
3111 2307
4496 899
17708 20202
4787 8483
13584 15419
2863 8096
29444 6220
26556 14661
24611 28603
17570 29568
2838 19694
22125 3724
5024 21764
2691 11991
2116 16740
4278 8702
18480 6354
4905 18229
15055 12799
7002 24394
27708 28040
8372 8169
14663 9956
28371 7757
28145 29608
3170 13840
13794 18917
19426 5068
23526 29323
19706 17874
27534 10497
23425 4610
24999 9737
17028 19262
6943 886
2943 20424
16704 18256
14159 23709
661 7270
27572 28168
23616 7895
6072 2874
21744 27525
26681 17574
21709 23346
26796 15476
29947 3698
12266 22370
29579 14605
359 26775
22335 10461
29624 10981
2619 9045
22977 3153
19489 3772
1329 3453
1639 2972
11039 4836
16522 6803
18648 10629
24806 14586
701 25758
23200 15729
18663 8053
3848 25989
2868 14008
11535 3035
15299 22500
24786 28754
28726 26727
2809 17066
3921 19821
18021 696
6518 9047
23866 926
9013 16154
4978 25256
2295 19146
5186 29795
14464 9712
16848 24989
24418 4697
8183 14459
11194 12553
24451 27879
2385 8721
22340 10173
14098 18614
12370 5186
12655 29526
16853 2573
8833 11614
13829 1823
28035 18259
15281 15294
7859 26221
13153 12795
1518 11143
4184 2950
5500 354
23490 1623
13445 21193
27164 1164
26550 28548
29533 13883
17280 7217
23345 15711
3365 20782
22759 2745
3726 27079
7989 13451
11702 9181
4769 7617
10336 27696
18754 18516
16862 7971
27288 17418
13648 23777
4709 27040
3194 25001
29299 14784
13466 11979
22960 6722
27797 27774
944 18854
14264 9980
20643 9625
24362 15244
5739 8559
1064 27838
4699 28929
14818 5285
7498 10170
4275 4687
14166 10357
5405 2712
1017 4528
11431 2628
20521 12293
17221 6038
26807 7016
8572 19218
8939 22671
22235 19864
13948 11809
26755 14240
13391 23614
28856 25927
16442 20669
1329 9192
27225 12566
6674 1800
23343 11869
8569 13474
27880 12599
23974 1013
22563 28816
3035 15449
14520 21374
24529 21588
21040 14255
28080 26460
26144 10638
26037 15098
4498 27798
353 6649
709 4819
29936 26331
4370 13854
11190 18393
27493 13631
8824 9057
9117 5642
27138 12301
18946 24988
21510 18407
15255 19927
16642 14426
19045 820
4607 24419
5435 13586
8954 26758
12672 4171
14644 7579
9301 6828
1700 9852
18312 6111
6208 22924
3948 12812
11885 14937
6808 3564
26457 28189
26261 12595
10328 28101
18064 29131
7419 26486
17559 2060
10005 23409
17439 25018
5395 28933
26674 18951
5752 24868
24012 3537
18238 2243
20236 7659
4983 10480
12428 8070
12840 6230
4332 4494
16190 27261
5092 5736
5614 16449
12795 8074
10907 24847
16291 7643
24550 26693
18238 10870
13335 10550
17472 25367
8813 9613
19231 7791
19294 1735
15061 23540
11822 4260
8651 3942
15699 2003
803 24045
6740 16399
17010 17513
16737 13319
13635 6086
24861 21923
2779 13012
14812 7260
28231 11810
24636 24708
23333 22336
1494 9320
13936 2857
5162 6176
18488 7860
12129 26943
12044 26770
24594 19016
10962 28439
6401 16020
7712 6083
3591 6152
27361 9093
3775 879
18481 17696
27226 8916
27715 10752
11859 13615
6907 2200
460 6975
28948 20277
8389 10777
22318 22553
23692 6589
3163 7766
23423 13717
6637 23905
1970 16501
3084 25395
26310 5615
4927 21482
2618 10451
10977 7270
23661 1595
7540 318
12969 10344
9689 21067
23716 5912
26353 4656
23732 19360
22834 24821
14011 15117
6442 12733
25178 27685
6857 6815
25688 22575
21310 3358
18707 22891
14454 1718
3913 20570
12475 20115
22984 29731
24679 20313
28156 7855
13843 10746
16143 11990
13671 7158
11799 813
20495 17736
1096 15091
14727 13897
12124 9998
25722 688
28264 3308
15746 29612
8156 23841
7426 18586
297 17266
13983 19086
18974 26084
27115 14878
25224 28900
5395 6417
8831 5097
14923 18040
13023 21666
509 1069
22640 5575
17494 5668
6449 20990
14155 23854
6247 23932
23085 17489
15083 21973
23697 29744
16002 28127
18899 263
508 4116
26654 28154
5415 12630
7446 9277
7219 24831
12318 16930
24220 718
24217 6767
10681 25177
22941 16817
2228 18692
29764 15665
12600 25379
15135 16897
23961 8237
17180 10476
18562 4330
27224 16088
12387 3787
11411 21544
4932 24965
16832 14921
16259 20823
1834 6102
11283 25012
22848 19512
3591 15462
27288 11918
6786 24354
22360 6376
3712 14746
22699 438
12830 16064
29423 24654
12843 17081
11482 13236
24860 1917
9567 18953
8997 7831
22777 24550
16477 15098
6291 5785
7227 573
12535 23719
525 29021
7945 29461
26089 18166
5304 551
23599 13481
25246 17030
25564 1363
4460 12155
8386 1532
3521 19988
29237 23581
28365 29361
9077 25285
28048 18141
3885 22000
15867 23398
18544 22472
4983 23363
13097 2273
11226 913
18508 24708
23195 226
5541 29429
6303 11823
24889 6865
14681 18838
17010 29246
16354 18521
9950 26778
22838 17907
1792 25247
28230 25755
21473 15726
28334 24562
2871 24445
17177 7636
25193 6363
5532 20518
6136 29183
7739 11787
19271 9988
167 22781
11323 271
19392 20643
10460 6156
21906 28826
27215 23623
28710 15804
28114 703
19219 2423
27599 3268
19102 12677
12985 22876
10750 20847
24052 9771
17827 3607
16264 16691
16025 7039
1523 14961
18156 902
29472 25815
8907 5445
27238 16100
10017 14118
19569 17206
26328 15037
11484 15521
29980 4493
25141 5819
7205 6025
3653 4039
12235 17740
2626 2585
10645 15359
3850 22219
11193 3866
7093 8767
29030 29866
20872 16379
17073 15608
24778 22223
18224 5763
15398 25035
21703 3944
26861 7602
23028 25262
17118 15886
13547 11790
11787 2438
19342 29261
26674 25203
8003 27827
19366 12086
12065 6437
22422 189
8087 11695
23152 7924
13664 25587
16872 28426
26910 6057
9686 9426
6740 21274
24290 8062
26876 11354
11507 13712
10098 23260
24310 16306
11726 4605
10756 21202
825 11274
12220 28206
18135 12254
21672 23969
1964 20837
10645 12880
9392 6947
28777 22968
14332 27231
21049 11148
21474 21397
794 24437
17066 3996
9867 17220
9102 20381
19752 16987
21533 22072
21498 13796
17884 16738
688 11086
17816 1785
16882 723
10344 22683
495 16592
23300 12821
15501 23442
5091 13898
482 23887
7616 8838
12348 13042
24629 13197
26188 18781
19777 5291
8114 17131
790 18093
6688 15786
370 17401
6004 28239
3294 2031
8556 21782
410 20115
9286 12354
27061 8293
23197 19601
27021 13837
13989 16789
19051 16676
22981 8793
26177 23225
20231 2851
27241 8990
6924 8816
23865 24645
2063 26359
26005 23266
23809 19587
6467 15671
211 16199
2094 19763
7892 16805
26764 22267
27619 3160
20119 8318
14437 24952
2506 16175
19709 6019
18008 22221
19248 1262
18422 3396
1695 11909
12922 19376
3304 22671
23041 28663
16768 20674
16599 20734
14635 11071
15644 1909
12558 22911
29764 19871
4323 5356
12679 2193
1431 46
22234 21977
29463 13302
9352 25413
12565 9885
6317 10372
23434 26174
1543 12718
27939 2265
6246 20295
214 14711
10311 21478
9558 21519
18728 25020
17476 22583
880 8225
21867 21772
10431 16725
6128 6417
28768 3057
14293 8683
17260 18286
22898 18120
29201 5346
422 29308
16852 14851
23941 29704
21902 2153
15668 10945
16676 15896
2558 8714
26970 24258
15302 18639
28763 23897
17337 1364
14225 22188
19106 15734
10343 8152
16553 29249
165 21390
17591 28793
24068 12807
8227 18183
13061 17262
26819 10254
28625 28780
8427 27066
22288 28583
11153 12312
4923 12833
19345 25661
8651 28072
4675 17755
28703 11472
7082 21131
28765 26357
13892 17164
8636 5467
4553 23066
22924 13787
25762 22207
11335 27442
22120 17389
22398 7935
24568 28036
880 25969
6509 9035
24341 17440
10410 25602
19771 7154
25754 23657
7552 19880
10864 10416
17787 57
23234 12736
29635 153
21735 19458
21507 13545
14333 22155
4136 26705
23470 12697
29090 14277
4168 15043
4670 4382
25696 1682
29628 19384
21323 4350
22950 4201
26612 6016
3932 18282
24364 7716
4500 13500
6804 12118
19352 18245
1310 28147
5215 24929
13107 18183
8548 8503
23795 26369
21626 10795
20991 14134
7033 29238
12328 4610
22835 16511
29763 19441
28604 6365
24949 1721
16654 14059
28302 7759
19329 22711
6812 26064
29776 27654
15978 9260
19530 21931
17218 10296
9446 16416
2172 11019
24597 23140
4853 4192
17349 16049
3185 28444
22801 16850
5624 21396
29726 7514
29002 12977
4187 20689
17899 1292
22002 26463
21040 7294
5656 5777
3498 22533
6938 14481
17651 11929
8676 20901
3952 28179
9085 8477
24964 9385
22528 23552
11077 29363
836 2069
24603 23933
29561 20562
6944 17165
16684 23553
6228 22402
27461 1954
23368 55
16545 25054
26758 28293
25367 8210
16038 1220
29321 27749
18199 25929
20620 22612
4788 13916
19692 21108
20445 27880
13349 24488
23184 7064
23596 10307
26878 26064
8373 4580
19242 28152
12322 23867
6947 14749
21771 8091
286 15703
20699 877
22101 5117
26189 15288
14702 459
5134 12089
10998 19969
8343 4304
25729 686
20609 10854
17622 4386
18620 21302
14758 9752
21283 19464
13828 14547
12507 228
18819 21147
26955 17819
11996 25775
11259 19936
10943 19237
11922 8352
12505 16670
18601 21482
27235 23060
14947 12020
9821 21176
16001 20650
14279 16191
7992 25027
7328 20916
9881 26506
8888 29908
9655 18695
6229 19702
22102 19946
16060 10228
14170 19194
17788 5757
17093 8742
11092 7795
6356 20986
9910 14638
6219 10281
19819 963
6870 4322
9020 11453
1962 22402
14049 24289
16857 6643
3641 27989
3386 25250
1553 4605
20150 12394
15764 12759
3357 662
19138 12780
17889 28248
19954 20917
25546 28864
6976 26243
16026 18619
18811 25018
3417 16373
3354 26993
27377 19660
19181 10172
27332 6789
21835 29643
15583 11801
25962 7055
29155 25376
141 1120
13707 5693
5130 13625
11077 14346
12013 2941
7813 7261
19645 3113
11017 19413
11547 14579
7337 6993
19793 24327
6958 7994
14154 7664
3050 28536
26731 7953
27421 24815
27712 8872
21587 22262
18127 2374
24120 28476
18385 22828
24383 20354
2947 4146
25528 8843
3652 19532
23668 26068
556 9487
8190 2694
9156 21929
7335 17310
12556 26934
7195 27128
13738 18352
226 19945
14238 7166
14795 21986
17845 17046
5087 15553
15004 5209
19240 10851
29787 28355
1150 12312
16179 27286
12165 25747
11953 13274
15023 1897
10848 19393
14845 8766
14158 8612
3504 20496
28953 6651
2246 26815
11065 12548
10673 22129
19556 15764
11193 12001
19905 17963
26248 9504
10742 1242
29975 18658
24279 23935
2750 20604
24428 21451
1329 2647
11996 20784
6590 24760
20986 4781
13654 18617
27976 22323
27592 24608
23515 931
7441 5294
6872 8329
16951 25442
29732 19299
6529 20631
9541 55
22577 21871
8308 16207
26969 26260
22137 5823
22849 28660
17224 7323
25930 18128
18749 9182
16019 10654
8701 13908
10432 1251
28516 6492
15499 12294
15454 29103
11664 11804
29593 29165
16172 3267
21064 14007
1952 18810
14572 12520
23074 84
12745 16742
2711 15300
14803 27341
1386 22562
10373 16315
7885 13934
26774 2467
2834 9958
25087 18543
18197 27882
6960 18478
13724 4227
26328 29401
18974 10783
24309 10869
5834 9574
23653 11276
12401 11882
23750 1314
10058 28507
29060 4292
256 2748
12999 28149
29832 25320
14955 28924
25773 20057
17391 19563
25670 19272
9069 5847
16595 18427
19049 28577
11191 6868
8121 17478
9471 29946
26964 2592
29312 29297
14604 29473
28726 10839
28321 19127
783 12682
3759 1721
16496 16707
7405 27719
24274 23309
15402 29501
26349 6368
29099 2682
20857 15773
29981 9360
18243 25617
6954 17988
5009 18467
29437 374
23440 19072
20642 27651
795 29813
8166 20269
27930 25485
20407 17644
5895 5439
1373 27129
24568 13347
29407 20622
26131 4622
5962 2720
16682 9603
25497 3058
2071 1713
3287 26749
7190 21174
4965 11304
10802 28345
9869 10142
13376 5633
16093 28717
13166 29299
19986 29158
280 1048
8822 12169
5906 14240
18459 25217
29585 5577
9609 25183
10022 1813
21161 21782
19717 13166
14217 4839
24343 5766
28391 22519
4078 24237
7199 19249
7363 7394
11214 11246
28372 6554
2913 8416
29403 26185
18673 20004
20634 6739
29742 5659
4836 24501
18767 10346
24765 24954
28707 3813
10412 14566
4755 28176
5660 1193
11097 21267
26306 29881
27210 13307
19553 19950
24910 3008
28373 4661
25905 16521
7266 1080
18873 14699
19278 13205
22766 21028
4851 9035
6078 21311
13620 14527
23525 26466
11602 25751
25930 28987
4648 24707
19517 16338
14510 26148
20261 14961
21176 21363
25994 8996
10440 8715
17275 27614
1735 10020
18908 21355
7361 9457
4433 20380
9445 15785
11421 24411
18430 4467
1097 17660
7623 15059
23708 1286
26967 14317
573 15480
2900 26198
27545 14641
2194 3671
9010 15718
26258 22216
26860 1340
28493 5288
9261 25665
12531 27652
20 6108
4256 29677
17849 22616
4819 5022
26457 11478
16257 26361
4195 18192
12047 5161
22656 18377
18554 14823
10889 7588
1782 28869
13123 7196
1186 21052
14486 23654
8651 212
20295 18454
11362 1846
15515 4702
13807 2827
23814 15127
2291 23979
4470 17303
20469 1931
29858 15888
22574 10654
12457 20149
23602 17811
21117 11602
8884 16534
20357 23291
16665 19004
27215 9637
27364 10253
10710 14054
6012 5504
27675 291
24380 16719
12314 28411
12636 1475
18192 7648
26076 16102
2149 15959
11742 13539
3848 25433
22503 4383
14590 11444
15321 20480
27210 29076
15736 16767
15498 734
851 24417
11413 17946
29131 28641
1708 19455
3184 14613
13185 23726
11117 4553
13084 440
21122 24445
17819 25591
16117 6972
22719 25365
19225 1728
23830 26827
28782 26294
29049 4353
5373 12301
9407 29203
9846 18138
25720 28584
16850 21782
18335 14481
9748 28818
23308 2661
3635 22157
19049 19849
15560 27966
25964 14343
23604 20704
23226 1512
26830 19530
3200 9634
15458 4821
3005 1855
14989 23383
12508 2037
6027 22067
14439 12238
25713 9216
5790 3820
2386 13614
19557 14353
2079 23910
16173 9589
23226 968
22699 10725
23110 14847
29154 15814
25840 15214
21445 17917
26217 18195
19114 28881
24207 16619
20276 3204
20853 25884
17292 23786
15219 17003
15420 14605
1644 6141
3754 19536
19343 5245
21936 7963
5222 21414
7409 4168
4931 4993
6927 605
18167 29400
8228 16654
21399 10504
23225 11486
28483 18955
29578 26349
17852 1549
1724 3905
1647 21574
21891 13193
18393 2700
4418 28753
14943 4976
25197 17751
20352 24016
17662 18491
24005 12636
20084 11513
17786 19487
25091 10239
11336 15159
23958 24794
14373 14312
6000 25233
15313 13556
1259 11005
21775 22001
12776 1746
15812 19384
6122 11137
18415 18417
26575 17601
29673 6825
29269 22876
4906 14091
12478 13144
3902 16919
4447 8009
11882 3174
13176 399
5700 3393
10547 26814
4912 12133
6165 11141
18770 28922
3635 26210
15357 3308
29790 11853
23552 21363
20233 18883
26324 22469
13249 23846
7332 28970
6124 10712
6356 20654
21204 18713
25386 25092
23716 4209
5576 27521
14227 20123
8188 16209
10104 17074
22476 7495
12997 13063
6908 19753
13090 24273
25588 2414
2987 186
4043 17673
20632 6611
29266 29035
62 15511
24898 13603
26904 15694
26965 16958
27379 4036
14291 24442
25031 14045
6446 9495
5422 3588
5490 6093
19167 17266
7989 23101
3718 17693
2292 7309
22743 723
6374 15538
18578 20610
3523 7136
3516 14728
12081 14535
9600 24695
8939 13535
18322 6876
17582 17800
11202 10528
21411 11253
27751 14330
6570 25176
17419 23369
25592 7950
24346 5713
26022 16829
7910 23286
22275 25670
5294 12436
5516 29873
23126 20019
21946 1114
29222 1961
25132 18283
22331 10467
25422 12664
22753 18000
27868 20615
4454 28781
14851 19826
23274 2949
23395 28971
24323 29475
11415 5057
11175 26227
7919 23144
21795 28725
1153 22854
7293 5090
17739 16652
22074 7177
28430 1253
28845 18364
3381 7646
14318 13227
15210 4673
27221 6471
22833 6654
24688 18488
4664 2993
14506 15526
11273 27191
8354 20005
28355 19360
8198 15737
27850 23796
22520 9569
18283 14528
15096 29678
13700 11677
25434 4298
25172 29887
17382 25855
8929 16805
3778 3780
16024 874
13168 15751
4392 2343
16078 7796
28196 7704
9308 25773
10818 7594
2354 24814
2993 22317
24612 19227
9855 16068
11950 28570
13932 24964
19910 14496
15685 21415
15853 599
26091 17007
7696 11297
1700 1060
10273 11300
4547 16307
12662 10001
21546 13557
15838 28684
16724 2031
2698 20579
3093 13301
16606 23713
28369 1114
7230 17313
12247 15598
29274 5375
6313 10695
7564 14691
21801 8946
27492 22802
15301 16701
7250 16175
15922 20937
6514 2946
1086 14141
6694 28765
18007 8559
5423 24140
5099 7100
4143 2840
20205 16683
4980 26466
21568 12102
8451 13668
771 27524
8073 24266
17470 26111
10750 13943
21109 7373
4564 10100
15810 22952
24791 23297
28050 9034
27011 2288
11159 11238
4431 16022
25082 16392
8039 19178
3446 22079
18627 20338
18041 17493
13433 28839
7176 12926
4410 11025
620 6480
3811 15043
10731 16016
14240 10359
10108 25002
9878 16178
10862 16215
21823 20758
10916 22510
13557 8210
6941 8288
24892 28942
22362 2479
28104 21054
17620 6587
21514 21266
16442 282
18878 17067
12744 17729
9574 29855
3868 21551
12224 25493
20641 12399
6007 28127
7483 3625
23256 17015
13155 14802
14326 4859
7653 22821
3865 28557
26757 16984
25791 11609
26775 5459
12733 23975
15800 22385
6951 4771
6237 14729
24701 10519
22335 6179
24021 28410
3169 7352
14120 24886
20530 21971
5667 19656
11595 19885
7226 16754
9408 13297
6351 2298
14412 4885
14742 9756
24268 5113
19372 4626
15234 23423
28246 14341
5030 23651
24495 23558
24935 20012
19474 1408
3514 27798
23543 20889
23512 1860
9798 20246
17192 22981
6105 16140
27758 17076
11955 9824
29641 18505
7325 17472
12119 21337
1438 22443
16271 17796
2890 29970
17835 11205
26017 18343
24076 21083
16825 4320
6533 13923
13654 15901
27990 13252
4997 18269
1655 22177
2724 28850
13936 23732
25720 919
23905 3145
17967 4729
18487 8802
6879 15038
1543 23348
11130 17038
9155 1039
3497 9983
9083 17481
9118 18964
174 7035
8467 15018
3839 6082
11278 4561
14665 1827
14170 14406
13648 143
15719 1840
18322 2787
126 29404
6824 764
7651 15343
15283 16757
20230 22030
14825 19221
5127 14671
2974 8763
6287 10689
3923 4724
10200 26204
624 13945
20294 24773
26144 10173
10025 12297
16562 22177
28268 2646
17970 19842
25922 10188
11997 29310
15677 26753
1206 16925
1559 7232
4555 25052
10552 14337
5615 3658
20399 27964
11336 14521
13391 9224
24097 5601
2150 10382
4723 26404
19034 9723
3389 26846
21139 25027
21616 27190
16630 20707
8507 25977
25097 3453
14897 5664
10022 11310
16338 7314
4712 13373
21341 20745
3099 4439
1907 10976
7015 20886
15214 7613
19931 16483
22871 23951
23192 3354
24066 11441
29098 758
18 23898
14378 9938
24782 27824
22657 14024
2434 22512
21812 19153
20256 29053
28947 10115
4185 19329
16687 29816
15315 7761
225 7150
29382 2782
15598 14191
27230 7786
18933 458
17221 25641
9132 8031
21003 5192
25264 937
7289 20132
19584 17866
3659 14271
5430 5544
25148 14969
4412 4475
11191 2953
26825 8465
14633 5386
18213 20536
18360 8832
12048 6521
27396 2878
9706 9623
5233 15443
21534 17323
6462 7725
2761 19150
6469 22941
24506 13529
27260 2031
3347 2992
9738 18831
4407 28968
11392 8889
15516 16773
19118 14303
19130 18402
14337 1001
13132 8643
22449 1057
6551 29110
6132 8517
17903 17655
9312 10663
3879 9064
13836 21579
2337 11930
21749 24268
27102 3599
20662 3139
23468 28128
26351 26580
8973 13278
25228 18771
6054 11452
24174 7651
27619 21801
27844 29271
23211 19919
10778 11695
27234 4208
17942 10599
3097 3629
29427 4121
10405 7509
5102 10132
18731 11515
21457 25357
13053 29676
23903 16962
10811 9186
16854 16561
13162 28022
23765 24738
23639 12571
17387 2102
8931 15509
6802 1782
26343 1195
2008 9251
15526 5158
13465 15720
21428 2049
9506 18370
20812 22071
5648 17007
23093 13581
6539 889
17370 22462
4557 9456
4076 4989
11877 5515
23179 1398
27380 13535
11726 3385
28107 26425
26584 13743
25680 13032
29506 15522
19937 7236
27182 19500
26393 3037
27506 29609
26773 28500
4689 28509
28356 11824
22537 9136
17091 21770
17941 11532
24023 20143
18045 27311
22846 686
3329 17706
12484 9303
28483 18008
3175 17033
22542 24453
22928 28318
16074 1084
16835 27047
16463 17893
19660 19278
1190 27883
22351 12461
3314 5565
9979 24397
6228 14542
10565 6107
21130 16713
1435 17306
14130 15991
6244 25858
25096 15195
27930 1941
18874 27135
11748 25079
3772 29806
29335 28733
15343 2090
4105 21657
11736 12493
590 15379
24845 11193
1544 8494
21923 22608
11435 29065
23645 6153
7214 20884
14713 18785
3445 29850
8981 19224
29861 13509
13005 24856
663 14303
12964 27204
25512 28826
8008 28889
13911 17987
29001 13655
21613 994
21748 16651
3242 9996
4709 802
1998 10542
18349 12590
13736 23677
11548 12260
14045 19917
24219 9639
25648 2868
16403 10125
18118 26961
8956 20190
20499 27710
23894 11120
13583 28525
22555 15740
14571 117
14104 7686
29167 16250
1163 18644
1268 5444
20498 18243
25622 17844
6867 18009
1089 23517
24172 18714
11949 16730
6470 12719
10851 9641
23362 22350
2882 750
14590 12061
9251 8217
5276 21894
9907 14020
19686 10398
4091 22674
4406 16505
20681 7181
16876 14368
29807 24250
536 6439
2709 26044
8671 13801
7197 7765
12453 926
11405 20085
13756 2923
6818 9393
10802 28868
21128 15920
5312 29399
22467 27034
20503 21800
24063 360
17594 16559
18576 6752
21860 25176
1300 4882
15704 27065
7676 6338
6581 7411
11738 3636
24206 1427
6900 4442
9564 6246
10119 25732
20972 21173
949 14131
14504 2431
11618 71
10878 17475
7912 5744
3298 11560
9486 27232
20514 21354
15996 212
6235 29763
19540 23787
18822 19528
8782 25750
8824 11226
1861 13793
23154 12085
28570 6062
19664 1716
23363 5282
29289 12409
18034 3862
20191 16099
2178 13130
6346 26196
15389 720
28292 4663
3821 20959
8528 18335
15503 25477
13384 20166
8587 13766
28613 19690
19565 19709
24037 22465
18395 8513
21850 2977
5012 27498
26861 8638
18808 5158
11901 6898
10879 4553
2485 6505
25707 23279
27343 28039
14393 12159
28620 28307
4233 13986
17212 14339
6707 23916
16361 18826
15138 1200
18779 20547
16059 3072
23052 13054
24139 947
14868 24566
21316 1376
15388 11554
7147 21258
2270 14607
26087 3685
29069 15136
7457 19058
29937 7498
8139 29928
27154 4680
23531 8595
12079 19329
3989 17540
10947 3636
9932 6846
16631 27817
10408 274
13979 4563
25253 14340
15850 952
18827 12178
28800 2278
2568 15173
17557 22408
6868 13844
17894 22345
3384 15623
15019 5820
27357 8145
28298 13419
9553 26771
21936 27602
26562 28335
15917 4566
12129 907
19634 26606
83 16154
18085 24598
7385 16603
26739 28324
26206 12706
5332 5504
7964 20027
15512 27791
16923 8349
3160 26174
14501 20055
929 24124
8704 10925
22817 24385
24356 24692
9466 20556
8611 4129
3412 19482
28933 11269
16638 23145
12231 14349
3065 4940
7480 12538
11564 27766
16082 3680
3788 11862
10334 18748
29167 15027
21476 22345
6640 16718
18791 4460
27884 2715
19049 24071
2922 21318
21854 15826
28509 28654
29903 9911
4773 27764
5119 28733
14778 1673
19649 23718
26802 18780
20788 27975
22013 13024
8488 8131
25393 14378
14668 11668
1257 5951
11072 20785
2798 8801
23201 15651
23700 11486
18387 22556
371 23489
25971 17894
15034 17496
18534 14407
6452 23473
17541 27502
26091 25704
20141 12273
10529 2159
11047 19730
18609 1782
5995 22358
26579 17982
23629 6997
3392 7886
12694 25932
7801 3957
26515 15465
14298 2720
4107 8325
27574 535
11903 25963
24843 15736
21918 13152
259 29665
4812 10383
28868 22269
6423 5813
9299 13262
23692 975
8650 4557
11299 26751
20342 29913
16152 29052
24 10078
28999 20223
10960 2428
11203 11116
28517 3103
2235 12244
18858 11625
6998 26672
12048 161
1020 2647
8389 11724
24383 11260
21049 3682
2392 9020
21139 12385
26190 18450
9194 4369
27509 3734
25519 4191
5987 21815
20876 14729
4980 4408
13682 26272
11990 20359
166 12461
25351 14593
25573 28641
20237 15159
15981 27296
9925 26150
19061 2267
1724 29486
11212 1209
25102 17767
3538 29286
25613 28607
26956 23755
8582 9157
9405 18460
12779 9473
9713 13942
27984 22183
26549 4073
5189 5080
3052 25069
19817 4463
544 5148
13950 8710
10066 8113
28103 13451
17653 20028
23155 16738
21850 9498
22017 13003
8129 27540
23282 17138
28572 1702
3279 8714
8089 19753
27924 19168
5754 8146
20830 6375
5484 17305
13745 26846
12160 16658
22683 21283
25428 24484
1739 25275
14984 12092
24265 5694
6535 17651
18427 21854
8579 21461
12650 23583
2768 2480
21766 12366
5530 16000
11939 8613
27016 25178
16910 17596
21064 19176
22224 27403
15762 22244
10265 22740
22591 21689
23703 24092
8336 25229
29792 17106
28157 15864
18410 16737
2076 8587
27775 20851
5364 4405
64 21864
29173 10942
10871 20390
7487 15038
25012 20443
2271 4447
28191 25767
28866 12118
9865 1215
26511 16285
141 17467
19588 18624
2540 29917
3423 1571
26800 5788
3896 8708
6554 12941
27643 3338
19285 13118
5390 5348
18744 14523
5477 17999
3352 25104
28153 23912
20381 23281
1809 18079
20632 21779
17070 25827
16444 25043
8139 4927
18366 15913
12733 23022
16353 20464
26193 11518
17243 15176
1385 3662
14850 11796
28552 7776
22203 7141
6211 21954
21219 28458
25882 6742
892 9213
26296 5136
7904 22170
2939 4564
10227 21449
449 27046
22495 843
6087 26059
22633 83
23311 23194
18613 15348
3365 9561
20775 16165
26656 17033
14982 15312
11837 26975
25471 13514
483 1078
11776 6597
18976 12166
6935 13952
26731 1844
8358 18249
12061 23122
8441 18171
14268 3064
393 25831
6811 8346
25312 12479
2067 18533
19332 24354
24135 10753
11476 17530
9686 3104
9959 3805
16182 15686
2170 21472
24284 305
7482 11050
4419 7144
1592 25061
5314 22543
4329 5993
12871 9762
19707 11177
7364 27058
5552 7437
8319 1000
2874 17278
4627 25517
15552 14867
7957 15475
17070 27773
3204 27671
6479 17082
14583 7461
6571 11321
24898 20138
23616 8419
4920 7509
9022 954
23455 7434
23299 19060
21214 4030
1138 7664
28763 24196
21897 6422
8765 3637
26429 6506
24297 5958
355 18956
329 25474
24235 23847
20732 12325
12725 15799
7062 2447
11323 27113
10129 10106
550 25616
318 13058
2094 6296
3160 28617
14344 1993
13138 15899
13965 14752
25517 2542
22984 2508
15441 19762
2198 3205
22005 15233
24446 22371
2581 9751
13946 27814
4228 12481
10108 12855
7220 8166
7423 980
16345 15902
13567 13699
8248 17674
22736 12451
28909 17827
11845 25953
13918 27762
2756 12125
2296 533
4604 13694
25305 29790
8268 5543
25002 3281
5278 23395
22283 7087
1232 2732
9602 24589
9436 20349
8564 28781
22375 4019
13519 12396
15640 11491
9985 16583
14703 10586
10894 21756
5062 21162
8340 9001
13406 26268
7970 16401
8797 6129
11423 29987
17371 18797
16866 12156
26204 20641
10067 24904
16922 1082
6130 2910
4039 3503
2601 33
11779 14782
20943 19060
16618 26230
11606 12437
4452 22544
16891 29691
1595 6932
12875 814
14163 7104
14983 28139
5740 6111
29344 13863
15659 20685
27772 2985
19843 6202
12168 10978
5281 24053
1258 14364
39 23443
16546 25963
22480 16999
8476 15886
9502 15908
16458 14983
1668 1837
5393 9588
17573 2936
12295 28089
3108 2031
5736 13903
21481 24231
24505 28014
29512 15226
8153 7400
6770 5626
10179 13191
20082 23730
2388 12276
7488 5688
6491 27138
8995 27413
15814 26673
25726 17478
12715 24557
18516 13972
20858 27460
5977 29907
4931 819
12810 21375
26321 18491
4900 28293
14918 26452
16336 7531
19168 7600
28375 20979
27865 27641
24913 20125
25727 12200
19993 16639
28810 18931
22376 14766
28565 22563
912 19623
26019 21078
17984 634
1526 11446
24159 28066
28713 16569
15235 21082
17786 11304
8660 4490
14970 8014
21474 7297
25816 25703
18457 29330
6100 21155
29133 13383
22417 9366
20818 15648
17960 28582
6333 20225
26297 17553
15508 9051
3492 26447
5054 29761
7578 7426
1038 21355
29006 2098
25781 12843
27741 18944
14203 26606
11099 5149
7715 22630
12793 8488
24455 4073
5247 10282
23178 1493
12087 5017
9300 7104
23283 20935
13060 14797
12153 15318
29327 8043
1763 16303
351 22715
1240 13611
17888 1410
3466 13880
26201 2546
26116 9837
22816 9714
18917 29155
9748 25138
23129 7873
28876 1020
25144 27068
17122 10385
19092 1711
20122 29889
13263 4069
8958 22412
29939 21359
5724 10329
17750 10608
17271 12178
27024 26734
7583 24840
1033 11698
12063 9025
26203 1988
15673 14296
14329 29012
26004 15396
24228 22200
25646 12865
18609 447
29537 8459
275 15455
6881 15197
11805 14353
29832 23332
24996 9353
7062 13381
27007 11646
3498 10053
21905 17289
28002 16137
8932 21948
15462 21532
8945 6813
1279 24852
2209 18204
11955 23292
18630 23206
19401 5099
24087 7882
10240 20085
18010 3533
5343 20550
25557 14612
26255 16524
16458 26437
8815 29274
2760 8193
19383 21884
8801 23350
15062 7938
25810 66
25826 10387
15586 17690
29810 24213
17742 6457
22878 19859
17191 10450
7682 24314
1643 17119
1662 19655
27391 13693
1712 5226
22661 29388
27810 12430
9535 4761
20572 18157
26303 9338
3770 12461
16473 22824
16107 4221
9404 19494
28642 19797
26756 18328
23633 3283
9281 13376
9440 21447
260 17064
12457 26697
16256 25370
12372 3509
13199 7688
23552 6147
1176 27177
8444 26008
1715 1740
17593 10844
276 19799
13245 11383
27659 20355
4120 2868
5767 500
16139 5683
15132 24839
7504 12703
24814 26849
29886 10833
21330 14335
1361 12791
280 12596
8674 26526
20085 2397
7235 9683
16463 3896
1262 5979
903 19472
24777 8619
26245 23640
1139 19129
28264 29356
7903 3386
753 25977
22214 21504
21785 4438
25804 26706
7440 29449
6271 12583
29838 8158
16233 9825
16823 19394
10264 2119
8416 18992
11798 10797
25140 17712
20510 7140
15051 24513
6088 12078
29807 12272
762 15936
8734 4100
21889 9150
19296 25455
24599 24886
8059 12967
8952 2241
1934 17817
23231 25912
11205 16923
19689 17918
598 22239
1821 21047
21468 17946
6922 17260
13947 27555
25600 22346
16417 14064
12370 11185
14679 5141
7514 9748
4565 15867
20295 27590
18825 14150
25495 17997
20736 10520
13364 15112
173 13728
24014 2828
265 3794
24396 18170
14974 19851
17470 11080
5815 1371
2707 29708
21671 9095
10027 14627
3177 8781
28665 24296
3132 20075
11627 8964
17483 4448
10464 11211
9288 8209
8644 18488
12387 13096
10183 4599
5302 2233
15414 19412
23277 3612
14795 27157
15551 7402
27094 17814
5373 16773
27418 4913
29986 16628
23931 9159
26253 6726
6579 28212
16972 18830
24211 7626
19523 22754
2374 29724
345 20959
1614 4316
11151 5283
3273 19755
24265 11585
16782 9276
27136 8594
3745 21038
8112 19381
14384 25175
6099 22085
7408 11172
13413 17079
26757 21024
19370 1927
10927 12277
27091 28460
18262 12797
22280 23324
15962 19294
16605 23784
18762 28516
13483 2922
18367 25630
28612 2700
22842 5387
22229 13309
12552 22192
183 26946
1453 13312
283 21925
3136 23865
11155 24478
4039 27459
26477 22297
13153 30
21052 14007
23006 11979
26346 24601
19529 21202
18363 4864
15197 19303
22825 19645
29411 26987
25353 9723
22211 27620
10198 4586
1503 22154
10786 14812
14239 6567
5721 26452
21490 8100
3393 19941
10807 29408
8460 8246
14386 5578
3370 5253
9329 15605
28654 25851
15571 22689
7089 745
12956 11122
7467 4905
20509 2690
29061 16000
17774 22163
29107 5347
3037 23225
17969 4370
4220 24978
2020 10350
17413 23387
18224 19017
5195 8646
12312 6682
12565 19572
22318 24893
21993 12762
7882 21840
25271 5421
22302 12901
26392 4567
18596 11391
3421 27058
21517 18391
26843 25002
21695 29484
17188 13377
5703 28410
15122 9531
13962 4197
19424 28143
4166 19958
4068 13826
25305 29824
6089 25598
8618 11773
22719 9870
25740 22003
20719 28805
8669 14054
6316 17719
17457 19337
18179 847
24974 16773
3791 21849
14728 16014
16850 12866
6484 10162
29612 25017
11133 10809
29048 9137
17519 5655
23446 10616
27895 12884
17644 1651
22186 12127
2594 17494
17586 25092
21827 17911
6360 21499
20474 14618
10148 15158
2687 29602
21540 1154
20354 29522
5188 2134
24767 3982
2551 15755
27029 4005
6853 11292
29401 13811
20357 7797
9680 3354
21791 9277
29835 3512
4786 14307
24658 19572
10022 14332
29033 3832
17660 12189
9265 2183
13242 11706
1297 7431
10160 29
16019 6474
23722 10421
9416 14239
8916 15076
4176 16841
29729 7239
1977 18369
12612 3424
21877 21565
3597 26022
29671 9301
27635 24168
1894 14114
26353 5151
9470 13625
14137 20274
11573 20548
3855 19363
28963 4225
24678 24466
5187 1912
12629 2168
27826 27378
10064 13822
7551 6294
27078 11333
19992 27100
21903 6647
24785 23847
11285 18042
8028 11933
14021 3220
13203 11691
17327 19807
9966 1564
20063 26547
20088 19269
15935 28690
9901 14709
9680 4417
14752 8515
2121 15564
1527 2353
4251 27213
22745 26610
28159 20233
2177 11344
27640 13474
19008 14333
22006 27024
23075 6538
23025 13786
14487 1894
8712 12012
23046 1275
20486 10592
12063 938
23401 20574
8155 8021
6772 23031
26737 19168
19084 8110
5269 12047
25076 26616
14394 14707
2548 23162
10678 23014
15320 10112
13290 27043
613 5993
5740 6101
15651 11088
13887 5694
9456 8833
5166 24889
2407 20826
17944 13163
20032 1890
17655 4189
25207 15641
11798 19332
14561 17422
5042 21412
27528 18457
11141 28130
13132 18078
17986 23673
25336 6314
25050 4318
12732 12241
14087 8688
24926 20849
18782 27067
28419 24271
5310 17049
24838 24730
20790 4965
27943 15549
9114 16180
14687 23725
23032 29074
6118 24445
18574 1754
782 18902
963 7593
15791 4693
5576 6708
12562 5077
14795 23583
6248 29392
27919 19937
22320 3928
17244 11116
13255 18416
26970 5914
16059 15847
19848 21551
28758 12012
2313 20166
2598 27503
11804 17537
4444 24479
6229 6476
11265 25548
11905 22661
425 10434
8683 10028
18499 14417
15189 14415
23030 13728
1417 13721
14115 27806
21975 8240
21641 14932
10557 14516
28585 1276
8433 19779
17909 16210
29261 12657
3192 7020
19901 28586
5069 19032
2909 26533
6318 23847
14982 17836
11069 24675
2568 6808
23841 12311
21165 28352
10885 23455
20684 29388
7092 8965
18280 8706
2030 19004
10564 22811
2751 3760
9760 6731
2440 16896
3901 10356
10658 20519
6379 25907
751 11432
8735 19436
959 2739
17452 19754
3656 21047
1047 309
776 24302
12403 28158
12349 25109
17626 23608
10671 17377
7980 6854
3800 8508
15698 4548
27300 4763
25375 19606
6989 7876
19644 13000
10486 3262
25408 7101
7654 6874
7747 3170
5107 24815
13060 15661
23625 28628
17403 16408
9034 708
1206 7057
1571 4864
16047 9289
19286 7731
7995 16284
5918 17680
24389 25345
28345 23032
24657 13468
3194 23164
24824 9463
26986 7974
23193 21039
10693 7780
23679 18614
4138 7828
6595 11909
28662 13782
2041 4026
16291 22400
937 16226
2449 416
16888 29482
13644 21745
3508 29188
22153 12202
5853 3059
28578 26360
3604 20607
8246 25961
21859 17681
12380 8632
5682 28868
17642 9265
8179 9465
16757 10396
17236 11249
27193 24182
4530 23148
22755 18342
872 8461
14143 16791
6710 24305
8516 11889
18051 598
6510 29981
2601 1570
29373 20572
19677 12111
4964 14324
13765 12375
23505 17630
24858 11394
29698 1747
14935 23836
17887 11770
29560 7816
747 5682
29833 20366
3828 28198
14427 8594
16353 1261
12298 13307
4075 13801
23493 10738
9771 6403
18386 715
14181 19927
15484 8181
27590 25835
29479 2593
14145 126
27653 7682
12421 22746
14039 15095
21928 1752
20178 20318
3186 1330
22826 16556
5016 27955
15152 11984
12744 15851
20462 5838
17198 16860
21471 27049
9181 26176
27522 18417
25058 18972
21145 1969
25241 18421
11004 5040
29558 12958
2836 16979
10469 21264
13518 7377
2400 10930
11933 9283
13813 21146
27141 4968
14221 20695
29396 27339
26890 1408
24994 28425
17101 23655
10036 4026
6844 9198
13372 5820
17125 11510
1798 23584
15941 24898
1149 25915
27718 29594
28590 956
25353 29858
10535 11159
2763 12792
19741 11527
13672 27055
3390 23516
16471 22089
16076 29805
20434 14523
20462 24433
15813 3729
18852 21429
14963 3485
24514 2573
19368 7845
23147 29613
4284 7091
12964 25276
24557 27015
27490 18019
9748 20902
22428 16855
2748 17523
9685 15618
77 16189
26008 25541
19062 9131
13812 17280
24447 24577
1448 29420
17425 7781
4093 29612
21913 2677
11203 14364
5831 1264
4881 3364
4223 16295
25084 13291
28641 4178
28867 12700
11770 4462
7732 18251
5265 10755
7421 8987
967 1079
11400 29280
2194 14664
3340 28456
1682 17722
19296 15308
26008 18923
23802 23858
393 19721
10319 10841
20863 10689
8563 19502
9048 15558
18943 12414
23536 2317
15415 17861
5301 28417
12489 21537
6726 18468
12663 15899
23559 21820
12739 24171
28460 193
20182 23961
26340 25988
21448 14652
14393 7736
19308 17905
19944 18320
7204 22608
23858 28846
27406 28995
7413 27910
14367 87
183 20905
6832 1419
22689 4330
5024 517
12996 20462
11475 20718
23044 15510
6884 6610
9931 19704
14371 1448
20398 2736
12892 25028
10156 23836
11988 6230
5511 25470
17276 12936
2201 6471
8988 21787
5626 14100
5368 19715
13351 20944
2794 24842
22982 28599
17058 20625
26767 9232
3376 19116
29831 27438
14008 7226
2509 23727
27529 22633
19499 22284
12160 2841
17752 26454
8507 14630
10856 23829
7788 2635
7339 25995
12848 2085
251 1222
21576 26165
11907 10239
24079 10870
25286 12864
28030 3264
14424 8119
27995 16682
14412 16198
28509 11263
14820 16237
19318 12766
20451 27652
194 9349
1029 29873
27189 20934
11599 21191
412 4089
22641 7530
18979 2716
22857 6146
29622 10542
4339 19397
17112 156
16067 14774
8774 28683
14520 2756
4597 9509
19110 1256
13141 8553
18093 29755
21655 24624
23463 5158
25711 19313
19434 21637
7807 6523
28637 20415
19960 10589
19398 10926
2198 25481
24887 2615
15083 22537
23983 829
16274 20456
24215 25269
24716 2735
8413 19544
6747 5432
28918 15818
3510 7069
7759 20245
20165 18723
16439 1449
21436 15467
8249 3547
23096 7560
2617 17926
20198 20785
5822 13374
26204 6309
15094 9336
29867 26727
1151 6896
6056 20765
19524 5890
18195 19964
10554 26424
5870 2524
7747 13058
1198 17197
8275 3247
24405 22784
3036 24751
21289 13105
28811 15990
16699 15367
12537 24110
14632 1385
27388 21947
8774 9236
2612 19590
10645 8251
8045 3366
2327 26739
5399 5859
9892 5938
1789 15973
22731 16378
16859 19430
9280 28455
17066 15640
12623 29135
25890 13143
28737 6858
18704 2950
16656 6154
23447 14593
16304 10820
26144 14673
7973 15287
9290 5705
25413 1808
6553 2244
24953 11961
20698 19217
17334 24812
11227 7000
13134 18128
6134 446
3476 22352
5673 4676
23644 9287
19859 11159
5158 9165
6941 23697
10896 17357
13687 8962
23482 15337
175 11910
9074 22918
5702 7346
26885 23102
16169 10567
19078 17749
19265 24535
15366 22848
13243 9158
23117 11972
12849 19971
9791 8227
15479 19653
2928 21078
408 9993
4881 20509
12127 20358
13279 7884
10928 27715
4347 21028
28920 15695
9812 13638
8166 3928
2155 29240
157 20303
14219 7974
5551 12619
13734 18185
13174 18625
23139 6718
20698 25667
3507 20676
7850 24678
20150 18970
22156 17117
3352 1428
5741 11803
1499 25232
8007 27947
17296 24211
9768 25874
1268 8465
19006 12457
7364 15978
28472 14690
17191 6363
2680 18208
28842 1648
11465 13056
9521 458
9741 24677
14242 24981
22949 14795
12724 16134
1705 13594
18651 3223
17434 18974
12268 27452
4559 16529
16952 27775
15722 23524
6806 23126
861 14446
13663 12245
25810 25084
28687 7476
4027 6504
19232 27236
16536 16655
17160 17668
14305 19482
27445 6516
4340 21834
28844 19690
28362 3202
16653 19673
29946 189
14933 7182
21233 10526
17645 25207
19590 2186
8180 1107
6675 1430
3001 28032
21156 10190
22292 8933
690 29475
13228 25284
12916 9096
20279 21640
17389 27524
20344 14140
9063 2845
17810 18279
2747 24972
15637 5690
13276 15670
28984 21958
7639 17433
28693 15644
12980 18248
4280 4445
7592 16677
16974 27079
23309 11318
14486 21115
8748 17233
20535 7273
5837 14517
12039 23811
22756 28417
1478 11418
23967 28623
7815 10811
27326 18831
9940 28234
12760 12844
17522 12901
11741 15585
23862 845
5425 23070
21603 3594
12239 14703
14527 18875
26760 7852
10544 24504
24794 25224
18900 6284
20922 16176
1958 12873
2663 18079
12799 29310
15958 12323
15389 1423
4797 9015
135 12788
18782 14987
12029 15996
3254 21481
26170 4773
9814 2609
11477 22662
28858 7850
22929 14237
13531 4928
10425 17450
23735 29824
26638 24987
27086 18063
2909 7025
19636 23744
17682 6154
19127 12743
13047 7800
14366 10911
20529 18213
15048 10182
29592 16203
19913 19464
9053 26575
16509 24904
12248 13043
29130 26268
13515 1465
21776 17801
23292 8004
14178 24005
25476 24894
12099 5873
5693 5877
982 17347
912 17726
16332 18222
10048 2272
9543 27873
6973 11829
25085 2825
29639 10025
22491 11007
15287 18606
7232 11448
27853 13005
26567 23221
1483 14359
7804 16194
23460 3767
8526 11150
5403 27441
15637 16025
22333 21051
3643 5586
6002 16400
15663 13804
24767 365
27200 9844
8380 15596
6990 24175
18683 21749
5115 29949
28847 6287
10941 28674
12371 25658
3554 16820
17039 5887
7357 13903
6900 19820
2912 3282
13531 3933
15313 16315
25650 8549
24987 7661
13524 12719
13904 25234
6257 23301
26319 19565
27236 27956
2410 17283
28660 21899
2487 2337
22148 16385
22690 11995
2108 5467
4690 15880
13247 11739
28858 16839
9669 16075
8125 2965
18884 10049
13938 23481
23408 2781
11791 21120
23792 20928
11750 20218
7386 27683
20094 5237
23866 17543
27644 17752
8093 7334
4513 8686
3526 19449
26521 23663
14081 8927
13149 12531
26425 26006
11712 15746
5775 24810
15089 4971
7001 7632
28289 24621
7928 12150
6580 24170
17348 2339
7971 8611
7155 23417
2568 8553
605 26004
16348 18413
10855 11638
27795 17238
9492 20478
23737 13914
27272 9204
10099 19485
5653 4088
23987 11230
28432 6527
2806 9292
29881 22848
452 9981
20788 8796
13717 16112
29912 13231
378 18751
3611 3202
2705 6555
3489 7742
20728 119
7713 20906
29733 19287
15893 25725
10733 4178
8794 19127
1914 22899
20390 26271
5313 16452
23611 19836
4214 16136
14393 25673
22048 25890
23878 23555
24922 23409
14058 17515
29026 4858
10361 6367
21744 16934
6850 1277
8889 6229
10642 14518
24592 3190
9892 6444
24956 119
8893 1677
25403 27113
11790 21824
13619 4012
9629 16238
17139 4878
28954 22674
2038 17247
22040 15724
6203 11633
6156 22008
5392 24002
11540 11653
721 1679
27724 29935
6317 9705
15937 17871
29911 6616
7895 3605
356 14028
9604 12413
12419 6582
1086 3744
20209 12855
25818 9769
20582 20332
29842 11165
507 20497
16734 25510
15860 25605
29493 15711
19947 18478
17597 5596
16819 29535
504 2253
2088 23537
7497 26426
11020 8270
27276 5433
29167 17838
6566 15683
8832 8839
12617 7605
8157 29860
5140 11936
19332 29798
1965 551
28149 9910
8141 29819
27380 14063
322 29828
153 16145
5740 7267
9502 318
16212 2172
1388 19428
25039 5549
20444 5904
22975 19076
2399 29274
25649 11440
16739 21139
16348 17383
18441 11090
17762 24457
8008 26918
7769 8280
26833 2295
18200 26649
6378 11851
2870 26831
9546 8985
12056 25401
21677 17069
687 10428
13415 90
8806 9928
22636 11228
2371 24158
26349 24335
25265 29345
16508 27362
17852 2864
13821 10507
25333 8731
20715 15652
14939 9369
15901 3754
24762 8350
6192 10216
26945 2194
10219 7849
13667 25451
17104 26890
1598 28051
12331 29783
28919 8308
14128 29296
27998 14464
12405 14938
18868 6967
7156 492
440 13269
7216 10002
26606 19524
25063 29232
12647 11743
511 17065
8840 26461
19070 16600
9174 24626
3841 3811
5635 27853
23808 158
11647 16062
18058 20672
25647 20922
11166 1491
1631 28269
2388 9696
10334 25754
15214 14433
1967 19536
2909 17652
11787 29931
25640 26123
27804 22552
6857 24531
3039 1821
19622 11239
6736 24066
23853 15113
8431 8886
19057 15196
1458 27453
15637 7235
23233 5821
8449 27919
18540 5844
593 23993
3431 5203
26229 13147
13548 13624
12355 11277
18317 27357
25793 16126
10446 7004
3823 6114
9595 3036
27583 16153
8894 13126
23797 3011
14466 28959
23661 27004
15807 24648
14256 11803
17866 5703
27059 9455
20103 8877
27474 15001
15613 15869
9589 1179
12087 14393
29671 22136
20054 14754
9422 10718
29481 18223
19171 3751
5254 14376
25703 13728
24601 1391
15976 23982
8806 26769
22191 24264
25265 5568
26138 3090
19603 28719
25196 16985
2778 6337
23365 25071
601 6963
25998 17657
25134 12757
6731 10956
27357 9509
6121 7026
26964 26683
4178 15121
13158 25548
27945 11562
10954 7673
9895 4060
29714 14793
12029 27525
6878 24326
9942 12632
6060 15078
20757 858
14417 2468
15900 6821
11784 27068
20003 28547
16069 9629
17294 19649
18605 12207
6628 2109
13978 19323
27836 13155
5821 14394
877 29086
27068 6608
27139 18136
15428 20203
21577 15102
14670 21304
4614 16874
1225 11768
22513 23708
11000 11804
29731 6866
12761 29434
13303 8040
9261 19900
2625 28159
8534 24643
2706 7622
29726 5079
27125 2930
11600 22944
25166 18643
23592 2148
12321 13863
15831 8154
8468 23548
12381 3160
386 11060
15965 86
27995 11957
15537 21355
25896 840
11137 24221
16848 29221
4710 17618
22184 19303
11998 12562
28520 18807
24221 20762
8883 25173
6286 24026
16539 1177
10917 3343
7049 3195
26630 21284
7090 17042
27209 10464
8304 6
19196 20414
10279 19657
14115 1676
26054 14831
20359 11637
25119 20761
3446 4593
22607 17913
19413 6673
7179 23616
17553 11658
6880 10182
5759 5642
12896 29459
29791 15485
14005 27374
70 20779
19014 478
27222 4490
1730 2315
11219 23033
10653 24029
5630 25504
8399 20426
26883 22049
14 10056
28520 14702
6155 24418
27145 19264
12435 10325
27675 5700
23901 14631
19137 4187
13206 29082
11573 23362
3373 2972
7285 20617
29480 6042
2899 2423
3820 9402
2399 25519
14657 11582
13138 5486
26928 717
29466 16404
12322 14016
19054 22483
21415 547
20936 5701
10702 22212
11630 13716
19888 14704
8628 29602
19699 25611
11971 16100
15490 11178
4974 2526
12584 11979
9721 17637
28722 17580
5593 24150
22749 29904
9798 24823
1041 26675
1758 22831
16926 8747
22678 4866
25508 20956
13054 28668
330 23361
6280 18319
11835 22795
23507 27385
6651 17399
5299 16315
24974 8714
3316 3303
7582 13247
25445 29553
19788 25793
13218 10228
5284 26335
8674 8700
701 5861
838 915
5392 6835
11383 14239
11533 11350
25188 26136
10031 28452
23558 24244
9999 13346
3613 8502
15830 25653
14479 2906
9050 10319
23199 22264
10772 12354
1238 19769
20810 13999
13750 27379
24259 4628
4402 15551
17630 1718
20332 25676
15896 1804
10650 13307
7863 29899
23156 20370
4909 20968
23028 9736
3995 8038
19968 24535
6765 25831
3638 755
11563 24139
15937 9437
16760 9586
15186 3086
16034 18515
19582 18840
1850 27953
19883 1972
13764 25550
11148 19780
2112 5469
8399 8140
20495 26394
5282 25676
926 980
2156 7927
28242 7979
21912 18562
14446 23037
9992 22269
19822 6670
15920 4390
212 18366
11029 11396
22269 29905
26846 5093
20621 21872
8999 6032
13363 24548
7993 25474
2541 9442
12373 17927
8666 19970
22805 18051
13560 13582
24516 25316
21001 21557
13317 1162
4044 6987
12234 20864
27806 17935
3722 12746
8322 281
19278 24803
13478 11962
17787 26113
23277 20267
19103 8277
539 3654
18449 21546
5987 2942
5689 22140
2756 27337
733 19852
25176 22470
14875 18024
24658 20046
1815 9029
15781 13300
19573 20088
16669 7906
7819 28601
26330 24925
28925 14727
3001 9538
7469 17739
22442 19517
2271 7368
22505 20369
5314 24213
27869 25717
14756 7910
9545 10693
16458 2739
12247 5546
8320 10833
20599 2132
10320 9867
2784 27261
21672 24239
14377 25306
23658 4263
13213 26623
22412 8448
24602 4003
12531 284
1922 7515
6777 129
16200 12125
18111 6368
830 17651
24597 10016
18791 20814
1311 10965
22414 19206
29711 29855
389 16904
28029 2502
24506 26731
8994 3906
23386 17323
13208 14355
1621 20236
20416 25185
3257 3413
23582 15146
24105 11165
15026 28029
15708 3573
6113 6057
12856 10790
5334 9672
19582 28971
18783 12854
2058 23542
17162 10577
16578 17419
3070 15752
5277 20797
10756 3894
18969 17676
6385 1001
17070 2020
24524 13744
3690 25243
21044 21763
19579 20368
15383 22024
23365 11290
24218 24085
26652 9038
9299 14696
15740 15479
10066 13733
26297 24686
647 8007
14602 18027
19116 13239
13855 26848
19090 4286
16164 9576
6110 24220
20729 19728
11605 17919
28258 8688
24832 25333
2360 18759
13669 13422
26537 244
29830 24231
4262 15711
23618 27664
12664 26137
26588 3563
19854 4481
15985 24213
10610 20741
19937 3185
8800 508
19303 17924
3362 24918
10686 7180
548 26513
13708 4044
11883 31
25318 21672
1221 21603
1677 23969
29625 29359
22165 2385
28321 22588
15462 28824
26171 15523
7212 27674
18567 26132
1458 12580
24824 16573
22685 19082
28183 14710
26458 8517
16465 3765
16610 8166
15829 26108
9286 22523
10494 7780
12229 7898
28538 7501
4620 13861
5335 17266
28916 14004
17950 2575
16410 8326
24337 25481
5677 20270
24846 13346
29163 22423
29873 11544
11037 28885
28251 434
10608 26479
25933 20517
6094 27712
19655 28198
23261 22171
11208 17239
14962 11892
5166 10682
10399 11615
6306 7404
22177 2718
25243 8334
17473 6215
1404 10678
7719 12961
7662 6100
13194 22806
22118 5784
8337 16191
26471 9207
10162 25904
4697 25065
14172 797
26951 15196
25929 24437
11849 12951
17157 26857
14506 20099
13666 1373
23303 11091
24125 11394
10102 9719
18672 8008
18136 21557
19197 19579
3771 26939
15811 29622
5248 22926
11526 2980
24476 28794
5700 19967
29454 1610
1316 29129
17936 21660
10564 15929
27018 5788
27566 1350
16588 24852
26639 22679
18980 23475
3222 4427
6155 16668
2219 3770
20899 9625
15680 14235
8475 17292
13112 21100
17616 15491
3875 14422
22236 26125
12201 22542
13579 3895
28080 25236
15869 21245
16004 3242
28618 1371
3364 11616
947 22284
11617 29561
21640 25077
22981 28736
28994 4664
23409 2158
18513 17848
11746 10246
9747 7294
10364 6357
15294 15292
7665 17003
454 11567
176 7988
16767 2297
7358 8385
28558 20016
27397 10765
11339 22455
20734 14397
27017 5514
14249 22048
15704 11878
11086 8211
16639 9382
24516 8462
1528 28649
12336 2096
20114 1430
21952 18937
8418 1772
23806 16761
5483 4253
21619 2727
750 20793
24964 28398
19737 14699
14579 12297
23499 10052
18960 8273
2709 11414
29072 28553
12113 20436
13282 23708
4623 5508
20739 26225
14942 3312
26188 29725
2228 4941
8803 447
10359 20901
16113 16346
5699 833
24742 7877
29600 7075
11971 7448
16657 20832
3403 23655
9907 19202
15776 7004
5745 5274
8615 2163
12250 10723
8208 24928
12756 18117
20283 18501
13345 27723
29820 2716
20720 4608
18213 27402
1814 11889
17936 12928
11988 3999
12182 798
8843 24685
12829 21598
15879 27763
4015 13004
29976 25529
389 15990
25727 27709
18603 16639
9601 19130
9927 7839
4505 5308
2689 6252
25040 9783
23414 10697
15251 28026
5217 6219
21374 12582
28767 14308
8257 14024
11365 26390
25041 7292
22492 29049
5671 13824
25828 25018
27989 6985
18772 21715
12868 13792
3665 4696
11821 18557
7464 8145
22074 18222
2174 7221
19695 16686
22697 12303
28045 27980
13386 16863
28476 17131
20426 26522
27707 8207
22414 29903
18353 15579
18525 9514
5791 26799
13325 25846
6357 8588
21670 15580
23542 3196
3320 10609
5674 4929
6445 5463
1596 21369
14291 18553
27336 19957
18124 19584
9176 20643
14747 20672
14575 23666
6040 5240
19684 21893
2765 29294
21296 6857
12510 7448
21895 3168
3109 27393
20398 10255
9027 20995
22693 1059
23710 26381
28348 11845
3798 27209
7359 9147
16067 14323
19073 15387
19107 5576
18431 7193
23176 7263
26789 760
17298 17352
29319 5415
24879 20766
26722 19023
11842 21252
28907 24713
6367 18
12632 27960
20880 16413
22221 9464
19086 10598
25651 12921
24754 651
29057 1807
9954 7475
5379 8714
19161 6499
23845 14862
14131 19173
29374 29042
19211 11443
24078 28664
18906 18635
21329 4443
9924 29858
4390 27762
5862 6328
6529 20630
6043 669
16302 25328
3771 5911
28915 14207
11426 14912
13360 2173
66 18
23080 998
21377 24733
7672 5966
262 4498
15106 25935
16872 16445
15038 2424
18249 21822
25810 26505
14604 21280
8347 18319
165 15064
14001 26025
8086 25978
11065 20845
10724 19454
15738 10045
7369 28105
21975 27237
7601 20361
7108 7302
4252 23022
18804 26802
6829 14564
23096 14392
3926 24238
28643 5230
25213 2927
4549 11953
21042 1997
1976 8176
6957 20580
7149 23799
16645 25867
14098 16237
22720 23569
21835 18022
25175 9351
27637 11155
24364 16710
22133 28668
5487 9877
27107 21607
14554 19979
14749 25471
8881 27440
563 19892
12144 15112
17246 7524
6940 12197
1963 21342
16750 26152
27850 10082
238 1029
15348 28864
3290 6933
1992 19054
25741 883
11616 22691
7519 26784
20872 19685
168 4789
4415 23460
14337 9442
15028 5049
16031 9437
28590 10549
15431 509
11339 13807
28479 9623
13811 25342
21476 5341
6249 12606
24284 14425
17032 28957
27567 10471
18867 1325
906 7582
20730 16088
16819 53
17724 27268
20961 22303
7924 7953
13264 17210
5910 26226
15152 6857
11925 13125
20573 5820
25421 6027
12583 14192
18834 11122
4142 24856
1522 8071
21308 20689
29451 23732
13577 7266
17966 12496
8133 26347
14398 16674
20028 5368
522 3997
17811 25779
10732 6436
21735 8273
3314 29451
908 5750
22177 6735
11380 28456
13510 27191
11736 303
17213 24806
29926 15640
25995 20239
28099 27307
7383 618
16760 29234
28984 23558
23945 21474
14088 26823
13968 17370
25562 2784
22020 1563
19773 1500
28814 23770
27430 6816
5393 24691
5625 17651
28137 6579
21984 10896
25699 3516
28947 26864
12956 5559
22356 15680
3517 25461
12820 1110
16558 8370
8873 2521
1744 5039
25856 15799
27443 22312
28725 7252
21406 10036
8640 27531
13324 24723
9804 27593
471 23289
12860 7270
11557 20836
13638 9557
27652 29031
13698 24663
7869 18614
21484 15021
26767 10119
18269 15710
29213 29583
28386 19268
2258 25499
4604 10905
17749 10090
12164 5896
22404 23678
6777 24108
27845 22554
1894 22121
15966 19313
15925 15899
22914 26052
4845 26625
7737 5561
20214 27724
19034 8057
14692 2037
12399 18748
2299 5167
11917 18763
12550 20353
978 28892
13035 27397
28942 8179
12808 23834
24673 29895
13643 16834
20366 11502
19463 3667
25991 1436
14319 25321
25504 11200
28778 14853
3307 17988
10199 18212
29970 22897
8436 18675
26822 19482
19415 15004
7140 5659
1977 27502
29491 10591
18763 434
16592 11676
11447 26598
15935 5576
9967 17332
22458 28093
19138 15845
17188 9672
19025 9366
10733 2208
16100 28974
3282 3652
6726 8797
24469 1691
13607 5118
2687 9218
3840 17193
29268 969
20410 18355
1295 20079
20886 28333
10655 5150
16643 16039
8671 13605
7444 16981
8098 3519
23610 29989
12624 15687
22290 28233
15466 19875
5361 78
5598 15067
8019 12261
11813 235
8366 8762
19948 18770
15638 22583
24210 13047
4596 15302
27782 29532
24379 8333
10343 16205
28326 28177
23637 9615
427 13154
25731 2366
23878 10201
16373 3203
22036 14211
3572 14021
15946 17484
10654 18748
9571 3242
2405 28271
28593 28008
3860 10997
4809 21604
16569 16748
27171 16924
10875 27030
7655 22054
16014 6166
25420 2751
6915 4636
12639 13056
18327 15193
10313 611
5958 27220
24256 6517
25892 20705
22947 4560
16973 8105
23533 26537
25302 18584
10287 18586
27149 26246
18325 19243
17391 28177
10674 5340
9613 24078
2178 23311
12541 12973
8010 26298
1239 20947
21755 28255
19583 12419
29384 18948
21892 11044
18337 11702
17860 13485
21708 14441
26306 12266
25230 2624
29050 7112
19888 18002
23286 18904
22392 3523
4219 12997
18697 1151
23265 8490
24343 21456
8009 1613
15135 19619
13814 13783
8092 28621
21602 13417
20956 6720
28238 24382
28280 16860
26854 21358
9271 15262
22766 29879
19433 1994
14074 9023
5235 13357
13502 18992
26042 13669
6436 8087
20958 7734
29990 896
27318 23889
29825 2977
1622 19192
18340 6368
2263 16254
14723 5885
9648 17457
3965 6852
5925 21162
10377 13005
7059 11251
16434 10442
25582 24810
7555 8393
5166 17608
17050 19156
21508 6912
15404 19139
20009 9060
21548 243
8491 5888
8572 3476
18512 12676
4677 3055
1420 29988
18052 20263
1956 16089
8669 12176
2659 5444
19748 9891
12822 2283
1750 11637
9902 27405
19979 23873
2237 11225
1507 5697
28327 10594
25744 13203
27259 18726
28925 23054
4722 7598
15825 17556
5848 3069
14016 1332
7659 28950
2773 7855
6793 9632
5676 10926
19549 18944
15962 16663
25719 27066
18195 28322
20435 25370
13745 19466
21540 27146
24925 15161
4073 12218
6330 17289
18831 9407
28487 11278
18510 4476
14890 8468
24535 25076
12384 5339
25769 5926
22937 26531
6867 4155
5563 3480
3815 16318
16714 15882
10801 1988
25043 11765
24909 7462
15130 25752
10945 9610
13413 8236
10082 10845
12589 6693
10657 27409
5588 11595
4402 2937
2914 17491
29198 24461
27067 27685
25278 9114
1911 4862
14200 14376
22611 7232
9039 2907
647 11917
23688 12899
5906 13189
3233 4198
28996 6855
19245 29600
20356 18952
21963 29892
5727 20987
27051 5059
8710 19912
13038 2115
147 8840
28306 18607
13226 2758
12335 27630
1390 23044
4761 14178
20852 27369
19446 25449
11443 3376
5193 21412
27688 15269
25284 6023
17856 22661
4329 11101
27399 79
28477 2781
1860 4895
6699 603
11450 1409
24290 10893
21271 6223
16462 5461
16117 14496
3257 23007
17977 27821
18942 4544
9676 15276
26497 24940
18046 17378
17351 5692
7847 28884
11198 29723
25399 6541
26031 23471
3195 29060
20629 15882
7761 28797
5492 20981
15465 21614
25978 13529
29589 13727
25733 26543
9084 27894
3134 883
27515 7424
4496 4808
19388 6278
21506 2228
23953 29375
9002 23076
3244 16161
21759 19708
24796 22963
18411 28733
1860 21998
9887 10145
5589 1510
15385 5199
23919 23463
29184 21557
18919 6023
21913 764
16605 19082
5748 5148
11485 15270
7373 27862
18476 26320
16940 29421
16410 21143
29843 19304
21043 13151
29446 24192
24124 22740
9744 3382
19326 25791
4013 12845
24443 22582
20025 7908
16117 7450
1185 15489
9680 8906
13077 15838
17651 26829
24573 7325
5810 3933
23182 21330
1771 22080
15639 14650
25328 25436
2885 16029
3798 7969
1879 25675
27245 6165
29489 6518
17039 12131
6243 6316
1627 13435
29212 25445
4921 16002
4845 4975
17894 4925
15551 14447
17634 7227
16208 5167
608 1063
12086 15633
20732 29246
22887 26780
272 27349
15466 28331
7338 28920
2661 29049
11829 19555
20209 22837
16537 1049
5341 1611
14098 6574
6485 21639
14145 15012
20547 19570
29496 16761
24509 25978
2077 4306
27227 23198
25573 15979
916 20707
5541 7313
6348 17833
982 25675
8710 20997
2900 8769
8770 12244
17131 27966
8545 16949
22307 24464
15410 16445
7935 12288
7373 22605
27276 23721
10174 18642
29756 24939
11300 29821
16782 4805
25271 19926
29782 7060
5627 29922
14704 9296
9405 27639
21381 11092
24546 10045
12919 11769
5511 24149
18354 3630
2014 11168
8249 6571
23907 13926
10182 175
10445 20725
3301 14309
21446 29532
12100 13789
15844 7059
3148 14684
3186 28588
22446 14256
4973 8609
20069 22218
8030 28210
6657 18222
24780 24596
17025 22818
398 28791
4723 28094
5035 14957
13611 27462
29708 21152
7222 8973
1066 1597
22692 19454
29900 2489
4343 26138
16351 2021
24385 14360
1919 15231
9731 26591
21389 20919
11428 8931
29199 12028
6752 13389
20446 14842
23035 3569
14178 27115
28680 28935
8291 25104
20366 13656
879 17808
25558 9845
11356 26929
19035 27139
5212 12313
5700 5681
1241 15787
14960 2647
21396 26591
1895 1793
17170 16615
1086 6122
9596 18653
28958 14157
3966 9060
18574 2719
18784 13842
28252 3339
29175 16085
12687 8911
1548 5584
7941 20891
27664 4962
8725 23523
25455 8931
15433 6849
16161 23788
18945 28738
22189 267
3840 20442
393 20785
1152 15987
1045 4952
29950 9553
767 28376
1665 21752
24919 29038
23282 23012
27490 28602
26907 22582
17922 17320
7616 29385
22786 8278
22429 19399
22958 6316
1047 9688
26623 28201
14064 10928
19617 29183
28729 23998
3829 25462
11681 1958
22924 1327
4627 13173
8663 21946
27380 10323
23414 18008
28109 26576
4885 11229
1587 6273
12911 16824
15004 16730
23231 17572
2047 1839
18456 25531
12428 6007
14376 2223
640 19516
1597 2216
19761 28571
1073 12656
17379 28081
13972 11543
1909 11120
15260 6322
23735 18453
9588 20200
2492 20629
7990 17877
863 20429
21853 25731
3093 6655
3065 23088
9261 13819
106 7149
19452 25856
5627 19265
25630 11804
2698 886
14377 15507
27922 15667
2181 18357
5644 8352
19116 7679
8075 10716
21267 28758
29636 6032
4168 3321
7073 3131
24775 1436
26113 28893
27217 17400
26286 26954
5965 8117
21606 16440
21898 26830
11328 5596
3448 13002
15460 24845
1632 19078
10103 27228
25143 17543
29632 19783
29941 26874
10953 7000
6705 10979
6824 7451
23160 19055
1451 28053
21340 2809
10081 15599
19845 27517
15247 538
21710 7529
10470 822
22960 12169
6805 16340
19216 7759
24060 4074
13471 5931
3845 27613
2029 13094
21499 2092
25467 15440
5388 8908
15815 13300
23232 29094
19686 10183
4063 16752
17705 21047
24966 3717
6689 11706
2850 17582
25211 5968
13987 4852
1562 14568
4077 28605
22001 6928
17476 29443
1697 21674
4624 10091
21093 26893
7397 12499
22496 18703
25683 342
9444 12091
15915 10232
23597 13502
27301 20818
4125 18049
15392 8194
19751 23802
20597 28937
20560 6232
8019 18749
19104 19231
8204 22502
25134 9392
18151 17256
6211 17370
22870 25019
10615 1922
29497 2278
2067 6502
21466 29687
23535 1942
19244 18506
18610 8938
24081 8289
7922 23780
9964 3924
29130 20334
22456 28290
25846 7874
28237 19138
12578 11242
4562 10195
23949 12135
11137 26389
25880 18020
758 16354
15175 14860
6964 3094
29413 16240
17612 19450
16573 24038
3049 9130
364 26396
18565 2710
5051 15244
26231 23827
16918 13919
20720 7975
25345 9337
12727 19939
13667 29262
24234 15396
9686 7694
7949 11176
2078 15576
13030 1192
27466 27469
20832 23338
4675 20297
13690 1586
10929 21594
11900 6922
23047 9676
28742 1711
27756 6553
6364 13976
16103 8828
16556 12766
23498 3676
9848 18114
9766 1350
3604 25463
29947 25202
28349 1471
240 2942
29569 13438
12335 12857
8681 17079
26693 7915
18129 7585
13480 19143
8831 4649
29287 8796
7739 11239
20325 29022
4892 26879
16615 6157
18289 26970
9772 1322
4908 25312
13396 27457
24552 16356
8904 29666
645 90
17107 28926
13714 23872
1680 1888
15084 20817
9233 2525
5119 4407
10729 20615
18482 1046
23588 21264
19700 7198
3968 8242
16855 17222
5011 24576
11092 14905
15155 20438
1640 5508
5144 19926
22193 5501
7355 17442
1527 22191
1960 27566
5802 7315
7400 11135
14525 2124
6032 19088
3464 11325
27372 10284
18568 20778
24123 22573
4829 27540
9944 26192
11317 4891
28426 14389
16241 22945
22411 23193
1476 4080
11368 12335
7490 4528
28724 23428
10933 5714
25033 29823
10027 28974
18788 23922
16444 21958
1936 19815
27854 27494
7804 27220
26832 15459
6402 18540
9782 24669
17709 10495
29002 21319
7265 9769
23083 7417
8448 29099
6891 23440
23015 9750
16760 15867
20108 29142
13866 940
18390 20653
27346 19718
27018 27199
23057 13978
23776 17503
5539 886
26967 12349
17542 20434
11755 10507
5435 13964
18787 18529
15263 29296
465 25031
22725 19186
17574 23831
5314 27460
6205 28950
24706 18049
6117 21793
10299 3403
11696 8473
19354 1676
1657 7683
17221 24038
17524 10858
11370 15987
26064 7403
17763 1746
25924 29681
910 5663
7577 8477
7695 596
28326 175
6746 8345
18878 22933
16185 4921
14051 19795
1624 20422
10273 13596
3571 3235
1990 15196
16618 21168
21184 11962
2335 1737
13001 1133
11165 10747
21808 27182
4815 6442
5165 24779
2132 2709
6669 12681
4027 9684
20881 10797
27154 8285
19404 1514
5664 13354
9783 17113
8336 7461
5186 2564
1871 4634
28413 29261
19940 7621
23329 21584
19226 21173
10430 17517
27276 16666
25728 25125
12582 6603
21564 6026
839 132
22871 23574
1441 23313
30 5321
2619 17182
16386 21109
13719 3092
6237 2379
14539 27150
17558 16084
20758 16604
27207 13303
20523 24316
2361 25976
2231 734
3024 29330
4190 9368
11532 28814
11256 11169
9586 24867
18931 25253
19518 2731
16713 4028
19401 18349
26149 1274
20016 6757
23163 19715
29249 12477
23107 24645
29139 15713
17884 22833
8393 29104
9990 9509
28998 7628
15739 9623
23528 13418
6344 20407
19480 29873
3799 8522
6639 25338
4059 3611
22528 4799
29313 23317
11349 23380
3720 12390
12330 17953
7896 13659
6021 25638
28202 25780
15043 25020
5451 29509
3786 4716
14188 15729
27424 25020
14352 23774
5373 21121
11177 18861
14744 12530
20096 15739
24881 28526
2666 18624
13800 16806
7663 15853
18528 14860
26939 23746
23835 27275
13483 8627
3878 2554
15537 23550
3424 12768
19017 4422
21164 15815
5393 22807
17987 4541
27761 14847
2724 28685
815 26330
18112 9029
10181 26633
12230 9485
29930 12553
12047 28716
25199 28085
19989 15290
151 5889
29405 25285
19408 15575
27084 6462
1875 6338
1891 12241
5229 1735
1239 26168
26245 11603
13339 10756
19591 26228
15627 14062
25189 28687
11094 962
1261 9817
21139 12887
19646 27153
28769 15390
28988 5052
19016 18824
17946 15472
23461 6034
28366 11917
21941 29319
17673 21978
22611 12102
21590 6152
18261 2855
25727 25839
10890 5603
12106 23283
22516 10520
26366 18319
26395 8617
2264 22585
15405 12117
28173 20255
275 4557
4227 26560
15528 24047
11241 7724
7573 2249
21869 8519
9332 8068
5663 19915
12601 19905
8357 15569
15643 22215
9963 5770
20731 19799
15349 12743
23025 12124
28240 22596
25316 6396
9783 13878
11654 27736
10139 5509
21098 24361
19672 12896
4243 5221
5097 7663
6115 275
28305 15388
6618 25069
5032 8583
20458 24945
14118 21693
12097 5576
9355 8036
18049 6674
6437 16485
15778 10214
2264 26264
904 8667
5779 21466
3808 7770
16806 3736
26396 16060
13687 18813
24877 10986
28025 5030
26489 11326
17169 13878
18158 18237
25172 26266
19835 1203
25439 29826
25822 17134
14185 2605
29282 10255
26994 1594
21961 1634
19074 6887
11946 10148
2760 25547
6554 9106
19154 7459
3545 17090
23193 3290
16548 18566
26315 27795
3170 1597
4729 20908
10787 20668
5540 24060
23685 5522
29541 19343
15564 21766
20665 29822
7785 25232
28179 20155
20348 12624
21093 26155
20268 16914
11618 8975
25926 18147
5726 19842
1304 19278
1517 16421
21774 8394
7592 7127
6025 3900
25848 17793
2863 19381
24897 18801
10366 23496
3564 27636
8431 16288
10714 8261
13208 9745
16751 9900
9115 25461
18171 9401
29335 17265
17669 26704
8241 10540
4521 28215
3368 17092
5198 19444
4572 29582
21375 17703
8099 15549
26381 2670
14179 11896
444 2940
6539 15629
23762 27399
24764 3291
18351 21653
972 13086
24939 14988
12049 17268
17359 5898
2892 480
15401 18164
7265 4887
29780 1889
26917 1275
24050 3640
27915 16493
28211 17808
14407 12484
14934 18212
16788 3598
24866 19555
13708 2761
25045 14814
2722 14918
14362 27747
10131 6992
5005 12857
24658 18702
25447 25035
12840 4656
7758 570
6277 14290
27966 17268
5987 3728
4062 16740
7140 12006
9614 8416
3799 19289
7183 688
19972 10220
11391 28673
24928 27895
25120 17295
24484 28496
21920 14784
3832 10256
2708 23698
22884 27819
21668 459
1948 16764
23288 20489
4076 10140
25650 21932
4118 11105
8062 1114
26573 26131
9086 3372
26929 6643
10622 28373
11268 10737
27097 3730
16870 9723
5729 25873
18478 9154
19744 722
21249 10623
16683 3945
2215 27973
10591 12522
557 24749
519 26972
11525 16841
9058 296
23735 14009
6813 86
25733 26311
1029 23225
17717 9610
13106 14828
25883 15681
16766 26234
7044 13352
3950 14832
8008 22025
318 4613
8927 16755
10804 6060
10368 17658
2403 28974
7355 14146
20575 18653
5713 13397
1587 29976
25456 1749
27293 8816
17298 12200
8273 28646
29349 2700
24951 14185
16827 4423
19663 12608
10709 17384
3609 7987
13887 891
2330 5761
26782 7761
3009 27856
29009 12082
7614 23222
7429 4562
21842 21575
21151 13992
22998 13023
3738 8669
14477 28294
16707 7736
20274 15012
25548 26471
1839 11103
13855 14200
26501 17771
3628 23352
15305 7121
5832 27644
1587 13659
10469 24228
6130 7576
26712 22135
14121 29426
11186 25806
13088 6886
2143 4162
24055 17550
25111 21395
10348 20580
8049 18365
10583 3950
15971 24452
18423 28064
4283 6654
26061 15673
14067 12758
29242 8382
18632 10717
7081 3590
11666 28091
10931 6595
28857 4445
7014 10098
28870 753
22402 12799
8808 9306
9185 3127
5506 9341
24275 27130
14130 29471
11772 5527
23079 17667
24867 23632
23358 28329
14530 3870
24301 15933
3304 1156
11926 6258
24591 25389
3873 26920
6819 26413
1774 23728
9139 15250
21741 21110
9766 9460
29155 1946
18344 27678
7471 22276
28557 8517
21045 6510
19415 5142
14413 6655
9895 24537
24522 21374
5298 13316
5851 3189
2236 20198
8697 22893
21340 4669
18260 26603
7057 1310
9230 17864
3026 22644
29478 21632
8440 26209
2697 23751
15372 21291
16137 29132
26034 20238
9321 25747
15221 3478
17144 19951
28083 11238
16622 21283
5025 21819
7095 16521
14010 10195
25492 9031
2037 29548
22245 28003
28460 14670
11420 17454
19662 27684
28994 11909
15839 1007
4404 22316
2003 21431
4383 12515
3081 1107
6197 10714
11224 26081
10759 13876
12171 14347
2452 4062
26636 8025
10977 1045
4013 341
19858 7022
16747 11050
8770 22009
26456 22410
27281 28331
20723 8889
12684 9443
20343 12170
27334 12583
9518 23203
2652 19769
28620 346
5883 15463
2565 7013
26106 13583
9193 28803
12175 24095
16763 7922
19371 23120
16329 17746
3516 5118
11047 16684
4834 26757
701 6763
20269 23056
705 21400
17813 24560
13405 6131
17111 16539
7292 6909
3098 1480
23496 5849
26034 25482
15638 2291
26941 6926
4378 26923
27457 6153
9162 15151
9623 6762
4415 3203
1004 26585
13863 19472
19315 13426
14767 15079
23666 14305
7092 18168
7426 796
18497 28172
16398 22551
9353 6428
11659 19356
19975 26415
26794 19403
13260 5853
26226 6007
6174 5545
26555 26650
6156 25791
9031 23132
14373 22167
9092 25108
3679 3041
1422 23568
11232 21111
14160 19011
17764 23983
17473 27095
1725 7446
16417 29697
23568 28148
9148 4681
10570 27624
8086 3998
29617 19394
596 14098
3582 13968
8202 24376
6764 14070
25873 21317
9335 7806
26415 27674
13932 16563
6936 1108
6061 5136
21344 5014
15917 10415
1512 20557
13795 8274
402 7798
1717 5060
25480 958
7703 27360
19486 19448
26528 3555
26462 18672
15902 19304
1145 7578
20461 17347
17836 28863
6059 6716
1734 19838
447 22835
5171 26640
24551 23767
11623 16701
22710 10289
11833 16748
19064 4285
16380 28316
5915 28075
25162 7239
7355 7873
22484 18741
23505 6242
11671 19595
6090 24507
20237 22969
25234 14291
1751 7886
16398 12247
5132 12778
3201 21885
13217 618
7735 9622
3890 17868
1924 26202
2944 23021
20997 24838
27957 28755
26605 22124
8108 22984
27848 26983
13665 4880
9149 3364
10985 7344
19451 25807
28439 7478
24784 831
7007 3457
22234 2917
10339 24601
24386 18849
990 16182
19758 11745
18933 11397
24730 16608
19172 26299
17399 20212
13988 4258
22442 2976
16010 5962
29954 1454
4368 6554
17623 28664
17743 4678
22602 21682
14559 18560
1117 28468
29393 8391
4234 993
12744 6099
16965 10324
7566 6274
21275 6884
8053 1550
9781 23504
24842 15875
4498 20105
22530 5424
19526 27881
16423 16847
6393 1321
2524 23063
14150 9152
4736 22919
656 13715
15933 15096
12602 16730
18216 19821
7506 13802
21845 23993
4744 7834
27444 3612
23912 4347
26843 19366
2686 26359
24749 7854
14703 18970
4136 17119
26469 25390
18650 17161
26747 3828
29186 2515
21113 22323
4580 103
7402 1469
7141 28927
26713 18008
1174 7674
13393 6045
22348 11366
28791 7194
3373 11805
12406 13760
27809 2523
7579 22040
7331 19134
25973 19579
9113 18187
12466 29901
25335 25064
324 28195
12383 25185
12726 27906
29667 29293
23136 12393
7047 16113
28793 4987
19433 19972
6131 8676
22160 24901
3058 18557
2594 16034
7835 5013
20305 18122
1741 25115
6302 27419
16114 23222
24617 1256
12292 5411
7894 12581
21015 23213
23126 1079
24514 20059
18222 26391
22048 27537
16892 12214
7531 1791
8783 22626
27755 2533
8811 2869
21119 25635
27107 29668
22859 23191
11342 1500
3942 26222
17410 8766
21669 18098
1351 19092
7003 234
15495 29058
21768 13937
799 3027
1257 6348
2402 28421
5406 29551
26943 21004
9334 28084
196 11028
24268 12250
21559 11934
1708 9117
8032 15300
22368 9120
20055 15540
16782 14133
1322 22381
16710 2011
19181 25033
3801 1747
22772 1680
27585 20843
12973 8044
25632 29762
22758 11433
535 5725
23836 25901
23981 9941
11088 15571
7832 16964
544 24773
20613 21502
7797 2107
29356 7519
16141 17640
1562 12168
8147 8485
17784 14936
18202 895
21971 1341
9268 24093
16139 21418
11708 19829
3637 5345
17603 20021
13785 27674
29249 27657
22856 18402
2239 23355
3765 21930
28754 28063
16346 29966
22781 23496
10883 183
6109 7966
20238 2764
27454 6286
3376 26298
23009 13424
9338 23895
10593 10637
19139 10098
20288 16416
21824 4505
1169 5238
22718 4597
26231 6801
3481 18195
23351 11574
22934 26512
15311 27285
11257 7346
8626 6347
28553 433
811 8130
21924 24457
23034 15105
19317 7242
6902 2687
20261 24561
16851 25266
15439 5057
19005 410
9668 17178
10859 7842
2650 6732
16184 16216
5878 12561
9055 23019
8640 11804
24844 20808
5835 12777
27804 18935
7363 23062
15737 7696
8967 16239
19556 5528
6810 18849
22512 5286
28417 4485
14008 2614
1122 27973
11139 12323
2644 6885
13510 22749
19207 18454
13738 2262
25900 7752
25426 2518
18258 26428
8883 29309
5179 5120
23522 22358
24776 13136
4619 4177
891 7184
25973 7858
17166 11832
20386 6103
22284 28156
27038 4275
11600 16241
21989 15332
29606 27765
14063 8056
21064 5320
15968 17850
11036 12658
16433 7181
880 15467
19676 10271
1533 28203
22943 1313
9903 22673
10547 11533
7075 20220
23929 27899
27054 9599
15735 8772
8914 27116
6113 22283
21238 20860
20546 10433
21408 5376
17906 29460
10478 12347
1571 9146
6379 29270
9881 27232
5230 20726
17891 21108
6114 6483
20159 6014
9578 15901
10536 8817
23800 17244
7780 1689
15484 20076
7764 5415
2609 15385
20911 142
1740 14637
28168 20544
5874 23682
5520 1878
16631 6266
4917 5753
4014 27679
2042 28262
17617 8898
15948 17016
23930 26637
19718 29876
16565 25213
19340 4412
16084 1450
12380 17126
28468 28459
17471 26654
12929 2243
8596 16224
18265 20869
24782 21720
23287 18083
21737 19811
7784 555
1073 18503
22597 4568
19912 10492
14808 29487
23908 15591
29404 26730
17643 22004
14771 28800
14087 2461
3632 12079
28560 27497
6417 13585
9809 12363
4253 18187
24999 6156
2481 25150
12831 21722
16450 5717
19781 29454
28374 8948
17648 5615
3956 4446
20479 18839
190 13140
15396 8186
3755 16143
21937 19843
8859 24657
12364 21381
9132 957
23670 28380
1355 10360
21487 4929
7992 7905
22227 5364
23173 5217
6536 21653
19825 5563
1373 6433
27556 27835
29708 26579
21150 14640
9497 26095
6844 20715
10920 14176
1161 2736
13800 19354
4887 8236
8825 25921
23221 18751
18705 10702
347 11701
20573 11986
28310 29560
11943 10631
28184 10481
14793 8261
22110 739
15043 18280
8944 14378
25317 7309
6549 16561
3808 12684
12872 15816
20058 25872
27628 24930
20868 8408
18113 1412
5569 10095
1300 510
25520 23405
7601 29121
8067 27587
25310 18770
8251 7701
495 13443
4890 4789
28672 12098
11089 14991
17668 11945
2951 24756
7440 15973
19399 13351
2016 19101
3130 8699
12275 2725
1893 11535
21672 28509
1446 15822
26093 28350
12399 18183
13016 21803
5118 9232
21158 26586
29399 9860
13075 15666
11868 19285
6686 10875
2939 21265
12204 16951
16197 23829
16976 13313
8434 25899
7767 9220
22707 1627
7194 12267
3162 25650
26329 24605
16598 973
29209 4534
14270 21405
27322 16364
10971 14866
4408 9656
8604 1141
8465 29427
5966 28373
12980 18687
16232 18088
12845 25990
4222 22842
3156 19375
3961 4841
16257 21542
27095 24774
201 4356
27081 29775
7864 5272
28229 6763
27211 23342
22373 25590
299 21092
1487 14387
8174 10473
22768 10240
24068 8425
8244 8143
13954 20052
18326 23764
18746 15626
26650 1381
13312 90
8799 3824
18908 15837
1493 6245
17337 7924
13408 21946
7315 20267
15543 19506
22520 14163
13376 1736
3786 23371
11530 23190
1933 11719
11928 29137
23149 19426
18170 25954
25577 10388
25626 28212
6673 9708
26670 15341
18156 17387
19587 28103
24042 20684
21922 19120
14925 13746
7385 20070
19707 299
3325 21854
22092 13463
3851 18308
8301 9326
5465 1001
24529 24348
9237 14238
11071 5190
452 27239
11374 18954
15743 16800
17371 21256
21552 26954
16739 19989
2421 19306
1273 28673
21850 24500
20425 28720
2922 19430
15792 25171
16849 23051
29933 16577
27918 24004
14007 18762
16524 29592
19799 2237
3956 5910
25644 4229
3926 24328
19267 19634
23986 2582
14385 16590
28640 22893
23833 9047
7591 20627
24904 20908
28702 5628
1808 6084
12880 3773
3824 24888
4646 11383
7538 23834
29043 14833
23781 12208
12228 13735
6756 12475
23737 27050
23521 3754
14265 7672
3948 25575
8494 19827
10461 23968
21720 7972
22385 8274
16027 25352
11884 23881
12098 21539
5933 11220
24125 15390
22316 23104
10139 2553
23539 11960
9144 5604
19971 3847
28448 16056
29811 29371
15525 5600
19915 7767
17287 10544
23429 10912
7181 26030
2349 25684
25434 22629
12232 27326
10292 16548
19335 3997
14922 15841
26537 17013
15857 13764
28397 23070
3423 1058
29841 26898
29335 29563
790 16107
26885 10855
24212 21818
3844 7270
2453 14540
22241 19103
5384 9429
13143 6552
18864 27292
27606 27693
22962 15898
12264 21436
23697 6033
11645 22237
13184 10506
28793 10883
6634 14034
10054 20666
22343 2355
20807 16352
13010 28024
17541 9098
10909 10462
4051 6462
18054 28103
8562 17284
17447 15490
8955 16911
29327 17951
8148 20272
12897 13511
14940 25871
15913 10729
11161 11460
7627 11653
8545 20029
10479 7192
26867 7454
442 3982
11157 3506
2866 19969
2426 21411
3753 6429
21934 20125
9836 18875
8617 28893
2035 5383
11414 6380
19784 9635
8316 9332
22164 12041
7828 16378
20955 48
14019 5716
13026 18062
17580 18889
9586 27189
18569 28965
24346 28922
18171 8023
22552 1328
5568 19298
19785 9760
6417 4090
20379 18789
23829 16423
3981 8982
15758 22885
22219 27163
27372 3487
15120 14770
4463 16579
29435 16537
18125 72
12067 25945
27269 28289
11368 25108
8216 10584
827 16962
3398 2654
19418 5732
16424 24749
19870 9876
27711 4075
6942 26547
2973 9604
6401 11741
13089 20260
14823 10638
14915 13381
16075 6077
12610 22683
739 18693
4776 22355
2581 2506
9245 24214
80 9869
29300 16246
17896 6805
5525 16595
15985 28743
20694 8785
1778 19339
27224 5928
17984 11349
1930 22390
5710 2534
16631 23878
12448 10522
26775 13259
3774 14715
28706 9352
26612 27336
7784 556
17455 7813
17742 13581
9234 10884
27361 11141
10267 12177
23867 20582
20072 2705
25360 20270
16241 8036
10123 25002
27936 20185
16631 21240
5609 14005
19646 7774
12513 29969
11028 8540
23049 16234
4126 7038
13035 13041
22810 9486
6976 8506
14229 11176
4843 10002
7146 404
17233 17029
18597 8658
28513 23042
28643 2088
3187 4412
5027 20766
23095 20991
19087 21887
14855 21317
27602 4374
27129 22714
15504 14802
15083 23423
17417 17987
13391 19556
24373 23889
18424 22935
12744 27045
17723 19500
12931 8758
9207 24013
12300 919
20648 4216
12833 16644
14002 14506
16712 6939
9263 25000
13121 4670
2023 24515
7032 1762
552 4245
12520 21450
17923 7197
2995 3162
443 16161
16475 24598
4867 23261
16476 8380
15660 4257
18483 7040
21175 24854
12491 21125
4331 24343
2364 27288
21381 19065
15379 6852
10750 27677
7945 4898
6018 6409
5719 13044
15852 29633
11118 2386
5678 5786
84 28503
6062 28961
25281 4596
719 6967
15130 10257
3763 21267
22698 17662
1791 20507
23142 24837
13962 10647
17244 15291
17002 7838
22022 12132
20248 20110
14607 24894
18053 28359
23831 21215
24103 9899
10680 15034
4492 18264
18010 7876
325 27533
25516 10617
3105 2832
25950 25874
6742 19607
22333 2579
5056 28103
20432 7659
1066 5562
3793 8558
6963 14990
8585 19665
12976 29182
26809 16737
1036 11481
5103 5319
13575 1966
28336 368
17894 11233
966 17235
2276 17779
6200 17674
23932 3600
18781 18768
27456 18907
20424 29490
9362 24818
29164 18019
27209 3269
1558 23
12318 11502
3353 3414
17290 107
1671 7296
13727 16306
14847 9205
1419 9985
21034 16651
19691 29107
22387 23403
16463 4397
22712 2038
15462 1176
29311 12032
25143 24843
1446 6783
3071 13976
19579 28114
28920 20492
26857 639
625 18109
25128 6231
28354 7501
15890 23619
14276 23467
22009 8856
5907 24726
8480 24617
26090 4680
25608 5578
8272 22058
18392 7672
13263 4694
6024 15691
3416 16340
10586 21077
10535 1208
5076 22131
23625 3187
27853 3301
22091 13277
11004 11246
11752 9677
24236 8054
3582 3107
21814 26364
9926 8806
1461 21093
20694 19458
5311 23809
29504 23853
16334 24043
10264 20894
5979 16279
26795 16879
6798 13965
20348 3622
7819 23319
24536 16768
22446 7769
1545 17321
1009 12340
2825 7701
25734 5967
9946 1364
13262 9207
24732 10175
12714 8673
9159 21113
24418 25449
14981 1057
14898 18784
11777 19152
3655 16206
5271 1706
21324 26926
3133 10207
5275 2806
22688 21124
27498 22656
3593 25341
28125 9677
17440 17267
18956 4099
16890 12319
26243 5026
15666 5371
9683 11226
342 19445
21386 1340
15243 17999
9250 5334
3667 28554
3214 8627
8718 29560
22258 20697
13465 5606
11552 28357
7870 14804
4986 7560
9237 27090
2077 22812
29658 13766
28634 13611
21479 16685
15682 5095
19873 4040
1703 23604
20691 16972
4951 1415
23323 9206
919 26273
26370 25123
29448 4845
12890 3692
8198 8623
21202 24681
25627 14578
6582 20698
3698 12699
7532 12625
1777 5051
2393 26103
22803 23853
9298 6757
23065 29297
7958 27061
7334 17909
25350 17051
14944 12988
23623 11019
10942 23289
16811 23154
7209 15673
616 2988
27872 15491
7840 2676
28578 14136
876 26309
7851 14671
11063 25276
26694 21340
24377 25372
8936 27109
8311 22690
20667 2603
17910 16329
1540 6431
25347 11148
19960 17617
4915 8696
29825 2641
17884 9405
9973 8491
22025 18043
2441 4301
9390 1369
29174 1689
23258 14200
2136 25555
8885 13900
18352 20941
6368 12439
19174 17181
14873 9146
13296 27019
13942 21137
15006 3641
3209 25870
19640 18529
11804 8225
29896 574
8103 28278
790 29497
22963 20024
1500 9860
471 9758
6407 10424
2833 19071
24556 21557
4056 20491
3048 4497
24760 26044
13703 11541
6602 28560
1105 8073
773 18224
28347 28174
7197 17272
18125 5014
6381 24185
18943 24355
26816 29713
7872 17588
18616 9343
29148 25586
11902 18550
25269 3176
26931 22041
23515 9157
19046 28797
19080 25776
16225 9931
13114 29210
17100 2905
10643 10146
22959 15948
1283 14395
6193 26805
7233 17825
24585 21854
11600 9317
20106 9482
17722 28267
28612 2727
27806 19604
22351 21055
16323 17639
9908 27969
15133 9634
20884 11189
25954 25762
5485 600
7592 13168
4998 19079
29704 4403
11572 29554
10722 21600
4472 25036
12515 12902
3080 18763
3659 6767
18103 11538
17684 2810
4656 25023
223 21390
2176 4967
681 11734
2700 4558
26096 14481
14206 5102
24651 111
12693 4102
13826 22113
11658 20059
10369 2504
9098 11518
12766 23584
928 13480
4528 20875
3276 26007
7913 167
13707 14487
6335 7735
8618 11320
11422 5999
10024 20435
17338 10343
7429 4526
20712 22033
10553 16743
20419 23473
21227 21056
8703 17697
23714 2436
10182 22333
3821 17400
2099 14636
18359 2012
28608 23387
11844 25135
18938 129
17121 28261
17743 11405
21419 10836
27555 29998
19038 19152
22515 27824
24593 5271
28867 16436
22240 2917
25737 14009
4499 24674
11585 12032
28189 18705
16238 27278
24248 22250
24104 8075
3484 9526
11683 4765
22135 93
13623 23329
19643 2901
19861 23062
20396 2306
25126 27367
13892 1710
14239 25826
6671 12157
8805 17808
24856 6253
4251 10089
3364 29222
8550 27412
22612 11764
16715 20871
14272 10692
12259 21146
3030 6528
19202 18899
28097 25470
299 6035
28017 20109
5252 10962
19126 9998
7528 2575
13374 2832
20188 4859
20048 4261
17331 63
18347 5625
16828 27231
3206 35
26849 1580
29451 11487
13701 15524
13653 13202
26644 11803
2795 282
23657 25295
7591 28654
17640 22908
20652 14785
14833 7565
2507 17638
16278 25298
4424 14537
17117 25666
20002 9124
27948 16098
26661 13705
29851 3958
29421 15476
8273 22493
9860 15425
3545 536
2997 26373
25431 7089
8760 11626
22249 7262
4586 15506
15140 28591
19157 12054
15140 27608
15287 775
28601 16639
2995 19548
18682 4245
16148 1899
7696 21159
8819 4128
28298 2976
21398 6786
1598 13802
8633 13596
26014 6012
23759 25761
29017 555
10944 21161
21614 9734
9735 27764
22791 20216
4762 8402
11272 26625
25863 3544
1754 10844
25779 24902
13736 6138
23645 1401
10292 24707
17478 13054
17772 13715
4876 6062
14010 3145
15218 16797
13194 14557
21882 24548
9287 11236
25316 14069
474 28467
9236 26855
8488 13225
16546 27242
2104 18102
7339 17778
1037 22078
22618 10763
1666 20068
5903 17263
24442 357
5728 20486
8398 25057
13661 10185
20846 15881
4109 15437
642 20037
17056 21251
20654 577
9145 19267
8556 25778
29364 22517
13576 12901
6722 15797
27995 5200
3083 12311
14883 26712
10681 21995
28267 23944
20771 7258
2737 12724
2468 7446
12463 4850
22452 22717
20979 17391
215 2401
10315 22833
20649 2702
22578 8870
18479 2192
20215 4346
26685 10104
23497 827
1332 12615
11629 14424
6412 26581
9629 23790
4356 23183
7768 26277
12189 24265
17243 11375
10962 17103
13658 703
8597 24576
160 6839
17168 23419
8288 23535
12697 7222
18989 924
22573 27431
29401 13569
261 28841
13927 20253
19130 16354
29725 23508
24127 11866
18818 28948
28893 170
9316 24560
7484 7177
20490 24490
9697 1990
25896 20234
17271 19545
8803 14825
28524 21307
27392 14126
15457 10097
12672 2995
27949 11999
10635 28657
28772 13383
12968 3045
27528 1424
10449 15225
20277 3617
15512 17729
15533 28348
23048 11258
21443 5627
24723 21200
11495 10355
7163 425
517 3448
13932 7348
16713 8492
17033 28084
3429 11839
7288 16695
17268 12007
3895 23992
16666 20722
13138 6768
29171 6197
19816 9669
26503 13648
8142 23682
17897 9477
27252 27966
19090 9366
24258 2904
7784 19900
9246 16197
9737 14137
25449 16387
11723 18660
4438 26919
4489 27623
9492 8413
23855 17714
26293 15496
12574 4679
16079 6461
28103 20442
23131 10294
1415 17671
26800 25642
9858 15201
24119 14353
29254 1689
12764 22748
21460 27104
15884 2110
19256 14766
5860 19854
21363 18796
29653 705
28128 19604
15571 18586
25609 10585
13939 26088
8001 5874
22836 2821
405 19334
20413 26657
26900 2135
26854 12276
29249 22417
21209 13704
7776 11578
18453 3704
2846 5694
7824 29909
5181 4314
22037 7916
21443 1192
4759 19624
10495 9161
25633 21956
3953 17262
3333 1441
15635 19884
924 29180
6616 8982
10064 27649
29002 14152
22162 28048
16671 16747
18941 24998
9340 20950
20326 12112
24617 27277
26258 12450
19703 25306
22226 26269
17337 4194
10356 11095
20328 8674
8437 5296
15862 20955
15618 29789
5441 11299
22787 6872
9530 27313
5405 10699
25961 16512
2766 12317
8072 4045
4302 13129
20259 18924
13913 16274
22239 22144
15212 2650
2372 22563
5566 26140
22975 29019
9079 19714
13544 20078
14415 13570
14538 27446
25092 28056
10430 19862
3756 13418
11606 8811
21865 9665
12881 25222
5017 15846
11706 14843
27201 21840
21451 19738
23367 13975
19816 1687
9874 19071
8805 28762
13855 21902
8986 14575
17697 12516
18616 22384
26533 20149
22630 17735
12221 14061
18136 21735
12247 29689
7251 1257
1548 21801
5717 11890
1060 17798
4569 9117
10418 29462
27298 16506
19366 4311
25413 5459
1665 14141
3303 14681
15330 18256
9019 18650
6098 17818
18459 4958
10361 29024
20666 29137
17382 29633
8173 4020
6604 11616
5150 11083
3843 11315
28236 15165
16442 10369
22408 18009
5639 21319
25785 22539
10438 6595
13080 13889
15347 6721
9150 19866
2591 3883
11463 3850
9582 717
24015 26128
20334 4231
22685 11961
7555 1750
8596 19662
11876 24019
22775 29088
1485 18993
26368 25413
29124 9372
11883 7965
256 2357
24363 20512
20150 14059
4993 12985
14971 23408
3283 27394
19301 2095
19177 8927
16578 20253
5629 5566
16764 20634
8006 14385
6436 14018
3021 14942
20045 23889
19411 27116
7327 20724
835 1551
2302 19023
27898 7577
28858 21832
14645 14254
19978 6174
17647 16259
9588 3025
16400 15749
18129 17014
11857 2803
854 16811
21359 27669
24207 22748
21164 9059
14439 2199
1943 27399
19233 1155
19216 23512
6150 7822
18012 5825
13428 12788
1451 4342
14932 14097
25352 21592
23605 11241
1669 9613
12238 984
12603 1756
29238 7215
20104 28987
24807 12934
27798 16261
19276 27864
15688 15084
18031 5326
23738 25201
2672 19388
6186 10713
17977 2570
3729 21744
13926 5183
29635 12229
11160 12027
13032 22293
529 8935
26477 12808
19817 1303
21042 6606
2628 4746
27511 29959
17279 15779
7438 20120
12789 3538
23676 5420
29895 17957
9302 24251
29446 27089
21439 21204
13926 22797
23280 19172
1529 27829
20807 25629
19697 7405
27133 12947
9435 25531
26837 28190
2614 21294
1588 24246
2447 8221
25498 25684
13706 15999
7123 15786
15299 13180
4251 14488
10247 27117
17704 16191
17388 13434
24717 19231
2392 12754
5330 17987
11952 8742
3412 28641
16373 7941
16229 22621
8313 6146
18778 17495
11722 356
3599 26544
25589 28402
26220 3688
14538 17388
28916 1718
17295 28736
23658 15329
11799 19999
24914 16659
18998 1040
18501 2890
8354 16802
21563 22549
12108 16142
25123 19765
25917 13766
22534 6731
29291 28082
25840 12450
26322 24140
14864 25200
27729 27802
9372 27044
26036 12746
2960 24838
19253 12320
7520 9561
17870 27258
958 13001
2380 25732
20917 14286
28207 16222
19032 6911
14546 3782
14499 14151
15971 2512
7671 2782
260 23106
8568 26351
21342 21343
5305 13777
19957 10799
11964 7324
16703 9943
10780 888
26909 5725
19177 17044
14389 23415
17910 8906
13941 5462
20400 5682
19803 22455
24242 12649
24006 4335
7684 13925
17210 20578
27820 28698
11742 11735
402 8334
8610 2082
23909 669
19258 10006
13693 1355
13035 12685
22139 23391
27474 18032
10469 17189
5409 8327
23542 28307
12520 13717
4039 20059
10467 5427
18168 17377
19512 5947
5308 14748
488 25895
24994 24975
22159 8021
11970 24234
22972 748
5664 27331
616 27412
857 23486
13473 20389
11529 21930
2678 11262
15935 2854
4597 12827
17921 7709
2165 3919
3817 4514
21799 5816
14546 5884
18179 17435
26612 28146
25274 10555
8918 1777
19714 5046
16936 28357
24220 12980
16986 19300
13133 2731
8325 15897
13510 28141
25085 10836
27530 9133
4233 11485
23145 26142
8551 26201
22850 13060
18419 20081
22458 134
8572 14344
10241 607
7365 22180
9169 21670
12622 12414
7299 26095
20766 25375
26289 19688
18349 4534
22321 11553
6676 3736
26680 26821
16357 8544
27741 19721
7540 13744
11632 11403
6342 22063
27757 23971
5782 268
17326 11697
12726 9113
1436 3946
546 975
16873 10651
29407 20899
1455 1483
15594 27213
24804 22019
27209 25857
21175 27655
19326 14662
5116 14517
15404 28482
24981 3
5058 2299
24569 10027
10657 640
15885 6054
16942 25135
5611 27784
11074 10004
16894 6031
28026 429
13891 11698
21216 940
7160 25652
4062 7101
20597 19561
6078 24618
3772 1221
21570 27111
8987 7480
17724 23886
19191 99
10372 18918
762 7970
15480 19435
11364 2374
15866 27141
1544 23418
7369 3163
22161 4443
13236 7725
19007 19367
21112 26657
24560 27589
12134 15230
19792 2510
8661 29023
14298 22844
4697 15476
18172 23640
17484 6680
17218 6647
19987 12445
6654 26319
24489 20579
433 14013
10189 4415
11159 10250
5581 19592
704 20196
8661 6027
11570 2713
13957 3412
5005 6009
22298 26813
8403 10282
25794 23477
23687 15953
21561 9989
28577 3379
18661 29137
26471 16374
10637 16337
2849 29950
9492 28014
3365 19369
8267 12342
24339 20528
16535 15224
13236 15835
7792 14345
28284 25710
7163 8847
19826 13643
27591 2399
17509 27027
25890 13811
7500 6914
15066 8831
8936 8084
1177 2331
18111 6599
28906 23313
28143 5004
11758 29739
26898 29670
5859 5209
5532 21908
16911 617
11591 12241
7597 20804
2832 23009
7732 18663
28504 5901
9721 12875
17988 21182
18097 26446
28126 12430
28114 26456
12055 1201
25898 17988
9679 12561
16443 9667
19139 4107
15611 23598
5433 19782
16220 6276
23940 27089
5579 19353
3916 23223
20808 20574
2390 22506
27023 17015
390 10495
17299 13034
27152 1663
24871 9371
22538 15035
9929 10164
14762 27264
29219 24844
83 7126
26936 15363
388 12090
16298 10872
7628 18248
25786 3847
9318 21381
7442 7829
18229 7701
20197 9690
13787 8089
17686 28617
18348 18440
9593 10170
15861 27908
21313 28863
13968 5895
5286 18387
7560 22578
8664 12728
18914 29810
8464 25456
24831 24186
16790 26340
24041 19442
16105 27957
29707 22006
24947 26091
12930 21110
25619 29393
28331 21077
18753 22217
9846 24989
11636 6400
29657 22561
14850 12087
9940 27061
29683 15148
7278 20639
6587 20948
22249 12890
11749 23846
13173 25234
29239 9799
13239 26778
29880 18951
25863 25351
11037 12547
21967 27272
2508 8295
14707 6531
25469 11431
3752 20150
29030 18362
21244 28611
11442 8122
16500 25935
16531 7123
3216 22808
27072 21036
13986 25749
18912 6261
14304 10521
6864 10893
19434 23240
7711 28206
24377 1397
1875 6768
24124 5604
9077 15439
3081 3455
22299 14848
13996 14098
21426 25478
6520 7634
8235 27208
20395 15317
25930 10682
10863 8225
13480 27860
26334 7062
1149 22632
16680 10995
8971 29241
5372 5502
12326 11516
29820 23990
7947 3811
24109 6218
19287 14153
16535 10790
21665 18775
20134 21334
17306 15547
16426 6468
2647 9906
21721 18229
8221 10204
17433 1342
2917 14415
17497 13261
6888 23596
7813 2260
24837 20062
10941 11781
20731 9187
29396 10611
10689 18370
12989 21290
5340 8967
17942 1773
2721 14354
434 14533
23185 16495
26704 17843
21889 6033
3631 23314
4277 24347
23732 18026
19983 25350
23054 29619
25126 2243
24494 5445
37 26762
10452 21803
3138 23582
9429 22313
6140 10945
19094 22629
287 28544
20331 24871
22650 10548
29579 28629
21505 13685
23603 27824
20185 1345
29418 5573
20583 5042
16440 28804
1751 5056
13308 19941
20434 24946
8614 14177
9000 20462
1411 9346
19369 27772
21279 20167
7393 12167
25774 22638
22255 9755
21020 16469
2099 5657
3400 11909
7555 26033
23499 27498
1120 197
1959 999
23856 14505
26692 19254
26525 2473
19509 403
15536 3892
23122 21050
4463 18728
14567 15501
27355 18391
13009 18720
26339 22003
28765 28526
3568 10289
15615 10670
12946 22567
21227 331
11730 18010
27715 18693
26444 3485
6348 3468
21177 23883
26644 24076
28236 266
8841 6203
23165 29723
19773 20281
13661 25571
15821 3034
5557 11517
11337 24841
11882 8738
25697 4925
20144 29862
2039 18650
17439 19909
21812 1451
5985 9870
26040 11081
9380 14387
5183 21290
23907 9615
14108 19857
16345 5716
27064 11290
15129 2205
7746 24603
22792 7345
17650 28640
21052 11068
28271 3248
20295 19027
10714 15214
3252 25768
22825 9939
11930 3507
18233 3911
26389 27556
19982 264
20827 6653
4177 98
27061 21176
23198 22521
2454 25119
19408 25466
4675 14543
11110 25829
16915 2311
3486 11230
29544 17011
17909 24040
27843 19769
10411 28943
10270 12099
18995 29860
6726 6276
14454 11089
3265 8871
13987 27723
27524 25125
1074 5719
25227 5170
14911 21257
11244 7018
12917 26467
4942 4390
23235 25531
14495 9155
29879 8712
15761 27582
2374 2428
18107 13839
25321 26349
25863 2462
27987 18464
21320 5266
8057 15893
10454 8837
27196 14053
14637 15361
2809 8806
18284 1883
9599 25917
13444 26192
24305 685
27449 5247
25552 21438
28765 21091
12192 5843
19126 10513
13121 22528
26032 2842
18968 17279
4359 3811
10855 2089
4291 6195
28969 4610
27499 29812
28071 3725
9397 8065
25198 7045
1986 27320
14735 3814
2687 18450
23900 29891
17771 12592
18802 13572
19071 19163
7178 23377
2563 9197
4282 27834
15410 10819
15652 24932
28713 15144
23697 8777
13317 23607
2629 10525
6934 29233
10039 26881
20428 22082
6434 3974
27651 16995
23818 23638
26229 11953
11411 27813
7264 22733
3762 25768
11486 28021
27458 19952
14413 14267
22900 4585
11050 14436
12429 29686
20344 16869
29318 3112
5638 3478
7479 25840
6631 1902
10487 16232
24281 27190
29993 16995
11379 1402
8471 4577
29596 21121
6699 10698
20872 17148
2482 2075
27203 12398
9394 31
2542 28597
8457 3921
26551 6342
11958 10165
15101 14335
985 1689
25750 26756
25507 28164
5539 719
14064 11081
20536 15766
3979 8518
24338 18858
24126 26446
29826 9667
5611 8007
16172 26063
11037 29929
7084 13092
3852 23855
20280 9418
12084 2306
12706 5820
15250 2781
15528 9336
21085 21263
16863 7149
3340 11154
21234 7509
22086 23569
16295 15119
23844 27732
24579 18225
8727 17973
2680 11421
2125 1287
12872 5691
20600 2507
24620 24552
9930 12657
6010 26776
25100 13867
4471 12876
25006 6178
27482 28755
19886 22676
15632 27618
5935 25913
26627 22387
6302 19355
15958 17531
5736 1191
9722 12168
7645 25096
13640 23452
17308 5080
8717 220
19025 26308
2785 18171
26052 4275
17068 21192
12496 5559
25886 8776
16124 17623
25186 11368
19905 12040
15606 19672
27149 15079
21395 5023
29510 745
10388 223
29658 25233
16393 4120
16916 10822
28958 5001
2697 28601
25013 9519
882 4118
29931 1836
16842 11292
23061 23612
15329 21995
8315 5783
16822 3451
10460 2661
6093 15997
20301 4784
22844 29402
25132 1550
20073 10247
25995 21303
20232 15880
22245 3093
15872 10928
6796 20796
24266 13399
28955 1843
26494 17737
23345 908
5207 5474
17951 8828
26459 28043
21229 27285
15948 14394
21118 12332
2400 28645
1283 22833
8894 10451
27157 4586
25225 3788
2638 3978
21331 22919
10956 16912
6086 17522
4829 8576
14098 19319
5254 3152
4933 19827
17569 22229
29050 24010
1754 9563
5566 27235
5854 2843
2077 23822
19297 15649
28272 21736
10256 22042
1217 21340
18853 24573
15048 15880
7756 8071
20936 6475
16509 10201
25709 16427
29157 9277
4326 14848
24167 2017
2605 19815
14589 20629
3772 19541
17304 22422
16360 13385
12150 19760
29888 19673
6234 24192
237 9683
13497 27621
13882 17615
4634 11679
11851 16907
17665 23273
21815 29748
4054 12791
6478 5961
5161 21380
9427 9899
8188 2225
11921 14589
5134 14968
957 18583
4912 18942
19190 13062
23412 10899
213 9592
4519 27129
2213 12322
21711 28110
12053 13833
12332 23441
20515 12259
5727 24915
9276 3444
8880 19336
18391 19012
15469 28946
24875 15313
9181 16326
4022 17909
16969 24310
7337 3164
11737 25529
94 16507
2316 11125
21081 16504
1413 7316
27296 7561
2107 14935
17303 12491
26153 15648
26509 7739
18781 22735
19274 23611
29341 325
10503 28496
26005 17512
20534 24795
13579 2877
6436 15563
13254 19309
9208 9189
14382 24034
13788 18459
21401 24553
12129 13931
421 19592
10278 22026
9225 26256
19345 11431
5381 14782
29103 18635
6983 9502
4794 3780
6231 18173
23040 10055
22904 3860
16030 6425
17937 10650
2539 26368
17187 26700
20141 4272
16185 22314
12078 29700
18296 6881
5265 978
13481 15726
17658 8928
22492 12570
21019 9794
14160 22253
793 467
13967 18857
18189 22374
10131 2222
25675 2873
1045 8122
705 28106
10955 4788
12432 16687
14689 26810
13759 16799
28615 1587
12657 23626
14663 27533
12037 11250
15824 24521
11114 15676
25269 7293
2949 21051
1607 9977
28981 9065
1279 1562
27633 28053
8671 24875
11320 25892
25264 20845
18270 9086
9137 968
15942 12537
8265 4191
8281 8417
18139 8616
9120 28129
16204 23645
18640 6273
6792 11887
8731 26796
6691 8058
27667 5503
23493 15139
7322 23984
5755 20922
17708 23511
23277 1961
29235 12518
25280 26572
12390 6053
25253 3928
5320 17046
26063 19815
15072 2602
10891 19270
15882 21117
21026 18772
12083 11208
13750 17423
29912 9636
27525 25889
467 343
14533 17067
19308 7150
25026 21953
22262 1364
22398 8422
5590 5568
12015 25791
22978 26681
348 15077
18750 4234
13521 14660
2462 17667
7091 2960
19360 28096
9566 26436
6559 13917
1268 13110
5879 3447
10853 20539
7522 3691
16317 4295
19682 9283
22081 11901
717 17307
8965 22912
10670 21032
28730 28992
25304 23235
16509 23884
14411 10579
27392 25293
12640 17426
13473 17032
10719 7767
28760 24021
12512 19565
26499 9584
2175 3730
5165 9928
2066 9058
3983 22604
27895 5054
2203 8204
20398 11917
17637 26626
14638 22156
24011 12315
9252 1300
20054 21259
13280 19284
2093 29487
27788 23998
21552 15297
25623 23304
27839 29643
25929 29129
18187 14905
25703 24547
12320 8782
558 11379
1723 18527
3434 10455
24469 26280
22862 13672
19495 2778
27113 4771
14044 3669
11411 27299
23934 26070
18393 24547
26905 4133
15044 26673
3085 18787
1633 5001
125 29937
24380 28128
11683 6823
16742 29318
18995 24383
1581 23579
19365 11950
26568 15362
26039 5262
18129 23413
14386 11941
2349 17606
16545 15859
12120 17536
27652 26895
8565 20533
27563 11050
5798 16073
22795 5348
13559 28639
29572 20640
3218 19161
4366 19437
1003 20200
2948 21964
2882 8242
21898 27963
15510 25035
17202 26998
1747 10498
25326 25628
25277 18703
27159 23446
20506 6786
23400 11899
26241 18541
4271 22202
12785 19900
4192 4362
24344 9750
21821 1407
14927 23847
18743 7927
15225 20659
24068 27625
5941 25024
18186 18071
25037 1801
18090 19952
28659 9903
6923 26953
17637 9234
21476 456
9286 15706
18904 23870
9445 28076
16918 15731
21103 5167
19999 7257
3698 29698
15119 21672
13638 22674
24450 1645
29245 24934
6060 14976
8411 5306
12219 19968
21409 5947
2501 19671
10396 20516
3992 4510
11908 21617
20594 24274
10718 13524
14037 14528
9048 19353
5718 5900
26319 11543
26051 4865
27791 17910
13167 25342
9648 26338
19938 13767
11178 10110
7084 11967
27427 8839
11578 10009
1778 14885
246 29473
21068 12705
21463 3301
17622 26847
1970 12922
14279 10052
10405 8610
24816 25615
26 8951
2919 1696
13745 15679
20978 212
9401 6272
5945 22901
3713 23404
17415 5054
26360 16849
10928 11337
28280 13205
22888 4789
27116 8092
27822 19975
11641 23710
22256 5659
15519 24539
19825 25894
7801 18630
5228 16800
12078 13831
21776 5465
23802 9514
13243 25112
8159 8201
24929 17125
27610 7306
20074 21303
20993 325
14149 26648
15300 1894
20407 15548
20759 7143
22829 2458
22748 1516
23365 11424
8852 14695
10066 26334
4407 1328
15450 11704
15909 4047
13322 13646
9109 2786
9172 4980
11383 19896
2701 21198
13788 10405
16384 16569
25802 25347
12242 21900
11689 27155
8021 9347
7257 7205
22576 22996
298 5364
8582 7214
12987 28673
6999 28869
11081 11433
5315 4265
15583 21438
14876 1343
9462 25855
13019 22206
12007 11117
17228 4322
10542 20575
14816 3591
10170 11642
28942 962
15915 14627
29093 18843
26603 16478
2387 11774
27383 9313
17299 11164
16762 24230
3929 17163
20948 23419
23442 27166
13770 949
2300 11580
9649 22585
24768 20564
22301 8768
21527 7724
16853 11946
14179 19047
19674 28609
19995 144
13269 21349
28825 27648
25670 27054
22662 15945
15460 16524
20809 27192
19903 8790
20163 5022
3693 15833
10314 9625
13683 19042
17632 7574
790 5436
9731 3923
3227 13967
16830 13187
19499 22653
4965 22680
28035 11031
11419 12324
11684 18065
21414 26597
15237 25030
20351 9793
13528 6930
3727 22337
2622 15395
17712 1381
1604 6440
15074 11294
344 24219
27894 23145
7467 2443
20325 2523
19010 3945
3530 19249
15758 27609
21090 17496
8162 3921
10814 16481
21795 11148
14867 24064
6009 25822
4091 29003
18854 6274
29793 22749
10504 26965
4835 22712
12555 24972
5919 3932
4170 8417
10275 3930
23586 12189
19926 12198
18007 7313
12202 13325
23265 29375
19644 29687
1625 12504
29962 4840
27129 18662
201 22985
22699 16772
22077 28737
9439 8985
1758 5077
10282 17629
8299 17261
4639 9068
13681 13413
21571 20266
26568 4775
22595 29235
18802 2558
5298 9603
12989 12054
17060 23142
4074 10417
3547 29485
29573 17686
4137 22951
16357 16239
14165 8348
25331 9756
27040 2394
12605 2551
12901 4571
12651 11830
20732 4552
12572 21016
21888 11559
24327 6927
17927 6600
29565 25860
21842 28361
21790 13302
3753 2461
678 13202
19423 8447
20060 11223
27799 3454
29221 20482
22482 5766
11921 28342
8936 6124
19703 18517
4740 22560
15393 12925
20204 29706
15967 6391
3627 7054
8856 6951
29363 13171
17744 25752
16723 4508
22508 7139
22530 4580
9025 26650
26293 4402
19150 12390
21689 8665
3165 25068
29457 23479
20008 14864
3347 24697
4713 3895
17373 14799
12213 18256
3270 10363
5786 10071
4207 28376
17982 7523
10430 29471
9292 23585
16312 16074
12935 5871
13913 13911
23761 449
10915 7783
25006 13637
3935 16684
6424 28897
21489 11312
9390 695
15255 8123
1524 28841
26343 24485
27978 25494
8744 505
29929 7670
29931 2268
24505 2868
17175 12069
11917 20193
16188 17367
29284 13060
5997 111
18774 15450
11357 19995
3631 5984
6978 9237
26988 20773
25015 3551
27917 29177
10529 19701
12488 6625
28884 399
23128 29909
15332 5621
11288 28101
4658 25737
16196 5108
9543 5377
13023 14741
20382 17363
3178 20517
13144 3644
23481 14432
17140 25456
18491 22729
28371 1297
24038 27628
23700 9701
19894 28847
20345 21796
11421 26807
2161 7966
5819 5989
25037 17861
29568 4416
4806 24105
17353 25060
15321 28897
13158 20001
2932 11526
5372 20541
19241 1903
11734 28794
7579 4948
20525 5420
305 23304
7744 19094
4342 12906
19170 6144
728 16113
16489 22134
17955 28675
22221 14336
24799 4828
359 10154
15174 29423
28528 19427
160 5777
15532 9079
18299 12932
13454 13608
29502 9451
2571 15624
7170 19076
17315 7991
971 27742
22766 13651
14673 13626
19158 4935
28282 27579
28170 2378
7159 5758
1008 16000
14773 6719
16692 5938
8491 14736
29188 15685
18129 10716
20322 11578
12363 24309
15416 13065
6320 12193
11704 7075
13008 18675
7187 8963
8811 13875
1258 14510
10480 21992
29224 29721
13140 19607
12662 28487
1945 16173
28988 17526
27426 10792
17755 503
14111 4534
21903 10989
20719 6358
21884 1992
15696 24187
26818 12096
14890 21373
2900 1424
21437 19249
11594 23002
11785 29005
24852 6057
23252 15902
3760 2271
28186 18569
9477 17118
4841 5025
20888 20085
3782 29196
11675 27568
5148 24141
7830 4235
22184 10935
4000 19701
2383 7271
1856 15728
10306 3263
6129 10031
7355 16071
6944 29480
1100 5218
2630 7779
7811 15108
24793 20551
16304 9381
25001 29866
9858 13527
28910 9424
8604 17008
973 24520
7386 9542
2629 17872
21148 9335
3604 29115
26724 25769
4652 23581
1654 3247
13361 29151
8861 28126
22855 294
9675 18022
27125 20835
2722 19853
16565 3542
26070 8941
8505 29330
19225 3384
26325 1514
1828 20536
25294 4669
26336 20045
16614 18924
22166 28931
3429 6120
681 20377
29490 5508
23611 9646
20255 10114
23587 21310
24829 10910
25090 15541
24577 8835
20659 26469
23150 1712
29580 25486
11176 15455
26190 18060
4014 17522
18226 12837
11632 10051
22035 25430
15478 16875
6283 11724
15411 19682
18226 4083
27865 181
17815 5493
26633 23594
4787 24171
21860 1246
24626 28169
14389 22772
3629 6997
11645 12308
15454 1003
29646 16063
19513 10196
24169 20745
4225 6106
18510 12486
19525 5259
12243 6167
13475 67
3105 6657
13184 21470
3168 6331
4269 19253
1615 5216
22153 8850
21539 4118
23465 9972
7227 2165
14014 16175
10832 2871
9655 28049
19854 10594
4095 25251
24483 6693
5476 8131
16958 27903
16950 10192
24378 25247
8640 16038
27672 25717
14608 29165
2516 8785
12200 17914
7874 22633
24239 18401
26292 28001
9786 20032
24968 13304
12382 24391
1051 8057
25141 27685
14962 19659
7708 19333
12452 25809
14192 10310
17479 17698
19977 1312
27420 22177
682 3078
24049 14321
20661 24584
2996 3041
5158 1718
18811 21128
7355 29139
21301 16629
11982 21175
19030 7465
4824 7186
29064 18041
28701 29366
21451 4994
10111 6840
28038 126
2048 27538
28379 18032
8228 4181
5872 23635
17007 12349
17560 17183
29014 28791
27867 8897
10128 28981
11488 9485
16991 4090
25597 5053
11880 8393
3425 7443
25242 6053
21019 6190
6955 744
20891 9666
25503 13103
400 22096
9597 4831
15831 3446
4354 18623
510 25636
8948 2074
22432 27258
2725 6383
27955 28926
9647 28101
5084 16103
5186 12294
21923 4258
27987 8749
224 2671
12811 2731
12274 17351
2909 19764
19054 16760
15352 15833
13713 17135
14716 2645
18676 9118
8061 8074
8160 23373
4238 21277
14078 475
3594 5612
24093 9858
8440 13959
3183 3286
14486 5728
4492 28694
10459 22712
7907 29842
545 23769
3039 28272
23945 15506
21219 19095
22405 29964
5627 193
8637 9992
19122 25757
15030 21975
24483 2422
5353 5957
23596 26298
26243 11301
19517 16558
12091 28403
14037 6921
3529 13381
18260 23115
16340 28354
27999 13336
4160 9506
29249 13105
12937 21727
8326 568
18969 10882
26695 22644
19982 4379
2175 23085
2591 26662
19922 2345
29506 13682
19130 10012
11958 10136
3007 948
27768 28011
20349 11983
8353 24614
7226 12739
26731 20242
10468 24407
3275 9031
7277 24288
19965 4458
27720 24668
11513 13778
5330 2226
1399 16618
6409 11400
12308 26094
27015 21354
12908 4155
14433 5523
9937 29078
4548 3892
2300 10533
25882 165
28228 19326
14749 23845
3778 28330
14973 28672
22396 8520
28519 3435
26548 12239
16910 746
8467 3223
19410 5001
16552 29654
4085 28093
28840 13046
6027 19570
18175 14388
21616 28285
23782 22935
27617 15368
21139 9754
15987 23119
16435 16616
29136 5980
3151 17213
8538 21019
23303 13438
15112 11486
26382 7824
22603 5291
13575 21724
6434 16471
24345 15648
14368 12442
10669 951
2780 3235
22379 499
8210 26150
6428 23732
6594 29579
12471 10818
23298 2182
7525 9905
852 11392
29230 3264
1153 9114
24671 5392
12077 13636
5441 19195
1633 16982
22963 1555
6690 2637
1617 12201
3582 25739
13001 5462
25133 2446
29323 29464
5659 26304
1188 19967
20505 8211
4517 13091
18397 18146
29413 2842
16545 26007
20620 8356
328 14725
7837 19652
11331 21724
6472 7953
3647 8356
1386 9698
3031 16360
26511 15681
25408 13330
5886 26087
17958 26477
21185 29208
10509 4500
6118 11837
12029 25482
764 21700
4682 24722
25530 28946
8311 22282
5991 15560
15702 6006
28600 12458
17638 3604
15913 168
17239 10204
12112 21799
19126 21491
7582 28790
5171 28756
27658 4696
10404 10416
27484 19450
14433 5322
8316 4733
2125 15263
16680 29624
11908 8365
26032 27696
25885 1998
26105 20824
24260 28929
23779 19061
20805 19424
23405 682
29150 10269
15310 18296
24144 16804
29509 15642
29148 5193
8353 23009
21776 19529
26473 20385
19451 24302
19579 23590
1556 16957
25969 3974
12662 21581
23570 5904
29741 20030
4312 12359
27740 394
19649 3755
4636 9359
14517 4498
16822 13803
6615 7546
23979 2537
25183 7391
21738 28292
417 17164
6196 2374
14689 6389
26139 12919
5496 24428
7528 26763
21345 5986
15968 24731
13633 4414
3263 18691
19802 26030
2598 27503
20496 18197
22175 14400
6524 18166
15838 13026
13691 21331
17829 381
6686 15384
21839 1116
29372 21787
23824 16339
27606 24876
16099 26830
13380 22449
20371 25037
16933 11394
1869 20192
8718 18570
26172 28089
28727 6901
17356 9007
15657 14939
22577 11989
23647 15799
26456 19166
27120 23523
6234 7981
10147 25395
22392 20515
15565 6750
24794 22861
12945 2700
9171 20695
21440 9084
14366 2665
3448 17238
22821 19229
29077 609
2959 21872
14256 1253
18200 29690
15583 3199
28255 2612
15796 28066
21104 17548
16984 5120
5873 2283
2422 794
22903 12636
5705 12305
27784 4665
3212 10526
19223 17781
444 180
15654 28599
7958 9499
24452 16860
6447 15919
2555 1288
6658 29409
6696 7990
16711 7519
21877 13499
14540 3152
597 6729
1830 24635
26570 22600
12613 6085
13283 15355
28169 4311
7563 12232
316 7778
11337 22767
9435 25377
7595 19526
11469 2242
1794 25320
2652 27693
28052 8905
7253 20748
6311 25751
14925 2417
732 17501
3538 21629
21104 27257
18519 25100
7716 27549
18323 25796
11129 28606
11828 7740
8150 15647
10886 17814
21405 11694
26808 6861
27083 20238
24592 7898
2645 9741
28564 24062
3507 29734
12810 4793
20699 23483
4554 10333
16612 26777
1371 13416
3502 325
13327 5342
23981 29232
17922 26855
29191 27831
26821 5341
11561 28703
12656 7139
6479 16914
2507 9768
2658 27038
8401 29293
12909 4561
17827 18677
9622 4092
28993 11948
3085 11545
29932 4487
944 27356
16665 2261
9417 7603
9217 13770
12275 10855
22414 3841
27264 6771
5421 7930
25358 27847
26171 23673
12767 15998
25970 3791
6949 13239
3890 12199
4130 19989
8941 18618
1321 17133
6270 18571
12525 26863
16824 29386
25305 16253
20064 12064
28337 23718
20306 19676
19694 3079
11643 24324
11735 6900
3828 2653
26542 20971
24189 9293
15200 17923
20095 5212
843 7239
13679 16729
13179 19657
1846 15622
12658 14100
3412 9442
27911 17351
20616 25797
17306 16274
20379 13843
21580 28500
450 9510
29189 1024
23241 25930
7422 3952
16380 29135
29335 17072
27539 27616
17454 23203
23992 15921
27704 12619
18875 23858
3164 17689
14035 7202
5034 16805
29152 7815
10007 27609
23382 12019
25472 15468
27055 27339
8071 18762
5005 6502
18911 10954
2056 3948
17908 11392
22014 27272
15778 16908
1397 14342
8464 17008
24626 101
25899 19344
7731 614
23898 21487
677 20795
20218 8419
26725 11778
27116 3357
10258 2915
16622 29402
9752 10229
6194 4811
21704 20835
8275 24632
12832 5933
24285 9923
27043 18673
14791 8567
21709 3246
19809 15140
22916 29583
819 18371
21308 5093
23260 2916
9102 19113
21087 19822
8950 27089
7838 9162
4000 9016
1011 12488
1846 9519
13283 21109
13689 16682
23331 193
22635 19889
11633 16722
1691 4497
9665 28920
4214 20242
3631 22115
14534 6856
26691 9227
9471 8713
29707 22425
15934 13513
17057 17550
6231 2001
10390 17450
24491 20601
24823 4076
20620 10753
12721 4400
20228 9535
23582 29957
14286 5710
26861 19437
25120 3171
22981 29463
5458 16314
13368 7663
14516 16603
4090 11431
7098 14488
29995 16869
24344 8112
8755 11519
17480 223
23273 17096
5343 9247
27705 15124
14823 1879
1263 21493
23632 19212
17265 27595
3927 20290
16934 4231
8280 8596
6678 13491
3355 8280
20205 624
7488 11486
29029 10372
2779 27096
9367 8463
5753 21667
10566 268
23630 18693
21242 11714
16481 29369
20862 16161
27362 4707
23868 28350
28301 12243
2175 16754
13548 3671
471 19861
13789 1349
21183 24120
26130 9099
22806 21164
5540 8453
20093 25386
13370 27894
28319 1852
29610 24203
13057 27062
25573 1742
11582 25799
2202 12520
8687 20119
16830 7250
8072 610
20344 4796
8718 25008
25749 25556
13647 27361
4566 9831
25002 39
6627 6018
2770 6393
13346 10029
24590 8318
1008 6200
18802 28381
23491 8065
15045 21747
11534 13052
29371 19621
5801 7311
1069 23723
3324 12224
26308 13629
5407 14221
22798 19543
18155 21485
29805 24013
28176 9478
12437 17311
25407 8850
3427 12479
25709 15413
25749 22620
16746 1069
18981 16541
27344 15210
23578 17032
22737 23390
15823 21458
8011 26081
6727 23635
20508 9808
22370 5999
19174 3145
23786 9891
7062 5201
18665 10305
3953 3378
10045 23032
18801 1664
18797 28450
11499 27175
28781 29583
24274 7783
21534 17896
14040 29461
21611 22446
26829 25792
8084 18250
15841 18068
27640 8097
22668 17429
21721 27302
14395 15362
18047 9822
11578 23466
6922 7332
20807 3815
7217 17668
29128 4737
1235 26864
20374 17890
18593 29547
19844 15361
22023 2873
7363 14122
13984 1035
8641 2491
20877 21283
1773 12273
1521 25146
10416 10324
157 26657
23144 14341
21639 8849
14349 3594
27818 18406
15782 22365
17950 7997
5470 9431
6736 23582
26695 17535
13693 19169
3939 3715
19969 26438
18021 22539
7904 25438
5686 26100
26305 24124
15961 15825
26200 1077
22226 5810
7950 23072
24397 21828
15653 22318
25463 8424
16332 12136
115 15793
180 29245
20311 19793
12757 15891
11343 21967
7295 25049
2028 14002
13184 28696
14821 29852
24232 29527
20910 24789
10992 12624
23475 26460
19809 18475
2512 10908
21495 6452
10146 16493
29568 17258
6666 10365
2600 21937
21457 5524
845 20196
22262 25708
27606 10147
27496 10209
26039 17501
21153 23093
6718 12765
9462 17609
9178 29093
7231 2868
28483 12079
18185 16835
2916 20696
5389 9908
24371 22572
27650 21
16374 21596
26782 15411
17738 27810
19136 12593
19357 29560
16177 22146
15508 5335
26283 12933
8955 24116
4656 7480
17334 3408
9361 10007
24951 23110
22774 8556
5043 10433
29126 11192
8086 11726
19927 14714
12295 21729
16338 2318
15302 17067
11231 3467
23565 1979
26895 486
28934 18300
24716 28895
25190 696
29916 28551
3451 12086
23759 27773
9692 19074
3642 23307
15688 14891
6116 14965
22959 21143
20566 20580
11612 28758
28794 10635
19197 14682
8659 11573
373 24057
29743 14965
8073 3561
8460 25340
20417 6018
14178 27248
1824 234
2667 15379
12755 20299
541 2227
25792 25867
5320 911
7765 16875
14046 17806
23499 3614
8204 14134
599 5681
22528 17399
15404 27129
169 11935
16478 5089
28774 21906
21748 21196
14695 6237
9732 5809
22070 28397
13391 6507
22610 3381
23902 7927
16433 26504
24548 27861
6353 29594
2979 27339
1646 19703
4127 18180
19469 4710
17244 5902
28020 7458
15345 11009
19458 11094
17619 20127
11452 5810
21391 16083
14221 10434
26270 21312
1877 18428
28692 28143
22601 7623
26744 12440
2497 24648
23034 1656
6271 20119
23503 22233
765 16284
3549 23910
18340 13753
28372 27328
17935 24714
16649 17710
20600 22732
6685 19535
26349 22237
5820 4114
6000 14832
23766 25471
22176 6802
17109 28992
17923 14868
3510 9452
29734 23000
1877 11121
5328 24602
6148 23962
24373 12825
7196 9
11414 23503
1209 1574
14889 27649
19070 8632
4134 11802
14996 25001
29646 29011
28462 11290
29073 25384
744 3134
7133 9370
14995 8314
25561 1138
4458 10228
20980 3456
24866 28793
9431 16639
23513 4379
10978 7517
29354 15130
872 18509
17395 20338
10212 20379
10222 3728
27903 25751
18270 13946
3901 9981
25380 27408
18281 28912
28488 23837
12304 6032
4122 19681
5717 15134
19287 7628
25860 27547
9443 22482
27640 9439
25246 28740
3245 24611
29554 19147
2273 7069
580 13835
17085 26493
13807 14791
26219 3498
11774 26907
24860 9360
17496 22393
5092 28782
27097 25841
27129 900
29177 3727
5185 24955
5989 3614
183 21770
26135 18129
29948 9138
18526 6694
21820 15444
19421 27454
24055 5781
21965 5324
7105 5908
10614 1202
11146 21528
13153 22825
5221 15789
11376 25318
5198 12459
1684 13241
23607 2417
28198 21447
2888 7333
17128 20139
25126 19353
2884 6119
26805 11346
13424 20968
2038 3246
9033 1151
12442 20288
8635 1924
10243 3725
26373 11063
16028 8066
7464 13583
22602 28382
24316 5357
17212 18434
9388 27522
26718 10080
16832 14782
23427 23217
2854 1881
10666 26168
4575 19552
18559 3130
23685 26139
23845 9714
1520 25723
12106 28393
29434 22387
1328 11385
28645 3570
23736 1743
20879 10342
6340 20602
27262 28006
8414 18138
29335 19064
13613 7898
25386 19217
21581 89
16297 21720
13421 23947
22205 13433
1195 5551
13102 20443
26889 597
10919 29496
23225 20455
23607 9885
20572 27919
4257 28105
1101 15134
14099 25875
22689 16384
29155 3266
6307 27964
23325 14230
9367 22565
21687 4510
4720 27923
10180 28216
17326 20385
21302 1402
23425 1951
12759 26276
15434 14058
8141 26611
7873 9727
7296 20749
19933 9513
22106 18101
11044 6908
14913 16630
7685 24273
16616 11783
19057 15892
9535 14534
23416 17700
6463 27962
287 23466
9944 29851
2268 3746
6974 23453
13178 28419
26515 2832
16326 25214
4305 18312
7706 4536
6270 11179
22831 6373
7706 10970
17321 14026
6266 7229
24155 28478
26435 11523
7491 18466
8406 21375
10543 21136
17200 1095
12266 10171
8964 2238
6428 21903
9332 24763
8829 13683
28978 19020
4273 14885
22643 24509
28891 5602
6397 22952
2284 23754
23973 20222
1976 15546
11893 14344
25163 2193
4547 17636
27863 21429
26081 25099
10867 9518
17383 10916
23127 21673
25652 28168
18301 18555
29529 6389
23259 26217
14845 16153
27576 4598
9055 23312
3227 19051
23531 12234
2422 2760
11086 26443
19108 8979
814 27218
14528 2860
9833 24468
24110 15193
2406 14498
19320 25232
12505 11803
25108 3352
9129 9517
4812 22543
6256 15168
21078 12236
29532 9098
468 20634
28316 9590
7387 11667
27780 26943
14801 22123
9825 10826
19706 12313
14888 28182
13731 13301
14545 11861
28038 26559
15185 28523
6173 17654
1445 14630
3050 16377
18489 20967
14818 8923
25967 18553
22970 2395
23420 26082
6659 27586
28164 7865
11834 9893
22937 19312
25016 27884
26789 8430
24577 10726
26161 23793
5267 16854
13905 22355
690 20986
13001 25351
12894 26209
7757 19259
24042 27844
25701 535
8715 12036
2174 14669
13239 587
23483 13280
10804 27344
9407 18918
21672 22401
6128 8969
1839 25200
25908 18159
22473 2443
12129 10806
24127 25134
20323 8065
20204 3410
11003 3986
29012 23073
14400 27738
26806 14503
18122 7436
26945 575
26053 21601
29228 22894
13605 99
2069 27083
14965 25911
18690 16265
7004 24977
2796 19904
8057 11693
29324 24084
10067 7435
24031 24080
4943 11844
19975 26441
10930 12994
28027 8676
25677 166
7079 29214
3786 12100
15626 16391
25063 1261
22269 19656
28906 19472
5393 10459
16076 18489
22517 27725
5322 1210
27904 12648
652 10810
6480 3550
20583 8504
23456 8244
29573 16885
4193 27096
25947 88
21712 22347
27126 13837
17986 12050
18864 10376
6138 6360
7556 6453
5184 16061
4872 8868
15029 18618
14135 4619
23726 10371
23039 17413
28232 5258
1423 1697
1437 10444
13825 12797
12116 19674
19757 14097
20678 13228
70 13072
11065 18835
20899 10090
4024 16198
16422 29200
3424 10023
4997 5545
14521 79
25749 28256
2263 9795
17169 28396
16859 24165
2292 9891
18517 11409
28556 28979
8060 23961
22335 237
5088 6473
10735 19284
8671 29765
2700 14250
19767 23736
12577 3249
11888 21935
3097 8782
17978 18583
28061 23210
2752 20524
3876 22826
3414 13265
27905 12583
7655 27126
23345 11298
10376 8445
20729 18184
3067 11169
7980 19313
18357 28087
8800 3413
21101 18284
1209 28230
1811 19926
2177 17271
12628 4065
23666 28131
2106 18935
14997 17323
27109 17858
28528 26512
9959 12868
27168 18302
3329 23599
2317 5192
14382 20212
720 307
13015 11075
26809 12557
13365 11054
4450 10268
19031 10906
21178 6046
18023 6848
14926 395
1770 22709
17693 13050
3919 416
25252 22290
18551 28508
7465 13147
26221 14382
5877 21600
18707 9589
12182 3530
18403 25676
21126 25555
2251 12884
29875 10445
15948 14710
16451 15257
20496 9398
3440 10534
24104 3146
23668 6863
29974 12004
24773 4923
4482 22290
16167 26897
29780 4450
25775 5220
20066 24767
10167 23228
23635 809
25259 3058
18915 3426
2164 13451
28073 16229
18734 26360
11513 520
4976 888
15023 7241
19708 12494
9293 5261
10524 9826
15989 24998
8314 4181
9272 12721
26846 3306
2611 29083
11267 20974
2660 785
1614 29725
18631 15275
21942 799
29332 8018
28223 21041
8113 1128
20113 22657
822 28832
16292 13570
28458 20360
5848 22123
9995 16101
24087 20482
1058 7540
28646 17885
1262 4199
21782 25556
2565 18403
17488 9543
12706 15359
903 10347
7862 17305
12442 11829
29770 16091
28799 511
4040 586
14535 6275
9293 8706
11859 1056
9694 16554
18048 12915
2720 7970
9401 27805
2914 4161
24042 18579
5219 6104
29253 7259
23361 16650
28957 16211
28229 25850
19224 22005
26661 3143
16084 8628
15782 8525
7022 25874
732 12542
17656 28805
25578 26897
29232 22880
5612 9204
23570 29677
28404 6310
21780 15006
1139 4627
3844 24779
17525 14582
28202 1212
16690 27056
22292 16695
25187 29213
10615 9161
7193 6640
21417 10659
11509 3272
15113 10840
15140 11957
25729 17692
27344 23367
3518 25812
7270 21401
11144 23724
25197 27776
15321 5312
5814 11138
26840 6886
8592 1049
27805 24277
4549 8999
16488 11842
28464 26385
4752 1495
12636 20463
28636 8086
6521 11276
28711 10699
16639 10915
29966 21125
22753 16208
24612 21421
22009 25244
12971 4684
13778 2374
26702 11757
15153 2744
556 8859
29818 4922
3487 19797
12263 5986
26626 21697
23862 11635
28653 363
23527 8699
20336 27719
2249 9966
19521 25186
19038 27829
18736 17329
20071 25854
27358 8784
24811 20117
27832 13785
27236 15164
4796 18022
29378 23455
1860 10933
15659 25993
7007 25275
22955 7161
7385 18595
11049 21366
27028 1880
27890 28986
6224 7896
29576 3857
3208 3622
26704 7705
5692 12496
24556 21664
26823 14490
21466 18053
2895 14627
12495 27084
22558 16659
12092 2103
28523 6576
23703 2516
20457 22859
29292 13626
29839 13248
12685 478
15575 4900
9144 4464
23736 6582
19155 22717
27464 22214
21415 4085
13002 5521
8446 2102
440 20553
15256 18272
17898 12922
1732 8419
1881 26958
3494 9870
24028 12023
8181 22188
23660 23867
4262 8100
7753 26846
10317 10833
23933 27477
5658 26193
16057 12007
22423 26877
8342 5371
15767 13653
1600 22551
11365 17679
22588 13794
834 4207
9189 20896
6831 1843
3516 27537
12977 4641
24852 450
10945 438
11128 23357
24574 552
15414 21954
27766 4652
27675 15470
3070 1253
26308 6103
6197 5981
20491 23322
29911 16972
4758 21131
6744 7579
2666 12991
23802 2635
6951 11004
21252 29723
28627 11711
6909 25547
24176 26715
18424 3965
5274 28071
27702 6090
17562 16999
18556 7139
9470 21858
3658 25864
9636 21999
21828 10692
20444 12864
12030 11111
24281 6911
25094 7761
29843 22898
18275 8820
14477 15823
11108 15409
5801 3019
16676 5439
3140 19397
952 21202
10113 198
12959 27117
160 13172
7470 10979
6598 17888
1659 3345
8700 9042
26455 7473
10242 27538
5358 11793
29551 18917
29323 6053
4502 18243
1422 29396
3166 28273
21281 9098
2798 5296
10231 23675
15938 22985
2668 1256
28889 20359
25875 13969
90 1722
5843 13705
4325 5854
5324 23968
14690 9246
11152 17557
25572 236
19134 20244
25792 26797
7076 15535
2133 29664
2968 29520
27682 12814
14768 24261
15161 25508
15446 188
7836 27306
7362 13078
24058 15835
15858 7829
893 15819
18724 946
2384 21103
18527 24687
17381 7371
15081 25970
20374 26873
6166 18392
18602 27135
17279 20132
28276 9178
9963 13977
12828 9734
24648 29369
3614 17430
18617 25490
21126 8726
17303 5846
20288 2920
12791 1448
21330 4763
19463 29153
27552 11379
6430 19112
18732 13722
11103 20705
19859 15613
17193 28195
15664 869
6413 18196
16745 1759
18181 28754
20893 8062
7024 577
22567 18289
10998 12332
28341 18469
18199 16706
25834 25607
8205 15970
17632 2224
21894 16630
7106 8429
12336 26253
9887 7129
27066 13245
6558 8263
19828 16561
14856 1457
23463 1871
28377 15782
16907 22159
12000 9608
27892 4867
24367 12553
10965 2222
28653 26171
1793 14812
23568 7555
17168 8710
16544 24277
15835 3969
24980 26969
3409 10696
13829 28639
25884 1172
4479 4608
19978 1546
28877 6823
11904 29797
26671 10772
27783 2548
20542 25759
21130 16263
28436 21037
21730 27504
9604 22370
14332 27261
18964 18802
19466 4403
12064 929
28829 12647
7892 1194
9645 23274
26382 17326
17039 19459
20430 14519
9787 16337
22760 1618
8518 22829
3863 14613
14603 4511
6254 2164
15075 20658
20397 12875
10784 3265
22521 19970
6925 12732
2312 3561
12461 6305
22872 6024
15101 28487
22011 6673
9429 7830
18674 14686
24597 17000
23007 17764
5530 27258
8742 2340
21211 12584
16118 3255
14021 2549
26109 10744
18170 25408
19575 23190
16737 15387
15792 18255
17319 24147
14240 17462
1194 14207
4776 19865
27246 3462
29717 10415
4106 13083
19265 24579
17916 12290
2384 4060
1531 25751
10948 6692
18349 7198
27644 27137
19436 21188
20696 15467
5060 22390
3728 3656
9160 7926
20778 10635
23602 7129
9604 8474
7169 29216
28123 19977
6865 2081
16348 6618
23220 15143
6502 11172
3563 28956
26111 28786
726 13327
25407 4384
5635 12106
10536 18534
7765 16892
20293 8531
6091 12559
25842 26915
18426 8637
25469 6240
3825 28895
10516 745
17332 18305
13278 18895
11924 17868
11399 3341
3067 23849
1397 8942
17504 6076
14735 7727
11061 3445
27447 18481
28643 8456
11545 11869
3820 23739
351 9847
15968 29384
1346 22523
230 6172
1073 1630
26919 15859
2696 20181
23952 9645
11063 4513
24728 15840
5548 19598
1927 26682
10890 12921
5743 15870
22889 12011
3363 8683
15954 14513
5721 3834
18044 10978
20232 5852
22219 13153
21844 6388
26570 10338
28923 20540
10523 15644
3532 10322
11519 9602
11275 22595
11797 6979
49 11700
229 25387
23495 5238
6909 12818
7874 25925
11967 22731
8818 8770
10942 17243
5661 7130
123 11718
1298 3946
5554 12868
4069 12355
5422 18207
25632 13281
26129 17618
28763 2751
22542 29133
5204 13008
11814 17384
29969 5425
6216 25196
4874 24283
20925 11205
23483 15399
1014 18026
21855 12543
21584 28926
27439 26729
27122 2622
15825 4479
22033 28234
17458 19808
20006 26626
29968 1253
23074 13091
21728 15116
27711 3151
26121 8878
14570 23141
18524 7059
5527 26497
28207 2289
20094 750
29040 5995
7909 24846
15416 14111
19459 20488
12904 13793
16966 24216
1104 3099
29650 21595
1990 3498
5288 20565
27300 728
21681 23566
4874 12483
10008 2159
3598 19229
4029 25631
25300 1541
26465 21494
19684 18778
25934 207
979 12831
7058 19776
15409 22894
21954 4497
8773 16677
29403 15414
27270 6379
9821 24365
17903 27277
27740 4795
9293 11428
25045 15220
16324 20461
13911 21247
21197 12736
16714 4364
6782 21168
16505 17186
21723 24861
23173 3467
199 15192
9953 10048
7427 20255
27317 5395
1233 5448
28627 5511
15458 2805
17484 14232
19245 27936
25402 22071
8150 6567
28866 750
11322 28281
10888 18088
6107 28343
7712 4074
28112 9551
18670 6954
22029 8813
874 1722
18838 12545
7065 14399
14417 20666
1233 11161
23110 27521
23052 9275
18921 3438
20497 10025
1336 25266
3517 26089
8460 25429
16008 24231
5982 1596
18584 9956
23442 12121
15452 10546
25506 7311
20028 9588
571 15559
23132 15432
11027 384
18844 28230
1479 10337
21920 19255
29028 7633
4363 19991
2470 5820
11131 16711
6354 11806
886 23130
15133 16743
22855 17692
24288 22664
11788 7683
9011 5124
560 20601
24922 6652
14712 10252
13535 6231
10306 23661
23866 11200
22856 21255
23791 28196
28579 17647
3089 29439
16014 2761
8580 8369
13728 8140
17447 27016
25455 21001
18266 9147
5640 13902
15215 1054
7475 14627
15598 23685
10207 28115
12701 18013
14682 19243
24398 8447
19007 14598
16335 6846
3773 27384
21473 25662
11407 28307
16968 26047
5623 18849
24268 6520
19623 2097
25022 3330
26157 26900
9784 19053
14043 62
25430 22027
15704 2899
22071 11425
1192 11067
865 19074
5457 17772
1562 2898
24126 8617
6376 23984
21349 26532
4256 12773
11290 12406
5998 19653
25049 10551
27751 14274
19560 17400
7316 8443
14195 1453
5629 17795
8566 4954
13731 15070
17117 10831
18901 532
14659 17989
13646 25692
26035 11345
3437 15551
10113 11076
3372 4943
9641 11116
9293 26026
6575 3332
814 18256
27969 14702
23789 734
23147 12634
3413 5055
15131 22681
26450 12351
7945 29980
13867 6234
17460 29055
29137 13250
13710 20378
21629 29997
10372 11945
19754 9342
11657 15581
5091 99
926 12257
17220 3837
12395 20928
1086 15549
27900 19379
20389 17073
6275 7114
10581 17368
21721 28689
10116 3544
29731 21655
12507 22535
21625 13143
5862 14266
13779 10519
11954 7455
7296 29458
29588 23252
22218 12102
2855 29645
4178 2436
1501 7556
4509 29805
21046 16992
22515 6139
2423 5450
28207 14818
8530 22672
20319 15203
27485 22155
10766 844
27756 4626
181 29026
29766 4827
4663 24834
17172 13770
24706 21785
4508 24502
4885 29911
12381 7835
15321 17091
12481 6780
16811 76
18713 6367
23551 19838
19268 8504
18561 11486
7352 2879
3511 7216
17907 27367
28661 6410
5694 9561
23249 14568
17136 7341
511 23959
24383 22450
28286 14437
25938 21721
2940 27975
9910 26574
28519 13684
16466 26145
4924 3552
11727 26945
1181 27792
24946 25292
11998 5941
28000 29866
7451 13489
6925 29824
28823 20299
10178 24835
19848 16387
21497 2212
15231 24287
5649 29488
7435 4670
10441 29165
11866 26250
5813 18408
441 4454
13871 18897
27205 18869
10562 26773
11088 21695
29980 20543
29226 249
6573 21996
11001 11896
3425 14778
4156 25716
28916 24395
8650 24988
23376 10175
16626 11899
13411 27216
25888 13751
26478 11684
25668 29419
5913 23270
12564 18165
1584 7668
18811 12617
11720 13898
10617 7778
27453 3796
26615 6400
12456 9788
24364 16005
684 27515
15504 10793
11048 23147
23278 20945
596 21644
16646 12265
6841 19300
1519 17545
24299 2316
26816 1379
20883 13894
22212 2697
8101 1846
13306 7502
19948 11613
12825 14743
18078 7374
25727 14051
3742 10561
3788 27406
9917 7982
13493 5172
13200 29663
29658 2403
6674 18516
6456 5211
28161 23258
11861 13045
4087 19683
29460 4721
27584 18305
9114 18690
20502 2756
28573 5754
10880 26593
5638 25531
1794 28121
28838 19591
27096 13125
10418 26611
28733 19057
20403 11490
3943 20029
28118 1765
28467 29222
14452 29576
24727 10220
29740 21387
8668 3312
25298 12905
4789 24051
23761 7888
28871 24722
20360 14285
6989 6375
3779 17748
13652 12337
9585 23975
426 6017
7918 23158
10757 7556
22686 28987
20907 5500
5492 14455
18552 16258
5063 17226
21028 1131
10315 10630
22251 16640
4604 17933
9564 15476
26421 16163
21328 28596
10804 19075
22397 4208
19010 12080
14944 22290
13386 12511
5996 20074
11920 15740
19106 18416
4149 3880
21153 1731
15226 9218
15048 15635
28872 3583
17891 6132
9566 10771
10186 3521
8682 2192
13765 20050
23490 17085
8656 6605
14635 29791
12479 27468
18151 27603
10634 5690
8375 659
1260 15431
29517 25637
1245 5654
16145 22856
15350 16623
9157 11842
24099 17514
19150 27590
13110 20641
13320 26805
11803 22991
1121 10067
16707 21415
26968 23134
25845 28199
3984 466
28667 11559
13638 29061
19403 4493
27185 23302
23449 13359
29157 5252
4676 7339
809 5638
27816 3243
18690 10481
1569 15386
27292 18522
4079 8392
18893 1458
15992 25477
26820 10660
25109 7333
6917 9088
739 10866
1378 4922
21708 21205
1614 26044
19334 25181
3756 2241
2502 5977
12962 16283
28791 8726
20517 22183
18480 25161
10111 3938
8445 18407
14796 19059
2830 16554
7581 8174
7666 16885
19644 10584
27830 12873
25107 20922
10612 20755
4658 25080
9065 14501
22680 22299
13639 1837
19859 29367
26725 4008
18001 24328
21291 20875
2296 28985
6598 18148
3384 14212
15831 26771
9840 200
22602 4214
28805 12259
9271 18050
18796 27698
762 4104
25312 28238
17854 18059
14195 3224
19405 9186
1681 25586
2084 108
6149 11015
26097 420
21809 3225
10068 16224
11849 10523
26566 23724
24192 9011
21690 14022
19930 4607
7770 16570
3664 27386
1353 7491
25537 26225
13994 15129
29652 14970
21626 26762
4548 629
12857 18776
5586 1258
27769 767
5905 3212
5111 16151
10705 27015
4113 18689
7917 10134
12675 9447
19018 13646
20887 13712
15777 23508
1156 15263
29251 3443
18351 2005
4174 11954
29055 9366
27854 33
29790 5549
15128 17504
3387 2598
13721 10811
18196 14585
28023 23221
29045 25585
6630 14469
4868 25056
25988 312
28452 7067
24693 11000
9148 27007
19494 29128
1746 8311
4544 16591
28885 21546
6245 27752
18305 12327
10282 18715
3525 25001
13544 6984
839 25056
5674 4257
13909 23845
11953 27405
18340 25068
13120 14868
29772 27992
15725 11202
24903 10476
569 13
1130 8041
20040 24252
28707 381
19398 26833
5928 1882
2050 13851
19376 23742
12017 26832
15711 27462
29498 29617
24510 11039
5864 12788
20213 21959
3959 18884
14601 14840
8980 20516
26528 20014
22026 10188
15351 14717
9604 14517
20440 13351
12130 16491
5379 20822
13649 25046
11411 3313
22609 2165
25548 11733
4193 17847
21750 20287
29154 20841
26728 14154
12090 1143
14777 15631
17223 19335
26713 12243
19442 23889
19853 24255
1824 1470
23485 27378
15686 9672
15284 7887
15676 4215
12607 3443
26280 26932
25122 4472
20342 3560
17523 27872
26790 10832
28807 8378
3516 28210
6374 15104
13548 15504
26314 14593
19814 8189
1509 15047
15708 18488
12496 22208
14210 1046
9211 19168
19390 18953
5586 10870
23155 18874
26138 18541
26439 13755
27039 29415
28748 8670
1570 19781
8052 8412
22730 11297
24679 7418
28555 23893
10637 12521
17809 22734
23370 360
13899 1357
18528 13237
24125 11448
23740 8656
11028 29483
14169 20090
6297 10461
25633 27357
24164 5676
23167 11489
11244 14352
5615 2119
13277 15315
9586 8862
5601 24479
17633 28099
10336 175
11817 15706
27938 23051
29531 15557
13600 10545
25971 17174
2396 14950
17910 1648
18212 25604
12363 24910
12582 24337
21001 8241
14988 23582
15180 19015
20586 22540
11622 19825
7949 24972
6663 3845
3094 8127
27963 15164
21663 10309
15840 5397
12621 24228
16069 13214
18366 2267
22764 16656
3225 5231
19293 23428
24511 4006
19506 8645
11740 14936
21562 5162
10946 2339
28098 1218
18957 18640
26919 13506
14018 7354
17964 26621
29825 15193
3574 23851
5381 19079
23270 19770
29069 1720
14172 29060
15720 6251
22038 2314
28858 13153
13573 8907
2260 1212
15500 15763
26303 20032
16509 7652
7366 14613
15284 23331
13221 4239
6173 5212
23971 7014
28105 6440
23838 5853
6302 3752
27941 26149
29444 27227
4635 22635
18059 7937
7803 15256
26818 20669
2012 10861
23775 27896
18380 2057
15823 23786
476 18236
5245 14536
15619 23819
208 19702
22669 8628
22358 11742
19627 2402
27269 4605
27386 20584
13699 26395
20430 29680
20471 9428
14485 6364
10900 21624
1575 13736
1160 1822
19707 12701
4553 8425
20453 3752
13527 16739
21805 4271
15677 10414
13707 18133
15218 16425
11553 22493
29435 9950
19811 13503
3114 23532
3686 17096
3932 1388
16460 15307
1272 3916
1829 2095
11712 4696
1697 35
14950 23742
26368 10028
26331 11240
1971 28199
6686 6675
29922 4227
19880 9689
24931 29209
6904 22933
2135 29285
4721 5156
2424 16398
10008 20378
28389 24889
12938 26323
10375 2413
18945 26657
13066 16222
9327 7098
18913 23688
26710 8146
950 14788
19900 23930
20503 4497
28587 26537
5765 28785
25756 23255
19572 27659
15310 16248
10189 17838
736 4146
3455 26774
6368 25652
13622 14262
21348 16340
14552 14758
12132 19966
20252 27405
10067 666
29982 1539
6240 9386
16941 24874
3816 7691
22477 2397
14474 26717
10559 24243
19023 5973
3150 20228
8783 20695
26688 2167
11706 22177
9101 10393
20873 26836
8958 20053
21267 15394
29604 5765
18420 22540
4476 25377
29269 20745
5172 24356
23915 1081
2399 3061
1088 5179
4282 25928
609 26584
21960 13019
25996 4140
4471 20886
10662 25561
20351 17114
19045 21922
24514 18327
25190 15106
4623 18361
9445 2576
7623 12333
23828 15731
13315 25776
21869 3552
25949 28404
24949 26722
8992 5123
22348 307
120 5339
29281 24459
14535 23153
7147 21241
17045 8524
12165 8338
13169 6310
28857 25112
3044 26073
29130 10235
13090 25368
16233 2456
15724 1784
24231 27125
28672 16512
23803 6409
16116 12882
9206 25855
21995 18347
14528 18169
14021 11736
23395 21203
12857 13279
17711 15610
17581 24553
6440 7500
1911 24861
8768 19892
7654 7152
10082 2340
10562 11463
16676 15570
21147 28172
29127 3820
29606 1146
4857 27145
24669 9256
24454 8296
8188 11009
7242 18431
17430 25334
920 1355
14790 26422
17718 3827
654 25700
6684 7081
19061 12480
23305 15028
12340 17480
28743 20937
21235 26444
12905 20572
4446 12422
18739 6770
23791 4909
9580 23844
1386 10719
9245 9970
11975 11291
14739 8001
23187 28934
26022 12274
26337 4320
5166 25477
5912 1763
13124 14988
26309 23338
29680 12653
16268 26117
16698 6352
13906 11400
24435 8793
16704 23413
3242 890
21719 28280
28491 107
5783 13679
12491 14243
27959 12805
28478 14548
29341 11905
9045 4191
6469 245
21558 3240
14874 2750
22156 28458
461 25818
9899 907
13044 4775
19990 12568
27762 29812
4273 21587
17834 19996
15641 15455
26364 5838
5388 15491
2852 27168
10559 19589
6593 5827
23638 25043
26194 21549
15135 28499
19574 25567
18009 6014
18227 19692
9390 15385
18522 8461
16351 17029
7349 14978
27049 20024
18291 11395
4096 24110
27791 19218
15525 21798
18555 11918
10025 14192
8143 8883
8191 18440
8770 4713
13029 24128
1227 29130
27444 13862
25777 2731
19607 13075
7040 14314
9787 18776
19603 13896
22157 8770
26060 26103
9365 16785
11351 10461
23368 8916
1686 22177
29381 1330
20529 7195
4329 13076
18457 5611
29644 18345
14153 20754
4187 12659
3161 29314
11819 12588
24194 13852
6594 24043
479 5966
18457 11694
7887 25792
2562 26269
11218 9944
21478 12690
15447 3215
25500 4035
5071 14376
20822 2587
21629 21376
20798 7679
9675 12253
16887 17885
28971 5409
20290 3509
3206 19359
25294 21511
27317 14082
20118 25378
28271 18296
24704 12176
19851 12855
29065 5907
12252 23618
20908 7085
9905 9346
12508 1484
908 3316
1998 22063
11312 2459
27763 18015
5994 718
3752 7849
8781 16946
29218 28704
1759 21698
3890 11199
15154 24536
25944 20756
26161 12589
3778 6065
27649 8669
26844 1829
10159 24416
20329 13664
22473 982
24640 14520
24657 21579
10205 9437
6583 6253
10322 1410
26018 20244
1501 13762
22990 27083
9216 14577
26436 22514
26630 2330
25905 19711
25121 21342
16964 26641
16412 6036
20866 29552
1571 2465
28155 11249
1112 12756
3352 15232
26115 9612
1702 18520
20333 2295
27466 4960
29076 10968
15994 2133
16548 16302
21505 8690
25385 20680
12352 22156
3765 23009
24344 21545
6163 2655
28319 9817
15854 28202
24867 18612
9734 13842
10547 19593
24398 10295
29315 2820
26627 1845
13737 25469
13315 26980
11195 20582
8996 26464
27855 28518
18561 19530
13497 23663
5963 2328
4677 10405
12425 22
14695 27796
27483 4495
5507 4643
18713 8019
23955 18104
20939 2698
18075 26773
27713 23965
20663 4966
13792 23643
14257 13839
11239 23569
16454 5219
5030 9426
23463 17787
5787 25993
27149 20198
7334 23051
22773 21887
16269 27758
26217 22370
15968 9315
22470 17665
20483 11994
20677 24885
15953 27385
29208 8570
20657 14609
16935 11004
13781 4699
21002 18498
23787 22025
27650 15970
8293 22258
29070 24702
3477 11973
11636 21932
1930 23173
12018 26375
511 4129
26921 2291
17136 29381
5103 26524
1881 21196
1785 2424
24347 11323
26434 1777
1236 13125
4137 28586
12259 16441
26017 12552
15286 1085
20764 21080
16103 16584
1130 24128
2460 4782
1406 1012
24469 12288
7557 27621
22660 1512
12726 23251
9119 28733
18550 13004
18077 27977
1698 3788
13518 7772
25337 19400
12920 18434
16561 27635
19367 17205
17723 22659
16798 12338
29684 26003
22203 9735
13343 20158
13410 2435
10407 5892
14368 11630
19814 7462
21330 4183
226 18881
20637 1692
14910 8423
417 18945
11920 5404
20117 12634
2240 23939
16149 22882
3158 16910
18953 17318
16 11245
23067 6540
23107 22851
5626 9921
18943 18594
10191 21424
962 15785
12833 27570
20836 10053
28516 25642
15995 21706
28527 17372
26171 9831
14119 28745
4482 14043
23690 28201
13940 12010
22182 8409
12221 12779
13607 12067
27700 14599
26663 7682
4621 17269
9560 21253
24360 14432
29277 12592
10479 8141
25469 13449
19283 19942
10917 19410
12634 25255
18401 18056
23045 23831
23206 13714
13641 11932
28281 4063
9638 9159
4182 8588
17676 7033
4870 11506
1347 15880
18477 2717
26476 4419
29461 11913
3566 7007
17716 12063
48 23382
27781 20938
6427 5886
5391 25663
15301 19092
3472 25199
277 27309
16055 12629
27365 29476
1163 21164
7305 14309
1240 14146
6038 14163
8545 4773
17819 22858
23553 21067
24414 10708
26252 26653
20040 12074
25816 6894
29611 6280
16378 5813
7103 19751
9275 25026
15648 6775
10381 24681
14623 14278
14442 10475
11025 2929
19706 24652
19236 5764
24773 24711
22436 5569
25246 3749
9622 19238
17772 24678
26066 3603
24657 17109
29440 1123
11759 13857
13746 3606
23820 19685
16482 24694
23389 21632
5447 17280
20334 29530
18693 26472
5125 190
15984 210
6457 16361
18388 11847
2733 9459
2126 25985
2205 3951
2688 20126
28367 3530
28043 8775
10511 15881
25932 1782
671 28850
8141 21211
17432 19722
3258 22846
2570 12140
6200 20879
20182 24189
26829 2185
25294 19839
3820 8349
6673 25114
27797 28142
10597 21499
25427 15671
26056 13832
27413 27993
10538 10514
4483 27039
8162 12924
10308 19979
14688 8552
29520 17188
29626 6748
19486 11078
2248 14658
6024 21804
14729 1652
12606 10935
20455 26854
17588 10950
4014 28707
2141 12677
29383 10968
27651 18099
24451 25376
10907 3369
4743 28199
8653 1622
3212 19499
19105 7112
5238 15607
25556 8653
23615 26243
22620 27278
26855 1238
6751 8890
18947 10692
15948 22991
2078 18777
21068 28402
20763 21012
7117 10980
16114 24687
3306 16395
19194 26285
24659 23846
3193 14513
24225 21043
26090 26716
2692 29759
2486 14681
1500 26396
24083 19871
1189 5755
10849 7699
20670 8732
7930 20
9386 3467
20120 6813
10955 22766
12596 19955
6469 18602
22582 18700
19603 28300
9377 8587
25204 1991
18722 21996
15562 11747
17594 27596
8832 13448
24828 1595
17379 21733
7208 5692
18709 8440
25224 29329
11367 2399
13495 6882
14321 12419
28612 1077
12607 5935
7765 18598
9431 21739
25305 23997
4050 1645
2434 14062
18534 13065
27550 20558
5446 7552
4959 21909
20828 2246
372 15590
10825 6618
12411 14547
14667 13097
21375 19379
28675 29420
25250 8088
25897 20525
276 10773
25375 25678
16845 16678
15820 15463
14982 24439
19600 4691
18322 694
7763 9293
24776 4309
21941 1976
3257 2504
13684 15390
8851 26901
21030 24764
19436 25907
5626 5950
16506 4592
24560 5530
27084 27815
9154 2257
27934 28449
22773 20236
26365 9854
13666 20703
622 22648
12846 3945
7726 4478
19262 15047
3625 13873
21040 27430
8826 5077
9584 2489
26719 24090
389 23613
4758 8263
1929 427
22170 13528
16113 2560
4361 9719
4068 3697
18634 7771
26964 29871
8504 21584
15582 20829
15438 28272
10338 21503
13418 23876
3574 25756
19600 8709
16212 19293
6353 17257
17167 17312
29306 25949
11088 26718
13470 26294
19924 22880
2923 16764
7427 21626
10645 19376
24251 5078
18519 9958
25364 20190
28798 14603
6325 12536
21006 2124
29601 21159
11624 4642
29634 20896
13214 15916
14154 6209
12459 19110
587 28462
6224 7057
23803 5847
13695 10917
17716 17886
16929 19427
17808 8041
24275 638
14457 9405
21068 24623
12150 11447
23905 13253
2981 2623
21089 13309
17343 26389
3403 4337
29063 6254
15439 12420
17148 11861
1537 6342
29558 27075
8488 3591
342 15539
553 8561
22381 16897
26271 11241
438 4539
17064 5498
9591 18572
25162 25287
6163 4566
21861 7002
4556 18827
26271 4084
1673 15216
17018 9029
3217 2093
6845 2411
5828 8087
20891 2541
25906 29629
21914 18858
24536 29266
12266 21897
5279 15672
29944 10151
6489 9211
29591 22882
26949 4007
8089 581
21722 25110
21873 24187
22175 24616
23051 20245
15238 2991
11485 14408
26185 20788
724 12374
7228 2058
23320 3874
16865 23263
4161 5592
7535 3163
1885 4685
12775 16853
26169 25853
19748 28533
15350 25012
8164 13577
3277 27658
29248 12314
7075 12236
17335 25417
4750 23468
7730 22669
4267 17053
20073 19998
22113 29590
1121 24365
13174 10447
3455 9326
7789 3908
23677 1735
8214 4559
24795 2431
15935 8154
15279 5597
3808 3772
29704 29525
29697 7648
24922 14951
9799 11905
16410 20538
15193 28421
7307 29053
10582 10686
9484 8367
15581 14421
11423 20410
6050 2473
25889 25427
27008 14937
20664 17010
15014 26147
14069 2502
12703 16506
12436 24765
27428 6993
23290 20197
5447 4634
22919 27392
2208 12012
14424 8748
15383 18904
8803 11475
28976 8009
8345 18629
18279 10251
16441 4982
23253 20941
2416 26089
28447 21833
4336 9254
22961 23246
7907 7910
5066 10334
19995 9698
2055 8760
12840 3094
23091 29759
21451 28318
23060 16815
20409 18454
10861 10980
6635 20283
18858 22376
1273 26234
15466 17922
21998 29336
8298 9570
8048 16145
810 26957
19868 1908
8823 2633
20750 19302
1175 12548
24534 904
21087 3504
11375 1032
27910 6062
10007 24726
23808 7479
1877 8102
27439 20406
3448 16129
26128 20027
22114 29706
11528 21950
4678 25596
3618 11248
1527 24022
14798 808
6845 12100
14992 11998
17185 8697
25565 8090
28799 25813
14647 10883
10548 16558
9829 10690
27174 13761
3575 12430
26082 5504
6096 22076
12224 26507
25204 14677
14949 22065
5306 1002
10341 19668
244 7303
27362 29494
4308 22838
16569 10841
17669 19675
1012 18437
7866 8974
25844 5191
24033 13215
6515 19191
27395 18050
6489 8939
1960 2386
17626 20388
6150 18922
26131 4360
26065 2843
24586 11881
11851 15466
27447 29754
10357 26185
23601 1135
10295 11605
29823 1829
5945 9125
26807 8865
20253 19277
29504 3593
29205 11104
7745 21665
8657 7525
27687 17513
18682 3014
20759 2013
28348 19152
17115 3373
21511 22467
11511 28424
11898 1290
27283 14217
26950 10143
7182 4842
26875 1606
28740 13941
20146 9140
21212 25232
26954 7803
8425 22275
19775 1943
28641 3347
19355 10077
6023 22418
6135 5247
14258 11089
26876 4952
8911 1
2373 23750
9226 9012
26686 25952
23142 27092
9989 16697
13453 28746
23702 18744
25333 6818
13644 1786
3448 18819
13202 19142
29505 18255
2017 11881
8116 14565
22669 21330
3684 11369
9646 14542
278 9635
25825 7879
27213 11542
232 6797
13064 28817
7588 27061
26959 20799
6250 2278
26502 3865
20693 27268
11027 16717
27989 14214
8384 4864
23030 23921
449 8160
23547 10405
14710 24128
26866 20454
29113 3281
21969 26258
2652 20734
20774 3600
11844 28470
8159 2990
24723 27288
3305 17895
16552 12977
24365 13638
15234 19562
10845 24971
18157 1349
29683 15738
14908 19852
299 24861
28806 12167
6036 3109
14604 25650
199 21676
16835 4827
915 16349
27982 15215
1776 26659
3325 3392
14431 1601
22085 29190
14106 18267
21329 10962
21603 22441
2061 6565
22620 11766
13989 19555
26075 10434
1428 10836
4547 18241
15207 20401
23221 17075
25945 23837
13556 4113
5554 27700
2777 3498
29827 26750
1227 20082
23203 5639
6907 19682
15924 26085
5138 25743
8412 28102
18793 28665
5490 10698
17248 24700
29004 5625
746 14224
28334 21702
16700 21895
7180 16830
14424 19864
18395 23228
1337 10553
5185 24083
18883 26225
15717 16454
22288 12460
28535 137
14681 20727
13351 25053
7760 10238
17198 25940
25584 27600
23177 10270
6230 16935
25190 11552
8414 3615
24047 20918
5041 27527
29330 3102
10836 23109
18180 12283
22174 10277
26914 28197
15376 27901
12545 4174
15488 21106
285 11675
22093 9830
7966 16858
7524 15202
27985 19303
24265 2137
25895 9281
12388 27900
20181 19941
16065 12365
29601 15555
9110 10066
3593 15248
2689 13003
15850 13487
9850 14748
18774 10958
27337 21470
25977 4936
23449 3000
6849 4560
9620 5469
29545 18472
25616 7884
16502 17196
16063 23845
12469 391
18823 11344
13381 22562
24933 17063
19854 5730
13776 15302
15872 5916
25618 25992
14876 9630
14002 19643
17281 2716
29925 14546
970 17529
14186 24890
9199 26107
4147 8239
5194 20173
28352 3273
25817 4717
18266 959
12831 17937
24467 819
16447 28238
16957 27459
10620 23801
3995 11199
23717 13519
8485 13088
8203 27582
16916 8164
13861 7392
14631 16719
9126 10006
27219 25234
11165 9284
1979 11318
10015 19452
21413 23412
658 7861
23312 17397
14389 3224
909 29017
5815 10203
27452 13275
7511 16272
9215 2766
6901 5690
2238 28419
6976 13810
27822 22129
13394 8762
19961 2007
6368 8361
16701 12642
1397 6440
17166 893
10999 25145
21350 5830
1499 24590
14037 6666
9500 4726
23766 82
21248 11942
5720 29466
29586 1433
15881 29077
20016 6003
10711 26087
9336 25316
13 23933
21271 1368
19610 5086
26025 4743
1251 20879
9463 9401
21515 9502
5968 8548
13277 7610
9955 28158
16094 3918
8108 5309
16018 4071
5787 16155
13903 8608
23219 11588
8490 17916
28200 22791
1835 4648
17647 13733
18010 25299
20902 1300
13803 7557
27098 29647
22718 25417
21082 729
992 15558
15400 16772
27614 13227
9232 1212
13173 2162
22142 29102
2505 580
16945 22827
16850 20156
13429 13201
10789 28096
13793 29068
22131 24745
5546 2081
9041 3620
5779 2370
28772 16011
9776 8621
12435 19738
29390 6067
6007 1661
11533 3726
22893 9513
27614 9125
13658 10482
26402 14741
22298 17564
6377 809
24275 614
3658 2689
25893 4550
21280 26700
9366 7442
20069 29653
2340 26276
1059 20878
4371 13284
29652 6131
17001 11980
6906 29954
24490 23805
28724 7332
24640 27585
4264 3325
16990 9574
18983 8014
18666 7698
16304 5345
4591 5903
4071 12528
16032 25663
28795 16959
15859 26363
8957 3007
21877 7603
11099 14817
19159 17383
24126 29900
23575 12481
8015 10265
4641 19577
3799 1484
16767 14829
5638 7227
1957 3297
3298 11644
23085 3477
27278 28036
20940 2568
25703 19506
7694 1420
2300 12130
20101 1211
28433 9115
17542 5751
16011 29029
12333 18939
13852 26184
20784 17865
13902 9069
29774 25330
20211 24925
3515 5401
21449 9675
23227 5365
2182 2960
11526 12885
6931 13892
18504 4545
9383 22258
11121 25084
8408 23794
16322 3357
12114 24323
9561 27579
938 1720
13594 20594
221 8887
8752 2973
13593 8733
28948 7076
21055 25817
29195 9717
28529 24127
21127 20839
2086 28683
24249 26949
29091 13234
29476 25527
27828 10847
1582 5566
25620 2444
7499 27860
17325 1322
8831 29046
4432 7251
378 580
4993 13045
17480 1004
19038 22861
5124 11140
22219 5873
12006 25673
3263 6916
16231 1204
29271 19001
6054 4621
21819 12513
20962 4350
19255 4352
12928 18628
7427 11952
3513 21296
6388 7632
1476 13399
24873 11606
26466 27612
27432 4316
8289 17139
29391 27943
19241 27688
4424 18708
28317 24277
29926 10967
13118 5577
8993 20996
20868 3176
1394 24563
25469 7632
29101 27445
7966 6375
955 18308
14034 8151
29509 12429
15501 19583
14810 909
26850 15618
9641 12697
927 11782
10781 7644
4015 2627
27114 28100
18956 11610
14395 23859
3113 21310
27442 4324
16422 29331
15003 26750
23580 22608
18474 7024
1573 4577
21303 15301
18353 23415
29157 16559
13483 10763
14433 25420
11947 2970
7271 26092
4917 1283
6314 6341
1608 9256
11500 9317
25379 23202
20036 26340
10077 25100
6463 610
18785 17341
19588 27386
18441 6097
17826 28682
9603 29808
26540 27229
21897 5595
29882 21567
4772 25496
898 23625
3933 25232
23664 15904
22377 24750
8428 12420
8460 18281
9927 16028
26456 6235
22337 18278
960 29245
9038 19216
25001 8389
25219 20951
12504 3466
18078 722
7894 23977
9850 9605
28557 22359
6535 21471
14801 29111
14480 19856
134 16248
14661 20995
8994 2479
29824 8985
3710 14698
11198 3751
2907 488
29680 6161
12578 20014
10302 23610
9467 863
15599 13394
25896 12663
17991 27437
4157 24405
20372 12976
23843 15792
26174 19291
29507 262
12782 27524
1182 23437
1131 27308
6063 13992
21722 22616
25701 11832
17723 6407
2301 7676
14893 13821
9211 8495
22650 27269
10284 12292
23483 28426
2998 4928
6144 1743
25107 28379
21692 19713
15834 25610
18812 26217
6799 5518
2124 6007
18913 21212
19939 12074
21917 18598
6238 4240
20210 2989
21438 27972
4155 7862
2211 29596
15507 23862
22758 28797
18414 20323
16596 5282
20351 20894
361 28507
20611 21030
9741 4624
256 6877
6936 18735
3814 23004
17958 5274
3795 4331
27726 24691
5447 24281
28024 8393
27436 5511
24249 16948
4188 10607
15255 24197
141 10059
8777 10003
26136 28930
23332 29397
6790 22686
16623 13199
3147 16929
19624 9444
28846 2911
1684 3844
2426 25879
430 7723
8315 29708
16631 29092
13582 11039
14722 29172
20804 14110
794 9582
1102 857
3675 29466
17686 20319
6100 1350
11731 21680
9523 4255
3943 28807
25592 12890
9259 6496
22014 19874
7647 4926
25475 28524
17453 2583
2622 12075
24156 14087
9015 25109
15914 27148
15757 5034
22709 26399
20977 12861
19182 12299
18162 1320
26815 9293
21011 12310
2166 18201
13036 14690
20972 12549
18483 14452
29552 1427
18786 19263
2172 3450
15172 19320
27485 14589
7850 13532
12751 8742
27086 25520
16169 9926
20747 25283
746 5343
13442 16404
24030 22362
9068 1988
4947 22582
27098 6614
8408 1955
29999 323
10255 5171
6501 21561
6993 15115
12679 29957
13218 1772
18341 20443
26936 22397
19055 25656
24156 25929
6737 16785
23224 10218
27434 2397
14743 7550
11153 1493
13624 9862
7560 635
25830 6506
13074 14881
28527 26108
1905 11439
2717 23548
29301 22357
7604 12467
1248 9803
24131 21761
6764 16740
6826 21079
5262 11413
29637 24017
2657 2986
21986 24755
28221 3636
1583 24077
25728 9540
10987 27799
4784 4020
4949 4570
2338 7024
7183 12713
24903 17435
11729 25452
457 22401
7323 12602
29139 18760
2502 755
2261 3587
25989 9196
5272 25129
22228 10708
2779 27303
5124 14036
10795 11489
6977 13807
24602 9877
1934 10395
22716 12236
9742 7058
28907 19099
22313 20140
7374 23505
23085 6722
6612 25950
7971 12147
16998 10287
10673 26097
18647 3257
28199 2348
22423 18220
10017 8596
25657 11893
297 6481
1775 1833
7664 16387
11685 16209
16378 27674
18775 11467
24421 29236
2712 21238
28656 20248
25542 4606
2195 4530
3972 21423
5933 22931
23199 23688
26145 9133
17704 143
3600 15084
20295 26043
19278 1328
8702 21032
4714 12116
28598 25505
5203 18981
12454 908
24626 23071
5814 26207
26890 7877
4427 20443
23705 1318
8651 29646
19124 21019
3314 2690
1785 23783
74 6058
25485 20759
27499 11030
3111 12540
23397 29278
522 22211
11342 11240
4731 20188
7302 27626
6625 15717
20883 17838
22101 20438
10606 15093
26262 2050
20713 679
11311 2909
21515 18901
3800 7378
5521 104
9262 1855
5006 3434
28056 20098
27562 16077
12491 24869
10248 21720
24844 11393
2040 7901
9400 6574
23889 29180
9410 19033
22807 19883
1671 16112
15804 6891
21113 20427
9825 20121
26991 26315
18104 20339
26903 22216
20619 25826
27381 15676
319 13928
2807 17215
17937 17245
19018 22390
8364 838
2108 20754
10628 12748
22390 14466
15788 16325
1792 21491
20051 423
11534 20743
19260 14684
26027 18311
13175 3016
17057 25439
8775 2588
5927 16097
2509 22782
4996 9472
4579 18525
1560 17962
423 2943
26105 14877
12575 635
4946 6914
3379 25466
25587 26151
19538 468
14946 21162
7462 19342
2677 20585
14595 10894
15191 1626
6494 1109
29871 3608
3230 1413
10945 26821
17953 16534
10132 27875
1826 3271
22511 19541
13462 21017
1476 5573
8522 10640
13980 12120
23683 13636
22590 20210
8438 26593
25957 4440
6003 1047
18839 18660
25153 21445
26101 27894
25641 23920
3726 3049
15980 3526
20133 28344
16984 28477
7678 4016
17311 2784
13079 20391
19266 11589
11666 15349
4854 12541
16781 21752
29971 1263
29151 29357
27438 5993
20072 14403
25630 19662
24042 2222
21579 19609
2771 14763
22196 24940
28406 21590
29667 17565
16406 15632
26818 27185
6167 15644
3710 7338
5291 11690
2506 28759
20069 24851
1170 29701
9047 14910
15328 19787
4522 1382
22922 11901
18171 8607
11320 3339
15374 17655
13196 23673
14234 10864
21832 12043
23116 12848
26141 7341
12834 9476
9106 14950
6107 14185
14983 13514
27544 8045
6480 22074
28807 4833
29942 22410
11553 5410
24032 24316
16940 2227
28447 20054
18222 6564
19154 6145
9415 9741
9330 1984
18478 11811
3225 26689
27053 7882
15434 27055
26286 3166
22602 13781
13265 19458
16350 8519
27308 23529
18271 28447
2529 21373
2410 20925
24151 19001
16083 3215
6673 22845
9818 20437
22446 26121
5381 4803
14061 6250
5597 23894
25957 25268
16207 20695
5049 26110
28176 5681
29553 20072
13227 14995
1192 7773
4743 24217
13781 14847
8809 10345
28319 25311
28303 18117
13507 4526
9890 562
23762 17820
18359 21795
4635 16103
12970 17738
11730 13212
21984 9773
9158 5661
10114 13951
6271 10158
28939 24671
3041 16671
8743 15462
19355 2314
8597 22661
17481 20976
16356 26252
10058 2061
4790 14346
28589 2271
21848 27442
8182 16824
27572 24827
22779 455
2853 4441
29647 4022
26882 12314
29324 14262
13553 8500
14303 21469
4883 878
28064 26909
587 18294
17722 15064
24226 12285
12925 24333
20887 10266
9927 25012
19612 26769
13151 12165
16439 18644
8554 11544
4332 25472
7257 9732
14870 8948
18748 17051
17492 20640
272 1514
5632 11765
20363 26345
3760 6880
8187 5828
8709 5526
13847 22256
5561 20230
5580 24736
11170 9105
8996 3993
15987 1488
7542 15572
7741 28944
4204 29453
2233 27269
11148 12801
20332 10623
19295 4559
15611 26922
5653 8680
16787 20676
7833 18092
4797 8774
27634 21845
15384 21816
13789 7549
16416 21827
17993 25360
2307 1318
29191 12710
7340 19574
4879 17563
8454 19925
10464 23023
1711 16916
8857 8003
10099 24454
21183 20645
29716 5531
29044 16500
14405 28921
18911 26659
1033 20514
14524 19728
1402 8360
2390 26896
17843 11976
8230 26724
14234 3845
16926 24485
10181 11861
25661 8262
9143 28625
991 20596
9242 6076
17153 21471
1986 20094
8202 21466
25061 569
8789 21225
2807 13637
10305 13644
5554 29302
2084 10073
7619 5575
18368 9767
12788 19032
28798 5678
29383 10771
7034 5790
8516 16363
7018 16316
5219 8401
8018 23148
3960 1159
9811 11397
9153 17348
3121 7289
15022 28777
26125 9544
19196 29700
13143 24674
14179 23558
19202 6018
18492 14367
7142 16896
19167 11376
28551 5280
23515 20684
4459 7926
24452 9249
9503 28458
7084 4986
20865 3469
21756 5423
14455 12909
20399 17012
22785 12585
29031 24261
2466 3929
13564 22578
14820 4802
1304 14319
18620 13058
10495 14178
26962 13171
3102 6548
4778 11693
22158 11209
12435 15768
5385 26974
11399 13000
3152 681
18028 27754
7334 621
28519 16167
20341 23935
24215 6386
1698 15619
7967 16694
5914 4540
13090 14801
17051 1079
4442 3573
13301 23179
19542 14628
24761 15580
22266 25578
25036 14586
9332 2966
5400 23552
25072 20451
5211 25857
19871 18474
21314 11779
19177 28566
13495 7842
16820 12661
10016 2294
989 20218
20841 7742
14099 24219
10526 4427
17190 19003
27524 25605
22320 24783
13376 21794
17106 13339
14013 29574
11741 28053
15254 16446
9255 3232
23394 15973
6127 2224
28602 11696
3481 24014
28562 1580
13523 13472
14617 21220
9451 23459
12106 2791
6093 3187
3617 25187
139 192
27068 18178
642 19425
10195 5412
13856 9492
18698 29070
17830 3715
18540 6527
3016 28269
13862 28651
2622 28188
29826 15838
12153 9975
28674 13889
7686 3190
18728 8256
28930 25914
15523 15148
2913 10004
3941 20015
5001 3959
19445 6391
25835 25461
21369 2555
12731 13078
1692 28142
7624 3445
14706 28719
17044 23807
525 6590
23012 14286
18105 9223
23095 22018
28729 23227
603 3055
17258 14906
10217 7262
8178 13990
24811 15514
2972 23770
2084 28352
25304 2447
10274 29259
23269 3863
19631 8913
27316 12947
23129 2099
1080 24175
5479 17509
5744 10167
10584 8822
15764 22999
27225 8069
19471 25690
383 22574
7782 14051
22742 9021
14226 1459
12910 26748
5556 4117
10001 18749
6156 27790
18409 21252
25211 20886
25887 27896
27321 28781
24149 20733
23466 17660
20361 27800
28019 18506
17198 21636
13494 19803
25514 7833
25063 11703
12887 28153
27563 4051
16526 22456
8367 22043
21173 3240
3835 23035
49 13195
17309 15713
13179 25355
22331 25178
26301 22349
17006 3857
9386 12825
25996 28188
23755 1725
21447 19240
16196 10167
29400 19975
2077 28683
18973 25013
612 10030
2796 10426
18765 16302
6789 6302
894 22371
4567 3855
2947 11567
26563 11855
2270 7354
15849 2564
17828 6120
17089 16105
27569 7450
15268 26446
25510 6168
28442 22369
20852 3655
27377 26472
943 28898
4749 21580
18282 2177
17551 22135
5559 4003
12634 8296
2482 2588
13547 14026
15826 19806
15160 16502
1458 18506
15713 23623
18104 10304
16200 10200
18485 22737
21116 11877
9742 4301
25523 24124
23253 7483
24174 29664
13456 8228
29666 20037
8694 15027
22363 27929
12138 19555
15230 19725
14982 13113
17600 15452
22552 7429
17628 23772
5205 25907
1337 16612
23178 16676
19116 18822
7464 6163
25918 27492
20052 6302
5634 3918
19187 1140
6103 20367
23691 15167
8967 21692
407 28835
12354 26133
24714 9881
4146 21847
2839 6080
25874 20442
1036 26951
20095 24717
5441 11376
29782 19741
4297 24082
2372 1146
23326 22581
4524 24175
1363 5185
3053 27244
23304 17232
947 990
5021 4326
28147 25753
9831 12714
11609 10686
2132 18239
1331 8134
26127 4720
7485 16837
28825 24982
24108 7216
8702 17156
15651 18108
15779 4186
27825 22646
11299 15751
20820 9554
6080 23018
394 8475
12188 13825
18330 6253
19603 10962
29045 22240
29265 26328
24200 28498
19972 23128
29480 26986
11524 5900
5939 3635
24904 15481
1462 22391
11980 2392
20038 12000
26955 25942
22132 23702
22259 26057
25100 18132
21888 29033
10922 9870
16902 18999
22470 1510
15451 21355
21188 19355
25740 3699
816 11920
4110 16807
24080 2815
13184 17768
5581 7297
4712 29461
17955 14741
222 19858
9191 28070
28199 12983
6963 1316
9775 18847
17162 26701
27199 19707
11860 15243
7513 13893
26569 8069
22350 18611
25747 19023
7061 3755
26121 12220
4154 21902
14779 13102
22153 18494
13448 19661
4856 19398
867 23132
13545 16579
21325 17361
4616 13741
19120 8541
14740 12040
17348 20205
5993 29422
15378 17517
20913 13651
8777 7122
25398 8815
8606 25531
18728 444
25946 6276
18835 22917
18813 21383
10144 9456
4574 20135
23059 11174
4291 15203
9355 27190
793 14432
26436 3161
7040 1464
25706 9842
13849 18576
13711 16150
29317 29036
12349 3156
10079 19707
24494 13456
13394 464
24906 25318
29184 24793
17152 11826
7862 474
23258 10417
29998 12777
5927 18231
9409 3075
29677 20906
28712 15165
23244 1327
21437 11734
18318 10156
7343 689
27433 29371
13699 10965
9206 23912
8239 27372
4008 14230
27241 26607
3316 8688
21225 15408
24723 9642
22550 11736
17043 23610
2451 7821
23839 2930
26877 11879
11087 7286
6163 18306
23044 10893
15547 10138
15172 11065
14263 16170
29469 26309
29474 12614
5066 16913
28772 7601
4894 14287
22538 21889
7058 5074
29905 26746
12630 7410
15096 21035
16321 21797
4333 7373
19744 18079
7615 28798
16760 29953
12951 11493
25006 4481
28673 27582
1047 11329
18958 5311
19490 29590
1795 6150
16265 19169
28022 21305
2183 8488
24063 7403
3978 6755
23289 16045
2739 14222
14594 5022
17768 22427
28027 1954
2497 25348
15558 26651
29245 14238
10525 18704
28023 23256
8226 1787
4762 19004
26047 29851
6714 23453
28618 27378
2572 22866
16404 21621
15456 4068
9603 23220
9404 24422
29526 27779
29353 3306
4193 23920
10084 1523
3129 12659
18235 12223
6552 20283
17982 29342
23012 9305
26800 12804
11034 9469
21260 1517
8356 21963
22729 2516
10467 19908
147 11631
23214 21691
28889 11096
27195 18008
24001 10786
22944 23259
5504 19798
1587 11300
28864 15637
11586 13783
12604 28368
10287 20072
22895 18493
18935 5070
21805 9566
10905 24158
24071 28390
22353 27206
5719 29372
17574 1875
24560 4226
25167 5939
7077 1542
23007 26785
24117 7589
11384 16443
27388 23053
20048 4608
6269 3440
615 12462
1862 16210
12703 20467
24830 6160
23582 18040
11806 29444
14202 85
19663 24447
5690 16135
18103 18815
2826 25037
3484 23287
14693 27918
13803 8310
7362 28160
24996 231
19215 18647
22635 34
16415 5140
3105 27066
26782 3632
29142 21981
21962 17233
26083 22511
18837 18022
3644 17083
25531 29356
21255 12442
23324 17506
14427 9014
28734 7972
497 627
10029 16196
13571 6362
26160 19401
852 23163
29139 21364
18293 6535
7171 9352
6277 7853
23449 18842
18593 2199
5893 1571
15663 12180
14645 3573
13319 6861
19975 17385
19748 4353
21871 6803
6786 10754
489 27565
3719 519
23153 10646
22729 3309
9673 3699
14496 26008
22035 3433
5108 13564
23020 371
17648 3928
4645 29925
24516 236
7895 10400
461 1340
4276 12842
3393 20623
5419 26480
21872 22909
20264 25718
2145 3941
6847 9837
8732 4307
7201 9152
8339 2329
13060 18201
8565 27388
21465 5001
28065 25844
11646 11866
11076 21983
13222 2744
23594 11139
738 20141
23393 29036
4165 26968
18203 29978
27727 18242
1487 26292
6735 29629
1582 3649
8021 27001
306 28272
15485 2036
22504 18417
5403 14841
23827 26319
13468 17160
18446 9372
27200 21619
28343 13609
25711 21729
26465 12709
19822 22856
1718 4729
5893 26449
17149 25009
25781 15236
15630 26431
13971 13572
17116 8473
16123 25341
8609 17902
3359 16625
399 21238
10985 9549
22921 15817
15118 754
4429 3565
11287 14353
22853 3959
25374 29176
23078 9795
2573 18794
13131 7363
8792 17895
25852 22002
22815 23708
1206 27464
10413 5502
28757 10725
6162 19588
27996 16370
18949 21463
28327 24369
10957 2680
3790 21880
16272 17123
21610 27554
15469 15440
13438 10617
8616 2674
15324 19440
21210 8392
21283 24143
25951 14258
9885 17936
23478 2529
6243 29647
8483 24208
5769 29661
17756 9424
11034 7107
9787 6838
23879 8808
12002 3814
16161 13369
9527 28424
12264 29882
17473 7276
17242 28923
14848 20389
16206 3649
23014 4740
12496 16238
72 4563
16087 23482
14527 7560
4839 14287
22358 3044
2530 17467
9610 2175
1249 7326
10200 26828
28631 2241
1483 3736
12421 4615
17868 15171
5442 29150
1085 23598
11374 23052
7408 9783
23857 13543
28994 24458
26987 6438
17930 24772
19022 8042
17398 6463
15000 21562
10431 27890
18483 15408
22147 27999
17015 969
14577 9904
15646 2579
19522 19888
29140 8325
28230 12018
14226 23657
21731 28501
9958 8386
4104 13684
10669 26261
2328 26016
26462 11369
342 13400
21674 9037
23729 716
22160 3336
19114 23583
28058 8326
3323 19262
18141 27516
11748 17682
19481 11936
26088 2505
10454 6571
20445 27092
6604 10092
26285 6270
20572 4523
1729 15101
15004 9559
22989 11413
18055 841
4634 20767
19808 5755
10887 18200
29573 21817
7545 28652
24632 5703
21388 3490
1619 9857
26718 20816
13208 8181
74 5626
29490 18476
11379 23351
16383 18213
23120 23777
1970 2350
26453 10545
28903 14773
16502 19583
17479 23431
6547 26580
10371 19423
17521 24258
11047 16112
2821 21946
2888 22888
16094 9245
21461 10808
2109 16868
5630 4240
26637 14022
1283 21007
29406 18927
13907 27085
22431 9768
22892 2020
25787 1245
2757 4835
17111 18538
18694 9714
2954 24170
11295 27248
18818 6059
21719 13368
7930 29100
22836 1021
29205 20133
14178 29924
17472 21902
25901 18209
14094 19960
22211 1308
23741 5264
17989 751
24715 12577
13851 5323
13635 15225
5422 10746
20127 15021
27274 1209
6776 22847
13088 7035
16640 10772
11243 24292
97 1836
25813 8583
4725 3778
8545 18336
29154 4218
14743 98
18141 1983
20123 29357
10717 22916
14286 17435
28598 21336
22935 29752
8987 29868
9272 4926
21641 25365
23863 4534
6243 20993
23370 426
14175 24342
15048 23132
27020 18767
27626 437
24879 11876
22723 18983
16142 1812
29578 7575
23399 202
11756 17251
27380 7085
20835 13785
25505 12119
24439 1909
2210 12862
20470 9105
18733 28289
22669 22388
28899 14753
10091 6541
25148 5173
4492 28011
15917 29596
25846 20593
25792 1600
2611 19000
11478 12762
10036 16471
8927 4005
10893 1859
19682 2476
19461 19081
14894 29667
7714 9447
6496 26057
16263 14289
23378 15858
27660 24650
18014 15762
1632 20864
27000 8595
13236 21286
26868 25678
28895 28743
17315 27341
20370 5101
29053 16531
16802 25339
11495 19522
9480 1657
1586 3004
4308 2875
29622 3754
20476 17058
10952 4024
25988 27551
28506 14027
17899 29432
5798 24506
4355 28879
7674 17129
12496 26731
21379 9922
17040 8870
6672 21804
19758 23666
12972 21348
7079 8873
9367 14381
12303 24734
21650 1924
17609 24930
1128 2697
14582 15445
9114 3152
28763 21454
18463 6128
2477 6815
12054 4619
29750 28465
786 22258
28838 11800
24499 11196
23679 23088
19304 5096
21247 333
27097 24091
13374 25015
25279 7610
15598 29749
1669 28851
17945 27501
6253 19254
23751 21276
17708 8129
3168 19377
18808 24025
12526 19897
26331 10100
6181 23850
3930 15873
12773 9706
20689 7593
7017 25988
26952 29477
29702 20502
24266 13789
11966 23238
26893 3752
2752 26314
10278 5219
10885 16533
18178 4812
4169 8779
24505 9021
17361 24857
11514 22646
14604 5300
304 14580
25810 2037
19135 22011
17502 5601
18911 7829
19876 21650
12980 22753
4136 18285
28722 1266
4574 25548
12942 7566
19588 20789
8041 12380
13236 9786
13944 24970
12538 10933
9847 20650
5833 18705
15581 4255
22178 9105
29033 18063
26514 17873
13293 1727
10047 49
2945 3745
12443 20939
27576 19183
23754 7945
5968 9628
16710 14522
16797 12465
18890 14438
17110 21995
6098 10861
20276 22133
9318 19707
17404 9117
7003 27907
11913 8617
18844 11553
14033 11340
1444 15202
20516 19572
18376 20281
24234 9337
16076 19688
17962 17882
17546 10285
5038 2461
6085 13880
21972 23516
6705 8446
6191 13998
7710 18818
179 21300
18453 7168
20839 24178
25682 6637
8503 5863
13750 5854
23282 23768
2995 15681
2065 13049
184 12639
4450 11509
7806 24802
24427 4648
22686 21074
3607 17674
27004 25733
16164 2470
11000 16351
28880 7286
335 274
27057 11959
16780 28473
12036 3585
12646 24016
2251 5587
1558 26388
9525 21907
23990 24610
13393 7306
17867 21892
21686 11943
3189 25492
17784 16684
25577 15054
833 15764
2007 17659
10287 25814
16322 6140
16604 19626
14841 23219
6294 15737
17142 12234
23966 5811
7165 16040
3839 6826
11927 9689
27184 14919
17074 16287
29400 26866
23079 5871
11798 29904
20024 25820
26408 1529
2252 11311
404 23499
8542 12940
12290 18393
24567 17549
2080 28834
6781 12401
28010 16856
4707 7329
18559 16509
16842 7624
8937 21167
8698 18863
9288 20009
9186 23630
312 5393
4729 28062
14267 15450
26438 4201
5823 1420
28048 7028
9209 24193
13970 8320
18035 14643
15606 14527
4144 24890
762 18158
23022 2324
16178 7554
1906 29940
13260 9840
2247 20945
3898 739
8791 9382
10618 18178
26748 2306
1426 27076
6824 16929
7183 26452
10819 11752
11233 8225
3702 21966
11179 16630
11481 16968
16283 22608
23055 27350
29501 22882
22144 7049
21993 4287
9166 10216
24656 12717
14436 3327
10204 28390
4048 14939
29413 9316
21942 29809
14164 15275
5923 15300
12978 26438
12484 16084
11654 1672
20076 354
14465 6131
21353 16035
11708 25233
2502 4516
15335 5717
24686 29851
23249 6318
16391 8525
21400 20249
23040 7615
10587 19621
9333 20656
26674 16758
13300 1461
14866 7098
10186 28561
1700 14823
11911 29849
11113 7763
25551 4024
15390 22586
22892 22098
2741 28144
24930 26637
23195 29152
24151 5161
17260 28106
26682 17146
29685 20534
3541 18658
5951 118
7192 25754
22622 20141
14286 1201
26506 4461
16170 18783
2278 16365
15151 7522
3795 25306
16293 14891
1390 6424
17409 6528
9590 12095
28495 18503
15532 19561
11634 1938
22788 5894
9217 18421
18311 20379
9987 8467
16951 22573
7158 20484
13575 2652
26935 18531
21907 24995
2349 26389
12297 29631
28044 18271
844 12428
3238 8538
3490 9668
24768 20582
12405 24898
2934 22119
25685 24293
27073 11902
678 12404
13171 9046
10371 14722
13352 25412
29692 10561
22777 27694
16259 20989
26353 3250
2762 6265
19980 10360
21782 6290
15694 25294
14791 238
11643 11745
27084 12891
28678 1092
1943 23323
11963 29835
6996 5809
16308 6674
2931 24952
5959 7346
21604 26457
10578 24099
7358 21484
15457 29009
4013 17012
15583 7078
25239 12959
13957 7544
10234 1166
11790 14698
8093 7520
12327 18453
22339 20658
9439 19437
11269 26613
8070 10474
7160 8073
27437 9057
14181 9794
21627 21135
11698 11646
29510 2253
29422 16806
10256 3039
3612 23790
5076 3587
4848 4451
24661 22653
28561 27363
18978 17247
22037 16569
29192 26922
21974 15360
5678 19685
20975 15608
673 21009
19592 1352
15068 13668
23653 11223
13950 12014
7145 8709
22122 965
6277 6495
26896 12270
19608 12668
18247 14158
14006 20496
26449 10541
22105 26454
832 6467
23041 27125
11594 3017
26368 19048
14881 20621
18083 10007
25981 29294
782 19087
24753 2192
26220 13188
5511 22847
29856 8640
10218 15287
24253 28155
7747 4743
15785 29153
3154 24743
17679 2468
8260 7274
7754 22371
21184 20391
5102 7703
979 28365
28716 29899
21534 24070
21782 5491
1648 14905
17077 7778
4485 12721
2266 23938
3941 10643
5826 15793
17149 16536
19009 25423
20848 22485
5181 19075
20285 24912
3675 3215
7898 16909
18679 27933
14508 3514
28147 21346
10834 15323
8578 29752
16210 12922
9853 16920
5308 29620
3841 7237
9817 27351
5704 4850
17200 15814
935 13534
20806 25752
27931 10507
1604 8726
22268 5976
16003 24027
10984 9519
17911 20898
2425 17734
10781 28646
4786 28602
4116 4529
8131 4816
27790 8865
6777 12315
14644 25297
1652 16136
27963 29997
10285 15148
15561 8306
22283 24328
13454 4665
25152 11893
23737 6711
8530 11047
60 2834
11383 13628
26276 4966
24891 5446
464 28295
23666 9416
11557 21567
28224 2829
1301 4493
5478 5222
4730 22198
22662 1907
22515 1602
3417 481
2754 14406
2333 22138
27488 4782
15893 233
19595 2441
29878 17359
18966 11686
18720 18616
8121 11162
26711 10681
4447 28618
1168 10200
25852 24544
8024 10577
22692 1761
17560 347
11631 13851
560 28468
21995 21026
28862 4443
336 24647
20718 13751
687 25148
17103 4487
6060 13762
1881 7574
25022 14763
13727 1431
19640 4852
26082 17305
28839 6875
26437 14084
25970 149
14203 464
20467 23721
8231 14358
22648 24939
5208 28728
29416 1236
15633 29877
24450 28208
11471 13651
12691 8561
2932 2456
80 27847
6388 16484
26348 4574
22781 17234
2503 17913
14375 26715
24615 26183
18290 22463
8431 24540
16116 14057
11438 10589
29293 934
10859 10332
24462 18307
1454 7547
20801 11583
1237 14082
8817 4158
15705 13038
18355 10776
17195 23047
8728 20528
911 25211
6928 11881
2597 17553
28303 22343
25052 27323
15524 14002
4784 29974
23038 7256
3145 23772
19836 25543
10351 18903
19066 13686
11580 10369
3816 21187
5465 13028
1912 6802
23813 11653
13128 6315
12410 17887
21810 12899
24638 20
29848 16966
3537 7195
19481 18053
14033 17887
28260 15279
5115 2277
9865 14033
4345 103
10603 24680
20413 1096
12319 7413
820 1365
8060 23237
8773 29005
6087 17170
3898 27682
5395 2727
4444 22845
14217 21899
7150 15885
22532 18810
20986 18308
27252 26289
7548 26802
13086 28103
1848 22761
3555 23244
21270 1434
8808 23121
5862 11986
4461 18945
16359 1583
19867 10923
13375 27360
23560 1874
29359 306
3195 1734
22020 28458
20694 28513
25691 19295
15174 13013
4223 318
7743 23275
21521 957
3308 5649
6060 13631
3932 20623
4370 17375
14879 10827
6278 8185
11168 25502
4554 8777
3501 1503
7223 2225
17571 20218
27773 25600
25801 7558
8159 13325
6638 17211
15109 9601
3590 24754
16149 25146
20302 1076
16381 20888
13743 974
28246 11811
14093 20363
25139 10396
23116 24060
12786 15785
27998 23394
1304 13689
17154 6535
6918 11555
15566 12693
20889 2228
22057 14122
12397 6504
16699 11283
12364 28507
7748 1022
18646 25076
84 25154
27665 18821
27039 14579
4073 21188
16597 27491
21758 4860
18605 12809
18744 11295
23546 15804
9726 29480
24560 13892
25777 2528
16649 7138
19019 6270
4563 13369
24100 29765
16634 634
28494 26403
16886 17417
17345 29187
13423 22217
22315 9610
3173 14120
968 23889
15653 1891
24220 13515
26074 8010
6899 29458
21439 24807
11265 25780
26009 14567
20688 9958
16503 27376
8699 19462
17852 8882
16342 5321
10730 23189
10990 1773
29897 17851
11343 1723
23451 18438
5040 14313
3242 6503
24742 24302
11843 8706
10537 16482
19834 20618
23024 9539
16596 10186
18069 24733
20690 20050
1084 15860
6632 9566
20418 6742
21850 657
26930 18029
20959 11379
4295 10012
29421 23667
12813 23157
2531 14205
18541 23872
27326 13592
9941 3650
29936 15799
17994 1473
24970 20324
22263 25993
28790 20666
2108 26236
27326 25546
1106 22313
3096 21814
753 26976
8597 21747
26363 7931
13688 11179
24446 7494
13940 24926
19392 28221
21035 1976
21030 23788
17915 10178
20986 23211
8806 17179
9464 28624
16723 23216
19754 16960
20011 26431
24655 18199
11954 11902
25625 27764
9238 16968
4910 7518
25444 11933
8438 2003
8072 892
2075 4667
7552 15030
16680 28807
14132 25035
24414 26915
26876 23124
7927 27933
4625 10467
29291 23586
18495 18838
6632 16156
3418 536
4609 18435
25877 2965
2841 8918
22252 3954
7608 12972
27946 25563
22061 3894
6399 15113
5667 29644
1300 12326
4558 2088
12960 2257
3253 14081
17538 1630
17422 13355
7263 15184
9121 26789
15385 18435
21876 6308
23415 7270
1426 25608
12714 19545
12558 24160
25842 26181
28489 27296
29212 5675
18235 24338
8305 11464
22980 22017
11993 23713
4540 1204
3331 103
12013 22399
14497 29965
7998 19744
3480 12650
26384 18657
363 25874
25101 28236
1129 28563
17096 25117
14546 2339
15262 26282
7740 13143
3976 3523
22503 18229
16401 9388
24944 8219
27720 25200
27729 21455
28982 16845
7327 10371
19969 28601
3822 17402
26788 15688
15679 26710
15293 15667
29284 27740
15932 20126
2499 18168
20582 23681
671 8448
19291 7928
23458 10748
15195 11404
28217 8165
13297 7784
3853 26983
6101 4569
23057 27470
18651 8336
27111 2433
5316 28425
6866 932
19152 9483
21292 2467
20574 21112
7869 27093
7028 24871
3290 6883
28078 11941
13142 9608
10301 12343
22736 10241
16240 12217
26335 5655
14160 4944
21189 6995
12087 7159
17665 16161
20015 21205
6675 4630
8996 4608
10418 27065
12333 25138
12654 15819
12291 22699
25044 11501
24419 23574
4696 2827
460 2869
18235 8387
24683 19584
22253 25606
16792 24705
3171 18532
1484 16864
17551 7803
4885 6979
19395 21922
21360 10867
22932 18121
28856 20366
22405 4873
7217 862
12480 4400
25794 25778
15942 21310
16592 22325
4407 16817
22984 3155
9645 28440
18517 1246
18227 7660
15301 6897
20862 16549
562 14616
9599 20982
5524 5308
21464 20272
23820 3832
1846 29875
25469 12682
5941 16353
2068 17308
23664 3936
725 17257
14295 23211
23089 14790
27353 10449
23160 233
4553 7341
5712 28604
3681 9715
6190 23510
18331 20750
9551 13331
13171 12002
27634 4082
8926 8010
8380 5959
12495 6958
20440 21649
7191 23449
5195 19605
26493 8835
7970 7157
27696 8895
5847 4778
8908 2825
1309 1581
10309 1541
1509 26548
16522 29859
27749 20116
15842 29179
7364 15746
9109 4123
27431 16955
13901 24907
6179 7454
4608 26481
9229 29505
23178 25766
1112 21951
4261 27257
15401 7760
4605 13367
21799 11299
13079 27049
4345 25928
629 25243
21883 27514
22828 22712
525 29176
23240 22949
20591 18014
3957 11760
22757 27634
7191 16534
3112 9640
12997 15403
20 4246
22856 720
7789 10600
19139 27596
24802 22153
10256 22171
14385 21791
25910 8233
29608 7022
1242 25795
7770 24381
24630 17677
14395 6786
2045 10867
299 1075
26269 18340
3680 2013
26728 19386
24560 10730
19184 14933
1314 17926
4929 22713
8847 29373
25953 28365
12251 10528
12851 4779
29551 4216
4927 5693
25952 29481
28381 13805
20272 12889
17035 18922
10373 19818
17163 6222
27074 23754
14838 11822
27823 554
23303 6657
1118 10796
3910 2997
28997 29129
24811 16309
11100 20619
29335 3687
2251 12246
20837 13527
7674 13584
18809 21243
27109 803
24466 9962
11584 5251
11895 21937
2359 18538
26441 26678
22008 13381
16257 275
19727 3461
2231 23033
25299 23831
8496 21650
21692 20930
5753 7808
25080 3840
28056 24963
22400 4508
16879 1558
1940 13323
10711 2037
14392 5965
26131 23883
13351 26507
17682 1213
16629 2804
7520 5412
2525 23776
10663 27181
7356 9034
14096 20986
24553 11962
18646 13950
28389 29330
7173 21006
7860 1293
2668 10812
23234 14299
21915 22462
17233 13246
8612 23935
29661 8243
29637 24582
27724 14980
27833 26812
6945 23768
23696 26842
1771 24472
14712 19833
19818 24660
811 18229
2923 25533
12908 21190
27768 16680
13675 28145
2402 13134
29412 7301
18892 8987
28778 11824
4526 24751
3143 1706
16035 1230
4256 550
18684 2833
5237 2724
17058 9369
23480 12192
11370 4305
12719 1639
21179 22631
17639 21674
10315 25903
2580 1802
14107 16794
11709 13956
5653 26027
1954 6443
28921 21240
2096 5950
9936 3909
16329 29065
14103 26651
26119 9571
13478 8093
27619 25920
28486 8161
6883 23940
1541 15935
16991 7095
7677 4342
28980 26781
5808 12809
21017 28428
19051 24715
15882 28832
16244 3186
16873 10599
21534 10795
27894 6017
28784 28238
13852 25805
12094 25797
17108 2971
19351 4060
3016 18496
3458 22524
29465 17629
26447 18
24147 24719
12825 20016
28585 4071
4644 15186
16552 6381
23596 15895
7243 23475
28930 20623
23523 20733
17798 17169
3064 21130
20249 26372
9865 15576
27881 930
27065 651
7921 25677
13199 15217
19315 636
2775 19830
3368 29355
15778 684
16644 17753
1712 28863
27717 17055
26322 23778
9150 14196
17874 8242
7480 5355
23816 11926
3013 6548
12347 6471
2521 4694
17851 12057
29438 22807
20053 23788
21124 19586
17680 8519
12286 14791
23118 29705
1126 12396
23460 16566
25870 23618
25077 18268
9101 18807
19904 1938
29226 14556
17853 14327
8184 16913
29848 29906
6749 22587
17182 29101
1803 27003
28174 4361
23570 17368
15357 21490
4735 4239
3470 7166
22486 21052
16972 10668
2056 23651
22388 6703
24855 26781
15678 9015
4078 9858
3667 20456
3215 27520
6142 12607
15346 11426
27583 12938
17784 23604
19948 29533
6164 879
2348 9458
14123 6750
17919 439
23846 15627
17809 18296
10503 21047
11706 25390
1285 19911
28764 29115
10415 19481
7890 22707
10465 22970
21806 5028
8933 7636
19975 2065
22139 26741
28813 22013
21159 18056
20560 17007
22713 16666
18399 24844
22697 11742
29786 11596
28115 9606
7847 7260
24446 6637
12368 14116
490 12171
7994 28957
25451 12392
2779 17069
9297 15486
28580 9582
2664 2849
16172 21957
26301 9853
13796 12243
26128 15245
3551 7762
15219 7425
2361 2929
16834 16221
23167 3851
10699 26179
8210 22616
13991 6333
4472 10400
708 14468
6643 22792
28376 5674
12650 3813
684 17473
18235 6399
8640 8954
7914 13499
10675 21399
15086 9264
17686 29125
18170 15374
29005 26980
16261 24334
25765 15035
18620 16479
15593 26084
24906 4448
12802 2121
11921 2223
28137 23951
22359 11367
19428 27383
14589 10955
16932 20904
24144 8234
9801 19734
7085 6497
57 9565
19435 9587
12561 26019
17649 3143
17703 27025
797 29362
6158 8785
15546 14282
20411 9319
13395 633
1720 677
18505 4628
18601 11577
13519 19652
4415 22963
25579 21801
17990 23332
8477 22756
2580 20969
26931 23432
21150 16300
21249 29565
418 18752
25949 20660
29288 21674
29854 12497
5635 9389
28624 26561
19047 29801
6583 29553
186 3356
4418 5068
4647 12013
6133 10398
4631 29145
25437 21315
6533 18184
9326 28723
7229 8094
19117 5903
23204 23390
25452 10681
6261 21342
6945 4462
4964 12355
24352 2707
28771 27238
22333 20437
6223 25917
17456 2849
6921 22060
17917 3519
24494 2584
12444 8142
26095 12403
17378 21334
2753 18571
17782 25778
21032 5467
16155 29781
8 18639
21076 10235
22739 4694
25638 8633
7143 8499
16897 8291
19719 11510
13333 28566
24981 4755
11944 19931
15929 5212
11942 29547
27430 28078
7029 11930
17335 10516
10314 18249
24589 23558
6705 22847
13560 25921
18541 3293
26007 7702
16964 25784
6902 18148
25171 26553
4734 5220
10259 21184
29248 19124
13016 14452
6472 24220
25735 20641
28316 18904
18664 20527
10023 21815
11207 18396
16334 27747
21 14296
23085 27297
10102 1916
22611 5918
27939 8967
14448 568
27840 8312
809 17491
16825 6735
15376 29623
29174 3220
1837 4035
5809 19003
1644 29710
4785 3249
13998 8048
8049 18813
29222 3584
15936 14872
29921 27793
8310 15895
772 13540
21664 6385
29089 24493
27736 15004
17794 1548
5233 12886
26416 8172
20001 3766
8257 3513
1737 3572
8712 1229
9701 20706
9790 11459
28885 22541
22404 10078
1903 19031
25931 19529
24331 20063
6441 8729
20845 28722
7125 8707
29177 27720
18135 21823
12407 6572
2584 24193
8184 16032
14925 286
28625 29269
4889 5607
18379 3711
20401 23235
27827 21962
775 6672
17026 11684
10958 15796
2928 19618
4974 18433
4034 25430
10153 13859
29451 424
13944 25526
22570 16505
2977 3619
26613 11846
2138 20607
5225 29895
24587 26480
25016 25903
19195 14119
7859 10409
3942 11491
27792 27016
2432 20231
11718 27947
18195 11299
17047 3501
11585 5394
2016 22976
12443 11656
406 29391
25375 19592
23637 14122
20626 12761
4669 6540
1751 6843
12488 25444
28784 13464
6756 17727
18612 757
9202 6096
28421 13809
28983 16665
25811 1298
20648 14062
21655 17633
5690 27269
7480 20164
5467 12890
25299 28955
14589 24401
6100 24353
3341 25101
25541 6128
24481 16650
22151 1102
1809 23911
1758 27694
11855 15391
11689 15772
9502 16282
25214 3640
15819 19185
507 4428
13987 5166
4857 8269
3885 7265
260 17813
17667 12202
224 2209
5355 25577
15657 1007
13705 17081
28544 28750
4249 9242
20536 26362
28804 17405
12737 9363
16210 2717
28423 29161
2562 3967
13216 4002
24221 5318
1301 25773
3870 6438
19533 10326
11208 3642
4359 25375
29791 19885
28571 13255
25205 27882
22765 20152
5255 27513
3088 20716
17033 15327
3386 9682
11835 7465
10379 7483
22322 12569
1265 2825
963 5370
1197 250
13563 23793
23078 18725
1671 27622
11080 20189
8950 17448
13097 17905
21592 22504
23184 10602
28088 29468
6757 25749
13049 23889
16771 17227
27444 17734
21336 10829
27239 6457
28516 24297
24001 25447
12988 993
694 14127
11950 11679
25486 11559
21086 18096
415 16437
27518 18598
12750 25525
18951 23511
3998 11223
6937 12463
17221 21693
16138 29535
8587 16
20218 16338
4649 26699
28619 20008
29466 27487
11483 24850
38 15380
18614 25734
15959 4616
4438 6871
17213 6330
15594 5245
24512 26152
7717 25814
29280 5747
830 28679
19829 10674
16034 13968
21195 19944
16458 28456
24302 26230
22488 14317
8837 28576
20013 15198
19499 2932
447 27370
24054 4993
27634 29909
2017 25070
10407 26277
20850 10438
25533 8606
2305 28422
28213 27203
4710 28319
15500 1331
19177 28033
26473 2159
29557 12835
13294 11105
5302 10185
29777 20781
989 15450
23640 29084
15935 12014
322 23450
903 28821
20732 16951
7428 2633
23371 974
11112 26806
18133 23190
4507 18110
24330 17786
19182 15452
26794 25913
23568 5471
10444 4944
9692 14391
15233 5967
10723 11446
5113 11290
16285 1739
1226 29600
28892 25373
6219 5807
29520 9170
24298 8597
20450 4004
15161 19343
23292 26005
28375 1364
18 20138
2069 3683
3216 4376
8581 16931
1475 17164
5067 6749
22447 6850
27240 14378
24731 26213
2615 10582
13739 15822
20594 19660
27945 4749
24788 17077
23275 11487
13371 8284
13341 29698
24455 9009
2054 9218
24282 27432
1729 2062
4371 10027
21946 29404
15439 13640
27768 4905
10436 1857
9524 20756
18028 6020
29410 28688
1272 10428
26867 21178
23626 18250
24335 5809
28398 22075
6174 22952
10370 13344
914 16712
13111 6265
5494 4721
24469 23917
3419 20621
12021 15421
819 2619
24959 15529
18900 1739
7878 944
28569 16368
29337 5883
27117 6095
25574 2376
9637 29864
8923 8427
29025 11270
21419 2983
18637 1281
11736 1597
24595 1477
2023 26871
880 15763
15911 29711
23994 13374
18885 13893
29944 22128
4730 29185
24795 29270
18211 16030
6562 24908
24888 28934
7482 20468
25050 24310
19629 1404
12640 27456
29186 380
8217 7858
26631 28953
6276 22439
24854 29425
21338 6278
2421 18980
15639 7904
496 22464
17308 16778
5353 27442
29663 21141
25545 29427
11222 8005
1208 10713
9194 23832
29063 14330
26327 3881
10003 28678
2623 25417
25417 22552
14694 20168
11999 12663
6238 23010
9299 26069
21955 21829
16786 11456
24611 9277
10900 20590
20150 9267
11348 16550
26650 20454
10509 11228
26532 1583
29791 26435
26056 13317
15644 10566
17743 19288
24196 12059
2558 6190
16945 1219
14181 27903
6070 151
7961 3638
22019 2760
15251 29302
11185 20831
20153 3627
27555 24065
265 3816
221 799
29573 26038
14788 22499
14895 9043
11791 24307
26482 1477
1127 10273
22577 17752
3040 858
27866 5248
27934 13934
7673 12114
28048 19580
28745 14666
12694 11461
29984 8784
22648 6334
21505 20925
29113 1829
27191 10492
22275 7013
28310 17607
16373 8698
23564 11920
5770 2520
21996 2117
13512 11024
16452 24429
11797 25870
24239 28923
14838 28780
23891 28656
22491 26577
11990 16586
28388 26707
21709 6926
23762 24755
15512 7055
19944 21331
17393 3951
21724 2029
12967 15427
4557 2026
25052 2102
27823 14819
17505 13476
9141 11638
13948 13407
14739 25051
21930 14075
23910 3913
9191 2577
9672 18563
7999 24985
21052 29058
18122 20166
17425 1907
14579 26268
14606 3699
12143 4418
1753 27291
785 891
23033 22927
15880 2565
2397 20607
24412 13811
7634 26488
26529 13673
19776 16680
1458 29082
1126 10292
21444 22394
25375 15747
27557 26806
24298 8721
29800 3571
18589 14544
29417 27103
28191 2396
21593 17751
15062 11987
11119 25089
19376 18724
12747 13922
293 14626
12903 6751
15236 27965
15522 3022
27887 18142
25509 15935
6727 6050
19502 12311
1876 14531
20628 17087
18754 25958
10421 12131
8236 13333
12904 19594
6655 29649
27002 28059
21701 23395
27125 2252
23095 17115
22281 5034
4621 19741
3309 29828
14054 27360
9700 16130
24235 3345
20248 20508
9313 27947
15942 28734
26289 17745
18399 12936
21281 29478
28867 27361
15542 23604
14220 1831
25440 4792
19172 28040
13053 21131
19654 818
23067 13527
15789 29677
2784 1901
12929 15129
2283 3217
10601 10211
13576 8624
24236 21057
22537 28653
20532 5683
19530 9108
6749 9586
29207 5898
8727 18460
8760 11016
8618 16135
16684 27097
26148 11746
27210 2554
7260 21486
7288 17749
28233 424
16176 13872
18339 5233
2447 2071
6536 22830
6079 24984
20019 3616
22037 12904
25027 10574
13775 28880
22626 22843
17119 20273
7802 11187
22314 12486
23947 1306
20042 18099
4388 13637
29287 17886
1369 15882
21082 766
21721 7272
24554 15980
19574 6872
17932 26560
19363 2989
9478 21424
13839 14577
667 6659
1950 12857
8526 11403
130 27770
9396 15941
15765 1438
5854 20169
5609 17394
8729 11098
14435 26930
15096 7630
4135 15683
26178 29198
29226 19619
19118 19441
2026 18012
11882 1023
13253 26622
2515 17464
5181 1716
762 26126
2073 22380
1331 10527
13912 6249
29081 23811
7651 19367
1703 5193
11659 585
811 27866
12896 5709
341 6596
14150 7379
6935 16741
4411 22870
11997 27865
14923 5628
27165 18837
20647 16349
24354 28299
18978 17539
6514 24512
4383 29487
869 23233
29660 20278
5107 19933
9297 3102
23253 4540
13721 640
3440 22761
19864 4350
19829 3824
431 14344
25321 19352
19432 22673
6582 2633
21213 17828
22545 19879
22697 20027
1491 621
27153 11384
5410 2016
4936 17002
28279 9864
5786 19959
25356 10279
1443 23351
8101 3511
1944 11874
18044 12407
16509 27810
5104 12731
28964 24088
7388 12381
16654 21443
8115 762
17362 162
4109 26836
19372 17325
20723 5214
24523 28571
15929 2997
3350 3070
538 1685
10668 21776
9247 8085
17390 14940
21067 9949
15857 9592
28929 28968
6804 15316
23910 10098
28142 18854
4919 4263
12471 9877
7859 1052
19017 11878
11333 24923
2425 17089
7177 4967
12067 23822
22345 9156
15560 2654
3539 29044
26233 5630
2779 22218
9776 18624
24852 9221
16583 25926
29780 23557
3114 5817
26911 3825
23485 1319
25926 16361
10813 26642
6626 23198
20784 5616
2969 8374
12685 19649
12524 25710
11742 12182
8369 3638
13109 19823
6899 16687
24600 28789
6789 18941
11368 21714
1189 3280
16150 15816
22941 910
827 4937
7556 27116
26983 24449
29372 28540
25251 17932
4369 4178
21926 5754
23939 22634
29402 5865
25257 3171
523 14182
15232 6942
12121 27551
24962 13519
4006 12133
13340 13198
17582 7578
2671 9727
17324 648
29637 24906
8167 4915
5238 3573
10489 11388
21281 14376
7930 16757
6456 24266
11095 15115
25448 18475
24366 24363
4549 12885
18139 28561
14281 9633
20973 20279
14774 16035
1366 13756
12050 6765
19333 4276
16687 16265
15021 2238
17013 1859
17026 28671
9647 1705
12117 6405
25038 27448
25318 3765
24733 9468
24636 29024
13443 2746
16037 10650
8279 28852
1281 18973
1584 9150
5993 21769
21044 550
19139 1273
1668 12218
12899 28936
2313 5857
7965 3118
14131 27722
7305 27379
9875 25666
11240 4278
16673 7023
9567 13861
26804 28473
3983 7391
20205 5113
13973 26530
13964 8439
10958 15317
18778 1153
26471 7160
2311 7768
24650 14862
19938 27472
3327 24763
13383 12007
26570 12993
16663 18150
29719 28584
11277 14485
8428 8634
4442 6362
19953 6713
20046 9461
7464 5783
3324 460
5986 27591
25664 24218
23333 26819
13775 20166
25848 20180
27446 23781
27668 12555
4670 23710
14403 27028
10004 28542
10693 8983
7592 29846
22103 16823
29475 25085
9816 20862
5328 23491
10407 947
7949 15399
24986 27623
21872 21128
9046 841
27311 25524
25210 9474
28719 17914
22850 4585
1570 27695
11408 8628
8666 3100
8127 11358
14151 26321
5326 29150
24007 10873
9700 15301
15734 9071
19808 296
15374 8641
2125 2332
26689 12053
25905 14154
4889 6139
17731 3307
5757 17238
20798 8251
26902 6079
5425 24166
14257 15771
29028 8049
14161 29386
29515 16956
27832 23581
17211 2504
23271 4313
18528 2413
28714 16844
5862 22619
26777 4590
16304 9079
1172 14295
12573 18662
23097 28088
21607 12909
21231 29143
5315 7516
8917 29646
4507 9367
13939 7568
1469 3909
26604 4859
20383 7471
17868 26537
5176 18924
4504 24038
24357 2673
2953 26446
26933 16978
19184 23775
9781 7136
27077 12921
16236 900
14910 17925
17580 21447
3603 4475
29457 14551
26348 20302
513 25143
13629 20171
25475 6527
25367 4938
11542 2751
13432 8280
17808 8582
29832 977
277 25851
10000 8207
6142 18112
14965 19989
23300 9359
18056 7527
10132 20978
5699 1710
26015 11864
5717 28927
10483 29316
5669 19024
4461 17068
20550 27578
22691 13059
16993 8695
8091 28735
24490 27527
13141 20632
22564 24942
18841 4612
4638 19190
27824 24842
26037 28236
6665 7429
7428 5888
26947 21560
9040 5855
24707 8777
14848 29220
1139 2156
597 17340
18915 759
27003 4131
24274 19074
21321 7275
22740 13077
28031 18709
19213 18632
20644 3108
4652 6151
7307 2033
29566 22378
21920 18152
21575 21191
15016 13022
2930 21106
13090 24053
8617 6873
15133 11152
26265 29810
26669 17874
11273 6885
7712 10105
14124 1451
23846 23825
8545 8157
26150 7128
12204 1051
780 7414
24839 4251
27305 3582
482 24738
24721 14264
5874 20644
12907 26707
26234 7075
9708 23072
22700 28143
9169 12279
29968 16299
1136 10749
9143 6426
23982 8197
959 27016
25517 12921
12410 29731
20476 27760
25067 29609
6399 17232
7576 23612
17233 5913
7 5969
13188 18251
13615 10940
23371 12971
426 7773
11440 1477
13946 28138
11294 3199
29914 14213
27763 14627
16403 13003
20848 20057
20848 19697
11229 17337
24753 5732
29805 5708
12189 3992
17015 18248
26453 17957
6768 14422
945 29941
16939 23088
3525 15781
17070 4493
26416 1526
3542 27155
11879 8470
944 10369
21378 7960
29270 15511
14084 8696
15303 1596
11122 27922
27446 18107
1990 10895
4633 5945
29060 29322
18801 18228
23598 625
12819 10876
21916 8046
2388 20495
5107 20677
6718 25210
6983 27570
17133 19351
13019 14113
19673 2289
15161 21970
26407 26704
10890 26041
27405 8622
12944 20254
17941 11979
22955 7908
8070 4040
21833 22823
23413 15861
3101 20952
1720 760
1889 22563
13167 11613
12953 27425
2506 15843
26908 28544
14014 28776
20919 26143
6294 3453
16669 5238
19819 20846
5484 29189
23294 19893
25838 13769
13074 26816
1152 27635
19375 18943
29659 28489
28077 2823
5043 20215
13829 21510
22583 80
28672 22797
7054 27227
24218 22414
17285 4597
16360 18611
23275 8994
8249 17955
29951 22494
9032 12826
29490 24837
20470 2740
2556 13842
3844 348
15921 2521
2226 16797
22883 28327
821 23403
2249 29125
2474 13997
1454 28555
26679 20607
22720 24357
22499 17240
25922 703
24639 13797
9647 16188
16008 18403
10868 20205
12260 18492
1516 12606
14968 20982
23243 29508
29274 5216
16372 13060
7377 29292
17848 14013
15772 1324
16747 23629
16311 6404
12250 23728
7181 11325
571 28128
26375 5173
16455 21261
6577 14992
10818 18346
20853 18359
9573 20749
18830 27462
6232 29565
15783 18849
24050 20327
6845 3283
942 14108
19519 925
27896 25272
160 28813
23104 14558
12786 8696
29973 17902
691 23938
28095 26118
26477 12253
28680 12115
21212 25978
4564 25359
9503 28290
10994 28914
18327 12300
3893 584
1671 20108
6725 19966
1978 8550
23833 28564
28680 16117
6569 16538
9244 18108
17070 13930
12425 14959
12847 5205
14359 2374
5733 8628
20306 12546
23115 26950
22095 20387
27346 3821
4068 29804
2149 24149
29624 11351
4420 25084
5002 928
10148 23312
21473 26520
6002 28391
16418 3137
4441 27371
3020 14382
29878 11999
1922 26326
24955 7979
18847 18417
27994 18364
19044 7177
18101 7273
26377 10289
28062 29431
22016 10024
13311 23099
22303 14757
25459 7155
798 28454
20398 25025
11842 3391
20451 18361
12688 4056
16326 456
12820 28179
14926 9176
1307 24401
10153 9697
9293 26268
24638 23015
28916 5469
1117 14080
2683 20588
17410 25434
13011 26400
13648 17713
11758 16301
17025 11189
6669 17041
27345 15525
19823 15412
8245 4556
17594 21794
17687 9675
9500 22654
5414 5688
2894 24947
19464 4839
14262 18375
3651 16779
27785 20636
6393 3916
2502 12906
17630 13764
12075 25063
12163 26237
23289 27711
26419 20975
3401 28142
1565 3668
6199 4601
13002 23428
16381 20642
6413 16108
8843 21056
10003 8032
8965 5621
28494 13098
3719 28412
674 1456
8188 5927
20393 19377
11719 28028
23986 24459
8657 16155
16383 8474
11893 16721
3275 14244
25205 29727
25851 5970
27830 19829
22712 16710
5903 13647
26898 10638
11964 3478
13559 8735
17201 4463
12534 17925
27056 12098
7549 14647
13974 8330
13289 21208
6809 29639
29922 18242
17292 13908
10872 9373
15902 3476
7038 28996
20075 23348
10226 20237
11258 15372
20641 14949
26465 25231
6330 5500
2337 20546
13479 6307
6264 7074
6760 4868
16603 21269
15929 13801
28386 26785
23032 26929
7775 26694
6643 1484
15292 24875
19507 25985
6453 14980
22810 9404
12159 24257
29039 4020
24118 1110
17937 2419
25134 184
12686 6433
15040 27708
2982 20852
17834 15308
9078 10370
1551 5013
5893 21771
7357 18880
5376 18591
17457 8033
28628 22928
10317 27246
5898 5144
7212 9005
2509 27577
21152 18826
23681 3556
15597 8316
28638 17290
10744 3590
29763 1243
19257 22013
27229 12362
9737 24491
14063 12146
17652 25351
4456 25792
21279 27927
25742 12829
3014 24915
26045 22538
13730 20639
12643 8151
8452 14703
24170 8522
1656 11702
7458 2517
28939 24087
23237 9640
13176 19325
560 29512
29188 7958
26235 7796
3166 19037
24613 6696
2480 12880
21842 24117
24506 2109
3124 10666
23881 21980
20367 14847
24453 25671
2846 5672
28750 19636
4400 13753
17259 24474
25428 23350
22134 504
8860 419
4246 13881
23403 15754
26002 5832
6990 12394
572 11621
19240 11904
29857 1738
23677 20666
4103 10169
4411 17902
7146 3916
15598 18067
14149 18206
8381 10334
12697 13404
21163 10965
25944 5258
605 1809
2070 29131
6652 15670
6788 27653
12373 3212
16773 11569
2561 22940
23360 3033
14638 19166
16756 25028
4786 10506
6653 22073
29022 1108
2578 21105
25717 9721
23439 17060
13116 16269
21231 4242
13744 9427
7232 14644
5561 10038
19554 7070
3811 28642
25638 15447
21746 23250
17893 28298
10142 25424
28763 18916
22702 19152
12541 2722
15323 942
6915 20899
23497 69
26823 11192
9880 19620
12022 1153
18041 5247
23127 21689
24992 1866
15059 22864
13839 5816
15644 18075
9501 11602
15929 29799
23308 29528
3943 23129
17234 16913
7543 23730
18696 24441
3584 10851
20946 25295
26851 7744
3270 27360
25866 8641
15197 4395
11197 18535
3766 20721
27482 10004
29121 15580
23201 13310
20381 26561
2682 1560
11482 3838
3326 29257
18902 26718
28392 26326
28512 3092
16748 28074
7669 688
9236 10825
9290 20852
6969 3803
18350 27343
29931 12440
26718 3099
8371 18730
3899 28853
18947 24571
16565 21964
18421 25406
5979 11941
21540 12116
11016 26471
7587 11711
16999 17302
17139 26783
13352 28881
15826 25432
29087 3707
4408 19043
21804 24074
18624 20999
11902 21731
4055 12119
17428 22365
7391 6588
740 20874
29262 19113
14609 19867
15028 29230
11483 10841
21733 25129
26634 13384
7030 17838
13548 7023
1891 10011
12433 1460
21815 11418
4562 14714
19853 21218
15507 24185
1703 20885
13945 24635
26579 25017
14783 6662
4136 22758
25840 20092
9326 1385
16132 15068
4156 24335
11132 15251
16276 19578
21059 9012
25275 21314
12074 18766
15682 4778
19646 29811
16138 17774
3210 18879
27728 22176
2712 15334
25695 8778
28755 3253
1880 23604
288 26090
12367 5260
19535 21425
15084 10058
19455 21941
6057 27655
26452 8854
26732 4110
24450 15250
3463 14767
1386 22509
13081 5965
7705 18024
25417 1572
20656 181
7083 7768
7415 17247
25733 4799
7099 23490
16855 4298
18491 25180
24859 4365
16714 19637
14176 10880
20308 10529
8074 9566
4284 18267
16097 28408
5685 10117
19568 20788
25664 24302
6016 17198
11919 15178
14597 16167
21217 17857
14369 14629
8429 10592
16216 24858
22103 7964
24379 24947
7477 9899
20161 300
23098 2855
7101 24897
29746 12439
15212 17842
1013 28567
12374 6541
21453 13862
5722 12092
19470 4441
27806 27223
5769 11924
8466 25809
3691 18240
7 25389
10935 17936
2460 20181
18717 7631
3490 8444
5775 18059
21623 8383
23277 29676
20177 25830
22142 20806
5957 17718
14332 13004
29216 16054
7832 4958
21165 24692
25850 26621
5846 19975
7654 1599
25462 5879
15923 20609
22908 19843
11283 4448
6600 4741
11280 8266
26015 5845
28598 24202
26861 5427
24670 14746
11744 15636
24527 14908
1914 20242
22818 26325
11813 10543
28184 24178
3862 25376
5251 27301
4824 20399
3033 12362
6000 9687
7531 10627
27068 7709
15866 27948
14480 3082
19653 25035
6231 7654
21138 6955
25119 16177
20881 12660
6952 1477
24027 24812
23878 13123
1707 16961
15073 3144
8202 13502
14534 4226
16839 18779
21341 15809
7429 27324
16358 2544
7088 8845
21138 18986
657 25349
10321 11046
14314 27296
28559 1432
28039 6650
19641 3527
28846 20823
23151 28109
3499 23401
23222 3646
4055 24906
10213 19721
25733 12879
10361 4488
25860 25980
17769 20126
12630 14819
3857 10872
18979 19429
22998 25868
2019 4282
16050 11091
322 22552
24959 23139
6967 24384
21259 24593
28492 5499
27214 7236
12003 11833
15000 4571
9576 23324
24159 28245
5309 13515
24301 1523
26489 15730
11571 19794
16488 8902
15426 2382
24473 10897
29185 6217
19674 26347
7538 4508
22691 29917
15204 8872
26939 18626
27149 1098
22381 1604
18671 2262
18486 28238
16871 14390
14892 12650
16148 22709
28548 27738
10802 9668
12146 21753
12768 16976
13759 13963
18413 18753
17949 12271
9218 25564
3866 7661
12490 3986
29902 8213
22498 8191
337 17367
17486 13244
23017 5810
3906 1107
19278 18707
29633 8422
2203 21669
21284 13605
6936 11902
21947 12982
7066 23817
20901 9669
8426 487
18612 11754
126 12085
4866 10083
20185 12792
29458 18639
29960 548
13691 15096
18721 28825
9135 18281
14985 45
20493 20648
8759 1029
14350 13758
17072 23767
19816 5531
5558 12573
20827 12526
28969 4709
18138 5074
4610 19436
20653 17529
5028 3579
23066 25483
12388 9215
13686 16779
29647 20315
6288 6177
8997 5939
16176 6412
18058 13070
5890 8416
27883 21482
8769 13683
14000 7866
23547 22309
22998 14700
11976 22204
29978 29836
17406 27369
24149 14974
21568 16767
5424 24575
20312 25937
25328 28745
4246 14578
28032 28413
15269 10382
300 20579
19018 26180
9558 25238
2503 26041
28266 14467
24861 9145
14771 10164
2393 22128
16229 4657
20754 7591
23631 29822
16553 19981
70 6776
18414 20551
5889 10563
7419 20006
25025 12087
15768 29578
20481 15810
9090 4888
23444 14122
7525 4104
28544 5576
6268 6043
19896 1733
9980 21199
16036 8216
12974 12748
569 23979
26549 13484
10270 10887
11476 15080
5361 15155
22957 1461
4771 10479
20088 8241
2998 949
1072 5796
7365 408
19428 2203
9043 10360
4655 16679
20807 27962
24572 471
6317 22286
23700 6174
15487 24699
12203 26616
22144 12312
24177 2823
21509 18913
9388 14623
18850 21325
4120 29113
21703 25830
11084 14057
3506 8759
9892 11954
10943 25749
11038 13868
1875 17561
549 8908
5034 19730
27643 6023
3981 1533
28402 20591
2454 25012
24463 1296
614 7122
12309 6554
6261 29817
14488 20268
6094 29373
10418 6462
7815 12365
1295 22604
26091 28313
20890 8562
22314 13969
20055 26131
24355 29461
945 16139
15772 16772
9816 13936
23687 13919
28119 16255
22669 12412
18395 4380
25613 9792
21975 5969
10933 18058
12895 8844
24650 14933
11676 25087
15371 16487
29437 11219
19583 21770
18414 14945
9222 12723
13880 26306
14271 10394
29391 24882
11561 1075
1902 28840
19153 26034
26342 939
26494 9504
25952 2373
12806 10992
17111 20749
21466 20796
27452 12850
2909 28027
24438 7131
3598 14231
13016 4188
7355 13134
23151 17571
24450 13268
23498 12270
4634 429
29423 9692
12290 1699
18637 11356
22157 9960
20535 10699
981 23747
18643 22917
10425 10440
7410 29467
26669 5921
20419 6249
6947 21164
5311 22148
7841 4827
18754 7859
8379 28323
19056 12397
2451 10472
13508 28748
16089 12468
20125 17020
5124 15958
16628 18906
20439 14393
7752 26464
5872 179
21771 17063
17119 22951
4974 6668
5016 3814
2113 897
10934 25402
9869 6237
156 9317
19616 11904
23655 18316
27877 27491
19844 18245
17390 22790
11280 3939
1985 8937
27835 6923
311 17522
25867 8783
13522 13082
23242 21545
9673 972
29176 14277
10203 12752
8649 1356
5689 29209
4174 29186
22570 20004
27209 26779
25718 28742
13041 18018
21919 12298
7135 29216
3154 26835
10709 12570
17303 10366
9653 10054
9747 25071
891 7070
14718 26180
1652 6932
25942 24609
9472 5062
28284 8147
4417 9112
9582 23140
6258 15896
1038 16285
9028 6727
20969 12415
16717 5663
14131 18374
26345 13753
20802 1616
1252 17669
13502 15979
14141 11586
17834 11846
27954 16168
21457 22244
9995 24821
4925 11898
13282 16891
14696 16544
25193 21060
17532 24940
23789 21131
26727 19486
3974 22141
12494 19577
25072 15463
6691 6471
24688 16894
8925 7554
16291 3765
7492 10900
26461 12922
17552 859
3376 7368
11646 6677
1716 1177
29287 6827
7411 17933
14976 2499
10243 21777
18376 7142
27909 12301
20555 24868
15018 23484
13197 5006
22271 16945
4295 21886
13904 6949
3950 11770
14910 25251
11494 23940
25090 19419
6881 373
419 11581
2693 17957
14682 5056
26607 12648
17921 20100
28851 18511
15476 21362
12100 17920
5917 19971
19767 5858
29980 25273
19453 11283
974 13652
4702 4443
26057 23088
28038 15629
11151 23436
12939 13310
1527 21966
5463 163
4767 23907
8631 29386
10978 14170
28276 15408
12958 8453
28842 23209
13561 1178
6364 25257
8093 16572
28838 5314
22833 21528
15294 19180
21269 21078
26767 17251
10256 2400
22355 29796
23171 11577
25427 17920
11433 11673
20527 17558
4564 16166
13414 19929
4829 26840
28106 23751
15005 28285
17018 11946
17254 19383
17690 7719
16353 11815
24403 1967
27052 2538
3461 29181
20916 17418
14114 17985
9308 11572
13740 22284
17969 7144
20500 794
15479 18826
17001 8352
23092 14612
11519 25239
1797 6260
9113 2369
4512 4372
5731 15074
28108 12150
19587 2297
17260 17108
295 24265
15774 13401
22063 18283
11366 28977
27851 17258
1247 2783
741 25453
13576 8641
5547 3724
1278 20292
4978 3169
3663 29711
17474 29329
3523 15522
18638 25918
14537 8510
8925 25907
10941 5980
2559 7246
1166 13776
14912 12761
25983 15348
13746 13522
15398 26452
15258 11464
28848 26808
18895 24084
11592 4291
8853 26659
15071 806
28282 29349
3763 783
26603 20669
15079 6456
14431 14975
16936 5516
27302 14634
3380 19919
10610 27519
28765 7037
7256 282
26231 15763
19641 16881
26747 28674
22883 8807
11982 19744
21801 18895
6303 22286
26150 11577
11814 13266
21671 8234
4548 24887
12724 23921
18841 25913
15656 1309
21832 25205
24611 6577
27788 3511
23219 29647
28815 24298
4857 27471
2000 5578
14468 11470
2291 23276
7105 1545
26227 26
5736 25421
6788 10209
10008 12676
18074 16105
13175 19967
28228 931
6949 10319
368 55
18864 7084
25049 13229
28700 6804
7836 379
27783 26840
12712 15837
4199 29551
19358 7781
964 19089
24044 4700
15147 5639
3491 21543
7988 14506
5767 22124
9430 18602
241 24694
8913 9733
8647 24130
7698 1663
28032 553
26300 25828
21928 12523
23872 19180
20111 8973
721 19556
5665 12594
14662 20215
25807 14278
8086 9109
2613 9451
28784 25180
25218 23446
25546 22407
1877 24298
6261 7773
11665 23564
29452 17501
8403 24172
10277 13373
127 21680
7079 16942
26004 27575
17033 10583
12024 13803
29247 4764
11514 28294
15068 12613
11383 1455
8194 9219
5381 25145
7093 22082
15801 23469
4940 18725
4938 1230
24581 15720
29129 17652
3087 14576
21254 25092
14949 12451
10500 24258
14381 15052
16021 12078
584 10425
8284 3371
7375 1548
13750 17246
20424 23279
6733 11620
14292 16888
24677 12060
3159 13268
13864 20955
23001 23599
22205 7696
26021 17034
27439 23376
28756 10509
5118 25112
25114 2026
25385 15067
16970 11372
10148 13813
18444 2698
29242 14423
16620 1427
9370 20950
13103 10894
22389 7694
11423 18352
8930 4788
13271 21660
16865 12355
24039 16812
5198 23555
8456 15739
27104 121
22687 15050
27366 12625
9822 15024
1669 2323
14000 16351
3536 23859
12526 8337
26826 26068
406 25271
20847 21095
1441 13080
3605 11321
29845 17461
21119 22735
22912 17815
22560 16702
26432 7081
4866 19606
16463 2095
28352 9375
6851 19812
2546 14913
597 4134
15700 10243
4510 16698
25819 20466
24521 21684
22688 13345
16410 29898
2206 19673
5595 8918
6691 13278
18442 14674
13262 1761
1636 24872
5527 2338
7034 29677
23417 20879
8707 18526
14565 26922
738 13160
7048 27462
12272 15302
15869 28799
8305 25869
26979 5610
11611 19296
26657 700
10236 14723
21301 22769
3773 4166
4730 1418
11009 23154
5257 22619
12419 23297
25234 14763
4685 2169
14761 27335
5217 8650
463 8575
25631 27443
15299 2022
7901 7304
360 4280
1644 4598
8427 17912
3660 26837
15926 26119
372 16238
28251 28900
8051 24001
15964 20099
13289 26973
18258 9575
29436 17722
11833 8578
22008 17879
14072 29773
15565 27633
9145 21172
28127 23935
10562 8283
21492 27437
9228 28326
8600 11361
16665 18774
29477 6944
9889 27368
17183 22552
29464 25389
16900 26333
29631 10931
2556 14277
3930 20756
679 19464
7971 26298
12942 28154
950 3319
13313 17520
17466 18260
10318 884
650 21237
9120 14689
9624 1767
13627 14271
23612 6278
1426 9084
4342 4752
21654 8324
10861 24342
24117 28228
14045 17418
20096 6021
13312 16821
8308 10444
5993 22028
20649 8309
6239 20782
19136 18625
12776 29977
17506 1241
2918 12327
22047 20195
5745 25174
23701 3570
27363 3687
17104 5693
28712 7623
13512 49
26490 17995
8458 27696
27599 15744
21211 28082
14611 5357
21257 27806
17918 18471
16939 10311
28828 15416
15132 19183
4117 7420
14826 24054
4627 23990
4451 28691
6808 8678
11749 398
10390 20518
20174 26365
12467 21618
21221 6619
12042 24601
25864 20998
22871 23423
22202 3892
23353 2249
3330 8234
22807 28097
13637 21029
8031 16877
8439 2956
28332 8021
14319 21341
28688 6693
17954 29667
17367 5291
611 27831
20938 18383
10790 22752
27745 11558
9607 23215
4396 13278
22835 19244
15238 27156
27870 1766
27598 3803
1241 25301
8021 377
26356 22836
12235 29670
27570 18918
11405 10420
15656 3908
20629 23969
29117 13107
10376 1657
10997 21403
18854 10028
14879 6855
22733 22621
24272 16796
28889 8893
8052 13146
15285 28697
968 10355
322 17964
5078 24346
22804 7716
28266 26158
22553 1249
11041 9091
23326 27444
26464 13287
27904 9303
7293 9873
288 17997
12440 16575
1065 5791
15125 23348
6547 18647
10076 5353
4927 13426
8543 22083
3550 29622
7485 16917
7298 17236
6294 12292
12626 29768
25700 14312
21847 28242
24863 13694
29354 27767
4483 8749
19899 5359
9386 22105
4565 7374
7455 3449
21465 5775
6462 4171
22108 18760
22541 26245
27712 2025
7159 29151
28034 13099
26759 20741
7692 2072
13316 10442
724 16270
19495 10473
26835 28856
24115 2027
16081 20191
2928 8684
20796 24693
25317 27877
1506 17614
9482 4570
3390 25094
11894 24553
4073 22411
11982 623
13147 17118
1910 27868
29276 12324
925 28005
9165 14599
3954 19378
26546 1238
16608 4112
15250 15991
3178 29713
28559 17994
506 23545
9273 22511
14675 11223
15417 20583
15734 6735
10423 1358
13372 11275
24703 9625
1001 1880
22644 18629
7937 7876
17145 3421
19306 22440
15021 13268
29639 28672
5963 28733
18544 10029
25836 7849
29631 9359
19247 21617
22888 16749
24398 4240
7822 20671
24735 12511
4966 1269
21915 26304
10776 14888
19143 4149
3932 22084
3198 1988
29745 8660
14523 19300
1414 28036
24005 26669
9408 2342
27128 3360
24011 28459
9312 16480
14634 20088
23194 12575
15138 13771
3290 25708
10259 19450
17181 5327
22113 11102
18088 6343
20512 17533
2942 28957
15870 27111
21167 791
20326 4968
20339 10139
8315 13331
18806 23964
15170 13816
10718 18103
26750 13067
15002 18236
12320 19886
9891 20116
8847 20956
2344 20236
25526 16606
26103 25585
8598 27122
3754 20654
29632 19389
8834 11175
16387 13424
3432 22319
29030 19605
3601 15287
26671 8847
19067 2651
16139 15075
3334 24246
19722 8543
14177 5063
17654 8850
15627 18918
5100 23272
13162 22217
17856 17255
12307 3998
1006 18419
24573 11987
24446 2587
27631 2294
16662 27001
26974 8204
10437 18925
235 8609
17467 25234
20033 20124
1100 24474
20365 3273
29949 2823
3691 25421
128 5897
1303 13165
1163 4869
25251 18802
6980 10476
22148 29448
8159 14389
21221 22479
25428 89
27491 9239
22071 16390
10688 8443
17984 12563
9092 20318
18555 26439
11038 28855
9402 2683
5505 21562
11240 21629
5784 19084
16351 24647
14782 7129
14828 15201
11203 27088
3618 1463
6985 10859
7467 10432
921 27243
12998 17769
12321 25806
12566 22583
18877 16746
10207 11885
3222 9715
20842 1944
360 5054
15761 766
27945 29877
6332 12039
29397 8133
17521 12469
19621 23828
16452 21324
21801 19097
19481 4710
27820 14667
28521 25854
20249 823
1509 9585
18421 2165
21800 24260
9563 9454
1298 12838
24086 17394
5520 1647
2131 15247
11180 29479
13232 5572
10019 22159
11485 17036
8394 13451
23667 1011
27962 28829
29837 3153
6314 28379
24982 7085
26924 12675
2590 7613
16627 5426
19090 18530
5004 13185
10429 21975
27082 5380
2281 10760
15485 22432
5347 16117
27340 8299
15579 20551
210 25769
7333 28125
26304 5847
857 13863
22953 20604
1006 28883
29264 10335
5728 9303
18604 22689
3677 27205
27328 15286
9166 21527
14005 1470
7234 10693
27302 13350
24928 4136
16826 3175
26267 7179
17386 5095
29483 25127
1041 8405
6906 3311
9377 20987
15937 26771
4218 16922
13255 27131
29759 11165
22564 12685
2293 16227
28635 16928
17389 1260
23380 12934
6303 16700
9200 7718
29600 1366
4237 13381
18507 9778
28095 22077
7467 29437
15595 12649
25406 22564
19919 9106
22922 12146
28707 24371
20221 8271
640 1648
14035 6039
20148 16521
21196 6688
1016 10216
6546 19
6317 5690
22836 3556
2132 27930
25042 15498
13521 25509
14986 17562
12120 11697
6100 29340
23292 15690
18799 6351
29858 8751
4042 15745
4188 26241
21772 324
17060 6159
25477 12989
7445 24779
12319 16232
17514 22436
15914 3306
17881 25800
4789 1765
28198 26639
20787 4422
2736 29928
16907 29651
15612 26147
7821 10117
28028 26655
12266 9884
14299 24696
22815 26209
29258 17244
22238 6253
12057 25790
17959 19024
19416 22647
11367 3240
3030 8213
6229 5369
22062 24620
6462 23189
16116 14735
11448 10971
16702 28557
24103 14896
29644 24551
17503 10118
9702 9951
16683 22861
15484 19618
22011 20159
101 608
22013 5469
3727 4034
6448 22068
12042 13164
2726 10677
10869 2628
20117 19688
19896 7105
29696 11343
3423 14331
9563 26769
26914 3765
22460 17270
16333 14687
13220 21916
4529 19646
986 6716
8306 17742
7873 21540
19718 9198
16690 5089
18575 23711
5157 28928
8029 4537
8665 23796
28993 14295
6312 5043
24689 8392
23050 16987
19971 13617
3119 1252
28053 8900
24892 5737
28096 27639
9949 24491
26574 14472
10334 15457
3536 13099
26132 12242
11034 19169
22836 13033
16498 13518
13376 8055
28247 10233
20754 23864
1678 7741
2652 20649
2159 12280
16427 19644
18756 25373
5149 29843
27834 6933
4368 20791
7513 1828
24837 26293
14065 16402
7837 16344
29688 17340
9632 3543
1590 18346
19840 1864
1381 25660
1760 29357
12861 26895
3485 23691
16918 13255
9857 12607
14113 18040
10686 27631
11859 13139
6919 3277
22103 3740
24636 862
16179 7854
13930 17539
23243 16117
13839 29938
22086 16409
27752 4438
24304 16514
28805 11627
6402 15733
11044 20126
11661 3863
3253 2617
7943 814
27341 20935
14218 23674
6279 27396
16385 19887
23928 14400
7649 21999
19181 21859
21578 17120
23885 13922
16214 10913
28715 2344
21643 1060
15814 2867
11118 1256
8553 6732
23440 27603
16409 8124
16110 25547
25967 7169
6155 27865
25454 26278
22192 14248
3280 2672
899 13387
7648 19304
26014 28669
4110 23237
27288 20040
18522 11513
11388 23373
7035 23415
4983 7537
26117 4711
29042 307
8123 6202
15996 4671
16829 10787
1474 13405
10362 19478
14803 28132
16441 19375
14402 27679
5251 2259
29780 25146
14389 22138
5381 2884
7016 22062
24549 14731
99 20175
15622 13660
14387 11492
13372 23757
526 25592
24044 26170
25027 28406
8306 995
15989 11459
22286 5620
9097 24103
19504 24627
29931 212
5741 8
12852 2141
19812 22038
8048 3492
1075 78
10396 15311
27552 17847
5730 24429
25928 19165
18434 4506
26510 11274
25206 20552
18075 11020
15989 11127
13703 15449
2571 23722
12420 12231
1402 28994
13094 28399
16089 15969
21236 4442
12615 14461
10491 17966
1900 16406
25313 28682
15824 25272
16568 24958
12154 8782
5867 17733
2009 7418
27778 24975
22740 17941
2402 20136
29365 10373
9837 6852
24993 4444
14120 22775
19271 28903
16130 8796
18904 8966
7520 16219
8561 18527
7685 12503
1839 1623
14354 17122
3385 8476
13436 7599
1974 14624
2219 8776
11449 21145
19049 11790
6819 26853
2499 23634
8322 3327
20078 19026
22425 8506
21754 830
1407 3616
14074 17683
9894 11202
13353 4050
9335 7015
27689 27418
8124 11513
6761 24675
17871 25103
8638 21768
19487 19158
21004 26195
10081 15319
9745 9411
11498 14682
17366 29275
24784 7294
24176 19020
15139 41
22354 14596
392 10792
36 27115
19672 8702
4314 14726
29740 1335
17176 13794
27908 4620
5468 19377
10588 10034
18692 24774
21410 5665
6821 1861
13847 24085
6209 24353
796 19925
29407 6449
1600 16488
7180 7476
2576 25224
719 1276
8358 17282
8668 24422
5336 1530
11379 10702
15381 12930
21426 1929
13739 10167
13350 1698
7628 987
4432 92
23233 15842
19558 21555
7466 14838
3481 1695
15302 13552
16480 15669
19740 4896
7354 9876
4686 28433
28764 1715
20835 25685
28012 8707
21668 5916
19595 23113
28141 14824
18681 8425
16881 28043
21610 19478
19854 26081
16345 22812
20625 4014
23862 3088
27978 15144
23257 25491
12531 2559
21529 28615
15043 17272
8022 7815
25376 27674
3848 10637
4494 26150
28234 13877
25851 23720
4541 5042
8764 13384
4554 25948
14609 4674
13683 25819
1880 7503
4226 14040
10550 27308
19475 4509
17893 11052
9771 15098
24084 21690
13313 26159
25742 17487
18144 23897
16288 12120
26160 1844
2047 21276
4544 28286
11417 11823
11454 13096
13866 16435
18655 19640
16044 2613
2357 20633
19406 25538
16983 99
14166 10303
21657 6257
11256 15749
13342 29622
24270 8976
15243 18047
21055 11593
10923 28104
11220 27430
3873 13228
27399 26858
10249 11453
18804 8641
2624 22081
8967 27862
4455 172
9294 23296
29854 24262
18759 6741
19223 25745
15840 10666
2787 12555
17408 15853
17818 7800
11965 17466
20839 2592
18133 5972
4595 4161
11093 959
9563 8547
26064 29479
18050 5560
26878 3493
463 28294
6684 10160
4041 14352
24835 4268
29226 29169
7337 7693
5088 5158
7315 27254
12958 8605
9765 14011
14557 2627
23265 28560
17987 22615
19097 15352
24256 15654
14677 12430
16836 13806
3622 1293
29183 19577
27648 17871
11898 14395
24985 173
17940 28087
7130 4550
3058 4365
5746 20270
9065 5713
7559 19336
1013 26701
22563 1236
3337 7556
4427 20760
20195 13240
24213 28945
8628 5607
3695 25488
18505 26100
27937 12818
18519 5002
22322 9312
25945 10794
16298 28060
22871 18169
1270 26364
17725 20290
7952 16057
18869 29087
412 19975
2918 15849
181 3285
6487 23393
25444 9817
23287 25625
16233 2369
13105 26291
6803 17897
29543 20577
23362 13419
24060 20343
21673 16110
23885 4745
12161 19083
11528 7716
6677 13098
24486 2861
5841 3120
13613 13538
23973 23376
20659 14340
8841 14442
10034 19339
20517 11438
17742 24799
331 4207
11210 11307
8459 104
4149 2181
17776 23481
28448 16341
23136 20505
10302 10120
4454 1663
7899 17305
8394 16438
22167 20898
19708 23105
22010 21768
15686 18477
11135 5920
13893 6207
3062 152
2120 4592
2801 15393
4322 25709
6331 20067
14359 19181
26620 10614
27446 20674
8490 3152
13834 16218
4096 14886
14544 609
13396 23896
5534 26847
15853 8597
22325 1317
19180 25214
24461 16534
16749 24865
14858 14706
15944 2953
5609 28022
4365 15156
3057 23346
24865 3225
1626 13260
16822 15113
8982 16233
21705 18213
14125 29734
6067 28392
13754 13615
28212 989
26745 16834
21182 29564
29504 7766
20583 24805
11016 6720
8098 6927
19643 1110
15067 16150
11225 26360
11219 17200
5490 1121
18808 24531
8852 21698
24878 18448
29156 10973
18263 18863
2287 1388
18681 21773
4001 27961
4053 29348
23863 3762
12411 8545
15727 4169
4230 7897
4330 16280
2664 8571
28038 19675
17625 3157
12841 15473
21429 22922
10223 17480
13758 11419
6071 27407
21018 11442
23961 15936
28213 8017
18682 1775
12888 10800
9443 21312
26152 10254
9463 19972
13375 13511
9980 18832
25493 17335
1742 10508
24399 18392
25569 10887
7247 9494
21810 15039
17478 11694
18960 24671
19236 1950
6514 26753
23829 7079
14748 28093
12077 19439
15914 20661
16292 29169
12550 18176
26935 29007
12085 18589
20046 21464
6525 26650
2353 1944
20229 12120
15218 19523
7093 6795
25188 28827
23653 5664
27246 10
2470 11741
13312 29537
15529 564
29531 23901
12459 8594
15567 21055
9575 24774
4234 9936
19598 28060
29759 22593
3059 5989
7826 28705
288 2000
6539 1403
15482 13089
593 17065
13940 19414
2156 6902
22167 6912
10233 27290
9082 3031
15339 13030
16612 23123
20896 25229
22951 26400
17068 14693
27145 3344
17586 23565
23025 5343
15737 16379
17100 8553
3551 6164
422 9446
25562 1012
28945 1100
11676 1956
11733 3078
9103 8559
29344 18032
19671 17431
26140 20453
19663 5357
23025 27951
12832 8280
621 4055
18743 22796
12745 4404
17849 25005
29894 27001
25266 20934
5001 8284
5154 2916
6435 24175
8789 15664
24770 10724
17962 7988
10834 14109
26953 22922
29829 8197
24489 22779
8764 3815
2126 27832
11383 11830
9068 6226
16221 24645
5429 3874
22616 8081
8009 12616
28968 1003
5536 8265
8701 23627
16872 16671
2299 9206
2591 11545
25148 24648
3073 28559
6426 5440
11328 7527
28961 12527
21219 15938
2840 21132
14223 19868
6077 24392
24248 20047
19306 26274
14249 18010
4847 12226
6089 7228
26543 22447
8267 3254
29634 28042
6362 17724
13981 27186
18494 4884
6595 24073
6818 1484
25361 6779
22213 22515
15882 3783
13970 24906
3899 9993
22942 20050
7542 19091
11983 15654
21721 17955
7412 9541
2822 17589
14959 4311
8637 20805
4430 9754
22293 10000
18667 12652
23471 19393
6635 5050
15202 5855
1385 18476
17782 24204
29145 24500
574 8583
28854 3613
18626 21289
4183 7278
2035 21017
23976 4103
21960 25640
4929 1834
5333 7789
14460 6161
1460 21779
23657 12631
20594 16450
28345 2058
23601 13325
19809 21736
11783 3217
828 10398
15125 19330
18713 10322
20104 16229
9505 21619
26237 18143
20649 28228
27112 14852
16891 15562
13547 24468
293 26182
20768 4517
28045 10105
4854 12943
29356 6352
15486 21137
6770 27609
26287 26578
23476 25186
25977 896
25506 29601
15961 17742
9655 28456
13878 1424
4294 1134
11926 10542
26926 6772
17546 7543
3714 28791
13991 23685
11728 11271
28750 24577
25896 13930
18781 10134
17157 2438
16217 22627
2243 9568
12061 14408
24701 6965
1917 18644
28810 18331
18378 3542
17901 20108
4717 24545
10385 28029
26579 24327
8809 1661
5218 9808
29726 29765
17055 2746
21704 27637
7075 1991
7107 28220
21541 27478
4808 26536
20488 13605
24905 11425
26881 25915
14943 13875
16139 15402
28818 26261
14382 12877
1741 26243
246 17628
24573 1917
6765 26781
26505 29084
9228 19874
7250 20110
18510 7239
27624 25436
5890 10105
22338 7582
25738 19864
2529 24514
21174 6114
16687 13799
16852 15265
12514 2919
11665 16485
6622 12305
27392 13780
10573 11719
1968 409
265 22890
20772 26569
25276 6510
17151 17695
27458 18272
6268 1646
20892 19409
17743 18751
21075 14882
14632 19733
10932 6515
6839 6054
2074 691
21407 13604
26066 17801
20518 780
23051 11083
16960 21302
14374 27022
14835 23623
15594 22230
7979 22760
19158 17762
14032 16777
6148 19064
1468 18595
5231 21537
24831 12088
23216 26551
755 27526
27659 19407
6694 24366
6734 26670
4710 7149
21926 29297
18330 12880
8376 1297
7335 27862
13097 26710
29205 683
2459 16625
16399 13954
323 9768
28146 26055
15844 7684
4937 26401
4051 20772
24819 9233
21517 13351
17114 2203
21070 24796
8548 10437
28018 22756
22796 22977
11063 17778
24675 26835
18186 22364
17246 722
26802 3674
22668 9621
28969 27375
2208 25033
4011 2377
13677 9757
21478 26978
23735 13902
21373 21935
14585 18367
27897 24007
23557 24702
2522 14770
1240 7774
11049 5331
17705 20178
1567 20981
6243 12393
5813 20092
17316 26405
21642 6950
10031 27409
6873 10078
11701 28522
24017 23800
210 7955
15521 25629
13106 22520
21765 18925
1872 2407
2840 14041
9662 16124
17081 9848
268 15859
26253 4665
194 19277
22851 6596
27418 249
2452 16632
6938 28706
9359 24758
12662 26
20147 23528
25592 27169
14945 8918
17525 18217
15534 29691
26359 24501
20981 14877
4592 7648
2080 10368
28464 27532
26998 11664
21512 12
14804 14503
5933 12227
19218 24102
17394 16963
21274 14615
5680 1947
6509 19839
5578 27483
6552 25732
26101 736
18995 18882
24395 11770
8446 23030
2147 5525
23211 28767
8550 19015
28343 6200
8409 14337
4828 25216
10933 29482
20646 24629
6064 26935
25100 9007
1372 34
9807 23978
6580 15540
16353 20575
6970 1368
1153 19096
23347 16892
6727 15253
16908 3238
6567 27048
7379 14145
6106 13358
2277 19264
26855 16607
15796 19389
3519 15412
20480 4212
2254 20721
3637 14459
18186 18169
27500 26713
9446 14791
4662 13276
9354 962
11689 6756
23835 2853
26215 8003
22223 20144
4775 17405
29527 4001
11503 29621
26836 18584
29627 18920
410 7169
13703 26339
6 29216
13545 16651
4748 5315
4708 28679
892 8585
22248 3414
16688 3223
18086 20564
4813 22007
12730 15110
5068 11592
29520 22434
15228 23149
13474 20614
14030 15188
25754 6818
1528 13843
17004 14663
11275 2146
5740 19488
7783 13269
128 7264
6761 20699
11480 6416
22283 21474
29704 16293
2185 22224
20125 20927
14775 8099
27654 15635
4442 21277
17294 27460
10739 20315
15727 26761
8872 5419
22344 21730
26228 26187
23701 27744
19103 8746
26900 18428
5960 3626
20804 20651
14316 21442
29590 16516
24037 12073
19314 4619
9889 6327
23222 383
8754 2395
211 23637
5925 4613
26102 29945
7502 28801
28153 22698
5791 12883
23353 23325
19115 16067
252 2203
14049 14434
28947 7417
10792 17323
26185 16648
28915 8701
20340 3937
21561 25105
5853 6675
9505 21536
18654 4590
27363 29722
3125 1612
16949 9561
15314 21867
17919 16777
25199 22140
9707 6277
5970 7289
14616 5859
171 3172
20631 1533
20571 19064
29192 2708
18272 7364
21993 9572
23969 28787
15367 28197
10495 12944
29346 2735
3323 14116
9149 17242
9586 1556
1816 11316
5419 448
13015 13209
28083 4917
25883 9317
12843 303
25223 1930
18672 18325
20501 21941
28539 20313
6469 18206
21728 25542
16547 21887
5137 25166
9778 2834
28369 2968
3831 7485
22430 17437
17939 29378
25102 27549
4960 5968
1989 5534
24193 26800
837 26662
25528 3076
25714 11877
19513 11540
29674 16920
7558 25977
26634 19633
9116 27964
7331 13997
14994 22516
20401 16441
4105 2775
6869 27908
15592 18600
7035 21716
9952 27055
16090 18654
9917 5411
7372 15179
24004 25633
8866 1868
18009 15803
369 19758
7200 15791
11399 24605
8684 23994
11489 24424
21611 20991
15928 12482
6962 13059
27983 4937
12789 13192
20419 28606
19134 3582
8314 9373
14442 11510
2850 15156
29507 4654
7746 23674
713 1558
21338 19139
29047 12048
14790 10496
13913 4546
7732 29013
13398 20558
9655 15385
12999 17887
11620 6059
15315 11842
29370 26856
18057 8324
29388 24940
11022 22364
8304 3484
17239 10231
4356 15884
9276 11070
28352 1959
22926 19052
16979 65
29363 13337
4464 2589
4828 6460
16229 24732
21148 16738
21204 21654
23161 24147
23426 11469
23595 11344
24613 23236
9311 21890
21984 6096
14235 2327
10116 17538
17866 15209
1108 14734
13139 5861
19884 357
17263 11660
8447 20605
2975 8866
9016 18341
2284 881
5055 13435
26599 6157
14907 4903
16215 20454
3186 12923
17740 13575
22107 22835
16895 6830
20101 21739
12347 24213
27952 24295
641 4709
18284 14200
27354 20203
21901 23432
9237 29827
1190 26063
25013 9212
218 2069
24346 10803
2163 14473
25265 1629
24905 21762
16827 24054
29407 6845
3356 3994
3706 29268
22643 25829
24726 15351
14237 15066
17462 27925
28321 27880
22066 3223
15417 8311
8912 8801
23411 16389
15708 18388
5547 21002
8779 9371
4882 20634
24079 17316
25063 6388
16897 8040
20636 20451
14584 28571
19180 5357
29203 27860
28868 17806
14026 9583
1295 19931
6606 21137
4609 14028
27580 1811
16771 11567
29859 2508
26380 24423
7956 26114
21619 6669
8292 9668
28247 4674
15362 9397
10247 20454
28736 29786
18367 28765
14024 17423
17073 7928
6004 4901
28914 13957
21287 11401
6185 15525
23662 23855
21959 20751
4527 18313
10128 14559
4367 21211
23044 15049
6029 24826
14674 13412
3802 29010
1169 3491
23101 15449
6661 18719
16780 21269
23460 12092
2998 23373
27354 12457
22486 10013
29929 29203
13766 12527
19493 20215
13317 23897
29538 26689
3762 13608
8711 15763
13302 466
18085 6795
29067 21733
15942 10945
2669 28002
17098 28711
4512 24697
2383 7881
24992 19948
15592 26438
26048 927
25227 15868
9940 5299
3135 1267
16964 25760
14269 10335
13786 23592
25509 10486
9219 12935
20471 29888
28425 29521
14278 25708
15924 26149
15514 727
18709 26224
24885 8442
9673 6892
26429 25364
1343 28856
13389 4446
21826 7291
24975 21997
25130 18449
25261 3278
20367 26680
14827 14918
6062 18696
11564 10923
20307 23996
27400 26180
2389 13095
2704 24337
23562 1434
1066 24528
29674 6767
17178 11237
23882 4281
28713 1095
7299 10077
5286 17982
22343 27179
19153 279
3605 28662
8941 27056
1059 18613
23100 17293
5953 22741
28418 18603
20237 17775
3187 3488
26580 4601
23208 14551
12066 16678
22047 27881
18038 18990
12337 3061
29850 1966
18751 8189
5118 7770
16356 2534
10064 25590
22722 18457
27580 20873
22688 22022
29769 9678
24075 1014
10851 5131
2842 15848
1042 3570
10930 27450
21857 10755
25942 2166
6450 8500
22669 4935
1074 3801
19939 24051
3820 4702
16536 5263
5377 1819
25707 25365
12010 3286
2251 24258
29264 3952
24941 11309
12019 11543
23122 27788
24189 3681
1340 8604
19022 12853
11305 25853
20803 3126
19075 12139
14276 11856
20491 26112
5908 21515
29820 607
8188 29333
12973 15829
14651 15212
13573 29275
25658 24424
21953 28402
3914 15795
10437 6998
20323 3338
9864 24152
9654 980
1965 29873
7476 19677
19978 2955
28864 7248
5696 16459
2434 25516
26128 22810
26096 21987
16103 880
13714 6899
4276 14588
19576 13718
17556 20903
26852 5109
11745 2055
21460 26121
19987 24083
7430 18833
13809 8475
13601 3320
11460 22400
20708 4949
24879 22103
1698 862
26643 19068
7680 4087
27799 7730
13348 18645
28038 15573
13902 5460
10047 19092
25029 17591
16052 23731
16256 5433
21412 5695
21567 26430
14354 22814
11979 3132
6123 14983
15784 21193
13461 6962
5154 15367
3468 7722
16076 25850
4240 10779
4489 15183
24705 11176
6854 429
71 8556
21411 4160
4664 7854
13181 14548
8369 9034
28384 10599
26534 14989
2028 14457
26151 29942
16880 2711
16683 8816
10190 3200
24911 2965
1890 8713
18716 1221
15691 25585
13568 6675
4657 19407
24770 17991
10528 8688
3121 5967
19952 28242
1133 297
416 15552
3069 16030
15533 6717
18970 14184
23419 25178
14849 7208
4713 11486
20848 21718
15040 11300
11426 14473
26744 21432
10111 8555
27977 29383
3603 22515
26765 26522
3836 23996
12171 5633
26566 28766
26357 7809
25004 9500
21713 2250
15037 14493
27022 13175
10840 16081
5245 4667
17258 7239
7375 17378
28184 13337
24527 791
8948 27548
1027 27958
25220 26936
12518 20178
27690 13460
20924 14764
25765 21294
21928 46
20064 15256
19402 22037
6416 23253
1451 770
14878 10441
29306 8970
27463 3115
5531 8864
28351 14423
17980 2819
4873 20306
851 29236
26828 2859
26834 7674
257 3286
24255 6413
26838 8983
22422 7843
2660 3996
28325 24359
12169 15468
20385 18864
9166 26673
14167 4410
25615 19022
9405 1648
13457 17808
21497 17906
8193 6271
17707 20666
20834 6553
22332 1462
23190 29266
27 8491
1536 9981
18861 13730
20456 21070
17670 4938
23895 23107
3920 26161
3488 8082
7057 19150
23707 7497
18142 17256
24215 2128
3073 14983
8329 4221
22468 8353
28698 15783
21203 1744
29834 2594
26032 21550
29170 5018
12591 18566
24196 7584
1489 23009
4649 14327
16349 28280
6894 4456
14547 651
3911 23469
28173 14329
5825 4535
5744 21363
20811 26122
10893 659
25293 27277
27465 4254
5325 24364
7036 4176
11368 6071
24106 13843
6007 14365
17242 12601
9042 12511
29184 15723
22390 26435
16405 2115
2578 6160
26696 4291
14433 7560
5004 15490
455 28122
2525 16591
25352 11344
12824 25289
26105 351
21439 29673
13920 23461
10571 7916
8082 6535
10819 25079
21041 24003
17529 22929
8820 9183
13811 3202
13723 16544
7094 15684
17590 26237
4809 16373
25124 28822
4965 1338
16542 12888
5039 11453
11321 15769
3175 17746
18064 27933
14018 20794
9152 23722
292 29424
17966 23362
1494 24150
27877 11652
1282 4763
7057 21262
18400 27165
1170 17929
4172 17312
9365 11552
12297 4216
11606 24782
8971 27916
27375 21877
16889 3677
19914 8094
9231 16907
13853 26683
12098 15815
27269 11397
18011 12470
12222 13334
6097 15581
16927 11710
13865 28484
8346 1415
26450 19040
21824 6623
10732 8896
25444 9361
27883 7409
14550 4982
6437 22849
10635 29039
22243 26775
26734 17776
25552 27024
11002 10721
14149 4873
2486 15585
14776 10890
28715 25591
24733 591
28984 14666
7448 14305
13416 12610
12015 11101
22919 23189
26731 21251
15536 431
288 27536
2692 25984
1015 7947
2978 14135
3613 11812
24742 24748
249 15672
10459 81
19125 19883
26991 13125
12065 20022
25287 14119
18385 23774
14553 6194
12026 23800
5665 16131
23121 5288
6996 1152
12683 3377
17695 7690
14374 13297
20299 20612
22099 25300
19733 28296
4408 242
5245 5682
11865 6641
27040 4858
16967 14309
14124 11785
14996 10256
21258 23522
3470 308
12229 931
25363 25377
23908 4238
5658 7240
5476 18216
20702 21438
17493 8477
25816 8549
6703 23600
3348 4098
10085 5546
27789 19177
23758 20042
19615 24539
24020 4020
7332 18981
26610 150
4025 4888
21632 10406
10788 26907
17551 29925
25368 6598
27754 24723
19486 29761
13898 156
3179 5633
6012 1236
5442 8789
5089 919
3097 1943
25937 3875
29178 2940
17367 2739
27655 21336
28671 4640
6614 5399
11116 25852
4666 25599
24639 13781
22257 8727
20453 18074
10644 24299
9200 23916
19635 3624
20681 1514
3161 26369
10474 22900
21010 6817
26567 9059
5930 9545
24787 4973
26495 7966
26078 8701
7747 18607
21614 4832
11024 18172
27841 18394
25810 7549
26440 19643
9500 21750
11992 12965
26618 22460
667 28222
16291 11420
11090 21655
1465 14957
2784 23410
8885 23177
8338 13621
28572 2777
6883 11826
26521 19981
25688 14308
13610 4376
29536 20889
12449 24667
4638 6787
2732 2918
1295 29802
12495 5688
9648 26462
1426 24882
24271 10455
28453 16345
5210 29756
14803 7736
1534 23015
6034 14605
22303 16690
1090 9379
10797 10194
27926 7126
27497 27656
12169 15796
1813 17303
27724 11582
9481 8623
13070 5894
339 28991
10681 1371
22880 3775
3320 6670
3071 8682
766 18094
23891 21624
10218 24195
13196 16252
6676 10857
17769 28594
16015 1728
16382 4664
23606 7610
20248 12319
7833 3812
15101 23832
21915 21680
2183 23623
28814 524
8109 13769
4341 10960
742 18182
12766 8877
27346 27103
29033 521
18245 13100
21942 5898
2136 474
13714 7121
9387 8518
9633 27432
5735 11532
10119 18149
14239 6732
13009 27907
15229 5368
898 19302
27077 12567
3952 7553
11207 19710
19331 28444
29277 12187
2507 22824
23686 2100
5709 27610
16198 24625
23665 8589
13139 28702
2395 1150
27357 699
4928 6186
7243 25044
20484 13251
6899 11466
28255 12579
22621 12924
17530 14130
13120 23810
20914 2289
25776 26374
28196 26240
24182 11024
27528 18010
29526 4713
24056 10060
22805 23361
13894 2559
2603 5722
23160 27058
3123 10359
21109 8007
25348 12305
9443 2378
22352 28987
798 4789
7136 12068
28827 1343
13957 13027
24448 27883
1724 16270
20615 21010
15737 2914
10876 3614
11972 17746
1169 8105
4937 1377
18985 20257
4173 13100
13221 25681
11342 7293
11619 5959
13264 14094
10917 20661
20666 29611
469 29905
19055 11408
9174 9792
14152 4702
16347 3966
1715 2666
6725 8812
23378 18570
17183 22482
11475 10885
1388 28178
12667 16321
5625 21447
28188 26426
26897 29965
14534 27366
29843 3372
29599 22047
24140 24199
4114 28507
16055 19789
18832 17609
5035 16935
14279 12903
16720 19984
16248 12828
1499 6991
19872 4505
19470 1935
22552 19497
19080 25522
11040 18151
14461 17399
25461 2352
18637 13854
7327 4025
26303 26563
10486 13010
28437 27577
27058 4674
24388 14833
4520 4681
27589 5433
29648 24775
7529 7951
13839 7562
23597 25729
26788 18340
2401 9609
25771 2002
11870 3217
9107 2654
29621 14095
2372 8831
5383 17756
22843 28396
19945 8301
15802 730
12677 10417
27038 27639
14637 9680
9187 29547
21796 14111
17884 23858
10611 21545
21006 14110
17310 11223
2657 29756
10732 21028
758 2627
14083 9124
22306 22915
12568 13057
15197 3953
29619 461
12180 9538
18627 14668
3754 24169
26268 18209
7572 25301
22590 20948
18490 29002
1758 5826
16615 20692
28552 28922
722 2109
2751 28630
12118 26996
21364 25838
22927 29502
20067 24820
28750 23959
632 11753
16994 2982
9869 8420
23471 1118
8939 28030
10918 24046
781 142
27905 4828
23426 19519
13763 28614
4282 23142
15616 23837
3691 14598
28160 26938
27174 16085
25313 17506
997 21370
20313 23082
468 20028
2069 9641
19351 26016
5518 6837
8268 29343
19531 12547
8999 21433
1901 28309
25844 13898
28275 9363
25738 19063
4877 1616
18548 8297
28650 25110
14890 12327
3304 1920
23613 17183
24806 16096
15900 3025
14865 1945
15220 18635
28463 11773
17573 6290
25970 2734
20996 13134
26572 24545
7603 10543
15046 5331
17265 25520
25440 17814
17912 13780
19611 6839
24996 21136
29554 1009
25633 12844
25475 9101
4146 5408
24763 12794
25127 5562
9110 26978
15113 12746
28326 11944
7732 7093
19105 14124
28344 18988
18232 9774
3802 6921
25625 29595
7614 29170
1289 4872
3327 5043
24643 7966
6178 576
22298 21195
11734 5148
12433 26068
24207 21781
29890 21179
5345 15103
2893 16650
631 19038
20622 15552
22433 21508
28222 29229
7537 11080
3740 11359
21095 29793
29021 19932
14025 6524
19259 6834
8917 11117
19784 9337
8727 9548
5375 13381
6924 9521
28455 16212
7879 23029
1931 18730
27974 7968
4391 1878
5939 23152
13040 26955
13932 2140
22800 5946
17751 24661
737 23851
16560 26886
2471 19884
13768 27230
26266 21360
5098 26223
11782 16722
29095 11436
22809 22692
23382 2158
4330 20629
23432 15562
368 5943
13917 7916
7595 4201
28717 26707
15372 5072
19281 3900
21882 21089
11968 13033
7888 16852
19256 9209
21933 11275
8325 2866
29611 4177
17240 6072
16772 26821
24062 23438
8878 3043
13943 7485
3599 26322
13601 2880
2425 11010
18043 28074
23677 21992
14184 9167
23491 21289
908 21252
2944 17842
1978 3737
5161 19201
16416 9568
8097 13515
6325 27761
17221 20929
15261 20077
1709 10166
22809 4839
25897 29767
6035 15201
12542 24501
3973 7610
25176 15343
19645 4805
10068 25606
6483 5566
10287 27979
15814 16138
10444 25557
26061 25358
11744 16229
7612 11080
6363 5191
24517 8333
12300 12695
10291 16507
23607 1953
26120 7989
25250 11752
18737 29502
17991 8682
28859 19331
17617 25106
3290 15749
131 12787
16117 27722
28621 25857
28944 26867
28840 15474
27226 7406
2860 8579
20582 28681
8745 5578
29293 11402
15207 19269
26492 11479
14969 503
26025 15068
29906 25151
22266 25662
16447 26365
25112 4832
19936 6044
15444 3241
6346 15236
23128 16334
6231 13298
6257 27921
26051 26089
24809 19906
28639 22495
21069 20711
22562 28316
29098 29149
16524 24860
6773 3932
9976 5888
14335 13076
2096 27985
12873 7687
27078 3083
12120 7009
26726 23732
20862 2231
203 4947
21052 7420
16694 12194
400 5479
27874 1496
25280 13319
22118 14407
6628 12106
19983 23110
20918 20687
27232 23579
9036 6771
17660 9476
27954 14034
25761 25543
14829 10574
1394 9581
15228 20549
10926 16013
2367 12880
10227 25360
25460 14027
18483 2023
25167 19813
21500 9401
5267 1003
23611 13454
15166 904
26983 12849
19336 1645
27422 13827
6391 26037
8275 14251
27049 6865
20206 8326
2383 11529
23204 16796
27230 275
5798 2103
28477 15200
9927 27401
19886 12426
15948 2857
27923 3196
6411 13602
8842 5167
17219 29642
22321 6347
13152 5180
18560 117
26453 14062
27168 10350
20474 14355
13251 17281
29382 5909
8717 23301
3427 13023
26240 10575
7990 17984
8568 22800
7035 628
12386 25464
2888 12457
16658 26658
15579 22632
20508 20771
23840 16504
27782 1060
6476 15768
9982 18434
5463 18531
1634 12031
9214 10518
14061 25217
9651 19154
14391 9402
26637 23738
19200 10039
7406 12598
20376 509
6935 10156
22346 4415
14303 24746
22624 21874
8182 913
14642 3416
24840 683
18945 17540
16608 14632
12421 26002
2030 24300
4144 718
8403 2840
9361 1154
19991 4863
18395 17685
12554 20584
4223 4112
4793 4055
4269 9394
23491 11774
16734 20026
4952 24271
25469 28260
4286 15477
22158 779
16410 9332
22932 12798
3678 2570
23928 9058
29502 17213
6781 15750
9699 12852
26642 28509
12187 2737
1563 24330
22820 18123
28897 155
5155 14403
14257 6523
2763 16644
1778 27726
2670 29037
29974 26716
18599 2033
21252 3806
25801 2005
10234 13026
20229 13919
23363 13622
10429 2366
4033 2746
12849 29064
27733 2566
6387 7852
12466 29572
21503 26288
23943 10287
28035 3116
16990 1368
29246 14656
4610 4521
28070 249
20161 5784
1418 16351
13497 27086
27930 3991
4709 4895
23504 9656
14239 10097
17311 5999
24643 6998
28066 1626
10769 2545
13138 21564
21345 22245
23974 19220
28884 9529
17154 21171
8743 29385
13148 23009
15438 24983
3903 11952
26553 8035
19983 2805
18378 23826
8666 8309
18250 8515
2482 29696
9366 14080
9295 28319
26122 7568
5417 23939
19595 23238
22964 10086
5412 4698
8936 17768
18271 17537
19705 24239
27598 23734
9853 6582
7634 29886
16210 15356
18624 4938
23478 28843
29473 13864
29935 19717
7290 25895
3722 5814
18414 10096
17478 13046
10661 18890
13029 15022
20705 14342
26708 22867
28022 7354
16046 10180
21371 21798
22047 29405
13317 26713
4333 13017
5005 1603
3683 19355
7709 25815
15248 10097
24025 26096
25900 7527
14485 13420
20297 9358
556 9707
21343 22023
2163 29781
22711 19214
9563 28359
17533 15392
17065 28200
20589 8955
6890 9741
10938 12847
17657 858
11354 26617
2140 27401
1840 28333
3904 12106
18085 6144
5586 400
22133 12302
24242 29071
9053 5628
14761 4660
19784 26819
3128 24760
6566 12538
13869 12350
18956 12908
20859 8778
9442 18722
28410 3645
3024 5829
27864 26956
16078 22483
24537 15485
1340 24628
10299 7804
29760 22711
14890 16302
26763 4180
27872 13397
27175 1824
25984 23858
6300 5930
4844 25300
23774 17156
28792 2082
10263 26117
519 25454
20196 24165
13362 29295
22418 4720
27054 17328
19917 20779
24566 14153
25551 25703
19107 26899
15407 21489
10782 8995
2331 1990
2985 9969
1303 21754
11448 15142
9404 13754
4784 8807
8260 27748
28526 17014
11497 12641
8760 2282
14653 29249
26602 3371
15030 2374
368 9481
5962 21205
20830 20457
29394 13265
10329 29922
28474 23326
18630 12001
10565 19054
27996 284
5861 19744
3388 27019
21127 2995
17338 9696
24471 23294
15756 2857
1303 1964
29141 8575
5406 28058
29066 5388
1579 21976
11195 6399
28389 4622
13011 26394
27393 4583
21017 8903
9275 11650
1232 18807
8385 7736
19826 20131
13645 10338
28277 18817
9553 9238
19103 28295
10862 20631
3002 21301
19758 14985
4926 16025
26520 4702
10502 2208
23373 22023
1662 9937
23525 27130
22705 3911
26324 2162
2171 17063
13395 21882
13655 2517
26165 14194
5989 8889
4661 17087
13142 12398
23007 21987
27316 12869
28527 7751
13609 25821
20454 11878
7785 11157
6293 16350
26412 5083
13410 23792
9807 659
23348 7558
16878 18174
14517 28608
29973 29718
15501 20917
14173 3284
6551 18383
27731 20202
26438 5825
2872 8240
16327 14526
3827 26693
29248 15914
29246 19621
28235 28126
26404 7569
1723 13979
3385 26702
705 1502
18085 18878
25208 9311
15702 2838
4111 27465
8863 24250
5677 17881
13497 18221
10322 11086
9697 28585
5150 14824
23560 10802
20339 14077
1487 5468
20854 6143
27545 19907
344 19259
19365 22062
26825 25106
21656 1115
9567 19068
18320 4381
27111 25683
8967 8520
22913 17180
10762 7633
10526 22890
26380 25187
20525 25893
24348 4336
4207 29200
3498 6044
8242 587
7014 28052
29678 28187
3716 15104
27707 21022
9449 5463
28722 19753
20168 15611
12299 12448
13034 28865
2443 18515
6010 25099
23871 14146
29001 25936
27360 21108
17510 16282
10928 11265
26874 25329
13952 13266
11325 14676
19450 28951
266 15884
14960 27533
22625 21674
22201 2107
18970 28065
18661 5199
12159 15470
13088 2495
6599 7479
979 10797
13392 3132
8958 28103
26476 26415
464 10037
13607 23574
18531 13630
16080 2662
6070 20688
13510 5573
2700 15358
19299 27824
25664 4232
11155 6107
5777 5636
25652 2065
13179 17019
10973 12203
13186 9051
14250 13
5191 24781
29605 23587
27331 19123
15408 14285
5073 13640
17078 1139
8816 2418
29105 1185
29417 17018
25753 11067
13782 21271
5327 7342
14256 19800
27623 13075
6491 18565
24717 9650
7499 26893
115 22359
7852 17190
25844 4833
19328 27224
8739 11012
21444 210
21961 7336
6527 15112
9356 16022
15936 10076
23907 8361
4622 20264
17652 3675
1510 3455
21883 13280
6358 17339
884 29796
17743 14499
9552 15960
3760 16229
9190 3244
8269 10639
28751 13804
18836 25800
15104 5470
29057 16036
25791 370
28130 11120
17349 12546
29862 19277
26659 442
25038 22432
5232 26437
28025 129
19238 22629
12303 16244
15291 15297
17985 10683
8863 830
25377 16027
25432 15770
19343 16396
24434 2621
14408 4186
786 5824
2376 18416
22517 29951
8256 937
21430 24575
23458 29777
28045 26706
1590 29036
25083 24927
9191 256
7287 12820
3111 25904
22434 19827
25037 24587
17992 28349
26172 6508
8086 432
15581 12964
23175 5828
6179 8604
28171 4244
9668 9547
1089 22646
285 2298
29353 9829
24616 15164
12234 19741
20400 19484
28367 20785
5315 22768
26753 20826
5740 1732
8290 1235
6320 16478
29742 6338
29618 17703
14408 6733
7444 220
22987 25786
10461 26707
15223 19217
20118 4383
23685 11170
12589 2892
10333 6053
20664 15614
29247 17698
4295 21202
857 26954
14629 2842
18824 27805
8197 8013
26136 6128
9086 29651
27595 3216
10151 6777
8009 12006
8049 14381
29536 14702
20768 1518
15656 3342
18698 9176
10929 23320
14825 1282
15605 9730
19239 3728
29081 20636
16881 7030
25575 3144
22938 1227
25888 25910
19631 21325
5001 9
4998 14912
21960 14564
24545 7628
28077 18610
15049 26418
4471 17957
29772 5652
11390 10055
1932 7221
3657 27064
17224 2651
19554 25618
12151 11823
5328 20153
27447 26165
12911 14363
4033 16094
18694 20054
13793 535
3703 21729
3662 17004
13426 9306
20335 9559
15287 10919
13470 3709
12629 26758
22936 23375
661 20053
908 9461
24620 7384
23657 17062
4008 24405
24620 3710
12399 14797
8748 13706
13618 22435
19404 11482
12200 26243
11887 5637
10315 25865
18232 23067
26854 13922
10031 17027
3563 12485
3316 3591
9149 19555
10360 11439
25842 23030
27427 28498
16912 27733
15037 8506
7536 14331
26634 11270
27386 25375
17995 16438
17811 16776
2954 29318
16525 24330
21356 27540
12283 1859
18010 14993
16151 2848
9041 23143
25784 15632
17132 22608
14872 3029
18135 6829
18985 18241
15221 16553
25749 15254
23800 9041
10687 22797
20832 14639
481 24959
15582 27104
20778 21280
13464 23508
25937 11626
28759 1395
12331 23655
27063 25844
4616 24504
22961 29037
16670 10427
13471 26009
8645 6339
28909 29594
12469 28723
17306 13093
25825 25673
12816 24017
25896 6747
21844 3021
6357 29509
11687 961
1590 7281
25733 25486
1434 10092
16792 11425
25724 12618
8300 27581
9817 9135
444 18395
3614 1411
11872 25327
8434 16559
4727 5672
19250 7541
27771 20376
20888 13324
3766 4183
18870 13017
10905 7861
3290 27800
12806 23079
19144 11191
11430 22795
9405 20466
8817 10260
17319 11786
14929 17243
10192 6380
29429 29993
9604 5246
27629 13532
26292 25927
20204 10783
21726 2621
21210 4151
17318 27145
14835 3105
24296 15232
10885 23777
4809 12427
4300 3443
17337 825
28285 16387
27489 21157
17916 25447
5474 25619
439 739
8480 21280
9663 24013
12358 19414
22089 29182
1704 17175
2390 21994
12907 3867
20643 11670
1627 23656
20348 21173
3495 21341
2822 13424
4465 2843
9419 28165
14335 22616
16431 14655
29536 27912
10462 9456
3132 11751
22402 1949
12227 6234
18801 18552
22044 4869
8818 12005
2338 24955
15805 24340
4053 27237
20950 25148
12461 14085
20816 26813
18820 1596
12541 24281
11437 27994
29346 23817
19614 20600
16482 27544
16865 735
4181 28088
21305 14427
18280 19413
20596 27628
18900 17014
26133 26620
8240 27752
22839 21416
22076 8545
25219 23742
1834 1941
1363 24036
7166 9940
11243 2567
27601 27014
3935 1297
12689 24123
19934 8472
2365 21408
15814 1958
29833 14218
11191 7010
5168 5853
5074 1766
1494 28507
28694 322
8067 20094
22554 847
19531 17554
7865 19574
9847 12399
18184 12179
29448 8633
9495 15435
651 16534
22547 21228
7400 21444
25772 17191
13956 11612
10883 1972
16784 29962
26660 1515
15916 8006
25655 12315
15952 7796
7473 25777
2550 14523
7025 9590
9945 14140
21911 27281
15505 6638
27807 19533
22724 16907
18767 26367
20094 19972
1058 7145
5518 15259
14866 777
2049 25450
451 23616
11805 12358
2412 9679
8899 20024
15110 6859
20301 7702
9705 5939
29847 1256
22864 10360
14813 21804
6041 618
8074 28035
4888 2461
4902 10016
29825 9860
28576 6001
26850 144
8958 7515
1752 1685
14120 25240
10443 3968
29903 7118
19802 5061
29639 26401
22431 17158
27586 12791
13737 7641
176 16276
11569 17843
28453 14894
11254 3809
28306 8337
3130 24562
29810 28552
9334 29892
4985 28053
16074 9007
26866 23553
4250 15494
11672 5412
8603 7684
7096 9641
21949 9780
12104 21321
15968 4122
19233 2319
8981 15388
28045 16094
18384 13474
20667 5777
171 7390
1758 13286
26192 5442
1701 17834
17935 21451
25415 14008
3916 6180
24444 29960
1440 2244
14636 9399
7964 6159
29675 10950
27457 27912
15517 13651
12068 8742
1602 25061
29715 11591
2789 27232
28238 22368
26524 24262
15489 21659
6666 21787
3887 11334
15525 3109
7471 3294
1857 20300
27262 19108
4212 20392
20593 18690
9190 5126
26326 2398
8181 29851
17739 3584
21382 2462
2088 21932
15390 11873
16144 3111
11456 13560
1355 25461
20370 28327
16306 15601
16681 16560
7150 15999
1524 3629
12023 3324
23227 29049
81 24788
1546 3012
28641 29890
7115 18111
23244 13374
28131 10829
3381 15642
9845 1785
25593 18697
15097 21908
1593 5851
29551 12890
28300 5468
1848 18571
8084 11903
25333 29716
9802 9088
22073 19350
19857 27489
27211 5288
23455 26719
14753 9697
29042 15369
9278 11847
8529 7020
26150 2524
17934 22762
25385 442
6469 12301
1279 29329
22872 1674
21430 27974
28687 28921
17417 13032
3914 4987
26144 29597
21682 29833
28744 27671
28488 27774
20913 22716
15054 12195
20066 25393
25883 26310
21300 13599
22246 15542
654 16463
27976 29430
1311 18381
7834 24882
10714 27123
5768 12215
7763 29271
2594 12124
13329 25611
5183 29983
26954 24931
18136 5815
1127 5143
4728 1969
8594 12289
21831 20249
6463 3434
29943 15291
17398 29031
6542 6294
28416 3526
20555 19668
1920 15839
11575 10423
671 24021
16811 21767
16299 23075
28437 3940
1653 23736
10557 2909
14168 3496
27504 848
14518 16373
24586 3890
1854 24947
28464 11221
1375 29130
8629 18652
7195 5634
4832 16330
17790 23298
26411 20613
10265 24348
24077 12850
17978 22056
2180 28306
20138 162
21487 3613
26184 25852
28685 6792
6686 3463
18172 20562
23138 2744
22876 20687
26093 12234
11621 9834
3930 20714
18139 12137
3170 29375
15060 29981
25893 16462
1738 3553
15877 26080
4977 5563
13576 12837
20313 12799
12109 14035
29298 20384
12586 11844
29715 8030
27489 13792
539 8003
10775 28094
19284 8595
15203 3532
20919 27175
21537 28499
17436 2012
8479 20033
11002 19197
10164 9642
7528 6066
29928 22322
2503 24061
23652 21934
8254 16864
17320 26972
28338 25295
4306 26937
16758 17694
17526 12621
29348 20929
16238 19102
16195 3061
12579 1841
10928 27304
26198 21603
3628 12598
18275 13214
13666 8699
8723 21947
14359 27513
27375 23475
16136 13738
29513 14656
2060 26626
29890 28605
2611 9906
12303 9899
12679 19152
21056 4327
17187 17137
29939 5162
28256 1606
26227 15528
21859 1467
9123 1257
1463 5095
25728 18472
28062 12771
13822 5021
22545 8872
15163 16792
11094 20897
14154 2579
3581 6896
1761 10220
6329 25871
451 22975
8340 24097
22835 9957
22599 29066
4314 8120
6684 21588
20329 12177
18163 20803
27675 29912
15041 19646
8544 9405
13065 15173
12022 7814
790 12856
24813 12363
15355 12410
13343 9190
8792 29310
17748 1676
27307 21377
13851 12728
7185 16046
19961 4287
3780 8557
6810 21071
1538 4952
6593 1645
3175 97
7514 26521
3641 6630
20215 11389
24201 13917
4648 26952
5691 17507
24221 21778
6288 2843
5051 7059
9972 26460
29748 11151
7253 5503
3153 24920
21244 21766
14272 14094
28582 26927
10832 28335
12389 16143
9888 7676
3599 10446
2329 1561
22127 10769
22679 29807
4939 17931
2398 2291
22388 26100
10745 2834
20830 8813
18920 19898
19251 21915
19881 5785
24566 4146
14538 15333
20920 13739
15057 22332
17364 8192
26788 18665
9769 18237
6322 20246
13192 23426
18824 8544
13461 10369
14345 28364
23574 12278
20810 24576
21440 25238
18794 25583
3441 23580
22556 26056
12160 422
12795 11885
22779 14587
5387 9408
21840 6536
23225 24511
11556 10776
5563 6247
3927 7388
22533 20024
28502 25808
11459 5998
7539 21757
3782 21112
12495 13076
13564 1311
18928 23444
23773 21488
19383 7605
12637 8230
17274 24188
20353 2759
22301 27500
19459 10384
26927 8037
8578 21374
25169 3079
27237 21390
4937 10771
5531 10592
4424 26934
26850 27348
21627 5449
13479 20710
9672 19132
24424 25950
29084 2837
23866 8821
6384 2882
1267 15700
8221 6069
13292 16332
6931 12973
6746 17692
561 29400
19967 13946
4295 8878
24243 7577
136 731
23841 27192
16285 25964
449 21198
13480 15114
14069 11501
20545 9863
26 13064
187 1419
7767 3567
17818 15338
17074 23595
15863 9564
12613 11253
5987 7975
19648 29032
11220 26506
20767 16253
1657 24211
23585 27140
8844 739
23080 916
24787 28980
19258 17825
24505 4404
16791 13207
5143 25117
9921 28295
2957 10750
3325 7694
17705 20045
11759 24533
28282 21383
29140 21371
8001 11325
18347 27936
5540 3047
26426 20767
20551 20124
1018 806
13878 10711
8085 21665
6191 14113
5921 1957
408 12416
20345 18117
503 8665
18600 16680
23024 9997
19019 12521
9926 11214
20043 2451
20460 10238
25247 21785
7242 24863
28311 3456
5440 17405
18784 10334
13105 19979
14943 10931
10035 17482
6365 11275
2315 26301
27412 27167
8303 15931
6490 29390
29500 21047
29767 8858
4229 26930
2440 21978
20343 1024
10045 3761
20649 12725
10458 17204
29135 14471
23444 28912
11756 4326
4063 25776
15848 9305
4814 14685
27224 21373
8709 21112
2847 20365
25852 14371
6657 26708
18373 15822
14795 14333
14017 15447
9277 28673
4204 7507
4680 4025
26901 4822
20707 22561
5486 3814
3993 19002
29864 21241
11336 8201
21515 22670
29336 29210
13866 21735
15573 10097
20828 16552
722 26366
28969 2742
20538 8054
13027 22290
19724 17849
29024 20124
10248 28123
15965 17930
7149 8210
21545 2445
503 17213
12376 14821
25864 28413
20260 4639
21614 18936
27718 3757
14103 19685
6707 3363
11188 20413
12293 230
5166 22324
518 19580
21022 9528
24707 19814
9142 18623
15156 20525
329 23186
18183 27929
1140 788
19609 22378
11639 18419
1685 18405
15239 968
8624 29097
20795 13268
13994 11180
6052 23574
14397 4480
7354 28364
12663 27362
28757 13881
19785 8112
20013 8297
28024 2359
24841 26015
25204 2918
23902 23942
12893 27256
14865 16109
15355 11442
13929 17242
10054 20607
7290 17174
299 8231
27656 22796
19350 10984
1558 5612
24000 18244
25707 4462
4552 15804
18692 8596
27985 13168
2305 16621
11674 21567
29544 17485
1316 24805
23143 9656
29813 24858
13237 7622
3162 28441
3255 21351
7590 21451
21230 7890
2310 12740
27899 28511
3427 13459
10862 10212
14892 16778
1006 1843
29774 16020
17811 21094
20810 13774
7337 9486
23668 11518
24067 22763
14669 4217
29263 26007
13491 6928
4306 18462
15055 22336
8214 25334
6259 27506
10178 20841
11272 10802
17710 27460
22144 24450
13443 28280
14501 18221
11597 14841
8951 18617
4623 15443
18190 23804
168 25158
16725 2596
16039 14080
18711 23111
14606 11588
8842 20840
3262 21694
5816 18154
14472 10811
690 5568
16107 25349
4981 28016
16989 20355
26871 25774
9435 27537
7729 21945
15796 6119
3017 229
1680 8154
22457 23785
3010 55
15947 19190
24164 12883
22761 27440
10243 14742
23312 3296
12741 26627
25554 18105
11875 6654
25589 21964
18026 15444
8182 6932
22329 592
25816 25602
10382 23557
1871 24146
13397 21175
18630 22514
26107 9880
27113 2514
7113 345
25180 14054
19995 17182
17824 5357
14572 3652
4560 27170
4500 3092
4342 3856
17037 13624
20049 6624
26021 25108
7082 27086
24913 3599
162 4433
16374 1967
13365 13063
24005 2398
15162 27077
29610 20022
27064 8262
20467 4248
11375 19429
27671 19237
8170 29888
16549 16623
1176 13561
610 15380
22753 2169
6877 14985
2302 19095
29096 3016
27280 16876
15831 6084
12706 29282
13964 21146
10645 4936
12922 11042
18507 15625
5482 5121
25090 23892
18058 25887
18516 29156
28768 24007
24671 14779
29133 10027
7883 4715
17277 29649
4381 14778
17095 2584
876 9989
5245 12303
4195 11875
15754 2669
16483 14663
8554 9535
25373 10221
15008 17386
16351 10317
20045 13137
9136 18455
9153 13652
29320 25863
16886 19256
232 28030
10320 145
21317 8212
16738 16049
25494 19074
1771 17939
28586 26514
16864 5271
16470 11308
0 314
152 28097
14854 13540
171 3088
21007 1566
21981 22335
21318 750
27228 7863
23008 23774
25558 1219
22748 2257
14201 18722
5864 23667
21156 22661
11270 5802
19243 10106
17499 29383
2579 2883
27536 24013
1897 24930
6060 27609
17943 19696
8126 3779
20418 6623
16590 14285
10560 26834
4858 22974
6972 2231
12913 12772
2320 3484
24564 20501
2920 21460
19306 368
26792 7182
6591 449
24760 28909
21455 23670
12612 23000
15391 27132
10906 18241
27149 26393
434 21508
22490 23319
28595 15264
10062 1678
27309 6980
19569 29466
10009 15486
10826 20822
27781 4516
16319 13857
25056 25551
27919 6105
4158 27352
11041 28601
8905 14216
12805 29626
5961 5484
27512 13202
21472 18274
23644 4183
6750 23435
23052 14132
296 23723
27122 22726
26941 29284
3598 20213
27540 1167
15532 27906
25760 2538
5786 11944
24011 7772
10695 27273
24893 2322
14132 22152
16362 29043
28367 22037
17529 8185
17376 17622
215 28811
17531 4591
8726 20101
5657 2090
15654 16900
20395 23224
21458 23643
7796 28320
24829 20637
10614 3095
29930 3394
18543 15439
20669 3483
15955 12410
15605 26778
4288 20937
23731 4079
11245 17597
28750 1540
20090 23073
6941 7961
21287 14719
16092 21593
28606 3100
28315 18398
16596 604
958 4073
19667 13162
14951 1324
23121 20378
14495 14150
12648 1134
12893 28844
27851 8144
5784 5666
8610 11238
15002 8086
5447 11909
10842 28200
23058 24196
12162 29169
11044 28321
12853 5627
7400 19000
1206 6221
5378 5756
15225 20180
394 8528
25646 14407
15852 2145
1323 4525
23815 27074
10584 22442
8397 14006
24252 3027
20305 16894
20904 10037
18726 23868
9979 4093
1779 2187
17159 1455
22030 16595
9459 16486
13723 26344
13212 2673
4382 20139
21979 3757
10641 23446
18427 21388
17914 3658
27727 28394
16110 23281
29003 8253
3207 6593
3398 29229
19826 12783
29318 11564
21671 18348
23405 15928
19260 17338
1722 13975
29406 19223
2173 29610
3400 17800
28944 17887
27707 13351
16673 4843
11199 18313
20642 24788
27738 27425
11630 24862
21510 27374
1474 8670
632 8855
7853 18604
19974 12409
26092 25546
7555 10304
1410 4097
10790 28879
27041 8984
11730 22511
1636 14505
3584 6614
6862 8469
10349 11018
16249 18806
25137 3436
8650 18936
20645 25064
4959 20487
11350 20799
15846 17720
15305 20663
12915 27357
25722 26993
26155 14760
25276 5806
23196 29621
5453 27977
417 23654
4484 28064
26641 12810
18418 14360
21827 17725
29512 913
26027 4367
25814 16325
18624 23168
7648 12587
3858 29026
21218 19712
25536 28789
15412 7609
27365 4974
7310 10018
24088 2175
26086 10655
20630 16956
12270 1553
14955 18845
22243 4006
18272 4070
14507 6708
1749 18981
19874 15158
122 12616
23391 7873
26003 4870
10530 10133
28194 8107
2959 21375
14270 28579
7493 1496
18522 19471
23563 26322
1520 28977
28949 19007
27788 3323
28092 28188
2002 1975
22016 29061
2567 11032
1909 29766
3436 15626
16815 17658
21314 28028
3207 23985
26448 28981
24504 14831
23788 8082
2777 24603
22582 16761
7760 18496
21228 15146
23063 10037
5275 11113
28102 27119
11613 12886
25342 3841
19442 2480
9837 18073
24018 28044
22242 29520
9494 25297
1344 2913
12608 29175
25890 14105
8483 6953
864 628
14039 18963
14300 14560
9366 29741
14219 28338
13643 1847
23971 2475
4947 25553
1213 9691
16036 26495
18493 28385
20669 13708
6286 7168
29873 19035
2015 28209
20629 12030
16173 20214
4509 7575
16374 17604
12582 18398
14564 16744
29515 14283
11363 23397
9875 6829
14253 5732
12755 11700
7476 23611
17138 11093
15806 20457
15481 22740
18925 14069
18773 27731
13882 20940
934 2724
24785 12847
15552 27725
4458 485
13663 27639
29171 2690
11104 27914
3295 10228
13106 9852
20896 24316
2217 2564
29749 2350
23765 29863
3437 7914
6584 1973
20857 21198
23447 5358
18075 3975
18139 374
5650 17488
26704 21779
20354 29713
28728 8983
4018 26671
19462 28050
20836 9471
2231 29175
9020 29797
10077 20484
29267 15979
22982 2372
9399 21842
1460 5541
28302 16753
5049 8776
8396 18547
17470 6807
17525 19148
3768 29600
5387 5285
27636 20864
22793 5794
12366 29674
19828 24913
8760 22150
26473 15380
27537 10496
25071 20217
5835 24593
21708 25725
8862 28368
13635 11868
19751 25786
22439 13905
5790 6419
22379 11444
28641 19339
24084 6268
28548 16343
22350 15685
21554 16429
14802 29176
8931 3668
9578 4542
8671 16350
26375 24792
27158 1755
1181 6494
9221 18313
8609 15255
1677 9111
23696 5325
22736 28
19006 3248
1987 29929
12301 7209
25362 15543
16512 9647
7921 8553
1122 10568
20310 54
14654 10265
2321 5392
20642 10864
17644 24720
18170 7126
1604 27734
25554 1663
2948 9913
3266 17855
25983 6369
23821 17040
27996 1314
1054 17938
6747 5134
25338 27199
29223 15477
3487 7287
21396 5834
24486 4828
24443 12268
4033 4404
15221 12476
25055 11377
8967 24295
22654 12870
23852 4937
15359 7093
27164 2558
10142 21497
17074 24291
19605 11690
9748 21126
12528 26412
15767 8619
6215 20604
21051 29971
8490 21235
22511 25331
7153 23510
18700 15074
29415 16500
15410 5466
28125 25700
3409 21774
25846 24327
20675 13325
5226 23478
22288 28697
28072 20587
8373 3333
29966 14840
21485 12579
3577 12163
6109 8585
27756 24381
24562 2128
20549 17831
2902 724
12005 22396
25144 13400
3386 24818
25134 27089
3198 19041
27527 8421
9348 27600
26426 16799
23412 19293
1771 25305
8145 22456
2816 16776
19865 9174
16161 600
12070 22751
21099 24131
23800 21162
28859 8917
26951 16805
26820 29810
10797 26879
2412 29826
27239 24047
25708 12363
18505 19165
16312 22267
24755 6063
18019 20908
6545 23942
25731 10107
4548 26957
26942 3066
4776 13730
28649 12706
20351 15167
1807 12194
25450 15068
29897 10130
12803 21746
1817 2902
16878 4206
12513 22275
9246 28646
16259 15845
21527 26934
28651 8876
20794 2853
16119 22089
6991 1428
6335 8165
24663 16696
24383 13272
7868 7585
8260 16824
15720 13561
3754 10650
8271 10170
2464 16977
19623 16083
11826 13607
9147 10701
508 28542
24205 28225
9977 28263
4447 24432
7193 9675
28855 13529
22644 2982
22994 19988
22030 15491
27784 620
23869 17300
5826 26412
24862 25048
20762 8390
3599 19901
18454 7708
27036 24364
6670 29140
1841 3615
6551 27697
9383 16402
4501 299
603 26377
13773 1755
5725 4573
12644 4875
11743 21997
23331 11012
29643 6547
5168 13123
26694 18364
17255 1819
14449 27845
13410 25826
24092 4290
22812 27788
29103 10107
9525 9684
11119 15285
15248 1836
18397 27990
7217 21689
28872 5642
26841 23336
27869 28146
22717 24677
8266 4297
27003 22497
19321 27235
22020 15435
21149 22299
5969 1846
15641 27979
21360 17427
11819 19403
193 79
25675 29365
20492 20947
5958 12620
14259 22705
18061 21170
26951 4091
4079 23026
6014 4202
4546 15091
10785 14327
29641 22797
26309 27063
9882 19237
23207 14320
27926 17880
10082 20400
6225 4223
3265 12396
26031 8035
16286 29175
22972 28386
10190 10
6478 4257
23692 26314
16539 21114
13855 11558
11910 26304
22568 29577
29540 15645
13113 23008
24277 16656
2740 22910
7481 4349
29702 13620
24214 4847
14557 23569
8509 3723
24771 12143
21409 15499
14165 9208
23194 19346
21342 12191
19786 19759
8043 15289
4881 1832
14482 6184
3320 27966
12063 11138
29150 8718
3339 16669
28654 12035
12829 16293
4885 24863
17071 4849
2259 14740
16267 11553
7374 25053
23248 13672
28320 1122
17896 21568
29062 24468
18364 29310
20367 16516
25271 66
20998 16397
64 2518
3539 29656
6829 19558
12915 28770
17791 10630
12944 1459
11386 3383
6092 9276
12180 965
11487 10752
6628 26853
6307 12313
16473 16655
27713 623
27169 19510
3004 3426
27622 21738
1372 18194
754 3071
13377 10818
13108 4688
25071 20293
23354 23102
27581 21185
17637 10575
21161 29251
7127 8687
4484 21697
1945 13929
25435 18458
9286 5692
26168 21370
17569 18366
17842 7550
27292 26508
27447 27208
1930 3565
2147 19524
5140 11693
4767 27097
3042 1061
26238 11641
22949 11223
11407 24547
17755 5605
24347 11039
24439 29087
24104 5250
29209 27259
11259 431
2245 16545
1101 23323
25019 13031
21873 20840
20941 18304
11500 14053
11831 28947
28671 2084
10037 12619
20953 28284
14209 16186
1241 26357
14916 15387
2531 651
18256 29122
8567 23531
20594 16979
29023 21013
14993 21179
19609 26227
25469 10480
14689 9372
4375 17084
3708 5008
14981 1220
2141 3651
22851 14719
28717 2762
11818 26162
17190 22895
16265 4828
5382 27885
8380 3753
2186 21431
25782 29624
23288 12362
25183 13847
580 11115
9496 7902
21560 10165
21867 12523
13764 10642
25936 24283
1105 4996
14589 24233
15472 13781
2808 17311
26143 26861
21851 589
18343 5141
5187 17736
29831 10149
25181 28771
6521 17232
1175 18634
21440 16561
19085 20445
19045 176
28969 8058
19095 6618
27159 7875
23463 8864
25472 17649
12161 23652
11210 4989
703 14310
29665 18784
29441 10317
10225 22280
14978 5537
23285 758
592 23303
915 17928
11114 17968
4236 23202
17673 24561
18649 20156
11459 4716
19959 18176
14555 28046
23317 23674
9866 8115
13112 7119
4109 19987
24297 23574
7154 20548
26436 25525
20767 3022
12998 4535
10235 20900
3783 12236
9722 2747
6139 9575
9867 3595
3279 8718
6373 23972
26659 23852
9553 26200
27116 28441
13392 20675
17708 25358
29664 23809
3721 20835
23003 15755
11723 27272
21524 3767
4647 29529
22621 3125
12912 7416
26004 26522
24308 23208
13740 15599
10735 23881
13688 8580
23947 12828
25781 19358
13580 14591
22874 1121
10492 5274
7235 29941
101 1371
29086 11371
16667 15135
15006 8125
18991 26446
9156 27911
27112 9299
29967 21198
26790 935
25513 9006
21883 22358
9973 23817
16430 3781
6031 21199
18390 19213
672 1502
10930 15830
887 10864
14866 16210
13245 24318
1959 15231
7532 11768
14476 24486
8194 15553
14918 10546
20273 1783
12648 7745
20763 3313
5789 10257
5173 21096
218 3570
4133 3863
20016 4771
1702 23147
2310 28157
29934 25728
15640 29848
19799 29687
17072 9900
4566 19673
914 3884
26635 21337
23107 13698
17986 4694
15332 24799
16658 28176
9110 26004
6080 23601
14646 11185
11180 26446
13135 29094
17660 10631
10490 28396
11506 19433
15183 27292
8852 13632
26493 23151
26945 8332
23869 24651
12496 6109
1060 25498
26404 23315
14518 28694
5647 9331
8285 20126
13044 23079
2449 14879
18658 22522
2464 136
11303 16047
6970 23528
5358 8788
22328 18932
14378 1033
16604 22835
21993 65
8629 11363
5385 19080
27473 9947
7695 10517
8003 7396
27001 14005
15833 20213
23045 1865
23927 13735
29973 22892
16923 22861
10115 20533
25938 28104
12856 28491
4239 1390
25727 25947
17711 29861
24685 8871
27644 7165
1288 3045
5818 23889
5299 28244
12981 13889
26902 19851
18116 1562
23500 11433
5571 29448
901 2809
5945 19359
10306 16505
22190 3188
7362 19268
15710 17355
16475 9634
9282 10022
18161 14138
3433 5665
28457 21829
6532 13386
5008 10974
212 7906
7184 28767
24897 13641
19785 4225
24181 9855
19715 28562
14516 960
15420 8433
8735 12146
4810 20131
5911 26107
2364 16723
5817 14864
25303 19185
9700 11192
23313 4161
12829 28237
10108 26536
26635 13183
28594 16916
21334 27761
23224 22362
5277 8751
23945 10458
318 6036
3901 28972
13969 28643
19391 9903
29727 25193
4833 1036
4976 26192
4375 26877
10376 19463
11325 22184
9243 13116
22309 6698
5930 16433
29628 27391
17828 9432
10252 22876
28078 3630
26749 22092
23221 28436
6466 24401
7170 22993
15737 5960
4882 4527
17076 3507
25778 8342
10897 29145
13366 13624
24124 19291
2438 29527
19268 1416
1216 8673
869 15083
20436 16929
6020 8677
6890 21644
8407 20010
27477 29583
3512 21802
28748 2513
9136 17973
16836 19632
8541 24221
15227 18144
27000 21519
24973 15397
7553 22170
2691 24661
21634 1113
21836 10495
27765 3218
9586 14166
4866 4853
27889 25456
20620 8069
18141 3252
433 28160
17106 17031
2312 14256
20390 22673
8247 5472
27510 18312
181 5785
18075 28541
9737 7233
17943 2303
6016 2459
1327 19083
16681 4961
20220 16974
4704 24021
5140 15540
7 23322
9765 25051
23995 13510
12902 23901
5775 16353
14313 11094
16219 17278
11994 12986
3615 10915
17534 6053
20477 12375
21110 14970
7450 23570
14569 24512
3170 24648
12838 29318
7169 22600
12253 16939
21508 20542
17780 27301
24886 1802
9363 20865
23742 24736
2898 21788
15407 17145
8394 16548
4064 13801
3595 15888
27104 6193
14249 20846
29841 32
17016 8233
13891 226
2615 23966
21400 22744
20225 1103
15959 21214
28517 27182
20378 26665
4146 26990
8448 11300
12328 29275
25809 19578
11355 21070
21759 28467
22193 3651
19083 22856
27833 1271
16021 5967
20165 23388
1622 19257
4407 158
12043 6786
17283 29287
28962 23976
23063 14252
8979 2569
4658 15644
20652 10423
5345 12718
2318 3687
14692 17069
16387 743
12375 853
14803 18894
25542 9357
1060 24581
28106 2954
18021 4412
23094 4197
771 15427
954 770
12753 3088
9240 21606
4864 6309
27696 15605
21016 10032
4235 22036
10364 10546
181 13033
14066 20597
5163 221
16129 18959
11564 5358
22971 5843
12838 6944
1448 14086
29729 19349
16283 8566
20919 19903
25173 14160
6211 23578
21167 4135
5914 20877
16917 2289
9342 7837
12071 27302
14435 27377
18190 17858
11632 17979
5001 15386
22589 6954
29412 11577
27009 26999
28752 19126
15887 18994
15379 21024
28132 10892
15874 14234
7398 25935
4476 29385
19698 3445
29133 27622
5789 29907
26642 4169
24540 21408
1051 6898
13561 846
11344 13235
5078 12974
2398 4389
13339 20043
27243 24086
1924 7330
19694 1101
16833 12394
21885 10159
14100 27571
4479 20193
8424 1616
24847 2990
4962 14590
2246 27163
15744 29552
322 6346
4134 3876
29494 25650
29241 18150
18877 7328
29682 9232
16594 5453
21694 7167
23782 6046
17261 214
11366 23876
10537 1399
27022 3700
15444 28224
28992 22803
28738 12288
24986 15968
25758 23589
9434 25784
23406 8760
26297 10855
18056 16613
25712 8573
8441 14419
25817 21572
11290 5830
20377 26006
25866 6652
9170 2158
17656 9580
573 10505
9053 14910
1172 7490
22915 7901
18221 13695
11700 28136
22502 19969
27011 3769
22109 23146
24484 19060
13982 6431
28913 19886
20617 28256
12802 1879
779 20663
25910 19386
24970 27849
18206 18738
16523 17859
6988 18740
2664 16788
25331 4729
27 18279
8527 12951
2245 21731
9915 14676
21581 14665
2066 11076
15618 5347
3458 24151
7050 912
10604 22953
12560 7981
22241 3484
5363 23352
12716 19436
25771 14141
2891 22230
4900 5879
24023 15319
5371 29904
27943 13482
24249 6132
3419 2604
5048 25619
25612 9063
17432 6372
27399 3891
20704 14874
29799 11366
20150 16634
26020 7561
6956 18739
1254 27431
19869 11089
11719 27750
19146 211
16502 20582
27751 23365
9672 10133
11265 2180
4137 8539
5111 907
16759 2886
21980 6416
3440 1273
29706 19189
27887 22783
27209 12843
27073 6711
20839 28870
19009 17445
10511 10582
3120 2760
8988 18165
28810 20470
8414 19150
22533 584
22860 23387
27687 23015
11489 14269
26654 12106
12908 587
3098 20162
11839 11280
27126 15188
2047 25208
22914 15500
9969 9723
15740 12954
14917 17398
12731 9577
5785 5942
21743 9368
21763 2294
18781 25425
7512 4212
15557 17120
10914 19093
23843 25416
25695 24084
22770 11078
9207 11320
3896 7196
4203 3248
20058 3902
12679 25088
29723 24095
9431 21506
2571 7528
20770 22277
7054 4193
1848 12886
9113 24105
12203 19013
13525 14863
3961 8219
22207 23529
24225 28154
23849 4345
22623 5692
4078 15353
14925 29349
22132 12386
26610 12838
23624 18157
7847 14282
9068 376
27900 2028
26642 16402
8179 26806
25543 6696
28805 19882
19530 9635
28288 6304
8808 10779
26397 17023
22720 29177
23213 15951
6713 2320
28270 19394
19712 5557
24527 18980
5219 26151
29777 4443
11738 25711
8499 1970
12220 21324
19692 26118
20569 14748
16852 2484
7517 11554
22269 10258
14287 21404
19283 10989
10114 28668
19254 5640
2792 24536
11313 3223
29927 21453
25253 21991
29835 24727
9499 28727
28869 9851
25395 13397
19577 24992
12442 6495
19004 10669
4137 3985
19698 26086
16977 4005
8762 1421
6833 13747
13039 12101
24858 16031
3041 5245
24260 5472
4041 3177
22048 28587
8778 17329
11804 27724
14626 25566
2840 6734
29443 23484
20862 29143
9813 22075
29974 1717
14258 7751
4106 26967
18821 27051
15719 27760
24672 29983
23522 25590
3002 29102
26962 14523
9503 15411
1955 16566
28768 28939
11174 7953
4059 9692
22487 4810
21874 468
20905 19884
3587 23838
11079 22454
4584 11459
19849 216
15457 29562
21428 14145
11508 22735
1703 4292
27909 22381
29566 3798
3917 6201
5775 6992
16030 28648
22464 16839
7693 25287
7490 2541
12805 20185
7438 21269
23821 18455
14152 12133
5136 26319
25796 10129
26346 5996
13533 16201
5940 19558
9781 12722
20500 24402
6123 12487
28036 29926
14392 24543
26104 20122
12438 28811
2765 21613
28472 7269
12600 25670
22344 7411
25991 13704
3913 7451
9839 11078
4234 15758
2762 8567
11048 19588
6371 4404
25001 592
471 22648
18725 2772
25270 26921
4067 19301
8335 663
21171 29429
3156 14146
7803 9170
26996 3829
1418 20729
5188 9211
1001 23930
21684 931
1495 22716
1678 11757
16914 1035
26846 22005
21814 1855
1721 28819
13933 24235
4928 13284
16814 12870
8080 17699
17526 3757
11633 26974
15046 23518
26993 3276
7278 12338
24130 2415
6984 19198
13473 14889
11671 17585
28722 104
19506 15830
27276 6032
27504 28142
24971 24523
13006 7504
18767 23912
17942 26193
6397 9701
15543 7865
1903 12449
21295 9598
28120 920
28292 15328
8552 23582
12591 27962
29005 162
15375 29124
16408 29905
8091 18104
20953 26105
8052 11318
4752 20299
27834 7479
23889 13176
29930 21222
18084 4927
10725 1476
20233 15090
9754 19915
24965 470
28602 6286
27202 5343
23286 26752
3973 13373
18975 23318
6503 20798
28549 7458
23092 15739
14335 2842
29423 6681
17797 16128
2342 7748
23670 163
15234 9940
4180 16581
15065 8863
1044 5854
20236 10840
150 18289
27096 16444
506 11401
24749 20562
5012 19611
29065 12266
404 22532
17632 14579
25665 4488
4773 11890
4922 1371
3933 21448
14060 1436
26438 11262
23761 14297
5082 15528
1566 12336
8498 27066
10657 22926
7402 22463
21777 26579
8385 20406
11261 7865
16496 21222
22909 4511
16511 10655
23280 10330
16234 803
28719 19518
16432 20947
13815 5960
18746 6752
7623 16342
26935 8255
12238 4840
14868 11913
10484 12356
28289 20707
6425 21901
5579 27119
12581 10987
15447 4770
27179 18268
11342 22466
7322 8203
3781 21478
28701 3156
21636 9676
1801 24900
4101 6314
3944 16775
26584 18546
7739 8760
17697 20429
5580 25947
4721 11691
25210 16308
2228 29657
10863 21239
8402 9590
2652 15556
29683 2015
4161 8205
18561 27730
4317 12596
25774 2541
14798 7254
10728 11045
23991 21958
1634 2905
25446 1033
1988 8721
19711 7264
10488 3143
20654 21684
3019 23117
20019 20820
6406 3526
10489 12443
7115 3641
3482 19202
21257 7457
1295 2770
107 16182
9853 5809
23600 11126
4338 28941
22498 25212
26374 929
21458 10056
16083 23655
15076 18660
9959 24921
28863 25662
11985 16671
7023 16913
29470 4616
456 22677
1509 20485
25047 5871
12868 10065
27548 24186
5805 26733
3381 16275
16801 3573
7787 1329
23550 22046
28045 15822
6927 7348
13920 9136
1422 29623
24238 15958
28630 14808
13749 21250
612 14153
23992 11061
15504 27810
17239 6380
107 10262
13816 5285
4148 4368
9362 10042
1695 17666
19271 10882
17619 21848
18585 20841
13415 15771
12864 2415
27378 28938
25027 3562
24915 18851
14589 10936
13039 693
27307 4770
3303 27149
1327 4883
1079 27084
19229 28541
5673 19484
20005 1890
23168 15443
6972 2110
3249 4805
8858 23296
11718 29943
11843 2783
5782 18981
10542 28524
8692 6174
36 6927
7855 9620
2510 17960
21555 28617
6740 22806
12024 14549
25351 23339
29079 27229
17666 29003
4881 13739
2760 25466
6093 27786
20022 2743
4243 2469
24509 15839
14832 27319
15219 26151
12959 21412
210 12339
11312 27296
19275 8637
23808 26599
5433 20332
26143 18778
26810 5993
16548 12945
8083 14877
25260 1524
19574 29793
7794 24894
6871 23682
18627 18590
18570 10047
28184 28800
27677 29444
28220 9917
7458 21424
12142 17892
24181 8242
1256 26913
26000 15485
21292 7364
14999 24598
1114 24150
26867 1198
16450 11763
10718 24096
3878 9123
25527 25288
9127 1222
9159 13805
21121 29534
4403 18203
23682 2935
13145 29961
8846 1007
6822 19824
6481 19308
17999 23398
8980 28310
10919 23325
26715 9363
17849 27936
10934 16553
4322 21315
6796 21407
13444 7320
22446 16638
12771 1414
20555 21347
21422 18487
25240 2291
5519 25971
2663 5739
8942 21092
15817 28141
16701 25295
5351 3281
4554 29664
24874 21979
6947 16783
27492 12375
14422 3892
745 29334
14837 25506
7887 6040
5674 18908
15162 11606
24973 26820
21123 26532
26496 25035
4830 28193
9106 14189
15804 8367
13328 19205
27058 8424
18624 20740
15801 10232
29773 5741
27965 26277
28230 11311
18276 11353
14474 13830
26608 29396
25811 13530
4925 3423
15031 5623
27606 576
7864 10624
24973 9059
26920 5858
18326 8544
9992 14725
3957 9549
25172 18122
24286 13190
24545 18558
24015 101
19986 6935
21129 23337
2888 5715
9144 8355
21153 17738
18504 21578
11354 9746
13445 9488
25267 12937
20263 17244
17791 29475
28530 20847
1266 7
22415 7951
27945 12950
13082 16814
20546 19751
7277 17510
17963 14062
11609 24605
26072 26206
22065 15766
23236 21563
22175 25456
14134 1271
28527 23115
10963 4621
25251 24895
11367 24082
10573 24596
19451 1261
26222 20057
3751 5781
15354 3789
26310 24079
28785 4303
24895 11486
5506 803
23087 8176
14550 12109
16613 24830
28181 10855
22698 21029
949 28326
7022 2897
21444 1970
7361 6566
3548 25486
11860 14598
2734 27358
19340 11753
2626 15351
13413 12382
19714 28256
710 17524
5771 14692
26706 13619
4803 19265
13916 22745
8544 19507
17417 23638
18638 4420
24754 10374
12340 6704
8775 25346
802 22700
27341 14162
19486 24953
16527 15102
29138 20522
16235 8932
5007 3861
18146 22519
18463 17603
16246 12133
18472 7736
2618 18229
4858 14398
29153 4022
9213 19210
14517 22217
12791 7083
20394 25399
27077 7514
21231 17203
5905 1125
1140 3403
12395 12
27103 22873
24920 12439
5749 19868
10574 9209
19742 13211
15113 1110
14933 14712
24913 27540
652 13246
17672 26257
11135 1483
26138 12519
29682 20462
23703 18085
27000 5586
1201 12721
19050 22518
7433 3251
8137 21103
7253 28743
12148 4518
29912 12501
26917 2977
3985 26561
2466 7425
16179 8141
25146 18004
19771 3002
1000 2493
3689 15195
10761 5382
21773 20832
8815 12721
21369 5933
10527 2874
10784 3690
24815 12223
20250 16146
16801 400
11868 14434
10049 24837
13136 29735
18019 16345
1192 7798
1011 19882
3819 8598
14567 4296
4994 1666
6865 11704
27195 28092
29156 24780
26444 465
4574 4774
23709 24113
25975 3818
5033 4470
2606 29380
28424 27658
16959 26666
26270 19875
8479 11468
11164 10110
7710 10972
14150 540
25951 25641
5624 1152
20134 28283
28477 10643
21687 21082
25332 6273
21666 24937
25670 5306
29880 4530
25023 10936
25252 18177
17639 16265
5638 4298
22504 23164
21794 19726
17455 21795
12286 371
28804 321
336 2534
28177 27838
3103 6314
19155 18382
5576 7083
12562 11288
15326 19888
26221 4893
1102 18539
9049 27072
14488 9032
981 6763
19269 12892
7860 2128
9236 13988
9074 6266
28859 29991
26710 20953
13425 3642
25736 3145
22363 5512
6236 2283
10047 22046
16900 3682
9897 2322
4142 22996
4795 506
586 25754
28030 9171
6562 14555
25637 29265
2211 4173
15436 3825
9367 28733
28609 7744
16995 3964
10810 3321
29352 6046
14558 20660
27867 8063
5344 24651
10542 7317
1017 12656
21811 22497
7060 20342
2033 23640
10782 3623
28228 22565
1809 24226
22447 23326
7802 27604
23929 29207
19022 13596
24196 7727
24976 5433
16505 170
6558 28270
3829 28139
18326 17092
22649 11649
7189 9943
20815 26016
27732 29793
20693 27676
3481 17808
9682 16285
12927 17673
13108 1515
16584 23213
19663 3888
29486 26042
25249 13481
29336 9736
5918 8193
9810 8565
9840 13518
1212 26922
17470 22160
22205 8512
2667 11181
22757 26741
10552 17605
9775 23212
24105 7945
24713 2995
12182 22133
2306 27234
3207 25665
14524 28233
2424 8740
4433 17030
22900 27365
11861 1446
15476 20056
10016 17054
5426 11472
5594 17908
19896 1410
6216 6965
3228 29959
10310 15448
23143 3442
19722 10581
7168 24313
29141 17316
8648 19277
11320 18611
17095 20044
1059 13035
496 1989
7817 2839
28324 2590
2605 16973
2061 4903
19253 6005
3922 5024
3282 4519
21577 8218
6057 23691
22458 23741
13765 22088
975 22871
19663 18607
15421 12320
18446 19473
28048 27524
23647 25891
19779 8494
3025 2026
14417 23407
5870 4907
17290 4902
4602 12718
8839 2546
29885 7789
9671 28202
15482 14574
24598 27315
17758 24090
9668 7567
17424 3874
22367 10601
17153 24772
25902 2163
13386 24516
4051 6558
270 5172
8613 29004
9030 25230
9676 22688
22393 9003
19083 4795
28332 11696
7275 19235
1854 6318
7964 14555
2017 24742
23873 24745
6785 2292
19878 9967
11099 11490
27698 26304
20685 12837
29728 23699
9203 21795
15842 23920
27277 10574
3621 26293
3356 29932
29461 23053
11665 27160
15074 27044
13865 24805
1375 10100
17176 13942
21587 25117
18203 8844
26585 6676
20737 19730
29440 13959
3153 3352
24107 25318
9774 5070
18874 15530
211 22423
27053 25449
25874 27284
21664 14762
13037 14473
13168 27783
3016 4443
314 26212
25692 11663
13160 24206
427 28709
4712 14558
14055 13502
19507 8951
4680 18286
2082 11884
12987 19942
24179 12785
7545 3509
2602 11673
2203 13365
20800 23698
530 4893
13584 17481
2999 18991
606 25570
132 28182
27096 22903
8817 18247
27739 1782
1135 3848
20334 22051
4797 19830
7158 27485
9787 12768
8977 733
9588 18571
3946 10638
17853 15173
6119 1544
18276 25333
21710 17107
2074 1193
6163 12788
5417 25430
8676 13824
8552 28360
16073 3446
19305 13870
22339 26562
551 7211
7998 21060
24521 9450
16536 27885
29786 25618
7632 23857
17595 20156
7270 24918
6178 3575
12146 6389
25169 22067
17100 10109
26282 3542
13042 6165
9151 29434
12906 7156
25908 26159
13912 28851
7132 20228
20215 7427
591 20888
7681 3252
15495 13976
10504 9744
3406 22649
14693 20271
13410 16299
13465 5569
16929 10239
28503 8755
9522 22532
12237 15490
25503 9346
7888 6125
3728 21883
5537 4215
5026 4246
12227 7856
6402 21471
3471 25431
12482 3628
27475 22141
19286 1545
13149 20160
23744 20154
26202 22133
26888 5813
26922 25186
713 1033
13632 16946
1724 16432
27334 14024
4227 15659
3358 9755
2647 2202
20814 25428
16945 19685
15075 11352
15184 9809
29620 11119
8807 17729
16638 28416
14350 28083
3128 24550
20745 16701
20927 18060
10154 10976
7718 6748
16720 28482
10575 22351
13865 3378
18052 7470
2298 9345
29504 20321
16056 23619
11658 19417
25136 23942
4715 28627
11838 6436
5059 6409
21753 17893
23162 1165
11260 28110
25763 24767
4524 19957
2012 4321
7212 29
26091 4460
15096 7595
901 17017
659 21792
10930 15856
9073 2815
24981 15274
7267 26289
10932 20844
23656 5553
8508 22971
3897 16912
139 10943
25702 28188
8169 20396
14736 27970
16942 26896
19827 10172
20948 10564
16663 18457
3746 11732
7973 25628
19095 21631
22289 15097
24158 22981
8978 13575
15838 24800
12868 2142
16501 7967
8117 16637
12555 29088
13944 29679
13068 8720
26725 4775
18179 17051
14639 14118
8238 5153
12919 21058
9260 28017
8968 15840
12008 19570
4094 26501
1890 141
16920 23264
9127 8267
26325 11687
26802 26199
9753 26272
20229 5451
20801 25030
23569 20742
18557 3606
27575 11879
2911 11001
12467 15237
23294 17740
1616 23785
29491 25403
21684 7798
26384 16158
16398 20507
12244 9949
23646 29335
15382 12345
23968 18158
19771 25744
17094 12297
13450 3066
771 29877
17033 13611
21170 10164
8106 22776
27141 16108
25033 8817
3920 17557
10984 13572
26620 8025
28124 24789
5032 25019
3091 29281
29204 29145
24275 20408
13662 19064
2094 27306
24918 28050
12889 6149
24095 14528
3526 589
7068 10939
12132 15958
24687 6617
21388 20161
23664 19836
21127 5098
16241 15789
22858 3984
11948 21181
10777 5551
11060 20564
1523 26739
11815 13746
27417 24159
27729 808
25706 10067
9090 6370
17811 27292
12508 22592
5620 4207
2902 20277
7170 28399
7914 25769
17705 4571
20273 17613
3195 27510
23138 19060
12228 12641
19198 12100
9463 26088
17596 10811
18877 14526
14700 13109
3056 20455
10997 1491
12299 28695
15580 20244
13962 2624
2548 28256
23195 21801
10807 6326
7777 18277
29572 1930
27956 8906
11985 15308
25412 8188
19267 17277
21116 24690
8487 4789
13648 19697
18857 27575
24935 21025
9100 16008
29414 28341
24043 7602
20585 29029
15654 28981
25477 28016
24042 22686
22498 13448
22040 12103
22689 9046
10573 24104
19466 23204
9449 18987
10923 4496
2622 9890
8335 3101
1864 79
542 23605
3900 22463
12040 9470
24232 23889
9180 511
1301 28409
5780 5100
15860 8883
24969 22192
3051 28104
26980 15835
10346 12363
21476 24600
28728 10908
13595 28285
4776 9491
24122 10678
6446 2796
1975 10833
20632 3400
22876 11705
29625 14500
5684 7889
26827 9579
28201 17489
27254 29537
14725 17455
4884 22165
13635 10509
9230 14932
5786 11152
605 2165
3794 10515
4495 11913
18373 5056
28982 27506
301 3276
437 12086
11664 9244
15878 16422
23538 10977
17025 22419
5111 4071
26554 6392
18413 20046
10792 25841
524 27467
9991 2220
14031 26535
14790 4383
29475 24719
10389 15795
14123 10812
6619 10884
8540 6945
10822 12336
10778 1537
26125 6710
20966 11877
26194 1484
21843 13477
18494 27348
18660 21325
24565 5446
29965 21545
5578 9790
15285 9273
22104 27135
26068 14726
11578 5927
18444 17302
6916 10240
25594 8973
5851 19470
15730 26237
10543 12537
10337 476
20165 13951
19417 3127
19939 11377
10522 1404
10385 23490
21377 26101
13882 27458
19977 647
7591 7430
441 14358
17999 3081
29252 7508
28004 3180
21059 7315
16238 6361
26451 23013
9380 15897
25064 18451
14457 13476
17976 21559
15246 358
7098 9545
915 24573
20629 10546
24363 29635
24253 7142
7129 12631
23666 13176
17326 26705
23856 20268
29278 14628
17539 15666
11794 16207
23262 13287
23748 28886
2607 18178
26889 8365
3809 15373
3415 10646
11448 1326
21176 3085
27219 21605
18841 1359
27172 8532
23326 4058
1615 19542
24525 24018
1714 25427
27845 5992
12228 25035
7763 15902
11267 11201
27718 15046
22477 206
1583 16942
21914 10100
26933 21955
4925 4141
16348 6168
29139 5312
29618 14699
16132 26532
17825 29619
21746 11557
22629 27013
3361 6974
29966 11769
20316 18486
25805 128
3680 23709
10897 4836
26630 17178
11418 15596
13207 19187
2002 29189
5814 790
6348 18833
23972 28635
13314 24765
17584 16351
1861 14195
13106 153
7082 10156
29396 15334
3778 19920
15972 15355
15952 19656
17087 12982
20450 19072
27711 449
11444 10042
15936 16784
3074 3339
23642 13200
18341 15346
22415 11023
28101 3958
1161 10630
26565 14021
5777 2473
5979 12729
27575 5388
20464 6116
25671 20080
12053 3756
4224 26762
17287 18509
20460 16165
23969 20494
27053 26018
2129 24529
24872 28170
7243 18981
24075 2450
28172 23246
26909 2097
20196 10549
17349 24784
13893 17944
21979 3339
6506 1387
24712 6018
8197 8153
17203 4882
14321 1546
29270 4951
14324 27355
19831 4477
17899 4407
5061 3573
1097 13038
27320 7495
6955 10911
7523 26696
23464 21221
18174 145
26831 11409
21691 27325
1402 12593
7238 28874
146 21446
3254 4074
8127 9786
28287 20756
5215 2209
17142 20858
6090 5652
1156 16091
23336 28223
4668 29589
24704 8913
7989 7923
15402 2605
2388 8722
27133 11009
13173 6067
18351 14568
24587 21311
15514 745
26659 25684
2115 26720
20143 25197
18378 12581
12803 25830
6871 16962
2320 22297
20265 12220
16594 5521
17341 27767
14040 7076
22366 18074
4830 11607
816 1089
18187 28935
4564 21122
13538 28674
28442 9375
11466 10580
28674 9400
6689 28548
22575 18696
6139 3275
1570 17915
10154 15477
27868 26190
17318 13630
17725 3553
16370 9266
14026 1521
2267 25622
2280 10974
28801 14666
19079 8686
20964 9413
3152 3672
6019 273
20524 6728
7019 1304
1283 23290
7382 27293
29188 19568
22745 9439
15400 3284
26431 14877
14343 852
12772 26268
23266 2379
14572 18815
16405 35
25270 16802
624 13109
14188 17686
4913 18953
19140 860
1654 14087
9891 1615
15340 1946
1950 23506
28542 6563
5600 8282
15416 22354
3779 3092
10015 21470
1197 16788
18904 12248
20860 17417
10739 16618
1588 15926
12084 10190
11872 21361
5507 4303
19882 1332
15578 15278
7091 9604
26642 29036
24252 8367
1984 17899
28400 24171
24418 16004
25157 20063
12132 13298
8828 88
16470 14726
29855 22260
5822 2388
19883 13810
12433 12228
20006 16883
25820 9387
20991 26491
25703 20543
27106 12011
17741 15569
28837 12980
12174 28947
7871 12716
4941 20074
9044 20882
4526 7583
21953 26303
3100 18777
21302 19245
22569 5308
14750 18563
2993 9837
9522 17701
4105 11382
969 16090
3569 9351
13205 21652
2661 17602
18377 16000
28724 28896
418 19678
28589 4923
28909 2145
16891 29107
27691 15390
2125 4393
27465 17212
9885 19773
24470 20825
14111 24879
8888 8357
8163 4371
9702 25784
1366 2648
2995 10385
12222 21495
16003 18725
18542 11302
8412 7162
5510 13457
15403 15603
11779 6308
18299 15709
19813 27255
19498 10025
27587 24180
29193 12167
14969 20061
25339 23502
3080 16268
6492 500
19888 20365
1495 8757
3864 10920
10206 19525
2569 7093
18909 24775
15142 11421
29247 1235
22403 20886
12877 4378
9114 2961
11111 21249
1347 13581
3637 24257
22628 10525
12952 19080
21278 12510
26562 26870
19852 5553
19834 21509
18449 18977
21044 23522
763 6474
5128 10151
17524 5907
23105 1062
20066 28787
135 4756
26651 12657
10753 20793
21837 22441
28369 10289
4167 28630
17747 16593
22695 7081
21351 7075
29062 1133
22881 8286
12448 28478
21774 11665
21279 25756
15713 753
16380 26715
8335 3037
5381 1357
20446 7150
22074 29196
4432 4604
19099 29327
13504 11753
28736 29492
14323 9173
783 21288
19069 833
27171 13575
28525 28528
25873 13000
20496 10417
17939 2518
22908 11735
29609 17109
10965 9570
27684 15646
4255 29672
10947 19844
16657 1700
29252 850
22477 11484
4596 20842
11756 14466
29604 22764
18003 25035
7241 22174
25888 23382
24221 27674
19725 6272
27778 7042
29860 25236
23804 25718
8710 543
8075 9392
11058 8942
6864 18500
19386 437
1359 4221
8121 27338
9277 26996
1071 25033
18988 13090
15814 15742
10288 26416
24517 27175
14303 945
28847 23733
25906 4779
21657 23008
535 16724
8010 5127
22867 19808
12808 7208
912 21587
21992 14265
12251 2646
24338 1178
27901 24908
1545 9537
29616 26410
29937 12052
22243 13715
1890 6749
1196 3679
12998 20545
6123 23386
4985 12891
16391 20031
17323 12218
15216 29746
825 27743
22608 27699
14167 6092
14773 10629
7250 11217
17314 27360
11250 26923
3197 17187
17079 17541
3533 27876
20871 10733
1078 10181
8640 4676
10510 4416
22761 29657
23826 14075
28079 3680
652 22308
15919 5640
3562 10890
10361 24115
1259 18006
16265 4535
14984 13711
17921 7281
13275 2188
22104 20898
95 25708
16392 16713
22919 7254
10610 2287
8032 14625
4910 8288
10616 149
10504 19960
12 8280
22635 15016
1221 23388
25305 26163
7789 29532
4846 18393
21732 12942
21122 21275
17050 6199
17071 5373
3214 9776
25162 2577
27231 24011
1405 3985
8007 23334
26994 158
26390 23267
11187 14313
857 10367
14994 2172
7812 25769
14547 21756
23215 28559
6125 149
16138 14721
29384 19418
10282 9236
28954 14869
3107 9001
21398 29879
8935 19774
9405 2480
13288 2797
6553 29451
6485 1684
19964 3376
19150 11546
7811 21134
22817 28169
4258 15537
24259 3955
955 16635
20941 14266
14040 4126
4364 5307
20687 17661
28533 18934
14035 3114
10240 20669
1602 1636
29305 21868
2048 10170
508 2666
20918 21072
13492 28993
3581 3913
27205 3868
2049 3947
18254 9216
10402 18682
28577 26913
23620 8800
29632 15139
22619 24099
688 11883
17429 113
12208 25705
6916 27387
16572 16967
11076 24383
2690 21853
9953 22052
15194 12684
17517 8295
6557 22035
29427 26212
6431 15872
10563 20892
7890 22438
6863 1804
18975 21401
8729 4724
27088 26565
7509 14508
4678 787
6444 13759
12509 16520
28155 7492
13459 24961
3633 9508
3802 2472
7711 22565
29122 10006
26656 20782
16816 5267
541 6346
17729 4491
17685 20585
21899 15169
3785 27614
6048 281
1035 9170
27907 14807
11050 10071
22424 5598
26644 7726
12788 22502
264 29367
7762 3060
24666 8361
28383 24641
11577 9877
4066 509
24413 15704
20654 23175
17641 3308
14528 1194
15031 2491
24416 9924
28457 318
10958 6105
1374 18741
16579 14792
29530 3220
25331 6438
10525 25866
26650 21162
5672 20029
1813 22018
16042 29666
26446 25
3388 5649
6079 18086
6467 10616
10554 10400
16334 15851
1313 28519
4604 6055
25191 13460
28888 5524
8077 6400
11414 6851
15355 20096
14426 9794
8617 29945
9268 5695
23272 18276
20074 8835
22157 14302
3903 12077
14871 29421
19099 22019
5102 22174
29678 24942
1026 25100
21580 11723
17492 4360
1362 21528
513 28784
7836 16986
16853 24682
2184 20468
4214 1514
22400 4955
17194 27848
7467 29257
17001 28330
21923 2178
2541 18008
18154 22040
6267 22345
365 21629
4815 11697
25597 16370
24049 2416
23043 17490
10914 4126
7266 20143
6129 11582
24441 4018
11854 3053
10245 23460
22587 25624
21697 29820
4473 12699
5291 12328
244 956
16726 28733
28306 20599
21082 13885
3705 14899
6206 9603
11310 16383
24303 4672
10988 21994
28659 24794
16800 20045
13422 19216
21855 7736
17761 7306
26092 11375
14757 29907
2689 17065
22324 14748
26789 28065
14078 10633
7681 27537
8127 26915
3791 11972
21522 27828
21434 10748
29400 17800
14018 25907
21981 27114
17340 19596
7732 7949
5818 28766
21619 20252
29920 11743
6285 17872
29617 8802
17517 26685
22082 3632
15549 27682
19888 11705
9657 29801
4486 16410
9407 27542
23384 17901
13854 25677
10323 8477
13576 22781
19710 22948
11965 27267
1751 3451
15671 8816
20404 2801
29535 27733
7157 20567
3575 329
16690 3619
25087 3438
22752 8543
29090 16643
12579 7754
17174 25601
26605 25500
3541 12164
29950 4231
15945 5813
27441 28697
22487 23286
6286 26482
11331 7199
21411 3824
23524 12482
6521 29407
4819 26296
3115 16010
9451 24123
28257 18342
20649 25770
6831 1845
9098 14985
2954 6595
19030 18434
27284 2606
7016 14343
18117 19407
15718 3891
26566 21618
118 8549
7155 1533
13898 4394
27453 3368
9595 26290
7190 27227
5992 26118
7414 3669
12846 17208
26631 10372
23967 23399
8512 16963
22290 17423
25518 9339
19178 15014
28286 6818
13436 24893
14114 8274
26618 11145
28335 26782
17930 15822
21749 16723
29349 9230
22057 5721
7979 23970
18928 27424
14240 14342
1938 20621
25684 13200
6977 15213
26893 21123
12477 2542
19036 2971
10839 16991
19510 23440
12690 11342
24844 16285
29483 7924
10020 25625
13951 12860
12587 12339
1699 6424
5159 24473
21717 17925
22034 19642
22276 19655
10045 9127
29232 17508
18758 29660
17295 20337
28435 14539
10197 22522
18999 13146
16824 17451
5185 13475
29624 2659
5766 15584
20395 19863
25758 1398
13863 20069
29625 25699
27970 2240
27917 4822
8902 29521
22199 25727
14540 16461
15440 7680
1838 12407
24433 11404
18243 8778
19329 23688
29564 13705
27528 17319
13779 14676
19456 16450
28189 28154
7994 7614
24363 10360
1214 8365
856 2986
7910 14944
11691 25251
13539 17861
16755 23467
15527 24059
27188 24098
24391 3198
18088 20416
4010 19711
15960 13377
17132 29591
27105 24846
23765 4874
28461 21139
14417 24413
4521 18378
12336 1871
22057 29277
29949 12215
27094 17081
519 1501
28411 14558
13608 12072
19324 19649
6271 11
18513 8868
21855 29251
26696 4230
1813 24898
5717 21828
29182 25999
22416 18752
9406 7327
6542 2694
24944 28633
4698 12078
15990 20716
12063 9503
21582 26461
24955 12049
22293 5427
27541 21163
25029 10397
28630 6651
15898 19257
4542 4657
19643 8830
10921 20918
21125 23226
15426 15852
20570 1063
23115 5186
16498 22668
23797 11164
12917 7211
28534 19449
9014 26562
22045 26113
22948 14005
3129 23483
16128 15
11911 15258
27244 8769
11260 19581
1993 19911
7124 26985
11958 18031
849 7809
10999 17947
1771 325
12767 19479
28536 18394
25669 18973
26485 10167
6598 4742
24606 8909
320 11402
13170 22370
4885 16540
24223 24466
19953 17467
24975 9300
16247 12395
12734 20108
26274 29443
957 11834
10864 220
23796 23352
308 18721
18411 265
5272 19091
2011 20177
10426 15737
26259 24007
14135 27505
22835 13812
21050 114
19779 16197
19823 21196
2020 9149
6551 28163
14834 29170
9209 973
1140 3519
29620 14426
13068 11086
5121 12367
658 8839
9896 27992
8778 19392
29754 19460
3419 5687
12527 14210
10183 17717
29493 21179
5732 15646
29572 27522
8215 21706
6448 10119
22403 7906
23851 18847
13992 28930
25421 21423
3215 9116
6927 24947
4738 22282
23363 26653
16164 21076
3820 2375
16677 14340
27791 2836
6967 5983
22449 9476
6356 25849
13216 29173
524 4807
16016 29979
4135 7560
21662 14690
9210 29514
19988 20214
14405 24884
9642 6479
27909 27985
27419 12932
9345 19869
3464 11933
5791 22345
21242 26846
21033 2870
12197 13070
26151 26479
1249 13164
28788 10865
19865 5907
6529 13932
29391 17410
5435 17467
19122 24069
20925 15345
25517 1667
8929 25770
19074 17406
24964 24299
1913 15526
21283 29015
13637 29287
25271 16031
657 2674
23515 235
21754 16739
14217 12204
13832 28802
24629 17178
27295 11349
3001 28339
6699 4191
22234 26884
2375 20497
15861 4611
8983 25549
6382 24060
11987 4016
19042 1757
11343 7250
14597 16616
19806 26517
13773 23001
2567 4919
20994 5817
3994 27737
8289 2179
7936 26189
18082 14946
17011 12410
6129 29287
18958 24482
28412 20630
28243 18108
16756 23089
20760 2824
4672 21077
28849 3195
26661 16818
26211 28494
24927 15237
9179 19486
11542 731
5446 5236
10053 21547
12766 6722
18166 8495
16295 24454
8922 4800
24430 14308
12479 17439
4216 7442
27231 16870
25913 21491
11577 24739
15939 14168
6933 13243
24385 26187
24986 25665
28712 1970
9946 27385
17138 19839
1848 11384
5233 27649
10269 19843
18117 5736
14628 18467
12679 16135
21557 4428
7056 29710
27530 11523
12477 14801
16932 748
10486 12673
21746 19855
9018 4712
29705 8675
20694 27764
13800 17454
2376 607
17713 20675
8054 3816
24321 17976
432 14325
28402 23911
14983 26567
17683 13979
5299 11678
3273 21750
24323 16534
8016 19210
9571 15858
22280 11326
21624 8029
7970 21969
28020 24833
29902 16890
2269 1232
11330 6744
18343 4612
6577 14176
18949 10365
5255 28565
6741 13332
3203 7478
16371 14094
7276 25335
23479 22903
7897 11769
16577 5532
29758 23822
27015 13110
5504 4355
19450 4147
7040 26297
24125 9016
6494 11901
16716 24337
277 21796
13662 23135
29831 6580
1794 1597
8757 22454
9008 24647
22498 8703
863 10346
24112 14959
13879 0
20500 20115
10485 16410
23678 16073
20835 23529
23631 26850
22118 3524
6173 13883
14369 14367
2508 29385
15755 3643
6978 16035
22801 19392
26311 27637
29391 7869
4661 17449
11487 20264
16354 17350
6483 6686
4370 18085
22774 6226
16032 17217
18827 12729
2167 26530
610 19403
6176 16273
790 23425
26642 8700
8880 8
10155 6360
3570 6462
21056 11454
26195 991
19149 2429
27591 7370
14530 29149
13384 29172
4441 25111
7175 13689
565 19383
10663 864
4695 3893
1008 20026
23511 10394
23021 17699
22046 3179
25437 134
21494 29807
23476 27628
22598 20635
2641 5509
1978 13821
25990 2748
22100 13871
8520 11446
25790 4599
13313 23238
22845 19908
25364 18435
17050 18469
5877 6833
20557 16879
14492 20252
13545 16230
10859 18528
6217 2767
11062 5047
17548 21070
28726 16923
9689 21510
7768 2195
16989 12724
25977 14690
29374 12452
21083 2357
14423 13617
12441 27751
11813 26149
27406 256
6133 29112
25890 11491
10924 13650
9562 14267
23477 20419
21064 9055
759 275
25795 8283
18606 15662
14937 7058
7017 2433
26327 1536
25818 12587
11660 20718
8144 25943
23948 10268
19920 8339
1960 21872
3542 21687
14160 20848
4888 10861
18591 26117
27279 12495
26694 3782
20286 21671
28487 26153
23967 21114
27009 6907
3005 23600
12712 8652
27763 7189
28603 12838
21060 22125
6568 15237
22402 6409
9652 2932
13296 14154
19188 25583
3108 15906
505 1812
11834 25446
265 17595
15191 3723
7058 16553
24477 22010
13003 10250
15890 25416
4491 15973
22128 19606
7767 19017
27234 12146
13197 2479
3724 16776
8267 7399
16189 25013
2740 7812
12138 4995
25192 19994
29939 22516
2639 29281
29185 28624
23444 25540
21155 28810
1577 3521
19141 2211
17013 14617
15287 7227
21371 18637
1288 16562
21472 7828
24560 5056
9957 15328
6092 17157
28403 29801
29401 7361
3380 14523
6309 28679
2677 15248
3397 25987
25008 3295
15841 9757
5027 13801
19721 23690
18833 10528
20906 29314
20279 6700
16496 26911
9329 13347
5717 25184
22592 2815
4682 11026
22283 6550
17181 20569
4801 6701
12505 11707
25721 27549
15789 1098
4756 19190
241 485
3198 17571
2189 2372
14467 1930
663 22335
5712 14229
21881 4607
1872 5850
5798 8909
18379 13940
7824 4958
26858 8320
11049 22774
29561 3676
20071 2922
11086 13800
22234 17694
12488 25492
28359 26130
27578 1759
11953 21183
10272 27089
299 24827
29205 21040
2065 14649
24782 8427
15789 22180
7091 27008
14470 19700
12399 17156
8859 5345
22694 11590
9924 25893
17377 2204
15567 24871
25359 79
2169 12836
6069 28582
15947 20519
23127 27641
12105 19239
8933 16480
16128 21144
27083 15379
16780 17383
6585 33
3887 15536
21049 6541
29666 7104
21299 10419
26304 23649
1751 15806
16905 7176
19324 19220
13113 8214
24614 11542
19494 25236
22845 29119
29354 27818
1233 15767
25414 6683
28750 19416
27848 4752
696 2040
16890 29569
27109 19558
14539 10956
29403 9650
22560 10362
27648 9785
16531 14695
27590 27658
17927 19530
5644 25596
29196 4834
26339 24741
4424 1526
24353 22899
3879 21401
26419 12541
25033 3701
16991 26345
23335 23071
22743 19838
6966 11033
12298 7192
20412 16346
4605 23176
10235 12467
15367 14430
13166 9577
27617 20117
2047 20466
17669 11136
7981 9228
12567 24677
20307 11185
16045 19256
9211 12701
5241 135
11192 17865
6600 8218
18621 19033
1834 29002
610 10332
26659 1131
357 10898
9634 20999
3620 19220
12590 26498
10324 27253
29307 1799
8125 26794
19545 24639
811 363
24379 12373
18201 12766
4974 27132
28254 1514
578 26903
12904 22121
16245 20168
6633 16762
9752 25454
4598 12288
5049 21262
11143 29697
6418 14476
17093 7609
10290 24172
19863 9896
2164 1493
12334 24019
28056 18119
15829 9447
3782 27022
28241 26706
20856 3359
20320 29443
18045 29004
16182 21096
27245 18292
3552 16275
20178 7403
23629 16832
726 24721
17756 23837
23459 22270
10341 15768
9351 10197
24622 21056
11659 20971
26058 2507
4674 11193
11729 25110
7408 866
13059 7885
1000 22418
26549 4591
29354 10168
24855 12292
12040 4757
11887 363
5451 16268
29045 23859
14612 29959
13999 9634
12132 3263
23622 28849
27144 16424
29285 17687
4568 27697
14488 11268
8844 26126
21127 16143
17215 8915
11475 8637
3092 4579
8693 22143
13517 24613
2672 101
20744 28045
21537 19462
14838 1827
23056 10628
20329 17228
11553 23169
16672 20472
17247 19466
26413 13679
7283 15043
701 12790
8026 29384
26643 10809
4376 27496
6359 15824
2428 2975
27380 9605
6398 17414
15870 14076
17731 14733
20101 13854
19289 1541
8678 20807
16596 11272
6500 16872
12997 6833
13242 12661
10461 23254
5779 14563
28691 8240
18291 29755
13944 12126
1048 42
28724 25827
1575 19858
28238 867
7194 18184
17462 14571
6633 27484
18496 29427
171 14346
15183 2713
236 9830
26495 2630
14967 8723
3612 8173
4736 23133
14996 17497
12313 16307
22931 2390
25828 19899
18012 10509
663 29974
4967 10750
12458 22079
16858 27474
143 20150
16345 10705
905 15515
22214 16980
25697 21963
18235 471
22112 170
23214 13761
4633 10564
26764 24637
14288 28035
20886 17147
11894 9595
16864 413
21452 5204
2171 17355
10990 23630
29218 1906
7345 9278
8051 29955
24963 7841
27691 15784
12228 11141
9389 5865
1889 26154
7934 26094
12649 4296
28678 15985
9123 17990
27815 26150
13745 19179
19707 1225
991 18643
11474 6851
28715 29294
23892 27890
20068 26449
9617 5344
15572 12839
20574 927
5144 14960
28589 16816
5306 24636
20285 15968
2811 13859
6380 5103
29516 1653
12885 14378
3068 5343
9371 28726
24741 10503
13585 14781
18563 15386
28132 18881
8998 15456
20036 22340
12854 25920
21734 9239
4751 526
26226 17585
21655 12103
8152 5360
25305 16408
23477 10894
14335 12771
21609 14520
14814 6352
28397 27780
18998 932
27095 181
24208 17996
16387 9019
10991 15843
25616 10465
1762 5569
26016 6445
15832 10472
2408 11548
24734 27999
18478 6354
16393 4006
22909 7151
78 1165
16961 27564
13703 48
21123 6352
10771 9963
16997 1817
25859 23000
4084 8039
17248 17378
27601 24264
18740 22301
20632 27135
16520 9701
2964 9034
25269 10002
3433 25360
1829 28393
11713 24297
19838 28832
24403 20570
29089 4799
10480 1471
5275 3184
1669 2472
13440 19926
8630 20567
24042 483
1599 28227
11693 20573
9949 19359
28973 7667
4410 25686
21951 5112
26609 6875
13847 18890
26682 27096
26675 5662
12953 29030
28357 19211
13927 25842
19186 29393
24579 8584
7143 18722
18297 22841
916 17950
14369 1739
8049 29570
21419 14248
21938 4387
592 22847
14326 5306
4895 28262
14730 8334
16261 6376
14433 14680
15203 8034
11111 17090
9796 9148
11192 24612
15295 7818
29425 15169
5257 9670
18993 12441
24411 4911
7534 13752
10957 6171
2530 11549
14399 21870
7202 19545
25970 10489
6322 14658
7602 16061
17179 3292
4439 16896
23979 18148
25981 7572
6799 18902
27082 20286
18852 18309
15070 8520
11303 12051
6273 22893
12582 19403
777 24215
13220 7562
5310 2036
6354 29826
19457 10900
20504 23743
9567 15456
21449 28078
974 4930
22544 29230
27141 4152
27191 27433
9673 28656
29547 14271
14019 26365
21539 7989
11557 630
3263 24974
15855 9226
28830 10497
25920 9500
5496 12537
3430 3887
21200 13255
19017 27461
11370 9206
11918 22174
17215 27938
19076 8342
29368 26203
25790 28285
10732 16967
12463 3625
5606 6185
25946 12979
8820 10473
5524 25306
27816 28743
20733 4957
27 4989
12287 26842
21244 16299
1733 21857
15924 7791
18893 10464
18358 3910
6369 24969
12120 20355
2905 357
20693 10982
23779 25353
23316 10631
21603 15834
27799 26741
28465 26878
24754 21632
24146 1215
24143 4962
28137 6637
15268 9195
10993 4787
11999 28119
3189 28500
11600 24326
3836 8375
7316 11806
24046 14261
9313 9457
18335 12101
16241 19162
17739 1262
11526 12278
13973 1487
2102 28862
93 18818
948 14795
24371 684
12938 7660
28405 22175
2412 6565
11374 15826
21390 17262
4733 13618
18808 10658
25647 21305
19384 14504
23982 7606
9914 14211
29408 20388
2537 4792
14629 23865
15214 13656
28293 13850
15219 5737
1194 12181
27445 19463
1750 21644
25008 16193
26106 12075
23114 3459
3328 14050
8962 9470
14376 20349
28223 17
10006 1346
18021 19202
15766 23906
22694 23939
12849 13614
1246 21419
27513 9351
23043 17815
25718 24503
7726 14146
8332 20398
22821 21693
20632 29504
25958 4484
13014 27190
27704 14830
17391 4992
13789 1011
13541 20063
24380 22992
27694 29117
18337 24367
7273 13899
5722 10513
26605 2796
3681 24147
1481 14209
20661 1873
6738 22699
9547 5371
678 5290
23769 14219
8028 1213
9228 15094
19548 17897
8867 17728
19171 11117
18537 16814
3338 28931
20416 14282
22187 24715
20559 25562
19150 7386
6919 22364
29175 12785
24625 9380
14834 4256
20571 18326
3261 8325
13105 29685
18669 15401
1379 21342
28650 17913
28628 13073
3957 7169
21647 8503
15256 29482
15788 15175
1060 26664
12227 14742
9624 23943
29532 10150
1724 19464
13079 26750
28990 1834
3532 14110
27666 15082
15212 24184
25128 19258
21977 20778
27813 23494
17131 9125
13672 27299
1044 3863
29862 2817
9820 24081
10364 21853
3887 9190
4791 11460
2213 4713
11138 21196
22944 5355
8519 11034
18750 18149
18680 22767
20152 14743
29733 19205
15222 23831
23953 23545
19262 28169
19893 18428
13190 2143
15139 12669
279 1232
10089 9859
28034 22894
16020 22873
4681 7056
5800 13623
8004 18949
13662 14157
19750 6065
5369 21598
14334 29951
27320 9875
1942 11630
7403 19101
9631 26998
6051 19326
19776 27896
29485 12765
221 18797
24614 25548
20988 24576
3809 6639
9829 4569
11562 14317
24983 2928
17826 10154
26242 25498
18143 18223
15561 13347
8157 22288
8343 6884
2616 27877
1218 5643
19259 28537
839 14775
18112 27077
25198 21011
4894 8173
16187 17081
17155 13638
22273 29778
24121 28670
14375 2198
23106 25265
1234 28932
25703 6802
12717 19843
21283 16007
19833 23110
24493 12816
3005 1872
25216 20946
19875 15818
4096 18951
27358 987
12269 24316
3635 4458
14263 12642
14569 10905
13714 28934
11429 19134
10062 2002
28188 25425
28980 20616
25540 9440
23575 23192
28401 7086
6454 8915
21850 7572
19483 25099
5756 25035
18949 4652
11297 1636
202 10217
16649 6627
2947 6122
13721 25157
17398 4969
25497 15574
12733 100
11012 18795
24159 17661
22459 475
22334 19257
894 24294
1241 23050
21285 17207
2343 14323
20246 17188
16086 14724
14047 20562
10307 14848
571 25
3089 24213
18982 22637
2981 24443
1463 27926
804 19910
3696 8026
28753 22423
15983 14405
20291 27818
16109 12364
7395 9916
17404 968
28092 23412
12177 20381
26527 19700
14419 8119
15343 14600
10163 24643
14332 6053
24649 6027
19344 10700
23906 27903
20361 2402
23457 24474
6543 8525
22229 20301
20526 15641
22704 19095
24797 27237
25659 16064
7855 7299
22812 13414
9485 24174
4047 27307
15709 26126
15569 488
18523 14548
4746 22214
6734 29671
20616 22737
2986 10148
25911 10855
20340 26996
11487 25040
25843 22228
15041 10006
23719 14170
27748 18392
14535 28686
17778 18640
123 9754
11502 22310
4693 11307
27709 9681
4130 12607
7944 21821
15239 15455
9393 20795
27021 1358
23086 16375
11692 21885
15141 6402
5032 16959
29769 1130
6605 13565
9449 29975
548 13452
8477 4712
1678 11309
14936 3716
26483 19437
23277 13421
12804 5065
1358 7439
16592 15580
4349 29569
14697 237
25933 14776
7584 1999
16165 8121
7410 9958
1995 23359
25491 24935
4698 25758
25049 6113
11059 15678
857 3800
21016 23837
29830 25788
15891 8035
15218 20578
6658 22135
1735 22072
2885 18133
18112 21903
11892 13196
511 13749
29628 76
2168 12517
9272 17830
2921 2226
17856 1023
9355 26974
17590 9467
8843 27550
4067 1866
26001 3154
3591 27907
20778 1178
27061 16828
59 21167
29676 19458
24335 25680
5984 1349
17257 14390
12840 16467
13783 20356
12558 20091
12429 9008
2208 3414
10844 17736
18130 22782
28391 1117
308 6687
1276 16736
529 2366
18313 28367
20578 13231
23225 24877
10561 21046
3733 8271
15271 4701
4504 11425
5062 8248
3585 1924
26345 25694
28459 15974
8402 21647
10368 19996
14490 27143
18476 3230
15373 19816
21468 4201
6239 4342
26677 5253
21554 23177
6324 8121
26373 16961
25903 28376
22902 20249
13542 23475
8310 14865
12177 7325
19108 29269
10847 18431
3939 18254
1806 15330
1345 3024
11128 4219
28026 11170
29555 6763
21094 2120
26807 25975
7553 21079
14976 7836
4743 5026
29706 1422
11523 28194
19426 28739
20989 5804
9212 26677
13933 329
6567 2015
6421 19336
8984 27810
26219 19893
21942 24393
14055 28769
3872 17693
8167 23678
23074 20951
28499 11248
8123 29188
13566 17332
4022 12726
6381 4505
10856 17748
12218 22157
27448 15131
3330 13525
18794 9450
28247 1954
1664 8050
18809 7279
25842 13721
20431 18949
24449 20949
5054 6884
1807 3136
9874 20660
14886 19798
16596 8458
3326 26968
8973 17706
8307 23272
7879 5065
26110 6540
8533 17990
16500 9626
22128 7523
23077 27174
20355 4215
750 20335
27201 11353
19276 10677
17626 10528
13811 20724
18947 6602
1919 11233
3836 7334
26447 5465
3687 16438
10826 5998
4632 14980
8592 18676
425 14471
21800 19749
18452 20577
2434 28767
22426 17578
11009 4693
1349 29186
25662 27226
15270 27408
1082 486
6054 27317
25682 4607
22556 15258
26340 16366
20802 22321
19959 9023
8720 14236
20722 21891
24523 7148
27834 7915
2946 2312
24399 19764
17076 18323
24260 11654
24603 28821
22120 17164
28081 10303
12482 4233
29568 5181
25726 18445
23732 10551
26754 25590
14679 12276
28107 8021
11854 19344
27418 768
23328 21220
13071 29863
14036 24544
25087 14938
17482 18332
20797 17336
10873 24307
7920 24423
767 26591
23095 15071
12867 9462
4634 10336
9736 3566
8122 28870
11787 10234
20002 20665
634 10458
14918 26250
4796 29454
23852 16603
382 22056
23167 19736
15798 13340
16427 21761
28243 2661
4718 11497
23170 29631
28186 18399
6107 25547
12946 20520
1332 27509
16261 29608
9353 28036
22361 19965
13886 9976
9805 17489
27288 3425
23080 5917
6281 7945
23502 9457
8600 18855
23861 13051
1071 7995
26880 14517
5812 12470
12421 17286
8491 12560
1843 4580
18648 25228
19865 15258
8560 12518
27178 6566
8647 4868
552 21850
4025 4667
1645 21329
17 17530
19420 12403
19002 297
9518 20056
2636 10685
13101 12152
15619 20244
8204 9849
24193 12198
7619 27784
22708 10442
18961 14544
17345 14890
20620 7998
23096 5285
20444 19573
19258 10958
2598 27325
22492 28268
15743 15361
24400 2727
12237 3858
4050 28824
24849 735
24454 28089
20093 15021
16843 12128
8680 27185
24836 9533
15090 4658
8681 12255
15183 21478
23317 10164
21629 11925
887 18523
14060 23126
26773 14211
21498 17528
17919 6890
8124 2535
6963 5500
7141 6735
18714 9732
16018 335
17105 10412
28143 12207
18506 20222
25027 2302
19567 9694
4844 11049
11908 18876
28888 25244
5006 7165
620 18547
20735 20454
11530 9027
14438 14765
15375 16497
28735 7180
23961 14932
16524 1995
8592 18654
14948 8096
15953 1003
8214 479
4615 22182
25890 16687
17580 28940
10683 10456
20845 2355
16441 28631
8102 19485
426 4023
8347 3243
28918 12945
18567 29928
8728 29700
3811 24168
15460 2201
5417 3733
19764 18069
830 9707
7339 16786
28021 8449
10960 9867
9630 6702
27537 26054
23593 28108
15731 9232
4736 23962
9325 23911
6118 10003
28116 3230
26391 29734
10453 20956
12511 28381
22769 13014
6449 10451
17088 29336
21318 22837
16093 8984
20971 26511
28746 23039
26325 8763
25951 13830
1195 22958
4008 17229
10445 4337
21403 19233
20329 7554
25177 11436
16482 548
29827 10042
27148 22699
18611 11285
20693 4530
11852 10730
29221 17045
7866 21145
12646 9199
10010 3731
8533 29969
4384 2035
6835 15663
7561 7223
19118 4985
16003 14126
15015 4121
9936 48
29665 7140
15356 6553
13659 636
29762 26224
29340 27440
21013 25987
25842 8231
2533 3101
15037 8336
11772 9376
18412 21420
18665 6475
15535 20112
16351 22804
12515 7412
9914 26560
8902 11442
28066 6524
14941 24217
15833 243
11402 16882
27875 26444
22909 10666
2892 187
13849 28367
18718 2822
11905 27338
12592 9458
10876 7829
6132 16667
27209 29922
13509 6210
22054 5051
22229 570
10134 14767
27447 23488
26163 27142
3009 21513
1096 4452
7500 18061
13070 28804
16935 981
140 3293
24541 25701
4626 5804
4797 9884
25263 20094
6163 9526
20089 27730
18389 6425
7126 27951
27778 19098
1948 4303
607 28338
25531 29849
9623 27007
27098 7985
18859 12142
25181 23772
12656 16408
5429 21988
7146 18677
3017 4571
17462 21995
25449 23888
12917 15137
23903 10062
26978 8581
15722 26041
28372 10497
17933 9193
9479 20722
25065 16173
12995 29726
25029 28233
2184 8386
16096 6905
1290 89
21157 1936
15800 24811
2054 25592
8547 10915
26765 12535
22191 18413
15336 22078
19453 14081
951 5587
10228 13670
25710 6866
12880 719
25074 11211
23192 26514
15855 10194
20261 13581
4366 8204
12608 24862
8561 22332
14954 17738
15976 29910
3470 28220
12472 16028
22634 11792
318 19146
6440 25854
464 4986
6728 3819
28143 14109
10713 10971
1650 10438
17099 9565
28201 12134
16983 17590
16540 15417
17926 27187
6786 24164
16595 9733
6963 28044
7425 22827
2297 12964
20945 1425
19682 28045
29128 25143
7040 14850
25824 536
22429 6587
22651 401
4566 4289
19365 10603
20106 11771
18153 8362
26159 23380
15490 1967
23146 14642
7194 167
227 6438
8559 16992
18089 27238
22421 5695
4529 8450
11262 24966
22753 21429
20323 25041
20920 8247
25234 27977
24961 24304
11037 948
14451 26478
12648 14453
14596 1862
9566 2759
19707 20413
2280 22932
8254 18478
13792 9385
12805 22296
2821 7405
16169 17692
20037 22523
29081 22384
10439 15867
17983 6047
16862 3459
8633 25728
14899 27896
22977 4932
15548 9321
6284 23872
26949 16386
6062 2355
16593 14788
25875 19347
11658 18699
15930 18493
22054 8976
13750 12851
27173 25279
11939 18523
6809 310
19744 2908
14328 15142
14840 11760
4252 21131
2031 16913
29080 10815
3960 15038
6018 20916
29060 2608
22290 10629
17783 15071
17973 29737
13904 4897
10953 6277
11820 1323
28591 18428
14289 17030
18895 29274
6919 10873
21657 1197
24921 18824
29775 8455
18614 614
9056 11081
1310 10436
13985 2274
6827 2876
1304 22356
4532 9745
19572 19891
16773 17394
26667 9581
9463 7483
11343 3618
9814 13994
4481 18520
4344 15802
11859 8461
11902 14856
16861 4156
8651 23119
334 22486
3760 14634
24213 18136
1257 28988
11358 16168
4387 11740
18777 14243
27478 14133
6530 24074
16886 21503
14740 1480
3909 18740
13206 16625
9884 9080
2619 15097
24781 25131
27344 23408
6830 14732
27349 8401
29016 22625
3756 97
21242 25802
29073 10437
3588 23781
20111 17692
26240 27024
25289 19738
8056 22976
5011 23993
14807 15081
26355 5996
25656 27519
24554 4285
16275 23792
3625 21569
17466 15205
2284 16547
12585 977
20814 4193
7202 12437
19016 21097
14405 21459
14986 15557
27900 894
2750 21318
28377 21031
6873 19226
991 14344
818 9651
24306 27470
13970 23332
1534 19312
7587 26772
9883 22957
23591 7119
15679 13204
4751 10394
11902 8387
26224 4953
6423 8362
27403 2404
24371 8838
6971 22
3655 5142
21613 5170
6551 25472
10885 29309
2534 10267
19616 23092
25548 14265
2231 14364
18475 27228
8701 26712
18315 11374
8969 29553
14836 1351
23674 29334
24044 3274
12050 22882
28582 4243
8172 3550
19242 4544
17117 11945
10022 20139
5861 23369
20403 5274
1622 12767
18341 16050
25511 3636
12520 1492
26567 21657
10071 13635
8691 26612
7834 1670
16204 10840
7502 25743
28969 6597
11842 4027
13136 21087
25019 2721
17161 7604
3868 5969
14812 20276
13266 22015
4903 7397
4583 9399
9540 27481
21255 6402
17593 6513
12727 14697
10260 23891
9756 2697
24549 21800
22205 19966
9848 19052
24068 20244
8091 169
15712 23977
4969 19495
25930 9622
11155 22486
13393 28889
11233 13480
6613 6768
23480 1081
1999 14796
4470 13220
25326 22841
3605 2104
12507 2538
11581 18882
25948 22939
2665 15614
18452 19084
14495 29283
10277 13373
28500 14990
12721 11845
281 28943
23598 20462
29598 14477
12596 5521
18339 24538
21834 15219
25600 1974
1851 15543
4451 12046
17577 11240
4259 13894
23876 1742
7563 12725
2110 11274
28790 18027
7941 2017
27743 4711
25558 16686
15553 1627
11984 28161
11754 2944
23035 5667
24004 26131
13325 2088
3607 2831
5195 7599
11577 369
1357 22384
23704 19318
25890 21349
7205 9096
28203 15736
12322 22116
19802 6259
22516 6721
15166 2367
18315 20146
27149 17075
16325 21030
8440 19359
1458 5550
19261 12477
25204 28098
8025 11095
16817 28284
4401 27594
5187 29752
3961 10434
3058 17722
792 22980
23054 13480
20804 29350
17574 18813
24636 1908
17535 19490
238 2
20350 19655
14440 22708
19197 1260
12586 12158
12383 2401
16784 2835
1327 2054
5882 24832
9519 13559
11757 25960
12779 17431
18240 10368
27073 20115
18090 22841
9317 9721
14570 11221
5489 10821
7531 5366
2907 21756
23317 7718
29668 21924
26615 19242
1909 22590
25515 27733
19318 25837
4176 25924
29914 7539
12579 26004
15818 14706
27867 23509
12344 24189
1961 2253
4650 25876
27304 2127
22081 29286
18845 7286
2077 12500
19368 20272
26730 26256
9948 29800
14000 20926
20929 27166
18732 16435
29526 19915
10580 23172
21414 27526
8766 934
892 12508
15627 25718
2915 25166
3394 2427
12716 21008
342 17857
4839 4466
19437 6182
24903 26685
8730 9777
16241 25761
4530 20672
20189 9434
1592 20856
18929 27224
1168 8048
183 25471
3963 16756
10735 1443
21130 7872
20346 19203
16348 13081
3887 16190
18147 28172
11669 6089
23759 28656
19020 15704
27948 13256
26210 9722
12250 24068
20236 3355
8003 29323
29319 8664
29352 12973
7386 20290
25561 17492
13951 18197
27119 20780
21682 13634
8919 8391
20798 1098
23697 5008
19153 19718
10251 29383
6759 27396
4964 20050
18912 19169
12191 2922
5185 9047
2121 19679
896 27976
4355 18269
5533 6013
11112 18835
1137 5920
14234 17355
7442 4348
3208 20047
14562 14935
28305 15080
28989 4096
17966 5122
15492 24450
4723 14971
5854 20440
1253 11927
23484 25362
4003 19655
3667 308
19010 2409
25246 16744
27762 19012
26443 23289
5276 23579
21251 12578
15304 1643
16721 24399
1452 20084
10392 17484
9435 22723
26802 6880
5907 27484
10587 22909
6410 12053
5534 3902
27705 8601
122 27124
15703 11008
23539 27362
8033 13047
2532 2118
1612 16617
11395 15279
3380 8779
16964 10202
15047 28987
15613 17020
5286 7633
8912 2818
5143 24992
19558 1496
11379 1357
24951 2456
25691 12160
15698 12785
2735 19799
29865 181
18769 7984
16467 28269
8096 20948
29339 18488
27462 21517
23565 3537
5277 27681
3234 15437
7321 6287
25496 13886
18844 1739
17002 15656
29290 19772
10477 3254
11919 5936
19821 10593
14880 3387
2838 1676
24059 21358
22597 5481
11292 20707
21940 25315
22964 16387
3955 2418
28188 13074
20157 16114
5547 18197
21427 12557
12807 20162
27749 3614
14152 4596
29965 3405
7854 16584
8705 10273
5403 573
15372 19650
3062 9881
27933 5091
6016 2646
11006 5209
27942 15479
12203 21184
2606 4949
28678 29983
19822 5634
15639 19959
14337 6690
17214 10427
18915 17993
8493 5728
24784 29100
17082 21385
28557 15352
24086 4958
26329 9848
4290 11482
15468 13512
8311 11436
5674 29133
5197 3681
8119 23135
20936 10328
9659 2042
18372 14171
14381 15116
6074 28353
3230 13935
22529 18965
3424 11931
232 3250
4148 17780
26828 14162
11851 25418
19264 28109
1556 13465
9191 23372
20891 23071
22425 13248
6674 24255
18515 22278
27045 23805
23007 13645
5009 4107
25780 25897
4805 16874
18919 27573
11262 2532
23460 26706
17354 12432
8144 27933
13569 22857
14835 14271
5264 13184
10430 19232
23687 22536
15749 7647
18637 5820
18664 6197
29363 19557
12411 25464
12265 10707
5684 9422
28674 12232
23453 17762
22637 29720
29880 17343
3454 3226
4710 28726
7197 24419
18633 11605
16399 15984
26904 20957
10147 9854
27043 367
19169 22490
19761 23277
259 19749
7824 25329
23825 16968
6961 4842
418 13392
29294 10183
23391 19440
3679 16918
15999 29105
10988 12437
6003 8300
19039 21415
2391 19653
3143 16587
9858 14670
17432 25672
27202 24321
1604 19704
18663 16668
27271 20631
25695 19603
29898 9863
3774 29388
22097 6737
131 27550
4526 13319
20731 12197
9683 15596
2223 13776
6671 17127
28844 19207
24670 28536
18151 12629
20317 24760
6510 4688
14448 14584
27258 1104
10116 29355
13366 2894
19575 27878
6222 26847
11371 19543
28368 26053
22833 657
4331 25059
13677 7181
18205 9905
7416 5889
4349 1646
19223 26678
8124 10778
14812 3153
23592 25573
4111 11933
2313 15578
21585 15772
13621 14087
14028 5917
17053 4407
8502 22937
24787 21848
27611 4798
8755 1249
14337 20427
1743 14466
12639 18945
13698 3709
25067 13354
5255 27724
9064 8827
18472 20885
22637 11439
10563 17107
18854 752
22585 14471
6642 5902
11113 14911
16696 11745
5096 9356
9495 16524
6725 6153
3260 1351
19016 16324
18115 12396
18935 7100
20807 3198
5088 7308
18481 7985
20016 10067
6892 10387
10477 18131
23696 26003
20429 10198
6975 12284
11476 11546
2175 7206
9665 2084
13766 6729
10247 19518
10971 6414
2250 688
19047 20549
29154 8793
5300 1946
26359 5311
28444 8875
16817 9867
19226 26081
12971 2434
11800 15380
22186 20712
4213 21273
20664 23497
3133 12945
19321 16625
16499 17860
14960 13582
2695 20628
10462 21382
26421 29803
21890 21975
22730 9190
15594 24053
4794 28526
2681 22580
9007 28885
23266 10841
28412 16117
9479 4504
17121 13486
16783 29051
19777 15383
20915 22301
13878 7393
20883 9643
26095 25192
24556 213
27604 20250
26335 8398
3162 20600
17585 27174
25459 23966
6673 18061
9940 2366
20832 8712
7617 9044
14796 909
9109 20330
7514 6100
17124 10033
19407 7415
26726 3357
3910 16058
7468 19527
469 6717
4342 11107
24169 24902
8424 13414
17126 3553
28965 11386
3679 10132
9997 1503
29482 5049
2966 6980
2940 2368
20332 1191
11725 15401
12707 27361
3732 2822
21976 15034
6598 7428
6642 3131
2760 25387
12212 12854
21637 13866
12291 21163
18162 10722
21425 27635
383 26238
18937 6467
23425 4730
16130 25104
3246 5746
19451 6828
22131 29811
9113 12141
6208 23573
23455 25751
3369 13946
11729 2932
4905 16071
11754 10896
2904 11526
6718 20902
16518 28510
19156 25634
9036 4927
19815 15959
14591 17602
8145 25344
3391 15476
19834 7780
20097 434
4248 25265
18406 28436
18601 24544
28174 775
28542 3626
15084 10371
19362 23130
7005 20383
986 27864
28701 9801
8298 16388
7611 20316
23009 25369
19435 1451
18541 7653
19870 3911
2669 22843
25001 15708
8732 9681
9323 10676
29176 20399
10151 7362
10348 25862
1973 12503
10749 15432
26341 25510
13299 15084
27325 3861
12907 29868
19555 21116
2674 19056
18084 16029
10004 25222
17831 24129
6388 12718
27634 22706
20778 26962
6014 9674
13075 8090
1827 10796
9805 21640
27325 11247
2454 7475
9017 26397
10042 6506
24785 11000
8057 2957
7347 16099
4049 13914
14054 29428
19336 18364
16170 20873
27357 2679
13727 16585
5246 8735
7288 6956
10295 17516
20072 25134
29815 20214
26780 1758
12822 11792
10634 10732
7389 4672
1630 12194
27277 9704
21728 26979
18180 13494
348 22446
11451 544
10791 13380
18556 19056
26920 13546
5571 19408
11824 23858
8651 23199
3256 9349
5625 9793
22985 7411
20927 15959
10509 24806
10843 9508
27965 21549
17902 12533
8212 10252
21734 3055
22817 9283
23661 11900
2850 26266
4664 15994
27973 9388
25402 13423
8667 18292
11629 6530
2164 27717
20338 21927
20893 11797
2347 16300
11468 26850
11774 27061
26171 23703
6168 14264
22837 2858
29270 23690
26901 28223
24299 8648
24094 22412
27784 24090
25225 17058
2820 10735
18217 7413
3554 20409
21185 26385
18775 9326
21459 29879
28160 15949
26548 11429
12802 26298
15899 17291
23174 21008
23537 22723
8396 20211
23327 27639
4452 1027
20924 8134
5433 10909
11904 24891
7809 5224
20811 16938
29073 16845
25017 18597
16069 6823
25794 25558
12143 19537
245 27328
8507 16923
2593 10741
479 2710
7842 18786
16089 10403
15385 13126
19871 2591
271 5836
9647 14015
158 23048
17019 25660
6316 26679
25567 9774
24366 14687
14422 11636
25368 19437
5397 26591
4299 15595
17398 1075
2334 20832
20335 21927
2762 2492
7895 21016
19301 7754
9928 18519
6286 3678
22815 27703
29695 15038
5505 1632
12371 5102
1926 17391
20791 27280
10505 29446
10844 28074
14999 24911
10791 22539
10892 23853
28517 1646
27783 28092
8930 24208
20982 7541
572 10250
24875 436
8432 8297
13395 27220
16483 4611
7553 29273
18886 1207
5406 28348
3256 8596
5372 23072
10034 887
4223 17691
11731 27036
1974 14949
3978 24995
14857 29507
23508 18419
13584 7550
10400 19285
3502 21559
18768 12703
17852 10319
16707 8789
2278 26
24 168
3259 17497
24791 9190
7439 13708
3539 600
19790 7630
17688 24819
3160 10472
7079 8751
22037 5052
24330 15830
15804 25715
26784 2383
11799 5908
20708 24014
22310 27097
749 8613
18172 13705
17808 23280
4366 25207
4076 3596
6850 12372
19156 9500
28620 28233
18064 28883
13459 28612
1917 1964
6303 13645
10922 318
19049 28999
2454 17723
872 21159
6630 28973
28915 26745
6080 4253
23427 12063
10603 16620
13125 14264
8189 17681
11211 19750
28599 29474
2915 17914
6726 3312
27212 5823
26964 25978
2984 12741
26250 9739
13009 11163
10954 1835
19889 1873
27133 21594
23124 13706
29835 10803
7728 3217
16635 58
29461 12162
3617 17389
6683 9360
18703 17068
25777 12163
19811 17648
20674 15645
16900 3659
18497 19157
19165 23865
22332 5044
8785 15738
21236 21743
21284 1231
10024 9954
16297 7252
18006 26473
13158 13665
11102 24933
9255 3674
6068 6618
19601 7401
4179 23078
25236 7698
14962 25956
3671 25700
18017 13565
11854 5687
16865 3203
2833 123
24335 10431
25845 12192
29690 22435
26350 13901
29572 10587
3263 19186
12878 18041
14576 5804
23050 10411
19999 12712
12812 6499
19290 4606
6473 28640
6163 15025
22590 20158
20261 5294
2878 29016
12494 24035
6145 17924
16236 4553
28797 27473
24973 20180
17263 1450
17232 15089
8174 7104
3431 1995
12297 24905
26725 24419
15044 5881
24127 14917
11449 20992
24791 21055
5554 28834
21562 632
15943 1730
20298 8211
10010 13562
11004 12076
4831 4623
17260 20449
23205 17973
24585 24756
11432 14346
5185 20106
1889 18350
64 23392
24755 15862
25751 18797
17815 20107
28087 24687
22553 9767
7091 29921
13220 5262
12362 12761
6326 15238
10265 21943
3017 7837
10992 28925
7864 4106
10848 18924
17703 8973
23469 19525
9180 4563
26962 23691
8826 15435
4200 26735
14168 6160
22053 16880
26218 1432
6776 16528
10373 21744
12348 13229
10456 25351
13559 7997
14972 19724
15336 14453
10786 3457
27302 29109
24620 3674
2770 866
19917 19745
29129 15919
21270 2482
3987 19311
3931 4755
16826 2462
3550 22120
24869 13502
13523 3803
1686 26591
16532 11632
12865 26790
7807 24029
8539 11628
2243 28019
26864 21412
2003 6967
991 12451
7396 9421
28025 28671
5964 25113
25873 368
7747 26384
2724 15582
28156 28866
17409 26807
21516 27572
16293 12282
17526 14104
25772 29597
25895 22822
9974 17448
13238 23714
10515 18730
10987 13162
26085 14879
18571 7462
24373 2128
15333 13917
4098 26715
1839 12243
14957 28837
17925 24328
17263 20510
22103 11446
2837 15822
19554 4487
12282 13663
13986 22789
28019 13699
7065 23968
17800 19790
22427 7577
1371 27233
5823 28888
19621 24536
15153 28555
28824 24129
26606 7197
20957 6716
26441 3030
12144 10786
4565 11854
28711 17564
19812 19395
6258 5967
14551 9410
23383 26532
22036 96
23729 10528
11786 19395
16603 13128
26952 9264
169 14785
15061 26452
28624 7096
24562 21951
7392 11301
26585 13295
29043 8960
6886 3400
1336 11160
24589 12643
23802 7160
27733 11385
11083 26738
7265 17213
2484 23794
14827 26802
7400 27867
11948 23464
7994 2172
27150 6711
18403 5596
15958 5275
13683 10529
5230 26019
20162 29862
1205 22103
19516 11157
9042 29907
25124 13875
19195 20174
14428 15234
24252 3605
20601 27708
24204 12454
2747 17597
12477 14728
16794 24089
27522 3361
2791 6967
21784 17536
5472 7454
29231 28983
9321 16067
12129 11893
20355 3271
22025 3468
28439 23784
21130 5958
27893 8377
25303 19423
27582 1100
17623 18167
19963 10700
2614 14641
27841 20164
8729 2315
19323 25332
12300 14878
938 23520
27904 2538
17545 29609
21830 29254
21747 1545
21626 20663
28537 23466
26528 4197
2246 5220
8844 17374
27695 23874
25578 27027
27190 16109
17732 13346
23091 4829
115 23652
1524 24784
2834 14723
2088 20307
14555 12861
2786 10712
16919 24205
10395 1616
29254 11599
23950 9172
672 16955
15731 4774
9683 2593
18380 3393
23122 15176
12334 29449
15170 19750
14518 12512
594 6247
28771 7750
5590 197
25240 25870
11513 14780
7298 16376
18803 21225
15046 24473
24104 23881
16372 15639
27357 28631
29346 12772
29035 11545
687 29692
20448 13994
22156 21077
25358 22652
6371 13682
4888 16886
13096 17249
15351 22787
29907 7263
10241 26417
8604 25168
290 3852
3443 21648
692 5894
14666 25338
9198 23140
443 27299
8538 2247
19123 23880
23389 8662
22934 21990
28992 6363
25467 23099
4929 29608
13779 26752
16256 22977
8843 17175
7670 26462
1366 12505
8555 12860
10706 17982
23919 12850
27526 16286
26002 645
21086 1176
10120 28290
1990 16342
11930 10142
29625 11333
7546 18879
29098 15085
22758 3952
17350 19752
29854 4925
10895 3913
14763 22349
24907 23831
2051 4259
21450 952
21755 20317
26522 18987
19802 14314
14420 4751
12246 14665
29534 3726
9372 19122
17835 2995
22630 9694
5510 21022
28294 26718
283 27303
25293 24654
1736 24772
17440 19032
22261 11060
2596 26481
12188 15
28451 7073
10488 4846
7484 11665
27852 26530
11552 6874
14560 5931
13912 29163
23497 15813
9220 15096
27245 29303
28350 16642
945 19328
14077 22506
26366 28947
15280 3867
24673 24611
13772 348
15145 11291
27731 2827
496 28792
7648 4603
15416 25690
12593 18928
22174 22862
3747 99
25050 27178
11757 960
6213 11245
20192 29294
27424 29364
4572 769
26276 28916
7233 7588
18683 18694
3526 641
23554 28417
15946 29411
359 12552
12881 22718
18867 15119
10644 20926
28042 28942
20689 27584
11316 29668
13985 5834
3880 26994
20993 11678
21619 23947
12286 22411
12581 21002
16090 16034
27105 2042
24250 21316
9512 21183
5540 7245
27109 7070
1136 13734
25287 10688
17744 22468
16043 1734
12766 11351
10642 15939
7810 16964
1076 18731
27800 11494
3716 26124
28834 14062
1951 10528
1468 22912
17601 21879
9467 18870
18449 6532
23697 15554
29266 23613
27180 24801
2058 910
5192 17429
27448 22351
23638 29709
12565 8779
2834 7569
24898 10267
3883 4436
9566 27960
9327 2196
15869 3089
8318 22494
29928 23072
16534 25070
23986 2818
8585 10442
3619 4055
5343 22006
26291 27466
9924 16259
8375 6780
5914 13680
19176 3498
21294 117
23779 336
6796 28226
6495 14109
11042 7460
12583 25915
15006 12882
8120 27447
2247 28266
17225 25838
15516 26370
2044 7845
12468 22978
3409 16271
15672 8476
9404 29107
11078 22410
6356 26936
14611 29002
3483 6178
16733 1833
28704 19881
10181 16192
20529 14328
23294 7331
14733 26281
19542 10842
16570 5265
27769 11465
19279 6232
14259 28028
24993 5314
6835 19817
4188 15516
497 6651
9992 13976
15003 26151
28174 3975
29588 14895
7338 4068
10139 12911
6633 6305
14618 6892
14862 14503
26017 9568
19997 16995
3952 16959
5668 3248
13635 2533
12695 28101
25588 20083
20893 23664
28453 15745
21761 19632
26949 1179
15242 24151
6869 19993
3775 27993
27464 13742
4367 12860
18299 5849
1854 1227
6794 25537
24817 25705
1330 21432
19665 346
10771 16320
13051 4014
23236 21566
14066 21944
3175 3489
21297 15652
23242 9701
27320 12653
9937 9523
12074 2775
12076 24628
16666 3002
4095 27134
19968 7764
12001 29486
22208 2015
20522 25066
4165 22626
6995 21719
29482 24958
16928 18613
24673 1219
13026 17977
548 26524
22979 19165
26518 7127
18056 4744
3395 15901
19584 10511
19710 28619
6815 20108
1129 5147
16003 29008
5678 29754
26653 12876
26594 29827
11570 18682
29949 3303
29243 13120
16900 15103
10811 2881
20885 14626
2972 4818
13153 16628
28495 7672
3906 27001
560 20439
24850 3634
20637 4042
12645 8867
17284 6886
2626 6765
18393 7492
11214 27450
25697 25541
9834 3151
1443 17188
18639 24923
10802 22498
17139 20932
20403 11410
19964 110
19414 11564
5825 2131
22085 3513
23571 27701
25327 18796
13514 17554
26400 6033
17025 27405
7464 22253
8279 29569
6485 7746
17775 14660
19756 26889
12682 17454
5025 15266
11238 18816
25736 28006
22746 14207
15171 4113
17424 16118
2482 6153
20572 5390
27674 19066
12360 29285
28801 8501
3921 24241
17784 19092
16749 7788
20649 17512
18604 29325
12611 18755
11702 26613
16895 3004
26427 28071
26504 14032
27733 2264
2203 18694
7 10385
22563 14839
18257 5805
22197 2924
20477 27355
21234 23171
21063 28598
21744 29374
28728 27755
16897 18151
664 4720
4467 25049
1804 26428
21169 14872
25432 26345
6929 24598
11234 21584
3160 18888
23103 3575
19944 2836
10967 13412
25098 16470
14251 4199
24408 13050
8553 17993
25565 14301
17149 29166
22180 7866
25580 12881
7177 27295
14081 10494
12590 20747
23114 4159
4988 10552
29413 11721
15232 9798
2666 10315
17697 8395
25832 27052
20763 26557
27374 22315
28492 11223
10583 19751
1188 23102
10674 9515
16462 2174
25768 16212
23780 774
1944 5729
21714 12435
23898 28516
19019 13562
20500 2992
27946 8600
25514 19045
4922 21273
2617 20487
11557 14626
190 14660
6988 8322
17238 7394
18874 10865
10396 18825
11708 510
6878 12975
1430 23682
28835 23918
14226 6554
21859 8030
58 8061
13702 1010
5623 28538
880 13474
22775 6661
26910 7646
20360 16804
26389 23505
19362 22508
22467 13723
11984 7318
12320 4274
21184 13165
18998 25565
22470 27562
8239 9495
9258 10072
29967 5988
16336 27938
28806 16151
27101 24016
2647 27308
6761 8009
21380 22106
20800 27282
3336 6207
25861 2370
1246 7433
28610 3695
29982 3555
18226 6779
18134 17643
18774 806
6887 19973
5539 17200
20520 26608
3490 17816
20999 2573
18687 21609
6204 16339
7322 2200
22499 17158
17524 20414
13422 7703
27456 13557
12699 23586
7362 531
794 16094
3233 2202
18141 16522
16934 22691
13410 6917
8132 2566
18122 27512
18671 23157
68 2056
17549 7731
28697 25027
29274 29104
29533 25920
26449 12690
7565 23251
3304 24890
14021 2182
12555 16370
768 23159
22588 20769
18652 50
19601 176
4190 29772
24730 20024
7565 9086
16600 19775
1514 242
8458 8815
14035 12233
14690 25804
19888 10512
16713 29283
14104 9786
28033 21562
27141 3321
25543 23975
12964 317
18075 29733
2463 15643
13427 7350
14858 15422
2587 3119
24925 3376
21558 6289
1407 6546
12556 13821
18917 5463
21629 13103
17671 24302
12628 13684
16893 15212
6458 21297
29967 8901
8849 7575
19653 19363
24139 25624
1711 1269
21661 6804
21891 21260
5926 20775
14087 9402
22564 3933
29008 313
24128 8195
15859 19717
4186 15907
7621 13033
28482 6633
14285 9168
19893 13834
22058 858
27758 7912
29580 8240
23844 28496
20629 11509
22113 19086
18899 8678
5699 18843
5851 1236
29587 17185
28646 26761
13198 1698
1127 26968
19194 373
22682 12160
1543 2901
26626 19008
24483 26105
17611 3621
24786 27088
21654 16756
698 6360
16651 10648
20410 4902
26515 5969
24151 9402
10210 15114
6496 3274
21027 4430
23700 22264
23292 12894
2299 120
5789 2037
12875 3613
20225 16360
12579 10467
13979 14540
28348 9412
15422 25051
12750 23035
24278 2224
21935 23098
1587 15449
17156 20767
10304 16642
10456 24840
949 21085
24610 9140
18674 4274
684 22648
20866 24192
11526 14916
17060 24475
460 10026
27977 379
26777 22004
7036 22954
27182 4546
8696 13273
12021 5131
26542 9229
19221 28354
26579 25799
21521 2798
5610 3327
27892 25625
2009 20837
1828 17776
3466 20877
3559 255
21009 17178
5698 23227
15883 437
1501 29986
1826 21820
5590 13298
21159 20766
16506 19506
20621 21265
19025 12132
17863 7320
11490 5104
19562 13461
6264 8953
21141 8751
11140 2604
27435 19644
23836 15330
9984 8736
19466 5488
7236 17607
21907 15343
18882 6720
8604 7172
9670 5413
23108 25341
22382 10528
19226 11869
27608 28460
25983 10970
23101 25162
19883 2596
28404 6157
25645 20152
25620 19414
13038 15999
1119 28607
13750 10148
21674 9385
22676 11845
29474 11341
11132 14291
18727 2350
362 23473
7415 14998
21559 20538
12434 5618
25376 1312
16437 2247
16389 14349
17320 14974
23680 11151
5213 8672
15934 24800
24473 20535
4123 26692
20409 28167
14719 18945
5992 6716
6059 27903
6636 9842
22040 23464
23841 29244
4187 15244
25600 16386
25258 10557
16319 19439
56 17890
6692 6313
6208 25199
1961 25069
28205 18769
19182 8881
16618 924
19677 2291
28982 20163
13282 7201
23393 9072
12742 18338
11177 12696
320 656
8665 21784
12569 9973
28423 27513
25372 14729
3342 12983
3371 22286
9443 3487
4198 7698
16065 28147
28226 2849
2053 24794
26097 1305
20119 1236
24777 1540
5212 3648
11379 26676
24467 29890
13503 20135
10609 8806
28154 5595
13401 5686
1754 28864
25503 11843
26900 22716
19191 24897
8052 16399
7691 9277
9606 14199
4495 5091
20652 22266
10574 25359
28652 19226
20936 6747
5816 8397
11384 6854
14018 2421
526 11031
10019 17626
18748 2853
1631 11551
8171 6919
7400 2361
22686 23772
7440 27705
15764 11436
4075 9663
26544 7584
15229 22083
2035 130
16535 14965
17037 18565
20822 15442
23051 17632
1279 18631
10430 7882
12795 8295
24644 13935
1862 18606
2952 16641
16407 3109
27835 7375
4097 13719
12775 17432
21721 28750
28233 23895
21085 17413
18021 11503
20552 15412
17570 17811
1021 8981
24253 29798
1257 20298
25293 7280
1596 1212
26427 18899
4349 4230
13232 5488
24813 24014
19136 6314
5282 15009
2822 422
3856 18967
3015 3521
19938 3300
15222 229
16607 5287
17014 8895
6204 5382
23783 22097
28446 17230
7837 16639
27862 24974
23584 29774
19757 26501
11924 16214
4355 3567
18275 5991
23989 6094
22503 7676
16739 1536
8542 5748
7707 27001
421 20189
10829 9919
22484 7204
20901 9895
18630 1841
27807 15313
17626 7104
19817 4703
29137 17466
22957 9049
3362 13321
9001 13250
29523 19389
29686 3537
13903 17710
1391 15374
1803 11344
3356 17642
15069 12252
4670 1791
1445 5964
29564 7198
15393 14495
16159 12776
25206 13525
28500 26689
227 8176
24817 26048
16273 22877
23991 19249
20011 25237
22916 21794
22984 12300
1495 23026
20725 25108
27345 19458
22028 17320
10889 22977
19302 22070
6743 24216
19128 17102
17482 4258
4523 21555
6739 5073
10103 10370
11805 20233
23494 11500
19054 14130
11713 8036
9793 15298
7400 28118
16176 15459
5814 16975
11374 11762
6568 8969
4222 28768
8038 25832
14411 10257
15536 20267
25466 3190
7037 15892
13007 26456
14335 8913
7135 13322
3956 23827
25465 341
22036 23812
14675 8091
6681 10117
19143 28098
2753 25200
7172 21392
6239 24251
21093 353
16169 26685
28302 24959
23588 201
26728 19540
6616 2414
15394 25212
11861 98
15527 16803
4614 19186
23946 17009
17804 26200
3155 20357
23190 24384
26467 17153
1997 28084
21002 22597
28852 1186
13972 18656
25256 3808
20472 7232
22207 5707
9986 18283
3438 3403
28231 22939
17115 20053
29251 5514
26602 27151
4053 9831
29536 20622
26664 12034
2957 9914
14923 5314
821 5410
23988 15756
1429 23185
21142 26872
20331 17193
3297 13155
1891 6449
25080 6085
22580 28134
7258 28137
14506 26850
15271 14665
8499 11570
6187 9454
21521 24895
22005 29124
16347 24743
11053 3052
4702 23633
16766 25611
1535 10426
7040 11201
4877 23976
1545 9221
12904 15352
17812 25717
24428 6847
11773 12245
9256 21296
17754 15617
27831 22366
26936 27105
28743 3573
4994 13135
2194 14687
24614 20286
875 21718
20099 9181
2665 29287
26446 11623
28055 27524
28244 20770
12773 21606
3549 27528
26659 14356
16919 5374
12739 4200
21433 5302
18111 29905
4348 1954
5931 25351
8432 237
24122 28694
9489 17767
27655 28159
16981 17577
12390 29210
4353 24957
17250 6008
28547 17667
22866 25851
28196 24487
19521 3422
25388 5593
1252 28600
10829 16818
23534 10586
5162 19661
7465 4673
16143 26289
14542 290
18235 24109
20920 25490
3299 10674
28442 20028
7008 9098
2292 14405
8627 24442
21666 25449
21950 21251
8054 28773
17937 24571
22491 9553
26642 15037
10785 2730
23176 20653
5078 13589
17043 2152
26371 25936
22368 8674
15705 2812
19336 22574
3450 16296
17847 1940
7369 4713
15093 12392
15275 13591
6015 2856
20859 12523
2318 14318
11307 34
7176 24023
25342 4611
3246 17822
19725 29387
29891 21828
18414 12135
28357 17947
5311 503
17416 20391
12005 7679
29263 7931
6787 27311
18911 3911
11185 4714
12724 966
21659 28266
4766 29312
18281 26391
5428 12150
10283 11833
23171 5010
3620 11520
20996 26764
12985 4010
9630 12812
7487 20089
4568 24040
1769 17452
21910 23997
3864 14219
12412 7306
10569 21069
18174 4280
27459 25028
3462 9000
21004 35
3582 153
10331 21236
11619 12451
23228 29568
2903 11384
1894 4368
20886 20625
2880 143
22828 6886
2595 18944
14238 15885
7994 21121
3860 5733
1780 2018
8663 635
24186 23341
9533 13965
6550 21870
23019 7975
28636 17446
15830 857
8713 3571
5017 1847
680 23467
2462 12755
21329 21117
10059 4362
7961 16503
16378 626
24496 17603
23023 17490
20721 21442
1049 3579
22131 21516
23465 28026
3821 28264
7006 8587
3920 12883
2453 1659
29000 17167
14753 12747
29922 12563
26841 14354
10766 25710
24226 7596
17397 12847
12494 18553
14676 29762
2595 16338
14406 20625
28699 2929
17929 5763
26046 9786
13784 627
11841 2945
27588 14304
11488 1181
28355 8857
13771 5989
29602 29990
11366 21503
4209 14880
17467 15258
8231 1772
4007 13027
11983 10091
1126 9753
2634 14421
25815 15970
22292 8045
3787 13717
13432 5704
18903 25104
26472 13342
18971 2800
17918 29022
21736 14010
26604 706
11114 26213
21746 23028
8238 24065
11053 10043
22104 29901
5149 22950
18645 7297
14746 22903
26125 19107
553 25580
19646 23861
6875 20300
28561 4891
10362 25607
1096 29361
27925 18268
21820 6376
18845 9390
5363 10176
28855 29392
2275 154
