40000
40000
7526 25211
36135 19121
19454 17106
25903 13186
18854 28849
32112 5960
23294 39712
15510 5167
22916 31254
5747 15509
4435 24945
29307 1156
38830 37371
16281 18439
7643 7866
19440 34853
24936 24618
16580 25749
32802 33089
28008 31043
700 38580
34139 20043
22806 2551
34028 11927
27637 3017
29897 25364
35874 31913
38087 34611
15025 179
26436 3294
36626 25306
12294 34312
21469 37164
35041 13032
28361 20910
33086 15921
37745 33145
37569 20057
27176 39053
11482 13205
27213 39160
17703 20867
39669 8137
14582 19126
23885 11363
31675 825
15470 18431
35397 3679
17533 3258
5187 27745
27329 28542
22617 15485
21965 22821
3682 33717
16376 33015
25570 24160
30531 25606
5473 36591
21150 7515
31326 36385
22178 14967
17710 9811
16126 18268
25635 15643
4839 2733
33484 27332
13664 309
30031 694
5061 4558
9349 25870
8218 19109
3649 18180
13070 37471
33553 11827
11918 19507
35967 29095
19738 19287
21153 23312
4644 33317
1739 11901
167 18770
6672 5312
1274 36363
5620 14118
12413 31579
35339 26333
30337 15927
34425 24193
1580 28365
4687 28793
37535 27208
13008 33403
19144 8956
31633 7769
35317 36548
9818 13756
33523 36022
31029 25879
30650 5172
716 3056
31203 7462
7783 17208
6537 26298
1361 27958
15208 37826
34404 23593
27445 32648
21943 34546
2422 2103
35059 26518
30151 21743
21894 13754
20137 32647
8590 5019
14144 39110
31088 9129
29685 4295
38498 14740
5593 29539
9320 6852
4909 15572
6247 4453
10133 10908
262 12398
20459 15398
23797 8782
22143 750
24418 13711
4037 32322
16120 21804
18349 10529
16276 7509
23468 37464
24086 9335
35444 24752
39141 13162
3868 5016
3780 27040
17459 8373
12410 4001
31825 12773
7507 17867
24566 32825
37910 28045
37723 33472
39256 33182
964 32743
383 38476
7531 10314
15613 23303
20525 26465
12456 21997
37088 29434
8647 25761
30765 19701
26585 12075
11991 9387
29813 14424
17402 20573
1750 23952
12624 1417
8914 7515
15122 1356
10908 17733
13642 6885
1469 37356
5560 35649
12527 39186
22576 14521
22675 3123
37173 25416
32609 6186
15328 38335
32086 20142
36623 1821
12935 20528
28796 20857
34095 15400
36001 37857
7112 36185
26811 9508
32215 17854
20473 31810
6434 11999
7897 1586
26190 11670
28852 27093
34347 13265
39745 3261
6517 32147
3404 38375
29800 27110
30132 12367
13702 32823
27094 26116
38373 34105
25649 39015
27261 26657
30707 24613
15884 9240
6830 12146
39687 25748
37999 29991
26324 23899
35959 19940
35333 10821
1885 14392
195 28317
17724 11936
4389 8428
39477 27995
7466 19472
32286 10740
12116 10117
24573 29762
14355 29006
6562 24312
15468 2875
33592 9422
4871 6788
38279 37411
5328 36583
18337 39305
17609 5992
35924 2344
7433 2295
39718 24313
31734 8416
25801 8976
32810 6062
30994 16304
29727 14184
14906 14276
10661 23852
14473 22001
2646 33032
2935 17199
5208 37868
29817 10338
390 32859
17387 132
4499 21607
2800 7606
33707 1922
38744 26322
22067 26957
22445 18113
11974 26081
28803 18963
8279 20688
36465 4965
2277 33280
30240 5760
11677 31878
31033 38485
36940 33298
18543 4279
36460 8322
37740 22738
36129 8036
10698 11014
11378 8891
38813 36139
24364 14232
9324 37061
39421 9857
15307 3928
29416 8052
36508 28170
14826 683
12410 32266
32298 25057
27981 9830
28121 30797
18065 37931
114 2524
17558 4639
11571 9523
18407 15580
21812 34
13080 17733
34225 19827
19334 17546
38590 6372
10019 4753
8690 10349
27466 27380
23782 28381
11943 20103
7474 15532
31706 34785
6677 2897
1658 7341
24975 34565
39072 3663
1506 35598
14113 12941
8138 37528
4651 26583
18905 13374
30626 17741
27792 37094
14290 32268
20745 29163
11614 31366
33052 11617
31079 10451
35792 38837
24816 19088
31085 8458
25167 8666
21328 26826
24563 30588
15686 1548
2617 7475
25304 16832
34658 32282
28884 12037
32439 34683
16441 39278
37097 11251
28337 24282
126 14485
29885 4697
36870 26031
27781 20540
27224 6704
33437 38982
4639 38385
28202 37847
37241 13207
19586 9834
14020 950
37949 4711
9703 3044
6325 33959
18605 38774
18059 32230
6321 4440
1231 26521
11645 9179
4019 31430
31172 20221
24455 4252
420 2904
4518 20136
7134 17321
18264 8695
35203 5037
31659 39337
3491 2155
20193 4386
35392 8611
12173 36847
9699 18789
22201 13312
6976 35191
33511 35938
4022 13977
12419 15401
17001 8735
1158 16387
9903 10362
7540 27547
1481 32113
16102 7628
31337 32791
27823 35236
28396 24383
27441 30203
25466 9518
12653 8623
19731 4925
20083 20892
24390 2569
25449 37946
31023 11657
12708 9969
31563 14244
11885 22566
314 24560
31649 34980
14600 22133
37960 11626
27280 10303
39717 17933
714 6650
9159 5871
6551 71
6656 24434
13681 19405
24856 28075
31427 32013
20153 14122
30900 19920
12512 9288
7506 15136
25277 9439
17287 36927
34768 15280
39169 2279
29876 39831
1836 14614
20014 37073
37640 12406
23815 37475
19533 18456
22800 22700
13203 14198
989 20626
18533 6334
21939 36936
26465 13737
5051 20921
53 12098
38007 18997
17754 34315
38080 38520
9227 21218
25688 18706
11137 16966
28789 57
16747 19330
16306 39633
18486 5418
19467 27179
12091 372
34910 39129
637 8104
23983 30817
7939 37111
18509 14848
30626 12427
17350 29121
23206 29548
31329 6328
21801 9067
14999 21440
35663 36080
27313 30157
11149 6613
38347 3546
33316 23100
15876 22248
4175 13249
23316 23245
35216 21438
34868 22533
39366 16201
18420 38258
14280 26018
36847 38327
35805 12873
17540 23500
35049 38979
30851 15407
16376 27387
20416 5901
20018 6066
39234 7563
35481 28811
2937 22167
27484 12416
15457 11278
36169 3142
25683 38438
7787 25348
24908 39800
9265 32908
22824 23053
17872 11086
33195 34919
7579 19350
4509 20174
487 25200
12890 7566
2085 9055
1625 13313
35249 37806
17969 1504
34978 9221
24229 29591
10328 29759
20204 25653
28572 29549
33912 19844
23214 4494
21004 21746
7078 37
15148 22555
38473 20552
37988 17649
29683 27291
23567 9855
12719 1671
13367 22380
8847 16659
32454 32016
16148 35285
25066 5438
981 18595
4223 21223
1853 23974
2322 29361
37236 38452
28544 39725
10754 3515
35247 16305
17807 9621
34639 402
16807 33963
29326 31460
37034 28108
6137 29711
34435 23386
27047 2167
1433 7178
30043 14484
7998 25268
9216 1209
34233 36406
3355 6409
36914 10894
38241 14885
31149 7354
28775 17081
38984 39039
5332 25013
18568 26179
32047 33326
38751 39530
16755 4745
36382 26980
32457 22787
28485 39696
11925 23864
9198 12572
9180 38534
29047 866
28761 31906
16019 3962
16429 20893
33834 15976
15810 7030
26514 28568
3036 1869
28474 36165
232 17967
20173 22026
2730 16191
29325 30177
5047 15305
7459 28796
5005 5033
12530 34000
3511 28817
20207 4440
18670 2628
34798 5402
3318 10163
366 447
10132 36358
21522 19218
4951 35368
20684 35983
4965 29058
22408 25716
18989 19527
28361 34395
31556 19123
29992 32678
28420 14974
674 18662
34718 25714
19149 25829
32089 30396
30903 16937
4998 34027
10490 899
7209 36217
36420 22081
22035 33804
21940 37722
39697 32304
22997 24046
13533 32326
4135 17286
12789 7880
16859 15628
6615 17708
11874 28263
17860 13245
38923 12409
30942 26053
4256 24419
17604 12320
13584 31102
32142 18068
21005 39551
36388 9273
2785 37641
8136 18416
28147 7367
15386 34508
29657 11227
24872 16276
16221 3776
8593 35132
30911 31717
39597 10818
20757 10431
33766 4219
2986 10489
20299 4785
1765 39697
1531 4004
7603 3423
13100 16113
34063 33952
32661 7170
2622 1085
7292 10897
12326 26077
2926 9223
6504 16318
33784 7153
39838 21383
26113 35757
23482 29934
33989 20199
27561 14976
21793 34266
7123 32647
24363 10546
24571 1850
30659 36649
17302 24964
13579 31215
16364 307
28312 35277
30282 34203
9380 6781
3370 6497
12642 20055
21258 2281
14279 36366
11062 19805
7692 24134
36616 21160
32854 32821
35148 32014
3247 9059
37789 35608
11591 7252
36626 18630
12611 37664
35721 24455
13605 6433
9715 26561
27364 27529
12361 5048
26029 25480
19808 20045
38536 11379
25306 32872
22619 17035
25030 23430
3084 2740
11001 13296
6015 22564
21865 25390
9337 9191
17957 33020
29182 7924
24414 11220
19896 21859
27757 13547
5318 9687
35539 26239
21946 7868
20525 26728
26008 31150
19148 26733
17076 29398
36644 20030
14094 10784
7325 6371
33115 25734
35531 11448
2235 18821
27415 2196
16679 27157
23800 22325
39488 17701
3747 16801
28447 21481
38098 16079
23602 25666
28407 38753
33253 8178
4800 31718
5076 21697
29867 33638
36794 6664
29075 13785
2986 15529
34279 5152
18661 2232
13549 25803
15403 24712
35743 1161
12272 4500
35328 12974
29059 19638
39137 9863
26443 27799
31006 3768
8386 26643
34434 8626
15712 35983
8428 28591
6442 17307
19960 21424
20896 31145
33591 35124
30433 19042
7834 9749
36974 38213
29122 31147
1668 22177
25063 17366
6159 2332
32984 9188
23874 34151
23626 17497
29594 27930
21643 9345
10003 35909
33075 11746
38127 6306
6127 27846
24248 11681
12823 12175
9553 35010
27612 6177
27383 12769
35801 22572
34367 19253
8728 34879
19709 11029
20192 11387
21357 33555
1793 31573
24408 260
23175 31963
9574 5814
24588 21585
22007 17656
32844 14938
32739 18460
2491 12396
12928 12224
10396 33822
15121 5287
35085 32216
2115 37261
39165 3928
9303 7951
11264 19457
23684 20495
13038 35150
1507 17671
38117 27567
19283 13289
15498 2137
27821 21473
13166 31807
27842 22629
11368 214
23617 4940
777 33604
26134 32539
19180 6410
6434 13061
25176 7854
34593 8409
36570 25623
22535 32490
20186 28357
37863 35537
24509 21194
21969 30411
25583 6596
11989 21362
34906 897
25695 33734
24843 31797
8335 26738
8767 2476
6676 9183
4034 36658
19678 38175
36806 8837
12573 6304
34607 2754
2680 4639
7333 14705
33851 21458
24452 4366
2799 7591
31815 7720
9069 4575
15236 15793
35745 17957
29042 39202
34591 21757
28227 24591
22137 25642
35909 38303
20129 14934
2907 5180
353 20855
39162 5678
18806 14059
37884 25540
30447 16438
19604 28056
25177 38757
182 24071
8763 30011
8965 4246
22697 13409
29245 12337
37042 7836
38918 14665
36012 19171
38988 16661
19634 4122
21776 13786
36081 17953
4553 19107
30229 18371
13414 32759
14793 11858
27759 6504
3425 37544
1052 1599
31861 230
2356 5422
29704 3071
36998 37775
13209 18705
2414 1866
98 8586
3313 10544
26215 10743
32391 27125
15079 28536
4916 19342
963 26135
37394 18089
13621 37432
24964 37669
11940 33437
34451 19723
37525 26697
18158 12381
11512 36970
37229 23720
32592 2712
39333 20139
11260 36624
34099 28736
9732 25036
2535 26055
34368 11685
23479 23577
1150 27459
10622 39021
30196 19374
31724 14443
37028 15558
1847 17536
22943 14707
14911 15688
14152 33929
35069 449
39345 14972
34719 23882
33899 14895
19694 32077
29387 15814
13935 8455
16472 23930
23218 39418
34845 26907
12252 26770
31962 29823
35896 24250
11802 36430
37765 17357
8329 36859
39056 17233
22857 4002
19248 33868
39465 39069
25422 25527
34416 14689
6055 5010
38764 20558
39238 18672
32076 32765
5345 3950
38705 16429
5278 20858
15125 34135
16435 20590
37469 21431
33092 10105
16230 4046
37133 1129
16855 14412
1264 17103
38585 9318
248 17518
20258 24883
17210 7578
12497 2594
1610 24931
23910 22988
24146 33821
19529 9675
21453 33890
25197 21946
37625 22220
2055 26397
35493 26903
19020 38888
1867 30708
27096 16324
12039 35319
3150 13137
30615 32745
29346 25723
25912 7247
26955 22228
24928 36737
26459 15786
39127 24985
30306 14578
11742 28437
13241 31551
29538 33725
11008 1376
19566 16810
39024 37215
28924 13127
6149 39148
24087 9963
36058 17950
19548 22954
10517 34742
5172 17824
12136 24788
4173 18475
23105 27709
4406 33243
17555 26112
32817 20032
12722 20513
21286 13808
6633 26296
21427 14250
17893 21185
20751 14350
9955 15108
9966 9742
15750 29843
27572 28347
24735 8101
31696 31822
3429 26366
28318 787
1937 24522
33458 31954
17582 9132
31337 15015
2951 34482
5905 15893
4113 22042
12554 31015
21688 1911
14659 32520
39408 34075
11368 35211
22850 27771
10168 37623
12574 5973
34526 24076
11646 222
31106 13140
34553 11562
12761 11590
33342 9919
1745 39344
38871 30076
1862 36346
15434 27253
22597 18590
38990 37398
20709 35124
1610 10394
30118 38551
24500 14526
26648 29223
31452 21427
11313 31145
21064 5624
10313 16995
36870 36819
33662 37481
31021 810
31722 24534
12075 9199
33152 19283
14156 16711
32238 20551
30366 24739
36140 31693
38268 30058
10539 23067
39405 6582
7546 7601
33752 39537
20049 17830
16821 19998
720 6702
39311 32735
30511 12381
38415 14495
13358 25990
12269 31411
23799 10699
24543 19892
15378 5364
36402 5995
37222 33436
26218 20643
32978 6560
20624 26428
11947 5896
11513 23426
23795 15810
19476 11490
6165 583
33348 955
39809 24250
28684 19585
12989 19288
34205 27632
9998 28365
33930 7713
36306 18052
5286 5079
18956 31740
35062 14119
39753 17121
39531 29105
10950 28525
28581 24213
7670 10132
30488 29502
14538 37629
26528 31289
5491 22480
3330 11167
24517 14491
1076 38078
22860 23800
3469 25814
24293 30825
7073 37085
32764 33706
4837 4186
27892 34445
25660 18470
13929 28406
22767 1930
1474 13728
33845 26971
4355 17760
6880 24531
25197 5906
6282 11632
13078 31117
2025 39921
6509 11445
36483 36445
36417 30039
7949 29416
19824 15466
6696 15347
6943 38096
7146 33529
5793 13257
20227 991
31023 8593
13035 950
13031 3426
20380 32553
17687 15460
32508 2957
7711 31978
11809 25873
24348 21609
3338 20030
31042 24962
29733 26210
2480 27537
908 27473
13136 9905
37239 21754
33652 5989
38331 36470
32073 37520
27469 8518
33006 26152
38498 38020
26841 17358
16283 21452
14808 3548
19068 37163
14017 30756
34901 1536
19523 12592
30604 10333
14382 121
20185 31809
12540 23745
34574 30372
10800 7130
33018 4472
32805 36218
9106 1165
14577 16849
2979 9550
14029 27786
11977 2322
12415 10699
31958 36682
19660 26100
28694 21401
13346 34981
12041 33532
36525 851
27797 1566
9807 19936
36714 35837
33360 36701
15491 38790
38625 32391
19143 14172
13516 7724
3870 25539
16298 30406
19956 20916
2353 21747
27702 22177
27913 26386
32142 16501
5062 11766
15837 5580
9109 38921
35861 11907
31472 4086
34194 30528
26754 37781
6033 4098
32902 22102
24220 30363
18765 34421
33204 30597
5465 24961
38505 25704
38255 21439
12288 21171
15352 16413
35748 21959
36617 13080
28850 38344
21327 17859
10660 15010
32479 13129
22611 1811
12977 36207
32050 16199
29349 38571
20134 2810
19347 30912
21355 36045
33419 36143
10008 19797
29986 24936
1077 21281
16100 16755
3411 17648
37931 1857
33153 27558
8082 17950
3081 24829
24126 28709
693 2299
26783 18374
35324 34334
16448 31755
39443 35409
14413 289
23571 1696
26200 25162
34230 38421
19879 19752
3748 6406
33520 30260
20387 34480
4404 27303
38871 7611
4092 22950
27392 21068
28849 20373
14344 27135
7960 12538
19363 641
31870 10284
19556 21464
26953 1763
24787 23613
2766 34251
277 14904
6335 16418
25404 25991
13990 26726
27920 27331
2576 38465
33313 26069
30836 21920
34718 18405
35183 17761
20863 36653
5431 910
26732 4005
26458 25165
7896 21893
31464 3190
18374 6080
36046 22106
37908 27539
18640 11689
21466 16220
6097 16727
1337 27756
22114 6389
17358 33256
645 37962
22133 31917
18415 39635
20631 24305
31719 12292
11123 12038
20113 8615
39622 35610
3333 25399
35878 6318
18479 30683
4891 10585
7813 34269
31826 34709
27212 34777
30851 16116
26209 16972
38544 15160
28334 17724
39491 6753
29850 24585
31700 35605
21042 34533
9344 15979
12183 8337
7514 13847
10210 3861
31702 2676
38624 31233
10339 25681
10949 18730
19186 18874
2640 14121
20686 17714
39480 26897
6201 17036
946 2416
7798 35207
20918 9815
34496 38198
19241 30725
38808 26314
20857 3310
1376 32570
29977 23282
24090 6594
23849 15728
1096 29882
12187 12933
6509 15335
36492 4371
22715 1830
22892 210
38141 12036
38235 35852
11067 19691
10551 6402
9460 14633
28501 39827
8110 21046
34856 13427
9246 29629
13215 11880
21855 29428
9594 30415
37758 6511
35999 32641
849 21398
28793 23274
34143 35926
37245 32290
14746 29946
15474 39733
20136 32704
11240 27436
15688 25417
22019 38551
31468 39161
7054 8766
37375 17563
20965 1678
33161 33014
21367 10339
17655 18334
32 35568
9461 37003
26238 546
36259 20801
3169 12145
20801 37754
6447 26323
31968 22627
4013 19006
31684 14438
9620 17979
13626 29976
34171 39729
31776 24998
24758 20194
13485 38990
22801 30068
37579 6981
21313 21063
13654 14497
37121 4472
34955 32185
14706 28839
5574 4014
38004 5645
4273 2180
35863 15612
26108 13486
37863 18917
15156 3450
17926 35835
28940 13900
33004 31660
690 30581
6139 29176
39265 24322
18439 34644
18704 27996
18343 31335
28323 4244
265 35042
14171 34419
9068 16760
28953 1173
5786 22891
8623 8656
6988 23817
24666 37540
33224 23107
37040 26967
7369 13169
1859 29207
39509 2249
37017 29601
32988 27393
1066 33096
27546 28558
35867 36494
38305 10471
27876 34949
8075 17482
4596 6081
19444 35510
16555 21640
37835 28284
32096 27149
35704 25987
16403 6188
14507 9902
2210 8229
5252 15982
5195 26236
17125 12371
4199 22969
10027 25639
25773 21803
35134 15447
36713 10709
5606 32930
402 20868
34631 21279
7088 18706
38674 27916
9607 31475
12507 35474
37540 34800
6205 31041
14503 2501
39420 14186
25840 28124
1099 14625
32816 27240
17573 1319
21177 39674
35714 406
9113 952
28201 34687
34586 31537
24557 29800
21569 11093
2811 320
7597 4394
6504 31274
26392 25095
6114 7047
3406 37566
33537 29925
39046 17359
21002 871
38860 26301
16515 19490
15417 5543
19662 31194
29066 13342
7685 34170
29524 7746
7064 29744
11085 16488
8598 20886
39031 35531
8748 26531
38067 11658
6959 15298
11089 22918
39592 29279
9103 6952
6529 4565
35010 23432
20880 10858
24134 2366
38440 25281
23634 37431
7091 17756
11816 2630
21056 34865
28907 15876
24456 32344
21204 37486
32386 8163
8866 4413
10713 18783
18392 36893
8835 22522
20917 20341
13455 38979
38801 25543
16810 31545
7167 21955
24396 4916
18162 5775
615 12072
23650 32515
38493 32428
9074 37333
2650 27024
30239 20968
11964 29783
21621 7836
28187 4610
2803 11056
18014 11464
9419 34161
10532 31580
7951 16679
18782 7827
653 1493
29476 2916
2032 24069
20946 27073
14980 4789
21042 34271
9218 15874
35020 12563
35251 38529
22388 23265
38272 13150
17043 14310
3617 8943
25880 6556
36183 8163
21307 24223
19258 35510
11696 32023
31114 13986
30699 25896
2597 3581
35490 15659
29303 26915
11719 3207
17496 25647
1972 27411
25211 31365
23114 36231
666 24101
2750 16115
11594 12532
8784 25194
14491 9221
33520 25928
32878 30526
25335 18615
2159 12217
9698 24786
11509 38292
33833 25993
5153 15166
30753 17782
6013 34152
17465 4484
34467 20514
4956 30886
15046 4244
6446 29321
10420 13619
9468 6697
38248 22591
26502 39219
37018 12925
29019 23691
19029 34439
3693 13363
3918 6490
12531 3845
11573 36837
6554 12077
28471 21181
36370 4885
30331 16704
26106 33859
12849 10520
1669 19270
8723 35212
21875 15582
10026 26217
28118 12046
22771 25275
32203 144
17228 4752
7868 31405
8721 32066
28561 37658
7958 21987
21439 39328
21573 17538
2383 19210
19482 19740
32359 20168
6215 18669
12292 35676
4838 13878
22669 24738
18437 35418
21413 27999
28684 3551
38188 32479
13248 14442
27678 7065
17655 28664
23806 17511
10293 3870
30958 2052
3076 1910
27084 2664
30320 992
25895 24503
7094 36634
29875 2151
7944 1789
4275 25362
2946 21430
30082 19706
1282 14148
11164 10562
37206 13736
15823 24090
1044 24508
16604 27258
15927 416
21228 19434
12645 9949
22569 386
39767 31510
18576 8297
15048 14843
19945 16803
7474 36819
4637 26023
9879 39941
37689 36232
2600 36505
13700 33441
33893 4007
12326 20505
30766 30817
1808 28421
32396 24020
11279 35896
18570 20367
9581 5960
34798 30030
867 36804
17598 19549
30077 26519
18311 26489
34470 36158
26413 1421
2919 7974
3156 355
20420 16280
6898 1685
15962 13833
35966 14942
36802 11703
21329 17175
27485 29743
24727 39023
9754 15050
7081 16050
11464 23918
16563 34784
30880 35888
37640 12799
26584 26558
15626 2549
30774 35453
32371 14144
3912 8788
8868 25797
35641 23242
25150 29973
20100 23512
33332 28995
9366 14311
9572 17656
28362 33175
39621 9859
3978 7308
7822 3852
8842 2681
37115 17943
22160 1053
20429 14916
10174 23337
15273 11150
30555 6967
2528 26857
5283 11673
34912 17021
31811 16938
24458 266
12201 10339
5966 33200
20506 33964
12489 2042
12363 10007
36001 38335
18091 8983
14001 32061
27575 8685
19206 22622
15902 24696
20506 16297
29893 35668
36251 9073
24871 29378
27194 10032
13226 9557
28198 22388
24936 31234
2839 30132
940 39617
15192 30276
8658 9074
13632 35468
9028 26984
37600 34920
23324 9687
39034 17081
31951 35164
36346 16771
16145 20719
19451 15140
20275 22850
39993 30661
15896 27932
37852 23215
24980 13152
13433 38850
5504 15264
35286 25196
8437 20324
7223 12946
21082 32767
22869 11004
22419 29600
7499 9151
3969 11652
30354 33945
32840 8292
2496 656
16322 28365
32656 8951
9956 15053
34797 31167
24476 23855
34162 10676
14783 32461
23615 32484
32876 33104
19720 34158
18939 11312
14326 15445
28170 27853
16678 5702
32514 34922
14414 21018
3995 29353
22510 21929
2461 31553
16061 6451
18778 10922
19147 27945
25257 21420
31891 28538
27107 6435
25299 16699
21171 3867
16763 38666
39793 5334
35927 10208
8623 5381
11474 18350
17476 31465
6871 6569
4081 27883
1491 2483
31471 3743
15891 13563
22463 18753
16552 35790
9829 28155
37784 35359
4045 8972
8192 17983
28782 311
13333 30211
21738 17605
39514 14041
10344 32241
27656 25440
8513 38993
32879 36064
13258 30687
20201 11231
29254 33741
20872 29118
37131 31527
16458 38803
10209 11943
10161 29128
35988 38100
37396 22164
14885 25352
21104 8690
16200 4246
11908 21711
15043 14221
34055 14499
25028 31045
11327 34858
35693 2255
9708 2482
11972 17961
25871 14333
20117 35615
34252 12615
39570 4632
26270 24278
9381 21224
21059 34829
29356 17905
2888 21922
3070 39740
736 19505
38273 37995
33005 16989
7050 3510
31425 19159
12509 31556
8758 8778
24247 18928
31056 8845
31056 26508
22545 13136
33968 19716
16294 13107
32674 2334
23410 33569
39542 3380
28966 8853
31057 9683
5009 36559
30440 22863
26113 6523
938 32318
25491 10075
5937 18521
14156 35407
28287 2572
23228 15779
30369 13155
22104 8912
24451 35831
33376 13187
22739 32684
2315 7095
28469 4451
29856 38374
27971 142
39048 39973
18976 17977
10337 14019
38846 3794
17748 32879
22470 19565
15440 11886
32830 22173
18887 3735
11454 34095
29535 24235
7006 34410
17366 29311
36968 3397
3855 39550
34475 7515
39603 39476
14729 36154
14541 3838
21109 2631
30601 33712
13476 29694
14347 26396
311 32090
7233 6410
23284 18291
2695 30035
2969 21103
35340 34188
28118 3965
23168 8034
33618 18870
35025 22282
37790 28927
22148 16181
30131 3033
18544 2535
29132 25048
14493 13557
3617 2019
19127 30302
36394 22603
24839 2309
8605 23083
37720 13264
4062 8667
19951 3054
9305 15230
11091 13429
20367 8489
7093 31079
37119 3438
17080 32586
5628 26833
16182 3814
17536 10703
19681 26185
10749 37893
201 11250
19895 32657
38496 15744
10808 19492
14457 39563
15356 7674
10518 29720
5396 29805
10720 20905
21255 24674
2381 9456
24874 7679
11491 35809
22488 18763
30799 34262
34431 6353
37293 26119
1415 25453
27264 33449
31621 26899
20937 2438
18288 9290
39549 12820
35458 35020
16548 10418
9158 29906
10741 10279
11491 17686
19382 20162
10045 5845
21559 21150
21153 13495
12385 38989
10590 5610
13404 30858
37082 12713
28002 6469
37525 17297
37134 4550
35563 8254
14495 6362
5308 12702
35535 37254
17406 23049
34854 6833
18356 28990
7534 20078
2667 14996
7979 35680
26409 14558
39216 1002
8671 7064
27765 8130
5204 6719
37651 33672
27867 24223
20917 38148
39355 12499
38188 10923
5121 29354
31751 6246
22623 30786
27062 4013
32863 25123
18687 37844
19555 3076
8756 15320
2635 17910
37037 22428
37136 2731
18405 15151
31333 21801
8221 5937
34911 9179
35563 23980
4265 5031
32926 28949
25433 5596
30932 18555
26952 14357
33660 39483
25212 1903
26876 32014
25581 39232
13590 16128
33323 37484
506 30822
75 31177
434 16951
16197 21269
29288 1572
23307 10642
9349 20074
17009 27876
7046 37171
26198 24154
27853 22120
6093 25466
17047 22315
18350 12103
29242 10279
17837 23891
29764 4747
738 2098
25214 10389
14115 20625
24444 39837
10474 28525
10555 36616
29947 17329
21753 12297
14327 735
38205 1386
5371 38069
25277 34193
9372 8124
4947 10665
15109 10000
617 2209
21219 7620
531 21905
32358 25409
28027 20963
33884 12315
4669 675
17473 738
10301 14807
17624 4054
31343 33578
25010 13967
13492 37341
26555 33986
15621 3633
31585 7396
30258 18502
28516 2172
17340 25032
38013 32810
13911 26157
29243 6816
1538 8392
38280 28105
24865 12766
5059 5288
30111 33213
37649 36835
1934 671
27063 34963
25485 6755
9153 28268
28378 35890
5178 10050
32921 5237
8660 3020
827 11614
16766 9328
23856 13947
1131 19662
10557 34747
12596 24284
28983 27447
9031 8307
15150 22797
22849 34986
12486 34979
37751 15240
31114 3488
18063 23986
26761 9339
303 21282
11086 29258
12150 6934
32770 31935
35260 5898
22708 16268
2590 26833
30068 18075
17985 29399
32452 9551
33550 32259
19957 35021
35649 33968
37720 22134
31861 27136
3161 8150
39576 15174
12824 5507
31509 4948
32724 21471
2942 6425
6621 24530
33416 17470
20241 11407
17857 10460
19763 10289
2267 13110
2300 39227
12622 25389
614 27117
8589 10010
25651 8307
25884 39797
33062 19797
13715 31073
8819 17226
17498 28993
1413 34401
23613 19098
5841 5033
27741 26348
22378 35127
30786 28099
36813 2150
16340 15475
30086 15341
19529 10195
4752 1426
10668 17937
19119 39517
7199 19028
37724 29430
33669 22892
6046 6730
6972 39251
2995 26627
595 10610
12164 6462
8371 39628
22146 2063
35143 23678
18581 21079
18947 31500
20947 7606
3579 38045
30651 10194
27258 16701
26512 8017
19343 2648
11734 5715
27745 1192
26413 16088
14419 15448
6805 18399
22881 38992
33568 5465
17914 13834
18999 34139
1684 6592
30070 16396
31675 23914
14272 23817
27178 29013
1925 18148
18230 16656
33036 24747
5054 17699
31578 5532
17470 5055
9227 9310
3833 20309
16408 12176
31373 21878
31349 5413
23582 3871
16276 8680
12619 1080
1293 18935
38910 35075
19012 15882
3073 28106
28695 32737
35720 6575
39174 17403
10053 4316
13440 23091
33179 34050
32886 30450
30445 755
11150 6412
29754 18175
30795 13623
35620 9494
10759 34695
138 13443
6370 163
22467 14429
23193 25010
27365 26243
35243 16995
4060 34082
8527 29865
27913 37147
7487 37715
10516 15017
14635 1104
29670 34493
1507 2963
39380 20197
9985 19003
18172 35545
9796 8877
307 31158
35879 34140
20822 19216
7871 31337
32286 29860
33715 1051
2931 21868
39256 1625
27292 38357
31155 24510
11078 30105
29597 21566
23595 16142
34182 14285
5044 36266
8924 39887
19862 14715
6710 16685
20247 4359
14283 15064
3697 38837
13876 31513
17052 683
19747 9002
25163 12112
26406 15742
38369 16219
37073 13107
1183 3314
30731 27062
3227 13144
17619 7406
37849 13914
20562 16581
3522 29572
6429 38409
9817 5335
30548 37099
2875 19023
20458 17345
9112 18426
28680 7139
2914 11156
7204 22514
4064 16146
16018 19068
4512 25224
32932 3994
27693 2351
14894 35987
9821 32059
449 30377
13423 30857
16832 9067
2883 32528
3387 15233
26321 31405
22868 37112
13851 12404
10497 23876
9895 30949
18456 34951
32512 21281
276 39891
16614 12700
3610 5487
2766 7272
39288 28202
14913 38043
36983 22892
23552 33569
32312 14648
9485 13590
37325 7289
39644 19356
21260 12355
28529 6632
25308 31780
22546 15346
33221 2251
23352 19634
14942 17016
47 15420
15516 4667
5942 25431
30537 37079
12006 18791
7216 12601
28661 17761
21661 4542
16372 35616
34606 8503
20474 355
20384 20159
36822 32197
19578 33806
18212 34752
1467 29067
16724 32292
2716 20040
5281 17983
16787 11027
20497 29296
25087 32656
12286 13429
34681 28730
5575 19769
13216 1440
20108 28166
25498 27087
33366 16633
583 13107
12496 10738
34443 17266
219 12744
5348 12714
25117 37030
4446 8045
12421 10374
9202 30903
13584 27074
6591 14908
31940 6260
20646 31343
12767 15764
23597 7246
25618 11431
26382 28860
13423 13288
4694 80
18414 24972
39097 14590
26207 23193
16582 20812
33257 7432
32907 25833
5326 10839
19270 32273
1420 20170
11904 35133
5637 34105
36318 849
27153 26549
28013 19889
7643 10637
29260 30332
28784 35037
12684 31029
6699 18820
5777 27737
8029 28488
36523 7796
38498 8208
3651 17637
27327 30455
5388 39955
15594 34345
16456 25975
38641 38354
27872 2941
26267 6250
30962 2123
34967 33147
24358 1914
33336 39951
11094 37011
26634 21214
21363 34828
5362 23749
3808 20516
19608 16263
15882 11085
8509 32294
3735 8182
1436 25707
23954 16967
20296 35575
31706 24653
39714 26939
32880 18753
14094 29027
23528 24055
24032 25845
5522 34234
16768 20073
534 29236
17564 32358
35874 10750
21327 19749
11026 13755
24105 32103
17141 22484
22621 1336
32632 2251
11908 33755
33374 23687
38164 35498
1664 8204
38962 3300
23840 4603
769 3727
4365 8546
32475 28574
18967 38817
4908 1537
9466 27143
29158 30955
8081 25295
28141 10907
23867 31060
16311 10884
10861 7022
36409 14947
38439 19436
19314 31272
17309 29397
26773 18811
22125 33989
39527 27779
25449 19960
25563 33155
684 16391
32506 22015
26017 34428
33121 1577
18948 7619
10946 25022
10289 22249
29798 29007
15915 39028
17183 2213
17319 2494
38017 3600
14660 1461
9554 9155
22093 21022
5709 33427
32679 2535
21668 12059
5998 17482
10548 19786
28860 23718
8845 6973
36915 17881
1685 7656
8908 18638
3446 754
36155 35010
27638 8225
22728 11152
9584 7681
39927 12140
31762 34630
7115 8191
2826 8727
6166 10193
30263 9455
16969 39749
18921 8471
21144 9598
38932 1922
14481 33570
25489 31195
9342 35919
14305 29834
4848 28151
15029 28358
33256 17377
28875 28399
32839 17790
2313 23585
24871 34044
3392 13508
22675 6998
2444 8799
20612 33664
21054 26737
26011 32484
13736 33873
39077 11172
36859 2396
6843 39342
34022 17905
28309 24233
9572 9533
15210 33736
20512 15902
27664 24558
25608 19636
28707 7608
7412 29028
31303 9647
23290 37054
26300 33437
26459 6338
4171 34878
9632 4488
38012 35690
2655 28386
18192 10798
10885 13583
22947 10731
19530 1676
32386 7875
22754 4788
12055 29556
36351 8234
39237 19611
32069 17883
8886 14484
32770 24307
14651 96
38750 10467
29901 10176
30511 20477
29357 16594
8732 4563
28672 31711
11317 34406
10601 16116
30437 23199
3175 32260
4376 20318
31066 5370
12509 39119
5948 16639
6581 35133
310 22582
8516 3823
36545 12517
2085 20475
21105 31187
24212 30952
24586 31060
21494 24258
851 16408
30328 30042
7027 34438
7460 17095
24256 18780
21496 32229
24814 17086
22466 31862
33353 35585
33837 16605
39947 37650
3111 38600
19606 16062
5288 18237
1070 15682
12513 19817
37431 12674
17837 38530
5426 12574
22061 31072
11890 32208
35937 23230
30710 158
23814 11737
19042 36648
21990 31703
39667 2713
27573 5204
19921 34811
35583 15826
16997 18139
23362 38555
4053 15527
13411 23859
30170 38469
35486 39256
19238 14989
6377 3113
8135 13594
29242 36320
21005 347
15844 13712
7332 4201
28456 21064
10447 25548
9349 4238
27123 18313
36129 6742
30731 70
3233 16513
20414 32676
12846 17160
22372 37488
33932 17039
36528 17998
7380 38588
20963 21555
13772 22978
7264 999
9961 30043
21311 801
13272 13761
29424 6663
26674 24292
6181 18803
800 37357
19928 5787
35693 7788
31084 20185
12473 12411
39445 12820
5609 36268
32359 3981
27864 10824
6647 28716
1050 37408
39577 24961
24635 26555
39545 36714
20652 9138
2405 18769
26948 33522
11444 21813
2842 10856
3856 13940
33719 326
36544 10094
2023 25773
17001 24377
14468 1361
34467 15621
17672 11737
7899 9691
11541 38516
10612 31970
16702 38860
12836 26388
25905 36340
39428 403
3601 31580
11776 23625
37505 9386
17081 14124
25354 6673
13248 21466
31437 36093
1611 13961
13234 35837
21078 24506
21880 13083
20843 33675
1002 29531
12413 7690
36340 22427
10674 11940
28843 21418
25632 16515
27999 13240
1494 4486
11141 37711
766 32316
31295 11419
20501 970
2788 15271
6767 26909
13419 30601
9795 29065
9808 8774
37927 35631
2721 6162
10748 15043
34057 23261
12707 7977
19580 24091
20967 36229
35062 14642
34463 6606
25142 32851
3179 30270
1288 25219
1512 28108
1129 6748
29043 27059
39245 1520
32531 9623
877 25178
22370 7924
5508 25918
12094 4350
21330 17829
15650 2927
39927 20324
39842 275
8061 26645
10244 28826
2377 8647
4302 1094
17070 28810
14764 553
2487 25529
30492 34458
2067 19389
14786 29368
20050 33016
13071 14621
25273 25841
4833 23129
33472 13641
26378 20164
10203 22767
17472 31421
13222 13534
30371 16642
13574 9409
13479 26761
4021 61
38101 35396
3769 24840
32021 12327
14310 39165
13079 29927
14387 5914
25161 34164
32563 21245
35862 28999
19896 27794
25017 1195
25975 21687
27416 36563
5371 19316
28948 34873
31546 33578
17115 21037
12448 16005
10257 21149
844 2001
13276 1142
35675 23905
36918 1041
935 25721
15225 5476
10040 2556
37949 26357
15877 678
31374 15961
15231 7191
26126 37708
16751 6954
15925 6178
38373 25364
16847 28178
39635 37785
33863 38448
6650 23794
9725 16942
23514 22694
20741 33577
23559 35704
6997 2214
1369 14535
39822 15931
28060 12711
28869 4325
36458 21134
6162 1883
26671 28947
33172 11630
10282 6855
10560 22946
39297 4993
30060 4763
26036 36130
23060 38811
13950 11593
28437 2265
33026 23697
21563 420
36818 37672
39071 33220
39312 35759
17974 34233
36762 19472
33800 32363
37534 13877
4812 26620
13070 38539
10769 32034
21941 18565
12469 3466
27108 7187
29282 30959
15459 14327
2861 35993
30516 15722
30241 26941
32213 18211
20797 7486
36929 31884
19227 9830
7290 16627
25150 28034
5502 11131
10741 5768
34638 18644
30410 37879
11644 22667
34448 35442
28924 29785
25388 34651
24122 878
14124 21088
18618 7042
37508 28557
39056 12419
82 12758
15936 7977
37059 22986
12057 24729
9412 9906
39256 37296
14396 23307
7986 22668
7092 8644
32030 27509
34977 13219
14731 26959
37357 20191
26327 1649
369 36416
14597 38946
37607 9885
18588 8675
23443 28527
10466 39212
38002 37705
13827 17898
4922 21193
11792 7759
16231 17202
14263 33696
5603 26641
4414 24802
20477 4685
15009 27915
25238 23765
24533 18953
26195 7758
30056 28394
12545 39492
33840 13637
6439 5889
16538 36685
33689 19824
7852 31777
36069 26542
39408 92
27318 20006
32162 22471
39440 33719
14384 4563
6167 14072
6402 30095
17850 16762
283 36540
24696 23137
8484 8555
27834 26230
60 33732
2308 29930
39771 36835
9076 32460
15733 21758
16322 18208
713 25268
38508 15612
35591 17082
23304 37156
39822 39675
37174 18052
10922 33002
12493 38215
38640 9916
15587 32738
5983 25891
9484 25052
14415 4258
5141 9904
20414 3271
35938 20803
29759 11568
2151 6185
37593 250
18378 27311
2025 27618
17193 37102
37853 32037
258 18903
17091 29179
14920 9189
6490 3188
9943 13759
5296 17048
28040 15499
19384 9180
832 18502
12285 14614
36304 8474
33888 19839
36723 636
1395 12186
38179 3254
10612 13905
8803 18121
39712 21713
24834 11993
36555 1039
7138 16709
25078 24710
5861 29291
22338 28971
25546 7709
31506 5884
31275 1447
15009 28639
19231 11504
10475 31006
2158 1101
8734 34891
1426 15350
27362 22778
1798 32806
7985 25588
35656 33658
34090 18409
20808 4360
12127 33804
34040 3030
35576 2094
14934 13033
23404 9985
1429 6925
27322 32009
8263 32119
35139 27639
31331 35949
39177 26598
39840 14770
20024 4480
6573 9365
28747 773
30144 25137
6459 5392
6024 4422
18298 8650
20138 39264
2173 14543
4990 11727
39618 36284
16459 33640
15223 32101
20080 28485
1448 35191
10888 6424
17630 25951
23067 38787
17838 4354
12808 10858
2570 13313
33891 4495
28488 14954
31732 29229
11522 246
27548 17408
37359 28428
23890 16040
3737 31055
31542 8459
10583 36444
15435 12007
6033 34003
28515 7104
10488 9940
19531 20735
29172 29946
39102 27242
22023 28499
37877 20476
11084 17591
5393 12876
6700 11426
20125 21640
24067 32469
33961 17065
5704 21000
33105 6951
24811 16997
17458 24174
32295 10610
1740 18191
26499 32310
8786 15029
28750 36203
30369 34297
19146 25040
19185 16674
13689 12253
2807 16440
25672 39754
39460 30352
4843 28751
12532 27983
36787 17101
21435 35939
37414 25690
24796 23417
24937 26815
36024 1158
9553 8341
34945 29018
5754 9846
4432 14276
10862 3687
38197 26732
17385 18200
14983 20959
7920 25314
5411 21453
32176 20199
9790 15054
4355 31225
31187 15262
31569 26294
26048 34121
18744 25764
28570 10305
6440 1464
12041 12074
4825 7830
17465 36809
29095 22211
12469 17045
9067 814
28761 19700
11949 17279
34663 17265
35685 11369
8135 739
24080 20173
29605 30642
17572 21600
8485 36676
10194 19417
33531 28778
33397 3150
20450 18826
370 23597
8028 14706
11071 16873
34530 35122
35874 24025
8866 6885
37304 37215
4674 15031
38300 32027
27608 1384
13188 24274
8311 27644
31095 804
25700 8414
33707 19664
8750 28215
17031 8627
9831 21677
18137 20115
23701 17136
35133 9370
16106 37365
27478 8084
16722 2642
10353 12655
12743 34527
645 20580
8963 22975
6844 4861
25980 1937
34990 26838
2299 30051
22788 5911
8431 31532
21843 29501
18840 38225
23426 37938
35769 25402
35723 37663
34865 34513
8353 32261
28283 15127
36266 1994
8098 11468
27540 28457
26150 26053
11452 24942
29389 39063
35762 12751
26102 18048
26303 4757
10087 6310
23431 36370
4008 21366
34244 6072
32646 22180
15402 2943
37664 34021
888 617
254 15290
18004 18496
16739 31378
11366 2761
38535 15081
14989 7939
27930 32920
29328 36659
36528 18341
26 27419
30907 7742
21070 15241
24735 21273
2871 28516
13500 17161
26047 14554
35068 23774
11528 286
6288 38771
30199 8518
16829 37072
33049 8053
23795 21993
3616 39831
7715 38978
37704 37831
39372 11175
25422 16820
19684 9835
14203 20265
32266 29735
29814 37951
33187 29614
26764 10575
13454 11461
2208 23136
6381 21670
37394 16575
11850 20764
13160 34633
37806 32457
16453 21435
28339 35918
7282 10266
22867 5163
37514 17400
13667 13390
25397 13314
20045 22969
22164 5682
20388 23777
39825 23839
38589 822
891 188
14952 33802
34782 21008
32431 37685
29306 27958
29726 9495
8757 33287
18305 8073
35108 21427
2342 35397
31619 12149
14990 38003
20484 4008
33578 38048
39848 2849
38141 19980
24893 17193
3015 7697
38288 37087
18654 22813
1978 34573
21856 28872
23748 23324
36855 9759
37462 37819
18059 4905
35548 22501
15740 15224
30487 29351
33548 37918
432 3682
18241 14052
30410 9107
13874 8043
7660 20139
31705 2558
9464 39331
1318 25161
1084 22540
36931 33222
19018 10778
21014 12546
39317 39607
17572 10633
22155 22990
34430 15442
13715 10295
12765 34275
24190 3747
21183 18902
20244 37571
8243 7502
36638 34134
2337 6262
13173 921
8483 13971
5550 17502
25552 27996
38171 36351
22020 30208
9439 21451
1054 2954
33735 35337
24584 1902
15499 13720
36289 30488
16236 18008
30445 19955
10914 24921
23279 23300
352 16693
12656 4594
31212 31830
18715 20699
19298 34589
22525 30212
18113 34325
17062 6343
31336 13072
27038 23295
4781 16079
28619 15780
17186 26832
5012 5263
32971 25648
27092 27897
22664 23441
844 15885
18518 24287
12052 3578
33567 36157
1381 13267
26875 16933
19840 18663
34334 36314
6115 38134
35007 2469
6263 9724
4192 8424
951 20827
17805 2239
21877 25944
19978 8484
14290 2513
15473 21753
3034 33534
21142 10343
7956 1788
20375 18075
25473 11344
12399 3165
1215 13587
26520 31199
34916 14912
13290 34698
1244 22770
11099 36179
17827 938
39393 17855
33933 5099
18850 30463
21449 22844
9822 12619
33029 20465
28347 13397
14332 21328
30207 4746
11575 24057
38812 22373
7315 24897
29981 28555
23479 22345
8025 16973
25498 17653
1879 8468
29358 1722
12986 8981
13616 20124
17086 37307
9656 22550
30590 15148
21772 6972
21773 12783
22206 22193
33981 20617
33419 2048
265 39515
17599 33965
34424 20703
7069 26807
38522 20405
21709 37569
6670 33043
2089 13239
4204 11699
28310 26758
5098 753
5767 4021
30676 14373
34443 22087
8123 38851
33185 17360
20806 8533
30376 21509
9457 28881
36639 7181
11129 15016
22864 6015
36817 17888
33178 29018
12205 8969
29693 38136
19010 155
28097 13818
1576 27191
7291 14519
10836 36643
16063 8793
9555 37720
31066 5159
22286 19039
14754 3792
10963 10532
16429 11830
26547 23742
32939 6090
31132 16917
8517 21887
38984 28922
35206 23826
25406 341
30616 30663
3344 19160
1687 17857
32556 18433
31137 18416
23518 8075
32874 36724
18162 16472
39632 10094
14894 37609
4608 31463
976 17392
19314 9796
24131 29465
10689 29629
9047 33209
9042 17533
12867 17646
30709 30189
23908 39885
39666 34724
35419 25122
21532 5789
26502 13839
18025 29143
38922 112
16628 19302
38131 39625
4062 13522
36119 39987
13436 37120
22754 32545
20042 16613
18311 9676
10176 35024
24345 10922
24795 9330
35181 7768
39605 1167
5908 34451
11882 19018
15317 33452
22934 1210
4830 28802
14998 24373
36069 23171
15402 22460
24330 27250
16851 12365
25201 34967
25343 30432
19981 39855
2545 11377
6829 13048
11275 4950
32726 14678
6635 4884
30556 9093
22133 11935
20940 34494
9220 10073
4947 17011
35052 16907
38766 8410
18885 951
1438 18338
22136 31413
13102 27234
10970 9094
22371 20375
5569 16542
27411 1873
15811 26565
39984 20241
38395 32204
37284 1616
10424 26659
26219 12829
3557 24602
19591 12558
7244 6667
1329 7441
35709 3614
28052 1012
35721 37619
30680 27937
6121 23135
32364 22670
7661 16225
10300 14313
7657 18778
18334 7464
27096 26262
19913 9142
16575 15396
35004 4507
39056 4599
4713 15674
37740 28292
6251 7661
39981 11466
32889 36314
1756 22073
8700 7155
17308 10337
37081 22440
33983 34057
39506 19578
32960 3512
27232 24597
1898 39419
31033 28821
32382 27622
4658 20596
21142 7236
32224 5165
1313 15714
8108 15751
24044 33346
28767 2448
12513 23339
39561 35312
39120 8916
21412 24093
6617 4725
9639 1733
24837 2695
19453 6980
8850 16047
28899 15499
5114 32318
38059 837
10374 13794
35019 5365
24734 18318
11361 14296
161 24510
36952 20634
36886 24533
26608 31299
29969 16487
22418 13558
24957 18345
442 14633
2361 26040
3938 12248
20115 10987
21567 31763
4481 37234
4050 31046
6288 4722
25183 34412
13999 8348
2541 22796
30680 15786
18448 154
18114 33893
16043 3920
1694 15831
35115 21810
5229 16125
34912 6671
6344 32977
38717 37769
6713 13308
30681 13502
39140 7725
25479 13149
34959 18820
38766 12295
28157 8989
7502 11133
2289 11997
17266 18462
38303 693
2279 26956
7644 14674
21188 23751
20445 12035
18937 577
12325 30076
57 32845
5258 9905
2447 944
26750 21401
25935 21992
13212 29346
19952 4520
2785 23184
14951 13294
31435 12020
35463 3855
34754 31919
12581 17688
8243 23113
23780 3537
2181 6678
23456 34621
7543 12479
27395 989
39091 27338
1284 31498
32860 31591
833 21563
36485 1093
33021 31046
14336 33971
9095 32150
9077 38781
36826 827
7791 4510
21618 26206
16641 1068
3770 14407
23423 33127
3156 14442
22501 25675
39521 9243
36450 6240
32947 34811
11203 2058
9587 15331
14149 27147
6052 20548
38445 21364
25585 1128
32629 31081
16454 17381
7153 39971
12352 7410
11553 33195
3622 26802
35879 21039
17578 2632
35964 30717
1112 34757
34039 20049
12825 24067
23613 4822
22452 11201
15594 29467
33518 28615
31228 18449
6225 8237
7101 1629
28774 29624
25855 3858
425 6673
13045 23667
4566 15757
23326 21429
34606 20073
30377 17956
20375 29676
4007 28070
2599 7222
22393 14540
12345 11349
21484 11158
33074 6375
17487 8092
10717 19388
3455 4464
2437 33932
30167 11146
289 3783
15161 33990
38280 2159
13834 35924
14068 12781
39123 8460
12758 15487
32540 38759
21114 26734
16850 1639
15107 32400
30895 29289
11937 27592
25 8493
4194 18735
11157 24652
8326 35640
21379 24169
31891 9878
33465 30889
15771 38796
23302 8984
16495 34020
23905 10506
12529 15138
11996 10882
31862 34727
8519 3508
2698 25615
24381 23604
11627 15855
30540 31745
24460 36119
11215 35303
2107 24227
32545 22582
13234 33361
23208 25110
22501 9692
31630 37733
7997 36583
11932 1909
14260 11445
7363 34060
20360 9106
2966 26127
20822 22897
24669 1035
6108 322
6790 29968
16781 34523
12002 8432
920 15868
21626 22771
16410 3527
34307 6899
10851 23342
36318 24071
25708 9810
1737 58
8193 31619
12438 16190
22764 26384
45 23816
14707 5171
2069 39519
21868 9305
7758 22975
21917 27905
13711 14230
13113 26694
37380 31734
19353 8689
20418 18637
28783 4709
39140 30107
13866 3252
37804 35226
23501 20058
31266 30200
27829 14717
12452 13062
9365 34718
28512 1344
8666 23145
39809 26958
28247 31868
2381 36817
17909 30879
3686 1153
8172 36559
5043 64
8407 16916
1363 7542
5340 13417
19672 35975
33865 11281
6249 12919
15818 3400
22627 35999
14630 38639
19246 25276
2026 14412
31448 33362
18773 18331
3347 11719
36321 20246
36598 13959
11226 3584
27884 12721
34985 6778
21302 14677
37691 10687
12080 10339
31592 330
19736 19084
24684 24780
12019 7053
38179 25119
5575 27447
10467 30527
15259 12386
26813 17400
18925 33338
20079 36225
29412 25687
13806 3284
3565 39085
6455 34954
27682 11055
17111 13580
31555 2045
13804 16075
1729 3297
15371 20414
11802 29964
23599 1007
11384 5047
26349 34739
34388 20119
23387 27812
18373 20497
10398 18343
1781 29649
33478 39508
1733 4636
21541 15244
9704 6356
29745 17564
21517 1093
33542 4528
1630 21094
13007 23003
22823 13079
392 3588
35793 37424
28353 22331
23258 32777
27756 12406
37240 10194
31694 23639
9629 15013
12745 15865
30296 14401
6516 36999
10300 3729
14804 10613
19651 23409
14280 29186
632 26568
25003 30009
1969 36760
37851 30953
12978 15682
26462 16220
20552 34549
38779 11939
35773 16253
30039 25907
34138 34123
34770 1397
20965 30423
24877 6199
9839 1232
10345 11290
5664 6485
20130 29022
34459 21068
4382 28353
2034 21517
33267 36249
34530 5888
12615 21936
37429 6548
8729 21882
27479 29583
2743 8963
1187 16791
38754 30442
38234 33982
32617 29828
38990 24615
16924 29977
24871 25775
34887 36120
14493 16956
22571 29809
27736 22913
2986 31829
38054 38798
4588 27674
20103 22152
13718 19176
19326 6392
6714 28999
5669 8946
12517 27052
26076 27371
4983 23541
23032 23664
7823 26939
7451 891
9369 20727
28170 24892
10141 23200
26747 38821
19476 18257
16321 7361
34580 29752
28835 37443
36601 239
16003 26482
35940 18602
12863 20881
33524 18537
35749 37498
20903 20316
21885 5989
39262 25667
9298 34884
107 22037
32110 3640
30845 10539
27130 5114
31313 3191
7638 6932
5388 24866
29749 38692
19733 16536
9810 8609
26045 19014
1746 19534
27419 32668
11668 19715
3164 8939
10564 12336
16493 25245
5389 27342
2137 30816
38229 39531
17927 35946
5318 4725
33723 17115
29390 20162
34004 18144
15941 29716
20368 38651
26204 6532
4725 17461
21884 39012
35735 33768
23952 31167
23255 33202
35943 29587
11853 10706
10715 26519
25948 38770
15738 24545
3958 24749
7999 10263
10973 36470
25073 7946
26751 9967
31825 15369
22074 24712
14575 2003
39878 8033
33696 38535
1193 1011
26905 3108
24111 20012
32620 17364
1732 6896
32776 32673
4330 8424
1139 14141
4967 13734
16568 5584
21912 39705
35738 39581
20870 12575
23438 1362
2219 19194
30182 34528
30929 33272
20936 2856
8849 36015
38554 13934
10254 6553
36177 2918
32670 10958
32963 9370
21312 12424
13680 22191
2060 15835
16747 13477
20259 7981
28277 25396
3224 30445
3331 22844
21560 11789
12279 29493
25786 35925
9301 31637
15939 28208
22094 38541
29089 28886
12354 23099
9535 10479
21557 29830
23607 15240
18820 27142
38851 20946
12547 24778
26559 22959
31215 32834
24752 15347
6668 29002
18242 10316
4173 20766
19063 24092
4060 32256
10568 24168
15613 21863
24251 24136
31773 13772
2956 7399
5656 4036
12082 3063
27586 39917
19596 13337
36352 34696
22527 2345
37295 8685
16696 24105
38180 17592
10792 1196
24312 35181
20040 28556
21346 36407
30920 16539
22106 15969
13101 33583
18305 21212
11421 33102
35333 16391
18591 34000
3445 14580
31530 13543
8768 9378
4022 9740
32526 23123
26984 31503
35075 27869
23990 13359
9739 31855
24897 30819
14881 15697
18288 1734
32127 24335
38896 5410
35388 35013
31357 24918
27361 22966
6516 24674
21744 5079
14236 30306
12868 27157
13984 19951
7627 19954
15360 26282
4653 15650
38698 36115
25788 26634
603 23864
22100 16476
9768 15244
37188 31090
14251 33105
13062 5210
27325 13775
30117 36993
3882 34372
2157 16241
5743 22728
9818 20245
27594 16641
11632 2861
15128 7155
25874 33632
20569 38244
30276 37555
1194 31297
32572 38544
161 12059
13646 23225
7569 31989
22432 31806
32248 16280
25756 37379
32912 19348
1557 37624
24285 25301
38578 7688
22947 6142
8298 7438
22614 11959
17490 24811
26738 22395
10058 2355
260 34174
26788 9079
16157 37402
31464 28691
10414 29024
5901 36561
29744 37405
14421 8135
8967 17009
34191 17784
4200 8236
34967 10179
39422 18698
853 37878
10544 37632
28273 10293
24304 14447
14792 29616
29696 10632
17423 38704
11647 38715
4343 35924
3348 23509
11657 4687
35894 2779
28998 38369
18847 15277
27459 18299
38096 8519
38049 33510
9614 19491
1862 28772
38990 32838
38507 33520
22897 38296
12501 7014
9128 23298
26912 12750
36252 27307
23964 12989
244 17599
5934 31945
9999 18042
24258 24463
28098 15519
19488 7847
16073 383
22199 31534
35779 32326
22118 39017
217 8762
21519 6500
4795 3302
37699 3793
17267 4607
13977 16457
31445 24854
32684 39462
10908 10392
25138 7131
3541 19523
24348 9420
18541 2369
5135 14670
19401 34266
34554 14831
36882 37846
15039 18165
4683 31673
18893 37463
32395 10195
25809 34999
7402 2928
13040 12732
15325 6115
36796 25714
29206 30011
4378 26817
21947 22929
37849 13492
25987 24237
150 2372
31723 1069
17367 27587
34305 31695
38703 2808
20494 38759
39573 30889
12963 14619
20634 24488
27925 39809
38604 37274
11844 37410
26406 34698
26835 3130
9129 9724
14614 36997
22472 22031
3854 9634
23854 23863
26791 30026
22099 19526
24511 14097
13241 7253
33341 28297
7221 36217
39277 31774
10374 14511
5615 6871
31664 27557
38751 28465
12571 27468
14213 21694
25975 7929
11918 7948
3509 1273
36067 2097
19566 10554
4918 39849
32554 10236
4242 37473
7780 8018
25410 19528
16507 28900
32697 17566
30795 5741
29559 32768
13974 18656
33527 8468
18726 25473
3520 11885
29112 130
26917 34234
4574 19439
8510 33661
17503 39426
16035 31088
37720 28497
5585 25843
27363 1519
37939 19381
5334 28542
2064 14499
4373 27319
18409 7174
31571 32820
10713 19322
39046 10464
28754 20700
39220 496
39990 8942
35130 24969
8386 30342
20493 7046
11755 4799
12275 28393
30265 33308
925 5618
6284 22555
11105 4454
7940 27420
2157 27118
8410 13972
30542 32778
15770 27263
32708 33228
37123 25167
21595 4933
17383 2741
34798 20310
39520 2030
29678 14980
1034 19456
19969 26478
39691 28514
3269 14442
10923 23460
20931 11248
31450 14110
2935 12186
1193 28404
25762 9525
13040 12059
18844 34781
35698 35641
19088 12587
37812 10547
29100 17511
11381 39809
30456 25793
35712 39742
27430 2780
5294 26767
12212 6856
23342 12999
19086 25996
1272 3541
33630 5303
4824 38763
32717 23586
3926 20298
18191 3808
148 3834
4079 16430
6932 19180
5972 23692
24109 8681
2795 11843
10378 12463
7000 37662
9068 35748
38806 26986
28754 11930
18994 37292
38982 3150
23406 23597
17707 35983
32685 10401
30961 8384
31492 15220
14246 29199
26532 13452
8233 99
21765 10320
36175 30251
1618 27864
2213 35146
16738 37662
21675 5528
33806 17516
22278 176
21057 9543
21653 18834
34947 28114
34829 14202
9185 3343
18273 14636
23814 15864
18755 38915
5539 10800
20362 25294
12562 19046
28399 1142
454 37282
16602 9290
13395 27329
2687 20910
33107 21307
11935 29754
22342 32252
31312 19218
3054 3789
22528 14234
7666 39525
39739 14001
16169 29481
996 31472
32053 15388
3178 16851
35968 25994
36598 25087
2795 31358
2225 11960
20897 1113
34421 13750
33340 21949
16264 35777
8561 5215
37626 30019
32604 10245
25591 386
26630 20585
14523 28042
10944 30519
30626 5356
20570 28158
7891 27025
23082 10415
25934 21274
30267 15140
30182 13153
32975 36344
34095 8148
21513 30362
23663 23683
27083 14091
30790 26905
16601 7303
21449 18418
29235 14032
35645 38388
25515 22231
10775 12704
18753 16964
1582 19532
34663 8821
10212 7811
19068 21931
29275 11161
37257 32966
33594 6374
23456 12642
10579 7746
39459 31556
5564 11466
22428 12846
12846 33907
2037 12063
36196 48
25429 26747
35249 39512
37477 35206
24269 19369
9836 13272
38441 20270
26542 3663
35387 33347
28645 2275
11199 23072
18515 9127
18507 35951
1938 28517
9470 1260
747 22746
38788 38413
15733 11017
30038 821
22252 13030
18840 14747
19366 26362
12999 19545
30093 34694
1500 16595
8190 39453
37383 32106
24805 29085
25501 12602
23546 20986
29107 2481
3655 6251
6815 27841
35961 15294
8530 35852
19691 5526
35807 13151
38035 34459
5292 39413
21149 29353
12769 8463
5169 2775
30721 18535
17446 19020
38841 38670
39121 35057
39676 29631
31334 587
25232 3231
18507 8831
21281 11569
4071 11155
7069 17098
25368 403
9798 11508
26017 25793
22876 3258
3637 318
1043 17729
36500 32185
38309 27528
21626 674
26819 18513
5167 393
27633 868
21051 27099
22253 38273
17870 703
31098 2931
33905 32604
15516 5380
2283 1176
35320 24837
26850 3390
1935 11185
9824 20911
18883 10274
30197 34864
35040 26972
8601 14662
32875 32006
14907 2817
27573 29496
562 37319
29290 372
36196 8349
13588 3820
28422 26587
6927 10591
2363 21625
4704 30918
10661 35547
12918 25399
3665 14520
37865 32264
35058 29083
11310 11448
32867 10255
16532 14902
8872 2094
24922 26492
27940 7453
38455 10815
10268 20481
3431 2836
14874 22533
20107 6650
36860 32211
28689 5381
24839 7642
1457 31470
7593 36570
14412 3228
28699 11424
8245 8274
17929 23674
29016 14585
25065 30674
39756 20955
2385 16206
25775 37728
36447 36332
18441 7799
24007 25239
552 21004
4129 29511
5900 16997
906 11291
14834 21645
28974 8620
15171 25364
30314 3712
9437 35571
9123 25427
28025 6337
37912 38755
34529 8714
4715 24662
29983 10956
15976 24097
4551 20233
14600 29244
24798 6570
34133 18532
16230 10762
14761 11945
8650 30609
36474 9419
10441 37808
8349 37193
18299 6274
14308 20201
14372 7345
29338 20708
24811 36152
6579 38547
26373 33013
29220 23099
29191 3769
4668 27954
29467 5997
3872 39525
26390 8090
36720 29268
33782 1028
32769 9993
34633 24710
22008 35673
15455 20041
16863 12310
14523 20527
20345 27769
16337 12636
37240 16346
21716 13373
23266 7631
33510 39622
22131 6548
31408 14069
5547 16587
200 6118
26176 22575
18901 24950
12964 20866
4225 12766
8900 16210
12896 7473
2875 8176
28839 6033
35899 6247
29340 21253
28003 39348
3241 3797
1004 21745
24828 6663
36417 23149
3706 28947
2450 30578
16687 20489
14722 26647
21145 5450
5997 35448
1780 30146
19771 34219
25294 17371
21078 22546
29382 8914
29211 13649
33022 11412
36875 36481
3656 18501
18595 2593
4420 21653
30805 15211
9601 1843
10917 9660
19700 10851
19575 10982
14313 9472
9774 10096
38473 16972
27481 29256
13515 16472
28826 22827
7948 3586
32874 4631
2727 15665
39136 9992
13183 23331
21222 93
9876 15206
35158 18447
24694 5285
16952 22251
21086 37264
21522 1695
19230 16654
1041 1985
16338 15495
25765 15537
5727 25561
14429 9993
29858 28962
37763 34177
9319 39767
37570 20441
3491 18116
31735 37630
16955 17200
25226 30372
37141 26576
12482 34407
30457 3984
36428 36158
13673 26307
29909 11184
27592 32484
30041 35504
14732 12875
25433 32257
30049 37580
2613 22924
32804 35882
33773 6425
5241 26919
34036 13828
27201 7687
26105 22974
3802 16118
13015 3943
4127 33393
220 27691
28474 17704
18354 9619
23766 27226
22236 35117
39228 3306
4695 2198
33781 21747
31815 1701
31588 38885
22246 21320
4965 19384
7342 27020
16988 32708
34220 292
14374 15580
1769 28485
30735 35007
1944 10428
12101 7777
24855 13991
39631 4553
20863 10568
5064 8149
13979 37039
22396 38952
20021 32698
35708 6645
34875 37041
21416 71
26732 675
32848 30210
6237 24221
12985 9528
3387 4122
844 4630
20302 21252
34991 6310
5930 22163
28982 26011
34154 5786
17512 35001
13067 12434
16062 5603
8944 28167
36867 15296
5839 36778
38818 20858
36081 6646
23638 28738
5198 22313
21342 1262
6193 12619
5168 25577
25605 14960
17707 24846
15316 12599
11273 26825
31276 33381
12620 29207
37307 38306
3806 3655
19837 28454
31616 19858
9046 10222
28922 23280
20103 28140
30166 10800
24888 13484
6352 7286
5644 6984
1933 29967
11467 35263
7190 408
33817 8208
23935 22005
32679 17633
3304 30815
32341 32842
22017 3330
24072 17754
37935 16553
24279 33977
9119 29
18838 23243
30996 33149
17583 8767
2546 31174
9797 6994
21443 31890
22934 20147
531 35308
25875 8621
11466 9492
30752 25041
4908 12405
18295 35951
31896 13183
24420 15602
35204 36536
29306 32851
39823 30617
9814 10751
8668 30964
21976 24132
22199 4641
14116 22174
32132 10590
10014 15656
18119 24581
32100 32877
17998 37004
12170 412
2453 10788
2006 20578
27243 4411
2959 20859
21168 37283
12640 3588
34411 20250
17942 6394
33828 20721
18253 32851
14497 8524
12807 1813
25440 38389
21849 33572
29039 32085
33791 35793
12706 24628
17028 10745
10370 1663
8430 6156
21622 35595
33499 1281
29238 13325
9100 30838
17773 2688
20702 562
13786 21409
9772 28601
10086 21785
21113 26149
36501 21973
29520 14983
924 38501
12517 34885
12487 21249
5305 22042
25791 38463
24094 15345
18013 10654
26192 4854
38649 15079
21062 12409
19099 10535
2036 14917
9726 24545
30429 15693
13139 17425
3985 7633
3565 25043
35166 9660
14174 38234
27844 21968
16140 4208
37229 29126
17864 26515
4669 30227
39723 19562
37411 29455
21308 5093
35965 9589
1732 30486
16539 28876
29683 12633
2437 24854
1206 7940
1621 39849
36800 39842
14424 21328
27647 21871
22121 22828
14048 23304
9204 17937
33498 34426
37283 34656
29467 5647
14604 6559
35957 35507
14339 24163
16069 5163
19379 36364
1009 35242
17035 39713
20136 32767
27324 12407
24093 5576
27955 38995
5806 16610
22862 4051
23136 35372
30332 38254
27358 9404
9267 35226
25173 17807
3853 37452
190 23902
19770 5959
31782 10691
23546 26625
29259 20502
15765 10115
313 13173
1261 12958
31708 1482
26817 9654
9020 27641
31054 17132
16686 12544
16482 37730
3289 38447
18072 39851
38533 39307
32840 25462
4160 18686
29148 38473
28509 20346
14056 3873
33984 3603
27448 11165
1641 18499
31349 25778
7467 22753
26525 21516
14438 33020
10801 936
3491 10286
37998 17668
1352 37852
23282 465
30011 3401
35006 17342
22237 762
31685 8599
36801 13201
31731 22504
21346 23944
17930 22322
16415 36639
37661 34478
22436 4519
12997 5151
6525 13135
10266 39896
35343 36229
20717 26720
3082 37997
6381 5736
35899 27609
8244 4226
15254 33987
3168 14899
4255 30653
32662 9682
30767 33076
8665 38123
6710 24275
23224 8208
29157 30538
27493 24761
14829 6955
11912 7928
17137 10216
2614 12039
10592 16754
20765 6006
14350 27477
19759 33401
2984 16139
1753 26940
1492 4070
7081 28695
31240 36813
384 23403
8778 36511
2012 9343
31843 35052
30440 2589
13693 24452
35158 9154
31531 10849
6284 34700
5904 37098
12484 30379
26111 16613
1504 8006
2242 39226
23800 32919
35019 4023
37613 14726
22154 33373
24182 12039
10635 34372
12828 32567
12559 28103
23315 7574
2137 20316
10966 29627
29088 14892
38083 39137
39149 6433
23411 30806
9171 6064
29652 29736
9010 22655
12342 10936
12201 3607
30551 35508
20774 31609
37262 32528
39104 12606
16115 12592
24032 11513
9787 12093
28122 14471
23028 8758
39012 32453
28305 24107
20299 34960
29673 39833
9487 8573
36101 39222
24476 33076
21886 16882
11133 34512
1629 28783
36650 6223
27212 39690
911 13080
11656 14224
1108 33907
18649 16419
13303 31288
31685 25683
16756 21151
7432 8208
23732 23392
27507 33627
17902 11856
4379 3283
17943 6540
36401 9479
15071 34254
4149 20303
24951 12108
38413 6914
2530 29112
33924 892
35413 295
4783 39771
38006 17603
20662 1283
12038 12205
3029 5824
2077 18941
24611 7369
30947 16638
1249 4762
22313 37942
37456 2013
33394 11298
16169 13538
11036 15117
34378 33658
12234 12975
18663 8357
26051 9328
34222 31302
4759 2770
15493 31533
9625 6544
37168 12916
3144 10110
39741 4286
34274 35591
27502 18781
31888 20751
30868 30378
25412 1384
39906 17681
32274 34924
33498 29080
1830 11106
8156 13970
21888 27184
18339 11784
34681 241
2521 13092
28524 7261
7019 717
31271 13499
10236 24595
11887 24491
25606 35784
33304 6898
22543 13477
9597 27303
27553 26361
17704 10738
2576 12788
25629 17661
25995 12450
7992 26451
5917 6567
21052 14230
30540 34755
31779 29451
37190 896
35569 3656
35682 28476
29421 16512
37855 16377
4929 4223
19904 24533
30148 16220
32304 23281
30549 34735
31851 31574
4231 19963
30792 36678
12636 22364
13101 33435
38254 22818
26560 24283
1585 12248
8439 36160
34059 5647
29576 22306
14969 588
10756 29184
27245 3994
27908 5223
28468 4624
35258 25951
23711 25643
1729 6232
18333 1698
13842 32671
7993 7153
11022 8597
9828 19598
37271 13186
3958 6536
27197 34480
23094 20564
14659 36197
3585 8669
10188 32151
25179 36335
3288 8386
29199 25851
2352 23200
31011 31631
18632 30682
31694 16169
28943 4689
25364 10070
10883 17891
34335 36233
12111 16910
39943 33630
24038 10898
32964 13587
27672 36760
14646 2463
11298 24022
34588 2085
36743 29855
998 3081
4104 35322
24235 4403
13538 21971
30029 34945
31343 16953
12829 25903
14462 30704
33990 16771
7471 30138
37703 28321
17610 6397
11014 3226
24620 31096
10324 4853
39060 31011
27603 19752
31719 14238
14914 33518
25067 12135
29201 11496
24143 34553
37334 9393
11719 27073
19412 25640
26362 12480
26310 10060
11427 1941
35995 27502
28654 8105
12079 39561
25276 762
38257 20285
34041 24917
21604 15712
26419 18105
35703 18882
29821 7478
24819 7331
20091 37377
34113 12118
36605 9618
15958 34642
28650 24743
2653 32107
36799 10603
39376 6495
32496 33520
17884 34391
4455 34856
21762 1060
34886 2401
5607 10679
35397 5275
38737 36608
15197 28071
29566 27315
1298 20883
29057 19676
33179 11095
3988 26278
3450 13124
8426 23931
15692 28102
28397 17605
16535 10405
20612 21866
21610 27798
11839 20390
21604 24124
19404 16610
23616 27452
24962 23388
445 9107
4399 26461
30132 26220
33933 23100
38513 29907
5663 19892
36167 708
14909 8038
31014 30971
14006 13694
8384 18543
18694 26910
28985 1838
21998 9311
17520 18648
28739 39094
34934 28831
24059 22083
17158 37425
28692 20388
23685 9822
12825 32532
36968 20164
14263 18097
683 9361
8748 10572
29520 13144
38690 17459
18753 32734
14316 37425
26048 7842
33716 32583
1389 16048
15581 23954
19390 21084
29641 20366
25238 35149
36248 1714
26987 13874
10518 36447
21772 7481
35388 25825
30417 8965
20358 8192
5626 26075
36071 9337
21509 22839
13710 35934
23352 10171
13386 35204
4760 678
29534 9083
32404 36932
9778 17442
17579 14268
7764 32506
18511 27732
9825 24377
31104 26487
6609 7079
3957 20361
28424 39665
20511 32822
34215 21993
8259 34905
17785 533
24154 38715
32407 10320
21855 25723
18393 3686
27379 10067
23026 29954
14922 17410
36856 16051
33399 18000
13808 12699
38601 20763
28445 39345
3462 3480
26752 23403
20005 38866
21671 30455
28139 23275
18203 7829
7307 17467
27577 1489
29484 9143
10482 1924
14879 3997
38722 29259
20760 24162
22685 32036
7756 21943
20151 26843
21226 22675
23947 26317
30266 23090
12277 8048
11715 29881
18832 38480
21718 32261
19365 35792
27917 19668
33317 29311
15530 26155
37574 10554
29062 27033
811 21552
36627 38728
16254 26190
38618 2892
23188 1170
6725 36860
31433 6069
19603 15542
32916 35067
3869 14536
35087 37194
31846 31235
21688 6771
7859 34080
25582 21792
30370 36325
28022 24949
22427 24429
3515 19431
34036 36571
23440 39526
14040 24474
23581 22827
34642 16192
29384 93
37251 8254
31400 16102
39522 25685
30049 35064
10825 30350
16604 22201
38431 4153
25420 28298
26530 34232
22688 29348
23930 28106
39917 34360
9040 13368
10265 26347
31758 30794
5947 28835
22328 4552
16686 21257
39856 2098
11798 38294
9911 23199
36668 8617
7196 32486
25082 29677
37318 8611
22909 15538
5035 6739
31727 7358
35506 24817
34341 6002
31432 1348
10446 18002
12145 23476
19415 39396
22842 39861
11092 10598
11798 36377
37103 17718
18376 12240
5688 37922
6333 36599
27968 22193
33827 20497
8514 19637
27859 3739
25109 4961
34213 25657
32239 18677
19626 2125
8837 13743
34132 3156
359 8021
26491 11018
23581 13674
16100 39220
7399 5453
10972 15775
7911 27451
25340 24296
19025 27252
36658 11628
24306 39816
8839 14037
35072 27384
36376 21957
23391 38323
33075 19643
32654 2412
13709 23596
36474 5005
10388 21869
7699 32978
31349 20498
29456 16654
3176 33193
31259 20393
31571 35384
30789 14292
34174 17003
33029 1914
22282 32255
8470 24656
6810 12326
18995 38725
5022 9803
3653 33850
30874 29698
33970 34518
23682 30441
15524 6429
25433 9704
39214 28350
6011 18847
32395 35335
7162 37143
12928 17482
6849 17996
36316 21336
8789 335
12116 10235
33176 29061
23284 37148
10973 32069
27029 9070
8381 38188
27589 22786
27805 9063
34712 39421
9763 11431
21665 22356
33302 12514
32667 18824
24350 16157
20663 1654
30598 1745
19987 6137
16747 36173
3779 27038
33657 6966
26159 28848
19957 566
26492 39714
20758 10353
27100 32213
18720 20812
24763 30701
16468 31745
37427 37005
5281 36866
26675 20793
10655 2521
31407 13759
21760 26919
20383 30159
37518 29618
3994 38475
21883 25970
32208 25724
35520 5930
25649 32580
15757 23764
29575 38062
34172 7524
15196 39159
14512 9498
34582 3676
16919 20934
39921 29692
39424 10032
18575 35792
32002 38734
3048 2131
22512 24242
10127 8046
21073 12071
13195 25980
38163 8062
3406 37757
8888 20370
29704 12104
23178 17725
50 7979
12241 39316
16098 36742
18437 39543
24026 30155
16579 24275
28311 34476
14121 31899
13928 36549
6447 29944
5983 31294
32331 14732
29454 38229
34706 21318
8261 39859
25236 32373
1555 29411
27083 3423
29208 26920
30892 7710
10306 1043
36277 35043
10899 9592
1716 7576
2093 39984
33221 16513
17367 24248
12456 31113
29975 21527
14540 11902
22329 16367
15950 19548
12224 33373
28672 14149
22530 32253
39825 25868
22175 5126
16154 24928
32533 7642
39783 5
3968 4733
14617 35169
26584 11343
25953 38376
25562 32150
6728 7634
34122 25945
9666 8311
32823 16649
6321 18891
13835 36534
22729 16647
24309 12050
5229 12966
19228 39871
21367 21762
17316 36195
36857 37086
36564 17537
13645 5047
8933 4309
37375 9476
20866 39948
38040 1379
10398 26704
22148 37793
13413 37466
7801 10613
30618 23931
36741 3944
3986 9865
5067 25090
19790 21042
29373 15586
29415 29830
28584 7962
1348 37990
20694 22904
3201 28033
13610 25091
36293 23196
2065 5367
34247 33910
947 33427
13465 3635
4207 14498
20976 9426
13496 39072
22988 32043
5908 11101
15478 33728
34256 1458
19485 21039
8698 24896
30580 17782
16564 13148
4316 30158
14240 16108
8102 5172
439 21605
8520 13614
21939 5068
36945 1618
17111 30548
16609 36152
5049 1297
2002 37662
13336 25683
7271 29533
32202 36417
18300 3349
18968 29382
12415 13523
6596 26733
3997 5328
38879 7910
23604 4390
1346 1412
12077 8107
24682 35568
4690 16713
25887 6534
31993 14860
13415 11580
3776 33771
14492 8689
19611 16207
9031 30198
17062 14642
4391 27219
24408 20629
39292 31003
35332 16659
14595 38979
21303 8392
21389 30794
29400 13031
36645 20812
1434 29407
3166 18021
26764 27330
11025 17060
25875 16381
6952 34559
14796 38587
3349 353
1346 18796
1242 3959
35265 37669
13398 13491
26029 32930
38940 36950
4511 37412
26033 27214
22818 21122
9179 30410
1480 17145
39060 23258
9232 15848
38684 4434
7862 21483
27848 35362
24090 2548
16390 18034
24372 13725
28061 1476
16376 5162
18891 11664
21866 25328
3440 32469
27543 2848
8568 24690
23660 17846
38181 6807
30870 12688
2556 1985
28360 20505
20295 27688
28024 36854
30972 17377
34786 23605
38949 19664
6811 4283
8982 31281
28345 36366
23644 37167
19188 35251
12505 5558
39207 28979
9941 32880
6043 26884
19474 20789
22316 2187
29691 32359
36180 7859
7684 26971
34857 23844
36041 22526
13761 13802
36439 18809
39717 5898
18829 4186
32877 32592
35678 16781
39989 31975
4485 8858
20680 25140
31328 23925
27838 30947
29505 13925
11544 24109
6584 9660
21138 34534
24101 39736
38853 391
1400 29100
7192 27778
1345 4383
30585 20339
14719 22884
35293 6405
36346 24001
6950 38270
13223 1376
39067 36577
23456 12180
26740 30465
35178 8580
24685 6574
736 33301
24017 6541
14891 30376
23449 39783
19031 37988
19161 24017
14355 17104
36204 3427
322 25845
31571 31927
14139 26686
25275 38902
13106 18245
37427 13380
33478 31688
482 32143
33535 3062
5251 21360
23795 33625
24806 34519
22867 10557
12455 36975
30073 10428
36635 14076
28233 19013
1678 12376
39213 133
1618 27684
14127 12308
1012 20773
35436 13710
32178 4492
18197 11110
27923 26084
12016 22708
37834 33513
24812 34324
27513 35275
23805 26542
11716 19394
13260 37502
5053 5910
7705 28448
35043 5892
35744 27075
31397 6524
29555 8729
37569 34824
9235 195
38756 37693
39925 4630
36543 37476
14630 17024
13738 29065
11603 33270
37727 27295
10433 16303
14385 29376
30189 29864
18158 12764
5210 13432
20381 15322
14628 16019
32343 37968
24796 34171
15659 13647
6765 12624
15682 23857
13376 2869
19716 4237
24912 23349
19245 14972
10811 20620
28840 36977
9217 39695
8703 2251
16161 7498
6702 39575
26034 12961
33477 3096
36417 5503
19957 16432
13313 38135
9081 34684
21494 28042
36637 17298
17406 26225
8831 5750
23537 20065
12126 15118
38259 17992
39614 15525
3880 3215
15927 9937
8376 12754
15292 20028
28077 4283
2819 1351
3565 10247
15909 15573
15728 35356
27372 15292
9905 14912
22711 7264
17760 23480
32494 12142
35336 35708
5875 31041
1150 7439
23794 35561
37937 19369
16256 25858
28751 30068
18042 34861
2863 24199
5564 3864
7795 18797
37586 36778
37633 19053
37287 5480
23920 7617
38753 19247
32267 28671
17859 33929
13063 25412
8703 21606
12902 17873
13872 16593
1703 11227
4317 37259
24662 12153
33557 8096
5705 385
7310 4721
9544 32185
35688 5564
19707 8615
34618 38543
32665 22865
23594 30786
35487 2035
36952 13735
36708 34093
20810 17652
1669 16777
18801 700
25977 30451
18086 6257
13671 37365
5905 10646
2040 17332
14070 5130
38161 14481
13284 13196
22883 24379
19533 27153
27305 15375
38956 7721
6678 14801
9281 36691
1752 25111
4590 23978
14476 4294
26525 11748
32694 18580
25531 28684
1667 13572
23342 9583
1419 14238
30870 5751
21860 36610
18917 36161
7727 14880
17749 23143
14695 26382
11422 27938
10134 6285
35595 19837
33110 11848
20190 39915
28375 15524
16083 21590
13622 32548
21269 12724
3281 26174
4986 11461
39033 38193
37145 37713
18943 30075
9047 25859
36960 8532
37771 28150
16673 39449
4943 3733
25750 285
18523 23092
9328 38889
13920 33795
10117 24375
33221 38303
33020 33360
22385 31433
11306 2148
16919 27964
2804 18046
21172 39868
3260 5579
21067 34691
3430 36029
24765 29085
31630 8692
4476 8215
3316 2568
17465 32461
19806 4618
18987 11113
4071 15166
32601 18469
24906 28745
33476 30201
21694 14765
33063 34435
11865 5569
22441 32306
26750 27151
24548 30749
29738 38750
38832 13195
1831 22149
6247 12125
32725 39471
543 23324
19314 38575
31098 26168
27923 29940
9194 28933
28894 30291
16326 15188
12368 7699
16073 28498
9873 11955
29571 21843
8629 25055
35999 4686
11558 7835
16155 20479
6168 19803
9283 35772
8490 31094
7445 2652
32929 4171
3115 5573
38013 29456
17267 23435
387 21371
5458 38196
22356 35259
31958 21217
3975 35959
5044 26021
35619 26161
14701 18796
20341 16340
1665 27695
14747 4109
5556 16534
35812 4930
18814 37231
2115 2945
7904 33577
37709 2010
21224 3954
21466 24152
25808 29972
3346 28278
31304 7877
29038 38380
31748 33834
4880 26338
13333 31357
13735 33538
36988 31555
3719 14076
15139 13095
9955 29780
12119 24493
10035 39831
24293 9856
33072 36528
7414 9104
10014 29738
308 16871
21436 13325
6079 31000
29169 34990
38420 33513
38127 32964
37905 32086
39768 12232
38117 17337
14933 28645
30921 10834
10570 4679
11792 32087
2069 18893
38162 12233
18000 30650
5478 8235
35730 7984
33776 34801
32474 35064
34255 29567
25373 13144
10212 17920
3206 23087
31936 16927
4668 36047
32218 34051
15519 39592
3485 5766
8760 37587
34884 8937
2475 39084
7619 39465
31897 17335
16039 18327
27616 14845
24769 2092
5058 20647
11690 8946
13093 670
1246 32722
22796 17145
23638 14242
25075 7255
27332 36269
10319 14857
990 11433
22323 14301
25630 27789
38810 21376
5567 8393
383 10360
24566 2928
21904 28443
36412 11583
19496 23686
32540 19503
20178 14901
9487 26815
18031 33622
8965 25951
20843 27773
20239 1991
12567 35772
16111 9278
26062 17397
32309 19300
9530 1898
9891 29537
39836 20931
1414 28467
14692 7555
34290 25432
36047 14993
16555 33325
21808 29842
12990 14275
14895 36031
12431 5781
455 7756
23730 38369
13553 4420
36548 13406
10425 37458
7843 19315
29847 23729
33456 11737
32964 18253
14099 36393
34748 37871
9099 32482
37005 25027
8689 13099
8863 37237
34155 10456
23728 20638
36503 11526
22983 17195
34564 28331
11742 20092
3555 7320
19438 1582
37078 23421
31424 12079
13581 24232
22929 32941
30705 33543
31656 6339
28483 37201
33633 29299
35308 9289
35001 15250
23639 13027
32039 17201
31698 8699
15414 32389
7694 32984
16485 37995
27747 25683
17736 28338
676 36279
36438 17905
12897 23353
29471 1875
38869 5514
11182 28276
19303 33401
8914 15949
8461 16765
703 22659
14648 21883
39845 2991
20535 20347
9784 38441
18314 7527
3746 39116
15472 10667
38078 12750
25948 35641
11982 22002
11907 20600
20631 10887
13364 32529
31252 5369
26860 1023
3254 7115
37225 18213
8463 21410
34721 1149
32849 119
10471 3680
12920 15893
3481 35978
4834 13601
27518 15165
22933 21768
28815 15193
2494 24427
4511 17522
25005 20028
24792 25063
871 13004
15941 1195
8917 10292
8236 24372
21088 1491
29505 18881
14225 2467
22774 21627
20902 39017
35769 5375
25439 13605
33917 39554
1017 29101
36657 15929
22460 9568
15856 1260
10335 37237
37857 32069
7524 22309
32362 24526
28482 11279
31315 38966
30295 34493
2055 21801
16355 32390
28136 5026
7392 18938
18613 28196
17346 29818
27485 32315
16119 16549
6914 36615
23187 34255
18917 17702
8352 12203
19914 37914
6796 13614
37714 11114
10230 15093
4071 33204
29532 26898
20930 35486
22696 22733
23272 11419
26197 16733
11268 39737
32504 36731
18956 14353
37580 4988
21304 117
27765 403
2042 13000
20871 21184
21015 4266
4825 15929
33970 14227
3185 31351
13085 28570
26753 38320
37678 10612
16581 24249
25308 8618
27819 10798
18753 24522
29427 28376
5561 14490
26622 28251
10945 38848
37053 14435
25320 7851
16585 2352
38192 4218
22017 31384
39855 11531
11424 19871
24076 3204
35217 8461
14371 27320
14065 26284
25111 37487
17406 6501
27111 18002
20913 19798
939 647
6541 26914
23489 2123
2302 1015
12200 30999
39004 17062
28288 17206
36324 5461
14540 7980
15869 20224
3232 32301
28307 35601
28604 37948
10327 28653
27763 21414
5957 5173
32581 8732
25602 37730
4976 31686
2841 1901
17357 38
4196 3104
656 34708
14279 3767
39224 39661
5596 19782
12541 32368
16838 36131
8458 16267
24608 24125
21474 36428
15646 9289
13826 18008
17089 13932
21864 8516
30463 18083
17955 4635
13959 13962
33571 33028
1461 23621
18025 12192
24713 35648
6917 627
27741 20122
26082 18969
21434 7751
37895 26338
4857 9486
30874 1305
25068 5102
10052 305
20385 23870
4102 33945
15590 1116
24447 4079
19037 13943
17028 5257
3249 11660
4945 16825
37403 696
34969 30560
23587 33436
13221 24988
14775 6492
1760 8517
24200 3568
12188 26787
30652 18637
26019 21839
28180 24939
8326 37897
256 19553
27791 14344
5778 7329
18578 6649
10552 3520
39429 36097
26949 16462
13493 39538
36565 8437
14913 10017
27294 27303
21431 5038
5643 7752
35975 31350
4430 38188
19164 16872
39501 22647
26152 21072
34971 30601
23693 32643
9316 6317
28193 23092
8539 6815
5587 24237
37094 32034
7900 37039
2068 20510
37872 23113
23998 16397
30791 5173
33517 23801
39916 27646
4045 33764
16345 35799
16838 15542
30961 28468
23835 32757
36646 20542
9383 7513
24046 34649
3585 14086
36276 22326
9307 26642
35282 19394
36279 26386
3960 31137
32748 36753
6267 1417
14328 32186
16172 10386
17578 12934
8723 23036
39670 23356
16114 26322
32808 30900
26412 23653
22274 34343
13240 2795
18332 34333
33705 32317
5038 16020
19621 23374
17702 33061
20414 4056
26935 30965
24926 29079
21711 38666
25635 20376
11845 24468
38804 36881
5645 857
144 7436
28112 2487
20153 14257
12910 36369
12975 12938
16458 5767
11503 11661
8210 1840
17443 13981
36142 37581
36946 27841
35597 863
36373 8630
35071 32383
20413 4503
3494 12176
37024 22605
2949 4020
31461 22303
33605 28894
25077 4823
21347 30569
35168 37407
13730 18502
4616 22446
27096 13972
27878 27124
36138 19026
28958 38163
30253 34069
24047 26904
37547 38867
30446 39077
5079 22646
18901 4974
21630 15056
17354 27692
15682 10992
35608 21175
20634 39440
17223 28665
13307 16828
32854 7075
20556 13721
39174 27405
18826 832
4832 16272
18356 20150
31611 6675
36193 6961
29515 22629
19171 21752
2101 14995
35660 3855
616 6561
7156 15688
13033 585
24038 12955
36739 19402
12640 186
23956 11830
12077 259
15635 17310
24237 37575
22441 29291
31868 10737
25847 33480
14330 21544
33725 24734
30111 38852
3966 21063
24062 38008
21249 13656
28283 25311
14911 31482
36022 6200
33861 38155
4701 12964
15621 24093
30426 5847
15926 8364
4681 22657
11599 19438
21747 21751
14552 24857
30261 15946
3611 6841
31674 7493
36069 8644
7702 23757
38913 14831
13095 20744
17590 8470
21555 15117
16918 21631
25213 21307
5492 15549
19188 31134
9427 18460
20480 19676
6475 25698
18984 37707
27474 7335
26393 31732
29025 30604
208 12623
13656 5685
23274 24807
19067 5181
13170 18878
28428 18025
16881 12166
11471 34436
14896 4590
10689 37655
24712 13360
5301 29734
28686 659
4694 34066
6114 28480
23319 6810
24272 20550
33936 30970
39272 16628
23655 8265
26123 36234
23465 29238
36380 5371
12837 2459
23974 15149
4149 39978
14001 35589
2155 32077
15029 15967
9964 28093
4413 4542
6833 16424
31463 4275
304 34889
31945 32543
9277 14569
6817 8659
20463 29540
17631 4121
22346 1703
30266 12068
11274 35912
22155 22745
20783 23254
16541 24064
10055 6653
38202 22060
29392 21289
29236 37941
7569 1467
22586 22675
35652 13348
1920 17088
36551 26668
5306 29902
25714 29157
910 19196
2894 11701
30505 21404
34246 8279
35080 2446
38871 2561
35858 10076
31409 37600
38000 12944
25584 11858
33019 32914
23722 1599
5272 2771
27697 36509
29200 7362
2540 22010
13513 39054
7229 14729
17872 6150
32145 16082
6944 31679
23161 849
23358 38141
6925 16030
30457 19998
34890 16595
38277 30484
28268 30738
9512 37037
22785 31679
11278 5422
26021 1896
36874 26474
12797 9989
33765 2055
4148 22944
27988 17217
39925 22701
15116 12738
31692 26062
20251 35656
34108 10346
31239 6158
3172 30112
25913 32740
22272 7714
7926 9148
36408 6949
31639 28647
33373 37222
36444 34281
16281 38431
38017 4180
8665 23542
9273 6199
24873 33719
3110 13389
22440 17425
38099 25795
24670 16665
8669 18646
10012 14725
3280 34249
29744 30658
38498 35544
14296 9941
8398 13112
905 29145
15980 22472
38855 20282
24880 1422
4702 26053
29312 25379
4470 7723
2758 19767
12582 33475
32338 4419
11624 31234
5372 39774
925 21977
12429 11656
15979 33984
19050 20419
19068 20201
13776 12790
12325 38579
835 22221
28566 35761
15030 13393
3802 10251
33805 13769
31119 2051
26471 3218
24418 6341
30418 35975
18006 2916
36453 19100
8003 4649
7687 14422
3476 32170
21908 22831
32974 11264
23245 21349
34814 39290
26537 10447
6230 5610
11950 23053
33302 39185
33435 14100
32909 2801
23375 22683
30248 22750
32534 9551
29529 8985
31107 19635
31118 23431
17388 25272
21136 4462
36195 17585
16320 34131
15062 16860
21976 6690
5633 26004
37684 7626
35195 27933
3588 4789
8242 25226
5190 22832
33434 32870
3152 30221
10299 36002
37705 8177
14075 27074
21613 2099
37505 1279
25138 21855
35824 19223
5036 34204
34047 39119
21829 555
22917 13492
38953 31601
9561 17855
25288 26394
17878 22727
6950 24491
26235 1492
1558 4732
38523 30965
4993 27968
11057 19272
35673 5233
21394 19363
32606 6512
5794 7416
17622 39990
5974 397
3606 35809
5099 29712
18108 9872
15549 25468
20202 18046
16775 35978
30799 7306
12025 33989
14323 10986
8158 4848
26991 29778
4902 10439
39589 1426
36474 18312
21523 34975
13253 6988
14980 30803
38907 15289
31343 2376
20993 21560
23555 28561
4489 39044
39876 30815
3655 39689
32749 24914
33035 21372
16248 27399
11538 3622
13033 32036
37558 11779
20561 16007
33941 36312
6775 945
7379 17790
15730 3788
797 27752
24477 4103
5576 30638
8567 28981
11270 32157
6897 9611
26207 14438
37254 604
8560 20152
10431 26295
17388 15220
10443 32070
22781 5475
25159 4139
36996 15963
31611 7685
15034 38707
34276 15118
7318 11656
6975 9630
8231 36900
3154 381
2573 14502
9019 37667
8851 9057
35972 9907
9213 32309
22373 16035
2474 33491
39679 33623
2289 30051
27399 34509
21146 22766
27344 4498
8890 39738
7190 35954
39623 35907
26604 14014
34873 5731
6874 31820
341 23532
8448 25482
33772 27943
14977 35682
39968 18519
32246 39157
9585 724
10764 27593
28317 4595
34063 22659
17034 21758
32964 28902
26205 2773
11079 13828
16252 5345
97 10160
10663 2171
8795 24954
23684 25751
4254 10400
34862 34491
8928 30236
13746 2529
37937 28871
29124 12201
29193 36333
6558 30509
18244 23283
15354 17667
39479 23971
34175 32375
20491 10951
38418 17923
30941 13276
19809 29020
32871 10866
9566 6503
19740 27526
2650 457
31043 5432
24175 34640
39996 18701
5984 24563
24777 20900
26726 9701
16800 25294
21678 32618
33980 32926
36643 15352
28196 26290
32382 19011
30781 28981
9754 24140
16405 23649
17687 37429
35083 10390
10579 27853
36468 18941
17702 37983
8503 26792
61 8854
777 7855
844 25964
28670 1528
7299 26598
20839 9119
8469 26813
26190 16950
1007 10352
15422 28285
21979 35468
17687 4561
28749 36069
25718 17196
1331 27877
35626 3881
11045 1587
20228 5098
27315 36192
29266 4509
26227 17605
38642 19570
33746 29004
26209 16339
19629 14916
5012 30822
3077 32120
9456 29663
28124 21287
38571 21735
37981 7539
16880 17997
8065 10283
11482 31157
304 8282
6227 24894
9277 22844
1126 1150
33365 33820
33007 6541
1911 26008
30547 9244
5617 6007
8905 30735
26566 30401
25613 7481
11688 26409
29594 23489
8871 30287
35343 36512
18632 18831
800 2923
4596 12280
19536 23771
20692 25178
8391 20569
11101 21130
14314 31656
668 21512
39949 18789
21511 32049
15957 30600
25212 30521
8275 24582
11642 28825
8302 21477
24319 662
22587 22060
19538 10619
35899 30056
12092 21430
25206 31391
7818 13677
446 19382
4710 29852
32316 687
523 10836
34748 23797
23730 12655
15667 33450
13634 27958
30579 11111
10747 21860
8315 34737
15584 12131
3694 30591
11118 9568
15356 20619
3996 4559
13964 28863
20768 15650
33889 37016
26763 34043
24642 2707
10106 13942
21142 20146
31167 27184
23220 11829
19608 24433
36773 28386
28153 38640
29702 6158
31523 13776
11604 9703
22826 29699
38867 23840
26856 29090
16122 5834
22251 13263
10767 2875
35827 39826
33802 37366
28554 21892
36196 38303
13058 4490
13023 24852
11366 27509
29250 8829
24595 8008
30717 31739
4279 23043
24866 20785
39565 31352
2647 1762
26804 31203
5724 15250
17633 35098
34434 11477
9302 14643
23965 578
16173 14284
35799 1433
28700 769
35592 5395
25050 35141
8998 26426
21225 3022
28368 18375
27327 24337
1180 25299
23389 21650
30317 22733
11204 22981
28420 23048
25514 26970
16696 9297
8423 17765
10963 23970
38759 15831
38701 5254
34946 14262
10341 31537
18857 33560
35320 8847
19359 14470
14722 5969
28250 32045
31616 31741
37262 33696
29563 30084
26631 18102
26135 25379
21588 5501
38829 4407
27247 24460
15220 19592
26253 39049
33905 16916
14042 26579
38245 27966
24311 29348
27645 8245
29910 4856
3421 19262
14041 30934
38501 35452
11068 13821
12919 39911
6194 8963
20146 37491
21368 29869
9276 27714
32604 21650
8730 1356
27269 7719
39559 4251
5446 39419
19174 17859
23124 34979
14461 12620
14109 28606
34044 8053
33447 7418
15823 28769
36894 33189
24772 22052
22681 23232
21054 10929
20734 13719
31035 6880
21640 5610
39856 15423
28804 27272
27868 21718
10502 35765
17627 37844
13650 30519
4590 32357
29028 38135
37336 9655
3294 12947
10368 34849
22710 18642
39624 21439
15194 29174
38479 22958
35890 31134
28138 34831
20281 28701
7340 27106
33335 27810
22660 25190
4177 17549
25907 30138
35265 33334
6582 33130
32600 21677
3937 9203
21138 19045
21986 12338
24578 5678
33864 24958
27586 27291
36904 10326
27329 1547
29261 16931
36829 34055
34928 31668
3197 9658
23495 981
33428 19088
24732 3773
20669 2893
12547 18995
32485 22456
19437 31336
24850 39690
912 36695
33022 20272
8850 5066
15922 38793
32592 19371
6431 3646
15116 15046
18953 38268
22289 12511
3795 27372
37000 12230
27128 15329
17183 12530
29515 14560
10110 14503
8125 5074
3384 25866
13034 28135
24121 27028
28862 23931
30742 33771
10206 27217
13705 313
30272 11044
22663 27821
5442 29393
17480 21786
10047 7943
30518 37867
25990 20028
5958 6297
28129 26911
19241 10967
28899 8105
17370 22278
29812 20921
39899 1291
25510 23913
34268 6189
39860 13427
33783 33516
18733 2649
19875 37993
35950 20244
23726 13574
17816 15528
19841 33282
16679 15007
30100 20610
16735 4971
4098 37007
7829 29868
24682 21523
30422 16952
27764 3113
15509 32222
21134 18404
6749 22894
23004 29225
4825 3168
33368 11079
8077 17484
18262 17463
16815 4547
20496 31612
18884 29070
36454 10399
28881 31844
1193 2424
37785 32510
33785 19997
18037 34088
36927 27979
35925 5139
36248 1082
16488 4584
1699 5695
38496 27508
516 3406
34729 34257
25278 25970
5642 17035
10302 18557
37341 14381
24710 400
2006 4781
6257 3333
7522 4699
19484 6828
27592 39081
31125 12035
26460 23112
30256 1929
37387 13583
26759 15215
27078 9511
8411 944
8202 21617
23917 10290
3395 38649
13252 31615
17860 866
35795 38675
2902 3766
2295 38876
7976 28910
3020 16721
17698 32035
33452 4359
18004 36502
20076 9790
37304 14694
20989 1352
19276 6482
19631 8648
2349 26223
23700 28150
16214 9698
21940 20191
8976 36933
26384 14924
27013 34712
39021 26132
2504 20446
15145 13609
17677 35736
18720 9701
29549 23831
31116 38794
18067 23751
7956 9738
18972 3411
2303 21702
9021 33699
25939 36264
14966 38164
3603 6908
31723 26978
25677 3023
35007 9448
9191 36957
12871 5420
38563 15705
33350 16979
37415 38734
39488 36875
20698 12427
24459 27016
34814 39553
39033 29859
24870 28523
19111 7129
8015 2656
17428 17551
9273 36228
31160 16471
34600 25771
16790 18715
26990 22152
34505 32300
28954 13797
19641 10850
35989 651
17420 30365
34 25165
17495 23402
17201 4008
29219 29409
8078 13309
18705 5205
19436 18835
25085 1466
29333 9706
10901 10051
12084 33558
23119 30615
26572 34998
17940 19898
10585 22036
11007 25681
39965 8894
21962 12672
10032 39087
21092 22470
39070 29489
2549 27112
7464 24967
604 5328
10415 8628
6563 27224
10350 9207
22462 24237
12744 8531
1670 31870
2790 4564
10724 30398
37668 15208
14132 14231
30470 12526
1236 39564
6425 6752
18939 29203
36784 12715
30855 11598
18342 36262
15736 33470
14791 15976
33317 5201
38836 10488
29686 27955
22315 21360
34453 29799
36593 35735
35135 2247
30330 2141
28349 39845
26325 16389
33585 443
24822 1494
5574 38482
36559 31867
32166 37055
8484 22804
10552 2359
1467 27894
24531 20995
1615 16239
27102 10466
32685 7656
16579 26196
35468 21189
13061 13442
16846 14946
10173 24165
28059 38725
29796 4131
2034 730
30306 14469
23349 15494
17609 36772
12838 13189
28000 14343
37372 10490
2252 38911
21566 4816
37607 24493
4125 14289
26225 25395
2329 19346
12712 7296
19584 6318
30676 11980
2366 13008
38 615
12 10082
30440 13293
22289 20936
38185 13026
1590 14610
26164 29730
10414 25433
19147 30230
12806 20266
31915 20166
38638 8226
35844 10146
9503 25828
14477 35031
10004 9555
7841 37839
3976 30679
14104 30364
11750 35520
38588 632
22627 22305
31202 21361
32840 8021
14996 7679
37821 6387
15076 13656
16148 25469
24368 3124
22155 13760
13141 29996
34883 36885
23927 3150
33560 18232
35609 223
14514 19717
6915 2130
28061 21010
11793 22312
31625 39896
15833 9707
38003 11293
22231 16344
6872 18329
17183 12264
17429 36408
10931 16462
4065 36838
8576 8643
14373 11440
36845 28761
10182 21788
37554 0
23159 29665
1309 7772
21104 33855
23121 2874
1877 32957
24802 22916
577 37052
23861 10153
1482 35602
31822 38539
39168 21987
29503 16679
19197 32
588 27825
9384 35642
29981 15542
29092 5656
33333 2708
15726 34919
4354 29441
10299 15479
37843 29004
16270 13957
23452 4547
32543 18893
8523 23740
1214 23297
4798 1625
21515 6174
7152 893
14106 2892
17222 14006
12161 31244
38388 35478
34635 28557
30141 14646
18673 25546
26145 26846
7266 23946
27187 18569
12342 8070
39152 28143
17799 17931
29486 18450
1251 27681
26057 837
3219 26679
22710 6568
2621 13004
19077 10297
27125 27174
2150 17865
5902 7149
32048 23932
11051 6524
30030 39597
16450 30393
20205 39797
19485 26776
14619 1631
25082 10034
22880 27527
14007 36151
11604 2937
26731 24530
19102 16733
38362 17315
6172 3766
16574 18384
7742 38027
39077 15524
14185 6837
24250 12259
1240 36717
1340 7181
13382 4058
30191 29058
3709 13187
12041 16576
16488 22203
34249 26353
4798 20096
443 39291
22523 39969
26017 32320
3461 32224
25978 28093
3167 30575
19912 17986
20183 17698
28193 4527
32504 27919
21479 2720
17325 10558
3855 17628
9986 31943
35133 31105
29977 21412
6382 12224
9814 6741
5436 23147
39196 38616
31952 34617
6797 853
5075 24416
7795 37506
38211 1762
6900 13372
4885 14885
31425 294
385 36902
21700 29155
18860 15194
20493 31353
7765 17838
20749 19226
38399 33371
20859 36254
2789 32100
22790 36086
11862 9439
9073 8740
16284 37037
33579 10650
7131 18373
20343 30689
12727 35424
38449 8220
9848 34059
10926 11187
11541 23106
29141 25704
6175 28596
17980 19379
6085 5472
7163 32101
27664 6623
7029 35858
32042 2408
22687 26776
39912 30751
31086 11815
20402 7171
22007 38736
21219 23666
3495 37587
9238 12110
32714 39334
7834 14750
11643 39609
38716 19573
31242 21528
19730 8713
1426 37588
11324 676
28529 13847
27181 6430
34569 35043
36590 28921
30819 3552
19753 23929
31075 27171
18681 6661
7844 20002
10620 17040
26111 6912
7589 16020
2409 36325
33014 35787
5064 25207
36476 5681
13869 31191
15992 16073
541 25271
3037 29588
34233 8110
30841 23517
34156 38133
9287 992
1992 3234
31889 21181
4528 13647
23539 32053
15983 39037
19923 36973
1022 23883
36593 20279
323 8316
27552 16117
20591 21352
32519 22736
9737 8530
38917 13741
13845 34
35000 35316
22456 22852
10223 9264
33010 29516
4280 26075
13799 33058
19326 3621
27703 9348
34402 1453
36022 15009
16948 26625
17373 11072
3475 33885
12589 21118
12112 22238
19006 4356
26313 37615
10190 28408
23975 33098
16754 39699
17062 1749
3418 1401
15625 25775
25673 26737
3952 39513
1555 4307
11407 10222
8214 34755
12110 34866
267 5619
33219 2202
21287 9676
19638 38621
14727 26239
18583 34104
7354 19765
18051 2531
16753 33710
23381 23253
20944 22483
36880 14536
25056 38601
1561 16549
27293 32173
21463 11330
37329 5430
14585 15766
28222 24257
26989 39630
30353 18864
1917 35127
15096 30154
24335 26494
9956 1061
10610 15726
2216 21190
30716 16026
8492 595
36383 28173
35150 5559
16524 11365
8297 3398
26848 39392
5006 31251
11401 37804
21440 36110
23638 6046
6843 1254
31365 15897
36393 32089
24607 24306
28314 16722
1516 23837
12418 20063
22578 31629
36537 12426
7279 37147
14737 20834
8848 24719
34370 36580
752 38146
14672 5216
1810 15707
17340 22519
24742 26615
15603 19158
8917 38791
36468 34692
34325 25196
12506 35117
21657 12733
26413 29369
4774 27219
3990 22532
15141 38428
33459 6929
33064 24279
7437 24460
17518 2427
24948 10377
20713 28693
36740 26612
6711 1965
17027 8994
37744 24935
3998 672
15285 6764
16056 26715
3759 4579
19932 36153
25474 35340
37306 22984
21459 3446
14662 39165
8675 7950
22171 35669
32394 21868
37938 38846
11598 13172
340 24500
27105 36930
20849 4125
38556 29205
802 7669
32300 29996
6130 31589
21972 26266
8370 14821
1494 16094
25185 30138
38852 5508
25706 13637
3208 23997
25539 36482
13393 23397
11452 6145
39757 26355
7447 34184
16487 16171
278 3879
11684 13519
15251 19999
39375 339
26759 26803
7035 29767
12003 10206
39270 18295
21447 33434
19089 4918
36128 4375
39426 18166
24654 2785
27880 11492
23864 8768
37405 21130
35503 21110
19125 39557
3013 14851
3302 21520
33028 31663
33762 30382
9555 32942
30389 30989
33671 7839
32334 5862
1278 38689
38575 4695
9963 19136
26842 505
13934 31163
22803 6096
33897 19378
29233 34411
33288 18472
29096 39615
37 29769
2600 10717
32518 7386
21180 34269
25940 33420
38196 30475
6154 29879
37191 15520
30978 39442
10868 15575
19094 21530
18764 30931
35341 2803
36540 20495
6276 6551
20407 16235
33258 20651
17878 8647
16210 26788
2790 4752
22059 37895
28517 5403
31599 9436
20751 32244
11962 10700
24041 17112
21037 12239
26850 27252
15382 2457
12817 9700
19767 31478
24373 9226
16276 37504
8036 17579
24615 4352
2020 283
3853 29854
13016 32602
22645 3827
36781 18850
20028 39517
19045 33225
34023 23923
4771 4868
30037 5532
32736 16052
34460 2757
5907 19195
16445 17585
24340 9208
20015 31267
13105 10155
17198 21937
7803 21624
24228 39801
20014 22111
16430 5334
1248 27375
22798 16391
13507 11659
13710 11027
34082 12735
36353 5046
20692 22916
5701 329
6420 16836
12326 19483
16307 39780
11081 5244
16807 6370
4557 9804
39155 11075
27001 38478
34087 327
3665 16982
25368 24839
18755 1830
16328 5669
19503 37174
7162 26253
1453 3389
25571 37389
11499 36706
10374 25020
39062 29169
36649 32031
39028 21389
37983 39606
23744 23035
3146 26321
7306 4919
35586 22457
13036 36157
11042 20955
5590 33797
678 9917
26651 12200
9820 14729
19644 6726
8579 23572
29180 17534
21763 20228
19953 21179
15912 39567
31969 33964
7792 22403
8789 19683
35113 13358
38379 20173
35019 37005
10342 25363
30360 37596
32706 3222
38680 13842
8567 1500
28025 23917
17274 27036
1624 39704
7039 5703
10496 2449
23039 35711
21131 8714
38939 1114
32927 37075
10265 28650
34553 21918
2296 791
35119 36738
2091 33931
2580 37985
17172 23001
24332 30532
25339 9729
32864 23607
34790 17142
10650 397
27492 2311
21235 25914
35614 36138
20311 37116
3122 4694
24371 26964
30842 30585
20734 15359
32160 22234
29674 36471
13714 39422
11618 22290
19877 18265
18470 3230
38599 28530
24263 31517
20280 39946
24312 35789
31284 7669
26099 1799
26692 15688
18058 3143
38350 36026
39119 518
37065 19197
23411 38918
20866 15962
33636 2800
75 13992
6341 247
6138 14256
24741 2469
11588 37957
4935 39165
34245 28635
3820 4025
11231 38213
19943 579
37780 33071
30344 1220
32874 29161
35137 3614
6334 5549
4396 14661
23102 34018
13983 16826
29647 24903
4461 11814
5710 24932
16395 30605
14888 16100
19687 37204
3601 10466
23210 21433
19600 6605
24257 5386
18754 33164
17323 16199
10935 18166
11718 13229
18868 10786
22087 1523
27864 26757
7109 29889
15641 24936
34902 8023
15237 24212
22469 12575
31933 13550
4657 36790
7410 5459
30087 26519
30467 33696
35850 30771
30845 4622
31946 39222
14128 16811
14368 23394
19275 35687
1100 18175
39508 15757
6966 7334
3289 34005
10814 18008
39790 27918
38211 37909
10343 10042
7354 5778
10314 20838
36422 28402
24032 20176
27760 49
21548 33263
38143 34028
15025 14058
14843 18044
20915 37133
4920 8788
2480 31516
10681 22551
3960 27485
19632 6204
38750 12671
17393 31583
25491 39727
2526 9665
25392 34641
33 13061
35950 14353
10375 30771
4545 27860
31151 30481
35684 16849
17442 29501
30899 13341
32302 10176
10469 15507
28665 20612
8977 27581
15599 33096
20941 31074
2253 1083
30412 33038
33198 8679
22624 20758
32408 4798
33914 5460
1836 10287
36467 11153
39538 33507
38575 4064
26044 32969
19443 29614
24222 32805
31735 38070
16071 38321
1210 7486
17465 35401
24313 28645
17675 29162
2680 39830
3098 30063
18826 17820
25229 38449
36663 19570
3052 38302
14515 5086
921 7223
22729 31885
8915 28238
7607 15918
34347 26015
26090 4649
22251 26179
35385 15110
1177 35863
29284 33754
10256 5054
33013 35833
16030 4979
1757 32916
4368 4207
9588 21070
26325 8515
485 18620
757 5934
15076 1930
34745 20820
16894 13689
21439 12498
1410 37478
23776 35616
32541 11082
14625 13224
10520 38322
15531 34758
37069 24818
936 21805
36757 29660
6606 24033
27320 17670
13339 27005
23850 18735
10426 25830
814 36037
15460 29012
16733 8374
17189 29577
30541 23898
30781 21631
19816 25089
13392 30081
34727 6557
2564 9816
2596 25760
15237 11830
27117 8269
13346 8941
7790 8483
25510 21087
14173 5598
14457 28266
12409 39110
20096 38493
10714 16006
7577 6829
7913 10052
19477 29092
11615 8301
26860 7670
26826 36845
13943 25573
32071 27904
23198 1770
31015 20543
8346 25909
30337 1805
39748 14781
27450 13047
4252 6711
10258 12020
37221 7386
38793 33193
21330 20947
20731 25175
34667 7621
12374 31400
30706 30385
36118 17793
10489 16289
18089 36307
27998 3081
38140 17175
31576 12044
30319 5847
33424 29529
17946 5737
30078 13807
6500 18367
10952 761
23719 12129
39351 24668
20021 22094
38399 35969
38860 12311
23428 23941
15740 6718
3054 5982
18390 32730
23641 34951
16471 24351
18317 13338
39464 4168
20076 26502
33330 19636
12205 14878
14314 1801
19602 24149
10014 30778
22785 4447
1134 12698
11976 27097
23030 89
1846 39508
6475 773
32820 1821
24311 7635
25704 11848
32986 34322
24729 39894
8051 7074
19890 21210
4937 19451
4961 15753
19369 29929
31462 6901
6268 20871
20468 36306
37690 5965
20614 37027
9302 4019
14204 25761
32578 27452
34701 36976
25897 38471
34514 20093
22583 34440
24954 20935
8279 33255
24536 19855
15022 3106
20225 4691
26474 24726
12068 5732
7443 33849
27638 15220
17499 33614
4321 30228
37540 31695
38666 5341
20445 286
31188 31128
33705 38978
2095 26755
14967 5348
10474 28890
2886 26494
19173 24843
22891 32800
1278 24348
36017 5555
2694 15084
19865 37978
13745 24859
22435 22394
36889 31003
29901 20056
563 925
25114 5874
39588 39883
2959 27168
16610 23117
38794 13070
22335 7575
4000 33283
36954 12239
30136 35541
9866 2770
39878 9094
33726 25078
32165 290
15291 9073
33662 26816
31515 33325
36018 30707
3711 34223
34975 15029
7755 645
7510 20987
39906 36283
28629 13033
27541 12533
17126 28185
16812 18940
1888 39123
33015 10498
29667 33968
12729 6650
14215 37222
30305 36738
9219 11323
34393 19088
43 15397
9953 25918
36356 13555
7474 9290
15089 16994
11224 12041
4822 8494
7694 26669
36235 29659
4763 12941
20911 5776
14210 23351
33041 36423
7589 38143
23987 12937
25607 12594
12812 3064
37825 4080
6023 17226
23496 298
31938 14795
4389 29608
37073 34479
30332 24993
30175 19502
37517 10851
39840 24967
6080 3645
25814 6566
10203 4243
5862 26835
39055 29150
35828 4615
29061 18021
19299 15097
32566 25334
15208 27261
37319 38154
36465 30359
14221 37271
37906 36771
11432 24827
33406 31837
25367 10070
22819 26111
34056 35193
23073 28226
7964 12029
2297 15481
28410 13412
16417 35181
29051 36386
27330 17756
11479 22583
22063 35782
13246 28210
11298 25689
7603 29131
2702 24082
10311 38919
5076 6113
11979 39175
22124 32092
19250 16742
96 11075
24913 36607
29199 22014
26652 25381
7890 30887
1177 9268
11661 19123
29038 1581
19487 16612
31605 33314
26663 19345
28581 29938
39241 36870
5771 19506
36642 31449
18729 13467
16639 6412
2951 3117
17123 14323
34015 27959
22036 11461
3414 24729
27256 7789
32050 38435
5718 31188
36707 34283
6529 21232
1861 12847
10836 22660
32044 31644
34935 24293
37644 38270
33155 6540
32931 19918
13785 37609
20966 18585
12617 39386
9714 38790
28971 20735
37450 33197
14126 10020
5376 5668
13977 18342
6942 18776
5914 36282
26648 31338
2407 23156
21009 13471
13968 163
13818 34615
35064 12555
26410 27592
18217 9737
7081 37532
1908 13856
38902 2961
9765 6097
11020 14126
33384 15378
17517 4212
22779 26432
38721 38416
12338 39635
31836 17107
1180 3700
28946 9341
17542 15481
35939 14076
17075 3470
6250 12086
18505 36348
29781 24708
27764 29636
15883 21966
2159 4212
6563 12575
24223 33757
16665 26757
16824 16270
8042 23862
21663 8856
32469 31859
29268 25401
33953 4156
27990 18526
18798 37087
37377 1237
16300 33895
7504 13551
7120 12093
35433 13621
39655 30600
21600 20376
3981 22900
1907 24688
1702 30029
9492 17503
3980 31824
27109 24060
24385 987
21662 37038
39709 24485
36394 35398
1675 39672
20815 15458
7627 12549
3482 36017
6887 3409
9556 29593
27505 20028
24760 30877
5791 1523
6907 24551
2173 33962
33646 37120
23723 27934
38640 32460
14707 29040
21089 38996
31144 37020
31315 15016
39836 3009
19149 31718
29238 8878
33126 1118
37794 25229
11400 28656
32968 26220
34596 31103
25605 3659
4775 816
7093 735
3567 2231
18577 30465
37142 27150
19358 7456
33246 7785
3590 32296
36121 22025
19798 6167
28579 24787
35807 16133
36869 33131
28599 16821
38783 14040
26910 2461
174 6743
30795 31243
3935 6297
1753 12027
5200 1410
7808 22586
11376 32141
37625 2208
10180 29711
31201 18128
29811 38080
14558 19418
36477 14502
33919 2354
30053 34736
15810 17703
816 32745
37704 12194
12476 39370
20762 26865
16542 15644
23924 33161
28387 33321
31601 19724
12583 13795
16250 31454
11076 19966
34639 23631
6308 36689
8888 8150
28170 6843
3944 9246
16526 37514
37226 7558
7541 18856
17508 39847
24312 20799
7861 30299
6312 35920
18996 29987
29499 25728
3341 3551
1471 15492
37232 10176
17645 5661
1292 5940
31425 39737
23435 26136
4101 7536
4737 2475
16815 21146
252 28484
11487 3118
39794 3406
31552 36887
24054 14956
25440 1961
8521 37408
11647 32090
33329 27958
13044 30738
12630 27332
9541 29115
7403 15058
8530 33041
14096 13643
21026 25860
38960 25664
38932 9895
30950 7546
33218 28233
2354 34574
6906 16655
31461 18794
6861 984
21958 7547
35836 31215
13723 39652
33508 35967
19699 27624
37734 17629
1159 18177
17674 18116
9869 34662
12098 32690
35564 8773
2521 17308
38662 12159
24624 785
25144 17818
31498 13064
34370 30158
20314 29333
31449 23810
14685 15068
3705 29076
3044 26649
14701 32159
5481 15563
21395 5389
11834 33331
1447 21170
13476 3136
993 11264
16717 27384
10461 9691
31630 35901
39775 3974
11336 25108
9678 7542
4108 21548
11872 36994
38814 5402
6877 29860
30046 7478
8566 18899
14625 2277
31855 37917
24100 2186
8747 11731
16884 13388
6871 20586
6813 34939
32609 8551
35985 4563
31814 23995
12668 24126
7437 696
8706 35657
4906 27794
30262 25224
23610 3366
10420 16153
2305 28731
2352 37792
9860 6226
35569 8031
31068 28586
1217 1608
33986 19303
11604 26844
15771 16989
5458 27202
8599 20069
13857 20328
14922 14951
14333 10317
21259 656
26494 7511
22902 21490
33284 13603
21179 24908
25792 5596
30615 18470
31168 4817
15285 19977
33061 9155
18584 35319
21336 33750
14648 15290
12172 1678
20406 13563
182 28996
27999 2191
14230 35471
1547 32142
19267 11843
35268 14973
25829 37730
26493 28609
22454 8949
19035 31703
5422 34500
5367 869
28046 7508
36044 34279
51 5465
34220 34788
14883 832
39309 20680
22984 4089
14032 11143
19319 17009
13333 26832
4991 12377
14205 10126
36356 33392
11283 38296
17586 25816
20528 29921
6817 25458
34964 11972
35474 28916
38907 11871
22383 26658
32753 30246
2796 7074
32362 19512
32914 18710
6087 2254
1422 7970
3251 7027
27478 26670
13978 12060
16896 39846
6981 12615
24392 32010
29939 15253
18330 8179
18747 12983
28878 37405
2537 29506
31706 31913
26952 28779
3309 19101
34395 36561
7369 32350
21312 18079
27466 1961
32495 34261
5209 14045
6399 6973
38695 32756
1145 35023
18236 26516
37799 31348
24081 19347
28787 21879
39618 16412
13328 22576
23884 28264
35008 30608
10324 35898
39440 39762
23998 36248
30984 1307
9467 37297
17975 36047
11550 15800
12889 7772
38889 457
5886 14930
16576 28409
31503 1285
3661 31235
18699 7549
28395 18723
39144 11620
28413 35745
25692 18902
23486 6494
4168 16830
10305 27769
3857 12146
5474 16015
4089 2883
31808 39077
25406 8883
4955 19153
17069 24719
18375 18059
11795 29974
16359 12917
26441 33402
13213 29807
9654 2130
39357 19409
18303 3981
6864 22540
9870 14616
15827 9284
14304 25920
7118 11838
6464 20714
18727 8132
9973 717
9872 16941
19296 4376
23957 14937
30058 33472
26937 6880
39855 34177
19735 37883
19704 5565
9444 28117
9654 6600
1832 27843
35773 27488
20264 39067
3488 17210
11511 14525
25728 29294
18510 26318
2704 33794
28242 18516
19494 38947
29692 17909
25550 5157
4658 213
34749 32749
2030 27326
1724 8251
18896 20391
22791 38051
32935 11534
32197 3572
9581 35260
35607 39445
7797 18691
33207 27429
30714 37741
28838 36270
14054 27556
21668 10505
12249 15109
36042 4044
21403 36044
39054 8105
18450 3172
21964 23961
17333 34160
35437 13117
35074 23709
27538 37928
23658 28531
28388 33201
24474 21223
10239 11058
39465 34811
30860 34903
29516 20857
14714 2414
4018 38196
35055 14224
3382 14651
27166 35595
20400 13452
12953 19651
36238 25725
18618 24189
19651 7649
16665 22003
37057 15715
10277 33644
16225 21961
14149 6146
20931 21366
20973 8852
24056 16867
26921 805
38005 13713
36941 38013
39118 16542
8544 24610
16946 9095
36214 26256
30202 37635
5289 34566
19473 2642
36320 16985
32475 18292
23574 8139
37356 12012
34212 17310
4693 30085
34348 27401
7450 1060
25446 9914
1752 21384
11538 29100
32046 32288
27163 30064
6689 36865
33493 8934
38823 18849
36465 19168
23485 38376
25813 1150
27303 12730
14229 5530
23423 21833
12073 19475
17010 5650
12011 11193
23293 10231
22133 14241
37358 35328
25908 32810
14757 10234
7769 18476
16111 29742
32724 12399
35924 12987
34457 35781
11686 24271
28849 19474
11256 5890
6121 24936
18789 33889
21931 6224
9960 32599
38265 24296
2593 2425
23251 28329
1870 4991
524 4568
36789 32590
33125 33725
4262 15395
15029 34265
6686 28350
2350 28361
34592 35033
39208 29721
4184 27780
10576 14532
24691 18981
27996 8040
15152 4358
22685 2519
11036 14833
39002 27057
35893 3415
31460 38463
24289 10111
29699 19822
7794 37685
27973 14291
36985 23617
34764 29979
33796 13514
39209 38382
33197 11446
28594 19659
34952 10864
5122 6395
1468 33513
23461 35573
33518 15810
28290 31927
2967 16472
25055 23017
1802 10961
43 25456
7878 27800
962 25697
33592 25651
4119 27813
17218 15066
27865 33968
21437 25172
18265 37479
10646 18035
9650 9730
20157 23100
29968 35070
2370 32150
29333 9436
13184 28335
14 7956
15022 22451
16986 1121
37999 26931
20227 27016
12014 11264
1016 10901
4500 10409
10524 34558
6594 5516
15046 36698
37180 891
19660 26620
29800 17102
4426 39562
10950 9573
32033 22957
25426 33
12156 38521
35996 30248
39681 9812
34709 39478
37693 1283
13647 37394
9705 19871
1237 13582
10037 23435
215 19900
32179 8421
23397 28252
6472 12846
36863 9226
2579 29804
15332 3064
11572 18984
2028 8343
17894 18013
23988 19094
18010 36445
27889 39919
19778 27860
39991 22159
15586 18997
36355 38371
34487 27364
34014 7590
30125 29483
10395 1649
13789 10349
32352 4200
16367 22856
26288 9878
7581 2933
4560 34556
15900 11438
11874 4705
6696 5034
5762 1271
17150 37316
3950 38390
35076 39625
24517 28803
30383 35585
39367 7229
26074 19338
38224 23935
9666 17054
350 1396
38257 5526
19 34676
33847 17110
4565 31371
37106 10745
8775 10210
20914 23745
14465 7703
33245 13117
17444 4240
15895 25560
25683 17501
25898 2935
29168 16416
32806 37828
6355 37996
15093 24735
8754 33774
10615 9803
4649 24742
22561 32859
3005 21687
2027 29798
11559 21562
7916 10231
20732 31429
36170 37533
8724 10541
18492 30357
15605 2729
28753 29159
6708 3537
14266 27685
15405 14870
37886 14313
9558 15618
23159 34005
32790 4377
6144 33661
8272 38379
25781 11008
35692 27856
19927 14689
26436 35833
36390 26604
37632 32
25023 35349
33755 1743
24141 34509
39907 1318
13710 2037
34131 20985
35911 32021
15257 6114
11342 35876
2327 27132
5042 35751
10652 6134
7738 14774
35424 38598
34873 2845
26970 25271
8571 17612
23300 39376
8587 27290
29217 4399
38980 4856
30872 13971
8923 30855
9897 14943
1261 5121
29187 10650
33719 29060
35691 39017
26827 14399
8227 5496
1513 30981
4519 36061
36967 28669
23314 32127
38923 38056
2243 29733
8622 3859
27557 39504
29588 31057
651 19644
1321 17932
18022 15268
27169 16194
28981 21951
10394 39667
10854 5753
18815 31939
19549 25459
27777 6851
21018 26796
18791 1870
33673 7206
38553 28184
15293 33041
30290 14312
39673 32166
33468 32714
520 16851
20165 4727
25308 13157
32552 34491
32126 7546
2333 21021
34574 31053
20461 15563
23620 39246
28297 4025
32704 22440
11641 8260
12634 1893
26341 21271
31416 20461
1176 8237
31828 22142
24991 10291
2011 7889
21603 25607
12721 5223
25154 31197
1089 9843
29400 29749
18542 25659
11622 10968
35132 12889
5686 8633
17905 37928
8177 26452
36902 9385
1802 36106
24110 4410
38368 23067
5808 35223
18498 18058
17705 12910
23824 28033
23914 6982
38041 444
12664 39047
34503 17468
21932 2274
39858 22180
9522 37481
32540 4818
2916 31131
4896 12105
28251 6497
28083 10417
35004 25903
27159 26884
24121 1444
2752 17753
25041 13303
31274 12049
15749 7926
10209 7085
29756 23804
27170 12745
17524 24605
28441 36251
23995 36227
16650 13481
32732 9962
26109 4540
15104 27628
24752 34965
17205 23023
8707 34013
7219 16186
2154 34817
38109 30952
3418 15976
15735 20681
39173 19917
10440 30096
2488 3274
25879 28476
22290 35400
34476 38177
415 24718
11463 24449
35043 26055
11238 15821
8471 731
34300 5286
30172 1599
8094 13788
11058 24857
20705 20329
24675 17177
16717 1878
1050 32162
21826 21388
16551 16361
29409 24681
31308 18007
18559 5732
22589 30941
8774 19906
21155 12244
8572 37191
15567 12513
35833 23656
27197 29744
8899 402
8799 1564
20228 17848
37690 15253
15727 31844
20312 5398
212 20213
15641 26246
25999 33844
29603 2173
8913 18450
35569 39895
27589 31546
12458 14461
15634 19694
35175 4716
23674 31691
27352 24236
36549 8828
36696 11260
7984 19346
12872 28285
33351 22132
15829 10629
4709 25391
16619 18223
15884 4777
10599 22778
10140 34976
19937 3409
9520 6
15830 25280
2097 8180
7773 28866
937 20250
28270 30042
22145 14839
15720 16119
21689 17626
28425 7775
18074 10813
39427 17465
11354 22087
30114 38149
13186 18462
9987 8609
3551 36293
3667 28572
36332 3543
29140 34538
8343 22871
21976 18047
16997 35300
22241 11317
35180 34753
33385 6873
23053 21802
12687 6412
28043 27948
4010 3981
16850 30968
24709 5646
33426 36426
13947 25996
9431 29634
5444 17802
396 36117
32771 15828
27772 15814
12904 37129
32535 16181
12997 24765
4919 27712
12477 28332
36969 2597
14185 7749
17353 31339
2795 14357
31266 19101
5714 6846
22243 32250
39196 17899
35250 37327
1116 18697
23621 8510
24521 18150
35487 3429
34567 3943
31950 20058
23251 26125
30548 32820
7117 8060
31590 35382
7624 927
12112 27350
5476 4911
10253 22613
36441 31145
18999 4160
17416 39404
16225 14692
29091 31821
19744 951
9051 7437
16495 25956
18781 19028
30486 27142
32845 7083
28046 18370
35418 37173
39963 23937
10695 11318
25424 21552
611 23940
2452 29312
13378 2730
19242 3959
25301 29506
24839 34132
24259 37074
32743 35547
37807 22135
8306 5460
13659 33767
33128 17901
25394 31936
27500 3930
19744 36686
36672 21469
1746 34507
7292 6006
15847 17241
27061 274
7223 11703
22013 31107
21150 31555
17515 17681
24389 29967
1984 242
8815 18461
27826 21907
15544 11511
33993 377
4872 25666
20508 27415
13382 17275
10801 16430
20216 29702
29230 4909
35436 16168
10454 8703
26510 13202
20048 4925
25527 8359
35896 25650
32825 6442
37191 24050
5517 4220
31217 25424
11516 23204
2436 26863
7272 26154
19030 11087
17555 37180
39577 20400
9042 26270
13285 31536
27768 38305
33392 29237
8966 39497
33229 17987
31563 21144
16273 36672
21897 7168
39664 18680
21888 18570
32208 35874
805 34712
20547 15323
37613 17073
6067 8645
38513 24696
38161 17394
23240 32917
23712 2462
25292 13139
14711 4265
16382 27525
20049 6495
34887 18815
29473 7909
15587 7427
33967 14294
21110 13554
14202 25857
17738 2141
33067 38296
24148 39077
2358 1854
18481 32395
27427 38019
2016 18843
344 37740
7798 20929
31414 3314
30289 8188
13097 10039
13594 12383
38559 37043
11858 7604
25284 22706
13486 29154
10512 6525
10841 1823
25227 25512
3912 6601
7155 8885
32403 30922
10224 15618
28068 4212
7957 23712
19301 30155
693 37051
12273 35914
12042 35723
33110 1370
22313 15451
15364 12285
8408 26151
3961 21866
34359 10341
19472 49
17859 22450
31144 36723
28832 38886
3148 9928
7862 14924
35356 1864
25596 24166
32971 6444
17844 25915
16410 21416
21237 23516
33111 4948
747 13537
36383 15088
32940 39399
32095 38664
8901 6914
16517 20655
24959 7909
36902 39722
37203 24676
25390 13267
33737 12764
8425 33306
7754 8599
15990 32167
5118 29875
34683 25355
19922 1488
8419 13980
14552 29850
3092 16935
38302 37899
16602 6436
36889 14772
32380 27347
38518 38479
2820 31680
8358 11889
1540 6323
20810 1903
18404 33223
39991 17287
23489 35020
33597 15630
14827 18756
2001 5024
4151 10510
23935 32741
22441 4752
33143 29707
31952 32302
13917 33449
18399 10563
32634 9595
29747 23409
5976 15313
15568 32290
31125 30109
22473 36297
362 4247
28798 2604
975 8799
24574 2619
37276 10987
17397 27744
38653 39989
33457 18167
22986 33562
4779 20863
16570 25797
3150 18213
2233 35958
13141 8181
22033 6891
9740 33393
37305 735
27509 33722
25722 36466
29235 5929
34054 34479
16816 667
24811 15847
3831 30284
32089 8937
7100 26748
33898 10924
27549 27805
30055 1860
3467 7058
6875 31260
21446 7569
39892 38108
36003 21019
37118 3754
5623 32854
35477 18876
14628 6625
34590 39225
7110 36366
34648 20041
10136 9557
20167 10011
38718 6950
29455 29656
21840 10225
13713 23491
27558 12016
20796 29710
36503 11573
27414 20725
18139 15999
14493 37207
36640 1391
4768 25163
29083 2471
13717 15384
11978 21679
31930 15114
685 37948
37361 9414
12521 26186
24255 20695
16838 38693
6712 30485
7501 1720
19708 33273
26491 36680
4213 33983
32842 28149
4481 29765
13069 12066
17414 17646
20894 10904
27678 25071
2424 15209
28900 18689
28954 3554
27503 11864
3601 26714
27104 19737
3846 575
19588 3851
10435 29685
11648 36800
24534 35645
22691 31016
29847 578
3087 5945
33908 36469
20021 20733
11073 15453
9746 7505
7961 24425
28027 12135
1109 23829
746 1356
25593 39061
9442 4670
36393 19199
20494 36155
37544 17660
27426 36097
6182 27975
23826 16278
35917 9603
26578 38176
35097 39621
10964 30759
8675 7761
12411 31061
31460 22960
26129 33076
20087 3344
22065 29856
20714 16871
12728 10669
15197 25309
20527 35089
2288 20936
21893 17045
30207 18665
15094 13928
19731 31964
36629 36657
23663 10794
15954 36664
14393 13563
4105 4192
36605 6651
25549 4951
30187 21861
31659 25305
27463 5896
1544 18109
38720 21713
36739 11221
16402 10209
19102 27941
24741 2481
24514 9379
31745 9408
15416 4009
18697 38485
32252 2112
9560 35659
1628 30262
8980 22882
28001 8636
38884 24489
32879 26110
17295 33679
38340 2532
28996 24422
29350 34638
15662 137
33066 36935
27360 19568
30213 11103
30907 15042
14083 4239
33403 12654
7105 16689
27064 7859
4090 39450
4075 34547
13783 21437
1045 32772
39876 20275
29985 2645
33598 37056
23383 33973
33443 38951
37153 11663
32725 1793
24061 7473
22966 32469
25888 22371
11012 29451
18497 15635
23393 36151
35998 36928
19336 17113
15345 30533
14967 28052
32958 25180
38820 38608
36914 16468
7264 2283
34569 10402
2515 3092
21413 18826
16033 30092
33318 9686
22382 39754
36308 5575
17734 31101
1846 20964
10963 28566
19527 5678
36497 35583
33977 36562
22449 24542
15315 10800
35252 29728
19606 38706
36131 2108
6722 20293
11238 11349
29909 9550
18304 3105
21008 21521
21430 11178
3513 29028
5992 30553
36349 20092
28160 24098
20407 8070
36046 26161
5768 2932
14082 2281
22299 38291
5734 11045
4400 30692
24835 4731
10753 5224
6808 35402
4839 12921
33508 25689
4345 25174
27306 30354
13263 20995
23132 34853
7880 20744
21393 35042
13017 4003
22280 32177
9473 16668
10619 2823
19711 23824
34103 35106
36105 6239
25688 27115
345 10710
9038 8385
15182 20828
3552 17987
24079 24060
3993 12033
2782 4688
18298 24442
22248 1436
26223 4227
9107 8913
29737 27124
2507 5119
27467 5536
4889 38844
16911 3728
12828 8627
8467 32669
10316 14303
13398 27115
9570 8598
26903 39716
7905 24563
22944 24963
18050 32773
18093 28512
33781 8250
10982 11890
22691 28160
37056 14924
23197 27182
3344 7350
28765 24270
3058 2648
33880 18822
1863 34535
1436 39809
1233 32629
34528 32054
27613 26247
36244 22118
38251 158
20639 16663
26205 35627
24639 9920
11509 37842
32163 34368
5787 35534
26469 11698
36347 13929
8823 12014
13976 17847
28000 2170
30129 33400
35020 3805
18289 26391
27016 17685
5845 18588
23517 36492
33626 24727
32961 19431
27731 3563
5649 6442
32086 38050
21886 35899
17076 16585
32677 37237
11935 25902
25542 7187
20565 801
21558 33424
29909 30148
30685 23015
11027 9405
18987 34850
33869 20178
700 3113
13839 24028
18265 7351
12116 20185
9044 38541
29993 16404
38819 15899
26371 21786
26167 5247
3194 26153
436 30042
3925 30932
12690 25498
9310 13737
22793 3713
10590 22709
18252 21070
29659 37326
18705 20067
16149 3461
38251 6365
17810 5608
8471 3038
6482 26012
6095 1888
13695 36529
22294 6215
32917 15345
20528 32660
1657 26127
28901 32262
27736 23289
22301 3452
17480 5645
23569 16164
8045 20723
7960 14672
18071 39969
9634 39039
32710 3988
282 38043
15783 37633
35588 6574
2746 27287
35838 36117
8929 18656
29748 17771
28927 210
35488 4281
24958 38163
15923 10235
20911 14304
29078 3060
34783 27897
21390 8581
24959 7200
15387 28775
34144 18233
39779 182
15768 21778
38721 34884
23853 7849
27171 22900
8337 6145
127 374
6177 38133
23344 38946
32459 405
30133 6863
7722 26945
25896 8818
13145 39959
39912 18681
22993 5643
10298 38310
22783 10647
37311 2530
24704 30565
23457 3076
1328 36288
14538 673
11741 16693
28119 17920
20509 30373
12215 13307
38420 8715
14522 13919
18015 12107
2220 13888
391 35666
39716 1985
27914 32129
27831 18227
17921 33434
25032 23880
19616 8963
29275 37364
2735 38762
21037 16379
21467 15996
973 39539
29984 15811
25454 29727
24403 5794
31528 5557
24355 3203
27543 15085
311 13276
30509 37789
23336 9396
37644 11114
29518 30727
35902 25620
14632 39287
21829 3305
26515 17233
22890 21231
37127 14068
29857 36121
25856 16688
8281 13389
1865 35905
6776 12380
23809 36010
16327 8074
23830 25790
9715 25682
25048 239
39604 21501
26960 8324
31591 34419
4318 31858
33653 17400
26808 31324
12308 9483
712 25596
17575 26255
14098 24864
27852 12419
19160 20978
39865 20822
25180 8067
29254 20814
31342 10679
5291 23928
22451 4590
38772 33295
9500 33941
13944 20892
19924 3254
24873 12234
18052 39807
19247 5000
13293 38129
34163 19556
5161 22078
15194 5764
8362 29877
32920 31214
4931 24475
20273 831
14350 27739
17801 37486
33331 13733
3411 5410
24568 8318
1289 16095
7275 28719
15810 19988
14614 25740
4616 38405
2879 8125
30755 13228
2166 20971
39423 39924
30914 24774
31642 15441
14416 22050
34365 10845
34854 17840
693 26299
9156 468
27524 38956
9290 9238
39018 15958
28089 11877
32480 35336
1886 5458
35649 5415
23516 3256
3259 24155
27973 20632
18591 13624
1634 37847
23384 10542
12100 23087
21449 25989
7485 31265
24 28329
2297 36665
25866 14116
11970 10595
18759 607
10743 24658
26258 21949
11694 1906
14996 11234
22625 21538
12375 34040
33640 34857
7255 39794
33806 30938
4042 29400
7899 38588
13635 26937
8895 2160
11067 11243
19837 33492
15576 25313
35898 23715
18485 14518
39038 15209
5920 25986
30592 32667
39794 20486
19902 38217
23166 16007
13448 20057
12767 21597
14450 35640
12485 26683
27452 17914
4301 16367
27850 14873
11131 9958
15387 19198
25461 25740
567 32523
37773 4568
37527 3121
6465 889
23557 9621
12159 31375
8500 33470
1916 14811
28313 38046
24214 39555
6406 26627
27007 31017
11378 32132
21531 27363
33069 14672
23006 22880
4564 19135
2124 21190
32218 15026
21154 23059
3776 4888
31076 16210
7261 30573
453 3060
22974 11207
21291 13007
21967 9392
11314 31130
35319 19998
36210 10439
16435 15148
31703 19698
6207 19776
4253 28562
12465 39845
14326 38478
2676 26166
7846 16441
8534 22545
16151 449
13592 3079
17109 20976
4992 18733
1935 16842
6334 36535
37464 25960
20620 34272
7597 25390
4300 39821
11166 20574
11881 17339
30850 3347
22488 10162
4298 29901
31804 15282
3477 30589
19763 29397
21480 8602
1110 27216
1343 27975
29941 23707
25723 22906
7313 10847
22151 19350
3704 9479
6778 8595
23468 4173
34621 23688
17805 39271
1789 2273
11720 17816
39327 13693
38734 6076
15191 39403
10660 4032
25318 39094
20339 39327
17928 37689
17743 14080
5553 9263
31918 16144
19879 1083
3361 39588
4116 37
32128 32523
9583 5696
11012 32299
7474 39483
21507 879
26779 29908
37608 1222
35836 18679
26125 33767
8725 6209
18767 34580
35486 33779
30626 12864
3597 2032
36361 1005
36538 13131
19160 12832
38799 32120
16373 5676
13110 13128
29350 26819
34483 35026
28564 3991
8901 9062
30489 12233
4730 12195
29571 13821
36780 26107
35080 4543
5311 38492
30970 16476
33122 37688
10067 21486
9520 14719
8830 18318
8433 28494
5509 17654
5327 37774
14610 16495
29080 16897
39804 2937
35977 21074
22884 26754
12870 12620
21002 25856
35875 32145
8997 27014
11274 23974
31355 17014
5342 28221
7183 21343
10766 17908
5035 3715
2984 7751
5301 34513
30822 29313
4156 5832
34030 15724
35292 31563
39625 7705
20555 18606
10133 32906
26546 18888
36069 1993
24070 16601
9841 12964
4953 29174
33263 24676
39486 31178
25677 1267
6652 16322
25494 15529
32766 33471
7825 9136
24646 36132
1616 16099
15845 17393
9321 20120
10909 37335
34776 6857
33373 23403
11964 37925
10261 17382
34110 26360
29618 12469
12366 18811
6344 12074
37916 3615
34493 5541
10269 14146
7382 24966
23185 25073
24162 35287
36341 17204
21593 15104
19459 5015
30622 19678
34347 18493
1258 24738
3094 2207
17348 13106
10293 10815
16410 17482
12687 37789
11962 5148
10501 33529
28554 16115
21454 4774
32485 33034
5073 10459
25191 29176
36192 27978
9571 39886
24988 19745
11078 20144
30665 36206
33281 7757
19764 8119
7365 32631
11087 23529
505 11548
28517 21110
16975 7353
31325 21796
10619 24868
36756 6595
1922 8246
30322 6396
1859 9585
26494 24160
34784 1761
35435 12801
24342 25507
7982 29912
28916 33304
17633 39317
26197 25897
6746 29627
26575 37899
23488 34379
7143 13273
9500 23191
9830 17184
20566 14054
22685 11868
19109 30605
10859 15786
30809 12463
15184 23416
17236 34130
30656 34499
1986 17304
14458 2554
6397 36776
9038 14212
25160 24198
16653 37511
36000 12390
35465 7291
39745 24525
25673 34148
38290 31802
28682 23917
4032 22525
22386 19959
15311 16486
23213 13278
17421 980
21508 217
18894 12077
22062 3304
15205 10491
33566 36585
36548 37557
28058 29925
18380 31359
32009 643
11111 30650
8099 23078
9186 27289
10304 31484
32828 21228
2100 1740
22455 26930
25025 16849
34756 19978
611 13853
11887 17272
12915 21294
31424 26022
28844 39306
32196 36157
18289 19808
14352 25002
3373 36082
245 34158
4965 19169
35062 35277
1548 5160
8566 14535
27295 12923
20509 17434
34788 25925
6325 14479
18840 11235
12089 11134
17035 27898
30019 30740
6090 1630
34172 36782
13048 757
28416 16334
6848 9101
8481 30376
6554 5413
3801 8384
10175 24474
409 1403
33503 3819
32640 33578
2891 28012
29056 19843
28752 23136
32077 12860
12555 28427
1390 11207
30750 26248
9282 3397
30365 15227
33515 24867
37070 12933
17769 21542
39438 24884
35804 14591
721 18783
10771 6497
7081 28980
14142 21565
28120 18454
10871 12977
23167 29684
2215 37163
33094 24418
26931 14003
35042 16613
6570 17919
6143 2034
14025 4954
23414 5020
38944 3889
12811 29377
4785 20068
37687 17734
16943 202
12388 28562
37422 28203
35401 24014
12771 12057
3677 35695
27584 14754
24950 24558
31111 39084
26112 8917
4939 19263
36408 5613
5469 2984
33214 24267
31305 10356
576 23391
13282 14477
25426 31880
35379 1600
16209 16094
12430 9841
12797 24918
7061 35597
5748 3255
31237 38666
5663 22247
1224 37523
4954 16938
26524 9815
33705 25954
33330 17564
27168 37353
22098 16473
2438 24034
34675 4004
28207 2681
25426 16281
27986 531
26497 26685
7002 20859
12897 14142
3812 39843
26654 16196
2059 790
26375 36717
868 39799
38915 30762
16495 8658
38564 16099
7476 5262
29701 3321
15730 18628
16028 33935
24402 8066
30337 15891
14024 7184
29945 23055
27047 5812
24162 9039
18275 14264
13323 27486
7661 9964
1890 6605
1921 26410
30013 4785
14418 1723
22702 29235
16226 8963
25388 1035
19700 30941
33011 15467
10855 10619
26554 19480
20683 30561
37191 14147
10119 12969
33237 14015
4968 12772
24491 15008
26217 11328
239 32953
14870 2441
15731 9591
37538 13661
30138 6854
17037 22936
39894 36022
24758 39225
26191 22029
16494 13942
14462 6468
27538 14487
3101 27802
22433 9839
7774 39937
5876 32851
24332 21429
25525 34307
29909 19002
22651 13767
29337 38981
18552 10190
28018 9598
28466 20280
28672 18243
29397 35681
22406 30920
34060 11850
25069 30513
26732 33589
22756 2263
38462 34525
9536 10384
20641 12446
22550 30515
409 15601
30678 1949
8656 15777
20270 37729
24841 29129
30378 26606
4202 26904
14428 23787
23265 34541
22903 19064
8572 13892
21998 986
2030 3346
31403 10643
6831 20197
29327 16260
35129 36017
15361 9383
3678 24330
15223 35184
9935 33025
38243 29643
9889 4295
23355 22443
35607 34909
6810 11863
817 26903
30261 18417
35802 15598
7154 23607
17414 21800
8433 2061
35526 30338
31388 30312
16156 19772
31356 18113
1264 3375
2213 3460
23027 37933
30503 4855
2128 18574
4272 9086
35436 24326
23879 2900
21410 179
3431 36856
39614 17509
38366 5712
21497 30335
18798 30336
36588 8145
9634 15912
20073 16448
33857 28682
11691 25374
15657 19003
18849 10809
27129 23491
39236 17721
18865 4742
6838 1356
38308 19406
31124 10699
8040 18388
38463 34154
24147 29501
24338 19041
29430 32572
16403 2453
8542 6963
37340 4764
19177 36755
33506 748
25580 27220
22001 24483
36392 21122
36990 30826
8676 35490
10093 29134
103 29605
12512 12955
13712 16390
13534 3485
11211 17549
33875 32694
20635 4058
17100 1500
33455 23051
38398 6515
5227 16078
4567 2516
34196 13246
3212 4299
11506 21717
29837 34935
36423 33063
36288 15163
34280 4402
36451 30325
9172 6045
10212 11277
11251 4508
1604 14125
12970 33338
3235 12772
12450 8301
4789 17357
29299 38068
4124 35609
10537 6170
10464 28141
24749 29622
20878 4174
8450 1601
12442 10996
4039 2643
18126 37458
30928 29118
4345 13011
6364 9950
3452 8069
15877 38486
1105 4428
20480 28089
31345 15174
30983 27693
1389 37472
31849 13398
37336 15615
22095 1585
1769 29770
12025 28192
28181 34263
27261 26641
5620 16973
28128 15695
2803 29648
39306 16876
12778 4783
21265 30097
31508 14658
699 27965
33867 5157
8795 31151
33788 12167
31555 105
24261 29879
18651 17609
34534 37632
9605 5335
20009 19086
23772 8737
12409 24113
15059 26732
2568 21989
34976 37016
26734 26151
25907 9157
39218 20846
17804 13647
5236 2116
39776 15887
2042 20672
7641 17478
1029 2051
27763 25681
31867 3676
23681 26631
37137 38104
35459 12833
35322 37310
5133 39336
24754 19772
13631 28140
636 38893
27272 1158
12870 11765
39508 3430
33362 20315
28516 27391
14025 32536
26527 34560
34122 16841
24887 9125
4876 547
870 18727
9141 10305
25845 19028
9161 22355
17148 19331
36831 2303
30509 852
19092 4032
24233 28163
31690 5018
19906 23212
22559 36479
13930 11054
762 39584
11446 36737
19911 25263
31228 15130
7809 32917
8681 21066
15459 14651
34684 3122
38009 29416
16780 34238
38025 30762
29607 98
34176 20456
14088 38886
5452 20438
11702 17343
25483 14698
21010 1882
9637 34340
30991 34988
24549 28586
17702 14970
34909 12698
4291 729
35255 23419
21121 15706
36590 22414
23891 23857
13081 20218
26062 12158
1626 17864
11346 32062
2945 27813
38868 32630
16242 8914
15338 36364
16870 7404
11651 28626
19075 31406
8684 38757
26047 35400
4768 8992
31000 34927
9386 31529
19105 4035
6198 38631
4834 26141
24957 32564
9085 10055
29211 26757
39511 33851
10242 32282
13225 1749
17322 27493
10564 28682
12446 14625
30822 6323
21791 27427
32977 25727
19257 13701
29309 6786
25253 1854
3036 3299
20500 11589
26713 28969
33213 28076
35595 31151
37544 508
39561 5122
4276 16699
31306 33433
24496 31823
7447 5286
23207 18980
20062 21956
12645 37228
39424 15703
22364 30758
17629 1582
36440 7643
17682 26728
16801 20971
24880 18221
36920 26079
12698 20658
14333 33087
25103 6172
1638 4144
26620 33871
25389 6289
12467 28842
31078 37003
17626 6771
16447 4849
6299 26530
18749 27192
26549 29334
20778 22452
13625 4503
23961 38276
2820 7434
34516 3569
11234 1455
18621 27193
9434 6815
23558 35135
14966 3545
33802 21075
20723 5895
25864 21286
16849 13821
12302 33072
606 32778
38454 46
22446 8276
1068 22597
1494 20244
34575 2131
5616 37971
6856 2604
24985 28819
6814 33036
38505 30647
12377 14850
9742 39222
6545 21773
18501 34885
29876 33170
35791 29424
34923 8389
20496 13452
32886 28940
9738 26178
36344 19315
7581 7393
33891 13413
1687 16032
32824 14413
9043 14483
21801 7561
2266 19227
33269 24682
21053 35378
18661 11278
22901 35041
23982 11011
22979 31443
15223 15997
23599 22897
20429 10584
17938 19838
34128 14458
4835 9462
13462 22874
28956 14392
17348 9018
8145 17640
24514 16547
27666 8507
7404 202
19386 19944
19769 2474
5124 14478
8092 23999
33461 30349
2926 19277
20633 17054
10752 8024
36821 4548
9354 21602
6583 5086
21468 20513
4517 38496
28823 35917
11009 37311
2127 33885
29577 27293
10895 37650
5266 28900
30213 18420
28548 8899
14656 20103
25856 27909
16254 38531
18070 20842
10126 20552
11313 8479
26385 16991
28442 23832
12584 18131
11523 23707
23060 19599
23215 13139
28943 8185
21129 14760
2070 15324
39859 14018
18262 11465
16795 28184
4401 10313
10127 31409
16743 3964
19295 22902
38336 12583
12904 16098
38560 3487
30596 34930
5138 11503
19140 38538
3274 3790
31017 3846
14566 3447
18232 26805
29082 11566
15256 29105
34759 29433
18589 4456
3089 38537
28365 24776
32768 20551
29252 13853
36893 36573
32633 23720
15411 5580
33030 20593
31095 37619
35005 16252
38543 2853
3189 864
24888 28080
29550 36403
4541 25302
25347 5116
30385 831
8923 39024
34067 21252
1986 13844
4362 17683
19233 24506
7682 24287
27728 17847
37730 10094
33396 10330
1938 21120
12929 32913
4984 27713
4148 32342
17484 9099
19035 19307
1423 3022
14737 18371
13715 29980
14998 13148
32747 33835
31910 24382
30641 365
16432 19917
26357 33814
22697 27883
1743 33391
19269 8952
35945 24786
30163 4487
25656 3936
7878 39339
28896 1576
8894 34316
11883 2255
17819 4956
638 7977
11660 14909
10829 36201
2598 15554
36671 38362
13346 36991
735 39026
2276 27586
36543 22899
19846 31258
28873 27142
26679 11444
10069 27837
23973 29390
18323 14423
33850 37654
28544 31739
104 6126
35758 6662
13975 5065
39852 8992
10670 24929
14892 24541
616 21213
27094 27624
21361 18600
37844 21844
17284 28596
31888 33305
27770 2397
23571 19832
682 13324
19336 15312
38331 6886
10070 591
36085 9845
5935 23027
33740 1889
21063 2862
11165 19575
7074 26776
39607 25496
13694 8053
21125 28238
32344 32821
14953 292
24078 18956
7198 20642
9924 29721
16498 14845
3000 25561
31110 23904
24241 29452
5708 155
32382 16285
33869 23402
33394 35218
31214 2073
23312 36654
8921 6550
36045 8507
1286 38462
12827 1496
34689 33498
8600 36181
39644 27255
17978 23080
39756 39813
21478 39219
18891 33136
9917 10252
29966 26704
27264 18425
24559 23178
38917 6642
1407 25995
6710 8713
35631 26408
28594 10220
38874 27536
18175 22141
22439 39187
22147 2762
30802 31839
3440 3135
4595 26241
23743 21665
2758 5226
25403 10607
7300 131
22923 12134
13076 35921
9591 7343
17083 32000
11009 2776
25147 35073
16087 24786
27813 9878
6835 15938
6913 9555
22458 6401
33824 39465
8073 21208
645 34819
4305 31291
19917 11789
33481 13978
35153 34568
26761 9610
2658 31647
34909 28144
10063 34362
5690 12854
880 14730
27912 8147
6136 21837
33526 20604
30405 32914
13188 16453
34804 15620
12611 23447
17971 6233
182 36513
21774 20879
6904 27944
22923 3781
24742 24411
1744 12956
30468 20877
9198 30534
23184 103
39198 31945
38361 4754
8112 7312
18310 37567
35020 22100
30040 27989
4418 25551
26948 22933
12741 17923
7732 14186
38877 24742
8182 5586
10856 12529
4212 161
5270 27229
20561 26268
31611 23575
20812 29590
2968 10355
10065 33038
1557 3347
17623 12376
35258 7592
26123 8882
25685 21798
11386 23791
23118 26946
21600 19838
14966 1305
24215 36461
19708 17589
29807 20290
20222 31295
29656 14492
35104 32831
27148 28698
26940 13410
29197 14407
21852 35034
36586 27948
32141 4959
9984 18844
8794 659
38201 13352
520 15696
4792 38783
14800 22706
18586 1189
3672 25164
16199 21213
13722 1428
23654 405
30984 8832
12058 21321
5192 20101
19204 10692
13613 253
22014 30866
22817 12130
6181 39583
12226 4763
39815 13511
28397 34905
1908 36720
13747 32676
37146 3318
15551 8645
4307 28371
28789 20421
16705 39052
6249 32863
30996 2247
26636 13563
32292 2777
29859 18427
134 14749
34967 38824
18404 13761
23998 23979
30985 37597
35768 23519
21064 5037
20568 29140
23738 9499
28514 10583
25620 23643
11931 33167
7852 4962
1473 35141
34983 31263
15012 38124
37676 10666
39647 3739
35159 5028
4717 39782
14911 27022
9351 37470
36862 57
25856 29876
23186 3731
14025 8289
6725 38171
11023 21932
23780 4790
10441 19593
15265 26466
17865 17964
8520 6712
2844 15682
10486 21866
33497 39653
23286 31226
21113 20580
30225 31757
38384 14997
24992 10496
17386 14149
10805 18159
4209 9839
28695 1732
11972 1263
15167 30897
18629 24557
30637 8191
34012 8835
34453 30062
29089 1225
18533 22065
7744 38032
8632 18764
23103 30657
9789 31773
19798 33890
24594 3508
9346 22695
39518 36232
17110 25089
7320 3535
9362 4409
30402 39341
22148 13111
15305 27566
6807 38684
4274 20288
14678 1454
3600 14779
19703 20926
10759 11219
35089 1028
32599 23555
10266 27040
15772 23215
33180 39704
22511 31697
37193 4452
30164 19882
37909 37821
13376 28539
5221 13310
36865 3044
21034 37340
3263 611
17812 31891
26157 23038
2080 23495
12073 11660
33962 31893
27791 29757
27192 11709
17887 18332
25633 29772
28567 25786
11258 31707
8008 24056
11273 18395
35089 4252
5132 19438
12623 26329
1332 23435
15751 7195
16174 1122
31496 9158
5042 22854
95 30309
15548 34956
15839 19030
25902 22735
15759 5927
17911 29879
8150 20654
335 29929
5146 7513
26430 36670
3872 20638
13777 1193
37228 8938
9810 8706
19483 13273
7777 2526
32238 4909
33903 32613
23821 22375
38116 27374
38219 11695
15843 16064
35866 16822
30744 11509
39873 17859
6435 2978
11638 18967
23976 31389
5420 26203
16654 10904
5082 7217
3946 39210
8692 27769
37390 27513
35307 28621
21689 21025
26874 11006
8520 32577
20539 38448
38865 22159
15889 32670
20155 2930
25615 4324
21215 2635
22570 27067
38887 13239
20878 19397
29557 21482
18411 31786
6468 5860
14895 6137
32194 25043
4721 18475
35172 23676
38554 23675
14557 19067
16359 9188
30395 7950
13400 30272
9320 39249
12277 21348
412 37828
10332 4210
27524 27810
30657 7493
6855 21391
20578 11123
30533 37109
13819 15761
37404 15053
36642 34988
1361 15451
35167 8214
19220 25529
39511 6911
35124 36326
2666 25966
28062 7860
7229 13273
12107 38
14843 22479
39796 9830
19022 17552
34372 30073
38218 23956
18094 31352
12864 39350
21995 35761
39523 1916
8768 32906
7727 6585
10016 11902
28088 23716
12555 13681
12449 37417
7498 2291
24997 31834
23744 20949
29440 12215
11038 10196
13772 13901
32140 39836
14933 35031
5197 10260
23010 26206
29991 38937
7855 13816
426 33391
12584 11955
38027 38305
16774 13609
20318 11243
39856 32840
13811 25666
3815 16431
37587 19101
30426 37254
1703 27439
32461 5865
16775 22223
27657 9278
28812 8976
26022 34630
995 36660
1753 24955
24531 6896
10404 1121
299 33533
17997 35306
36000 1793
513 32188
20886 17716
14372 20602
14059 25938
37623 35215
27402 8143
27314 5401
8308 9248
1077 7220
5253 38453
26621 6443
16880 1014
17092 28860
25543 24591
3305 14732
24088 2095
1576 22491
8555 9344
30228 548
18366 31336
340 22964
37004 1865
6432 25678
26611 28621
35822 25181
28285 39946
6281 19420
1801 31001
2983 5465
3868 10488
29419 5299
15693 11782
7310 16399
30396 11690
35130 12773
33290 23682
24739 31779
25843 36987
32602 12143
9187 14357
487 31085
16723 20089
28030 22921
5908 27789
16738 17278
28913 18847
12225 35176
16915 12529
34279 25927
35244 38627
34670 35938
33924 18128
11899 13702
11287 10096
19650 27906
28416 1849
38994 27382
20994 4172
17224 37901
37563 36771
35973 6184
39183 34062
34164 3635
4994 29504
34776 14611
30470 33114
37973 22195
7555 11823
29443 8279
18722 22238
2991 32825
15144 28838
2352 721
23954 7480
22980 27839
38828 27212
671 10155
18711 201
37786 26997
9174 34500
37484 25290
9690 38824
2575 20520
30575 4527
24326 19835
28792 17222
29211 22600
2683 5500
26578 4526
38415 19068
14393 593
34077 4616
7506 22508
37059 10648
3415 38399
9954 18012
18326 28392
26398 22974
639 17342
32745 24820
34802 25361
31315 11607
39156 33325
39714 8800
16671 39947
36008 20841
20820 9622
36616 19673
15241 19222
4574 38228
9885 10818
17270 31316
29831 36618
25287 35566
26136 23843
16857 8442
28651 23660
36326 27935
16009 9283
16346 20682
23556 27484
39424 34994
19182 547
21625 4968
31896 39082
16820 336
31511 14856
12646 15895
21000 39800
14470 17252
5299 7075
18575 11882
20868 20537
12486 30275
19977 6005
24300 26579
17059 30797
25673 12213
13643 10281
39690 1116
19734 14666
13810 8630
19034 14355
12850 12130
18819 6112
11679 21510
6825 34625
25927 26298
23998 20492
19868 4538
6195 36070
30766 22363
11860 23585
6379 27060
3267 33010
23262 4430
29453 6379
14227 37874
17946 18594
35707 30335
2969 33675
4181 23001
21175 37633
8163 10425
22244 36697
29743 15774
30983 18016
13803 4005
16560 4751
408 39166
165 14239
27517 7619
35316 10789
6308 5648
8519 35933
18342 39205
31875 1920
16966 28615
2051 23412
37378 9307
9527 24946
20819 1624
23152 9348
1678 17790
32051 38785
4485 23459
21926 32582
26404 28450
17399 3193
25525 9458
10613 14888
8792 2038
27494 14823
25009 37938
23750 15861
30782 132
5005 4812
32586 37967
6593 11203
14297 31577
17657 25706
23923 2134
34940 20648
29434 9798
30584 16911
1409 26092
9515 11901
33737 33355
15054 18746
1793 14595
116 24642
21869 11080
21453 22190
18183 8222
35454 8507
11079 4374
34937 33583
31398 26255
35420 13851
24677 8521
29900 8394
35275 6976
22485 25924
35800 32260
24235 22551
16540 23638
2726 38842
33472 21826
8630 23935
29978 38805
6925 19172
7993 4044
13093 31666
4433 16829
12319 37262
24762 11251
30403 13531
22491 10716
6284 17354
4291 15660
33000 647
23661 27134
21565 20911
31167 11705
12168 5087
20607 22185
16859 14062
22500 35318
25891 31659
31711 27173
31739 35445
35428 34962
5084 3416
25602 10535
17980 18434
24784 13819
9976 13274
39835 5475
17334 32717
37218 12048
34392 13102
5266 7986
30762 31699
34931 17982
8882 15310
2399 17458
28811 29061
197 33154
2598 28887
22702 36762
19237 22799
21066 30
22335 33882
3212 15745
31673 29250
10473 37159
20921 24287
34917 8532
3871 11884
8122 37546
36076 78
39490 12943
24187 11616
25263 1126
31235 20490
22664 16607
22227 14916
14464 12952
12468 177
30291 10839
17953 28556
30362 5971
22202 16848
23253 2661
37044 31779
22522 13623
17693 37380
34307 3575
7757 29787
3632 4125
26519 27122
5423 21468
32339 37785
21350 28443
29524 34703
32287 1864
4268 12707
9689 30206
25731 32737
3195 26229
5737 103
32948 34177
10434 7687
2615 15461
15830 22253
2837 34419
4225 236
6278 26698
9972 1319
17367 26135
7916 27160
37304 6766
3557 23769
34139 17428
29675 37909
23179 28201
16428 38956
30195 22574
23336 32486
35665 2459
26981 24648
6186 29266
35146 20990
25663 28453
31962 26784
26787 33588
30662 34125
17612 21852
1252 20445
24147 9083
26346 15184
3652 31020
37557 10341
32566 18289
8632 33090
28768 16849
38396 10603
12551 20967
33051 36132
16213 33993
716 20695
25587 18358
17142 10144
15805 36656
28736 7703
11925 7428
17659 15800
12117 13809
27737 10434
7889 1612
28506 37382
34567 33706
16225 18814
13893 7675
38688 3532
19563 1691
32630 10223
37824 33421
16125 7208
28930 25660
11447 4928
10095 15467
28424 11583
36896 8550
28955 7865
38319 3478
5373 1909
27676 586
3705 16794
14115 32758
39731 3796
6716 31482
13395 17001
13867 25609
3622 24593
3254 17181
27181 18357
20428 32639
37666 16601
2584 13787
7140 51
12143 12090
18576 37415
39505 127
9185 15506
23740 36294
1252 5468
11223 26053
18103 32060
33979 14310
24317 8792
32129 33486
18651 11489
7206 31834
7840 39261
17325 1480
76 7071
8626 18927
26498 4213
9959 35808
28555 29430
2004 7652
14763 12163
10732 29718
5612 31194
37154 16911
31322 20039
9067 9584
5149 20880
35745 32815
24188 29340
27769 1219
20471 10714
26000 29264
17367 13992
34155 21144
35612 33922
25024 16723
38846 34411
35365 33938
5130 8483
22989 36044
13089 33573
8117 38884
5810 11478
13573 35056
36484 11253
26282 36912
39707 12867
5118 10555
36426 2706
33160 33338
37789 30048
2599 8497
19630 18057
1849 14882
8902 22783
37461 37978
23160 29751
12038 16660
20013 31650
5674 24387
10992 15382
11609 16421
22887 3092
23989 36266
18797 29701
22579 4197
34554 32389
29604 29540
17846 7156
18316 38250
12685 35529
36551 20818
34376 2808
6230 9533
29062 27042
17946 22348
25171 24981
2856 35499
21073 7323
12905 27127
21898 14599
4197 19660
38920 3226
2173 37184
28089 29184
18846 19972
32505 20151
34596 4564
942 23429
30064 21040
37855 26542
20777 22985
33496 15506
29882 22065
30091 31310
32525 1037
14090 17668
21034 23995
28319 37288
13936 31515
22784 15431
18852 31886
34482 38435
32978 30145
20481 16622
21605 21007
24699 17420
18355 38128
13959 19024
27404 11841
7484 9710
22141 31813
1078 19143
11775 18660
37861 14492
14846 22258
28468 27216
5071 39528
35594 11955
32401 393
34321 35263
31907 38761
39655 36568
36136 25830
14887 21826
36375 2744
32493 659
22832 1165
22039 30082
26492 38843
21605 28573
35359 37569
24530 31190
17331 22917
224 20651
4258 14240
33314 18951
27132 32845
23147 12505
12586 24578
21653 14515
13769 15370
36254 16641
18046 21156
18238 33572
36759 11669
36751 2104
25920 22041
35359 11009
26789 11275
5675 17126
13337 30599
23985 29045
17393 12406
31363 32949
10834 23936
11474 7258
14871 34205
31174 37773
36474 4868
31930 31194
23318 964
38760 4955
19931 20852
15331 30521
5908 22627
31181 36084
10105 25834
6185 6436
4343 22474
32132 21814
25086 26745
17921 1606
26058 18365
22565 32582
6627 20324
38267 29282
16589 30251
39673 31980
17105 20495
16869 25335
8350 15972
15882 16178
28253 15898
11054 167
17854 26146
15154 12846
6200 16741
20983 26110
37235 33699
18471 34322
5232 23732
32986 13868
14423 31928
16291 20432
25910 32270
31072 5172
29731 12384
39379 24793
35673 22350
30390 16482
11918 8763
2212 39533
3778 5594
18581 11975
15132 38193
15592 5801
6410 16916
13817 13454
1217 36033
26338 34238
9690 30280
31005 9137
25371 16212
34542 27190
38219 39059
36129 10131
38856 936
2156 18452
33976 9178
10215 36156
31028 22757
26460 4673
22003 2851
8284 23371
37878 5150
23125 4013
8206 16710
19094 2213
34802 13582
5898 602
15155 21317
22118 13323
4322 31820
35339 22862
1193 1775
9465 16944
1192 17502
24577 34576
35098 23862
2890 14694
25626 21478
37858 12017
13369 37944
30031 5377
23009 21083
28846 4344
12323 17951
19220 15363
31944 29034
18150 16812
25060 39881
36442 5729
36616 6290
7864 10478
32509 7107
18801 31914
1551 38594
26632 12116
9325 17101
39954 27554
25445 26128
34281 21107
14611 23549
14653 32543
19094 11889
12276 27778
2914 25386
26155 9675
2563 4042
36100 24654
1738 3591
11108 6081
18640 36447
35423 24478
5588 11306
17893 6552
24576 466
35758 3576
19437 3523
15114 11962
33633 27526
17345 27644
28869 39968
38005 14804
12698 20931
9292 39993
6020 16984
9266 6421
9193 34925
10568 29573
30224 22674
15986 1300
31568 3774
21695 12602
33430 28278
27137 3582
33612 6495
1737 15114
12455 16347
5702 18685
34304 4034
28264 33055
9222 28221
38268 8050
28651 25382
25802 30518
2249 22163
16127 18190
34337 21566
32568 14955
28651 16217
35234 38274
1214 4473
740 5684
14665 18133
14830 17576
3508 10418
34670 27761
19090 2688
2871 16241
8059 3834
33561 35626
33599 29538
25820 4548
30915 15670
27015 30147
355 13449
22506 30106
32096 1929
14557 23167
23507 12521
29500 31857
19224 31306
19588 30913
21511 9745
201 28201
20070 10118
37092 35895
3162 18091
5495 9967
17091 13754
38574 33642
2278 32200
11000 38535
26782 32326
32558 14929
28805 5201
5408 38490
3616 37958
26107 9091
16427 27478
8324 19516
8797 18933
15337 31524
5370 19122
9621 32121
30211 5761
14916 12755
34877 37159
17868 4714
39921 10132
6732 30716
37573 28376
31210 34121
8494 3553
802 23465
14891 2654
15352 3006
32590 5191
6096 27644
35396 30426
3102 8361
23569 37992
37458 60
16408 18125
10239 4086
22394 34834
24823 25978
37666 37110
7402 22982
28532 1372
9867 36233
35280 38956
36232 16137
37949 34722
2291 37408
10947 7293
25968 23255
4519 151
39428 28098
32887 14127
11914 32728
1025 35277
2352 37636
11879 38604
6018 20636
9282 19103
5633 19849
24288 25955
25570 26805
27587 19599
3904 32226
7671 12809
14958 33996
7761 10588
6127 32946
19699 21656
35554 30704
19721 24899
10848 13373
10797 21685
16873 2511
6877 31141
33730 33959
7500 5163
17132 36637
35675 37248
31950 21414
30197 30498
25376 21899
8310 37376
15745 35384
30790 4282
23618 6534
11682 38086
35727 2364
9712 9757
31935 4068
20981 29166
19422 38144
6388 19013
27328 36593
9999 39756
25063 37821
8873 7108
34973 15645
11089 34300
30156 32453
7169 13058
17401 7319
25885 27783
32923 38959
1628 3195
25918 37524
15125 22607
26080 38739
8978 32046
2538 11429
31411 36312
31319 36991
15934 28134
12326 19429
22816 16865
28261 4530
16461 12291
16150 5083
4015 31905
27674 14864
34444 13153
13760 20946
32588 28114
12812 38696
27376 21769
29902 11840
7745 37857
25705 22342
22474 32409
32761 24404
38927 35103
1900 9152
1051 30611
8191 32015
2282 2233
37109 24647
1545 4038
11095 25217
16896 28402
14564 18454
18662 7198
25708 11116
32096 4274
14400 1868
39707 1701
8995 35241
28235 4330
17137 26776
34947 19969
34094 20085
35162 30988
23028 38913
34357 32030
8195 26064
27617 27355
18421 37185
23293 9197
19683 13121
28833 38978
38725 2593
28789 2209
7506 23760
19800 2887
8765 21553
32821 19758
4906 39368
31337 38177
38062 32590
23232 27576
3048 19755
8178 26523
27437 35918
13844 31053
14498 3039
3761 22542
1204 8247
11009 25591
24152 3265
3309 30290
6947 25837
4863 3738
39051 7568
17190 18019
38584 27917
3833 37015
10677 30319
2868 9766
37929 182
12318 20530
11705 25419
32636 22056
22632 3887
36395 12363
6343 31938
31755 3739
19942 14670
35690 24095
17019 13528
25000 15118
7062 21178
13133 24866
20922 23524
34237 11653
38048 14389
11278 354
20503 37132
29191 21238
16275 24318
32685 6053
38917 39893
21227 1198
10193 22579
6942 25032
39566 33506
28431 27611
37284 4703
24749 28775
25952 25636
19893 37947
24708 27718
39238 30832
33247 20380
3546 34657
16305 771
24689 29864
24073 36112
2902 35372
4743 339
36850 10713
25962 4322
39119 31561
27439 12867
8813 26093
11955 5719
18165 11310
19956 37810
10496 23972
28914 9401
5862 20976
39382 24413
38152 32976
14288 37330
29509 38300
5258 2874
18378 35615
21364 37607
23701 29727
10156 25265
15511 22314
32921 33707
11818 5207
8173 19379
32223 33424
5400 9300
14267 10252
10388 6791
15460 14576
35691 18830
2300 22225
37890 7333
7578 15445
15164 25657
24717 31753
8628 29461
6960 3058
10324 23298
39986 38741
23882 6227
11539 30148
28380 16409
23798 8992
11260 31218
34970 14033
30481 24874
11682 3379
37926 15087
14808 20615
38336 3251
27537 10783
6875 21072
7239 38381
25000 33270
20399 22129
24362 2694
31799 15490
12919 20815
9008 20965
29899 2024
36715 32339
11119 23022
19594 26598
12406 39320
16301 39023
7754 12374
33904 14616
21087 1888
7305 4164
32804 20195
25920 32659
15123 19328
18510 10507
23711 14648
2209 29106
9913 38643
8216 30237
26707 22838
19726 9083
679 1159
33365 7647
8093 16111
25233 31085
28118 19555
37237 38156
354 9234
21285 31958
6115 39299
5457 13869
20242 33140
31212 32479
12957 13847
32340 2719
11291 14705
2924 21168
12752 28526
5946 8029
30223 11323
185 28012
2406 29154
6723 22682
38331 23524
3462 37800
38466 29146
25074 33056
26989 5006
30288 19053
35665 35812
19272 18782
27150 39205
38530 1849
1501 39961
36606 19395
14189 26233
3605 30550
18492 17154
13971 39442
22859 10560
7900 8333
11872 25288
34458 31800
209 19916
132 14426
32668 2109
12404 435
27479 26316
17562 21354
11426 27966
11057 14350
13379 30068
32762 22670
14386 11399
13123 31487
35650 11653
32583 2424
15560 54
24800 27048
27364 6894
30851 20596
22576 3652
3814 34554
34623 39637
33545 4586
38388 20155
35614 12203
32987 20395
32264 8950
34850 29260
24251 36818
25406 21884
29136 28179
6429 7008
31144 31636
35921 23699
21310 20018
7051 18574
30433 30411
10747 3905
7744 38286
20069 34008
24232 11980
4605 16588
10222 1352
20347 16375
13295 11427
38525 19009
22334 30338
15342 35917
22085 7775
2907 29494
6488 17492
32955 30208
28843 4061
29827 37803
37583 11738
36740 15946
5904 6766
3009 24549
26368 29152
6598 9812
16409 29106
3718 16244
33553 11378
33100 10836
15852 3657
24350 22894
30710 32486
25642 12947
37192 10196
11200 33001
3338 15036
14282 33335
29387 9469
17254 25939
10916 22387
1286 13271
7090 29517
9270 19805
14357 5465
15656 28703
11186 3536
6274 18440
31689 6478
8701 39511
9080 4284
38079 31599
19254 6753
25804 14479
27605 10499
1866 39892
2425 12997
4850 4729
4368 8147
25328 20167
32606 36374
32167 11509
24531 35465
10630 26562
39078 16304
31039 5604
28742 38600
34235 18626
34153 8768
23276 16516
36825 27509
39358 12265
31378 29716
37211 28381
25185 23835
22533 18545
26873 8830
31634 37505
12861 6559
11354 5244
24827 36010
4161 6894
2068 1057
33278 31573
8634 32332
36602 16369
11986 167
11645 37856
2131 81
17125 18985
17258 3257
8028 15930
12247 14357
30542 25979
18298 13948
8789 18722
34598 35288
15870 30668
27863 843
36483 9579
34781 3618
12522 35487
16057 15781
14157 9535
13775 16215
9077 11262
25970 13218
38140 14129
34333 16790
34236 32742
6743 6131
21045 23227
38352 7153
1974 527
6195 19763
22221 16266
1383 26291
23262 7866
37317 372
6060 6617
26766 10956
33510 5551
34337 10642
7531 4625
18189 26088
22241 33962
27056 26217
31241 25234
22843 33062
18321 26883
24902 3926
30076 28306
13749 25216
18777 36713
36136 17961
37387 21673
33505 37484
26769 9672
13931 36245
22793 19393
32466 24349
3765 27558
39594 7379
4144 32643
34929 2977
28946 29529
14413 32994
3117 10760
38121 36836
1896 6373
22342 13292
14922 6402
21574 2482
38066 26502
8571 33518
37080 19902
10703 34712
12204 34639
30604 39665
26561 5312
22429 27532
30853 372
33371 10859
16276 26899
35044 10655
11080 22587
10401 6158
5976 20468
9377 36750
21796 22431
28965 16802
10196 23536
7664 15497
21310 37817
33627 20034
14008 29944
11857 8628
8877 19666
34050 6434
12325 14583
34965 5441
38079 24274
38916 18135
19130 30210
33662 5574
29974 9854
17056 13169
24302 29393
15004 23897
32839 16715
5341 4839
35848 39533
34701 28599
31292 15798
1983 20104
5205 13266
37307 34882
27939 38875
39732 25498
4288 36286
35877 34350
34080 28888
5800 1020
17859 35155
32070 15574
37526 1693
20991 11974
1923 12852
1214 28005
19311 13384
27675 11481
28154 36163
22171 10581
37540 30275
33026 13718
29689 39389
15350 12917
12205 5208
11878 30819
26121 28625
32965 3823
2946 10599
10190 34760
1336 30169
27133 26604
38058 21646
32096 12503
28776 25534
24738 18781
1005 29424
20316 31234
27310 36500
33046 1758
18302 13022
20017 37727
13953 17450
28 10350
32646 15748
3635 2062
8618 6572
14113 39855
19073 23215
2393 23306
7160 10958
19048 6390
18305 30040
30855 13680
5131 13056
9909 6636
11029 5784
20578 5308
2116 19946
34572 10627
21558 35802
37753 33328
16142 4298
38681 28495
17257 10427
20521 27659
20494 17471
20994 27713
37532 29648
13966 25933
37006 29573
3345 37769
30693 4908
21509 15670
12066 36227
19176 30865
34906 10131
12648 31864
3852 37972
7338 34216
2185 34484
5604 24830
32513 8604
25679 13539
10949 7541
34518 33479
1406 15783
1402 4563
33929 1540
36877 472
10903 356
25313 36476
3549 35658
4664 39895
35915 20975
32257 28537
8932 28713
6572 16719
2324 9919
3907 12547
29749 33656
10458 5446
31398 2942
23753 27326
19480 8529
6096 38349
6256 9773
37778 28690
29792 12607
33069 7041
16650 36378
20396 31232
8508 1217
5657 29143
15276 13218
9589 13751
13531 9018
35920 1710
5171 673
31222 8277
29036 15134
20476 243
31598 20138
1119 14966
11428 10690
27998 37121
15414 33424
19261 31592
9636 3511
26867 29361
5608 8340
33824 21473
25113 38232
24932 25764
35688 20602
10522 12707
19808 28314
35997 29707
20655 6012
38003 14766
29472 29156
29289 8661
37940 39733
15130 39402
9445 10532
23388 8395
31387 17135
10910 25737
18867 18581
8588 4906
10370 33904
32008 21174
37396 32198
2059 26209
15048 21531
13720 6072
19255 10308
4904 7578
24647 39353
2296 11686
2702 20207
12733 18945
22208 18165
21274 13
38191 2862
15671 22118
5308 38324
33694 22202
31443 15444
35793 22419
6380 14346
15671 35146
34308 1050
20953 27600
10711 35545
27980 39676
26071 15510
27426 28826
14995 24945
16428 1273
11698 5491
17567 6246
4051 5405
30810 9051
24288 16151
25966 6956
38847 25652
1148 34866
18785 25835
23508 15885
15687 30603
33126 17998
16176 18269
18082 25347
26338 11585
31514 37051
26408 5601
5465 20816
30875 29554
25947 27868
15328 36618
27384 17740
8480 4063
38893 22897
18873 26459
12751 7642
12348 21628
7685 2060
35145 11896
31677 4436
39933 31184
7422 4389
28651 1887
1470 12724
361 25867
30981 32476
34991 14589
7289 20489
13738 1207
30152 18136
20566 7795
270 19076
21263 12852
4366 23565
24573 8829
6826 29050
34072 1932
17898 34897
22618 28516
4818 35721
34171 28846
4704 13898
35777 5710
38008 35765
23102 11585
14677 24788
28728 238
37082 33111
21226 15886
32643 18660
35883 8065
24388 31559
32435 38394
9754 35554
31375 25175
13230 8689
30864 3617
19319 20664
31103 28769
33199 1599
28910 34213
8435 35245
2750 36447
35355 14744
26135 4508
36600 23139
16505 6088
23072 497
10194 33991
950 27484
24979 28729
4412 23093
13586 2411
29969 30511
11215 8749
13924 1229
13012 9697
35585 31517
14002 18057
5402 12268
15629 31920
32938 10371
6697 4572
2316 12077
13367 32130
26233 20995
23793 9291
4070 27276
32996 37589
3773 21852
5083 38856
4454 29122
1159 20295
12178 29809
31745 10153
33964 9586
14528 26732
1799 2205
4566 6733
15593 19483
29459 37501
25894 11996
37201 6145
30493 14285
1318 38522
14082 13695
10669 10773
2521 29147
18544 16299
35959 2029
6977 23676
39246 13418
37931 10822
37533 4815
24759 37466
22665 20051
2355 22199
5267 17714
10045 19743
36992 7989
32670 16367
12915 600
17340 15849
410 7499
31250 10777
2333 7112
33573 37257
27556 20169
22994 29962
22843 3100
511 36116
20817 39185
18674 25920
23955 31446
6686 27691
3242 31416
23108 24897
36198 9210
4423 17089
37016 37132
24031 26248
38487 18451
14990 19692
7988 34398
28756 15152
15046 31790
9969 19369
34598 28444
37667 32869
2072 19317
22995 5107
13811 7731
11419 17589
33215 11422
2770 9192
31582 37135
27083 9298
17155 19269
20381 36592
36343 1363
9561 19098
16360 37448
1325 12048
13411 18537
23055 35740
24183 19072
31770 6732
29617 33452
213 2514
15294 7727
27391 32764
20648 28266
17592 31128
13009 25415
7864 26273
2694 17135
5328 20799
30729 19698
22759 9308
4455 5310
916 37385
13622 31489
5828 18735
6053 20818
12787 3715
9024 29807
35219 30696
17605 4997
9290 38928
14436 30169
5653 30734
14615 16750
10411 20332
5420 11343
28561 15442
3045 31168
22531 14227
15770 32027
21904 20257
390 34417
11426 34423
37040 28559
12617 6173
26507 21577
36623 23105
30218 31459
18218 12184
21441 28809
36287 12123
7316 37423
25931 7457
8163 16300
4099 23469
37628 37385
17195 11199
20223 31760
31087 8489
3250 29387
33661 17611
27661 10015
7899 39672
1052 19377
7654 17994
16301 28745
30249 39399
3205 7941
24730 30396
22477 16833
21017 21964
14551 4565
867 32707
28446 23486
11444 633
21921 16417
1151 13166
20649 34228
580 7166
26307 16722
24442 18998
20795 12667
36008 2718
10824 16610
17823 5026
23389 22154
37573 11486
31156 31642
24174 5876
23576 4098
34200 19191
20546 5675
38410 481
5497 33933
8639 20765
29515 28669
37613 23628
18619 16835
6459 34211
34695 32334
16044 31265
31368 23970
30249 24083
20692 35983
37803 36063
36341 22971
4727 28848
4247 27746
21225 13598
32315 13104
36925 6403
37177 20006
34768 25905
7848 8972
17054 5813
12417 35590
12215 8504
11030 32183
16578 5362
15240 18349
9807 25421
2109 32178
29787 22527
17751 1362
21900 37048
10283 13378
15615 6861
19526 16312
23745 28288
25767 30917
37052 30180
7796 9880
23177 24742
17248 5902
37607 33560
39585 10268
1687 5163
26084 26500
36144 10251
10301 14670
2220 38449
35005 7614
10950 4008
12340 34241
37637 24762
35691 6470
17306 15168
31304 16160
8783 2543
36910 39000
5859 21786
6161 6774
38631 38732
24436 2430
28653 28525
39972 13837
35976 29605
15555 17782
20223 2733
11730 2675
15287 17605
3187 11395
22458 2718
31051 27562
29425 17398
28613 18996
6361 27658
1681 1354
9548 27739
26489 9890
1427 33142
26045 13368
10422 344
27471 24262
3740 7400
35438 30140
12152 10206
38607 25110
26696 11123
19603 7697
39308 31094
15364 2731
23428 8303
30750 16968
39928 5433
38805 39929
2745 1040
30385 25280
2808 17797
28282 22438
20218 38306
35398 48
23508 27611
2190 8135
5477 8903
15501 30609
4784 36735
36930 36366
29989 12974
14940 5466
35158 995
3971 30975
4223 10132
32352 34196
28571 24099
19207 17645
32485 5700
4595 21771
25025 30243
21151 33384
21125 33000
19892 34523
16805 24728
16548 37915
1734 31894
39449 37268
30119 869
60 35584
23434 19802
20465 34205
29318 21518
24523 13678
38970 30451
10504 14457
2776 22875
21281 27906
26545 37559
2645 9126
39975 3580
22050 23281
17948 22322
33924 25069
31898 16299
4804 14758
39514 34732
25929 29148
17160 26149
25516 17282
25300 18508
39125 3993
32606 39749
12336 35371
19132 13255
20930 31429
15330 20226
16652 24411
14437 33596
19393 10723
26030 20204
16399 2630
12980 26236
8477 17202
30004 10881
23775 21854
15241 34503
39073 15884
8866 29660
1852 10315
27367 25159
720 32834
19633 33037
25298 17068
35247 39439
7767 38670
20023 4216
37741 9380
29834 38551
29434 21630
31060 35674
13213 30751
13049 13633
29718 10559
38399 1777
19405 22084
13069 39677
11747 35681
19699 36526
28083 39628
24638 290
27440 26205
15117 13064
15199 8858
2392 34969
26126 35838
32425 34555
3900 16288
11697 110
7967 19885
12356 23813
12439 34362
5128 12858
33780 31754
39986 8122
34681 34347
6117 26785
14487 12217
33885 12220
5856 15424
18841 6630
12778 7931
5727 1511
24032 2714
36028 29684
30322 9882
3541 18547
25364 15958
9434 7990
11060 2379
1148 12370
31178 22265
142 29232
34124 7332
20109 4906
2779 20508
31574 1485
13043 30425
33053 32928
37306 17210
15751 738
15500 4839
19724 3797
14105 36836
17326 28960
1074 1010
31140 2640
31961 16218
36731 37112
23591 9485
5775 5130
7794 37672
27192 32577
8746 11838
1516 11246
3608 5610
32389 34458
2328 10956
15486 5284
14498 1709
27779 12999
14132 4429
7654 26850
6844 5731
25165 9206
4091 17194
30719 7882
6993 39582
15808 26501
18759 30949
30736 27290
29299 19850
28051 3404
36071 35924
36168 12529
14598 2598
38689 9065
2149 8886
36914 10053
5308 21291
22327 2047
32040 12881
12651 22342
31106 16837
24194 38775
26254 14491
18839 14661
8452 11881
5226 30214
29293 11285
215 28328
2396 11784
13249 17918
21167 3530
23848 11063
32941 22276
13348 35822
9325 12301
16384 18754
13883 15772
13846 13647
21442 21857
12004 6211
22980 34088
6623 17179
23746 33206
18500 37966
26566 19700
28885 14021
4606 6286
35990 27044
6566 20859
33421 35391
27675 8795
20050 20589
3753 28672
14864 1594
11608 28506
18744 10853
37428 27346
1914 39819
3026 20136
18507 32474
37106 20922
7384 37723
22243 35796
25879 37854
17576 34054
34404 33245
2448 37533
5308 25241
36216 34022
39703 9081
7280 15658
7293 22401
7482 9962
35667 26378
9256 14342
19063 37537
18527 33550
20872 9225
11326 17253
5385 631
5066 7979
4693 10327
16473 7863
29829 532
24578 20281
14527 30195
33044 31699
17766 5691
31966 31825
14436 13136
19464 3672
20662 36745
12536 6911
13236 3400
6327 19392
15546 33810
13257 33897
38931 24001
5257 28590
33148 25985
8809 9211
5900 4517
5725 35943
21182 23683
24177 11654
27198 7277
30 492
13208 22905
20721 29477
32223 11972
34636 13565
39046 6893
23789 26500
3528 12607
36323 11131
27387 30810
32634 36719
24291 29639
9988 21430
35400 17114
28780 3047
21528 15155
6720 10178
6219 24574
6511 12907
39902 26556
22845 26416
14751 37353
22999 10271
36837 31574
29037 940
19025 3762
30897 12328
10498 39011
14603 16527
8357 24957
23920 8860
31355 22972
16310 3452
14324 20213
3839 26577
19047 30312
518 39835
20629 8204
14741 7493
33557 2088
22419 13490
33284 39271
23954 36910
26898 24126
37124 15686
37749 19904
26753 3552
4400 31319
8939 22643
31705 9083
13114 29292
17472 24574
6362 37519
4163 19832
29432 18647
9196 2908
12276 29177
21684 29012
679 15961
34567 5986
20088 21555
17292 34456
4564 33023
26840 16804
26631 29963
28929 34252
5804 16892
4397 6322
30326 11138
32919 12172
14617 2705
18852 4630
14984 12502
17720 22267
10104 18038
422 18034
5942 8235
24793 32351
6543 32206
20504 38810
32625 36000
30312 7733
39192 20002
3692 17394
17326 35294
460 5609
10094 36887
32415 8702
3490 21673
15920 16228
37879 6358
38500 27248
7234 19236
21572 38974
39543 36015
20765 22136
38168 14958
28442 8810
31266 36510
2576 13457
1279 21571
13551 15107
24792 18203
30344 28874
36382 6545
10214 8646
37322 31718
38437 34544
26925 6442
35240 1381
18452 17808
7094 4062
16057 794
35837 34110
22071 21194
13256 34455
33664 23677
33942 12848
25545 13692
37826 4550
4781 5663
15565 11365
36135 25260
17578 31879
38705 11664
37948 34245
37689 15537
2421 25621
3580 19049
20573 31603
28195 7005
19307 35476
13954 33345
17265 7125
1131 11273
10765 38491
8687 12141
27620 29154
17615 23454
10155 26901
2163 19260
17214 24546
18071 25583
4200 13159
124 7845
39429 12039
14324 29692
29275 28223
21633 20409
31931 15625
231 8077
7325 16389
38997 37111
5852 12002
5 83
4511 15624
13232 6279
4129 19802
6831 7240
24774 15962
20202 39532
9489 31806
10979 28136
38442 18621
36373 35650
17518 6086
25486 36324
20398 13219
33417 10701
29010 15973
13125 11826
39235 4556
27863 22588
17902 57
23069 25401
32972 15434
37765 12723
18557 37783
18995 24382
13737 36102
20757 33049
36655 30389
6170 39091
2757 6345
22455 12890
16847 30554
11153 19429
6040 3543
4463 32498
29489 13489
3198 5595
28956 32126
37994 35329
31221 17203
30734 26174
29506 39876
17289 14466
38644 6102
10480 3862
35999 18650
35878 12906
15389 9165
20538 36092
30180 29354
9194 31833
9000 36925
12554 12567
29006 1276
14717 14427
22401 4018
30872 30288
20895 10784
13826 7623
9262 27284
15428 20180
28748 27762
11224 3062
12228 4644
31667 7656
23828 11495
1194 8830
5785 30710
25559 39830
15413 33246
25020 10777
200 25857
14416 11533
20418 35013
25721 13246
19257 374
7642 20977
9273 26943
240 38191
20369 25026
14261 1307
165 18980
24715 38146
2659 3139
33378 26104
31838 32545
14719 2933
1605 1955
16762 29036
15246 37313
29971 28649
8970 1238
24162 29424
28908 16575
11087 38584
33780 24813
24944 39488
34448 34285
15303 5494
36189 11859
22060 22775
28630 12858
6683 17154
16913 25705
29892 32544
28726 15202
847 37224
28718 25861
8446 29332
20310 3
2377 5870
2973 11303
26653 39364
36002 5494
23220 39973
2679 17580
12222 34863
26270 10990
14701 31028
26088 25238
20981 33621
22527 27894
11055 12531
9171 35765
20985 30617
21852 28554
25882 7337
7095 35015
29960 23010
3228 16414
24535 21919
23373 14174
31900 10627
27299 18425
22195 33661
25212 25106
27146 34327
19274 11709
10817 11352
35078 33974
35027 23568
25535 10857
20855 26948
4872 19475
7499 11066
9371 23824
30926 16117
2256 14980
17025 11221
28006 38183
4299 14373
25943 12675
18461 292
36622 39280
13858 37595
4044 28374
20271 6750
6931 5982
755 4162
18209 10579
11054 23159
15751 12340
30433 5218
25153 34968
19411 37350
32441 35360
31353 28211
8003 4888
22464 18250
158 10987
69 32272
4362 884
22891 32501
23535 34254
22521 27299
10502 14685
30358 14443
31719 19637
20185 5375
3237 20775
1861 17858
13896 26219
583 33612
9653 2470
342 38188
31963 8583
12839 29326
19564 34027
18733 35458
38790 1403
10795 3207
5984 8663
1628 34997
10466 36168
13666 14073
14809 2046
24483 13485
22916 34147
28118 33278
18839 34111
34475 10752
3394 14995
21433 30446
22660 21931
2221 2330
21089 5390
23205 7725
15121 17257
16441 6740
3314 20409
15866 19087
21284 3572
10655 39991
6294 21880
39148 34398
782 35724
37315 17239
5876 30699
1652 26161
3165 4524
37866 2497
30177 17543
15895 22993
6995 12097
4339 30168
33903 18585
31173 18086
36919 2885
6670 21868
24900 197
27642 24465
28711 17969
34533 4114
23687 8139
16922 33162
18492 20454
258 39586
27315 11957
21374 5795
8607 2656
24215 7376
32635 32848
29509 7443
17499 12058
26571 26317
30029 4380
36472 25928
10867 179
17668 9576
25056 5403
4149 5345
3267 10194
31806 18656
11350 13727
23504 15631
24905 14668
1825 14326
31257 30474
16309 14360
24984 25068
21878 19142
8336 374
21632 16121
7705 4202
36764 30769
3425 7351
17617 16284
37141 9542
26499 30493
34174 20845
23302 17950
7913 36498
18618 21711
1660 39257
11388 19512
17040 36084
32486 25634
28332 16760
3813 18754
16029 18479
36831 24738
9306 294
10994 36081
12598 1735
36791 5467
17232 4380
13513 15962
27140 34753
7237 19103
33267 16334
23448 5312
22272 26658
15839 7303
9419 4322
14790 33804
34719 12686
9132 22616
35625 5608
39361 38880
26083 14794
20317 22751
23422 27056
14030 13563
4670 1434
4604 9170
30368 12306
3624 20100
29674 32405
15280 34958
37278 11825
11416 23320
11744 16510
13536 11101
11381 17542
20490 21381
37000 28762
10882 39784
21776 16645
8156 7336
10376 22724
20802 26608
34671 19387
14810 2712
8670 20203
35990 10161
1048 26550
37947 4919
36477 4379
2580 21165
38163 14749
30712 4490
20411 34170
27881 19968
1815 13875
5242 25806
18981 32504
36661 36773
10083 31844
20924 18522
31741 38940
6185 16521
5354 6616
26185 37741
36968 5689
14330 29563
32519 1394
30780 7683
13225 9454
17968 27519
14836 2257
23495 39168
26104 32975
26330 31220
16112 4041
5737 32196
38387 27634
37108 23649
19026 30837
8284 22746
38908 35887
38378 24896
35153 19644
25996 7228
24283 20147
208 32651
36142 25002
29758 5073
14714 6575
39121 5750
14915 33225
17671 3862
32173 9798
18353 26537
36842 3534
34226 35031
39113 35928
27204 602
38007 37571
35089 5452
31468 9063
18040 34493
30529 19205
28333 680
11974 2211
2225 1523
7166 39145
20361 13533
32144 39403
39211 28779
10384 15040
20076 35158
1195 88
8356 34006
36549 35551
25913 29220
22614 38284
21326 37125
28841 890
31338 11336
24073 26586
34527 29547
14522 1460
20702 39043
17814 906
38944 27473
22378 24974
14196 6097
14137 30421
32646 17951
24279 36989
26113 17068
27140 38424
30587 28120
5323 37209
2460 36318
27163 24513
27784 12142
10819 30093
7383 17576
9583 35773
38452 16302
15233 20687
32715 2953
3644 750
7732 14042
28954 2102
25069 28590
36261 4712
33409 9531
1572 27837
39808 37609
39768 8889
16417 35238
31641 18148
11960 9881
31208 38636
16556 37618
35797 30365
639 38634
22028 13700
20011 36201
8277 38901
16490 3308
21315 21902
18913 3041
32786 11884
24786 1159
35273 32832
24664 19345
27888 7382
6123 16640
11626 11108
7526 36720
39108 24059
21845 17472
23597 16147
7879 18386
18723 4032
23411 11674
9359 3843
36357 21491
16675 23807
8889 8793
9869 21702
37589 2232
31615 8427
24945 24517
11082 24662
32334 14060
33560 29539
5125 23411
34532 23465
30207 27569
36169 5712
39030 27929
6034 25710
14278 23891
983 22790
28313 20968
39435 18970
13180 8886
17725 18938
18427 23225
7814 7144
12016 6720
19897 7707
7498 14656
37139 34029
5650 23234
38211 15420
35459 35102
28332 16175
12845 18729
2890 19275
29943 1308
11594 1909
16754 30562
36216 3317
36201 36213
19307 38554
36469 23764
15161 19321
13370 31976
25234 29753
6482 3648
11104 36219
28279 19676
10371 32412
22890 34682
231 16401
3109 15168
13983 32815
35357 22552
36816 39240
21454 18679
37980 22769
21400 5192
4680 25544
24727 26394
7387 487
37781 4772
25416 3373
9623 30067
25563 31772
10012 9294
14570 29478
18242 10788
3917 36636
5825 10026
3628 7237
27617 20058
33504 6002
39681 12952
10533 16799
20651 17745
2313 36030
3347 3011
26283 24183
17616 6642
12559 30573
37576 32643
9450 18127
1002 4523
38661 24872
32976 17278
28938 2113
2952 27843
31132 26449
35952 31484
813 3922
16350 19226
17644 24431
32939 512
31288 29537
29269 5722
24002 30611
7110 36619
844 12402
31939 17597
9935 19177
6466 38603
21165 8413
37602 17573
20651 25055
36338 21686
12171 24717
27837 25869
25115 1465
33460 30433
4300 16578
4346 6474
38461 53
20028 19914
19894 19341
31437 6517
15667 10403
2810 17837
36041 29843
33801 6442
22602 22254
16001 33033
31397 38852
4790 52
31326 22232
11142 37070
37563 8913
37274 34662
16772 15197
24605 25026
6307 31925
2696 39045
11425 15102
20413 18655
13260 3850
34019 9881
31003 36758
32643 20857
19050 11566
15363 38482
6382 32429
9077 32872
13754 14474
22019 5730
27199 29571
24654 33056
22321 25529
11440 21062
103 36724
18937 1120
12628 32760
5790 3896
12693 18093
20977 38749
24394 593
15446 3567
26770 23396
5964 19578
2549 18050
3897 19875
1707 14843
36542 28750
5390 4953
35686 38764
11592 5575
25256 17898
24464 25119
20041 24563
12016 21466
87 30091
15564 21868
12941 882
35242 39168
36563 5716
38798 39223
2266 29271
32025 8276
24809 33806
36675 21303
6547 16349
29117 25915
21024 23296
38814 5055
30521 29223
192 36277
37987 29725
16906 33359
35365 26120
12083 34736
38829 14008
24658 9034
37261 18518
12044 19655
5760 8471
7890 14301
12389 9027
35036 30967
17396 34433
27553 32940
36101 3392
668 36093
9545 24972
36322 5305
7691 19521
24541 34258
37277 12722
4078 13885
1728 39786
23875 22523
33205 18569
16592 15958
34021 36024
29593 24509
36229 31076
4229 27343
20823 39494
37360 13504
4432 18999
20183 18800
11164 33777
13697 28006
20322 30160
7962 422
2595 37757
13830 15084
30533 5966
5114 32640
25421 13828
35234 15199
4389 36635
37247 27720
5665 17572
16675 9230
27510 26600
11826 7448
16325 22446
14446 19423
24096 22440
38084 12383
23925 37676
15609 16548
27127 16631
6897 14755
19871 22668
9571 27518
21100 29287
443 34392
30109 19989
33198 4071
1762 20789
17761 27798
10805 9158
6966 30899
8063 18979
6957 2912
5155 32174
17139 32795
15225 1480
3396 34480
780 22741
3026 36834
10643 11630
24269 21086
7983 26200
2735 3816
23871 22347
13225 7595
29208 36736
9130 8171
33727 8148
20172 15455
13842 38580
36489 35236
36166 6738
29632 13715
20418 16490
26168 12588
15979 24511
12645 29587
21553 858
24137 34381
2057 557
31106 24722
36794 36443
28401 38392
12760 22433
4806 20245
3916 2773
39209 29844
17855 33924
29519 6922
32009 8721
14800 25141
4222 12315
37796 37547
20340 16497
6181 30039
27100 17037
7184 638
31783 7406
15073 7509
12963 34259
26437 14475
10863 6863
4572 20006
17013 5128
17711 39118
1141 1352
3820 21887
38449 28808
35375 9009
15828 21884
6803 14214
2752 13497
5645 39951
4600 8057
13581 28121
32683 24421
10149 20644
6834 14163
1428 16030
16685 39431
27637 30899
29910 16041
21757 24859
8081 34466
1431 1737
6764 32139
5239 14340
31551 3620
3365 9680
26165 30344
2479 22620
15108 39823
20495 38063
35095 19476
17201 18383
29727 12646
34289 18251
23958 36206
5137 39217
34134 25763
23672 28625
9014 28740
31747 17055
28760 11719
21094 1440
12155 15249
14919 16332
28603 34000
29495 31657
26354 33925
30202 17381
12388 19945
21767 6338
13291 37482
34565 2147
3266 3162
23734 9947
15705 8996
17263 5918
3751 5967
17907 2503
30038 10714
3563 8059
14751 27961
17490 8785
12045 13612
101 33056
4832 33055
24338 11126
4574 5282
33693 37803
2782 8501
5070 53
10667 12134
36484 31901
22584 24873
26087 14026
39610 4707
3872 22658
8859 3398
12628 6178
3558 19636
24943 13740
1091 32059
17114 13398
27259 7244
17782 39752
19217 13752
20198 1588
38007 2205
34358 25517
25961 17913
14189 3345
35745 17295
33010 11744
32405 28792
32159 9587
21492 29282
16013 9998
2740 4143
7197 15624
20732 16105
20249 34578
4040 33739
5295 26950
18 6368
39963 5535
15617 24733
8679 7480
17725 13854
22955 22175
15252 36674
38057 12333
15430 18211
29710 13068
17142 27478
21891 25406
2598 12727
17192 24299
6551 7018
7930 11962
33098 4736
34647 35344
23593 34436
3734 26539
34980 21667
22826 18981
31576 1714
9445 17198
5914 528
38311 9795
8695 19621
5210 31099
18286 32290
32430 13123
8225 14459
2680 35429
87 36883
9187 3931
7646 39883
12625 34346
31979 17060
35602 1464
16917 33959
25757 32456
35986 18815
33328 30715
7793 39888
11682 39944
24274 25236
12488 35135
23486 36394
38332 4201
22122 7655
32551 6254
5724 39077
30157 14142
23603 31017
27603 11573
25329 9620
23928 27226
22707 4563
16103 34720
25718 10137
10510 9409
31191 27484
3131 22325
8319 25923
16015 15619
19309 9005
5073 17377
18941 20335
28974 15935
26033 10220
29710 17718
7007 2327
36891 15334
14695 34891
38969 10174
7887 311
17499 28633
38150 9996
22079 31485
21508 34327
5370 21592
21712 26383
31614 11161
23271 29075
32440 10492
15527 38436
15599 11937
27255 39675
20420 22222
10771 34508
24487 33777
701 17975
31741 30344
6711 11436
34882 17513
9048 31905
5781 25079
32137 611
12055 38268
16487 10368
20304 39485
33929 38524
24615 11736
14576 8653
38898 15774
29099 337
3473 35388
36680 15460
21520 38553
29241 38793
246 4778
6982 7190
20641 20644
28319 19521
22299 8595
37443 4153
4360 21553
17785 39480
21995 12940
18811 34034
11435 35146
18721 2935
26611 3076
25736 11154
8156 687
34611 5739
14935 34837
21070 8129
27823 15287
4078 9847
28014 23746
9316 22788
25984 4152
34744 22783
15098 23048
19903 667
1999 9879
8340 48
14455 28607
30287 15072
15604 207
2324 17430
12960 6637
36014 34102
13933 14999
17056 33990
36694 10
39123 21207
32196 35854
19546 29277
26693 29075
36543 29006
37084 17082
36933 35093
8876 20342
23632 1087
29475 15070
30455 8669
17906 16915
28360 38519
25743 38250
6206 32917
36406 460
39236 12410
36855 10123
10038 36350
18067 7715
8427 2177
26911 30766
18914 10044
35281 29163
10650 26819
19 30649
21955 31119
23905 32091
5170 1036
14607 14702
25325 39850
19200 33678
32325 29733
4719 27815
23406 36359
11338 32708
37802 27756
14490 1519
28428 30681
2611 25536
31877 14130
26222 1534
5852 31531
28540 32945
39377 10223
17487 15446
5727 17799
7687 6292
7023 37391
17701 16831
25926 35015
30840 1935
12026 18444
30450 229
18591 4802
31980 34372
8491 23877
22996 4457
5781 10544
25702 121
21215 15877
29596 31027
18052 24853
14031 4350
29356 21955
12051 31762
37804 13180
37629 33588
15611 36479
24737 10396
24551 23511
25395 20602
39928 21831
28502 34234
19544 5844
28417 167
24534 769
4047 26489
28553 36994
16540 26044
37378 37444
16402 3316
6311 33940
7188 6114
21466 23116
26950 416
30092 37499
30486 17937
22654 32236
28474 19701
9918 32744
978 9986
9262 21613
37844 11876
8505 24876
6271 20860
39947 5724
22876 2338
13333 30368
35660 506
32060 2001
23822 11078
25592 23417
7993 28334
20842 15616
15966 6152
2018 39294
31625 33362
6989 23148
34652 21325
1021 20703
2170 27864
36942 10024
21972 21429
30377 20788
12660 20831
15725 211
29817 27419
33064 23421
21251 30240
3296 31562
7225 23130
16404 20912
2153 14825
35842 7604
5357 18416
6214 10448
37532 39140
38375 1321
23942 625
31946 27212
4082 10138
13966 656
6565 18827
22367 27495
38987 31249
33219 19785
23168 38578
12856 25830
8698 38349
29254 19067
36816 33506
18974 39486
9996 19210
25013 12493
19757 31752
30773 28946
7580 36474
19349 2864
2597 33449
6921 2300
23473 30541
6492 10128
32313 36451
10136 8141
18495 16577
36205 20157
7970 5642
9832 26636
21698 224
6922 2642
3550 2229
37233 19150
13226 39999
25201 25135
17317 34662
31490 989
33602 10996
20193 28674
9918 30578
21864 14389
39960 11108
37306 26212
15056 29083
17935 1789
32260 23107
21476 34913
11338 7964
22358 35118
1427 39264
5207 7823
1548 15874
30806 19602
5734 20540
10111 31697
11772 10421
37525 15155
36202 7504
11411 2259
25228 8251
39005 17502
15484 8044
16150 34452
14633 2532
17451 23268
20385 20693
19471 16129
25651 23331
39874 3128
13159 5698
6124 32380
7294 18648
13775 6850
17589 25014
34442 34956
21686 7243
28563 4925
18056 20223
29190 36805
19258 24796
15758 10890
919 37590
22105 34346
9564 13244
19123 17348
9403 26869
39266 12211
378 22778
37135 12601
14979 39866
22133 29380
1343 20911
3709 18754
4068 6634
6207 36075
11078 10889
28848 29208
2030 6631
37519 39663
39803 30243
24384 17103
26829 37548
212 4060
2940 39033
21799 31136
11752 37128
28095 22703
3285 17608
13509 13720
37023 18964
16838 21365
328 16679
38768 17433
19814 11689
17193 28334
37250 25825
2834 22469
34178 24280
24303 1160
14784 16822
25322 35338
22755 16898
3764 4030
35578 36823
15572 14979
1906 21976
36705 28283
32506 38126
7096 18362
3524 19110
37216 12188
33552 13586
27641 29705
1602 13241
35050 11181
14008 39112
32102 19134
4256 25635
30082 19351
35262 25717
4562 15275
38739 6483
5458 38304
5032 12811
16084 29829
28238 9087
15495 14586
2976 16522
28460 24578
27317 36434
24337 18289
15468 39711
15474 35215
6264 2918
16495 26098
19486 17680
18881 15982
28998 4117
21206 39355
22599 36786
21719 25810
34749 18119
18362 39227
27948 12502
25227 122
12355 9911
30642 27895
15489 3664
29648 6212
24754 22253
32667 2517
20478 854
38633 18284
30044 37000
39122 2563
32997 12308
477 11446
32508 8492
32551 12847
19316 12169
2478 30697
37605 37164
20364 1573
11438 18367
6501 24480
18926 11236
35503 31969
18841 4642
9803 21532
25327 30801
16854 15605
38443 13137
10242 14315
13250 7212
26189 23342
28994 28197
28760 16720
25335 13377
26710 8820
11103 23683
19602 37602
8575 35773
23405 24156
35277 6680
26210 16713
19525 29817
28176 12131
39382 18507
6360 24366
21642 9286
25262 17456
5475 1649
7071 35104
24578 19081
27890 28072
21761 35088
10224 23483
35963 15322
11198 32888
21321 2250
32468 37535
30298 2954
4057 33495
27512 10568
24288 6168
11278 39390
13165 19488
15905 14125
30217 27097
12498 9866
15003 18046
37865 34166
3456 15280
36510 37783
1819 35090
39972 12774
38390 19160
20835 6196
33846 17151
25435 38605
34628 37789
25521 2528
5422 36477
26934 1042
24741 13051
14961 27323
31629 8381
20721 37100
19775 37054
32066 6324
15553 9993
1275 27193
17161 3459
20540 21671
25089 30336
31409 19869
32081 26565
11391 35670
3154 14032
15136 23444
39778 20893
29142 16158
30678 30023
28401 5731
33326 14795
32083 15782
29604 23570
5823 34347
34065 25229
21274 35040
28155 10627
35914 3937
25162 29111
26817 18135
28130 21793
14752 17650
31456 11236
34842 32210
17441 883
5436 8411
7719 28152
30675 3835
38697 12500
18911 8499
15211 5604
27841 2335
8278 7089
3852 37156
95 2064
15449 37935
23075 35116
11762 32899
32308 30339
19035 7440
27914 376
4099 19004
39814 37328
23970 745
37868 4602
21136 9299
36669 35476
1406 31251
11671 15509
6594 22019
18296 36045
18768 22373
2380 20936
34416 10793
22301 5310
34977 1280
2500 1774
6390 26326
8174 1185
11110 29231
15153 18269
25029 4816
636 19084
29829 33989
24690 2365
35181 26703
31067 11438
28739 7996
18095 14581
348 12938
15782 9037
9630 21043
25253 8184
8494 18253
27828 4320
23672 25335
13356 24881
2492 30574
28536 12885
8616 38019
30298 12513
14405 19272
2321 13614
31981 37628
29864 16994
36138 4573
35710 21468
23831 20134
3465 7073
22025 25566
31538 25988
23256 22099
34884 4131
5244 30128
23414 15158
17137 12554
36541 16809
1943 8633
3695 12652
15040 27312
5211 18172
68 5446
16763 26506
23724 36771
4026 8918
15692 15508
27002 7052
39686 34069
21421 14744
10184 33523
5645 6887
17619 32495
10885 28341
13840 33437
22005 22531
23167 5509
16832 13072
17203 13295
15763 36889
33533 12093
11049 8310
11881 28213
22259 13643
7082 27936
38571 21656
6575 24286
11875 19368
24494 13413
31135 4623
27125 4222
20441 32893
37581 5684
12927 12137
32547 14037
33789 15128
37765 16633
16149 23929
36583 32829
14606 9859
10230 15253
12846 20291
21189 39891
39363 13579
18287 16212
31962 25873
22841 6909
30191 31838
28783 11544
35083 31751
38536 1899
14947 23631
29918 9497
10463 11419
36482 28638
35083 19802
24391 38454
16878 35657
23372 18802
29001 19240
29118 12491
22325 13663
4064 31606
1846 31665
39300 34588
36054 35259
37259 3800
21050 35051
18536 15712
26145 11345
10169 27164
27892 19512
4661 9170
35193 38197
19291 28160
12003 5383
6423 1606
14289 25987
17857 18237
31432 27522
17704 27396
16335 14889
10707 608
32329 35975
34111 35500
31772 35130
21058 16424
20461 22229
16502 1035
22005 31613
3555 15102
37890 6396
34981 37792
5827 14913
5113 19330
11200 34524
39314 6967
37800 25974
35658 11584
17649 28985
323 31763
29764 21946
3398 23921
34057 15837
32168 34159
4306 39206
29854 36823
17940 7219
5302 39851
33164 7520
18283 16725
1640 1888
3564 9086
7528 16931
2795 24736
35254 31773
12721 9722
13206 15904
4209 2709
3894 14822
7903 427
9682 16092
24242 7496
13280 24443
9422 13784
27637 18992
29804 11119
4326 37498
7296 9155
15966 4073
10543 34771
25172 18158
3358 8400
15643 23268
7120 9231
9239 2191
35765 14952
19681 3562
32534 37524
37982 11969
22791 30388
10841 8851
14267 28596
32024 15660
26988 26821
14822 34281
7422 2286
18979 26310
23996 37821
32080 7780
25744 37987
34397 36598
38204 17466
12229 22342
9030 26517
12182 12353
20856 5750
29996 19659
27347 1554
16644 2247
23193 2355
9346 19536
4249 13093
3259 1590
32392 11867
25967 28090
21472 23305
39993 15962
32404 12067
9290 37984
15144 22021
1949 19842
974 4322
31789 19256
11884 33968
21857 19501
8710 8452
20126 14046
12734 32863
20572 22920
21220 19616
16618 29304
11313 18061
15189 8401
25772 5410
15239 27136
37160 4117
11830 18470
30843 25050
17997 13080
356 30203
4065 32862
17442 28440
35236 6798
37871 38050
3582 12912
38391 7799
38889 13464
8797 19117
907 35789
28929 38158
16910 37196
35747 24066
23977 26735
6675 6019
13363 32460
34832 22250
857 1167
23604 11101
26157 13441
10746 12265
23348 37039
12382 3118
25191 5365
36374 14061
3555 5955
34628 24575
30903 27805
23044 33129
19076 8475
315 2708
25687 37214
25997 18963
21751 215
33320 29019
38010 29392
37542 10375
25078 25534
14708 8477
21587 29330
7470 16015
1603 11610
9249 10921
36724 6495
15721 28743
14166 22129
5231 18096
8942 38505
17433 14115
6112 22275
31383 39873
9897 7911
16276 8017
28591 20714
32316 17094
4244 27776
30920 5878
8834 26509
22991 39582
36412 28607
7564 30211
27854 36070
2 23716
23387 19434
10386 37939
35755 34359
26680 18613
36068 26638
33837 21540
27547 3145
27786 10952
5656 23030
29373 21428
38818 14388
20497 3113
39875 34545
28372 27661
25766 7103
16040 37157
15209 14459
37405 6646
20508 37696
35656 33300
33908 39045
4026 18680
1352 32449
30395 33869
9528 9135
4108 24562
15561 31172
35236 9028
17806 39270
90 18398
28946 29992
8679 12230
18302 20082
18714 12683
11328 20271
24741 25539
39266 2694
10011 30499
32708 17147
22526 18964
37717 27785
14259 26793
33723 29884
11904 6652
34171 4026
38416 10341
23320 35556
33284 19359
29231 28115
7467 3712
34996 301
6485 9566
8371 10521
38122 20820
24724 7161
18099 1364
26738 37064
33817 22707
401 39516
39027 36755
17154 5268
6963 1132
14406 5063
29199 8111
35820 24047
17625 29926
8257 3674
1010 26977
1252 20328
9839 12270
38665 22295
2894 29456
15115 16916
9350 6963
31696 33564
14366 18167
36969 18021
12327 30964
2799 36644
27361 37485
32161 38688
15142 7564
36288 19258
8178 26048
6920 13646
21971 39308
32843 24037
15446 19971
29669 6698
9977 25014
13809 13797
8243 18443
3516 30042
12181 21541
37221 17190
39766 3983
6828 5883
1886 963
29032 23410
15704 17449
30444 35626
25345 3817
13796 22667
20860 10607
10076 28587
28479 13334
23450 38163
23430 16408
19976 2587
38431 32542
39759 25147
23471 1681
32307 33713
12509 22098
37113 39485
37294 36280
12515 4816
17836 14095
13795 35824
2700 38432
890 24175
38308 23631
8937 1875
11996 26192
30084 10046
21863 22956
11720 11907
15223 35184
30812 6413
35994 1709
31261 644
6507 18854
7179 14559
10714 2351
18189 36116
26790 21145
35474 16222
18348 38622
15003 7309
3949 7300
4491 20154
5948 9433
36513 13032
23138 25124
20959 36824
36272 26722
37255 30510
12569 5004
6192 23358
33423 5548
2783 36408
3623 37291
27817 36283
26154 22238
23676 824
19036 8977
14957 16212
11939 10071
33270 7646
7091 35703
9629 849
38993 39491
18890 30302
19280 13236
1366 25741
24685 28159
28574 24809
22201 20143
3272 20758
30948 30251
16181 25437
1287 25974
32703 31785
12058 30116
8187 22149
21039 33051
3010 9817
3846 31007
30899 33686
34618 23812
26853 10602
7102 1882
13103 17090
8733 33467
34219 13826
32946 12642
27876 5214
12607 16504
29537 34839
11427 2357
6813 5864
247 25839
35561 25724
12139 1762
30705 38801
17146 14517
2706 32540
28305 23094
1511 29984
25299 17379
19022 15720
11065 30202
4742 23425
6873 39609
7448 14590
20613 18950
12119 36522
3938 30272
25321 10811
5053 30348
6472 19860
10794 38460
32215 39774
7490 6705
6273 4179
3969 38793
15460 18023
10963 33222
32629 32069
6289 5867
32632 7439
17343 588
26110 26427
25437 6452
14030 1852
20875 39458
20805 10446
14122 4134
39880 37163
7934 31239
29423 26649
11059 33610
37345 2750
29704 2205
31343 19549
3725 20235
14580 28413
1493 3297
1178 38597
32353 8379
37622 7636
7278 17982
31750 8384
24473 27955
8028 2229
27578 38742
32294 30608
163 1716
3555 23438
7968 26234
12805 23477
20788 12191
8249 20732
34798 11738
29424 36990
12845 15110
3108 2719
36863 3258
15527 2402
17246 39223
28275 181
21817 20838
19608 11928
34540 3975
37039 8463
15001 14852
11709 17057
23451 3976
25369 9962
24159 17848
7820 8379
39439 23018
12846 20683
36379 17569
10862 7618
35904 26132
21120 33898
6372 38806
13205 35698
15858 21588
23597 11013
4308 17989
384 35558
27700 33092
36060 32346
27589 12798
18222 21979
22619 26684
34297 9553
2372 31955
28064 36073
13623 6226
593 28692
31143 4427
19338 20185
10725 25936
35308 22994
7525 28506
8824 3124
25943 26669
39826 2071
32056 31432
34106 32282
35817 22318
36821 38390
12933 33349
5209 34819
6885 12676
23401 27800
24196 12888
30046 4605
20471 28951
10043 38724
13621 19423
6687 5958
39001 1674
12539 12734
4955 35610
11581 20554
13343 3141
26686 35571
35795 16594
10438 23147
29659 11498
23518 374
33585 32199
26835 22788
10037 31808
2856 26750
19248 35130
671 24260
27796 24628
9169 21050
30403 26560
29095 30506
5162 31377
22503 14143
13958 38687
6730 30276
24406 37775
10392 361
28189 13776
12816 25044
15360 4830
35133 27867
29895 15099
37758 35141
25947 19119
9191 14284
7152 35719
21660 9283
21611 32050
14571 7448
34085 6572
23034 21630
784 10517
39350 6929
621 29057
13136 27553
18639 33166
31388 7720
9451 16220
37563 8004
30555 34185
13233 5283
2401 25160
39824 32141
37470 22024
5386 14090
12571 37878
36575 13435
25526 12338
6485 9269
34412 27326
14811 23569
15966 12183
33220 34574
5379 4686
35338 14890
16133 23822
32527 21462
8096 22253
20656 30608
24308 3253
36898 15660
14331 18852
20228 6508
927 19295
38615 451
32754 37197
30447 15578
8420 29448
32953 20142
27199 6957
33319 7928
5767 5486
33661 34336
2700 8649
12970 28339
35709 17052
14405 39769
7871 30405
24909 30247
12914 18963
5414 16289
4446 864
33652 508
22967 37730
20721 39286
26163 19641
2023 17957
38604 30299
32188 39575
29277 20522
12859 11083
36432 14707
9825 3642
29680 4295
29000 26468
17645 29760
27862 30306
38286 32315
7483 23088
28140 14346
14733 35448
20709 29173
27874 8062
18082 11269
21489 23810
14219 26466
26583 32578
38330 30351
37526 21226
30429 32125
3769 8668
34942 20259
8458 22845
20973 13549
12935 21822
25822 34716
34795 5399
2438 7109
28611 12060
37762 21906
9671 3651
31783 6941
26814 26440
31008 31726
39592 12647
38416 6573
18670 19366
6340 3864
1150 33141
22358 24452
35716 127
27061 17785
16004 4143
31841 9669
13102 33968
33966 35638
30729 29223
9225 10779
910 33853
16066 16512
8719 39176
3128 13602
25303 20563
12511 21353
20479 36512
20153 23626
32789 22938
27074 33817
2858 37922
24185 32576
39681 15099
35414 30231
12911 20818
21619 30012
6048 1848
19171 25836
5659 31191
24038 36533
13629 7641
36243 25486
26762 37510
31618 27966
34599 35846
20035 4531
25485 11785
32840 13598
21502 19723
32814 2386
34581 12381
23691 16191
38232 9190
16456 7337
23254 22426
35240 35771
14076 12617
5762 35249
7104 25227
18293 9765
4404 20458
18752 10782
38500 13412
29396 25952
8266 8584
27093 8771
8131 13454
38386 10721
16908 36620
7105 27798
30188 27609
12387 3033
4693 336
1010 37019
12005 26073
34446 21677
13642 20455
32069 22884
685 26995
20467 3245
14534 24835
4808 10337
32865 26736
21787 35974
18763 37638
38348 1691
24783 12466
18656 3013
2729 28151
6136 35726
36324 5285
18837 11022
31405 30554
37942 13005
26262 25736
25661 27948
31808 5683
6649 5468
4906 32650
28081 4005
39547 39856
24133 35265
2621 23766
25201 21106
286 16794
818 38962
38589 9000
10610 6713
15610 26627
36531 35468
35757 36357
740 35220
31083 38116
8631 2097
8239 10172
31911 26021
22989 24555
26658 5894
28339 26380
5160 21975
22712 24499
12962 25301
17809 3206
5100 16581
7234 27907
954 5251
2868 37936
3866 25966
2786 36931
9784 14491
19573 15922
18250 9241
29510 19082
28093 3066
16471 2463
38636 1569
8714 39429
5626 30449
24824 37641
33011 5842
9062 36325
15930 17631
2460 22968
15266 25452
14815 38321
37792 24478
25731 16531
31009 32277
30978 28987
23054 36446
17921 6567
38133 34508
15056 33972
31794 33008
26342 35180
1427 39705
19340 31876
2556 21142
2489 2030
33816 25230
38876 17238
25178 24292
23064 30232
31181 18138
34318 21369
19669 13906
36435 27013
6305 9600
13635 29876
8480 14683
15698 4427
27397 36295
28543 33609
6139 34396
16420 16630
16133 23309
26620 30018
8791 38193
17904 12516
26279 18250
18095 26842
17794 30002
5203 32163
12294 24638
10406 32563
12286 30575
12255 18352
26926 22810
37075 14584
6255 8630
31485 3940
21014 22106
1289 400
34563 26125
21581 24885
3004 20288
4701 29766
23405 19142
27681 2474
37382 39902
8861 13726
31370 5491
16419 29323
1001 6759
9976 25535
24765 18406
23484 9875
22582 18525
33112 14612
24699 24198
28559 38080
23217 26518
13899 5219
1796 21249
37359 38437
23891 12276
2349 12050
30148 7983
21699 21017
13256 10981
36132 32234
4618 28958
36335 19504
6514 10313
6338 6016
37871 22493
6485 33279
11486 1489
1442 3220
15789 34444
11927 21246
6482 17861
35298 15179
10199 24520
39951 10471
21171 7272
29169 24800
2564 36672
34131 8477
37444 6572
15251 1463
30386 27837
13799 30193
15030 25821
24835 3614
39397 19910
14093 12915
13340 27364
25367 36773
38186 19469
32110 10087
39274 19089
29829 26137
24877 18283
27431 17284
30186 25335
6447 30689
8160 39037
25191 18043
7065 7748
13138 25280
33172 25685
17594 28088
14549 27405
28026 26338
8839 34275
14392 10187
1841 14309
15548 11599
32139 13345
19656 29178
23298 7852
24021 22997
35051 23018
30204 10805
14082 37134
6430 16979
39843 3669
5437 13868
16708 1136
33726 12215
36226 26792
29885 4200
34565 34877
13845 15875
17821 23799
5140 4026
4171 16922
27113 16976
11255 31493
39452 15388
36876 22658
38797 31111
3361 14649
15961 3889
15855 38084
17887 15030
15448 14285
3962 24736
37711 10546
24107 15654
37085 31126
29534 32414
37043 30083
29677 30666
5742 36273
7632 3827
28319 18825
2492 36954
28040 16389
22724 13492
17579 29409
39866 32136
18218 37882
38800 34431
23427 37632
32980 1534
32675 1365
38187 39903
28931 31799
1225 33229
14726 28954
19153 1424
37173 32311
1430 13849
7169 26894
9937 18091
23084 12436
10356 20216
11748 13660
432 20340
149 7667
6778 17987
5589 30072
23851 204
2454 32674
20750 11594
6978 3787
6914 14448
376 11791
22068 1326
1325 18141
21374 36209
5717 20248
11188 13742
11033 24164
14644 23075
13424 28331
27693 25218
7786 18406
5745 18883
6908 23225
3949 19179
17092 27455
38339 696
14546 21573
33523 27990
35838 39689
10235 21126
32380 34924
9523 24181
5493 26130
33628 15168
36005 7532
18649 15194
17441 24566
7042 39095
14552 19474
29048 30296
37549 8382
34863 4628
30719 28668
28160 26592
9755 22492
992 8424
34406 21560
29051 24052
15192 9591
31640 3031
13025 17760
24028 10214
38331 4961
31006 33899
19551 39869
318 37936
23054 5885
171 17356
29461 20193
5047 27141
7657 34479
12571 4751
36042 14195
1251 37262
19334 2010
29475 35013
18084 39248
29799 5382
24372 21799
849 32965
22505 19771
24421 28171
17418 6164
10051 7044
6073 37841
19818 19741
10542 20500
1832 24442
29450 30172
12279 12640
5717 36704
37361 39068
33441 30577
31093 2813
11781 39343
32962 37890
791 15014
34004 35638
30718 917
37156 7800
13077 6929
28905 12851
27532 20244
38289 21156
7278 31324
20770 37840
33832 11339
35463 8761
2722 20760
5366 17814
9997 10420
4537 32527
26200 26138
23574 33365
34168 10570
14914 6833
1273 37505
14254 28590
16620 21975
13961 3460
21940 12527
24888 15023
25285 4788
37448 4510
24507 33245
27959 619
20669 682
39445 33905
17310 2145
29927 36614
29410 31797
25532 35741
5639 28649
39826 13642
19766 12870
21083 34568
25257 5516
39007 323
30199 39692
9066 18779
11929 14474
38334 29165
28049 25415
2000 14020
10678 36962
21184 23563
31922 38693
22050 11676
27102 25319
5973 18138
37100 11102
7712 9312
4555 7713
8632 26788
30047 33772
1559 2253
32700 17852
8482 3705
16444 7676
37326 21638
4724 25197
31297 4945
29892 2739
29693 13091
4950 23211
7736 21963
27520 29763
14410 16875
6893 39394
39148 2264
6127 19264
22440 8475
17791 30357
14973 3119
11363 1970
7691 1389
16314 37749
26111 6156
20718 5918
37294 16091
5438 17524
5794 1258
27791 3060
26437 9858
39697 38510
15827 1222
12660 34676
32233 16001
6214 14981
15368 22007
37389 2
23000 18830
3348 36027
34340 25478
10247 24162
8011 34508
4979 21761
35905 34707
25413 30135
2447 26529
34092 11914
26114 15573
848 21942
36792 15914
21570 13404
6579 33252
5269 19730
37913 33995
35575 21367
2485 12374
1952 26118
23412 18041
11419 24753
6173 2192
2291 25035
11588 6861
6948 21388
527 33355
38596 22625
13305 39828
22135 19971
20567 26070
13820 31825
5738 36657
19801 37750
12193 14353
21788 11173
32118 39370
10023 7108
3079 13643
26725 26893
14746 11214
17393 30796
5006 25845
30694 18533
15596 21844
4954 30379
14155 2045
12841 16728
11063 28849
37504 14982
35170 37110
52 8844
10131 11
22122 13287
28568 6811
38283 9688
11514 31777
21498 10679
19034 26948
9703 32056
36109 21037
16011 33738
31596 31576
14291 4568
9128 3697
19108 14398
33768 342
13637 17205
20379 11902
33105 32984
19901 33059
36789 3206
4241 35634
17990 17043
31227 39801
27194 26234
24838 35540
18497 171
36159 29374
35834 35712
8967 22502
7070 29840
4563 23168
29389 37948
33517 14123
27986 38602
18406 7062
32476 24053
36945 3888
24368 27461
1614 11188
14091 2102
38378 22239
11788 13549
18577 13078
17370 4910
20132 32908
12735 35996
28036 18515
33816 4667
26782 703
29929 14873
5290 25788
24466 14295
39302 6244
10939 35956
26117 22352
32626 9187
23212 21199
20406 15354
31 28403
10757 11176
21315 33218
1091 4280
23705 10117
27345 18447
19020 8129
19487 13409
32859 6209
6018 26772
35862 28624
22909 35677
38209 31958
27008 11052
29660 32533
8833 4055
38262 11808
33705 7461
4097 10671
17694 20783
30579 12393
14844 16298
3963 30617
27964 10211
27775 38480
3960 19746
25443 30434
26767 6380
10619 39836
34095 34181
263 17243
5748 10782
18146 35100
36484 19063
13882 17058
16538 12230
37251 30565
14189 15801
24781 14521
13124 13361
24507 13100
26245 38674
29285 32636
38519 7782
19595 15107
24591 9339
9168 23085
18948 7252
9438 11273
1943 12457
6748 24056
35011 27776
21888 29657
568 31932
25699 6289
39706 38117
39572 13804
16405 7231
7797 31514
19181 3476
28230 22500
23219 9986
23710 26528
14830 24322
31396 28682
14351 12389
721 30668
27502 28500
21939 26223
4896 12491
204 21089
28052 22392
1117 5584
2659 16031
33698 30471
29650 22689
14022 31008
36527 39793
30714 35792
38451 4151
39893 18584
18860 37583
26696 19101
27640 381
38618 9095
1129 26759
35218 8491
15573 14701
9198 34938
12945 21021
15824 14874
8820 24635
31602 4715
30683 35449
22533 17198
35171 26436
9994 19125
14766 38877
6749 15485
8478 36213
35384 25327
4441 225
7282 19535
33224 25800
16641 34540
7389 36431
32329 23210
29225 1158
10811 19393
36685 15480
27948 9018
25404 37241
29615 28365
15099 25010
5297 6795
29106 14048
21018 17045
12501 31957
13379 33070
21688 16418
16440 24486
4518 2268
20600 13571
19234 11395
33858 17720
16214 33573
25151 38035
30465 35851
5488 14763
21890 28153
3549 15616
6198 19075
3068 31277
31958 34578
31144 17992
4894 15675
39340 10041
29861 7169
8828 19204
39941 16238
15296 33779
19501 1436
9681 37659
9469 16459
3101 21048
32477 20736
5020 637
33540 20781
38934 12173
24936 37533
8978 22368
9969 15675
36967 33809
16346 22480
34281 13067
3145 2589
32868 13788
26097 15935
2502 5254
37464 4995
12195 34595
39942 330
17140 14089
21962 26681
5208 22237
5398 35484
17508 451
12089 9904
20571 27559
37918 39796
38703 7403
8376 12822
14930 20192
34928 4591
3748 7085
31066 18597
2570 39163
38520 10659
32546 35516
29788 26909
26032 26882
32453 27261
31812 33029
1415 34058
8331 39738
25428 12405
10015 36818
12600 19068
14268 28619
26348 22889
13162 18976
21517 29666
516 22982
21887 28173
9952 37554
33361 17343
12469 16569
13293 8634
6186 12062
25556 39833
29894 36261
35070 11450
965 2612
16915 20002
6380 28572
11649 29061
7147 21382
4185 29899
24328 27111
34988 37749
14253 24821
19564 5854
14281 21797
12435 18343
18368 12111
3825 20903
6563 28940
8424 7982
16860 25043
3257 30533
37835 8751
32790 30719
37521 20175
4030 326
30126 36943
22017 25132
3963 13633
27995 30344
30549 16579
23463 23415
37654 9007
39653 9402
5767 8220
37971 9800
13720 5067
4849 7521
35104 13364
35363 39811
26012 17338
23199 31396
29096 31039
35027 22161
22676 4925
9246 15905
29457 25613
9958 22280
32278 39122
38135 28900
14582 13489
6553 33852
18665 13242
35991 31411
1275 37472
29277 29195
34762 37556
19835 33946
16990 9527
31720 25213
8881 9048
34930 7395
27640 15222
20362 7834
39750 39062
8915 1514
25212 37136
37019 22965
34804 27226
3417 32006
33225 9075
30429 11277
10516 32601
20996 5041
28592 19829
14954 26037
4497 15097
18876 25226
16202 30157
4097 10786
33754 16684
3333 39169
37446 6517
28544 1031
16454 24165
25541 36021
7870 36556
37651 37642
39087 22626
34406 31527
11963 25035
36768 21130
26049 38054
5490 17140
25295 39671
38538 16228
34871 2022
6640 39844
10353 4468
19375 9027
4515 35184
24066 15535
9671 25074
19471 609
30627 11142
24999 32373
29023 14847
9252 15539
20805 24139
20228 12447
2769 10049
25584 16912
30322 27220
3940 38670
26399 3347
38633 24520
34322 32588
4438 3523
34157 18592
23771 9738
22377 16809
33910 38085
9636 2974
18146 34122
17140 16475
8542 3874
38139 38428
27517 4552
16066 22202
22273 7326
29765 8164
24047 11698
15593 36490
39733 27556
29005 1551
17693 19841
25090 4239
14444 7588
29426 24091
29732 21219
3256 20021
30405 30984
11470 1663
14884 30438
972 7846
34526 34308
6886 3463
26325 18312
30901 5394
32336 18360
36758 35836
11742 25365
20277 1945
24420 6707
13472 6795
19014 9048
18884 14499
8559 26014
7514 4671
708 21512
8822 38537
24351 28190
26906 29971
8476 27161
4879 19023
30041 11756
21254 14354
4205 11399
13477 25135
32468 5316
39700 6932
38449 13857
22915 18175
35062 2116
6371 20176
809 28727
24466 10211
2976 29545
267 29458
3601 24895
24500 28770
26897 546
7311 16710
22608 35060
19094 5126
39670 35491
9512 3967
981 29424
17495 16014
30213 764
37881 32146
24568 24289
3935 21184
28320 6680
14807 18258
18051 27259
35297 28588
24153 31723
16669 28903
8699 20199
34447 5179
20552 36615
4845 30635
18849 3995
30857 33063
35038 36596
33273 28504
5860 4591
12639 36257
6340 11660
13106 9429
18032 8503
19374 3976
19281 35117
6750 5165
27398 39881
10925 8628
27220 26156
3241 1095
27290 26452
30762 5344
21815 27736
11440 12034
14713 35825
6538 14707
29230 8725
38698 8956
6536 20456
11766 11548
14666 25441
3354 15677
4517 18015
31937 29934
19319 24326
4839 34583
36199 12977
33029 18775
21283 33371
31123 18378
37974 28252
11712 2997
30135 23264
3951 26481
14959 814
39951 27399
14961 32408
38949 27946
14683 36004
9355 37859
35850 28648
19518 5849
33946 7808
9296 4832
4418 39205
6301 736
5974 29220
18588 5066
33241 6791
11271 3141
3663 5327
12520 39274
991 329
6794 31395
7315 26725
13515 2544
35739 33409
34876 22833
20780 35319
22442 32158
36055 12245
23562 34476
4413 23486
33819 1884
3074 5091
39926 36888
12444 20416
27689 27268
27363 18226
26988 39458
18434 7301
16376 12004
3230 36945
9994 16243
38569 4358
21518 39099
35625 14528
16537 33584
21241 39579
38624 20573
10968 8802
23422 29632
8706 1973
33477 30445
36481 35953
3916 38807
23873 39567
36830 36968
13582 19471
14970 8508
29751 13383
37650 38508
29445 16924
11867 16972
11037 5467
22878 37399
14624 33596
10543 24217
6573 4996
2240 8630
10470 36346
36789 6861
13333 28286
30828 35746
34583 30491
18902 39017
15741 4945
27683 39465
2357 19412
13444 28237
12682 33680
24815 33979
29439 21314
967 37385
8875 31253
12938 13928
13929 17017
27265 11529
30299 17845
25055 27374
29072 27251
16425 3947
13913 16292
26026 12734
33867 12825
26772 569
23230 20292
32904 12745
18461 9402
7530 6746
32705 26699
19555 15719
32838 22399
36108 15271
28141 15157
20306 35029
11157 38618
35735 11438
29207 18124
28206 8942
22227 18500
11888 4303
24647 37040
11886 21734
15146 8895
9719 4816
26996 21320
32872 24069
34827 28965
10658 17576
14866 1876
31820 12588
1938 13612
4590 4418
14651 31418
36148 38953
27329 32452
9694 228
33254 8400
2745 23153
38286 34857
28146 35988
5541 25152
1283 18633
36504 17001
26760 28065
25167 2932
10814 15845
1758 17308
34591 23709
29343 22559
2934 12509
14356 26923
6215 27007
15865 1610
13676 6992
6730 30382
24539 4282
35708 17187
36163 6104
16366 31504
37182 31068
1288 8537
23143 37701
7064 11527
12899 12672
38758 8020
24234 25815
29685 21985
32046 19314
23443 27611
10015 5726
27337 23509
11172 17909
326 11110
8599 13853
33300 33158
37185 34000
14351 38810
16685 37250
24562 14216
22103 8819
9074 19114
25816 24511
1286 28784
24388 4957
36826 22273
39234 20240
27641 39715
20633 32526
21701 21849
2619 13426
4330 16923
4213 36859
32703 35368
14000 34353
29025 11666
18055 35436
3827 19288
36871 31853
32287 11975
12565 35428
7991 22101
39960 29607
32148 13432
21271 10867
37480 28398
6945 702
10561 27418
33280 22159
10585 15925
31853 18460
13912 39117
31002 5876
35590 20615
17135 5821
1488 18244
38589 16654
15511 10796
3278 11063
38429 19433
21896 20205
3933 28358
9083 33936
15276 17945
35789 12398
39461 14527
38473 36856
8349 13919
30393 17851
16415 6410
610 13800
21091 9560
11288 13972
29139 1977
39803 92
14811 2404
11389 22224
4729 12026
13555 39831
33500 25465
29465 12417
33512 12321
18884 13385
17695 9708
23541 11617
14822 26133
1520 39075
39928 36303
16389 32803
37291 6676
24569 28692
37590 31169
7543 18672
23899 38185
11634 13866
39196 19930
2901 5118
7164 20133
402 1168
20360 24603
21650 11996
4788 9015
27658 32456
22564 33040
19443 10433
3390 37178
23291 21613
33422 34469
21711 4979
23328 19710
1701 12589
597 16121
16777 32443
37227 8341
3635 19365
23136 37892
37835 4826
35692 12943
16628 32683
11411 12815
34951 10439
34969 38173
37326 6749
22731 21552
17811 32610
5941 7064
19098 35083
30217 35069
25741 21019
5260 14645
37828 13998
35400 26092
29711 3472
30798 8796
17673 18021
7872 34912
18487 36345
33504 25547
39425 10049
3416 36428
3628 10786
5218 9210
17269 16499
5324 32214
20265 34323
12790 22045
1959 21587
7364 24738
9856 25889
29384 28119
19091 3439
28615 21508
7403 28686
38677 27857
554 8121
28102 1289
13736 29815
25021 27657
15609 32889
7883 24120
5492 11980
23295 20181
10757 36061
18360 6532
21636 29856
13043 29262
4888 14858
23046 16505
30522 6805
37863 16350
38699 25137
110 30495
13871 35123
6851 5762
11921 29779
9058 4653
7338 19672
33211 31712
15520 3370
34922 15557
29716 9174
16851 5616
28982 15356
5860 2258
9579 28600
4181 36651
3980 3373
24160 20679
24126 35054
31654 16036
39261 26356
496 16359
19139 38220
36178 10843
19192 171
19459 16414
1553 27845
2318 25324
2535 25340
33780 24573
31159 22690
26121 9577
8137 3890
26145 36097
11559 37673
15318 16412
19767 28441
4179 27214
31705 21687
35693 35910
11226 37049
5266 15119
18800 18306
2059 23829
16872 15536
36887 3388
5115 29848
27120 7389
20970 36386
33891 9598
10116 13867
4639 13385
5607 32972
8373 10098
14649 17695
37926 28977
12046 14373
10260 30795
9506 21472
34451 15545
29490 29073
3399 28843
26296 30770
2926 29595
38280 24069
1049 23238
27689 11901
5192 31095
19773 3063
17363 30438
16840 17658
364 14458
31625 28191
18499 25599
16614 11192
11093 18724
4598 2348
3205 22006
25101 2786
24588 37863
13047 3360
28492 28817
26217 9209
29123 27889
24507 39808
23293 8252
32983 32597
16389 4391
7955 27131
20766 17955
37141 23942
35976 18882
35863 21226
32892 10131
11581 36196
22098 8704
28760 24742
4982 23169
28987 24473
36538 16392
26998 26989
32257 38780
30434 6375
26798 3228
35891 1061
38786 5352
12144 5048
7993 9941
15397 17928
19339 12063
24070 33176
38749 20446
17625 8649
15713 17918
36588 33669
6286 34033
27833 27496
21894 22361
17478 36379
4657 4883
12352 2577
36430 3144
11627 17482
30397 11794
1515 132
33437 12899
26992 37335
38372 37135
7452 39052
25916 5529
21960 15713
17911 8594
28097 10464
17429 28909
5812 11382
39648 7772
9836 26673
5987 7052
5989 16621
572 15779
3432 29960
18135 25570
16262 30142
5586 9755
37248 4885
2024 2045
24990 10478
36897 27376
10823 1791
31742 35833
13235 34281
37154 25923
1654 12790
26959 3647
38489 39791
13206 17760
16067 25604
33313 664
3090 13026
6142 26561
39793 29780
19200 26161
4019 31014
14083 39085
14977 17550
23592 12307
1130 36509
1032 10891
19382 6925
19128 23372
24717 33685
4079 35652
39359 14619
22685 30988
19460 7280
25991 21994
17869 39068
25001 21404
20198 31334
20794 649
36723 18755
36939 18524
15942 21332
33345 36920
16716 9117
10198 7722
21803 17794
218 23448
26573 17013
31301 14484
6732 26356
22684 11295
1193 22783
17833 38702
12949 3863
13906 23543
25762 31005
12780 28819
10150 21640
8956 3165
16249 13342
38243 26899
33767 24680
21251 29618
16277 27492
2204 33778
17055 23293
13643 10811
34293 27945
8498 22920
30325 11333
36044 39450
19614 726
23201 13946
32701 32402
22546 28854
12905 34519
18383 35413
434 9203
30340 34404
14594 11299
17846 11081
37966 11895
19468 32843
11247 6120
19582 22877
34406 35867
32088 12767
38812 21850
22570 34248
13761 28837
20820 11741
19677 20706
11162 36139
28353 8050
27654 22542
1752 2095
25041 17897
24897 21
3325 7240
23459 27040
7137 19032
796 20903
36497 26233
26344 31242
8327 2753
21767 31298
20691 787
11602 28045
39590 27826
1851 34944
7234 8767
35502 4184
10714 26864
23637 31879
37652 11852
4184 22416
13086 36398
30032 35748
29543 13654
1549 2953
36147 20631
37590 5850
4888 27348
15281 36828
13511 11739
16008 16454
10460 4859
30492 23299
33614 6627
11992 94
23481 11668
600 1655
2151 16732
19618 37099
39959 15883
16560 21932
22318 809
26069 39459
18183 24671
34253 33710
13651 31349
14058 22868
23398 15449
822 4079
29076 25522
17897 29796
11415 25106
19143 10266
20770 26349
33223 30582
9926 9163
35852 29431
5225 7857
29283 24969
6611 20957
22814 27932
26935 10610
30454 20674
12248 18077
9269 7052
16017 36845
18268 3677
400 17328
4700 8463
7394 32382
17816 20247
30499 15836
16429 225
32351 20970
37208 6383
7887 33963
27401 6730
18368 12486
11354 39109
15538 19085
3922 25089
2388 457
28514 26204
9458 1
15261 24485
39815 4077
31876 14033
39013 28417
3868 33805
29485 7592
4787 13304
22097 17817
15956 28387
36650 36187
3120 23573
38298 29896
21779 20221
25224 34873
18679 11929
22520 31798
12274 37134
32373 9234
35596 37537
16311 9835
37144 8985
20202 2936
29181 18772
26110 37780
1818 13663
6274 21413
33028 24024
25448 27452
17818 21455
39938 34946
23578 24555
10712 15192
3623 28316
36506 29927
5625 20407
10704 23764
27223 19149
22290 32502
8115 7266
25704 44
780 6263
28233 1026
25936 31956
6646 5772
19059 14196
28663 13620
4933 26913
11049 16530
4579 37913
27106 10766
11641 190
4363 22833
39001 24337
15283 12442
27869 6667
26377 14086
2487 24087
7780 3168
35300 1874
20969 12643
4775 25429
31507 23067
36261 27342
11391 13586
12010 9779
35470 12276
5349 22419
31165 35239
26940 15857
10696 11821
439 8711
30733 1984
25181 21301
32548 24965
31258 12759
31676 39506
29219 34905
8416 31981
29446 37161
35623 31075
27510 21807
13133 27266
14712 18858
36157 25493
6672 27067
35111 19803
16462 26391
3835 6056
23297 28759
28451 37089
3218 26847
15912 8349
7024 22869
3985 30867
25841 15532
730 31349
19298 10385
8831 2074
7133 5517
7897 3954
30333 3975
16578 12197
14462 20137
35489 18498
22162 37933
11532 21825
8418 17199
7853 33792
13810 17690
13814 29564
38851 39582
680 8720
32554 21841
476 35418
29016 17011
20039 19523
33490 26813
32339 23979
10715 5261
622 35771
29715 26518
29781 11353
36107 19811
24263 1649
13262 9551
13909 37354
811 31287
7129 4669
13284 22756
20870 27271
38789 3501
25184 3818
6626 26382
21797 27498
13580 35866
10814 21684
20592 34661
27685 25671
33152 19995
32721 39577
12918 18602
33547 8235
3797 39121
978 14466
8508 32722
12871 17052
10978 14373
1683 36241
15793 32714
19113 8859
36286 2177
22448 15574
38047 15341
26338 23071
11663 20468
5337 10680
9402 13765
6002 29106
35765 25418
3340 29984
13208 19484
34795 8565
26798 30962
26973 4272
15976 18875
26702 28373
34527 32948
14336 10907
38653 37360
28980 12064
4227 24095
30681 37358
35799 29809
18915 27814
23342 30919
8369 23152
5782 26376
37937 1485
23213 3348
12970 3244
16243 13409
2229 10704
21948 13085
19002 37231
24487 2552
7554 11299
8412 18776
9146 19218
18144 7217
22705 14405
7177 29475
25984 37989
24906 24256
28046 19621
20833 429
1904 4692
36604 3187
34809 1590
38093 32444
23464 16298
23865 12084
34050 20594
12494 34631
3460 19075
16761 10174
12412 25231
12496 24397
5796 25967
19667 14850
219 8519
21840 30831
21097 6453
29390 19498
18410 33100
8849 13256
9681 17371
33898 34237
31132 3347
174 26923
13939 27310
10193 15665
9078 6918
25592 25161
26871 12561
37663 2598
19667 13844
7293 31486
26594 84
28349 6805
7271 2635
37310 23969
1761 35567
9682 32514
15791 24760
2309 3333
21152 13347
13764 19942
28673 24514
30856 13527
35642 31115
38341 22874
27738 10163
33380 17420
23887 23144
32497 14433
9451 13664
36679 18591
34451 35456
4584 38337
5437 2726
29819 11094
16077 522
29981 4616
38766 21996
20819 11742
12032 859
11299 28155
8871 14754
27937 6710
19934 27970
26720 36094
31786 24226
20970 2956
18433 9325
2276 27285
27823 6277
723 15214
21360 3893
18087 14850
25161 30176
37448 30043
3103 4761
29517 26128
34154 28541
6303 33820
26456 32807
21257 2581
39421 31958
7093 8406
8385 24902
27741 22590
18517 2375
24378 16043
20667 24697
37267 31519
4531 33721
25202 37349
9573 21388
24646 24038
35279 10600
38095 29606
3237 11558
21050 784
19934 25164
22171 20417
23871 10254
9095 23901
3161 37734
22293 15740
29053 23995
4560 35551
2131 20187
25680 22246
33087 25142
14362 6332
33290 7352
16121 29599
11604 15245
13686 16803
10410 31291
14061 13827
4966 6444
18892 25639
20499 14152
4256 30076
37916 18424
12021 22388
25592 24846
29045 37641
21751 29437
16169 13655
38191 22384
10670 21849
5299 17010
1568 26264
20333 34485
28607 27611
9872 18109
11977 22434
7371 37001
33384 34911
28246 13
27655 11127
24137 13107
20596 9804
8503 13040
10978 19439
19304 9323
30181 31474
1906 20517
17599 29942
25474 32276
28773 1745
32670 37668
10151 21836
33712 29707
31226 31430
13305 13688
12724 7032
4155 33186
25082 124
17401 26710
33955 5912
37948 16580
30287 5467
37765 22891
14215 31824
25188 186
35869 12006
29179 29542
4990 20085
6858 16813
28971 3896
25760 1222
23027 12116
18097 38328
33090 179
1293 36239
10797 26224
18223 7345
35462 9176
27377 10628
38623 13085
3868 15678
7363 38374
8450 14765
23798 17367
20031 31049
32550 28756
26891 26220
3029 26885
10125 12808
10925 23715
20780 17416
3119 38922
16243 10057
36253 8445
24879 2480
15941 32163
26528 16618
3823 17762
38101 14897
12748 7563
17247 24712
34587 16472
17945 24602
36038 28086
39497 17291
4245 32627
33343 5485
21389 26479
10267 18958
20668 22921
3332 7374
19387 27479
29793 21387
27591 5101
13230 20812
34405 10154
29404 39858
24378 38942
23950 13840
28825 24638
21587 39146
39957 6303
14581 37368
28362 8096
30650 25386
1550 39914
18524 13570
23401 30390
33131 18068
16750 13565
17514 1592
10023 26229
8903 6016
21307 13063
35098 22400
4657 4373
37232 13977
16507 9008
9626 11191
20643 25236
20118 8956
12742 29039
12274 11146
3256 34730
29798 17569
17427 29718
30951 11476
37380 34448
15645 4093
1653 28880
19160 19694
38717 33396
10045 25171
33353 23343
7393 33863
36262 1548
37703 13922
32383 3910
29935 39250
22394 32844
35718 23373
24143 27648
5833 2589
15574 32965
32676 32779
5702 37422
10972 28225
14242 37436
11876 14653
16604 21566
35030 2598
26584 32871
39325 31915
34652 34574
36401 8854
22163 12566
26384 24185
37055 21328
4789 27854
12826 30506
17914 8506
20610 10934
15740 8473
6139 31466
34844 16816
14649 34403
32932 19152
17549 22631
288 5831
38336 27954
9852 38621
960 19582
16188 5708
23463 22731
28303 26428
23792 36235
2518 29222
11877 21092
20697 13883
33390 32612
16973 11212
19679 5912
15300 15654
9791 24791
25793 35554
30133 1121
33304 29110
21730 9987
27029 2342
33669 30701
8329 28328
7762 15761
35442 39021
35865 23734
22411 21303
3901 7262
1695 29425
34880 21764
17671 14067
12996 25386
22261 1332
29115 4039
23178 12065
34622 17352
26239 26442
26706 9966
26765 12740
29980 6591
7968 13161
4439 39505
31618 418
11341 6939
2138 14967
26229 530
17974 26543
13920 19851
2752 19405
31535 31043
22088 18337
25924 26940
8266 15395
37903 19186
34139 39148
33679 25391
4749 36721
11579 11517
8946 28666
1575 39615
36615 12945
36477 34871
32500 39800
21760 9506
34597 29740
30150 31197
28600 8281
22928 34767
23711 21715
27859 23088
8774 36894
25077 28908
2732 3275
393 25094
11790 37022
576 19624
23866 1169
7823 22347
29495 39218
13821 32367
30286 39670
1680 26388
24132 18792
28438 32572
2170 22601
22625 11110
17234 9566
34954 32838
10296 28446
26821 26009
17963 3216
2049 21400
33261 428
5157 2515
24930 989
23360 15838
16169 1032
3507 21569
7773 39772
33103 20105
6381 16140
4880 11520
7952 39084
1488 25934
30439 19058
22920 39747
23453 6379
26709 36486
1326 2351
23631 181
14599 23854
28509 12928
23302 31835
9745 33123
9778 39392
17978 22812
15028 36873
32149 25000
26858 2264
27684 11394
10816 23467
30682 8545
1001 32799
28268 6480
731 2078
20722 12808
20395 8273
26297 37608
621 17696
14531 23046
7638 17754
18295 27391
1695 38705
7827 26336
33689 7633
34583 17360
5302 22924
24444 36704
36785 37311
12293 23790
24141 9387
32472 23231
7808 7760
29114 33456
20877 24734
28665 9529
8926 3786
32374 4707
26059 18064
35816 17054
15287 27367
25782 15784
6917 5119
38254 1534
12910 39555
34637 16771
25181 17878
27615 39291
14564 29592
29598 29368
2208 15011
33001 978
5245 17761
4931 22040
28208 13709
35264 13009
3496 13010
23774 9210
24404 30635
1497 5894
21185 10246
23124 3779
38994 31935
10789 38218
6152 11993
27084 13330
22340 24103
6458 18975
30665 34306
7279 8675
21066 37711
22505 36665
37591 8321
24617 37942
9529 24287
38360 14106
30953 17897
2328 7606
1561 27940
3048 4566
7222 30298
38158 19987
30781 28305
7434 30923
4534 12674
3855 38805
1420 21540
14150 15611
27050 20683
10749 23797
1195 13566
17387 15484
10898 30633
27493 33071
14196 34543
20950 5256
26529 8929
26416 31244
38543 20448
37168 33198
36848 3119
27752 21820
3604 27797
3440 17189
6680 16633
24815 12290
24027 16028
20519 39024
33897 6605
23796 16493
10270 6560
30608 1433
12870 39613
22910 28844
21804 107
10057 23215
7938 14197
37911 37498
20965 21704
37192 5173
20412 28683
11717 14755
26652 4153
13221 14059
9800 39639
13662 12945
20470 27892
25717 27202
23897 31511
6611 7
3057 11058
9207 16052
30871 18756
7315 7394
27849 29952
35565 32162
13208 14510
11795 10199
39745 23310
7985 5216
12838 9107
4083 13256
18161 22118
17693 33927
32919 31865
37200 34690
36145 37601
2666 13094
6611 39873
32759 14342
30353 9028
23064 32828
31895 18328
6012 23955
8133 23406
16132 39879
12984 23322
17668 14604
30487 379
37668 2664
28905 21032
30199 35649
18999 13936
15441 6027
25342 18028
23076 38120
19482 29182
16768 39637
25630 23647
16051 12534
38452 26691
33921 21748
11236 564
36977 38115
10764 5130
33568 13605
27253 13104
26834 25102
28227 11112
6020 35542
4683 25567
21969 29908
24293 1906
22620 31523
29681 7006
22881 28441
29019 9179
16503 24675
33692 8291
37545 11192
7407 24132
22100 13201
24494 23833
29816 16192
12704 28753
8504 23470
21485 34838
2335 27206
33588 21781
8603 1390
20069 9274
19938 16715
14374 30400
21902 4145
34970 990
35150 27175
27233 15695
593 39928
33120 3874
31675 25090
24701 4141
1641 34636
39807 16250
22593 28154
18236 14598
6999 36828
11747 21539
13776 12264
34107 16916
23353 20567
8017 9296
16896 15568
9736 34815
12833 26799
12930 18894
3448 3676
33889 29996
26143 36290
34042 5717
19367 38325
18528 15014
15534 39962
1609 8127
18444 15451
38589 14608
37094 7189
4365 27571
35193 21887
34302 33815
12349 8746
39551 6930
38780 5512
17794 23992
25667 6217
20024 18017
14178 35119
29502 34459
8570 506
23629 15678
8940 27274
12946 99
33796 22374
39078 24360
26132 28145
32487 29197
28269 23730
11535 31493
3027 26024
7363 36305
22892 21912
25577 11074
2043 2431
8208 19212
17616 1151
10051 1667
30030 3706
11570 4263
19141 28001
2933 11843
12525 25378
4299 29467
4479 4108
18538 20081
2884 28579
26105 24512
18622 7554
31904 10183
25283 7651
28342 11863
6045 27426
35297 8110
7823 25735
13920 1951
13213 6968
4073 25299
2111 31123
18543 29656
6352 29457
15972 1876
26591 39238
20679 31816
16097 15497
13038 32363
705 23417
27002 7682
29814 9350
36214 29944
22127 30751
32666 35590
6451 2002
23462 19203
32230 23858
35073 16902
11065 12069
11347 38702
4190 35176
28701 21383
23626 123
12390 19970
9702 23519
21470 22651
11458 39553
6757 751
27885 16714
9712 38213
27476 9242
12329 39009
10509 28650
9159 30000
8567 21438
23145 8919
38371 34466
16593 13757
32233 20892
34504 19342
13529 16671
38388 10833
34600 13686
17661 23488
20227 10401
30430 16670
1233 38364
26560 5158
31029 29046
11659 19810
8864 17799
35956 33087
10815 29049
12383 39374
33910 25841
33935 34305
3255 5065
34398 7073
4644 13729
18001 1562
26826 38950
10170 16224
27908 31040
9196 2925
33888 3441
17281 23710
34154 12078
34506 33682
12392 7541
15991 3407
9205 37603
27833 28791
12920 17562
13938 15278
16987 13944
10392 28764
18676 3098
8447 16496
31958 14139
26129 26479
32656 27859
10772 20188
2462 935
36349 26181
18766 15216
33669 16843
20722 36319
2784 18056
9175 10396
29385 16460
302 20973
2042 6222
2087 28837
27850 39812
22090 23820
5410 14575
11712 17204
35354 18807
1869 35752
23374 30758
2086 35780
13454 2922
32748 38299
2375 35765
10307 29100
36482 23024
33017 585
33411 15424
33835 11324
26898 148
23097 28589
817 6473
7956 9690
2696 21095
21063 2087
14164 17922
22768 11614
6194 34607
6992 21839
38875 25160
35847 12913
36221 28303
28161 11694
13262 34118
4306 26230
9291 16464
3623 936
34538 39088
33088 5218
17696 7650
25098 11854
7897 38753
13678 32821
2156 37918
14180 32389
8261 39463
31273 24878
18583 8638
19697 7546
37880 12371
36043 14207
4626 3329
4113 26910
13834 37031
24767 8838
11201 18848
33429 4834
23873 27519
14401 3290
28765 8702
8754 27798
38213 4196
30443 30107
7599 25104
11045 13549
6052 12073
32815 9992
21449 14317
23726 27471
14268 9486
19241 13823
26321 16529
37496 24202
25963 9965
21697 39455
24933 1554
38338 210
11415 29646
25132 39105
12373 14499
34966 21255
39054 19613
6596 9503
16017 17370
27500 31849
19971 17010
9796 34974
3700 964
34001 24144
25738 27387
35954 964
21724 17606
11883 2122
25555 37394
28572 25821
6011 29375
27322 15593
16053 25119
26802 29012
33389 26401
27303 28164
31591 1566
20405 15752
28178 16479
29104 21166
30491 35607
21913 37697
1658 9285
6901 28028
12259 25449
3360 11386
4466 28947
28515 1179
32965 14946
4020 9836
24803 16632
28892 11814
29905 4798
872 8792
18995 37467
26972 18797
7096 23842
26262 31561
4364 19552
33796 33932
18832 14661
20961 22214
21031 34596
33912 10273
18052 28651
12487 23918
16836 21409
17425 21091
5586 468
10372 19439
34358 4680
33541 23017
4702 21071
38543 22202
25960 7419
19608 12398
601 15160
25044 3855
28845 31574
20632 33570
38361 33582
30866 32402
34650 36596
33938 36568
28886 12437
36433 35727
34523 3121
19241 2988
22103 25691
35106 24151
31334 4530
11617 21001
1176 15662
1213 7102
7510 23304
13995 24118
18104 15992
11176 5495
37290 5370
8581 38672
16131 7232
4122 515
28562 11940
19524 19927
32933 24567
13633 26986
25144 27454
33381 17938
20638 22153
29886 11424
30548 14294
1856 8569
21595 13758
31416 26921
18131 21058
12265 26126
29361 15654
21501 28442
36411 8281
28855 36488
28273 11834
14803 458
10899 20283
21805 22947
32396 11062
26362 21242
28559 7272
36921 16094
29824 33853
39868 28402
4549 27229
23620 9757
22971 16263
35048 10049
35196 36423
24953 17415
19130 11727
3466 24704
1966 26125
25038 11689
16357 5474
34181 30749
31176 4702
13893 22401
13068 22865
28075 39604
4257 11879
34698 34163
38878 30080
24261 18767
31848 2315
38106 24219
33050 16987
12488 12064
19441 18093
6591 20522
24853 37434
38831 35267
21262 7798
6134 32326
35687 23251
32973 35956
15244 14795
2449 31782
12335 38939
6104 15798
33595 4510
35482 33412
14919 16528
21624 5690
32419 16270
781 33613
64 16274
33858 10592
27267 28257
5291 16248
18435 25605
37159 30673
37663 38957
22192 10044
728 15793
32511 13906
12713 11428
10874 34128
18337 25620
3581 15977
39167 10125
35789 36912
37646 15082
35967 33566
39527 28556
28734 4252
38336 16035
24696 29131
23663 7153
28262 22303
10191 18682
31889 5197
36413 26353
21956 38225
28707 3756
4055 17525
32417 25744
33876 28483
24480 9637
23584 3907
18582 21457
6374 21332
32423 22650
16739 960
30963 20520
2944 35103
2375 11409
24722 36934
32187 37858
19234 25937
17734 30706
35659 3369
30418 2965
28517 7834
14864 15341
10111 35301
36042 26372
19938 27632
1481 26339
13851 2289
10962 830
37925 11561
34386 38907
32598 38463
27179 18647
32163 19360
30529 4615
28132 27237
8209 39751
29964 26984
13094 21608
20775 12739
12068 32748
23025 26950
30424 32435
9742 10501
26661 24993
34411 2467
32619 36142
12907 17908
3266 24052
9300 34096
5382 11420
22339 8583
23140 32565
27330 39578
37492 25895
27728 19283
8509 3553
33370 38432
28836 19909
28761 35253
32134 31102
22730 15
1085 21692
23194 9813
20790 4603
34823 19886
10263 19837
12389 2786
28035 384
34374 34895
3186 3969
20491 131
5517 37134
18592 6990
36989 21693
27008 22748
23002 35545
11010 2666
23276 35919
31946 23
2411 33062
28148 20156
9952 20682
30368 420
39957 4671
30257 26873
2988 9724
17983 10144
21816 16905
4158 17292
23211 35795
14085 19933
38757 11157
7736 9408
560 29654
26779 18231
26759 27554
22620 35452
12683 36211
9515 24097
11173 6841
11473 31146
16934 13077
36001 31261
15269 31720
3895 18531
5634 23349
4243 20282
31773 19967
29903 1051
10449 33528
38236 6701
26804 4933
19257 9407
17340 31521
39566 38003
2490 23624
3265 10836
37805 26897
5966 6451
4793 37322
20919 31089
25671 16367
20159 36422
24298 22115
25447 16212
21236 25007
1037 13416
17515 21115
28082 28745
26612 1930
31703 5705
29737 14751
31649 34224
13125 12399
36237 14850
10925 8583
30447 16001
22 38620
39814 32779
2477 36579
35976 27037
28429 26859
20883 11678
31090 33254
29386 34235
39547 10033
30927 32181
38862 30651
21016 15361
11458 35557
35089 31252
36461 22624
27012 32617
13793 2592
20465 6907
23214 27658
34222 13397
12472 16031
22437 29447
23034 2494
39520 35280
36409 1751
4514 37506
5930 55
13569 5550
34293 26205
38999 38194
32714 7542
37697 31229
18155 28494
14886 14768
5608 7951
19523 11775
37827 34449
8493 30171
34601 16784
25263 32972
4721 9420
8995 26070
7110 10617
33617 28419
25543 17176
11782 28387
28617 8252
11124 14008
34876 20669
18862 1476
20452 9673
38979 15626
9868 25882
20202 17806
30134 11984
19037 5965
38495 33010
38580 37458
20675 19806
27728 2167
24634 31491
23554 3281
26629 37673
24330 35504
3819 22698
34010 15321
544 32869
15162 27505
12470 17790
21067 5067
31992 17
34913 11846
23084 27532
18814 30318
37936 37522
16466 36362
18339 33237
11592 12981
19788 30389
37069 39104
30710 21340
35233 5574
32881 24123
17706 540
29294 20
21805 9729
15301 6641
7277 1598
4928 12537
36850 39378
13385 36981
34676 34875
16773 12613
20029 15820
14566 18581
31074 28559
1436 13730
27005 5415
37484 5153
27063 22943
11103 38451
3713 23444
38266 3462
19874 25676
4837 20965
39361 37442
32703 31653
18351 37968
38876 4008
20150 26835
4128 26809
16191 10299
30839 10843
23055 35425
2636 2718
4858 21416
36995 5689
20434 28460
1641 26324
15642 23945
25117 10401
7443 1747
29752 35611
2026 468
17920 29774
6819 2674
23825 31125
30479 3515
38978 38887
32758 10369
33548 30911
1165 7290
23560 33021
1328 19130
29983 18922
26531 9198
13807 26022
15549 36429
12559 35370
18261 12499
11885 19271
5137 24690
35062 28996
32725 5927
1485 9948
7692 26774
18981 11227
18105 24312
1853 17734
5081 33813
28749 28492
26051 18156
2056 31233
32768 25746
10673 11244
33596 6185
21338 32078
11038 3612
7913 36371
17810 36565
22693 18807
24387 36656
9117 28354
34446 36529
27509 32665
4762 9399
7801 23740
24902 13872
1836 2520
2314 35816
3559 20252
20293 23464
39695 19874
19989 33372
20514 10301
30555 4952
4168 24347
24187 14043
31733 18978
39223 11102
28241 30292
37944 24556
10973 27383
35059 17270
14631 34339
16900 27472
4581 5207
23502 6475
35479 2037
2381 38995
30813 22827
1537 20251
11629 3122
16014 30822
21176 17487
25815 19223
15600 2008
1221 37905
37422 28608
27697 13024
1883 9271
8309 24431
30460 20038
14029 1352
6930 355
12376 26440
2905 5740
38159 25507
3103 4278
7761 1720
21341 1863
36295 35326
31078 38515
24343 5487
33339 18787
12863 19360
34904 14013
38987 11068
16209 14569
26135 18260
33164 34853
33220 7160
38391 18553
22933 38913
28767 30353
31030 26486
38235 15319
38017 2605
25499 19124
38474 15657
29329 33739
3274 27137
33731 27074
11761 10849
20397 38041
5555 16670
32181 8725
24148 18186
2975 18667
7624 3328
33449 21528
25694 39662
18584 25014
674 9898
16673 2627
4221 4977
21587 4864
18998 13838
2082 24152
21917 4234
36654 21193
22820 25701
37105 651
4583 2680
3903 9901
32659 35231
28093 18438
33226 23610
18541 23809
37462 33173
29791 17560
39805 39414
25387 36517
13152 34219
27984 26684
3575 23847
25880 2223
26048 26155
3129 31896
11986 18940
26665 19533
1965 30558
27119 15067
28190 12312
19144 15632
16540 31688
32300 37326
17837 22951
12643 5400
36373 19747
3193 21720
37623 17071
18831 23663
19347 22340
8598 32977
12759 3247
38097 20219
18406 31070
34512 36380
19443 16550
38226 8054
28859 27052
22740 23225
3783 28636
28816 18839
13804 24092
8985 4265
4867 6169
17034 31966
35448 20863
31005 13466
15085 14328
21295 26195
30142 23619
39441 3073
32434 36461
23723 7112
12850 34416
7853 21239
13137 35956
18179 38927
21510 11883
9643 1469
12932 17419
32402 39802
20359 32974
11604 24564
25679 27374
38577 20968
22448 5689
7221 22235
38106 22806
37120 35253
1283 1057
4800 17177
1789 18739
32653 32446
31262 39218
2718 35153
5826 28776
6111 10628
27508 27092
20620 16611
12491 2926
16142 25844
14499 29085
19336 37652
1877 14027
16059 11175
36161 3844
21847 37180
34237 3835
7849 19124
1655 6213
36727 3323
32094 6289
21526 7830
8118 2707
34438 33990
39810 15079
10927 14845
24330 26420
34753 19708
27113 15995
25673 10453
10057 18494
33068 3886
6627 36248
31666 4520
26972 12646
578 36123
22583 37391
21541 2895
35100 13291
6976 19886
11108 20288
3121 30828
18429 38243
37877 25409
33642 14499
15830 32079
5301 22287
30470 11170
18897 403
37203 37477
8503 3619
30584 38706
22307 17802
12367 30019
30226 18552
36329 16429
25700 19747
4489 16840
18681 16018
17318 18614
20831 7436
24664 17167
35532 15191
30473 22897
20228 6681
12612 16044
10881 39216
25158 21300
11605 35313
14945 28461
37035 20416
18315 23376
32665 30075
32262 30011
17344 35416
14577 19745
15657 16480
20082 24247
22618 31241
32903 10921
17207 22983
28485 28789
35926 25544
31999 34343
38274 31032
8204 1647
24632 30362
23502 23111
32588 33693
13218 10271
16216 22210
17633 39062
21408 8763
20181 35062
31298 10338
12495 4215
23552 4472
31130 33011
20197 3996
3704 13690
2461 17396
14124 3339
21443 17687
26177 17836
16434 13199
4341 4167
18767 30848
21701 21244
11308 39829
32287 3090
12644 23970
10320 35804
37626 16087
32852 21485
7895 11180
14012 6743
18935 8932
15097 10947
25545 12826
23008 11299
21565 34635
27538 21865
25603 14854
30915 28233
16464 30721
20457 6914
17761 26664
359 21263
30755 14511
29293 3308
30309 8167
16876 18695
11832 16583
1898 18233
2064 864
30876 2648
11683 17529
8235 7012
12988 1037
3387 30921
19577 35768
33764 6709
33984 17938
18790 38844
36395 37574
22967 15725
19494 21984
1372 10309
18458 8252
19361 8018
30877 2691
4295 1001
5557 12908
2655 24871
9514 2055
371 17192
39156 20772
18727 7765
27702 29499
30962 4229
14420 25470
39143 892
16494 22434
33706 29445
9187 21643
22244 5372
18397 23154
9509 12932
420 11886
29407 34101
21538 32906
23004 26947
14653 17001
21990 22262
31363 35177
7956 10394
4905 3234
12057 37739
14865 30503
39203 31237
23445 14901
6459 1120
15552 25800
21592 37665
8305 22080
10947 1973
20788 18832
36192 25999
10 26155
24590 21588
27174 23974
35036 7121
9416 39989
30279 595
32758 22240
31433 14460
35667 39534
27058 31546
18137 20598
24143 35695
22442 18462
36229 4636
6201 7311
29200 32086
26024 34157
801 4113
3889 11941
23134 26858
16759 16330
30338 38475
7248 3027
4630 15102
2387 32268
24329 16266
14827 30664
14361 20303
24395 10300
22297 17313
25395 37463
19779 18085
4156 37287
39049 28344
10241 22694
25865 39920
38901 33730
18958 38966
979 39424
38977 29914
6553 31165
28401 32335
15195 8336
17529 34634
38958 29340
26512 7380
28462 25794
12577 25012
26080 26110
11568 22616
26741 28862
39167 36778
2779 22658
35891 24659
38704 4092
26983 4731
38820 34242
13147 20406
16530 24868
26417 13046
11959 33577
27291 8483
25869 29564
29872 20486
23100 25443
22713 35361
16934 16596
32184 34738
13756 19383
38849 18980
35218 17607
5610 17929
4245 508
21213 3020
17086 17748
26210 3910
16602 16871
22562 27257
9313 35602
17369 19089
27020 2191
18783 2578
3187 27675
14888 38027
22359 8797
18296 17793
19926 35499
24121 30982
16215 1218
35182 28939
34526 8342
34272 15120
26223 27934
7864 37249
35434 27819
12372 20126
27562 31471
20840 15779
7685 34732
24501 3149
29127 28767
26015 16481
22925 9078
21582 9507
39528 12601
25625 32584
12560 36854
27453 38660
12135 39809
2942 2330
7901 20517
29688 23773
14622 27104
36989 35715
24158 13279
11587 4157
38482 15990
6356 29928
6911 13820
39343 17849
6240 20973
15416 14120
25409 22933
14334 29695
17670 16276
31423 28889
36637 19625
9318 24208
35011 35976
35195 25442
12785 33622
12428 14456
12027 25126
27217 21391
24597 11135
29438 26014
38535 39601
6261 34749
38391 28362
13960 18552
18138 18050
15930 22442
35174 8527
26086 19264
19862 31338
18393 37762
24681 7392
25569 19026
27512 39597
5968 15187
1755 11742
2404 39741
16317 13752
7031 2968
7718 16598
8540 12978
32711 27375
11106 33019
10376 15787
6263 30269
26350 35060
6061 29051
34198 4526
21405 35418
30240 5266
28730 33091
5427 22741
1397 24844
39567 39787
6558 31874
4533 31618
15430 15604
21659 5789
5785 10324
17669 31308
8754 28930
19325 30929
36096 26628
39190 1270
39086 24517
11718 5293
39806 19159
27631 21052
16482 15541
39485 14925
26318 39807
34229 30759
39158 326
26887 3723
12324 30183
8767 4352
13244 14175
26552 7306
26730 35988
35674 33159
29424 18457
15240 35963
2292 18710
34449 2879
20203 35930
6973 36094
39037 31135
13957 26807
31822 27677
38679 16294
1390 20303
14662 31200
1913 12548
28079 7551
18352 6052
4691 16369
25565 25931
11257 13459
11228 2511
9190 16137
25685 28943
13202 21417
39758 38185
37261 16339
23939 15947
15510 10230
19675 1101
33126 8601
22046 24286
19695 24692
5786 25791
19048 8124
36491 13084
9747 10628
2776 35342
19445 23114
35744 37881
28058 9572
32432 17699
10182 36260
14499 25449
11844 39531
39848 10850
9374 29608
35975 23827
27372 37608
18126 22697
36028 11021
25633 10839
26291 20877
37599 31075
34486 36944
29134 24386
17742 671
8737 5590
32823 35679
3422 38486
18240 24615
19434 37424
32771 38537
12109 36254
1629 26591
38836 27733
4217 9666
32169 3954
37069 33256
35624 33327
7061 30534
20885 8940
27700 21431
2005 3234
1133 25320
21198 23914
8118 8200
9867 31384
15881 33975
22123 32261
14604 15264
21459 37857
6344 31066
2087 24111
33008 14592
16626 21358
32368 11072
34140 33646
16823 34859
24201 9782
11649 10146
22467 16785
31217 25264
22054 28721
30489 4320
4110 19002
35154 28683
28521 18840
23360 32189
1776 19887
4657 34971
37470 9496
64 17088
32696 32855
19650 35679
18981 33653
17384 8856
5381 5051
37677 29866
17244 17213
28630 774
3184 19192
7898 17791
27117 22334
32028 8332
32726 22644
33611 5915
10560 10463
31647 8612
3180 16708
10448 38921
18295 33867
34198 9725
9172 14303
27833 37948
15191 32490
22890 7777
17777 10867
23371 1190
15929 32272
14868 20292
36323 38904
6852 17201
37957 34800
5249 24351
32238 904
29061 8385
11561 2550
23571 6422
14777 13748
2135 38776
12876 23004
15583 9722
8726 12971
5785 28366
1381 5100
18956 7801
19828 32612
23985 6661
36851 31081
25190 32208
4431 32964
24829 35144
17518 49
23665 3658
27516 21617
37715 38534
9485 34175
5078 16642
376 11362
5460 20200
2664 37666
10551 33081
29924 961
30591 28868
27813 25260
7510 8572
10865 22182
15955 28725
26956 11244
17046 18023
35374 4405
17897 29783
5702 34200
35642 20939
38681 21
11678 18369
13437 5951
8599 35904
8818 6166
25810 30875
24449 678
36330 25667
16744 3549
9330 17409
37571 5048
30752 9604
19537 4821
28568 35279
10299 5788
26903 32469
38131 33597
4625 15863
9709 1971
38698 17969
16735 3460
35666 33305
33295 3588
14608 26555
27733 36637
29836 6173
18249 5101
7591 7909
16990 12888
17569 26692
34940 10122
32280 27337
12967 5012
10189 2877
10899 3290
9164 33041
4534 6988
17869 35964
37318 36474
7163 32388
21343 16881
28422 27264
34490 23624
36005 34579
2408 17804
29291 17088
35587 25677
37530 16206
39316 9151
10197 811
26301 18343
35971 11516
18645 27939
8293 11301
33588 14398
7487 5060
3763 4496
35307 34488
38780 16455
22320 6085
30374 21822
21278 15278
38917 37210
10809 23093
4539 11721
16366 23820
20180 19193
37526 12930
4128 13500
10576 24417
11529 8945
34380 29918
25939 10227
21179 35502
7133 20839
5429 37288
19337 3938
8490 37191
3164 23449
39404 99
34034 22059
12602 29215
28217 3425
33979 10999
7746 15953
3357 22626
1740 20751
34659 36336
17465 39286
38884 13680
5817 22479
12895 36778
15438 28459
19795 8601
18898 9693
36394 30924
34274 31946
14738 11602
23328 29890
18041 7736
7185 28188
18127 18203
15491 14879
24684 33595
35838 32415
17606 28878
19299 4387
39282 19616
34074 30822
34195 1320
31812 19804
17597 22781
4650 36798
15378 39558
27456 1615
10708 22921
34019 31221
10566 38090
6606 33418
8470 36341
16868 16658
35871 32833
489 5424
20075 3791
6762 9698
20 11715
26744 28355
30910 11179
14382 31281
28566 26206
37130 17830
2201 16851
18517 39934
8289 12906
6322 19151
20147 10380
34603 14838
29319 21183
9583 37196
2136 7470
38916 29584
36667 33499
15142 31048
8241 966
8752 6327
36524 28606
6581 23489
2651 23697
26988 36668
19316 2653
21665 37781
34546 21390
30886 30379
15439 2194
30979 19775
22068 23113
36163 33357
2623 2757
15901 14791
39271 23190
36909 7880
37177 14645
2903 27849
35143 18131
38768 5601
168 25316
2041 26132
23178 29802
33907 711
7155 33769
5421 7638
34015 12027
19334 10062
36206 3750
14240 12357
16658 32964
11579 14778
33217 2311
39504 10745
21928 31490
25704 35654
23235 3057
35183 17927
355 13683
9769 25696
11666 6402
4097 30986
34425 6737
22542 10360
3057 26084
15497 29406
8268 37697
22502 30759
10998 8308
9568 23452
38234 15843
4117 9569
27344 30820
15317 25987
14584 940
15303 29600
36318 2228
37849 29299
24407 20519
33527 28630
11776 12456
39571 35821
13293 33359
6836 31095
8542 15249
30610 32716
23475 5466
26155 12171
12123 26690
20070 11052
20538 29447
15426 25925
28256 24145
15832 14909
11593 848
7991 10075
39298 29696
13890 27070
31378 7786
36428 6905
1024 10957
23614 36980
4142 25550
10216 1460
39695 13914
38509 15195
31571 28385
21650 12961
7414 33956
30028 20692
3897 10444
454 34221
38192 16755
34030 24150
28684 33218
33219 22293
15005 18422
11015 9155
15152 16616
10901 28068
14459 21838
24608 3384
16487 38108
18581 9776
27504 485
13948 23448
38355 15212
15659 5923
21232 9386
38689 32011
38197 7559
26509 11446
19659 27935
37188 37838
29936 26287
21812 28135
33963 30665
23221 9688
37925 12451
30195 6880
13256 12980
38116 28098
17432 6180
11640 15035
12948 6408
9169 20256
24153 8378
23909 668
10355 36330
22037 17666
26037 382
16917 31834
24211 38042
8860 25471
27790 27291
27811 29584
18065 24034
324 8738
18599 34574
17484 29209
20977 15637
37227 18862
7650 26751
30915 5174
8687 26657
3149 7030
27089 32320
21607 5631
33572 21085
35436 28001
6968 34931
28426 14812
34996 22204
33027 11879
1668 5464
12578 39249
19859 4155
37197 33560
35230 4266
24216 18388
9562 3161
4425 17327
132 29042
9335 32812
8962 18715
4987 34309
22641 38913
39404 4720
212 17473
14480 37384
965 29162
1382 19487
34312 39749
4930 1943
12592 39527
7437 39004
160 21945
25058 19593
39075 7974
6846 13481
35605 30202
12915 23613
36936 28985
5045 24781
14193 5435
6312 3413
8146 11789
37449 14397
1027 30654
20294 13899
1493 30624
19708 4858
19109 31675
28590 30251
7518 15139
29798 23695
34515 11917
13140 37892
5201 29752
9709 9913
2841 19754
31124 28160
34778 2823
7876 17672
3358 33976
28782 22699
2425 36931
5754 8035
21110 36872
25354 38818
39203 2259
26735 30380
18841 16404
21947 38649
31456 15388
5934 11202
10838 3090
37887 39052
18790 34865
27230 35042
99 36974
25179 14909
14588 22990
27555 34182
26648 38500
4688 37261
29804 17562
19524 15025
2828 27917
36464 28013
11998 21195
30157 21602
12625 20261
30583 4282
5996 7550
6890 4463
8903 9673
32707 5134
26579 9400
36187 14651
3790 34951
34543 25065
33225 13942
31635 1806
30664 23874
15358 14210
30641 23658
21115 21292
15798 26743
19353 14610
7588 23333
31601 13228
1542 3713
21414 6206
15913 3021
16972 19219
37579 24727
14815 10059
36508 12058
24550 8250
23817 30111
33290 8992
26713 2275
11015 34242
16243 7390
9167 38620
14580 19206
4707 11276
37620 23027
10904 34532
26642 18479
28243 11404
39613 31009
9335 15102
16631 21041
32069 10878
16646 28105
630 24698
26381 39157
22295 25385
31603 13394
4077 39959
30595 12370
27163 37855
9367 19969
3708 6331
25593 21476
17573 32179
1697 25791
8767 5666
2780 3363
27377 20783
26048 7881
13961 20501
8691 1926
5308 26865
28543 11652
6630 11574
10098 23897
11300 16006
25486 39084
22001 24799
19158 25211
22158 17470
20260 15515
25875 26996
39 3993
13021 32963
17041 38283
38060 14118
23228 36681
33466 32045
18785 29546
31903 27465
1799 33054
39246 13706
39274 35449
19935 31503
26966 21151
27712 29851
5125 20580
22156 32240
1133 23638
35256 8070
3082 39960
19365 20833
38551 30759
11491 11824
1816 9533
706 35873
29268 11150
33743 34633
33361 39634
11572 30490
20947 3385
28681 10626
2413 8159
35862 33626
29471 38631
30878 28943
34676 13472
1979 6001
27556 29608
19676 24147
37192 27300
22059 12784
4249 5122
4149 25606
1777 31588
34241 38058
14435 8705
15881 28406
9288 24777
8643 34379
22757 9741
15284 4648
18675 38886
12357 38225
920 1037
35308 4793
17072 11510
19519 25106
21241 18668
10903 4719
29034 33818
27163 3245
26125 17882
12399 14112
1612 9734
18451 30623
23754 4297
26420 11886
1587 23211
36072 3327
39520 19200
6017 4458
16095 39243
32046 30587
18048 24200
7752 32445
27370 29141
30613 5992
29949 28941
10280 32634
6373 23293
38382 37964
35240 37662
5139 25289
18847 6454
23528 7496
790 25575
15563 33115
4046 35579
35335 36408
4252 22848
19905 13193
29711 12460
17217 2532
23877 5741
15288 20536
12914 14067
16883 14873
37993 25439
33978 18598
30035 38544
15298 9494
820 23205
27567 12536
24559 39026
20321 17934
2847 38586
38987 36491
13249 28995
3397 36417
1086 26345
5900 2358
4127 21652
3875 24451
4650 35587
34969 16758
30232 6504
18120 10114
9836 23316
33551 14192
38720 12087
16001 31748
36890 29912
24735 6968
15341 426
17913 10024
33162 27515
32945 2679
6044 7202
31842 15300
3029 9946
13634 25426
9027 36710
28845 14061
5626 34639
2694 29321
29919 17590
31771 25590
20838 12154
29423 5779
422 23390
22938 20242
22300 24796
9593 3480
11793 17318
19709 2890
6693 19947
24747 11702
4940 165
25591 8145
27471 25159
3280 16451
18295 37526
332 9075
11412 36012
14145 17628
24804 17982
34735 12526
14628 19836
25428 21093
27772 38594
25215 24049
12203 37791
39593 6686
34793 2099
23236 37462
2840 6053
9989 18246
4364 39154
24171 34029
18747 21065
24736 4804
36025 19439
34972 25819
35780 37645
15400 13757
13926 10848
35242 12259
29516 34448
39228 5347
29912 16232
35062 3679
32569 34626
2677 9018
13375 4699
12177 33999
29457 18316
16093 13262
23335 15369
38650 25289
37141 13687
138 21626
25948 18754
29506 30500
14437 9389
33302 33413
21831 32300
17996 12842
25148 11615
19569 4757
16165 30324
13814 8585
3664 28906
8288 12400
35279 8579
15086 16218
24990 35500
36262 17810
16051 148
2251 6075
21937 28197
23119 33656
19964 26472
4537 27898
36137 12195
16233 7200
1327 22908
10221 22507
29590 20640
19536 29540
2284 20324
12862 35068
4495 14834
9787 22469
14603 7753
603 8389
29010 38359
16780 22679
1626 26706
39986 1612
12175 18470
13159 340
29170 19500
30646 21117
21101 39550
33343 37770
20687 4058
33794 24100
19578 36838
15134 15787
3089 23616
27235 21509
4398 25207
11963 27733
9325 11224
17933 14457
26739 9431
2150 1393
19867 9403
2145 195
14549 34826
28054 31948
20415 19266
33914 5271
5682 27483
23284 31515
5299 38673
32447 38821
7200 14707
8735 15855
12341 34399
19568 5511
17432 15576
29648 23020
22119 17181
15052 32405
2833 12780
19880 26446
25003 35723
1370 35413
33551 23720
7773 7850
27570 1134
26793 23699
3378 1644
3233 22265
27009 7822
36810 36421
19034 9433
29045 27239
31126 33403
8608 6660
1765 4537
3687 34716
1484 12869
10141 12402
11982 30872
25384 37377
839 38714
15291 20967
19645 11772
18231 15295
4855 37118
12297 30302
35071 38907
124 3382
17552 37058
36806 29278
14849 31137
12471 10481
4143 25267
19412 25129
27575 31957
39236 16098
4559 8780
35227 18142
32034 36519
23581 37449
25814 38484
27566 18329
4273 11066
39273 36124
18821 37707
8107 10545
28617 26978
6652 26123
39453 25675
27312 23966
1231 23764
22775 32273
9772 14423
25512 191
39353 3669
27092 27690
2349 9539
17323 29953
26215 29056
34156 2875
10341 12756
31614 25707
11701 11836
9107 33889
38741 22755
24489 26144
20002 26459
19182 12759
30833 16779
38427 33436
13662 8272
38664 6765
16374 424
24747 31490
1066 26628
3899 33219
36811 31044
14797 23954
35769 15823
24160 3349
11177 38188
13001 32322
4026 15101
33263 21900
15557 7954
3389 15698
6177 31897
29344 29270
13229 30312
555 6567
25582 11003
28853 8665
2602 7241
2599 19619
30599 37512
1988 937
25561 30014
29413 8903
38793 21069
20327 37969
20877 21816
35875 21152
38039 14109
19734 26055
2734 26121
28673 1764
6806 18998
37112 38694
17271 27133
27050 8782
12079 17264
16166 27280
22734 7129
12060 23604
29037 33234
29789 19876
13060 11117
15744 8649
33481 28709
9338 18912
38363 33651
7757 27120
30005 19112
32640 21089
16322 30268
22374 4675
39737 27997
38960 37273
38499 1063
20540 16638
17714 8077
10603 20054
5790 39609
31356 3311
3242 15581
22258 21477
15479 30817
23194 27149
33159 10524
2309 34092
12106 36678
27117 17459
16338 23621
27479 13533
36347 980
5278 20578
33635 16694
23424 1561
17901 36731
7725 36232
22225 32754
15895 34068
31044 30147
37696 21683
3435 1830
37059 31462
25613 18256
8655 10108
6727 25132
3792 9349
19939 34316
9189 1059
17806 5828
35624 36977
4342 30166
4638 7276
20644 34096
13950 15076
24224 12906
2353 23239
27628 37343
23566 25955
35243 4930
5890 34053
12083 23272
918 19292
12157 29646
32849 9628
29631 10654
3637 32217
5113 34699
11795 19348
8267 21566
34404 22873
25706 25296
27894 17723
32990 11743
18466 1051
26960 15579
24191 36563
15320 15538
21191 35240
5506 9902
22850 8373
9112 36522
15090 37038
13682 5522
33114 10615
20973 34923
7496 18028
14369 17278
12145 26661
5420 37577
17269 33744
5218 27511
20014 27557
31410 27317
17225 30347
35323 33783
15793 19497
2603 2518
31820 3506
35205 35279
7136 16100
21824 4796
23334 1312
13296 85
33091 5803
12070 10128
29112 20551
5942 6486
38481 80
26458 36197
3289 2305
38042 8019
37777 22531
20716 23012
19101 8405
5800 16223
18883 22461
4904 37924
27417 32872
21358 9993
5455 28943
20021 38795
37681 39542
30447 19502
11877 13276
33657 18739
18474 14156
2194 25563
28791 26823
36060 14364
7377 13662
25368 31206
39415 16191
23185 7027
32518 962
13888 4932
9731 38456
25857 2428
21815 7916
6098 31053
954 8155
560 7746
5580 37367
33323 22631
39031 33358
35604 6279
12447 18032
30991 3145
31810 15754
26188 10628
20653 28756
38454 16161
14614 9929
17117 34786
36167 27833
31962 36071
30206 29597
31941 15902
20161 16970
27808 1493
8579 33609
14462 29903
11216 5178
34130 22256
2251 2905
29868 15394
12157 26078
17149 3782
39234 7071
5916 19462
17171 20252
25413 1691
30108 30774
16250 24040
10131 29123
163 24188
36813 19589
3366 8181
5229 13674
37477 22125
21672 6913
22481 16236
18606 9396
2649 19344
27747 30245
19806 35831
13146 17355
23580 38043
31772 33435
35358 39031
36179 14700
28363 11735
16666 8779
5632 10949
12557 7026
24422 28035
15632 1655
13920 9798
18855 178
16450 434
8219 38945
34696 12491
23122 29470
3691 22438
39712 23279
28175 2512
39143 437
8032 13026
35358 36339
5072 36141
9525 17149
19747 34612
24547 9376
10698 34625
4431 2512
25151 34322
31076 22738
21582 15741
18426 18031
27621 43
24134 8827
845 18703
22276 38051
36162 30011
29269 19875
5471 15687
6416 38092
8427 22815
31576 657
22586 32645
352 25956
31042 11089
37407 24182
27263 35961
2712 20639
22324 33186
21346 27626
33013 29470
8356 20236
17276 21844
2548 9726
21631 4958
7453 4633
27166 10934
14223 3967
26110 27850
18059 18887
7872 20088
14393 201
11214 14858
5788 4296
21490 8290
39689 18645
4919 27955
32038 32072
11695 35198
12690 12181
36840 15605
37442 38884
36854 30407
21382 3583
14558 39317
1277 34556
11498 23051
19267 5996
27986 36092
16459 22623
8677 22163
26518 8153
33293 27798
5258 21078
15433 18954
17830 38725
23974 3108
22083 18718
19692 17797
33501 5578
22216 30337
13351 38771
16999 4359
30838 19890
10748 33220
24371 2105
15259 21685
5578 24236
32429 12421
19115 19788
15699 13023
15918 37264
14657 36297
35671 39800
8067 8171
15498 13838
3531 1495
2622 24004
2070 8392
35215 32345
39162 33365
22636 1577
14771 24794
16437 24936
1787 1185
2121 16903
34629 873
30643 2397
11095 3009
30150 24918
31479 24710
39059 33943
14174 22849
4825 26203
15737 19207
30471 33536
6512 24863
8115 12129
6323 29277
22822 13490
10650 30130
11354 9842
10638 18073
4464 36183
21985 28154
3400 16675
16986 21036
29869 13614
39510 24643
20221 32464
5233 6722
25753 18115
31055 18795
3375 14785
1249 22669
18889 23816
22843 5293
5736 11687
35368 5002
1141 25389
9813 19009
10715 17158
21048 29947
4369 20794
29077 24342
30550 8407
3889 32397
18817 29225
3389 19784
7812 10019
23675 27726
19215 38885
34707 22550
9321 23022
35895 9665
6325 5381
38616 1869
31127 5889
24654 10155
12640 5294
24309 24000
12116 9386
33030 15059
15819 32412
10642 18659
27760 29367
19446 21607
2660 15900
30723 5890
29146 28079
37206 21820
13007 8049
6109 16995
4716 16304
31746 6750
32535 10363
31842 19344
17793 35505
18989 19263
19877 13248
8073 7379
14191 34200
32403 29568
34734 33966
26555 39321
34830 25326
20365 17326
35344 23958
4091 1982
30754 29492
33747 19281
6153 20533
28919 24211
3398 19238
21179 24682
29998 17633
18354 11644
33718 5114
38803 34814
3797 5785
6583 1177
30380 2883
6375 1025
21250 22170
20829 12136
21408 8269
2409 3711
17163 31990
3110 30462
22581 3147
18824 30678
32076 23096
13404 8861
35752 37124
26841 12229
18616 5677
6728 18600
14144 10334
705 12399
15852 28108
9688 20809
3245 19723
39580 35605
8144 33815
14464 24598
21692 6543
18294 31845
395 1832
32013 4419
23835 612
31110 5194
38485 16390
29541 9588
3005 1543
12547 3011
35237 26601
1225 33917
3233 26717
26317 6848
24141 2611
14724 17770
10504 21921
27824 18105
26134 19195
35097 38910
26988 11512
11597 2907
35346 7360
6974 32621
19284 21295
17571 37986
5205 37503
36253 38085
32115 23393
12160 8046
9566 30478
35629 12832
13749 30284
15457 12376
12057 17003
6428 27300
17296 18019
5952 39361
28179 11557
6263 27700
13100 14706
1866 2327
5665 36673
18441 35744
11575 6016
22571 21851
5559 35134
2688 10192
35025 3483
33672 32712
20754 28762
27110 13909
19872 7957
26284 511
37478 23046
22638 33671
10577 34563
2728 38299
9945 2389
38653 26002
24055 23383
38538 14543
26012 37847
21051 23750
31758 22517
18606 2600
11495 18230
36109 9981
39188 14674
25382 15924
18814 5679
13910 3975
1969 31367
23364 18447
37004 22150
30907 575
4539 26578
10878 30100
11454 17128
16762 4187
13886 22006
12946 37160
25392 25914
39446 7287
7099 7819
11577 27616
3190 8528
7443 32904
26376 4639
2386 3968
34146 10552
33514 19600
2374 29164
13945 31731
17448 16390
2857 30595
15230 19534
20240 25600
7836 26315
3450 863
19074 11923
38123 34600
3118 19447
17208 38308
36084 7036
20219 4646
21440 26493
19769 32453
9107 12061
7300 3244
36917 20333
29582 34306
24079 3287
34978 36911
21758 16139
4279 25875
39628 31341
39495 25797
2825 2558
3703 17157
28918 26911
23812 20942
19435 38038
34725 38220
18776 9849
23670 35144
12356 39250
9781 14106
913 29345
10431 32983
5159 20437
30735 4483
18577 33711
5273 37646
36683 11709
7814 23672
10414 19097
26733 3749
27138 33938
5501 798
14724 22525
34083 1410
2975 32985
9113 7460
10837 32068
26744 39198
28973 11119
8327 20005
22272 36689
6627 38765
972 25200
34380 14512
28215 13414
39101 23494
33791 13503
39704 24417
18912 19303
30034 36010
22913 23612
22218 26984
32820 34519
38437 7319
38244 30504
8001 20842
15543 8560
1765 30449
21113 28079
35827 30790
4821 35885
34881 863
16832 11020
35136 11130
22347 26951
26530 14121
36198 7274
14840 4521
7227 3190
20772 14311
39725 23377
30344 29042
14052 8477
16769 34964
33399 15212
5201 2824
11480 15808
30415 33521
17968 20330
36920 25159
31610 19615
7720 36753
15101 9251
39407 22287
8757 7197
3793 10352
38214 25053
12820 22726
15056 6294
9052 30746
29633 37898
19454 36929
1810 38296
11031 5998
9450 15884
8280 3407
39539 13829
39275 9055
33615 20534
36575 777
1812 13307
26567 17510
1617 31404
34815 16943
11543 28906
29321 3749
38278 5858
38858 3124
707 39302
32976 21341
15136 13059
21725 24777
24709 36433
23261 12625
39962 34286
18244 728
5635 23905
1610 31419
9763 4655
3718 10601
12764 35465
26391 15422
24158 16979
30594 11851
8877 22728
15733 24767
24117 35995
35775 16762
27273 35599
11434 11003
28552 25665
6175 23204
8160 1869
4387 7072
15007 6486
2547 26937
20787 866
33298 33151
9449 11459
35084 14409
5702 34791
25945 2598
39193 15872
35531 31809
3927 13954
34860 18743
26162 31308
7351 1503
20318 4927
28224 16256
14206 8533
14123 35254
22551 10025
14449 20997
5851 5179
15455 19915
25029 19955
12534 4497
38896 17401
4558 33344
5599 17253
4034 5876
29142 11815
17140 38092
15588 30012
17624 20612
21804 11647
23725 25899
34521 10922
31921 28000
29080 30512
12384 29147
17729 25286
3009 14606
1354 3677
9898 29164
22207 12913
24460 24457
30706 34665
14533 7155
34567 27535
22692 21873
35316 14502
36853 5428
14020 18507
11716 9239
17511 6885
35908 39357
33107 30613
33603 19526
34240 15294
7041 26855
6183 36813
9690 28806
10569 27101
2251 14932
22229 33600
19813 36992
3297 32707
30083 13349
30334 3645
1899 33889
15681 33031
12941 19288
29164 9075
15427 22056
10225 10211
33127 17196
24062 16538
20941 8036
4221 19023
5558 33430
23124 38161
19661 19548
10612 19148
6718 15765
4114 36094
29133 20089
1278 28488
29828 9241
444 23293
30337 30956
27436 26637
19485 19107
12112 25281
34866 13935
39169 6276
32114 9407
10959 35008
312 20700
15799 7983
29979 32768
16453 10920
35810 563
16047 25434
7311 29259
38181 25975
30575 19021
28212 39330
25007 32987
8157 36676
4384 29897
12807 13161
26901 28032
14721 12831
4722 11249
27689 23454
28879 6260
34330 33737
23781 18651
3702 8626
38503 20911
5596 245
17586 28069
27224 35677
18903 35233
28152 37551
18750 30379
12477 17121
25631 186
14117 31665
5209 16678
3415 389
13341 1198
24445 5449
35677 4698
31297 13036
11067 11976
37650 7665
34155 25347
18985 6671
34157 19361
26973 36090
31997 7016
5587 22814
21849 30672
3115 1827
31314 18025
31337 31369
15884 26754
39685 32649
14349 7129
2299 721
25410 15204
18615 22222
7673 13266
31007 27606
2224 10073
723 27589
34713 8735
37267 35711
5359 3466
36992 30986
23390 17991
10221 2652
29668 9771
15328 11324
13415 9672
24951 38600
33457 19445
14902 4649
5777 31154
24245 24605
11126 22685
32959 27759
4710 17933
14728 14814
7228 30425
23257 20704
31774 12320
32642 29902
32121 623
2504 28307
4305 21613
14097 12355
13038 411
14602 7681
4253 5604
6215 37138
8832 33304
7080 24914
8715 20159
32805 3420
38667 15983
8187 1553
24539 16807
29316 27374
12558 7508
31224 29105
20007 23430
33321 30623
27455 20093
1672 16683
9123 515
39977 39930
18394 20288
5134 6796
28000 24240
21418 1293
7496 13786
21061 33865
1686 38970
38304 18388
24072 25375
32018 976
27958 25750
2199 24054
17905 20859
28412 33540
28787 18255
25634 4950
29984 28153
6932 28370
26441 25722
1468 16458
14848 14649
39518 25921
13153 6877
8080 2294
6737 3008
4046 34239
18412 17260
31827 34990
11878 34522
32321 35251
11472 74
1261 14156
22982 25825
31972 37253
20201 8859
5315 102
30056 439
24655 19924
34437 18309
18219 36425
35810 1348
39085 27090
12063 16876
38872 8943
28288 27111
19748 29588
4053 35934
22580 9868
16850 17461
22855 4722
38441 7063
39482 19623
2636 12227
38916 16397
30351 36849
36373 4276
3555 18214
13323 4778
35411 36431
8627 12123
11313 6838
2884 2593
2217 14683
6532 9924
39299 8856
8622 25595
3976 9685
36195 2254
23397 34613
27179 12858
18033 31806
2395 37747
26354 1997
3478 3852
26656 11613
16709 10032
6437 2737
11538 3820
24011 19832
14230 24276
5529 20420
31511 22977
5593 29818
21166 5088
4691 37029
3284 10949
33007 18271
8834 26246
33809 31324
36315 12771
26619 35129
2109 7013
35675 14748
22994 1041
28039 1445
4511 6241
9006 26611
20194 3145
619 31647
39050 35110
2890 5917
22970 26118
10202 3713
5347 21304
22260 34520
39114 29636
19657 15371
26694 14740
25129 2120
21125 21018
4268 3009
18418 21994
23017 28013
34589 29513
26319 20422
10808 28934
2150 3927
25503 36610
27802 30715
15916 33528
34942 3663
17094 4185
29832 8904
27873 9526
19274 19338
9584 28174
7389 38296
16435 28323
31472 39820
38403 21188
25490 22177
37820 37818
11556 952
34736 36312
23166 20310
21113 7074
33050 21256
27587 27949
11162 36587
7135 32907
29725 17308
5550 32126
9699 16333
23807 5683
36761 20005
6398 13237
38174 32630
26777 7114
22821 21773
17963 12835
35500 7885
10269 20130
26445 10859
39639 19013
4436 4017
32921 8306
14330 18674
34686 19139
21241 14861
38196 39108
15368 10721
35335 10268
37606 14743
569 5503
9376 21586
8886 17785
26866 5491
13345 17631
6750 16026
31832 33453
35841 34704
18973 3682
39823 36703
38090 2844
3873 24525
9442 35493
12972 16295
6633 34513
26951 24174
37375 25890
5646 7199
37601 22304
18606 7041
36418 23032
37361 663
28754 6337
37113 4585
11796 39862
13467 20396
37019 24500
16662 33299
35359 32141
16470 37879
24289 32191
21186 37197
39169 26036
14343 2951
26516 25341
9860 17792
29394 3264
17492 18055
2161 34133
38436 9886
8080 15152
34186 30139
29687 38318
33748 25791
32971 14010
2282 18153
16833 35356
29887 39458
6307 30334
34489 2838
10635 25257
19728 11332
7560 19518
15069 1492
36616 15698
8998 31849
8007 5108
12430 12982
26081 444
8083 16849
36250 34759
16983 22296
10253 12775
20716 11377
16223 37293
1651 24843
24457 19516
16359 34059
20419 79
28550 20818
23346 20952
29146 39937
1000 34958
2195 15853
13908 29826
20348 39176
20394 4977
6817 21912
30542 23222
19931 9256
35466 27734
15470 8809
37670 29961
24599 5640
9017 15771
26324 36319
26725 38112
21944 24841
30684 17814
20448 14104
24843 2079
39637 34175
37329 29332
16854 4157
27901 1466
24079 14736
22894 29581
774 18775
8561 2594
22518 38706
34489 26961
6159 5126
9746 21144
25402 12098
2844 3449
2990 6688
4469 35949
4731 2838
39664 5530
2210 26549
19838 3473
7726 13095
10164 22908
10211 4261
7938 23313
13086 11316
22236 25058
32809 38557
33077 19041
32979 5425
24712 22082
17725 36351
11792 29201
8318 2825
34314 2745
937 36110
10971 4093
37360 20974
36655 9415
17373 10517
20528 25816
24895 22600
6452 12504
18220 10455
9924 27667
17995 6973
4551 38420
422 2102
25416 3484
12229 35195
37873 21959
9572 26389
34556 6639
26284 2981
27449 14435
18495 24246
12041 6481
36306 11916
19377 11889
2921 25271
7361 10457
26040 6551
21932 2121
32705 36967
11469 9636
13797 7866
1535 34124
38071 19704
17410 18928
37106 10252
847 14133
3991 19602
31263 6714
35457 227
33142 35069
11810 28972
30426 15545
15322 14535
15043 30615
19922 6799
37400 31751
20302 21264
39334 5633
12378 20755
6868 29532
29568 1090
16976 17845
34112 8317
9026 4393
23212 18240
10744 10752
9659 30613
6261 8632
38909 5106
16481 4046
12012 17801
34474 27876
36901 2543
11943 9985
34561 8557
29135 13809
3351 23037
1206 2919
4263 34499
7835 4157
17171 13634
6736 3924
2413 32561
9067 7484
6462 17414
4537 20713
14062 35895
13627 24263
20842 21837
1412 21753
29916 21143
25674 6198
34886 1058
25943 30372
10560 19374
35973 31151
2877 29819
20493 37478
34721 17986
31886 27986
34724 17897
39360 3774
35412 11702
19361 3394
36213 15361
38529 31950
24944 13901
26808 16821
25873 11817
12762 21472
32257 4300
11410 36427
19256 20018
30369 28575
6729 20434
15856 35887
7948 4646
15326 22151
34894 4471
39783 19623
6630 5877
17026 18004
4745 9114
31253 18963
2490 26416
17441 32266
19182 17079
17679 30058
23468 15325
13444 14332
30119 25892
22642 916
4197 10954
13863 7228
29756 35304
11949 32996
35921 31126
23902 381
30822 27700
31745 24363
2429 28935
10808 29465
39614 6973
37908 18671
8818 32767
30468 6395
5611 27195
8653 23085
6760 25627
14555 39000
9108 35159
15645 20676
30373 31845
7798 25668
26651 39732
10169 9173
25542 22291
23066 18145
12064 27473
29470 12916
39443 22844
35960 21645
6602 36983
37785 36662
3280 39685
38936 12027
33648 18497
39116 23655
2459 23387
35542 22051
26819 33901
21027 1152
31195 13420
30636 37445
9471 1671
28087 28148
17905 18793
7586 14086
971 23044
39955 9281
17836 31757
15323 15239
8526 14197
28549 22021
7041 35807
10000 12991
22208 37372
25908 3500
7969 3936
34613 31207
10660 33654
33679 35744
7473 16945
34456 20380
912 39995
18610 234
25405 10655
34337 31112
19649 32243
15243 37550
28420 28553
19073 12956
35375 16815
10979 22788
11958 35389
18367 25083
189 5564
18259 8460
25742 38544
3912 21240
10536 26106
31506 28350
21367 2516
9990 26162
27416 8285
4602 4531
36336 14150
5763 17743
29034 30237
25384 26372
36462 35542
26193 13895
3302 8782
11795 23139
5572 3597
21888 16866
6458 14368
20111 18990
27233 26854
38576 14066
38280 20473
11406 8668
33191 14989
5039 11237
26480 5650
19241 29575
19980 25355
4001 8842
18611 3591
34704 10948
10759 2177
8023 8364
17924 5928
20500 4270
36113 36570
6718 5855
31928 14522
36135 18582
353 31783
38379 9426
33775 7788
17313 38453
37125 7425
16326 392
23684 16501
5997 10193
23323 17370
8979 5222
23341 36175
16591 14310
10346 24459
14677 33065
6407 16699
24321 6233
4513 10292
30200 39769
1776 22318
26361 5934
5415 10633
303 7302
35910 28871
31241 19686
21020 28131
31006 38340
37277 13318
30486 18234
18929 30035
21036 35660
2124 38053
2883 20885
22247 300
6408 14899
15068 6053
7562 38728
19786 35688
6133 1820
39484 15815
14177 26793
27016 31109
2772 20551
29118 5548
3935 5469
7640 37054
29633 29481
837 27902
31771 5354
30693 19072
36825 28640
31880 38045
20540 6643
8781 18899
16112 8307
2050 6512
22035 17774
16742 5063
22993 23248
13274 18544
3850 8952
8904 13296
22912 13632
23044 8666
25091 25472
33813 28335
26789 17864
3257 38697
30080 24957
2655 33539
4436 33607
19711 9834
35498 27896
34643 1251
38876 9919
22410 5726
23563 32104
2606 26989
8360 19085
35859 25066
17437 37247
18478 28108
33873 3869
36419 21047
24656 30853
16407 4174
23696 16954
9747 16273
23754 18905
15135 37816
11319 14190
752 35728
3720 4712
20401 918
32429 12548
38077 283
7454 9465
8402 16022
27734 15319
3370 14169
18313 25090
24820 17347
20525 455
38872 31773
6503 21371
30590 5860
21688 7440
25810 6439
727 28960
39058 2586
30595 12652
39536 31222
1066 25397
20772 22536
36487 23942
37669 15655
5913 12624
9951 28736
4960 35240
30926 12492
32384 30119
31426 39932
38285 13083
28116 2804
20543 3008
39866 12270
12617 799
2503 14743
33706 8192
18643 19445
24515 13968
13575 38826
16398 4534
39787 6847
28555 30191
8993 28870
4922 14934
31102 77
35988 35824
6881 18992
21757 31397
24364 39171
25243 3549
13386 28365
12265 26973
23133 4576
23482 15503
22239 16657
29882 29648
30087 30321
7848 35984
19427 30061
38517 12077
29960 31857
6287 4697
31263 21230
31425 33860
7193 38391
34434 32392
35260 20148
17971 15926
35887 37964
34485 8722
32007 28257
15137 30929
10503 258
1623 16064
16264 16423
6073 5686
26314 30748
39717 23189
10432 11094
14221 6790
33421 13637
10004 28866
29148 32361
29610 19818
537 17285
28680 157
26923 25323
19923 24665
15374 35779
15729 6242
7030 15578
1371 37260
33724 17072
5034 12246
21522 750
30638 17135
18752 21405
269 31295
7347 15389
37004 1844
10358 24096
10758 5774
25508 36145
2252 12538
32348 29982
9996 26449
24187 27996
39547 36683
33312 10638
39404 8170
7533 3283
28369 31205
28832 36963
15721 8730
22014 9981
28587 29738
3834 1993
24708 2864
11801 23820
4850 28371
2715 25116
17198 21233
18125 16638
20262 25488
39729 27937
37845 24005
26470 30858
19974 14556
22582 8588
6175 3422
706 25034
19189 28032
35837 33713
5358 39285
26759 34698
2610 36585
38642 5697
7019 23511
34833 25117
3407 32870
37165 24415
16994 11713
1006 435
17452 38463
36486 6636
14670 39611
28411 30396
26963 21198
10106 2702
13168 6952
2759 27009
17296 34711
8769 38209
28366 27910
39766 32789
16625 34865
18494 26594
9895 11565
10098 467
25064 8422
11955 12268
31891 38780
24539 19854
8118 24924
6644 13886
33791 26362
15879 1042
29644 24937
36411 39577
1873 36412
29590 35941
22380 28992
27061 18597
31506 33698
37818 37620
1539 21738
14020 7475
23683 36823
12584 27719
16422 23740
18562 13759
24924 19699
14107 5575
38856 29996
27893 23061
23847 32080
37300 16492
17534 206
39779 1893
12916 3044
24248 17176
17148 33808
38516 23174
23744 29625
23807 14981
13833 25385
16110 27444
39276 33169
28816 5904
6132 30196
4906 16425
2733 28106
1089 25777
15723 26488
24217 16486
25451 31922
18391 22374
26725 15391
1383 2900
7449 6730
4434 35753
22657 36821
664 16746
10509 116
7924 12735
17811 35699
33222 19110
37265 5637
28833 6024
25863 3578
26446 15782
24155 37959
32070 39278
32197 30372
17808 3177
28965 2598
35603 13489
16400 1919
724 32584
261 27385
16057 30178
26121 37221
11284 38642
19556 24518
29146 16005
13076 6747
16032 28420
12520 23210
38204 28586
7015 28623
3909 29179
33188 23607
25336 27850
7834 7533
10134 22529
27478 24981
24967 22698
38418 34738
23787 9399
23826 8421
31793 13744
20553 38351
3743 16296
10817 33589
21554 17647
38759 8112
4739 19483
13260 30448
16920 34138
24137 18662
21590 4116
35427 15359
26908 26322
15011 21422
39122 9838
36692 2868
7294 19336
29438 31186
5240 10099
6363 11768
33107 4386
19462 24924
3022 16886
1015 24819
21831 3571
35466 30689
33175 26096
14328 16127
21235 1976
30068 27999
4584 15898
28997 1809
30472 6315
12800 3517
8024 13631
28693 14458
4197 11671
14445 21573
37949 39630
4613 18397
8423 26387
24055 22404
34340 33363
29528 19801
28327 16039
23792 11014
27868 2620
14473 6512
785 1873
28022 22297
3937 30406
23910 12335
32302 34804
38516 13892
36787 39847
12854 11365
31232 3712
3387 8007
13494 24722
10610 9128
5342 8532
12438 27744
19068 24736
24030 33809
13416 1033
14520 26451
28237 20410
13616 4330
29959 31156
38694 20668
4716 31415
23736 13811
36861 19664
30543 26801
8530 33435
32225 3303
9047 13287
8435 594
3120 32768
24783 25613
3966 34604
38360 27726
39328 1424
3874 32035
36890 3805
511 1763
22092 35924
24893 39540
3305 18023
37707 21535
15197 27985
39357 31332
38862 1957
7505 8272
19526 5827
28037 19942
36827 30069
38320 37062
6542 3880
19516 34391
35032 39515
4151 34381
23578 13354
26030 12645
29021 6522
19380 136
23766 37693
10120 11233
29091 25984
34143 13307
8713 32668
10034 37415
30143 39297
9703 20347
10588 1779
14636 21155
3057 19682
16880 20865
10448 9100
16368 38650
8738 25087
2287 12780
30737 22470
33109 29698
9085 3098
34699 26043
20715 35144
12931 30112
3850 9146
13828 14285
16514 1273
27116 33558
27012 39002
1387 12847
19804 35191
24202 29399
24320 12265
4193 38656
23528 26948
3393 3819
29373 29041
13733 37856
27462 38088
32913 19934
4648 23853
5689 28688
4256 10356
33784 14777
26860 4526
969 18899
33440 24150
9386 17024
31977 15434
37577 10350
11593 9234
27122 24144
15608 23399
33209 38889
30439 611
19974 17648
21462 35789
6652 15648
9002 1599
4055 13073
5464 10565
33321 14741
5374 17147
13374 34874
9522 24306
16258 36029
17909 17821
21651 33133
19243 38019
32530 8714
25353 25147
17814 4849
30337 25543
27180 19940
36449 3215
28675 16040
14145 1353
12154 886
3385 862
20299 36978
19878 10625
38576 34556
5419 20468
18145 17502
39275 14584
13528 25876
293 4209
36006 14162
9603 30644
7744 12552
24515 29045
9639 5401
19063 39669
19277 10892
9929 7985
11172 33641
15740 34780
32710 14148
9706 36357
14099 1549
18172 35370
11237 16522
35667 7202
1511 7439
20479 16994
13710 22008
33093 21701
1725 5843
3205 30100
5690 2992
28508 28969
15307 4926
36538 17172
2083 24473
19897 9670
31832 2760
21626 32554
33976 1472
10102 33740
7597 24999
30692 8625
24695 35724
15021 22395
1326 27969
16958 26226
7561 24143
33704 38668
33642 13992
17523 16863
9982 36130
4681 15110
6214 39632
28924 12925
16430 10540
12973 27216
3503 30973
1099 1919
32491 1699
7320 6454
22983 27526
6376 16440
26866 2521
29538 14846
28177 35013
30228 37248
20826 15488
28656 28892
3173 21877
19858 14515
33521 9456
19282 36354
614 30319
4423 36610
17826 24361
14977 35246
37097 19537
31963 18198
4585 30900
29982 28702
19903 34564
2855 21065
33843 9421
24817 24124
14163 23071
1591 34840
6831 7310
12500 12368
2865 2063
20131 25546
24929 1377
19859 1384
7195 9457
8667 24818
8487 6075
3421 110
32473 3098
35331 17245
21853 25830
14906 32572
38270 16309
24906 1807
28637 24258
33721 5561
24708 29700
37255 15232
1603 34794
5879 31927
13119 2022
1771 39871
22072 20034
26056 2145
30303 172
24603 27904
37946 24106
3227 16831
13178 20843
29627 33865
36867 26840
35376 28526
13860 11548
34826 11452
26784 587
36927 34578
20138 1887
2498 21730
26414 30202
17689 30158
18029 26352
9588 24285
33118 12437
8097 27825
34201 18673
35860 8319
8874 1367
25397 23724
14419 25686
20418 38055
5799 38166
26091 36031
28773 4444
6344 39416
30312 2846
19893 33790
4789 6173
19979 39296
33207 17491
39134 6680
3444 12442
7367 14705
21666 18270
20779 17809
12992 10995
22557 36166
27922 12956
33685 5394
28035 16077
28466 15316
36979 25953
33567 37282
19282 9005
11560 1085
5779 4247
30141 37839
12048 10698
32713 26873
21552 29325
2277 744
2619 11075
33817 4748
7053 1056
36026 30959
19654 15825
36393 34670
16097 9876
24801 8271
6866 13971
26381 37203
37757 30103
7982 39988
5963 5905
23172 22394
31631 19059
36493 20792
9668 35624
21615 28856
18248 37865
9823 31928
10822 28088
4251 39888
20742 16539
38384 39583
35312 30341
9628 39380
19050 8835
16923 35560
33748 27918
37763 19822
37618 26779
37697 15478
35193 37936
39772 9786
13146 2577
26461 37978
7214 15908
20647 27053
2235 587
31577 16100
16480 38721
4853 19496
18307 15454
30612 33151
31779 37589
17526 6875
28539 16747
21653 28702
13552 9219
30857 26634
35453 23443
39378 9185
17470 32366
21042 27645
1193 28218
3438 35690
20389 9786
9962 13374
36314 30427
36752 20722
942 10190
5619 30896
18002 13228
26644 23920
11073 36549
18023 13045
32420 3555
29255 6159
17593 35902
19417 6311
38103 21262
37531 37461
7609 30145
10874 14349
17423 24887
4369 16665
37388 19472
18145 30904
38111 20634
3104 6848
32369 25559
26053 19171
10660 32715
28072 19780
18215 12628
36801 23457
33354 33284
12149 5047
23356 568
1249 16837
25964 38264
23836 6678
8208 30880
38774 16532
15689 3103
33464 618
1696 4467
22784 39684
15134 28352
16853 1930
6576 8872
18142 10638
24899 28032
27917 5486
23582 29553
16392 334
13794 158
29268 23120
482 20335
12662 28277
2403 39038
38665 6303
2304 24529
34690 35274
30260 14854
14673 6293
20748 9453
29135 16357
19634 12574
32790 17418
23700 36309
39341 38484
7613 7148
1571 19132
2432 36417
22459 7602
3304 16949
9252 38245
19484 10361
11765 15415
26125 38277
9713 15248
15376 5557
27119 4552
11373 1574
30275 14409
38600 28031
19461 31182
24766 17011
5741 16346
34409 7753
36536 19798
29619 4815
13672 36732
24507 15955
319 33423
39593 20195
13368 26672
6658 12074
23439 15711
12838 25483
31020 16090
39750 32966
37799 26939
38202 11621
19379 10003
591 3903
20745 29392
6443 28267
4943 21033
21758 32927
13095 9011
15359 21245
21339 15024
9533 38740
6931 37127
4070 253
34571 39905
2745 11010
33632 21782
38633 298
35774 4973
4444 32336
36771 17208
12187 37096
7623 22849
33081 17497
25093 1999
4653 203
31089 25954
27631 3121
3360 31545
4820 10697
39703 27999
15999 35522
28171 16905
2415 10068
23859 26152
13122 31123
34993 29638
31424 6441
37446 22215
25636 17318
14263 24494
11388 17257
11864 14369
25055 23728
3907 32470
878 9723
23721 428
36691 25906
2523 33724
13876 39437
20774 36243
30964 11564
29023 27616
1048 26054
11892 1182
5022 13850
14645 35374
36927 31453
27453 13553
3531 17957
22585 34647
14093 29738
3075 26407
26789 39114
18433 28191
16137 11797
27219 30446
30836 12395
9409 2750
4678 12948
6808 1503
13007 22900
7298 10332
18659 6431
3794 5707
16113 4440
30550 19649
23214 14078
11853 35250
22673 23717
31212 11368
37835 6907
11197 36271
24149 28734
11092 11027
10952 36655
24363 26148
13907 29227
36390 34997
2382 37756
37556 38070
7779 122
7695 16413
3611 31199
18200 26892
1766 17112
10910 23712
38937 28479
8407 4969
7727 11089
34348 5980
2730 24784
10573 32525
38588 19419
3385 7375
29494 36827
20850 32339
12801 20887
5038 38478
2030 20246
8493 10815
20036 34154
24758 3951
23883 32757
15018 12036
26554 39323
2633 39839
38762 15719
22352 32820
10378 10055
14152 39489
37002 2837
14593 5114
10365 39707
27384 33296
27344 37320
39181 14654
14518 28956
32716 25927
2419 37492
37951 19783
5217 36787
35392 27686
26646 36810
24552 39147
28466 3267
10631 2456
27167 17042
26380 9598
11524 31293
34771 38958
18717 5875
34144 8731
23954 14027
16082 26
16640 19698
33143 19418
26939 14081
1409 36402
4374 29018
10669 22463
21498 9008
3144 14859
11262 7759
15301 33396
14403 16282
20911 16424
21864 28336
26563 9953
5067 26069
17032 16097
8743 32493
27143 13026
20512 30920
15124 38596
30492 14194
5788 7001
39324 8333
11453 1875
14267 25015
10497 28421
8876 31174
34291 14245
27292 29929
4795 21090
3490 19810
31178 11048
38841 22783
4976 17638
18170 20870
5230 26857
20969 30975
19598 19429
33167 1491
289 18314
17756 21318
7017 34354
26357 39701
36352 7820
24752 20174
19742 14908
27805 4729
16746 17142
7723 28866
35415 27273
3322 18107
37049 26587
4239 7222
39346 28493
11611 8964
34375 27481
28194 15528
26933 14150
18559 23802
9714 4435
604 4779
11815 22988
21155 19796
31135 21323
18237 10799
37804 1793
35767 30428
1116 39001
20280 4925
5677 29683
35834 21402
13452 13078
28947 26180
39618 33096
6473 8605
8237 19625
36816 10060
39886 14356
38390 4961
32597 2787
34879 25241
13690 5873
2174 21986
33317 2518
4861 16122
31517 33299
20495 20544
2329 23960
27745 27536
36604 30266
15262 35145
39181 8704
16951 13017
38206 708
10830 3770
23435 29579
5699 10152
32867 6913
24734 28573
29550 10537
11895 15459
1346 11120
32782 32029
5252 8772
21332 7270
11731 26043
15065 11153
23511 4159
28324 31812
9324 42
17184 39227
10587 13385
26418 221
29738 21959
11276 11274
18227 4161
13163 5800
9267 4566
5006 2853
8221 34654
19226 21571
33257 29955
38824 9519
35831 2864
11785 19237
32298 3281
33758 5480
11676 34999
11669 5844
19987 37701
38756 4949
27904 14721
5894 31665
4105 15043
23506 12322
32679 24856
34658 6858
18719 30291
29904 28070
26268 4731
15422 10804
31202 37776
32727 15431
23046 36145
32808 39307
14174 18283
7659 26145
843 24471
13989 20067
5217 22376
31401 26928
33233 36461
27235 24253
20783 572
31442 37794
19644 33476
1837 28184
33958 14746
9421 22828
9742 10921
25036 24554
6303 1765
22173 23778
4877 10367
15749 37552
20771 24836
26280 27594
26986 13675
22516 6816
12494 13007
4743 33925
22114 19602
38576 7608
32929 10586
9266 9167
36432 27472
25711 19941
6208 11446
2932 14422
36539 37691
21601 37165
10798 35450
3133 10812
29495 20338
3886 38286
34147 19863
9096 24993
11319 4687
14684 37906
35622 19433
39603 21250
14111 37074
25280 30556
36953 29956
297 13372
9097 1464
4459 38951
29869 21818
14336 37326
33261 534
21399 13562
19607 724
31408 23041
20096 38301
24766 16268
1564 23588
36231 10283
38387 20895
30153 27261
32509 34513
29297 33187
27195 5415
21756 5016
5046 39431
24581 13338
19767 12295
4895 18479
17525 26738
35425 24337
25425 5670
17175 27666
32855 15398
38274 31467
7587 9233
29099 21836
26092 2728
34907 32952
15342 32765
16675 38691
37998 12107
543 32235
25585 18964
38486 30900
26093 35925
11776 13643
13718 27362
11785 13189
8862 10125
20369 20513
19825 16613
1029 5611
31424 15170
32884 39586
27547 5839
28132 23891
4000 16114
25002 27266
25690 16519
6587 11045
29878 31424
14566 7305
21621 37640
13302 18345
8854 39624
23533 23613
35268 16928
12972 11548
21079 28463
26932 31745
38449 31052
6161 20328
31692 11873
16320 33207
11937 36220
20982 39432
10782 19590
26275 9782
11557 25633
31476 34488
29214 705
15850 33061
22088 25031
8067 23860
26899 4102
11475 37991
5327 12384
36127 3877
9563 12681
36443 36566
17991 4999
10855 27771
6515 39173
14885 5323
37704 8251
7467 30003
13855 5601
35003 6316
8532 13693
17020 10893
30743 19279
29772 36351
7933 24187
32221 3308
18402 35728
10087 22058
17332 4778
3515 25971
6693 30354
13544 9229
39417 11191
13522 6840
6551 17433
11613 31183
32187 18623
39546 11345
16425 18081
28877 18005
2399 36182
17129 11753
23315 37237
9298 27852
38221 32277
24055 10631
9771 38095
3285 19185
30764 11421
6727 15802
1798 33625
9922 21801
30683 12118
34503 17071
18751 37408
17967 39743
28510 11752
25309 21827
5896 28814
19835 35814
25767 2422
29279 2439
26543 1314
8738 24571
35589 1612
25184 30642
9753 6022
10145 31431
19148 24235
26791 20328
22985 1120
4978 9409
11768 9226
2404 6882
18030 14348
1119 3344
24940 11500
13699 34897
35085 38281
1841 31405
38817 38109
18053 6473
28857 270
26807 15783
26038 25679
21524 5599
11242 2316
117 36962
17382 27113
39332 35539
4602 4663
7519 34128
39753 2207
393 16472
36081 10324
19077 10820
13779 10714
2395 25237
23599 16997
33613 475
38803 13352
36433 7342
9109 25813
36083 16062
22008 23647
8730 28645
13897 21815
1178 33428
34718 451
4870 1922
25108 20940
23893 39085
35012 31426
590 35810
33844 7831
23751 24127
37101 31655
27511 24975
21591 7573
34711 33464
23055 2770
2750 11293
12925 16141
15011 6292
957 35641
6210 6856
424 36364
38295 28490
2343 20963
23546 21412
36051 384
5908 6716
5544 12786
27178 10362
34135 11062
9823 30575
12370 18589
28566 5728
18823 36581
11165 33170
13412 18635
29508 32109
24006 11993
27006 22969
18963 21596
31860 18118
37496 25237
38426 26165
13949 9079
23144 38592
18079 11844
13873 5552
7286 3560
13275 14643
35516 15637
7260 38670
44 10028
8640 25578
7419 37762
20305 28361
1357 4578
22851 21087
34478 24626
6140 34391
35421 6441
16218 4026
26651 39272
17897 3440
37134 12467
5171 33999
33318 12041
1490 30347
33764 2230
21874 28850
26038 30868
22084 11332
29864 32396
15141 28658
13487 5494
18484 8872
7526 9193
27044 20891
7267 17009
31983 7154
23574 9021
12930 1401
14643 36815
23041 25179
4655 18945
10900 36411
5627 9992
37723 20159
22561 23574
20188 32559
14453 31735
17230 32639
15537 1610
22613 18476
23453 28989
28857 14130
27821 36756
29797 5860
23627 19285
11502 20487
37750 22228
783 21705
14047 4066
27643 33650
24242 18229
22061 6066
7485 29579
12144 19363
19804 20391
5669 18502
38632 29365
22151 15775
36863 20081
39764 743
29542 4735
39438 25803
14534 34067
9075 24046
4071 37487
29992 25510
27458 16633
22475 30080
34166 39326
19370 15649
3299 37939
11450 13712
29691 9103
34610 281
2256 15011
5066 33492
26421 11642
22543 38607
16820 29100
23305 39090
26390 37962
33465 22819
22572 13357
22926 13740
38287 6970
37849 22014
27787 34003
8605 39605
34955 29538
22099 31918
23832 20927
38986 29186
6238 24330
23620 22308
17606 35949
10474 21024
39675 38609
10932 17160
27743 8204
26263 312
14357 15896
2252 20282
14524 18538
6956 31224
9641 21148
26567 10614
15710 16126
10519 34457
33853 35956
16056 23419
12359 22955
25353 39638
34891 21389
31259 27258
9350 3084
7791 28062
14988 38309
13257 35713
14346 21397
33049 18910
12109 26253
19525 14689
2546 11296
25371 32985
28296 20119
26982 19289
19393 7731
36685 31795
21787 10289
28691 16118
523 35761
22653 28147
38574 25636
6461 38346
21485 24392
11728 15480
5176 17479
11188 3957
6594 30376
20175 17805
16677 33435
16837 9553
31783 30860
8645 21388
22628 8675
22426 10175
3736 21873
12751 10449
35058 11552
35540 5669
420 6675
33305 34633
34401 10590
38264 9894
20032 29927
39072 29743
11771 20315
22814 35762
5583 23675
9563 3403
2256 8970
22820 633
372 7468
25252 3376
27256 37806
37714 1171
12477 24882
13585 34007
35071 33954
26287 982
34275 12903
33417 14108
15222 37520
906 39252
15227 11486
39058 11902
31887 8522
33351 1768
6041 17005
11120 25841
7513 199
23396 21367
24860 16024
15409 15196
37816 13656
20890 21876
9742 34403
35058 29859
25357 25747
20725 35232
31286 15531
17658 21583
4262 1486
10458 7263
3941 9190
22557 3434
18202 16685
15015 17524
1402 24977
38529 18480
28290 37723
2616 18697
1161 30340
16868 1234
17774 39536
6244 2550
3974 8570
18532 30334
33336 12807
15191 32537
9096 33902
37282 37938
5076 27450
1291 31354
13560 27948
17538 7204
48 12949
10378 4186
20967 11291
2760 28420
10260 7110
11331 38613
6740 4552
15490 25413
8044 38391
37126 2526
9241 38902
13418 26986
37348 23376
37088 1700
12619 16012
7889 11027
34052 21180
32755 24853
15006 7409
22556 31467
22023 23068
4805 25359
38207 16848
3524 9509
38265 37205
503 31502
13363 15578
2387 4197
35015 3489
3939 39868
23490 31798
37815 15779
11384 8712
15479 25169
11121 11657
32145 9032
34760 18496
38935 27075
34984 25283
26225 15508
33673 21059
27565 39106
9544 12051
26671 2566
7340 28240
25771 30417
11475 11807
38188 27297
2414 36991
26819 5647
13100 17017
37457 17852
28487 6820
2894 18657
33533 39887
25633 39418
27072 10765
27031 21141
6356 16785
39252 25074
8947 17867
18253 5704
33582 28658
11370 29212
29074 29458
11862 3935
766 13242
13532 11574
877 1370
26701 2814
20699 35716
27674 6726
6748 6205
5451 24508
4378 11066
31318 8534
1600 35922
12336 30170
34611 32335
36707 23000
29874 26979
25671 22343
368 15090
8298 19769
29029 35606
21780 28660
17658 21116
21846 14348
37287 11860
22157 19873
17908 30663
23807 39961
33337 38178
36292 17686
19666 17156
14910 30122
32462 6291
1771 7334
6171 20422
2194 16777
8267 3038
22858 34797
19740 33935
25238 18019
2646 39137
11387 18155
18661 18312
7943 35463
6336 36415
16475 35083
143 28120
37452 10590
39660 27776
7729 37736
1593 14324
1266 3925
16621 14762
29406 3317
23334 16874
6947 12765
30910 3102
23195 19996
10674 12223
35309 3361
26720 39707
25039 22701
37848 39836
15186 26432
20145 25185
4053 28657
1867 36089
34451 9180
25763 4113
21230 39660
28317 28160
20347 11213
38739 7209
9906 29455
5055 28570
702 5272
6699 17718
7813 17182
19003 15340
19105 29521
25218 22178
19403 3363
17821 21346
38522 15237
8032 2987
6605 24628
26703 34111
6651 2731
24810 2171
2747 37654
15670 2220
29734 14329
32799 26176
9071 14063
37991 9419
11115 5662
37403 6478
5338 21628
16888 26678
38869 10557
20158 36264
32440 28493
24754 26316
16063 8116
1624 16194
5191 7218
12936 36660
36701 2977
20167 14138
36557 10998
802 990
23871 29703
26663 2345
18951 9798
27909 26239
12416 12425
2602 37194
14333 12487
22941 26921
5036 19252
33187 33191
12588 13126
28204 39273
18422 16946
32355 30590
38931 16044
15419 32441
25520 8877
21871 17561
2014 3155
8549 21415
13591 18567
26884 15498
1668 23377
6726 32921
31784 25130
24772 7037
19989 21820
18470 6378
13456 15456
37366 8602
4910 20207
30021 713
27528 21308
18085 27754
28873 14952
37089 24189
37059 36180
25599 22008
19185 37890
38832 14975
30755 29288
30656 931
5558 28169
31030 18425
15728 18777
32862 29286
31223 11760
4895 37443
3776 16829
24614 15318
38835 12721
3087 15165
3242 18518
12999 9015
14523 37435
6935 19312
17058 16550
36252 38770
3046 29310
32833 24023
22373 35590
3261 24447
29211 22903
38129 39643
36407 27141
19169 25501
14555 25913
4447 29538
23931 23621
21452 2031
33013 39451
27450 31990
671 487
39795 8756
4996 28852
19697 23243
6354 2761
36658 28193
14151 8191
39622 32246
18517 1334
18596 28
19367 10798
17987 17193
26411 2010
6177 36906
9863 30588
21640 29934
24846 30894
37975 1265
31793 39756
6213 5566
27361 14560
31489 27897
18751 9416
13691 34404
24919 28961
36128 10188
30678 25438
12028 39
15975 39498
24650 14449
31990 36472
17045 17216
32159 19928
532 8002
25944 14727
9877 5726
38439 18986
35885 3014
22750 37933
15619 22131
29429 139
36911 36428
39756 35267
2507 32343
6983 31155
32128 39319
35272 33408
23912 4385
38069 37742
9831 37550
25642 8311
35979 33437
38404 7730
15092 4664
39006 30092
39214 39842
12666 27946
9436 12951
37185 6192
2834 24458
8609 5986
2487 32842
5047 39476
418 21367
4096 21718
17432 2912
31705 218
11389 16576
2 18457
6334 37225
37375 18486
362 27214
5543 14320
32885 38658
3188 8232
33392 36313
10238 30096
9803 29155
37903 29828
29771 32170
30911 4191
16516 7621
17196 5020
32481 35042
21795 7069
19938 36830
23102 8497
13080 23267
26547 19026
21121 33631
1374 18632
13727 1743
38306 8427
20769 19819
32194 18006
15418 6746
12695 11305
18912 37444
28104 33762
10470 19899
33665 6656
10701 36849
9667 9268
9781 14356
31038 4625
27305 33725
38155 13858
37978 4352
6096 25802
31478 21154
16338 2728
12992 19577
16838 20236
34681 309
23191 31201
38390 34755
27088 25473
32766 34380
16362 6414
21458 5366
36072 22849
3922 28114
18054 13767
12807 6881
10648 17345
38086 32513
13323 29183
20484 32036
38133 21443
4913 20566
14261 38167
3287 6998
13380 28408
34446 18014
29124 34099
28941 13424
26769 20646
17452 21875
8244 18956
28241 37024
37400 677
34915 19828
8401 25253
21418 3474
27561 14413
22070 870
8361 18021
21268 39588
19372 28757
33205 16980
10294 37101
38141 441
27835 17860
20199 16310
11981 25701
22469 11810
30548 29287
17509 19046
23586 36554
19401 36120
37113 10255
7205 39099
19598 9122
32193 39504
13694 6832
2493 6094
9049 27154
34261 8304
24457 19459
36924 32165
11902 4653
30709 33309
31945 4797
32710 32015
22517 28311
23259 13146
11893 22285
22470 35970
37167 12305
27478 39081
7631 22435
26156 25904
34893 6103
2359 34509
10417 26531
15388 6913
19468 15276
22879 27591
29492 17246
14500 32211
16280 7323
15330 8351
18865 10643
3301 29753
31844 23981
38876 28421
21244 13162
2205 18226
4232 28996
22061 23995
28005 35707
8555 52
18606 25510
33673 24752
29181 4747
8196 22127
20503 8482
10472 689
22444 437
3777 11807
22019 20382
9552 37145
24059 8843
27870 13757
17130 26071
10561 27366
26823 14475
20574 14483
35097 26618
10668 12743
31552 20265
24275 1963
14367 37966
16634 19804
7752 11134
6938 8007
37797 35443
30449 18176
39056 5457
17766 8655
15984 24844
33628 35515
11388 23272
7362 5139
27316 19948
15734 22428
10990 29587
36179 25784
33014 23997
13294 1031
15448 23992
1974 6795
9934 17528
2708 19049
21779 39657
24243 37501
27271 31674
24442 34761
17673 24167
39461 37572
21470 24877
38082 32446
28384 4240
22463 1577
15897 16817
3629 16253
723 15382
37165 30744
34402 35122
17116 9889
17221 3578
27601 26505
20299 19423
14774 23778
1166 33825
13367 34255
6572 2740
28346 6078
497 26101
9638 34906
11945 38144
27987 28396
21055 35303
8298 29350
8088 4392
27020 1453
39767 28700
25362 21714
18286 6871
20628 12661
2557 4493
6357 30819
35810 3229
6867 31206
34508 11932
38572 25151
13629 29621
35337 12441
35894 20795
8118 11482
29914 29176
8111 36412
20544 24517
8384 32590
3631 8858
1137 28199
5414 21591
6402 30268
9876 13099
3789 26827
38288 20259
18935 21760
20166 5135
5817 3507
2774 15504
5991 22861
2111 20679
32613 19800
39043 23465
24858 2019
32940 8451
10673 6121
8504 2476
13505 36426
8454 28279
31134 28655
12258 32329
7827 34047
5865 21030
9032 8343
8441 17673
22072 27392
10333 14117
37487 22083
11908 10079
711 25860
182 18739
272 31262
885 334
21993 26733
26172 17366
17377 33210
36636 10670
10544 20799
14813 7954
27348 27317
31172 14590
32199 5264
35364 32185
4614 9612
9687 20500
414 18006
16767 28543
26642 1414
15751 2053
26114 29181
4418 38887
8210 12029
32214 28683
6632 38276
31184 10629
22846 29632
12779 17384
11056 34722
13274 17540
2606 5627
6451 7606
34745 36590
31004 27093
24279 1829
29493 30969
21350 21982
2026 37817
2348 1813
16189 16035
38222 24076
4729 25190
8548 35817
32521 28708
14709 22348
19655 18006
25850 3612
9525 31055
439 4436
105 31722
6506 688
22777 32449
8168 27047
38571 1490
218 5507
32704 27470
34772 17356
17562 29647
9675 720
16065 14042
32703 19509
34433 37057
22615 9243
35931 22276
688 1393
740 33195
8849 3844
33621 12006
12807 10070
3457 20754
34399 29241
22401 885
9515 34001
32364 11220
19876 32018
35649 19601
1031 6229
11112 35754
1405 23604
19646 8705
1063 7704
6833 2992
34288 27629
32245 11920
12193 14268
2755 16790
36984 339
30917 39767
12038 28830
37741 2997
27454 14523
1974 20348
17363 1317
9212 22908
3044 22289
2650 14589
18997 29001
37292 4189
17853 33522
21577 429
13529 19070
19778 30499
30085 11723
21245 2567
15853 27909
32457 2433
21155 20568
22718 8056
5027 2472
4473 26337
21061 33415
12121 31877
28441 15262
13179 24882
16483 19084
27219 36282
6972 7672
26223 22708
19006 11957
16003 1737
1737 6398
36455 38199
26648 6199
30406 27135
30772 35049
19229 14920
34575 1207
9086 14327
24120 25913
38285 11856
9048 11749
43 9166
31645 21111
6088 7979
14899 15218
12148 9298
809 10802
18863 32887
19734 277
31896 4822
33014 16091
1464 35423
18777 27682
31168 20443
17921 26105
2335 2958
22346 18180
27611 13993
12881 16804
39509 7280
7365 28977
6094 8703
27589 19841
27638 19282
15951 16831
22096 13154
654 28935
26691 23203
21565 15319
24805 11149
38016 11454
1664 28087
1916 8536
1686 15100
38970 35985
14688 10171
29673 37418
31413 34601
36566 21495
14198 5733
23547 24858
37050 32809
10983 11838
5661 7655
26389 6249
29119 23992
35252 23842
34309 591
29033 13769
8238 28377
10885 16621
16928 8613
36875 14900
7649 4948
29452 2096
5253 38145
29294 4333
1631 10845
27359 33796
9575 34511
8740 37204
16456 32214
34709 24713
34222 378
6154 16572
830 11191
20203 32523
34810 9457
25833 5274
38887 11047
8390 13650
24002 4717
11490 36238
6563 18690
9696 7548
1500 38276
21897 39325
20383 32458
30236 10814
22226 1189
22732 16661
28297 23267
17321 10405
16427 26993
10695 14113
28403 33282
1880 2739
4054 17210
23966 19918
21744 27931
38755 7222
17870 17273
7389 38848
33953 25292
25384 36154
857 35062
4042 24692
18085 20065
7572 17575
34996 29066
17456 26080
4730 33646
38498 8992
12121 3056
8179 22209
16621 34786
19302 33347
5199 30813
15015 22241
6268 23747
1404 12772
17161 893
27894 19132
27145 33068
11786 38093
14604 19423
9155 34862
35560 23766
11726 37647
32557 11983
23452 29759
8401 14346
32030 2457
33263 11423
33324 996
24598 19481
23965 2873
8329 26441
15845 37897
21545 16812
9082 6071
30020 18898
1929 37581
28007 20525
36369 17749
13443 36416
16278 30545
23568 24451
9507 2621
25230 15957
20312 19744
23080 17280
3888 29477
17671 36420
28956 38
38266 23518
517 1857
4833 4179
31756 22911
26155 27517
14223 20645
6767 17993
14945 874
9606 24091
33405 5915
29128 39029
31164 34299
23301 11776
21897 15231
31101 21480
35488 3589
9693 36099
32944 3054
34675 27786
19374 19426
22592 30128
24914 3009
27336 30543
36788 10848
10899 35815
33745 36518
36152 11568
34010 14717
6985 10899
8527 19528
2442 27443
166 23971
28201 16930
2792 15079
30244 371
11414 16474
23576 31169
18135 6101
24588 15310
35187 31030
5296 26294
7167 30232
29825 1746
13781 17016
23389 15899
32482 6380
28241 16311
10635 14847
37552 24858
7214 4771
21868 30925
9087 30178
20264 6271
15999 22912
26817 6300
15094 2985
19414 21475
22059 2437
22385 17286
18663 32072
6628 34759
27632 21239
29125 23610
32908 38967
35624 29342
6600 23401
13805 18771
778 27004
21278 32341
2144 19728
25580 7039
32706 15792
16225 5581
22364 24099
16523 34329
14118 5142
35179 224
17514 27911
17494 34704
39532 22627
7724 3119
30682 26001
10461 17778
28513 23010
8273 34083
10457 22606
32932 21300
33552 28875
25057 8305
20002 8954
33374 18847
15581 34084
38488 30847
13495 39041
17927 25796
34665 22234
29453 22417
8844 23370
1295 34389
35658 12404
299 30863
4150 3666
26121 3783
14814 1993
35729 37366
11028 4996
22333 30936
39086 25275
13544 11705
39936 21902
6728 10665
20296 38229
15920 2574
19085 17575
28163 3407
26476 34906
16565 13573
38118 15278
28324 32464
3569 9896
10958 30055
21604 22448
35195 21530
21269 14193
37243 5450
1615 27891
25983 11390
12795 4395
23264 31670
26760 10028
16705 34108
11083 10923
10454 30031
9964 1819
4492 29747
16577 14696
23918 6369
17117 39390
35875 10491
18487 3611
23501 29441
21596 395
18974 351
18217 7172
39852 23997
31788 16733
20900 18662
3710 29391
39182 19153
7133 19483
20227 1672
6788 30228
29519 7732
34990 1185
10089 30384
33235 4918
8993 38337
28396 34558
5339 26864
33542 25099
17130 16105
29303 38072
23656 29424
5453 22498
37128 18622
23303 11262
28946 20884
4692 16775
32791 39817
28848 28825
9479 6467
32262 3057
25657 14754
15445 37738
14979 14342
31556 33386
21171 27845
13793 35479
36619 39863
11090 15721
39254 14120
19718 7797
31505 18851
20945 23651
4890 14999
7592 26113
30916 8132
22785 33765
21563 31012
27529 37680
17979 18663
31082 23325
1086 25482
25176 22518
5614 15977
19426 13110
29826 36266
11911 27567
29940 34700
38238 23820
30520 11080
31378 24431
37416 24931
9258 19875
10760 25253
2559 25308
3034 20511
24478 5648
8288 25557
14362 8276
15392 29305
15761 1785
13790 26917
32233 37724
25560 24965
16109 18429
36903 22779
36405 38524
27373 28009
12329 8841
31871 10286
35014 39851
9339 23114
22976 15522
38555 3199
36654 9032
15104 29866
11722 8187
10377 9734
36607 7338
28326 30196
25262 17846
30166 5611
6819 1750
33326 7242
1967 27280
10287 11224
17398 20451
32368 27025
17031 30867
15816 10797
10208 23534
11018 31168
4102 17499
13487 16520
7092 23846
2729 39379
23148 4847
24883 18020
39383 11965
11265 31355
3609 17068
8737 23143
25509 38281
13119 36314
36268 37507
28345 38748
8310 36174
13263 38649
12131 9809
36709 38044
33077 21269
1603 38431
25035 8642
24382 21649
33550 5571
32961 5783
21263 6308
31984 27760
24680 15584
8093 21939
22185 10666
27566 4985
20680 7925
23127 15520
1635 25535
36688 39382
28296 7635
173 30173
5225 24178
31785 17931
12112 17712
20628 14580
24503 14583
14035 11727
57 33283
4726 22020
15663 22871
37669 36358
34427 21183
39236 35419
8743 6100
14124 10939
2318 22065
30199 12630
15541 37480
115 10613
31286 19439
6481 27488
8502 13641
39135 1806
31145 31354
14660 11179
10295 2808
33482 28803
23854 7564
28343 8432
30167 1087
19394 14770
27275 21251
18923 37238
26931 26408
35092 17416
35291 11740
37976 1542
25499 17640
36723 22691
3468 39231
33101 4858
14645 34511
38223 12436
23598 15212
29859 38961
39288 16542
15228 8338
11741 7711
24289 33315
6288 31995
18655 7727
2119 36264
38780 15469
37017 28353
11394 9426
18393 13067
28950 27426
6315 24414
3639 31520
26650 24305
16669 2053
34177 5736
27049 21837
9014 14858
17404 34135
13460 32418
25049 1883
4288 30890
20222 36261
18901 9364
14360 36024
14911 37743
34804 24682
10218 35475
9921 14616
26953 24798
10423 32629
21187 25353
7749 38015
1357 31305
25779 27152
36835 37170
27052 9706
18152 5617
37043 35801
24594 6569
35440 12348
27300 11451
18209 22306
5950 15381
34005 15214
11371 9990
6285 15580
39123 39617
1681 19927
5742 10033
1955 187
13057 1210
16144 15391
33182 23790
33012 9879
28056 26300
35100 764
16508 31874
36092 19482
30888 24111
9222 5973
16581 315
30511 20731
30648 32545
21501 16611
38601 22248
13604 21331
8581 36844
16670 11614
28614 31011
23863 18168
36796 3152
37597 9915
11431 31065
30563 37825
16591 6785
20396 24090
39595 11980
25396 2649
21999 32604
22310 16462
9734 31871
27877 27726
33198 3308
14039 24890
3671 3206
36636 18675
8760 9705
24264 6398
12018 4251
7969 28598
6642 6111
25993 22480
24298 21332
27624 39028
14336 27553
28373 12093
24724 17738
31509 6017
8519 10015
26670 16368
2872 12173
5639 1553
6239 34475
32524 26090
14848 10852
13141 32730
27594 20170
11442 25695
35434 17728
36519 28320
21572 19018
1940 23150
6527 18023
27076 13747
2573 33213
2970 22430
25145 38509
19460 6053
8415 21652
1190 17135
4989 31195
14740 12584
10314 17268
15446 15380
4802 31364
4018 21549
34819 21865
15365 17122
24255 25212
32904 5359
3679 25751
31401 11197
18066 26293
2526 28730
12309 13418
12548 23934
30196 20359
17982 18124
20985 22184
26777 11204
29490 36579
8300 1989
39971 2535
4459 25473
33084 12218
17546 4338
22556 30683
33489 7790
11988 3393
23858 3280
33923 344
7290 21610
19694 9812
10926 18167
14838 14113
13859 26387
7936 21670
13904 31369
4879 35009
23505 9819
10032 24750
7473 31895
5652 23706
34827 32635
37247 4816
28562 33642
10833 4145
34288 23456
869 16232
38209 13930
13585 27243
13902 35176
33339 36750
20151 23876
14148 14682
24093 10688
28810 23763
14712 11111
20192 30466
18417 38820
29120 20701
7512 22985
22903 9741
34074 19259
27799 36976
9314 4218
30478 11381
35509 14517
30484 189
30847 14988
6918 33445
23354 34888
39741 10268
37964 29856
16854 23035
21986 25946
12998 16809
29412 23601
28864 32739
24247 17654
32142 4775
13 11346
37168 878
37096 30901
23392 8273
3331 14824
36630 11498
32562 30981
3837 24003
15067 17784
39684 12942
24295 21368
16584 38938
34031 13032
30709 2618
36824 20329
11514 6796
10529 13730
38354 18138
25935 23695
25993 32193
18429 29730
7705 4269
13398 12865
38074 19718
17919 13724
29700 23250
8501 5302
17301 765
26401 29764
21637 23991
1651 26599
14583 9722
6803 594
17412 37560
36910 16614
10996 6560
26474 13489
26804 13107
25476 36530
10296 24759
7108 19354
15121 12296
24380 19220
15162 28311
26145 39434
9205 30587
9806 2604
38086 16490
12507 35367
35881 6420
3499 21858
34008 36148
34284 35580
26479 32692
12580 3810
7172 30542
23210 33320
15575 6057
35750 26267
3501 6588
34922 27514
29705 19236
19062 30520
4713 24562
10337 32439
12142 4735
8048 645
14701 27815
9092 13271
15417 4832
17647 11993
13897 5834
9612 39190
9170 5681
2381 22345
36953 11006
35681 14051
12921 24357
10095 2850
31566 3751
29072 17032
15708 36446
39681 11896
14227 13394
6756 39156
31534 35269
27669 16954
27145 38756
17924 30958
9158 32340
9732 36959
36386 1442
28031 5004
2320 5070
17395 4131
2389 39749
28990 22432
10904 21952
22529 20292
37906 3730
32274 33470
13728 18678
8468 35233
33104 29092
23046 13847
24217 32381
15622 6728
36956 34526
13665 21139
27103 29378
17075 30616
8130 6709
2811 3054
4586 19143
2292 10412
5783 37151
32895 38975
16171 35745
21961 34929
12685 9613
28598 1248
19905 30254
5864 15859
38242 34680
33613 31190
27928 9242
1073 25768
33026 5616
33271 26146
3817 1363
10363 6757
2556 2863
8195 21476
29547 12595
11492 652
1138 39966
18410 34134
20943 31447
1600 28648
33115 22133
15212 28399
2800 22508
10999 20665
2239 26738
32197 15299
9584 18199
8091 16845
2507 18900
10464 20406
37406 34009
3124 17043
9297 1383
22056 26256
21948 7181
14062 26763
7155 404
34727 14820
36317 33738
12386 9908
28057 6435
28319 10010
1897 24873
17959 6631
409 30809
8821 38318
28645 36314
35065 27554
16317 21170
30019 13108
8034 8435
31764 216
22071 35465
10995 6000
5960 19552
18417 14293
38730 39944
13649 25952
33555 26778
3021 26541
13463 39005
25968 30668
38928 29924
37913 17295
28637 23645
27415 25073
31959 6007
13851 24038
14853 14721
1427 39316
37262 4301
29033 13154
15682 33058
39068 10017
12013 19221
32938 28115
6831 22114
34781 34934
5938 9642
34418 37994
18281 22869
24402 6923
28082 18887
24750 15376
27090 28985
15906 334
30286 14427
38589 17901
13736 14417
7673 8436
8413 37192
19767 39881
33871 5347
7827 16307
5485 11186
9017 20470
3260 5780
5110 2633
37422 114
15106 31467
21637 3657
23779 33807
10370 39244
23293 23687
36727 31889
23735 23558
38745 1746
4924 27980
2676 24855
7333 11744
8491 2582
34796 26682
4475 1872
24914 26210
20470 4674
3737 36602
20404 23829
14434 4341
1601 457
1091 16325
32937 9544
2646 6033
25042 21797
4467 6273
2473 36156
38136 29820
7295 4831
22043 39425
3889 33531
16200 34622
31217 12265
5334 27929
36172 12863
38193 33340
35 4614
9869 10809
21531 24245
16477 1693
11201 35205
37134 12269
31562 9299
20596 1101
28241 13180
18086 13014
13131 8682
21960 21549
3807 39959
36255 30564
4261 2409
31323 2565
35353 5308
696 24002
3220 26393
35090 5900
12021 27707
14471 35317
4629 30066
10882 17653
21822 2018
10412 11116
31296 18134
31572 2327
20119 30700
29738 16038
17240 31644
24918 12698
33243 18108
15266 34076
23654 10473
28877 27817
29215 9035
38676 12931
10428 8195
6643 18435
7648 28390
34623 26348
33196 23665
24754 1128
31127 23409
9939 24414
13364 32897
19277 15295
20687 39449
20381 29389
21029 10502
3137 36514
31101 29335
9536 4683
15162 10066
12429 15565
21138 29892
37516 13939
10739 13858
15444 36177
27501 30830
2984 15766
13733 6123
27996 18791
4204 1473
21224 31743
9355 9956
32339 7002
23933 13309
27618 4839
16195 4930
31416 13972
25499 20027
25045 14856
20781 15407
530 36295
11839 3942
14702 19350
5245 18570
28308 31033
35175 31105
38320 10262
27611 6728
31085 30292
22301 29219
30880 11693
9336 9295
36515 38596
14498 25683
14420 2383
38999 12016
36298 27240
14146 22161
35061 29872
30282 8175
17035 19693
19498 29853
27648 12752
19639 26300
10843 39482
16811 1248
15009 23638
16423 26612
32482 28813
15009 10309
70 29853
19556 9087
30989 3825
11210 880
7719 18110
22032 24884
2580 15025
18981 39607
15684 26230
3883 13937
8205 12006
34769 37969
17898 4028
35408 13664
15746 30373
27175 16799
3728 12553
38412 19206
28008 32942
30068 21310
33119 7573
1027 3313
11793 23521
256 1818
9106 33273
34283 9134
20516 31965
32800 33843
25834 10635
29606 38561
24820 39220
31918 12972
6472 38564
33582 11745
30828 23618
9647 36843
37441 35861
38065 4713
18775 19394
13603 20804
37667 23278
23608 35081
29762 20427
6865 8953
19163 27683
10472 7990
32222 16843
4814 12600
35621 17090
38399 22035
22773 21595
27013 27811
37925 24206
17113 29747
17041 5634
14040 7047
25320 37288
23370 29708
13845 39950
594 29930
13351 15708
34019 33635
3170 29423
26609 13452
22163 3878
37723 31597
37674 39663
4210 26166
4882 12143
36553 7790
2225 35726
22942 34709
18014 700
2251 12386
26676 8113
18117 5538
35016 17614
3963 15777
28275 22664
7199 10416
33209 29925
35710 10821
3002 8644
4242 30708
14513 20545
15800 26734
37645 13695
19619 30517
37375 1317
38557 23265
39380 27257
11617 13604
32479 27158
33939 32918
23603 23599
29467 39151
34446 19878
13656 16963
671 16878
27982 828
16339 16685
26719 6825
10652 14484
24376 20697
7899 10877
12201 32964
12654 13628
4180 38927
36101 32593
10059 12318
17831 4470
11322 14604
30037 11152
2274 38975
21286 24883
31843 1008
34829 26921
9564 16804
10733 18430
6838 28501
9770 7826
24043 33475
772 23870
31534 14320
37376 36225
2876 8457
20524 8415
29438 13459
2739 26293
13140 35175
7029 21503
19571 30593
8687 25150
17344 19413
22429 36750
24838 12044
22187 25247
31560 7346
34729 19017
38585 24901
12023 3612
10434 25790
24713 20091
7180 16745
20472 2417
936 29315
39164 132
16438 12296
16125 14471
20422 23421
29481 9173
17401 11838
20437 34189
22713 39090
35011 33294
14582 2128
35040 19604
38985 9772
3184 30344
13447 34194
37013 27337
19924 18858
14508 7770
11742 39804
13336 13358
9159 35849
13483 5852
35770 21367
1598 17005
19811 24215
12207 35433
32921 29882
25379 31655
30439 26485
34990 6549
22208 11904
17904 24867
23694 2765
39642 23113
3833 19685
11099 39964
19896 3748
28828 13728
39751 33796
530 17250
17128 5327
9208 38407
15475 12451
36007 2083
33133 18562
25878 6595
5310 35368
804 17605
17989 29137
35304 17448
42 21678
5538 13616
28069 13916
29749 12457
31676 17663
31409 35344
35699 14874
15050 31245
5035 8535
27296 3574
36950 20425
31591 3162
2780 19128
16898 14504
25479 15139
17487 34981
16627 27853
13012 18591
13319 20000
12348 12680
34812 39454
27941 26283
25971 27067
39342 460
916 8697
11838 16363
36214 27007
34914 36212
39211 15289
14057 3656
28075 21251
33508 5890
34697 36532
30411 2404
16136 15237
39006 23459
10320 20105
17630 9388
16526 7243
19135 27966
38558 38143
27439 24571
34275 3325
13183 395
1283 11504
31043 28374
36115 30046
30597 31820
37736 33921
31322 1450
15384 21469
32384 4489
31142 16671
26945 15062
4144 14296
10977 39375
34877 30401
4475 22321
34081 24818
9088 5575
2558 31683
2446 4214
16486 8658
38441 6437
18927 20891
39706 19443
33393 15179
19399 697
26275 20557
25815 22515
33118 19551
12922 30684
7918 14246
20265 10349
1926 11935
9092 1466
36050 19175
29328 1420
8064 28032
29087 7677
28119 23163
13989 22567
30180 14211
2613 38375
35613 27226
29766 36016
10449 29997
22405 17824
38706 14637
11359 4772
28178 7206
33832 39696
12156 35904
37312 31249
8607 3384
19268 6662
18018 17944
39242 34762
36514 23984
33171 19480
26515 17015
22775 3485
31414 28734
25904 38464
2330 11796
13512 13427
27056 32993
14015 20859
26264 27720
34660 12923
38446 6840
9010 32954
21421 8976
39379 6148
31283 19567
492 35395
20275 26487
18171 3632
11280 39555
6391 29436
36102 26046
35650 15187
22866 20752
12708 17849
3347 36498
25988 15439
36530 17641
5696 7864
13058 10953
19018 13892
31004 5626
7606 12174
39457 35093
24494 37138
32438 27950
26702 14787
22411 25545
20371 4346
38977 4672
15021 29205
27469 33040
19210 35505
8616 17960
1721 30617
15576 2069
1321 1634
14891 37132
30622 18690
2169 14481
33446 29377
21305 30410
9959 18554
26238 33490
14498 12948
29056 9743
16887 36040
26682 30527
25660 39239
27200 31146
26913 25217
18513 10866
21405 30302
4872 13740
24337 36431
31655 30225
30577 4577
18865 37624
8496 9453
18199 38238
12807 28276
30208 29136
38437 30623
913 786
24548 29633
32174 15831
29782 4672
22214 740
22773 19485
18706 25388
24434 24844
7873 12660
34780 30069
23037 20257
32337 36114
31561 14673
16769 30605
7724 13919
29045 19950
19800 9561
29277 24783
8021 8789
8562 14139
34449 28590
31237 21827
13982 3177
26401 12806
32423 25434
30008 27179
29469 18171
14686 10026
10926 11782
5929 15275
9586 31888
11214 14200
27162 10919
31362 25066
27726 19068
23046 9934
8914 2719
20458 17216
10211 28312
5283 28036
36303 39101
26574 24758
12963 21494
9215 532
34499 27993
18866 11514
19261 17910
14651 5985
37803 34941
26453 20236
24031 6806
29848 37066
14647 37235
4883 7166
11895 6901
97 3361
858 25036
4482 4551
9273 36890
26557 27757
35905 9900
3389 24078
12492 2498
38497 34656
539 4416
18550 7366
4007 15459
34988 1302
3410 37068
12730 2154
30382 31618
28959 11451
39886 27193
6886 36252
5658 13219
14924 38212
26650 18475
33703 17346
10687 10326
22543 31415
14840 24650
30624 23499
798 23811
29543 26748
222 5709
30784 33628
11689 36121
1461 26707
37151 15928
35483 13379
1402 33943
17519 36895
38220 28005
31796 16463
24996 13854
17175 18243
18466 590
33157 14510
205 23970
28334 37915
34800 26846
2570 32449
15107 33753
30432 31035
2018 3897
15585 11688
29443 11644
24020 7870
14710 30479
598 10755
7607 6195
28489 25155
15899 37070
14921 9148
17376 19015
8524 38037
14621 35744
39615 26502
6039 16970
34436 314
39040 16794
30651 312
21998 5113
36870 1621
13950 8864
20948 28472
17526 34527
16395 29024
5016 11082
3673 32708
21098 35841
22098 35810
21217 7192
5400 31904
26572 4081
20772 20328
716 4864
8659 31247
18157 25942
9792 32980
20034 14514
39583 33437
13555 5371
9345 11170
30380 15163
741 23692
26573 24695
33 3499
35002 22659
14194 4941
26604 1661
20018 23221
36382 33977
332 27920
1274 9169
35863 18186
3257 3089
8669 26802
15918 30536
24583 25823
17679 11852
21881 33178
7010 24986
6287 21372
35230 28486
27343 36315
18299 34316
39849 37518
21664 17422
35438 36371
36388 34735
39510 30439
24921 33737
26562 8892
3161 17580
11319 6105
25821 25149
26332 5821
24808 7057
39548 15507
32858 31484
5027 21600
39928 35539
23771 30556
17808 37000
8885 19782
15187 4308
30744 39894
18561 32707
33781 24125
13918 5550
23441 5608
8539 8356
10196 10324
31542 2385
1240 7596
10875 36257
36456 38004
19173 763
28218 9675
8613 9498
37133 2462
25909 20395
39129 25078
25929 6164
34089 14960
689 17949
19626 27258
30437 19557
24779 9970
32 23831
33925 10143
10757 37087
18905 17540
28079 30387
17038 21004
24291 23344
36260 6594
5326 6153
36288 6068
6692 36504
15849 22604
35861 15703
19951 33831
26021 26032
19005 6332
20366 8504
12486 23164
26893 14726
28740 11581
17232 19752
10548 26292
22510 34758
21924 27954
8774 27137
26081 5819
26116 20991
3998 13591
14147 39169
6757 17604
18765 13109
477 26458
19094 10279
23407 38442
33074 25798
33417 301
8572 3990
11258 7125
31258 1728
9205 36482
16774 16754
3821 26972
6805 30391
1919 7210
18581 37364
13355 18276
14357 34264
3141 38951
9210 28201
5021 8598
35132 37115
10089 13740
7707 6409
11557 389
29259 20024
37403 17923
37380 2275
36657 29040
28991 13740
36774 31134
34825 35789
8283 15326
39352 7123
25454 37485
16679 39721
31311 30128
10972 35323
33910 17096
32290 38035
28443 34656
33009 29740
23116 12991
22291 9835
25347 14324
27696 4043
29907 8796
2543 38351
16555 2337
9853 25463
16828 10549
26137 22671
10261 30965
1099 28445
21691 36939
29405 31251
461 27781
20141 33934
11977 29305
28928 25930
5511 27223
6352 37779
17827 6480
13551 3646
29716 26166
25685 28384
21765 9148
26906 14453
30898 21540
11397 29191
630 37336
30810 7285
3245 2387
21312 29504
12425 18007
12640 38131
9845 20980
36351 19577
10729 17622
16361 12782
15846 1642
12645 11614
10030 19611
8320 4864
15820 8358
22149 11498
25630 17354
23795 39652
29097 6691
19644 38117
15788 18490
36355 7095
25137 8314
17541 23379
16004 1632
22804 5443
26768 29635
4124 37602
32099 372
4985 26280
17382 37101
16176 32098
1504 9260
26706 32462
15624 21809
30864 13556
7170 14233
26158 8393
21080 32741
2398 19570
9851 1270
3782 3220
12642 2785
33219 32641
37373 23331
27536 24992
35238 28035
29635 29799
35229 29512
17132 17625
34659 10440
13379 21287
14652 1077
15014 24688
30596 38310
26922 2329
20186 27375
2023 32615
1487 23453
23267 19982
16266 21825
32645 8137
16062 8997
7517 28796
16973 33638
16630 24649
38688 24688
16254 12249
29189 18487
25850 34380
10615 11886
9536 9899
22097 9230
13028 2172
3783 2796
27352 20183
28184 20409
34558 12453
18312 12720
26636 15886
13625 38638
19563 16157
23663 22923
4938 13713
25153 18339
31105 28806
7858 28545
28846 3135
28281 18171
39079 22103
6013 36349
38541 29069
29807 11368
22196 26189
9287 5166
36771 20260
32251 35915
39909 6250
1546 28623
1970 1947
38201 28784
27561 39268
8038 15558
8988 9787
39114 27929
12045 23923
34116 15015
30307 23798
13098 28645
294 9711
33536 31831
9971 21904
17669 27606
10174 33035
570 7983
3583 2261
30810 35334
370 3937
11770 25341
10592 39943
28529 20693
33141 4319
10440 24382
27061 37026
4291 13320
15741 8698
37723 625
39389 38491
5 20661
28104 13283
7340 9544
4443 37208
9724 38480
3783 36046
20096 36926
10855 18460
31975 5974
17091 27298
17908 15376
20756 31960
10892 13914
13629 31004
944 6276
36874 6571
2297 10683
35764 9743
17621 29630
5162 1524
5300 37171
192 14811
1263 30719
26745 8463
10042 35888
27912 24538
11192 21634
15576 30
30606 34153
38370 15340
33349 22115
18860 20994
3563 37166
12640 21424
29369 15591
2222 23255
39781 26650
4101 14158
38725 7207
15540 18914
25834 33415
31403 39690
6913 3832
33300 35
30931 21356
31602 946
32516 1178
22034 12270
28045 29953
9710 15079
23669 28104
33386 15669
24763 338
34669 34486
14999 2372
7257 16246
29404 20863
7642 36671
13141 20041
39971 13565
31043 26359
13957 16507
29066 7605
4431 21531
37864 31232
36526 30134
12732 11578
28653 21690
13448 31750
29960 5281
37474 4976
33993 15293
2590 22547
15630 21574
5322 20427
23971 28331
29925 9938
17965 4951
6760 31294
17489 25854
15962 26079
17964 30341
2032 19873
13828 34829
29003 27544
38513 34783
8371 2550
10173 39573
6331 19963
32129 39913
11321 25974
39994 13961
34290 22284
35710 39679
9961 32163
20149 6090
9289 17169
30522 37887
35992 23833
31764 12213
3554 182
23031 27587
11173 23282
19962 15739
1184 21206
4884 3605
27867 9448
20674 29131
3252 16906
34143 15476
36146 7405
927 26623
34599 16010
11347 7030
30925 19104
25724 25019
1923 9740
23790 7251
3172 12748
11795 1564
39606 20307
29073 20996
6328 2249
28617 14075
273 29405
31649 11127
16822 31369
6882 4145
20427 17980
19409 35304
28094 19179
32432 31938
21240 34854
16425 14071
2806 15952
31268 12516
17161 2410
19960 33650
33763 6854
7101 27841
31564 9017
8968 12506
18024 10497
24071 28429
4827 564
10737 26737
27041 2881
18870 14272
21570 19342
3773 2691
19505 7052
18135 16849
14802 29980
17103 33528
34524 3041
7343 5537
4969 9817
16259 11532
22708 7901
26556 12941
23582 1082
2618 10502
28584 32593
21184 35409
35325 38374
12545 30100
85 5266
5871 38318
15340 28903
23665 34813
19445 2894
29739 20309
27424 30660
7253 10111
18596 6632
35727 28085
36145 31279
1368 10753
9505 16711
35074 19549
1625 29166
2876 27736
35971 53
16700 9601
26068 8057
18275 22864
22540 2706
25544 28706
37972 1127
12457 25836
18408 37965
18041 27453
26319 1199
16666 1485
21747 22546
24852 1900
8791 39063
31182 8243
26795 23698
36671 17206
33218 16729
17779 22699
33249 35572
38755 5916
10792 7558
27965 7978
17408 4126
29161 3643
29353 31740
2310 12662
1177 27663
10110 17294
26137 8815
6235 30422
33579 20301
32664 6071
12539 36830
25532 19719
29863 22529
32255 22338
9393 19855
33493 15294
12595 4016
19973 15798
38525 14201
15013 3037
13912 822
37849 24575
9223 1814
39767 29157
20628 18672
13707 10646
856 5728
36427 28954
18210 5888
20612 9023
8586 20325
7476 12772
19223 35223
820 4823
2569 23475
33761 33045
39333 11239
7776 26851
28080 7470
20814 35027
1667 34679
12900 37869
11294 18043
38663 19688
18613 39350
38684 7238
10087 16437
21161 18482
34009 15121
11773 25554
11954 37281
3366 30538
34123 33880
36332 5362
39084 8937
34955 1109
28756 516
18976 27092
13734 34855
20988 19324
18833 615
21330 1297
612 23004
31226 9959
37234 1554
28274 21941
11980 12487
30427 38449
2119 10829
15528 8801
24632 36102
23556 16282
9495 27213
34061 30076
6621 22970
623 27414
3196 17942
32067 8962
24061 22047
13264 10324
17219 31971
23563 20594
26308 36608
19323 10958
2520 30717
1611 32543
11735 32614
28756 38221
6262 2567
29518 19990
18589 10559
21548 5755
21806 24804
26530 15657
8156 11251
12803 4780
34729 23458
9000 31622
10354 31772
22714 31298
38477 32105
14600 533
7787 37387
14153 35103
30917 4996
4098 521
31907 28226
32180 649
7663 20677
6150 17939
27744 17481
14192 28207
32475 1604
31689 17303
27442 32509
36903 282
19557 10694
22588 12884
28760 16443
36728 2288
7326 12927
4249 8465
2975 35388
33951 2128
17596 15177
25642 36071
35727 27575
18874 18465
15126 10497
34904 21833
1619 7697
1921 33909
34754 3892
8003 2796
12197 35676
6164 14371
25900 31462
18466 29983
4390 30585
21366 7412
10467 21373
37832 4145
10702 25715
10177 30713
7353 37609
37333 12409
21671 21641
12897 14941
24221 28380
33564 19464
32733 14695
5641 20709
34138 33509
12860 31278
35568 4919
29903 15552
31746 10762
11839 34546
17159 33559
12333 35017
35528 27007
22299 31042
19819 5367
24226 20494
9094 10593
25692 28108
1502 7894
22042 34585
1655 36138
27488 13546
19420 23731
13208 21041
5644 31184
34393 7535
4662 13837
1556 23486
22956 29627
25552 23746
22276 18836
30732 30414
13831 22658
714 1004
9669 24007
37421 38168
19580 25804
30191 28119
29619 22001
39557 32780
33650 34620
8822 12942
37114 21125
33285 13322
3419 15123
17683 10566
35611 39749
12231 36025
10118 2384
36280 3356
35181 20590
20702 38239
7605 7444
8943 26150
7097 19910
5691 36783
25611 16609
27069 28697
19474 22973
19233 23870
37853 7709
19988 39069
12467 38614
14217 5685
37170 32127
29549 36805
10845 6159
13348 6796
38265 27018
17868 2095
3297 33851
38312 38474
11543 11540
8947 33628
24376 16380
24268 24284
6144 36083
24594 13591
39116 23749
16473 39153
29517 27390
12865 13786
16520 33775
2178 6386
32600 4812
8595 17144
21649 10477
1540 12594
17089 36143
2067 9378
36163 7765
37180 13841
38203 14319
14330 26830
17354 17011
33332 21790
20017 9863
30124 38087
29569 7369
5321 13726
378 28063
22319 14565
230 19551
21721 39792
29586 9947
11561 26531
22300 25316
34427 429
27957 15314
17785 37685
7241 28905
31773 13108
36567 25479
17770 11258
19081 918
15077 23879
7112 19933
34917 3329
8369 21290
10137 17457
5973 3106
34040 14281
15414 26144
28239 22872
22192 5233
4801 14674
328 16212
382 19051
33497 2477
37173 21845
10270 9448
5625 6104
6001 12837
18052 34495
6402 31468
24980 8294
33687 17337
14385 31471
33620 16354
12827 18795
22518 12793
38858 9898
25560 18993
23533 37440
17908 18615
15036 11930
12466 5706
13625 4601
33632 37216
25480 369
3221 1308
10081 7424
27122 6686
19130 694
23883 30143
3207 3087
7973 2245
9773 1623
10689 26691
16163 28018
31646 12407
12813 28460
13804 27903
33611 7204
460 12400
12752 22980
5307 34483
35429 33585
23740 24653
39813 28589
17130 17617
29221 29508
14836 10071
35442 13169
23734 240
26496 12604
16500 10408
2962 11440
2721 23732
37241 37991
14041 38567
31691 35716
30689 21367
1826 8787
38382 17734
2964 38067
5212 32753
17905 26732
826 20176
34686 7357
5032 27019
32703 5424
32286 37006
14166 23974
2201 29875
13195 39682
12317 30012
22743 3436
16327 7093
10272 31606
37432 36588
22464 28374
28393 34571
17067 28356
34491 7177
6224 39166
19404 20216
7136 38439
8346 28248
17016 11277
11772 23688
9551 35096
7490 9886
19878 20787
31334 14288
24190 9875
22443 8891
23644 36279
19978 18111
21671 38682
37431 14174
19988 13983
6276 4659
772 27888
526 28868
16452 32974
7892 16252
16055 20637
19512 6178
33301 28399
25630 10882
28951 13381
17788 632
9908 22519
7037 8857
11695 14241
28699 22917
26484 38062
12602 27602
9915 38257
39113 22257
35698 14854
957 25388
8927 28257
22447 24105
22389 19303
6364 38675
24990 12865
2404 24517
34184 29805
30686 152
38087 30995
12828 23573
39441 1063
31908 33090
10749 10211
39132 21667
29114 14057
27797 22520
11368 30406
39246 1826
39898 33297
19485 39914
11261 16615
11891 8881
33784 19850
19329 7886
7283 26193
25992 7237
1701 32812
16109 36658
34889 25231
8094 35052
14201 32736
19697 228
36025 859
36749 5551
17400 39344
19485 18444
9031 16267
23054 24533
31802 4028
2539 11976
841 35549
15890 24988
38670 26439
30716 4776
18391 6042
15203 28527
10534 21089
25940 6044
10523 10751
35577 33341
2319 18275
11387 32611
11670 8792
33426 3020
15952 37214
12238 3466
1467 35143
34661 31293
8258 18157
37256 33395
18050 30780
8725 36973
7789 26795
4090 12145
27439 8151
11083 615
16228 24851
18013 39154
7710 32592
14254 21042
16165 33466
32996 18528
4939 34891
23881 5875
2045 37607
36662 15792
22854 1833
28620 13796
9796 8856
28469 31122
18486 34942
8237 2909
13178 5387
31425 15724
11637 12467
34304 38286
31744 17992
12389 22580
22118 37314
58 23910
32212 664
23159 18779
35982 18368
28635 37083
30217 30551
3358 6085
3819 13061
32040 36479
6515 36342
10397 4778
8577 6157
5844 18886
19350 15490
38174 1515
13866 22128
12923 26232
15054 19882
34663 21618
28728 29014
10236 13313
885 32789
19217 10166
6934 29895
4638 36790
25314 20383
2048 8941
1181 29810
465 27466
36299 35952
663 5691
12185 25511
12472 14664
20127 940
36667 18148
9177 24798
12872 38074
28933 426
28744 36897
37425 27261
33517 11589
19540 9172
21955 38074
31732 22544
1391 16082
2573 37790
23883 26514
24676 17101
8293 8579
19039 9343
34093 39421
35533 32074
38936 15352
21305 23199
35545 15260
18909 16202
608 8884
9890 25135
23692 16598
21826 14660
17859 39356
2443 24964
22348 8754
28879 22407
22715 18271
27920 32616
22089 37791
9048 4550
17410 2343
19834 32509
15915 37414
24745 17322
7352 6058
31998 20411
32234 28963
21853 5649
23852 28268
29586 5482
7081 4601
17883 33532
14287 24537
26762 9778
25870 6605
26583 11637
32210 29973
4240 20845
31262 2763
32243 7208
7087 25735
21360 32869
26179 29152
25963 30620
15896 6323
9701 6750
27697 362
19765 2624
25256 11446
24615 4084
35140 5693
33932 6868
4457 34116
38590 24161
31144 16579
16396 23141
26496 15204
24517 25731
17450 28175
3219 8313
19088 1385
38440 11483
20858 15082
22756 29600
9000 11498
35480 8638
26325 28969
37123 25442
13013 33648
7255 15443
33272 12816
9677 15403
16631 26469
3413 15022
6934 28102
17725 9880
5973 15911
11767 6814
30738 30615
17478 18707
32146 27016
2240 6292
34164 11816
3420 35594
20200 34378
14343 7305
8981 10573
31407 22951
33481 29068
5998 21712
37041 17019
1165 30394
17859 28563
36579 28471
20891 36100
11261 1331
15338 11491
34793 20577
10394 4868
26273 3542
34535 22409
19923 28024
13666 32110
18398 16434
15509 13913
4352 9696
25785 24838
27819 38122
25552 7771
34613 3099
36909 24536
37582 37438
13973 38979
8467 20129
1106 15455
15405 14268
25943 34773
14937 22087
35747 9589
19861 16965
35721 7898
21241 13657
26396 28260
14813 29460
4131 12003
24243 9406
33618 28769
39736 27722
8553 14494
34465 16977
14404 29955
21807 7890
37677 37385
28599 19578
15911 29786
20664 37861
4235 20860
36457 31270
12436 16492
7754 9299
29219 28653
31124 30160
6385 7005
16362 3108
33726 3656
22334 32752
25778 4312
36377 25365
27179 18537
29867 26930
31423 1431
33543 39558
38765 23610
21128 30945
38054 19753
11376 21414
2751 10030
38616 31539
1348 6234
9773 30138
10906 36324
20729 17829
12760 36460
4585 26164
22939 13589
32482 13616
23379 1093
12512 20182
15202 38509
28943 31193
29008 16098
21725 34623
21250 18230
27870 25098
17303 2208
26692 16141
15638 39081
21177 2134
36751 26597
10469 15538
39357 31342
35537 30926
23745 38742
5890 36358
25057 35250
30516 20487
39074 28503
11252 10509
31090 6490
32291 24209
36198 7567
29484 39576
13509 3634
35522 16887
2226 16159
17760 36062
33986 5183
22887 13138
34070 8123
37186 3727
16502 9266
6572 3920
32687 18284
10376 30842
7410 16306
34554 30251
19217 11559
2655 22831
28093 18825
12541 883
11957 3067
25012 21158
24673 13128
36307 9284
24754 26732
28469 17007
35385 24055
3273 11135
838 27460
1356 9373
26399 23158
7833 32883
24082 29317
0 37216
6718 8702
39230 9709
27967 4834
39144 34334
10754 36682
2225 16925
7999 4950
858 31343
12942 13558
16092 34758
39539 23204
24782 30828
34795 36487
4778 7790
17438 16234
28909 3014
1911 18688
1446 4363
1809 11664
2509 25341
11254 21279
38382 24167
2048 26927
19090 31042
5809 14137
22759 19061
23278 31645
21049 10845
12451 37878
30397 19953
31867 33236
7970 37094
27103 16151
8193 23118
556 28669
19858 26273
36868 4285
5272 23477
34711 31906
8751 1204
21599 17542
12347 26209
2107 33706
8993 25761
38343 32276
19157 32242
35567 19539
7037 6316
6567 39000
23595 32121
26176 20488
16020 19007
19384 38569
7804 37118
22976 10271
33840 27669
17175 10181
28781 15437
39630 15467
36671 8994
6637 3145
9119 27556
2053 2267
17324 19009
11705 5536
8028 33742
22718 29435
12393 38601
31755 15742
9473 19438
2178 39373
36602 11907
35473 33071
36178 8237
31446 1239
35166 9959
29723 5270
35575 26191
18106 7584
11503 21416
9822 31472
25855 6319
20810 2166
29559 26820
2090 1063
18351 22028
12457 15130
11147 39957
7354 23468
32699 6138
22043 6223
39880 28793
14063 39783
31795 33805
9593 18149
28875 37615
37990 15234
32739 32880
5134 12065
4592 7027
517 4961
34361 30152
31259 9554
10269 31610
38524 22525
35251 6940
30317 30264
11103 37794
39368 16516
7886 19281
16641 2250
12514 17118
1687 11946
36208 22398
31360 20712
35229 5582
20621 5827
19334 29538
25183 14528
27125 17492
22773 22167
31522 20209
634 24909
25061 29239
37904 17388
7094 35412
13024 7709
33533 30228
14014 21604
15264 7792
14357 37894
4504 37560
37901 34082
6566 17676
32987 10363
35053 10468
12004 16256
27027 15304
17102 31835
4772 15684
2696 13888
24904 25962
30271 27830
16492 21993
3870 3715
14315 36862
6845 35717
23727 32997
19610 35876
1684 37848
6875 38032
14297 33886
6340 36496
7612 2767
22089 38639
8149 6301
17593 20508
2499 10941
20329 2723
12570 27313
10700 11258
28170 28989
20387 36484
12254 28854
30518 5741
6772 34168
31966 19592
31956 3696
21717 25119
11814 25771
38259 12132
10252 26197
14775 13015
28354 37491
33471 573
14334 4193
35937 202
2917 7178
6642 30192
22987 10569
17797 12005
26737 7207
12082 29118
39579 19932
543 8091
37243 35283
26814 8014
31315 39219
2904 24835
30483 28160
8640 8670
4986 34791
28407 31284
25165 9567
30462 25460
17620 2697
39669 29310
30376 3633
6825 26087
11333 3985
22706 19857
26034 24029
28224 25019
1623 7087
36598 18889
17934 15238
24911 22535
29692 23614
19904 15998
34848 270
2059 8148
33269 19612
1515 37877
32530 31253
12518 23854
33428 37296
38245 8725
16005 39208
3772 23823
11830 20229
25049 93
37899 6402
29174 3567
202 30103
37652 9196
2602 37573
39247 16229
39563 32918
5329 28239
8083 34645
26890 31861
18768 20823
24501 8842
16584 23391
1604 22632
16933 11894
21252 26367
31983 21703
33905 229
34669 8198
22940 8873
1046 9704
32059 22945
17582 24132
19464 26836
19477 20810
27983 27357
18981 604
3955 6377
29011 13654
16542 39510
15311 8250
24579 33594
24801 35829
10108 16302
36418 3229
35428 6744
22257 22392
13906 4426
21249 30658
35609 24766
26569 1059
26252 765
23008 34026
3315 10175
27158 5839
6839 30545
21699 9684
24025 18916
36463 5111
37541 13985
24392 33858
14791 37587
7663 4945
20993 38670
23897 17005
20850 3263
39247 30684
36653 33353
38345 32940
13133 292
14395 34566
36338 22283
18971 14240
20547 15229
3516 2379
1680 2372
19812 16367
7148 16569
37604 7741
39884 23956
14894 30303
33692 10603
17867 37968
2071 2820
5070 12078
20087 17524
28100 5111
10963 16315
9970 8924
10646 11007
18627 8050
7692 71
12273 3181
28235 39503
37717 21638
23932 38744
29673 22544
23954 38523
14201 5659
25543 3792
2995 27455
16563 6859
7100 7713
18374 36800
36211 29891
9129 36252
749 128
39073 39425
28043 11594
29986 30716
15359 8144
4171 3198
28754 19860
28874 3136
16799 11774
3108 10244
37032 15713
5000 22752
35530 6304
31830 3353
10321 22258
5730 1313
17238 26281
25325 475
14192 33873
30577 5415
12397 8012
16684 32673
10693 15825
6949 6414
35892 25261
36178 14226
2914 19175
1755 39562
4112 1920
4971 32257
27717 32963
5533 12397
22816 8353
14937 39483
11726 6349
14030 5300
19941 31990
5886 18936
14128 22339
3889 14224
28117 6777
34153 25688
38668 18419
13652 14260
17097 17196
8328 4395
3568 7120
14931 925
6782 24699
3935 3231
31885 23029
15257 14436
23122 8276
6542 27935
28335 21458
10575 38833
25128 2208
273 21973
26877 12696
32302 10537
31859 39414
15618 23157
26101 21863
3802 26082
33187 26996
31160 26858
21662 11460
2042 3108
39074 36938
32704 7846
8564 15335
15329 21451
38896 2261
31421 29623
2920 26104
25936 6043
37859 20222
28414 14698
4954 28020
18305 13144
32635 24003
34729 12964
18541 21309
17395 34675
13039 10779
8549 30218
36245 6953
28147 30768
26357 27303
5829 3059
27185 37518
28372 19445
34447 25440
38743 4490
16769 30303
4091 13143
21179 16547
24776 3590
16666 33430
3483 27345
28227 38423
12876 35830
24140 1948
32311 865
20332 31364
6515 29012
11019 17427
33305 2543
25930 11281
14202 39756
11240 2771
686 33399
5096 4914
2042 5840
30294 3628
10112 7055
6266 4740
15920 36347
37765 19692
14535 7058
23408 28070
24120 7685
35955 15322
32868 18060
9021 34483
26698 25808
36855 1698
11933 22302
23306 1161
34181 20850
30158 3316
33618 3761
13296 2600
39542 8295
16819 16481
21409 7982
29592 30839
19110 13066
39290 7680
8233 9672
5538 23974
15845 2431
34743 29764
36459 24355
30538 9348
39844 29003
30160 28744
2614 9898
39909 19678
13032 24389
14243 23291
30608 38473
20776 28043
32790 16877
6189 29820
37667 5781
7495 388
25211 2296
2570 17075
12766 35422
26730 22104
39678 28809
36046 8710
30984 3098
4865 765
29998 28907
38396 11330
30063 12511
9504 7197
24966 4675
10556 24960
9035 25453
18918 9223
30725 29103
7261 30137
4844 5648
13235 32283
120 15494
18865 21503
6796 3623
39152 10799
21996 36063
2467 5335
39517 10846
30621 22984
9905 29810
10490 38146
37752 27693
28993 29240
30407 26327
26312 12359
6432 36400
2885 415
9152 38500
8883 10491
38064 27936
25264 19466
24487 4943
3193 39754
23803 19022
23845 1188
35034 14840
26333 25879
16084 13593
15849 19087
35576 23713
4814 30243
15956 39257
17043 29154
38907 33875
32387 29930
23741 9066
9694 3864
24165 13517
32126 11721
25285 32987
23720 29506
32366 30634
18794 26023
16616 31053
11960 34269
33375 39500
17263 28107
29332 16856
29528 24060
18626 39472
10658 18750
12396 2571
9928 28092
18823 22092
28642 16617
37531 37311
157 11330
39169 32363
6787 1759
6641 33820
21902 22478
16628 19033
9348 8777
36410 27277
27315 3071
24716 1716
22874 3982
18867 25322
1845 7090
21135 21675
21447 28247
4391 9510
15070 28063
5629 2795
27518 19081
20903 7221
33161 785
39061 9213
10689 32804
11222 22343
9638 30626
20661 11036
1728 4126
30161 20154
11208 7862
776 1969
26889 26133
12010 17507
8447 2247
31359 15421
39136 22664
39946 23874
1132 3318
36034 11361
10943 38127
37908 17485
39911 28640
20273 18511
14961 865
3130 33952
28798 22904
6740 14243
24392 25629
1937 26491
6872 21668
100 6596
9676 4256
219 22368
37499 39060
7346 15766
33238 4840
18549 25364
35316 1375
11696 15050
37691 29443
22491 24769
29003 39265
2853 23320
535 1342
3020 39445
38696 35021
37558 27055
26640 39540
35185 9640
34645 34846
38417 21140
25062 10007
37231 18112
38966 4590
13522 11324
27365 31368
31095 28890
20666 1259
25381 33643
36097 26078
30016 39484
30377 37896
17193 39479
39705 5594
29576 26945
25488 36922
34490 33373
19325 27865
7260 39392
13049 34501
23297 32054
6482 13767
1963 1249
37104 38489
13662 13860
30457 21975
1407 19642
32918 847
34157 17417
8980 20587
31691 13077
36399 21391
29237 27845
1263 27906
16622 19553
38973 38621
35375 1121
13337 27729
29198 30767
15649 36843
28515 17245
14175 2196
22592 36318
27839 1870
24038 5833
38747 29902
39225 36226
34235 27976
30908 37916
27645 20057
10794 12185
15031 15074
35432 12588
34485 7826
28425 15455
7544 30348
25146 29784
38219 6978
8956 28037
7974 5834
5076 21961
26266 468
5923 30389
31057 6451
24357 22070
27640 15322
37419 7130
38071 1707
27927 1552
14276 21713
18602 15450
34988 27826
34252 16769
38336 33179
24388 15604
25807 15974
4587 26247
32288 15935
34429 10571
18720 34729
8574 24966
31345 17281
32589 3339
8382 1433
25232 27033
20060 9651
35148 36953
17662 32444
7003 15125
14509 30229
15651 18482
12221 9661
74 20360
23353 25834
1043 31201
6297 5575
5719 18357
33290 15192
23209 38752
30129 9372
14208 1207
33444 32036
18044 38288
2270 23801
11849 34403
27144 30089
27912 36961
36012 23331
27734 29483
26193 36081
10492 4863
39574 32825
9463 31859
8524 34132
28563 35611
19468 8247
10662 14070
35676 21095
31756 27006
23108 39756
31568 31821
288 25973
16003 24400
1960 32169
34410 28677
16018 20118
9997 25443
35620 14835
8127 9317
9238 34626
15719 27338
37191 29747
22180 37897
2423 16423
7531 11700
36229 138
10776 36133
32677 13907
5613 30813
29633 4296
5017 15599
11108 4113
32252 32311
23086 17765
17726 39673
11382 19069
10506 4746
35443 23109
7577 30945
17642 33024
823 18487
39940 13367
19674 20304
17113 12757
16919 19654
18593 35256
33031 12046
27417 29195
1454 37889
28929 20549
4437 16650
35358 22148
38565 26266
31528 31999
28088 24685
31896 36522
15874 12481
33351 28334
17082 28005
2494 24037
24862 38531
17066 6337
20030 25707
3917 12516
7648 27598
30362 22259
24340 32036
31972 17341
20117 35968
19315 18385
33524 17268
35254 2457
29907 30760
30121 3154
29610 22236
28281 26941
38801 6121
30210 22749
27352 15657
38112 22172
972 20647
4123 15224
10411 15291
29851 28123
1051 22891
21597 39923
28781 10767
1560 37609
37106 25018
12819 11039
37997 13718
7765 8917
7073 6220
18068 22236
14680 13923
7550 6865
33411 38968
16163 9947
12845 38508
2557 4291
14109 12189
24422 19874
23437 7561
29390 30647
11442 17690
4327 39957
30564 8939
258 8404
25686 18041
31580 5613
18843 18390
15470 25189
6895 25115
11440 25400
39233 24300
5877 15372
25890 38190
16593 16828
25572 13807
28516 38966
31548 4954
21955 12353
29217 24672
11451 4795
37694 28061
3759 18076
19889 37257
27188 5467
13947 20202
22175 6509
33567 7278
366 27792
24830 9668
11757 234
27018 32973
4917 7887
7622 20275
34478 33726
7810 27665
15174 5788
27592 38984
38554 25136
20973 19965
5674 19730
12771 19372
18059 6805
9787 4227
15672 28026
4796 39289
1963 1079
3607 23078
22697 16424
1923 16575
30570 33784
2231 26053
9755 13186
21979 37091
37354 13559
35744 22195
15777 3170
34260 13084
27710 23213
29453 15716
22648 37545
34479 32312
7630 28501
25047 14183
14827 16223
17542 14813
1814 19150
25861 294
30179 34530
20894 18571
18207 36325
34743 2960
34638 20638
10843 33371
21404 7094
14538 21876
19061 22080
39563 9611
20250 18529
3474 5184
2575 15122
6149 31219
27300 17555
743 34622
27103 30320
7739 1574
16554 34252
4392 17154
3109 1926
25560 411
31538 17599
35574 37587
18091 2878
3191 8348
36878 37372
35493 17696
20259 33098
9258 8335
799 38128
2961 30598
23312 6004
9486 4587
22370 35612
30646 28806
29143 21720
30363 1630
7236 32214
12295 6173
58 30180
22849 23232
10511 37186
26202 9766
19264 19299
12858 17137
29343 11202
8794 26691
38285 31611
13015 30888
1421 39265
36760 1197
26766 17964
19490 34408
38589 35434
34287 5958
25093 6156
10899 2103
15518 933
23379 24452
26865 23450
36058 37018
6499 10811
30154 20107
9029 7889
5640 402
24666 32865
9494 10254
25122 39115
25817 35211
35281 14759
503 5041
33612 209
30421 33408
16657 39197
14601 17136
24884 29675
15785 3218
37575 19394
10266 25490
16414 23668
8366 10928
16164 26294
2095 5435
12520 3914
20940 34458
19584 6013
16563 18612
7925 16073
6763 1687
25190 4260
887 35055
14289 26743
11863 8085
22560 36165
15263 8607
17184 33863
26485 7065
12191 35714
23762 26304
23213 13855
1446 289
38196 25768
19767 39952
30209 1810
18280 30445
36700 21290
4039 23698
16645 19101
3114 15588
31121 26569
37540 29988
21174 32983
39991 26727
8481 24002
13439 4298
35426 10358
37631 35517
13977 33862
8479 6675
36339 34804
18545 29394
1570 33116
31450 9386
23437 30328
5431 3962
912 24419
19045 5465
35998 10501
12745 24871
17950 20994
1869 27759
24770 22570
15036 21613
25821 6942
28671 32265
33585 37008
37907 12648
16909 11007
36347 5933
33514 17368
14531 23285
34347 18688
10003 36093
28806 5699
14309 1302
19790 1493
27099 2271
15714 22020
5225 13982
22702 9667
21876 29627
28161 25305
25555 35343
21819 38031
36663 13225
35721 28288
13616 35491
3077 21563
39362 506
10393 35028
20009 34677
28375 35776
447 19695
5648 9820
23809 28841
30621 23438
34106 15818
14924 36289
7977 16646
7547 12151
19989 33309
30034 2319
7545 4296
15132 32480
35209 29212
35761 39226
6062 14948
39769 15934
12185 14531
38484 15359
27670 5733
23359 3130
31008 27502
27794 26080
39303 2141
38652 25701
24497 27275
26492 25829
18349 24430
16841 19138
7563 4830
15710 1449
31491 8114
37265 34692
17263 15484
26952 19879
34981 2829
36555 19577
25368 27742
31879 39537
33961 31526
14705 6231
39749 10765
15861 14757
9034 25355
29762 2276
17410 8559
8275 7880
37348 34438
14810 15189
19024 26738
5282 18980
21124 1584
32184 3864
27203 9842
35681 7106
18317 20658
28744 15926
12618 7545
7222 35486
7637 34507
15141 38521
28026 31140
10796 16881
11868 2458
16347 37672
17625 39220
20824 21116
1277 14218
30451 11678
31588 23652
28758 13069
32793 15225
3030 35996
13950 31962
31878 5977
4561 31699
23397 4290
26132 8256
4809 5108
9707 6229
19675 13461
25776 36551
35383 39837
25914 23626
14809 33298
33695 4587
16698 38984
28690 2136
39088 6036
18764 20772
39269 9911
7736 1376
18938 34001
12374 28749
4039 14026
37534 23746
8176 19128
24232 8791
39514 31947
21797 21926
28562 3195
38231 33620
34257 17740
28353 23749
9435 9751
11030 4905
31621 36386
878 9962
18715 15819
10646 19525
39221 6854
28233 26466
34822 9491
34981 377
16646 24979
3421 6980
652 37694
28697 16576
3754 10702
27996 22526
33916 27871
21858 38365
12767 838
772 14507
30257 36463
31399 17139
38962 3881
16603 4196
37314 15272
34723 3262
25214 30261
5692 2656
39834 5654
21269 15632
38041 25913
757 3785
35128 7757
30761 35541
8869 15225
32373 2869
38844 16917
19447 17163
27505 18698
37414 31450
24887 37847
36179 31978
19969 36999
23798 18795
219 16083
8133 11386
6408 22264
32273 27566
31805 10828
33627 37713
30407 32350
7280 10091
712 1472
23943 38131
12649 9178
30714 13973
19437 5399
38727 35161
25637 6365
33035 30301
3815 29085
34434 18584
25274 18541
14351 28784
3876 19323
21652 30654
8395 28934
4892 9798
37100 10751
3415 15574
8131 6395
36243 25651
10521 14489
25715 29661
34695 5066
18601 31866
15876 8770
38696 2568
28366 10353
18533 33304
37495 19972
16046 3382
38280 36549
13547 14418
4955 22223
19703 20691
32656 15680
1349 16217
12379 29798
28703 10770
15145 26854
5400 5999
26536 21830
36134 3714
38480 19414
15547 28528
3994 17830
16963 23113
22074 10584
29730 34795
8865 23546
18417 9416
2902 9868
1985 33294
3014 24178
7512 31623
28129 8172
37542 39472
33577 36344
31746 35418
17163 22129
9418 25436
39040 27558
6028 2838
23388 28428
25552 27571
34230 16132
24126 38539
31231 13202
39470 1785
10521 15141
36941 39304
2870 4374
1681 10477
26270 31912
15290 25003
36 21772
12006 18061
1475 20287
28546 824
21348 10380
34538 14689
34999 15224
39178 30795
31454 37287
30277 31435
1755 36929
38917 16875
12744 30779
30424 27080
23732 1415
25773 12306
25361 1398
1821 13636
35574 28866
31650 25256
34525 20151
27473 29954
21552 4577
4918 27216
9676 7985
2474 13450
2006 29881
1418 15457
14537 5117
6198 27672
12272 18798
9937 19771
14965 17172
29183 10194
31673 49
38604 706
13390 2684
16149 3535
3765 24746
10768 11159
39223 30424
33766 15992
2808 10530
3003 25306
1706 4399
19098 18348
28956 27234
9936 15344
15988 29621
8601 33567
16620 32435
9710 2302
28306 7835
20640 8246
6596 38959
10052 9536
8628 14513
35459 17853
297 4164
9858 26346
33283 4567
5764 3428
35839 20150
20831 23054
5334 946
38723 4614
23493 38221
3618 15125
28700 15219
24541 21743
11977 31017
5015 33395
149 37794
10037 24763
19868 26655
30586 34753
12845 5067
25859 16634
29623 34370
14292 3425
15371 9640
10924 20946
13819 10466
16947 31592
35241 11486
9505 31912
4061 22798
1652 38743
29419 6337
39788 33539
23682 36771
22852 13727
33569 2610
22156 36230
22307 12067
29375 15990
16900 21971
33100 6013
1452 24470
7110 29758
1761 28444
17936 16148
25808 1490
13010 30176
37434 36424
5582 6966
4874 2505
9740 342
2908 3999
21640 11500
35186 8252
8323 2893
37594 4679
24643 36726
24512 8270
24658 2584
23608 15787
22994 1955
14334 9462
26309 11779
4473 31167
39376 5462
30456 26369
16620 27600
17994 13530
32497 12611
18129 10845
32787 13666
39328 27459
23892 12559
13681 10409
26750 6668
1577 2029
4396 984
5489 31433
19706 17342
20230 1004
20497 2427
36903 25697
38392 5144
32222 5484
2016 7914
20416 26497
37743 28071
34129 18567
38596 37694
26938 1359
27941 16372
3323 32216
37926 5020
16059 2733
11715 32340
26223 29231
20726 35697
21717 6266
8719 11413
27423 22382
8921 20501
28454 12552
25229 14098
1299 26834
21783 27342
4090 19858
8593 11476
37912 25461
6223 21534
26459 2776
31295 33923
18743 6163
2062 17130
29606 22511
14143 29472
8581 38357
11589 29966
26827 20412
37456 3163
25132 15772
32601 16421
10390 16830
5894 2155
8926 29076
24761 19061
32163 15045
35364 19923
15879 5671
39702 22057
37732 37555
2247 4745
24518 9196
23251 3926
36915 2596
8521 19653
18550 31329
39881 6076
833 16963
23582 8189
39206 36914
16724 14576
11256 27465
36232 28250
9171 33163
24511 7700
16298 12798
28541 16611
10782 36198
15815 34126
39778 7467
32189 11352
37758 23921
31692 18714
11007 22393
21305 3420
17825 17482
569 36927
15620 3629
21385 1550
7414 28902
14712 36296
19817 15122
37925 20928
4079 8850
335 29522
39174 32763
7946 11330
24335 31796
25182 15031
33883 28367
13687 25029
10128 10069
29315 31599
39444 864
35604 14334
30700 4472
33450 24583
22070 4944
20420 37368
13034 35495
22992 39591
15320 25540
14739 9441
23285 26045
10410 18878
11330 16362
33600 16143
2820 2470
24322 13102
25669 9412
4883 29863
4163 38576
39741 29260
26772 13355
2655 26488
32286 14697
13847 25326
10481 32093
38382 12431
20593 32723
4913 29271
1241 19955
22983 38591
4482 10243
5475 18282
29442 37743
28950 38144
35317 25047
20431 12264
6420 29122
31558 36431
26040 30693
19444 2261
25097 39055
8099 32689
22833 33164
31424 4074
9088 17223
34736 2483
2703 17374
4633 36076
23173 10253
36123 23979
21053 10279
35161 21473
13845 30971
20587 8204
28360 22500
2484 5009
38401 20858
54 23059
11828 3867
3210 7789
29560 36770
28319 31769
31908 21871
10218 16529
12890 35802
11070 15740
95 2468
9591 38008
31576 3006
33618 37092
29036 34376
14874 12221
8858 3269
10227 11236
629 11118
20972 20346
5575 5052
37361 21249
8691 27340
28832 100
9799 3179
2829 38855
22688 22762
8330 4592
16970 3540
16112 5174
18331 29745
34275 28947
25095 23
23379 7505
20627 26832
13465 4404
22019 34036
39787 12330
33971 25996
39730 29497
4679 20405
32065 21672
33397 6180
18879 22085
2507 23448
26988 18245
1549 17357
19949 14866
35268 12522
27575 39580
21852 1193
1595 1250
24639 12841
21654 30367
37030 32858
29845 9539
33400 32515
15917 17126
7576 37417
38612 32390
31700 2904
32498 17074
27874 14899
14489 28987
27792 39398
39166 17000
4693 5105
25692 38765
9961 33107
39369 24173
14096 18105
21377 4951
7765 527
35928 27148
35717 18658
1031 7628
18053 24183
15168 35373
3096 28081
7836 39784
28481 4001
87 25375
25263 33679
22313 12399
12189 21491
31627 32528
7657 995
34052 9146
5892 28788
38159 3881
34810 13186
17331 14732
4415 29998
20295 30432
30310 26957
7304 27155
16458 1400
27217 2870
10662 29677
5663 16674
4570 33956
18789 14359
7135 3701
2254 32120
29312 2989
34820 1080
27328 13504
34611 4382
24398 8124
13341 26982
6075 15256
39723 27402
305 31449
17064 13615
39599 23445
9086 23661
1163 8648
22053 6109
50 37100
39387 13204
26501 8400
4568 30596
11050 39390
1145 15481
38985 33272
11825 6332
26610 3880
19415 14950
27745 21661
19797 2017
13143 29029
28207 29919
39859 20121
11307 25067
13624 14659
19255 8553
1757 15413
18322 31148
10540 16435
2637 38989
35251 36993
4793 32971
25874 25786
4719 16473
31273 23928
20906 28319
2076 38670
7203 7526
32637 38848
38197 30005
34008 4574
26755 8804
22168 23592
7521 14569
31778 8407
18585 3242
3081 39290
27267 6760
38193 53
6347 28883
34665 36772
15777 39841
13045 15693
5322 19437
8779 14016
12978 35525
2711 16242
26270 13097
37818 39258
6875 29839
4527 28110
32072 19961
35277 39165
36047 6318
37627 38557
27186 15817
16251 37748
12017 6320
87 17721
14838 8186
38919 21009
26775 2861
6600 419
35366 20536
29149 11673
4505 20972
17126 11752
20816 19742
20493 9509
23309 6470
8202 27825
38341 21203
3138 34089
35940 17578
15524 39967
21908 24490
8197 5805
22939 27249
32609 33009
39272 31283
26209 25745
16436 15083
30663 32376
29294 21622
27392 15063
4239 3538
35277 26710
36819 973
22748 39752
30863 3692
28273 38520
26288 11093
7392 5715
22716 34027
32374 19201
18654 26725
14762 16231
22555 19791
688 28486
32005 27
35 7318
21518 35242
19679 3734
393 3801
27384 33043
13997 38244
15138 39117
24979 24373
27489 4100
39938 12812
23536 37649
37446 30095
38254 21606
33792 16517
8704 17963
26332 7461
423 36250
6851 28043
33660 11984
15585 5002
13574 24133
6427 39705
4503 15806
33261 7655
38020 39088
14807 21085
12466 10426
28416 3268
6164 176
6281 17831
3302 24838
34894 2723
32361 14845
16117 29165
5311 12454
35103 33219
35512 8649
21733 38013
20937 19582
8143 12995
5199 6644
26018 20849
947 13110
25832 28229
33493 32860
24926 17925
34435 32575
11683 23125
29475 18948
5472 29129
30594 27491
32318 16460
6081 7652
19687 12862
20330 7070
4577 26896
8632 17794
6856 17148
13286 1794
25213 4932
31541 21756
30383 24322
30652 34854
36193 37077
30763 5208
39883 11030
8541 12148
36737 17260
1144 36665
24360 26264
27169 13275
22491 24270
23186 24065
31519 657
122 11983
35677 12773
9141 31991
12028 14130
17473 27218
37253 34227
23133 13877
34014 16919
27104 980
210 26010
9724 17972
23127 21299
36914 12058
3936 9533
30031 33941
29700 26929
317 4446
26345 20640
22395 34575
14160 38978
1939 15816
30075 20645
35729 39863
12832 24716
6693 20355
28098 38370
29179 13549
23555 23450
3315 29429
19182 23531
6624 25793
5447 617
23982 28294
1754 29220
33728 36872
39442 12176
10046 21963
37759 14206
23794 27889
34337 39718
38527 1007
25725 5713
26602 33241
28783 28106
2813 12068
23105 18350
19337 7497
37681 18011
39004 6514
4964 29836
28243 26954
37653 28019
30727 13732
8399 24402
7765 20160
6688 645
39285 16403
15933 19967
8340 17020
25042 12161
27671 10148
20399 16749
8782 8302
27466 25232
34441 5286
14470 34406
25061 25621
61 25189
5673 3255
8798 8608
5316 12397
33064 20624
16298 16283
9513 11416
8716 10713
19810 28313
29870 35466
8096 6993
34127 30031
9106 7943
29182 29315
39410 24044
5773 35024
33941 19808
26632 21093
34297 2253
20920 31567
2674 32100
4621 19422
16233 6549
5510 2412
22262 703
23235 9584
10619 6729
12522 38599
30395 14208
13702 28381
29565 15546
35729 17276
32779 10089
8266 23167
38824 17098
33406 35330
2955 36932
17491 17890
12470 25346
23534 39798
29701 15861
34890 812
37628 36636
11109 8396
10092 20642
26655 12218
9394 11029
20791 21951
20453 26314
25383 9957
260 39163
30492 24576
4706 38183
18246 25756
13391 16217
7435 1700
24921 28067
26580 11894
33182 2332
14396 31423
20864 28893
23927 34764
18987 16038
30696 7159
2166 26552
582 15592
21940 6976
18884 35985
1203 26675
34176 2238
13967 27146
25477 14129
10273 38766
38144 38881
35388 36491
23592 12389
9829 7531
20677 16363
7496 27790
13716 7733
33508 33014
5265 12717
29388 8800
12604 12386
34960 37271
24277 18821
32024 15915
18792 35336
4361 12739
25009 12831
11993 22584
29582 36003
21341 12274
8616 20977
39303 6996
15291 6328
25059 28605
6436 28147
21049 23543
30087 28532
197 35718
11450 22532
10160 8889
16482 22194
5758 29513
18740 8388
6847 19819
26215 10585
865 37107
7266 11275
18329 14110
1217 27398
8887 9498
2382 32583
11576 562
30309 12263
10067 5347
36815 34882
23325 31119
35409 17619
20683 27822
17530 20360
2825 21649
4189 4108
27087 16081
16121 18042
13985 32465
19522 10341
17027 24532
5405 13613
9126 33725
27737 25644
13866 18435
19274 7100
38500 15030
16045 34668
19326 37631
15005 7883
4645 7740
28869 4942
18803 16209
32794 38357
2221 39838
31777 29186
12096 635
22349 15995
18417 33677
23850 3939
16680 27922
34797 3880
19594 33316
1521 8162
35349 33768
258 4148
17329 37519
32198 2205
28247 34154
5316 23814
24368 28069
16332 34490
13852 6719
17988 13105
16772 18261
14837 37672
22743 33724
22959 8158
33397 22717
6028 11340
36109 19836
14370 35767
28379 12726
39940 14044
29993 471
23389 18272
9674 35115
37485 8066
37514 9933
2833 25692
36427 27921
2326 29397
8195 20781
17621 5880
37569 5071
22505 30386
15071 9444
9324 35885
38320 22966
38459 15107
25828 38553
15637 37773
3788 27551
23161 34244
16105 9502
10568 4609
35438 19045
4469 15799
13426 13061
33555 3367
35432 3545
38784 17545
14219 24121
14160 15746
6805 24035
18505 39847
32525 11038
21579 22753
18640 13441
36720 12781
38486 1043
3932 37107
182 4986
16470 2023
13265 29435
1441 24882
23205 466
27343 37752
17939 39456
4245 39020
4041 32584
25825 1746
31726 27134
34368 10666
30369 24265
31802 12459
39497 33069
34010 3378
23136 13319
30510 28557
9703 23909
37135 21729
15416 7545
18361 34710
25486 2879
8729 34320
26342 33362
3816 9916
19676 36549
24877 34698
24253 24209
9173 11561
8574 20503
31160 5793
10728 27349
33843 20693
5601 28834
2354 38812
25600 28976
39191 18760
4603 20270
8380 15950
21209 5895
2699 17395
9299 27568
11047 28280
39385 7911
16645 19461
35970 18760
30987 9751
23619 38735
34198 14893
643 3067
16400 31887
30643 30910
5298 27604
8942 3397
267 29660
9680 34355
31227 19581
38566 37786
8018 20657
36330 9584
24376 30646
27989 30731
37867 39255
1473 790
15887 34585
24231 10493
39916 4539
37051 31666
34015 22981
27949 39440
29889 19118
20620 13268
13747 19490
11044 20474
32813 11565
3982 7021
10728 4178
3026 39580
35000 31325
22521 9816
9791 16137
24406 36090
1509 21403
152 39585
17231 35148
33191 38626
27549 39856
6770 4926
38231 27142
19379 20050
33053 16153
2615 36146
21606 13988
6188 39306
36485 4669
31890 28101
18113 19264
25641 25908
9163 34506
32558 22513
8393 9486
27283 1306
23208 24302
29870 24034
659 9446
37191 6903
20477 6333
6118 25041
16914 26404
3256 12614
34818 32925
1205 12231
12123 39896
32352 2341
34751 38077
9963 4155
7211 13823
6337 27005
36490 8306
29560 28006
26812 19922
15947 6106
4290 24157
15365 6386
2666 37462
22142 5588
31554 12456
7730 6832
5937 900
12133 21445
33506 27852
21235 34112
13477 35979
18690 20461
15065 25256
38408 23783
2882 8357
26416 13596
26314 12007
11396 29527
38569 17528
4349 13928
31769 14454
14257 22367
15176 31245
17154 25607
10335 36442
28175 28875
33370 33747
27721 5116
5662 29619
28454 18586
21291 33873
23174 388
13520 39932
32619 9887
22835 34267
33652 8312
16691 25801
8933 19119
4945 39667
35750 28858
27675 29301
19930 4060
15419 9752
32364 10431
23147 4773
1850 22892
30071 22925
38383 19117
22735 17060
11743 35891
31748 10468
2103 21280
19584 16746
37821 15685
28143 15242
38609 35690
32462 16935
32885 39830
18378 13723
8729 21889
17585 13742
8266 25
32053 24534
11656 33091
37115 31927
6458 20686
754 6874
28627 18900
37111 15025
34465 10725
32054 19745
35089 33611
38221 4800
20504 24284
11170 4496
3882 13019
11775 11593
6231 3360
19920 27939
12248 16018
30388 11304
20868 16208
23748 16974
7653 18456
12765 8272
18890 2297
35997 33554
2905 37782
10897 8780
11037 37166
16590 23069
25703 15579
26487 31438
29716 10782
15699 39172
30995 17481
26339 3229
1271 25203
17175 15210
33555 8484
6542 24052
15125 33455
16834 10426
4271 6183
11779 23145
23761 24344
16442 33501
19406 28489
15004 37860
10532 18526
13164 10187
13203 3212
8606 39093
27408 9110
8000 3412
6408 9467
20479 29855
5556 25834
9341 38259
4686 13309
23711 369
17161 38944
2558 32506
2822 7488
32343 2160
22255 17355
14181 39807
8297 7487
39167 1847
22319 9105
26503 11674
9900 29958
27574 20102
28749 26875
1424 12847
22844 20548
6435 39320
39628 10910
38887 7945
1662 15729
28977 32678
16315 9168
17395 12669
24803 22028
33516 30944
2578 38533
18811 32522
17808 5888
27279 7045
13771 7599
24377 35909
32873 21564
9366 14900
3509 33899
39512 39498
32987 4574
39519 32149
3624 28842
32843 13330
19123 37426
11123 35991
35802 19156
2462 38308
16479 37563
26849 33474
31719 21782
3433 34122
2213 19898
24152 27518
10321 9407
37727 22553
18148 6158
12268 29409
13831 33732
30863 15090
6368 38134
33327 13068
16754 22757
547 15108
22222 26902
30497 11677
13105 20906
10509 19143
7669 27682
23682 33840
13522 6111
121 21381
11997 6763
18636 17930
35729 35497
36922 28416
39086 5784
7730 4861
35645 37083
3623 6400
39835 20379
39707 29634
22080 10081
32623 27432
22714 3768
28886 33230
33476 10358
23562 25348
27554 30016
13720 23329
2237 18514
37554 190
9589 13078
5573 36594
38219 2419
37117 11092
27989 38868
39185 39305
753 25135
38074 30090
12392 35030
20961 16795
38030 6741
3970 22648
16461 21589
7250 32852
20233 2394
662 6174
16171 37453
3445 24942
6104 34656
21415 4570
30327 27040
6752 13709
33078 38954
29800 8196
39615 14914
9552 18059
14106 34414
34110 1249
1119 19177
4310 5195
31675 15477
31135 34567
30101 14800
23407 32565
12848 24827
34296 1206
15035 9419
34777 24935
15882 15187
4373 12670
24065 36837
21684 1216
33238 11626
33488 16538
36261 26680
31366 29026
20745 21833
29734 23138
13876 39846
24884 33423
32633 27343
16325 38174
5941 12080
3986 20659
8734 21279
15131 3788
20635 12585
28496 18741
9561 36867
22098 18467
29531 30420
11313 17861
28569 27497
37539 34239
13336 6753
17637 13044
18766 21990
2012 4770
9840 15691
38151 37589
33610 8800
36183 15415
16005 38847
36510 21591
7356 3005
29998 11556
28877 30663
15871 35042
29075 30125
7560 6627
4213 26095
27565 8996
17244 10508
39697 24511
38092 25884
14735 7627
13169 35899
1705 7877
31267 17654
36221 37455
11456 2280
766 399
17580 15270
3983 31003
39025 15735
12929 38820
17212 12730
37293 9795
26313 32345
6247 31860
8308 26808
30236 9242
19598 14265
13592 9362
28373 38784
35788 2850
31415 29460
4558 39722
10603 21289
1268 10116
20778 8138
16943 33295
20720 20603
26814 27985
5964 32090
39394 30072
21763 29839
5808 5096
4903 4588
16476 37987
34418 25803
22973 19191
32299 32354
27482 3349
35265 17626
36665 36792
3981 32194
15006 21071
5601 6173
23907 29222
35141 26941
27734 39950
26697 31245
16552 31578
6527 38215
3280 7329
746 16512
14360 33661
18598 10077
1581 12190
1878 35462
19834 4800
12265 15003
5864 17661
12085 21100
13935 36723
16747 11534
22325 18151
7176 23430
17186 24959
12485 14984
24288 11757
13392 8735
16126 8697
1188 38474
21206 19149
10488 31421
18670 38164
19709 38951
4840 11513
38289 15131
22497 28250
20067 23901
13845 27528
7469 36307
32153 8503
5831 21635
4689 25617
24257 1258
17310 30622
10511 2506
35262 9067
17092 38575
36 25450
2815 978
10383 14242
37838 16527
29955 3398
31301 14759
23935 38808
11670 4136
9310 30164
36899 28046
4544 1842
18923 13586
4205 3886
1401 7372
18622 28083
39207 14585
37057 25794
16561 20856
31795 22426
35828 21377
34413 5607
15611 36380
29842 22060
29662 13130
31484 23088
36036 17922
8481 25333
15445 35626
38515 1964
14436 39645
7772 11181
14739 15862
25003 16747
27736 27241
20802 39954
13829 6605
35295 26001
15313 21367
19936 20004
15670 337
14872 35653
24641 7021
23125 5565
39757 922
734 17055
23320 30437
29291 32868
2212 4070
31805 4083
30877 20605
24366 31181
8529 8299
20413 35980
32786 39061
9273 8043
9703 10381
14488 39352
18002 25599
12208 24859
23408 25676
6517 19225
490 14973
20453 19828
30103 20241
25268 10611
36047 14595
1310 12596
14196 35145
25987 27633
1885 25826
35115 13220
37869 20950
3714 15413
37288 12544
30642 14577
30158 31599
24592 10463
32864 28966
30316 21375
29694 8036
24878 12942
27858 32920
18429 13659
4561 13009
33546 526
19220 17923
6225 3985
39941 21727
24080 7317
10137 37662
6324 30584
9611 20719
1706 24328
27857 16050
19564 28345
3251 737
17123 5581
36752 3240
16411 10316
4460 9368
26359 3890
6820 18509
20789 16827
5439 16417
25632 2962
16814 8424
9394 12696
7196 23798
14615 12664
8518 8853
12750 13325
11519 39783
8847 27624
10156 14371
18636 39676
23193 9833
15469 26458
28510 18709
30218 21893
21638 12452
7064 34075
38365 10760
4704 23545
29561 27390
20284 23437
24177 31855
29113 10312
10363 571
38211 14651
22329 20743
12203 8245
9205 19977
26692 20888
26651 38018
30229 21672
15372 628
28785 21577
710 20651
1529 29491
39784 30543
19911 32612
5450 22527
35718 32923
14432 36416
27908 28249
589 16127
8534 24823
31829 20590
37313 31446
25281 13385
22394 30270
1565 35428
29086 38674
20304 29869
32941 10853
33878 13522
23342 26983
29132 31599
4068 30065
15557 11849
19068 15061
7636 31149
1675 28716
13347 38484
36775 11834
9362 16213
34235 25412
8366 27874
20669 1597
33691 28888
132 26421
4632 3412
7269 22930
23118 9682
14898 19159
21952 1532
10894 37895
36227 25641
15664 26843
32679 6281
38135 7439
35767 37594
29137 10685
19112 27069
39155 22137
38668 21504
38979 12311
18962 26425
13384 7091
10850 5991
29456 10534
37339 3007
32011 8754
6773 10000
35754 20891
27988 5668
5245 34263
12913 10380
3976 26884
23931 15401
18240 20936
1103 32960
27920 14509
13820 6344
6493 37695
11507 1873
34010 1046
29215 12034
24602 29733
4092 22560
28491 7879
24845 21112
13549 29352
35844 20186
39593 25022
18039 34079
23576 20955
13103 9942
36079 39792
3129 7181
18411 14525
13067 5393
24869 3870
30050 7075
20836 2490
38151 1265
27640 8758
4793 24496
16646 9731
17937 33621
26952 30345
9035 13892
10099 14370
36262 18469
2258 2394
35122 12110
27285 23104
15446 29226
2348 30606
3941 39571
32154 38249
23951 37080
15801 7189
8434 12188
14556 39898
10631 30689
32994 28629
14327 20000
6864 1746
21918 35560
19902 18615
12064 15542
26178 9087
4547 32865
21733 24680
30955 20363
38537 20276
9437 14506
31203 6690
31092 23408
9799 4845
18118 39868
15640 28027
6594 3011
18597 13395
10265 1926
11857 3849
12253 2447
27968 9503
22782 27753
26277 34199
26156 37989
33287 39285
22433 26167
15133 26146
19730 39424
26679 103
744 15099
6490 4014
9143 27614
39209 22519
32815 31928
26507 3012
24748 18195
27837 584
4743 12331
13397 17929
30625 14765
3129 8151
21812 33280
26315 34259
36844 31090
39121 19152
12687 32019
29800 27949
32995 18861
6531 19595
8095 4472
15391 28500
12296 20267
28260 18876
25082 13723
39711 7661
3308 11352
21076 7847
22050 11763
4730 38422
167 14715
36582 20388
8493 27097
24734 16167
20942 15058
23647 38814
7922 5078
8851 33122
34305 39682
29173 34331
23923 15249
13395 20192
2431 18788
37652 16255
30971 39573
38402 25729
3094 1296
3536 37759
8871 9225
23110 19552
38054 20391
15430 25890
13160 1560
28648 18143
35649 12494
12374 10582
19747 5904
37355 8672
4335 16267
35758 11740
36871 29573
10863 8004
15984 28184
29413 38816
28339 34190
12790 4075
23933 10377
8601 4825
27830 26619
30842 23020
887 32063
14856 20226
6998 328
525 21963
25490 9241
3305 6178
3827 1084
12462 1
13686 33304
8441 36662
23951 8286
33248 18834
38538 11108
30935 22993
34815 15559
23692 6713
32836 22026
13193 12053
12213 7179
2180 23288
21511 24141
3189 31278
3811 15355
19203 20407
38112 21038
15709 38284
35453 21948
20849 4962
38150 22211
28059 18065
2563 32519
23318 38809
11300 32763
9939 39384
986 3900
24760 27573
27265 19840
12729 37214
10372 14544
37576 26906
39324 7994
8473 33601
5425 39920
10950 17169
39382 28018
14884 17515
27301 24866
25278 34563
34732 37043
6106 19494
9464 2941
36821 10229
32166 33943
5036 17333
8464 12623
27328 4837
27867 581
11365 30771
16005 30417
19516 35757
1633 13050
12283 22150
25629 16698
23246 14711
4309 29859
26351 21717
10487 24459
22050 21843
29308 37377
23608 9863
26355 34225
17248 22503
10489 31367
8549 30143
21996 33977
8636 37633
27529 31605
32638 1696
3031 37432
32064 9041
6728 11609
22623 16306
17942 37338
27560 20524
1597 3972
30360 6664
18997 26096
35363 2123
8234 7941
5012 27485
14907 5307
6541 33951
24451 30876
17839 37313
33572 18750
35780 26220
11686 20951
17091 35459
11554 20199
22348 25256
20031 38107
12716 36777
23012 15740
16848 37687
19170 29482
10132 39157
12689 32533
14213 11853
3148 12876
7421 24775
7766 17850
23305 27560
14647 8474
4511 10397
38348 23731
8039 32098
34433 6449
32864 11351
15441 16563
23972 20160
18953 11160
28190 20023
23736 15703
22151 12181
34327 30966
37139 23061
23872 11640
33854 15039
17402 14252
6840 25560
8321 3187
37897 39814
35645 28344
27580 8206
26080 28364
8928 38259
10527 24269
7423 17898
18934 4839
30438 9509
12781 13913
37820 29114
35208 19947
25223 19083
12546 3514
3022 2913
12014 2793
24178 33009
15852 5228
21358 28725
8633 16127
29056 30897
354 9534
22256 13484
691 32915
27198 26217
1878 35725
35348 22459
37418 35727
36610 31429
12254 14019
21486 20562
38814 11524
38347 34238
2899 37838
39381 37560
34194 26743
3365 34273
17513 15807
25987 37089
28910 28508
3341 27638
29509 9283
31372 25957
28552 18662
35406 21564
492 21565
20835 14628
2213 24784
10644 11370
11557 9764
28017 2134
39230 21123
39019 21947
23947 39959
3745 24689
24387 32742
36907 20039
38217 36176
7253 17799
18691 3457
23207 28817
16397 37225
31742 2473
22365 34127
11514 8722
12626 669
36682 26540
12038 26481
9236 18189
668 6616
24506 22926
37610 1815
3195 3799
31060 1371
298 26666
37582 17178
24669 3723
3490 22175
12090 29847
36290 36498
39682 15921
17527 17077
26523 15988
15619 32205
26381 37587
30293 22121
32865 5972
16330 20247
34197 39516
20131 10888
18798 26463
32239 2922
1190 26548
5942 1905
7537 19568
25227 15284
3665 30856
30191 28306
23235 16837
34781 33619
25370 6791
24134 17692
20663 32102
32354 23396
36970 26155
2667 8643
34094 7384
36076 9238
4861 39233
12313 23716
9534 2227
30178 2278
4662 29556
6019 29633
11229 17368
39384 20108
23040 35050
36990 24314
1789 5158
6992 19563
12386 3711
19164 3719
35377 29444
13892 1856
24659 14838
22500 8504
27479 18133
9125 9174
4404 22907
4708 13799
30503 24594
18698 24752
12777 1992
33000 18075
19252 770
33155 7036
4954 17057
30774 17708
15294 21990
14826 25787
35773 38797
6831 29814
34288 17406
26391 12729
34736 15894
9814 10434
1405 13525
89 1430
29261 8234
39291 24494
20751 29509
19637 13374
28021 1978
17095 34600
32596 8893
22155 2189
28350 24589
13349 6820
3999 28778
11426 28616
31165 15672
18680 2631
19487 16546
28689 17809
28928 22120
17825 15976
30399 34511
13032 30826
30331 21623
2947 829
16425 11126
31902 11173
23717 30375
21054 34562
11573 13413
11027 19838
12869 15805
15579 4949
20353 19439
35340 36119
17643 5633
8774 35885
34005 20848
8654 13344
29622 11222
33817 9389
1896 17542
627 27143
19886 13103
20356 19078
36507 6740
13496 9081
27574 53
26823 36452
10666 9778
8352 19114
29646 3965
17163 27587
23094 38639
31642 16219
28816 18818
13779 21624
32354 16868
31873 15828
30712 13708
25112 13068
581 19515
17004 33688
4353 6523
2519 39862
14697 22479
1488 31796
13024 14035
37401 19413
15487 13920
32586 5744
30920 31867
8898 1861
32712 26765
38193 12793
13361 38130
29485 4830
11877 20693
32706 2199
17309 12070
6428 12422
15232 30223
13549 23974
25899 12265
37587 17353
4066 23745
18131 26371
33412 7659
1565 522
4751 1165
38532 38576
19578 22231
15589 19055
23858 23862
8081 8129
39836 17514
16750 5348
9132 28958
34025 26345
15812 11849
22016 19554
27536 34116
35059 38862
31680 742
14864 8652
39421 13970
17325 6119
26302 4588
38372 5102
2307 14904
18471 18448
11123 16170
13036 4782
18868 7173
31248 25413
29312 31855
4470 17292
9611 33860
4580 8029
37869 21361
26950 4476
6115 21935
35082 25239
5384 15302
19872 25293
30836 5859
11888 8508
26689 23492
20859 25610
2732 31300
34403 8576
37407 18667
15688 37962
32979 33521
6173 3106
9430 31282
8192 2092
32128 17919
9839 35304
6303 13982
20946 1653
27225 30631
39399 38625
37400 17444
36514 27713
27132 16987
7095 20232
35803 9170
20399 20751
36541 8328
25240 2282
33617 9284
36570 16904
19188 15331
29305 17937
16592 16209
38342 37120
32310 39059
17312 35348
29061 18062
31813 20905
5921 630
35998 15406
37004 21732
14568 25174
38485 10401
7626 28627
29319 2411
38550 799
30133 2996
30176 7506
11819 23329
25692 31853
4604 765
31548 30140
25926 30008
11784 25213
33192 34290
27700 2322
8505 8137
9373 29562
4673 13810
39139 16713
2481 782
18012 25181
36166 21839
26349 28441
10176 20314
7544 3262
22185 39199
8219 8344
30646 37295
27667 23897
21351 15724
17999 26189
15190 9483
863 8990
18851 15247
13546 11121
36215 19125
34752 27160
31103 1651
2021 5449
28162 20831
22829 17407
11049 25289
31716 31888
36295 33072
12853 993
22803 33152
14306 26500
26290 27520
22593 3732
19475 24729
25366 19469
11867 274
33326 30802
22692 14296
38221 29016
8064 278
4305 32202
16295 11898
30012 37694
11905 37838
32754 6563
34756 8234
7305 25842
12906 11850
20307 13919
39951 15677
34315 1110
25779 3299
14389 35378
14023 39274
18116 18043
3617 26403
4816 26487
21157 25941
1860 36362
1617 1892
28399 35648
9989 24338
22715 14185
37486 6008
3807 8583
4397 33891
33123 9402
26552 10374
16368 34171
10647 9707
25281 15379
34792 17462
28949 31499
34168 28844
30473 3518
27571 22755
31373 22270
19919 23936
24574 19674
7000 27195
36410 10638
2609 20248
21350 2207
10882 18425
7978 217
37395 37398
10003 11747
33910 38017
22363 11784
22478 36108
13700 8358
17554 32428
27885 24834
6497 29556
29470 5222
7295 23786
3514 2898
32484 7274
19807 37405
5265 4025
14481 16461
38514 23903
1266 22248
18026 5338
26445 5527
29255 39859
38090 19721
27613 16813
31335 15100
23898 36272
23607 32308
15798 7664
37601 8775
30426 2984
20313 37588
19976 34809
22480 36432
16242 11494
17345 34926
33959 10753
37775 15984
29131 38051
24651 36823
279 33281
13239 25276
6821 12205
7733 38958
6007 31960
9661 4566
28820 5813
19446 14693
46 32944
8682 16561
27095 19465
19077 12063
24672 36691
29527 22156
26531 18154
3292 33834
14209 16224
5870 27927
31028 25619
3646 373
26366 36007
3438 23793
1094 2211
15858 38891
5399 603
10046 25525
66 39977
29424 26187
7419 10570
5929 36254
33996 13454
1224 6465
23272 27468
25138 13196
23348 20590
4161 21893
13725 2869
5184 860
18580 12658
5300 19261
25063 32948
4137 39291
39921 20507
30342 11573
22456 21919
33092 7275
39403 4622
11493 7147
14111 26144
15363 27143
21024 26648
1562 3045
20673 11637
97 2214
7372 20270
9089 14039
6786 20774
22964 21094
29392 7530
31618 19363
39016 21727
8148 7490
5025 19897
37087 33767
9445 25079
11930 15729
39067 12083
19364 28139
23024 37097
2872 20506
29292 18646
24271 15881
3934 24640
9890 19301
2336 27341
22244 20259
19438 28011
35003 22933
30930 24469
1443 9330
18452 36566
31747 6183
26489 22666
4258 37957
23566 31611
39472 15025
4515 13249
34465 22811
20324 8092
2226 27217
33216 17869
38016 14105
22832 7185
457 12051
26168 3363
30690 36100
32164 10117
28359 2231
12988 12543
34286 1321
13578 31221
11004 25670
12714 11378
20722 11561
22459 28900
35831 14161
29476 12710
4259 34821
8247 462
31495 18910
19300 15844
24684 36340
27845 15168
38659 27045
34527 37802
28627 18515
9069 6234
14856 20512
8352 3740
35412 25388
20986 38080
22533 12943
19299 38512
36382 15216
20159 26260
18103 37272
37922 9301
5648 16269
4617 38644
39222 33594
7310 9442
5926 33342
36681 27801
31215 8468
26146 21649
8838 30458
34083 3496
32793 18445
11467 3530
15812 6590
33420 34952
31652 32134
31167 22399
24358 8215
17285 12783
30873 32585
16546 5122
5582 23850
27078 2127
7933 28027
12403 20668
25155 33885
4282 39760
24674 13216
2384 5553
36127 7027
5570 24247
7106 18561
28945 25075
9982 21002
19056 15840
39490 26749
861 4649
38262 14351
21202 14097
17816 1255
38109 6463
31171 26210
31001 39294
38090 34891
33235 35895
18511 16953
10452 39116
19124 16736
10108 24230
18961 37395
22734 36860
37896 12228
16761 24946
18458 24926
694 19787
37965 38510
36830 33104
31959 5003
17672 16780
39854 15087
25473 11793
16646 28175
35961 17205
29216 16812
3765 8122
7862 17236
14929 32493
17400 22934
28083 26285
25391 31994
2558 32708
18827 37830
39018 11966
25968 10719
14556 29907
22763 27079
19588 16319
24447 35269
30894 13599
6053 25825
4651 27514
19917 11753
29341 8605
22536 37252
26774 39910
16962 11635
37931 10564
20682 21656
39486 13698
34572 26532
70 6632
21064 8660
2073 5946
12827 2405
30553 19122
26660 6136
15270 1703
17545 16875
22045 34421
33776 3364
6613 5248
28037 27248
19187 51
234 22335
14495 23114
20864 26838
37706 12014
39125 17970
14944 1551
35106 13698
23558 35544
32216 23619
6175 25218
8811 30522
19216 28391
14155 13418
30949 35665
19591 32619
20538 37080
18950 24950
25473 19914
17065 35812
35453 35577
5866 6346
17977 28577
13558 6566
39472 3612
8897 28689
39107 13698
32688 34342
34628 30333
28948 27723
25687 39456
6619 16600
3440 1881
14098 9305
11521 10321
12231 14705
19074 3885
21721 6488
20354 5482
6540 38030
38568 39447
31698 12022
34756 11860
38698 39826
7400 1542
27668 4551
17552 17566
3369 39976
4419 6271
34603 1207
20040 7531
17444 33375
12696 27898
5388 32104
31233 30526
16513 38613
39536 17878
26167 16840
6382 28896
9158 36768
37887 1645
22718 23100
35967 16422
3251 30089
20683 11099
878 26150
2128 10530
4690 9032
10754 34962
4180 7121
29957 9058
31259 30374
11067 8094
26915 34677
34985 2111
483 36263
24952 6635
2329 32436
26980 5824
18871 22150
23064 13601
31040 22387
26241 34013
21329 35021
11294 24929
33406 30241
1345 24775
23974 17871
27633 35970
39961 21928
19106 518
25110 19853
24246 6093
26332 35553
13110 8499
21642 24714
19899 2154
4604 3097
38427 16327
18435 15487
34087 6306
23065 31902
25278 15040
26226 15687
7883 6303
33236 7340
13507 34766
7178 37816
681 9377
35473 31649
32114 22076
33764 5599
15485 266
14156 7617
33135 38203
29263 8146
6638 16949
14374 35855
21833 30877
19324 6228
37706 7116
34847 14284
36698 8300
5241 12268
30801 20681
7555 37915
34631 33270
27471 38283
27660 24048
34382 19923
39592 4112
4483 31502
4407 684
15675 2203
38150 37538
4350 30940
37220 5896
39212 16422
23985 20803
21188 3766
32384 35789
10559 12850
38807 29348
5979 31571
17989 23952
13707 38277
24769 3034
25704 13533
8904 37261
23743 367
32015 77
26747 29471
13897 15408
14200 21428
32892 15939
31378 27660
37758 19657
36776 29084
3017 6399
27720 9003
10348 3611
15113 33238
22283 28774
17847 36888
3140 27034
21573 31071
36444 25891
31179 5914
16568 4071
28356 22327
18623 26093
16767 16926
24940 39408
38070 8288
37543 34079
9401 14246
12905 19447
23850 5800
12060 25880
15056 20059
11108 19829
14682 12557
22586 6246
39425 8372
15702 26680
17237 22218
30414 8288
6882 38412
283 10409
5732 31474
18667 18416
9619 32740
39682 10771
31378 29765
7429 18838
20498 29091
5064 4293
15056 30983
35978 31694
26056 22634
5659 14783
37048 38700
39420 26653
16295 7019
37059 7934
11794 31966
5594 4477
37320 17804
36108 22951
16108 6170
36920 4067
37287 37207
14407 17619
21412 8924
22205 14448
9170 19186
10689 29402
24084 19675
17576 15243
26047 37055
31091 22884
29708 39785
6674 23904
8931 5964
31737 39258
28858 15696
18903 36185
12858 21836
982 39404
19165 33527
28084 2876
31237 25582
30266 10243
28675 26571
30523 6744
23297 19333
36461 26130
12752 34845
32525 6665
3686 21752
35628 3328
3364 14577
38882 5590
22407 21707
39958 27937
7889 14399
14727 30099
11431 28229
29267 33352
3250 32014
34907 3344
27174 6711
23303 37809
1788 21827
4160 25391
2987 39235
5070 14145
13587 19619
8755 9656
18624 12252
3915 4475
31259 5086
713 27134
19311 1441
1932 33473
16637 18193
11866 6323
2398 1384
26522 1682
25691 23372
7984 22469
1545 18486
23225 9291
11942 8342
10430 6334
38988 8395
21201 30709
33044 32058
8543 17816
32451 24971
16693 38877
35321 32911
14484 14768
38986 11549
24932 12803
15513 10690
30595 11602
9975 5769
3422 3227
36216 25541
14021 14089
12122 17227
37156 5021
17282 5492
7448 10628
28498 22784
1818 9967
7165 14240
27172 11460
24639 20664
740 21941
39010 29264
36468 5169
24906 2310
35558 34978
4173 17046
766 4424
21313 3655
7678 39357
28000 24791
18919 19227
8899 8160
38654 30918
6471 22161
30611 21343
23647 11419
33259 22910
28026 28902
39859 5336
7365 33221
21147 29408
33100 28163
14888 19651
6392 11185
39413 14452
36770 2983
17218 16380
8353 23467
38060 15009
26327 15641
22941 24126
37647 27323
38344 39536
24608 13668
17896 10575
8209 22739
18379 37419
3370 10832
3959 25145
25124 3272
20598 15024
24149 28274
20001 24688
33267 37228
35206 16738
11575 15764
25792 37865
23466 5146
35778 1466
36311 29383
12061 10002
11309 38301
3807 28447
19169 29999
28346 39783
18638 28901
37314 37329
39939 32053
38846 19407
26658 39865
6353 19802
27322 34152
26056 12153
21025 26071
36392 32503
28090 4239
20048 13063
31852 3845
31201 30564
5907 24637
33041 4683
19949 3743
22572 24958
26345 6889
15513 2846
22019 8221
18597 24472
7933 4229
13147 28611
3083 4882
11742 37302
9658 24321
22106 17009
12611 8008
2615 2663
18238 32412
11910 14342
14951 20481
20228 8051
2886 28255
9230 27539
3180 19610
7669 19095
51 28263
11055 4309
26778 8433
25986 25550
3536 34906
8323 16778
30094 17956
24208 28692
35796 3632
36080 8214
37810 15770
24156 7100
11833 26920
21829 15803
3315 35512
149 6664
33392 26716
10566 12053
12515 8540
19805 24286
36263 17783
27729 12307
7337 23737
36708 33656
25037 1705
32666 736
17151 4006
12294 36110
35777 12057
6061 36618
10877 35751
35085 35636
35867 12336
19504 15064
19181 28254
27073 16710
26565 20980
25753 19559
28608 15126
37691 16377
15069 39089
36149 39628
20723 13762
21999 21083
30945 16803
25859 10147
36633 23288
4517 10050
23774 5045
743 20803
20807 30727
28282 10201
38988 3222
23078 20015
20426 23627
6318 20077
28310 25982
17704 668
21602 6904
2677 3467
3197 18164
29450 28263
36668 16579
13402 9388
3068 15478
10409 23987
26324 33080
28922 9394
11025 18552
36218 6551
31342 31951
20209 27709
20615 124
15679 6629
30333 3634
35425 411
221 22612
23061 6247
24888 9259
12757 31916
8665 38346
16937 6609
29835 8692
13698 497
804 922
3630 36646
36812 7384
8829 33889
20449 20652
15306 32540
14770 30880
29694 27374
6955 32754
17438 26274
21188 1635
23678 34471
3899 8063
31576 26165
36560 21509
33310 12829
22128 30165
31891 5293
30868 34130
20898 1579
38606 23431
4885 33437
15958 36450
10727 25434
14357 1093
18873 36646
5683 34797
16 223
24697 14047
5785 17424
3912 23037
16568 22595
1658 30435
23361 25868
4749 4112
37139 20045
23328 15147
2020 16070
12109 17134
9545 10683
31820 11283
37019 6619
12726 38915
7944 18240
33132 34501
25852 15434
10717 5653
36071 19673
37936 26106
3154 33522
12342 26102
39824 36888
23541 12293
20825 33076
25891 8288
4977 7830
10807 14306
17949 4963
6757 9651
19949 31724
29482 37822
33735 1440
4513 16219
27293 687
24240 24126
25553 18841
29580 5678
30586 4168
6118 28067
29569 28039
22610 13337
14200 30205
27652 21536
15508 1731
16630 33660
14124 13955
12615 31493
7856 7386
39003 16465
37689 37894
4788 7055
39623 34229
6302 17830
24656 9400
12810 18682
16718 16859
12990 38251
20727 36863
23132 30408
24246 25528
11568 8437
21675 1539
31444 23336
11091 34330
18772 22263
6376 20391
14328 18759
19750 28298
17635 27815
5023 37676
17054 26063
21088 12849
13569 21720
923 25423
32230 22958
23252 39883
25913 15411
31171 33458
12587 26030
12019 7474
30231 35023
34187 22044
17908 17893
28692 36277
7250 5137
20889 14021
15817 28104
39863 29938
36840 10118
575 22973
31946 25947
11230 22744
12135 16831
30986 13929
2701 23148
30939 35166
15850 695
26952 11840
13889 7621
34269 15530
39502 30529
13032 34846
39677 20274
9889 4199
15288 29884
5819 13277
14568 37401
30860 27404
134 13157
28942 6612
4871 17680
20508 14036
9769 29897
21466 6418
33816 25775
33346 38015
33601 14233
32759 11510
7061 11761
24364 36862
14060 16580
5100 9898
23130 13476
32065 4353
39252 31764
21019 5987
4579 8515
8207 32812
39778 9389
28757 35944
15220 35066
8843 19153
31723 21735
4573 19379
2626 6592
4824 9963
25332 10799
17507 38266
27105 1944
10800 23387
5974 12610
23783 31619
3612 31458
26916 27199
336 22099
24655 35459
20096 26410
24002 6342
28702 16060
362 3849
23123 28095
39870 19760
34897 7660
6998 38677
20463 13759
35986 16665
27795 28456
13902 15131
15135 25753
25852 1642
12875 1684
34854 3325
12408 36700
10669 34363
36497 17053
17483 28663
14456 2161
17950 3395
3778 33803
17777 4761
38426 14451
27680 25516
18298 27471
18820 6165
24748 34004
1694 22292
10253 31359
12284 1645
35610 9931
36096 28746
39503 36556
260 29977
27320 9181
33768 36548
15604 16744
14747 9769
35299 19588
21399 39666
36843 23645
1011 20987
38082 10599
3374 15746
6854 34973
20212 24177
7045 29665
32713 7417
20240 37734
13203 3865
14974 37981
9254 7696
8349 31203
5469 14874
2096 8524
30948 9169
7585 13644
37162 30554
37691 26934
29060 1622
12010 2984
29554 14882
10939 34236
7284 5831
18819 38135
7200 34138
34298 16073
5738 20200
24373 4325
6110 35683
8344 35881
38122 34897
26449 19125
29458 30181
13643 33468
17744 20856
364 26353
9853 525
27932 25564
8239 34425
22145 24870
20143 29553
16832 35185
30278 16602
9338 25481
6885 3536
4305 2788
36959 34584
35420 5274
8215 25353
3821 32131
4035 13006
8837 9573
3774 6736
20615 16969
14391 17674
6636 20540
28323 20899
35048 18328
36464 15399
16660 36503
9892 23218
20306 4190
15735 19077
39361 5708
31271 252
22607 838
32834 8319
5072 22029
32199 28201
33159 28001
38499 2321
15632 4410
31071 38268
35372 15101
21995 34012
6426 8368
14191 8960
8943 32366
7476 17065
32783 38940
3293 15215
28342 7804
22944 4514
35722 11993
12360 8982
29803 18734
27226 4900
21763 13877
8485 22921
10904 22052
37811 26730
7423 17106
34747 1933
11900 23172
26422 35378
15323 16923
32769 33828
27178 13377
9721 36037
18714 21015
30772 7298
25627 7779
29426 29466
5659 39481
34350 22008
16864 12544
30181 36750
35822 12001
10134 17177
30230 34678
4369 11736
34128 32859
24581 13785
21956 34003
29096 22745
24577 25105
17750 3390
8779 6066
19779 23146
21659 2949
19869 12383
3704 5048
15348 8045
30063 20859
4583 10382
35727 25688
24249 38620
28852 21095
29690 8562
24795 640
13903 18022
11284 25960
15061 20476
17194 7470
27142 35413
20428 8893
39410 34616
31489 23193
265 21626
36420 14470
33454 29149
1276 5831
39795 38347
8338 10781
34874 39225
10033 24581
18459 24256
34703 8600
17245 5816
19338 23439
34170 972
39943 33239
36476 960
6328 29791
37854 3841
2737 22373
19868 2729
7441 39500
3067 28584
3672 18924
19687 17276
23544 27745
9097 23207
24070 26161
15343 24830
11341 15037
24800 19034
22698 19055
39371 15253
7924 37689
26337 7735
23675 36736
33888 1617
36508 21093
36969 12475
11607 6601
9254 1175
23252 2834
28289 19426
34426 37229
20426 21282
16297 21445
11691 13171
13244 22531
24207 36264
25917 27926
16792 35808
9850 811
9362 25221
32785 25406
26390 30083
37515 38108
38169 35549
25015 7500
9804 30342
26800 30267
38695 24829
15204 9765
26360 18956
18445 9263
11782 16340
32721 11402
23354 25509
6298 30272
25713 31365
38332 28580
3080 39235
14162 35056
18413 31062
32358 16554
2929 33251
14081 24493
34544 29475
28564 20908
39194 31642
34484 14770
18470 25074
33923 24219
27955 16010
28789 20836
39727 8012
34883 1684
23437 1091
34494 10355
17094 3982
2744 24058
29872 17708
20478 4168
13152 17996
28011 5155
1982 39566
17954 18783
32975 23315
23037 15783
22895 10079
33724 32136
23754 32254
26563 25273
12160 39779
19398 9974
26425 8673
18253 22273
31788 34845
13381 27395
18958 11793
22058 31118
6744 13416
34691 30070
15570 8121
35568 5390
24746 12687
25761 31024
30430 13144
4431 32134
26859 17569
31425 22505
6034 35909
31112 17775
28322 16437
2540 2575
37554 796
23265 9771
36195 1453
9239 23641
39978 37314
24716 38741
24830 19867
29290 17474
24404 36631
6847 25168
25097 30712
12190 33682
32055 13904
22490 4924
7671 38645
36672 24602
6818 3731
26776 22036
10057 9019
37529 32844
36344 4807
15894 7500
24321 9152
1510 21934
2576 7873
38926 3454
29664 799
18885 19898
7937 38799
3593 31340
32430 9946
9647 22070
6111 28218
12814 1784
19753 28984
14211 27985
13302 29950
36381 31615
34497 31320
1860 6061
20095 24043
36378 11434
17672 8795
29675 28497
26335 21608
12082 21354
11838 20548
36529 20776
18349 5656
3972 10417
34465 16615
31541 6574
3181 15962
5968 23151
9127 27439
27724 6656
31482 18827
22202 29573
15402 13953
17316 2472
1292 28756
38711 24584
28502 34567
25985 24235
9605 27191
11228 15814
31891 18069
1250 8932
26857 4351
7529 12097
39249 12221
35457 35662
20914 34493
34353 26085
3403 21361
24438 23339
14809 20346
28125 7474
38473 15312
1488 16929
21540 13793
16182 36532
30805 1990
3305 31356
2942 1700
30438 14056
4790 37872
4421 13825
3344 16484
217 32381
13325 4771
38553 27302
39929 15629
35758 4654
19453 4419
1772 28752
7611 12096
18513 36479
2764 1902
11531 7019
38011 12415
38350 39631
13415 20363
6595 32746
38949 9457
15351 22964
34106 14289
6104 11050
36410 13381
28074 35768
5856 26327
19003 28039
38250 30515
20165 23958
27181 22243
38143 5928
3466 38139
11109 28872
20271 21712
20101 37042
36763 7315
19537 28856
4225 26861
27137 3110
609 20654
26211 8928
26009 8420
11460 9579
29804 35492
26150 13355
1034 12217
7448 30747
19718 330
1706 9808
32758 12521
13684 8283
16206 29559
28758 32275
13886 16745
30969 2413
33111 14606
34754 13299
30963 21875
39568 32240
32304 16327
14252 24847
39746 9073
15907 17698
35876 13948
19635 30703
8717 34381
30790 30127
6987 21032
10349 17345
35478 31747
38161 10548
31777 26102
25772 23606
35218 34839
12793 28264
11185 13996
35005 33504
17871 27015
1698 14694
2980 19362
34216 21269
23099 12471
26817 18202
30140 24034
6133 14457
30997 18910
36623 1791
18392 10902
39231 32404
31797 23707
35117 23767
28477 12201
297 22308
33937 14070
6386 38912
19857 34993
13996 5491
23735 38898
37166 39806
25868 30695
2616 6792
32787 18242
12340 39987
26995 13547
36434 20120
33928 38777
6060 3670
30380 38431
9005 2230
35604 36438
25330 23792
38480 31882
4743 26654
31587 3476
37456 157
3472 11380
16046 25137
6422 17972
20763 5873
9484 19604
4916 37103
9110 2331
29833 6542
13930 15193
4852 12046
36490 7333
11306 26417
20469 9127
34053 19660
3506 17515
13093 13475
15283 34173
7162 17595
25235 4550
13379 4593
29564 14417
3962 26581
6148 13495
3539 7255
34069 19532
5972 1542
39149 2793
29769 9678
7897 39035
33567 29978
22037 31292
3439 29446
3815 3277
26529 38187
32495 3970
15705 35060
12636 15404
8545 9463
19662 16999
4873 34665
24234 37179
29216 31386
8526 21582
20671 19437
14559 31906
5366 33087
36962 34943
39795 19075
13135 17564
36999 23104
5985 4449
3547 28211
10683 37302
22544 20904
14034 39772
37435 36417
32037 5951
34757 10922
26171 26611
14304 7137
6169 9092
12754 1797
14871 6109
17798 16858
35999 11468
1046 13106
250 28318
16028 36820
3047 28059
8533 10086
2880 23346
15027 33156
10084 16540
23647 22390
15826 16430
19735 28310
30826 14002
22615 22354
13895 27207
30415 12974
27424 20656
8567 35974
11022 160
9160 16623
30556 14862
741 22961
9180 2727
27788 9209
36849 26902
19132 24922
20573 3799
7679 27275
13421 3102
20293 483
15580 22795
30646 19863
28553 13646
257 6631
23475 28910
23909 11515
6405 34196
8837 26419
4002 18799
33805 20957
29673 32744
17756 2160
10303 5396
1933 19894
32152 35061
29765 17249
31393 16609
8204 7399
19083 18109
23373 10255
32021 37840
39471 32802
16282 21401
31011 7644
25618 24231
14984 15538
4748 9289
23657 34328
12845 21022
31034 31430
24709 16628
3308 9366
3416 12106
17842 14402
32288 31
14775 16061
13723 27950
37035 3461
15876 16060
9352 2657
34690 7529
34267 15885
3288 31408
10797 27685
29016 31327
17469 19398
29703 9367
6956 39778
793 1256
19227 17869
10100 11804
36514 28450
23587 39383
36440 8494
34708 1840
37331 25542
12132 19115
29315 35184
37980 35337
33556 26778
341 18242
9817 18084
12643 31892
5288 8105
30335 16123
39951 2796
26399 26852
7542 28096
38769 11444
446 22962
11574 33261
20650 14115
27298 38599
38367 37990
34040 1698
4093 8405
7158 31257
3592 38617
11056 26637
26697 27352
2865 1191
32414 29049
26819 8702
39779 35260
20408 12134
37287 10267
37498 16654
14933 8375
34206 21177
28426 1308
8726 17706
28118 21744
1371 15969
9313 39037
28125 22784
15651 11367
18884 30774
35629 24229
2308 28254
22877 3008
7401 18171
11145 4996
30332 24571
13369 28085
24695 19481
17297 13676
37445 27322
37127 37426
3224 24799
22067 14473
36590 38073
12606 19056
5765 21676
26484 24236
35496 8208
32726 1444
6510 6417
1109 13897
36028 11016
31825 36078
21445 19546
17632 36933
32808 38707
3969 18517
34043 27689
38474 24911
9155 34639
34956 15385
8862 7139
16779 35210
37682 13636
19484 11715
25051 12904
33990 28700
17925 24568
30316 30189
11394 6089
16172 29420
10358 29415
18538 27549
32258 29979
23928 3924
36177 8704
11411 31186
39637 16132
20006 10292
36355 27958
1060 11927
33232 3131
3006 32188
15292 23802
35126 16180
13570 12692
13521 18324
32273 37631
16617 16877
26195 3074
9470 18832
32450 16418
36456 34844
5841 29966
11776 33862
4810 7835
7203 26854
38793 22908
17589 20343
15517 32002
18141 32064
2229 26307
13696 13361
30703 19167
27130 17738
35331 28376
5027 1788
16148 20293
30462 28765
23747 35136
5697 34201
26129 19638
38079 14337
20451 21386
30831 33228
29728 31767
39283 33322
9083 36435
118 863
17685 20969
28510 20443
30807 1906
14406 20206
12585 29302
7433 17110
30131 7369
5913 27400
35287 39820
36919 13153
37130 14046
19011 37988
12189 14839
8689 2763
3648 15864
32388 27668
31178 1006
818 33893
22566 36495
18003 28659
39735 20168
7819 17001
1139 25459
30731 34747
4363 23757
22359 23536
17372 32834
28758 29993
17209 19594
21109 31004
20070 2282
20877 5617
4296 3829
21434 15713
37579 1734
25993 13046
1328 7356
37964 16929
37855 19832
29085 16494
30370 22045
11689 28756
8600 19737
22990 3717
38204 7111
28503 35191
6881 20467
37570 29111
15078 22577
30393 14031
5826 26934
33738 17837
16679 8486
31985 8682
1115 12805
8723 31269
9695 23197
2913 9222
28211 6298
31890 8636
23528 32296
9128 2965
30376 151
31846 20822
26672 8268
32551 10321
2822 4185
3663 3772
39671 34263
1908 7827
12030 24850
22221 38485
38731 30230
22106 39684
23862 254
6328 37460
27672 27305
12103 37939
37722 33735
3731 4800
9658 34676
35785 36614
3268 7730
11894 39081
1111 21306
27322 77
25687 23338
4219 31327
1417 13065
19070 38384
15681 13653
5192 37156
3029 10509
21473 16901
8865 9246
26293 19998
27874 16603
16480 33864
27243 28899
2414 34747
3635 28180
23206 11842
32848 3705
7349 32652
16844 31367
28698 32344
14253 24603
33197 12472
1672 18174
22016 14812
26741 30662
25470 19936
21332 28604
26123 1843
26246 31648
32023 20996
7974 18154
13905 36449
12369 24056
6889 29293
29629 12797
3079 21546
16806 23151
22165 23169
12177 15859
6648 4696
9711 17146
27706 6656
38699 3870
9120 947
22021 30297
10693 27662
5238 15632
525 16976
21073 23544
19248 32188
29531 8604
24887 3995
23381 14465
1554 6730
20632 22724
25055 24266
20270 7661
28730 3867
36391 21301
26495 5657
16221 3263
3153 1588
10884 15255
37162 11210
30485 27185
35421 28310
34477 3061
1084 11080
15913 7676
23780 1231
8586 35238
15965 18948
1458 37972
24917 38579
14744 1440
14708 6469
12756 39994
31416 21130
5159 11525
30520 9058
25956 38508
15219 3390
36028 21899
15233 7873
6423 13323
11661 21782
15183 6516
35813 18938
7523 6281
4919 25616
30514 11247
3672 27861
36326 33289
38422 19522
22132 12555
10119 22704
26663 37941
27336 15225
38361 36875
4467 34779
34162 9786
16952 10215
38955 22622
4155 33941
16344 28119
6023 23682
37066 14445
890 39092
19074 12844
26879 17381
30050 38704
35348 9163
39304 38574
7268 34364
25493 6059
33569 25876
23355 13301
348 29282
32610 5688
39333 5870
11405 33930
32537 6686
27926 29477
22713 4121
11791 37333
37770 31862
30612 3541
14464 32826
12845 19540
13931 32200
31994 4360
15344 37231
12765 35835
4711 5665
25555 24450
16258 10793
21488 17487
23813 26901
11444 34733
4341 35975
1520 8861
17038 7040
11229 33570
21770 15424
25371 2306
5078 27260
14112 22268
17929 25326
11796 27592
38943 6032
17971 36343
10473 10972
32654 5993
32812 9580
38718 36453
8392 26267
5540 17143
19753 6485
21831 2933
23226 8349
8861 24761
28543 15966
3454 20036
1678 2290
22271 25193
25393 30917
36782 36564
2393 33928
36094 36453
27580 33909
25502 6651
25610 18517
10297 20939
9509 23130
1491 25509
15198 10747
29477 3289
33167 32744
7457 28493
2891 4309
22521 27554
21998 32656
14289 11618
37311 15856
21283 18293
7033 33880
29238 32608
6922 18193
24797 24605
23619 39773
10242 32957
19978 27510
30939 34361
13504 2715
24872 33318
22277 6807
26426 28681
20917 4479
16770 33752
964 20093
36764 5319
19028 13988
27016 7252
12426 24080
26330 32267
22725 126
4033 12500
17699 15603
27285 1863
2541 29128
20399 8443
14535 17113
6625 4900
25825 22659
2462 20731
16649 36599
28329 7216
3604 39518
13808 30725
1725 25074
33232 9487
32209 25925
10869 5984
27724 25224
14260 28332
14551 27910
29677 20447
18168 21074
15157 29373
15717 11510
20510 7049
33566 6886
15451 39962
21590 27436
21805 33373
9072 678
23210 28534
27286 17744
21101 5133
36022 37724
28274 12497
20773 9929
31399 23760
14181 18010
3194 30137
809 31526
13292 6270
10983 20465
962 21633
27336 12701
28884 13706
4374 1058
2767 23268
1436 26008
30164 9022
36144 6469
33606 28536
20670 29481
22409 27455
26788 1253
38249 17573
14543 27844
13203 17838
35594 30829
38122 5208
14284 3952
11863 3890
17954 2480
38585 16824
5178 8049
29934 39497
7638 32636
12084 12875
30909 19958
17681 29253
7185 37544
28637 24414
12038 1209
9220 2017
28369 8902
22301 714
39877 16211
28884 36169
30844 26773
27974 37471
15568 19110
2584 29447
33742 11096
15080 9152
37665 14861
38569 21733
12368 32597
31288 16768
37845 27760
36377 37037
2545 17096
23558 31305
39303 31450
29050 8473
39046 34522
13349 38000
1967 13440
437 18832
35251 29191
21840 31717
22021 7762
15378 6263
25768 7811
1598 24585
7550 35669
35075 3764
38013 30407
957 17760
18461 1565
20408 11200
29787 32998
6063 20121
19323 6695
7355 36835
18289 6603
36720 8273
11495 6570
33441 29349
3449 37605
11973 26987
17241 16200
13371 10314
38357 21900
4578 14391
9466 28946
38516 35941
31700 4855
15460 22441
21523 15067
134 20059
30360 29860
32213 32860
39000 11937
35260 4525
27288 37795
8820 7301
7002 5392
8773 9382
36325 2121
38152 31260
12069 10403
9323 7576
4932 19402
25079 28884
12424 8631
10928 31149
37552 20441
21626 6140
37365 39977
7661 39702
28432 24061
34593 17420
30354 29299
19957 1807
37612 24998
29458 35632
22693 35216
30241 20836
9129 24738
8793 33925
27184 14545
1058 21284
23034 16648
10410 2085
13864 16478
32640 37
39664 26794
167 17525
34514 20266
36727 8652
13178 23316
16833 31634
8918 34710
21418 2769
19336 9362
19541 20493
10957 30494
6329 29223
24069 32760
23823 13914
34426 10765
18398 24656
36894 35128
10878 8842
37045 21521
20992 30311
9297 21653
9170 19781
13037 18686
24368 16358
19204 19813
21647 3675
11963 38201
33704 29947
21984 32323
37058 6473
33991 38764
4870 38412
31278 5108
29497 12375
31638 23648
17849 24105
24020 29061
19529 18215
27267 19049
36817 37740
1497 35627
7010 16009
31707 23870
22317 8479
17878 5467
30368 9493
32653 27707
35849 749
29067 28510
22696 4308
10116 2170
3763 33521
22559 12153
30965 30669
15630 25094
37798 31872
20359 35767
15951 23243
30680 20126
17541 29030
16974 13238
37098 27191
3872 9123
34186 20628
32647 31935
17959 6855
24304 10527
9808 39585
7077 30763
23356 13822
13164 16777
7027 33676
5762 36810
32158 37160
37696 16962
31342 17746
2882 27527
14389 31233
33281 39284
11966 229
5203 2047
14501 20885
30074 8353
10867 33566
35199 17176
33901 31487
26820 1708
34741 11045
39447 35116
39459 20744
30357 28366
6677 28957
1351 18215
16578 4359
23200 22259
23920 19013
38364 28058
35584 13437
33120 7873
8414 6859
39473 14279
28085 3087
7610 20394
11885 17545
18635 29140
34788 35941
21822 19396
28401 2271
12061 9676
32864 10984
3369 38322
23072 36586
32898 13438
23346 10124
27605 2969
25067 17129
11788 7455
7590 12298
12156 32616
5641 9280
25641 802
10857 14794
4330 21326
34139 14160
22783 31810
924 26378
21645 30436
12222 14477
37896 12838
20447 419
31312 28979
24578 700
10963 32056
6088 6475
26940 32993
24157 15873
37191 11962
24656 19401
20568 24033
25970 29842
836 15656
2081 3060
37220 35950
13619 30870
35830 8699
19656 11658
12490 17355
29211 1617
39291 21880
7032 34468
36322 13016
38084 26986
38235 36225
16035 15681
21658 36707
2687 153
1560 30609
752 5065
14462 27264
28976 11018
32034 1058
12042 21833
1147 13597
8377 3160
12902 39323
10154 7500
37479 39511
4179 35696
19818 37089
14781 24911
26778 20524
399 19776
1849 10798
823 10480
36487 12831
35538 6309
24548 28311
11643 26305
38225 25594
7586 20946
20773 4517
26815 9083
26782 8107
7153 38797
24943 26289
29942 12281
18927 24528
30771 23971
506 17727
3783 6456
18553 32835
30495 17062
748 1872
33137 23207
6187 39013
9615 26636
22936 19584
24932 11708
26625 26680
34761 28410
30819 14488
3592 23623
34168 26218
36128 4155
28183 292
7392 18134
8684 37927
26707 30590
39644 37986
22668 35907
17847 31088
30966 37216
16580 2225
26644 35451
29477 27912
23292 28438
27977 36255
11605 18181
3452 19586
27229 14515
22787 9979
36916 3974
28853 16482
7579 7323
23984 34183
11893 4691
16560 3630
37230 21773
3043 38095
2116 9046
22995 25663
8083 38814
15868 28780
6968 21649
6937 21935
27652 37263
3443 37003
3878 30539
2029 38606
12288 3722
27991 16335
28397 21975
19615 14623
4702 23465
27360 6965
27645 7995
1553 15819
31925 34825
10394 24474
37368 20003
20784 12919
38320 1129
36709 20316
25333 8233
35011 31841
29970 9629
16614 7384
2878 4850
11106 32690
466 39823
5900 3790
36759 27894
10866 5026
22286 11578
34792 724
18753 15836
17248 35975
32452 6536
5158 37135
21494 24382
31367 4034
37773 14629
30270 29143
16315 20537
29026 11919
35482 26881
22464 26695
22558 11191
17495 10245
1798 32052
2729 14053
34783 517
14810 7592
32067 13258
6104 26913
7526 22531
34048 33140
15675 39851
4525 18412
12129 21975
21245 32574
26137 8397
17993 1770
14470 16670
31192 14073
10958 10275
19147 5474
33349 26263
25874 39634
8485 21188
32839 37360
33932 17529
2020 12624
14436 16192
703 28066
10221 1299
10998 19125
9787 11153
37979 28039
27543 10482
31764 6226
27647 6555
6009 28985
23973 26170
10919 37376
15638 33233
15720 270
3772 28847
8346 22775
2744 6273
23397 6279
5130 36854
15756 8461
39357 17839
11356 18422
17324 39791
6407 18331
37632 20451
11818 933
12651 22503
10369 24138
15450 17820
15476 12488
6119 32038
17489 7530
13332 12702
13288 39483
21450 18827
25598 20159
12116 39770
3451 17868
12951 5736
31770 16546
20340 24415
9875 38886
28614 4698
12311 10506
23547 27910
27562 23601
21723 13156
14518 34346
37006 14374
25000 9206
19471 7044
33255 4591
21017 26063
6829 14673
38229 10087
14645 6565
30666 26035
31855 30965
8092 24970
30878 18032
27756 78
5449 18223
1699 36990
27435 8046
22569 30340
4506 6993
39980 9448
2970 23348
8381 7849
1590 37988
21989 5774
25563 24987
20593 19279
3751 39026
35264 3504
20621 6476
18116 36355
20672 29056
9660 15797
17688 6864
10285 31492
23098 39908
32151 20559
6372 38462
35260 29819
33601 10488
23352 35642
25878 32236
39590 21732
4845 24416
36629 36646
35114 10916
9724 16186
15644 11586
35763 19977
39095 3661
1747 32700
20513 21400
12106 11807
26057 24374
845 32441
9398 21354
26037 30284
35522 26504
27500 8285
6801 21555
16987 7386
35481 20227
8552 21794
18736 27735
13925 23526
22396 9397
29013 8158
3262 12706
10126 34701
26801 22710
2128 24529
17181 34809
3763 30323
15164 24064
39258 24805
32222 38790
29686 35129
37374 18802
17008 36191
34333 25248
34440 1036
37757 15563
28773 9142
17393 2845
18221 1856
39868 7742
24945 4115
31681 39982
35178 15916
29750 39907
39515 28892
24324 7856
23493 9576
39031 4589
9219 36772
23727 38913
14083 38842
37655 13831
14304 9852
25438 13758
4459 36676
17848 10668
13490 21997
10386 2742
14303 18120
17120 9832
3792 6403
34843 19707
19237 12353
20576 24129
15717 12630
28571 10735
30077 34860
24674 27273
25670 23565
32428 21109
6524 5677
16525 24380
1110 4354
12354 11873
13573 12129
24860 34346
39877 29324
31197 9414
17500 17914
19956 19973
9442 36634
21104 39752
7938 25292
4283 21027
35428 6633
36799 8010
4253 12555
10150 9470
26119 8522
58 3525
21376 18639
8123 8806
34961 38730
24286 36389
4101 32652
27484 22885
34192 19657
4840 32863
29909 36515
20379 25709
1890 23694
20125 4904
8232 41
36069 11597
21805 32940
39145 10461
5399 13932
8699 24356
15114 24198
22204 23739
16234 2505
8894 17334
7202 30776
16439 12304
14516 32342
8539 28165
20664 19820
35089 24431
19009 16061
28370 22701
37169 24264
9816 15614
36369 38291
35196 850
31628 26733
30500 31623
16015 17216
227 26783
36620 38620
24623 21300
12035 11732
3411 21596
19633 39169
30022 15944
16978 19034
34274 12082
18545 20246
7183 23204
1415 17217
15495 4518
9243 12953
28217 961
5176 37451
24045 12948
31372 24785
22735 12701
1510 30943
14035 2632
10488 31446
29968 35221
17210 20604
21984 1868
13874 32079
35657 26341
19900 3033
3939 27423
14039 2374
30170 12526
20055 14516
35265 12670
17892 34550
4786 5392
18875 17113
37169 12018
2075 38712
9489 19123
25259 38134
20704 391
39146 4639
23222 13508
16631 27353
17000 16047
1694 34398
8141 15502
23895 8576
13953 1476
35345 36662
33234 3969
20949 25021
23102 13237
23885 11472
8687 7896
1458 19336
18231 18614
7570 5797
9212 16854
28982 4716
29241 27254
105 14223
15603 24995
39919 37681
23341 18738
26712 37289
14814 31603
3357 34697
9906 31100
33495 5501
17598 33138
22092 5118
10848 37093
32405 7484
16241 3865
12519 25118
12407 37988
10486 858
33391 19666
34221 38403
14277 9297
31231 5368
14520 24826
34777 23293
37375 7222
11146 14665
11060 30491
35153 18711
1102 31669
10378 33593
4503 24546
33082 34695
38129 35007
21127 22693
1417 11823
2436 8868
14361 2338
2870 4449
739 13412
4829 29470
26928 36726
33523 22601
18266 20816
20528 3713
28477 18314
5647 33227
9064 33169
4892 17119
9681 22786
38517 1211
8137 19479
2672 31629
35791 8475
9905 316
7432 38648
9631 31185
31905 16041
20873 27538
33403 16950
35521 18177
23370 18817
26334 935
27962 1187
28319 29726
32599 21049
29377 1397
26873 37195
19953 19542
23815 33732
6542 23644
25643 28051
4253 8417
2359 19692
436 374
33717 8639
13419 31508
372 30018
37041 27817
35221 3719
1101 22925
5845 37133
6318 14882
14443 1239
14616 35287
3212 39171
10531 36552
4225 12977
31166 4091
13897 30587
17955 3479
13907 26577
33116 9553
853 35878
14626 11434
1588 28766
9053 22706
14431 6112
34434 2463
24608 29882
11521 18100
21363 22447
28119 32902
22228 33049
487 25336
3100 6143
1369 33291
24625 20794
33104 21802
9384 33250
7419 19440
35127 2272
11356 3731
36886 9464
23333 36939
39439 39037
23141 18954
28917 28939
12381 12217
14192 16913
13185 858
2611 4348
1709 32213
24290 34690
31330 25529
30367 13464
7742 3317
25041 31605
3901 13997
7338 3781
23975 24340
37491 35164
14323 1786
9619 5360
39961 15045
31117 19267
15874 20148
10471 39172
4532 7777
22223 25606
30551 16170
20048 3724
16491 21204
5649 30184
494 4055
11182 5920
29934 32357
27041 9562
22664 37025
21174 29894
9801 24576
25146 595
28632 26940
15336 21772
2341 4853
19689 25254
21569 9176
39911 11394
22593 24808
24876 14015
31982 34001
6081 21709
10462 24482
39962 26862
32857 30386
33119 39312
11603 14283
6954 25631
35602 36084
29681 8638
24518 37199
26349 26576
1246 32234
31050 29560
14794 26813
11019 56
12870 12936
10093 6282
27572 22181
21278 29123
3879 33587
30841 27510
5657 11587
20810 33186
31793 13329
10914 5206
29067 20557
33543 19384
19022 20762
17002 32346
23232 27184
32664 22190
13118 3014
13210 10898
32042 12728
24863 2942
12065 6267
34841 35079
16009 8542
30133 12996
16899 11113
3754 30084
34169 24488
30150 5326
39618 5635
8544 23735
8406 8711
30553 3392
12767 7550
14206 17596
24371 36115
35926 2645
6000 9397
16816 5357
14109 5835
31896 29451
17854 37762
5259 28086
7984 22974
38352 24338
30731 20513
25156 24221
17804 10439
39110 1592
12688 9982
825 11576
28597 38987
12687 12494
20299 22020
9346 18895
5753 19380
9717 558
24814 22376
10027 26211
32204 26583
15169 17100
35824 22514
33977 19700
30827 36500
34479 13782
8378 27797
23644 17856
20091 7701
38883 25802
20663 30331
28404 31585
11752 17381
24329 11313
9629 7220
10990 38468
36463 13843
6058 35238
39129 15808
11148 29943
35948 31176
17357 1065
32627 38941
34196 6078
15854 1008
25407 14295
6177 30245
39626 8746
26834 19918
10622 21606
8634 33965
1237 11334
28271 9141
11426 34875
15309 25440
22666 28114
6534 20176
37739 35795
22994 34115
39358 19126
8427 18570
30082 11557
39580 28511
11784 30233
9906 27679
2114 26277
32344 36396
30896 333
20720 1945
19685 38792
22890 18094
10641 26624
29298 27548
34699 21178
35740 11853
11505 22685
22153 10772
29509 38735
17354 21647
9874 23780
7051 18849
16781 5131
25629 39800
36312 10769
4248 270
25711 24851
21464 35539
38204 12014
13985 26676
38432 31657
27695 33525
38936 26592
38634 28712
8624 30181
34787 38826
30929 5655
39153 16884
30794 16504
27518 35434
26393 2157
17096 25058
4625 24669
13527 39874
39537 1336
33630 28531
18175 21372
20742 38513
2008 7310
23572 14707
23286 3080
17913 21518
3311 38848
8215 32255
13611 8299
1260 12450
24645 24975
3411 35072
32449 31282
4847 2809
6678 1753
26045 14261
8258 30588
32748 15430
10102 5519
38622 5790
5935 31027
28104 19358
28864 1584
30343 37033
3795 17507
14329 20078
37223 25330
2050 33833
20669 9226
24263 25757
25812 13135
14141 18961
17119 3918
34285 26289
11407 36787
8946 35589
3424 27429
5416 24202
3371 23062
28084 8897
8623 6696
38024 12587
33744 33896
32491 23153
30847 7007
33506 14358
14365 25152
10140 15755
35577 23204
37622 27873
39334 11466
8839 14098
38822 39936
31054 23806
35756 9105
53 1396
21446 22995
2274 35228
21197 22424
7342 36448
37407 23866
31861 20100
6035 16171
17212 423
30869 24947
34147 124
11070 4540
37790 31999
25142 1078
10920 21194
31823 5897
11749 30993
39391 34810
27885 1930
31178 4338
39799 4785
7838 1358
14819 21439
27746 2941
15885 3302
27222 35271
34673 13344
17562 24846
31056 20993
33917 33865
33334 34481
36770 10494
28601 12491
29413 20430
29318 18425
29244 31844
19956 14903
8316 14208
22293 21368
4190 28717
24073 27013
13329 2487
37517 209
19681 28296
27433 27297
27656 81
13363 33779
39024 37992
37634 39074
6277 1764
3669 7608
26245 5750
30267 8794
23629 25749
3310 4205
15398 24461
38261 270
35110 13010
33001 34096
6915 24603
7049 10266
19726 5979
29858 14615
32149 3154
4824 11364
19280 17644
15773 22278
4043 30681
28927 26654
4138 34432
4208 39353
32265 33404
33069 18315
14105 1991
20947 3145
24914 23377
14980 16264
10631 39197
3220 6874
18138 33815
14585 13869
39724 28240
12624 1175
11478 610
35163 10636
28569 8581
34437 24973
14877 28213
20437 21775
31554 20895
28431 10337
195 19057
27786 30482
23131 15556
22164 30830
15867 29887
22242 36785
27344 4827
23082 493
39768 8851
3336 31524
15298 10762
829 12898
9429 39330
30065 39242
12399 35050
31988 38420
23558 1799
1911 37127
5753 2555
9006 29602
18638 5789
24122 2653
21262 31515
2130 5869
18560 22482
1812 11466
39991 411
6981 35148
30195 29552
37576 901
19826 39991
5729 22845
12742 8101
9022 9391
16088 34097
7385 26207
24130 25464
30130 20432
9317 35951
29343 30789
3303 34756
12883 4361
23998 5094
34647 10411
24010 10512
14874 29579
12208 35299
2253 18585
27161 13594
35651 24944
31774 20604
28035 6157
37178 2022
35940 15345
31626 39660
8576 18171
27184 22950
7340 38877
4095 4663
36353 37426
15638 18362
39978 3063
28847 8148
6703 39697
15872 21191
19228 12370
6581 24523
34 26910
32601 8061
32409 8364
33980 2705
1607 8382
4079 29421
20558 19066
18620 30063
17471 32369
23396 14357
31464 13158
18897 26140
27800 35149
39158 24984
10172 5638
33926 33525
39922 35470
9901 22417
7807 4072
16157 25080
39175 35646
24441 1688
35435 24361
33312 6098
6228 16156
18921 18989
25184 9264
31913 21281
34696 21363
8429 1057
6512 5866
12258 30973
12257 35418
18388 20014
14169 23534
29829 8569
5888 16311
29095 13997
1123 9454
38429 18062
19918 4383
39870 8566
37706 2863
1336 24627
38091 479
6671 18593
30482 9843
13484 32380
20856 13799
19495 960
35045 17384
16983 39283
8394 27059
8689 39334
20569 1585
25432 39411
136 4735
31096 14271
26290 2589
31851 3275
20865 1886
36835 20229
14652 13499
18458 17339
37616 35324
28645 14002
34230 16330
3011 11610
25887 8951
20483 36786
28981 12093
32894 36928
4586 29142
19009 13122
23022 2541
21116 4264
22988 6613
22311 34807
13739 20378
22519 13797
36960 18312
36560 29778
23008 36514
18962 5517
33476 37651
28916 26510
16492 1542
33545 1858
4123 23711
23567 5710
36314 2287
26941 8231
15628 6133
15496 16219
38123 34344
28583 4441
12816 12238
26954 38500
29274 18804
11296 3314
27212 33437
25103 12289
15150 39527
6781 2824
11933 20899
19933 31079
30865 25112
24082 7540
22541 32909
18284 5075
15516 4433
8039 34952
4932 19893
17475 37674
18596 39251
33861 5835
29937 3002
10381 7400
18181 36146
21236 23956
715 22623
18408 26471
20135 19881
6632 33061
6797 5162
37750 20133
25507 25979
17272 23197
6329 13896
31535 3490
32381 13899
36444 8522
6021 10958
22174 31122
31828 12641
7352 27680
17659 17298
38071 26908
21250 18360
1627 29868
14874 39038
12725 18294
15471 31839
8554 32797
24715 5708
18096 1193
18278 22653
5236 27937
13669 29960
17625 16173
28405 38483
36163 38591
10822 12846
20543 6550
11867 22954
29717 33533
982 13668
31782 28169
3065 13940
34368 34342
13951 26476
25279 5053
17786 36000
1077 11137
4428 23944
4218 21899
39988 39817
24091 16753
14421 11646
32319 35900
35407 34544
36612 9194
31915 37351
12831 10659
30119 635
26041 32516
29354 21906
22697 10505
33021 31665
37352 4410
31710 24097
25941 38221
27413 17577
18280 16178
23696 21633
12142 3431
21399 7924
38522 13254
1761 2206
21607 8865
18724 5207
6594 28596
19972 37332
34403 5101
4576 4487
13791 10355
14148 19210
18798 25690
14969 19635
2444 38615
25447 22860
8287 34015
27346 29964
13736 34502
28342 18238
26323 31441
8902 713
30324 4934
12172 25350
6437 14045
3715 29684
13228 23462
17299 1676
7743 36203
7370 11176
2607 6445
1892 867
35641 33886
3968 29718
35384 28369
9255 17245
2334 20362
17274 31821
33611 30157
37264 19307
4995 3718
19118 3774
20782 7606
2224 17236
5441 4456
19719 13621
385 9591
25313 4793
31417 10636
4029 18498
2143 5604
10870 9273
13839 32490
544 39047
19542 8185
1834 23440
18363 23040
2166 29540
4600 3891
37089 13581
16996 15327
5896 36585
2061 14787
7877 11032
1892 17170
7569 12379
31451 9097
14555 13612
13555 35192
3488 14123
5525 34369
24655 35858
4149 37104
8893 31951
39104 25447
37821 29607
26863 29758
19158 9509
31475 2750
21299 6209
19690 8211
5264 26051
13598 5193
37286 22695
14780 732
13644 2365
10729 34181
15220 27114
17622 39878
2086 23919
23814 21827
6761 35290
35543 23351
11038 15062
21366 10325
18441 7604
32082 14404
24445 25062
25286 29101
15378 20236
16183 5466
33129 10368
141 5682
20782 39232
33504 2788
24173 24368
25004 8082
18629 26386
15414 29576
2677 36676
19457 8505
12480 26049
6916 17258
32491 3637
19158 36694
5350 15946
18532 25017
21246 3814
12240 20248
28108 28924
21575 7690
24204 31519
8962 24979
8375 2447
15038 32878
35542 5658
8181 15969
15446 24222
39741 7722
2740 15362
18631 29129
5930 6729
33185 29117
28395 14175
5040 4620
24260 32786
32142 39960
27176 12728
4424 22741
26524 8908
6441 6864
13935 13387
18783 20591
8921 31159
16347 3754
19204 28533
2917 32194
20864 31860
26318 17263
28658 12943
13407 5248
30174 37348
30139 25089
5506 13457
21130 14282
30533 39603
31666 36425
27309 25549
23688 34738
14259 5247
28250 18121
30950 20002
18096 18163
32695 21364
21652 10881
27869 6822
26814 9350
35726 8457
35260 974
23584 14692
9955 13329
26098 19872
33339 37731
39970 2580
2842 18081
30251 5798
14399 23442
18085 791
24777 16853
36663 34590
15535 8135
6090 38951
2305 27844
34306 8039
26933 21616
38516 4028
16092 6508
12727 32639
39206 3451
1531 23707
9712 19497
32774 39733
16492 896
10812 11647
8257 26046
29501 15459
12258 34348
22409 8111
11045 10074
7840 1944
16177 14011
29048 10397
21321 38993
20233 18508
18778 31194
28893 12299
6420 1054
11955 39792
3926 31184
3820 16419
14294 32652
12633 2012
12583 75
34649 26235
5778 2580
4714 10685
30754 10726
16970 9978
21244 10128
4709 38828
21887 13520
8370 30332
36083 38729
30757 29142
33995 5024
22997 11266
34449 18043
34664 8680
23053 15383
15087 4222
24679 14626
38811 17228
19503 17518
1096 8870
11712 8140
4773 26116
16512 9031
10459 16777
324 12685
11913 26581
14413 15114
39276 335
38531 38453
859 20909
37225 31885
6865 6347
5404 19334
22366 30822
22840 26888
17791 14746
28179 15875
33100 20277
36736 8785
23858 36586
1949 14612
28474 15152
16921 21455
13299 17013
17340 6602
24397 5445
31577 16279
8161 32181
37154 17717
1951 9125
863 32892
24815 12306
14592 19503
4861 6362
23053 1472
18520 24867
30824 10164
13317 29312
34041 28022
6696 19398
18910 23188
11242 5459
19490 34721
25990 19799
21228 15926
17253 30907
34342 2230
16733 21160
12841 14127
2586 15225
20798 38480
34283 7192
25250 1475
21398 375
26424 32137
32559 34422
5610 9496
14977 28277
2499 16555
7820 489
38354 38817
31379 23695
9550 23647
24645 21307
9508 14534
6415 7361
2158 1750
13265 4455
23091 7360
30785 36888
11086 27380
27613 35710
35653 19891
3309 25901
37650 1310
12499 29398
37116 30588
29671 13749
32937 10562
39902 37197
31523 11181
9943 32953
31447 29550
492 39721
24224 18569
28954 5906
23557 11414
24486 11744
29380 22145
17038 4635
38592 32597
15789 188
12301 30061
27898 9660
15172 19251
250 4091
1853 16124
13610 23541
7976 31701
18734 14779
8351 17775
32423 16601
25095 27337
28520 34625
25489 18612
13419 29899
29069 18459
34751 15557
31122 11735
24970 27172
16430 38198
1604 10552
6621 15644
17356 4356
27782 38122
18072 31690
544 39389
23353 6298
20156 30977
32745 37730
7961 19204
28822 23599
28558 37872
21047 16135
30833 27486
11084 8320
7110 9782
6068 10271
17593 28375
34270 2832
164 10090
37965 19239
9010 20388
12163 4836
4020 37414
32045 34764
24883 844
2053 27500
33242 2670
29015 24351
1217 19240
34025 5230
12548 20726
16568 13670
1585 36862
27210 10788
13023 4817
27820 4829
23323 28055
20789 507
23744 10228
34517 33494
7907 17160
17914 20212
4651 33181
39094 31486
7374 30581
24224 21067
36956 3609
38034 536
26982 38686
17424 23042
19337 23547
6843 14625
2883 36177
2174 7474
1981 28400
15996 28243
13558 11748
20521 25539
39613 6438
21412 16155
30591 34254
8730 23326
31150 33435
7023 18438
4798 324
25404 28382
22721 36703
28255 31791
10094 22836
7887 22290
25566 3442
18218 30529
27203 22494
28505 17392
37148 21488
28274 28317
36653 28209
33895 21211
4582 26148
38779 31094
20326 37000
6688 13202
25181 19551
21709 12668
33438 9796
12702 39441
13145 13898
8689 35646
23017 1639
39796 33396
23625 5509
11388 28817
18456 22165
22280 4781
10873 9183
16818 9058
5545 5814
6552 1393
18596 4325
36458 9221
3108 26505
34270 32544
38064 30215
11859 21425
34113 18542
22551 14016
31347 3043
2283 26662
10791 28913
19550 38551
5951 7110
6291 4577
2989 13767
8961 23353
26025 38222
29834 26678
16396 16855
41 27044
21285 34221
10676 744
13905 6873
16030 25075
15013 13274
17333 39531
3069 23088
23723 17004
23222 6930
39101 21372
25436 14418
37250 15282
21725 16969
2420 19490
31561 20689
17982 14985
28849 38951
15554 584
3366 10506
13419 18107
11430 6217
9739 22652
29011 18201
23720 22923
27417 16708
9347 6049
9044 8092
20311 34512
19931 22442
20805 15364
19407 8362
38577 13156
9111 9201
35800 3446
15331 31343
3493 13138
17412 34361
6119 22216
12182 1159
35270 5632
23967 20252
27864 25844
23480 23316
18334 32758
10167 5178
16234 35242
20002 9035
5319 6815
28691 4494
481 39333
16280 1375
15394 25283
11320 3531
23067 25463
35211 31868
23219 14968
25654 37176
34646 14561
22856 19226
15124 2914
25069 10003
29640 39811
22615 20983
36871 22536
22861 39986
2694 2537
36821 14204
32838 6901
24465 20726
31745 15325
29779 32281
1912 10025
27616 7896
18038 31672
18600 20013
17427 2015
18284 3247
8944 39719
21763 35041
30827 4757
39310 27709
26143 23031
2451 33359
18873 37586
25467 19258
19215 36633
34868 11573
22968 18365
7411 28715
31365 35601
15156 15789
26921 16191
18262 35652
29172 9143
3610 35747
8452 18900
13482 57
6022 10412
6304 20278
26650 8562
21111 24453
6997 5269
7569 2105
4592 25710
22051 8992
2287 23240
9567 39496
14708 13723
3531 15594
4892 3450
38181 22638
7963 19836
30041 34384
24652 15325
9864 31387
32578 2366
2817 850
14198 5077
34684 24807
22557 23799
34057 30080
14941 27104
35051 8624
19840 18611
34080 1384
7296 17457
16988 1909
36944 21559
7246 29144
28711 32627
4373 13479
24858 9515
30529 19797
38059 8504
38220 26548
10637 30473
913 39830
31004 14474
32363 8258
28072 20978
4369 23109
11588 10985
15875 17738
36126 18971
22055 1570
6641 31565
38322 5966
39398 10659
10838 12480
26673 23322
18508 8122
12650 10324
37419 13829
27968 7430
35732 11009
28153 26673
12786 2468
736 28981
20679 24771
11839 17333
16640 21206
8423 18387
39084 14276
30910 28646
18954 14200
35479 21755
38125 33658
25305 24286
2057 38212
37045 6673
8184 10135
12735 15117
2475 15541
9389 19861
36079 11440
27569 5390
6160 24400
21761 12381
16360 15743
37491 14521
25666 39568
1971 35879
24347 33168
16048 20229
25732 23184
21618 6756
11752 25121
9902 30938
27243 22639
33315 35450
36761 19416
32868 32652
11103 14876
10053 3857
11109 6968
20144 8673
27815 32340
25104 5724
28623 11098
8867 18699
25648 33837
36566 25622
36807 28906
36555 4768
12500 29587
35561 34545
30938 23987
12239 4618
21736 258
10593 25237
7050 19129
1820 7299
36993 24356
6294 15249
875 36788
5479 38491
5840 17120
33491 27488
23247 19539
22164 14407
38265 13388
30451 13559
34125 55
35759 8290
1591 21133
7734 34057
15294 19504
33714 17916
9986 2047
17097 38348
37905 29501
18625 9016
29430 1163
37149 15858
17246 25090
2500 2487
39518 39251
20789 25440
35244 36881
742 9499
8906 33837
39745 36602
35652 10598
88 6069
13556 28627
30296 9051
10967 31702
38769 21705
15433 798
9242 33217
12217 9023
17671 36450
24274 25081
10423 28075
16499 33325
35645 33510
30321 7492
33894 8912
11936 11585
11951 26324
11358 34960
15604 29754
25167 8603
35195 2349
938 25308
18950 20537
39177 37906
11160 13282
28486 20389
6334 15313
5129 7691
14019 32294
30553 23305
36585 22118
1394 18968
16579 10102
1486 24306
25569 11468
7349 5159
20281 16200
26423 10851
39659 30244
29487 16530
13182 38869
20014 1027
27594 21890
5187 2265
31481 21186
25334 22099
22564 8623
38725 30983
38486 20432
27679 2830
23067 19629
569 25326
28622 19364
16116 36803
24976 21438
22285 29261
35321 38338
22983 18501
32902 206
21262 34101
38202 36787
8299 10873
9032 31887
7897 5240
8775 33715
11138 14040
6739 13293
36129 31415
12868 12003
28934 36003
11293 19100
5262 35660
12350 29988
22923 20043
19950 22493
935 18618
1165 33751
37104 35233
28635 19435
28668 34271
7382 34012
38277 11895
22347 14088
34316 3566
8576 34830
10524 12071
7201 15556
36443 34889
28950 7165
1612 34223
26750 25633
7963 14915
11371 24895
1665 15288
25191 32647
707 20588
17536 10574
21911 29914
15478 19412
6843 20000
1645 7843
18448 37570
251 4720
6567 16553
5558 2547
23738 9915
23251 1601
29935 21833
14827 4353
10709 8205
12177 39499
38339 3356
34715 15772
24001 36889
22477 35337
36221 38057
14316 10065
11767 12656
16240 26656
27607 16822
6869 33855
3891 30816
8676 34572
11230 6429
3440 20556
11148 39609
20267 10449
5191 39981
5344 91
7694 29960
32091 37506
9220 32555
5972 29872
35405 23533
8710 35833
585 26157
10454 18586
33303 18534
6579 38204
34996 21486
25641 29408
3750 18768
24298 12721
27747 33575
26229 15788
37094 29896
23180 260
35900 7760
19113 691
14826 28889
19000 35779
15401 30999
23476 18947
21236 11879
21055 9942
24059 35150
23443 5357
25481 31674
17098 21431
33448 8024
19617 13183
31056 6368
22828 2018
2822 35449
20849 16367
39323 39467
27693 36371
10557 28588
10904 6113
12355 11958
5042 38076
1340 4611
6068 36558
22634 4241
22495 6670
28796 5607
15278 23742
13383 6290
10648 4400
17931 32371
23886 39919
6637 29307
21190 32404
16513 22667
3922 13894
11456 26504
19507 9593
1501 10043
23885 35342
30222 38688
19732 6469
374 20469
5971 8185
26662 25621
14348 7873
7956 33738
11072 16703
19255 21488
27273 17139
26028 1457
31079 32766
32170 29464
16030 31664
16948 22105
28964 17239
20431 24118
25744 7219
13593 25420
18162 30128
9182 7723
20695 26551
16865 17438
4914 4037
3747 15022
2620 6717
5156 24220
8879 7863
14475 33891
17471 27399
35768 17951
2487 27512
10077 6634
1835 19978
35690 32820
9642 28644
1693 13633
22866 14126
37872 30387
6947 33532
36894 1912
38163 16276
4282 1704
27662 7089
9514 1402
29780 15502
36401 35334
3675 14699
35054 38144
22344 7587
15074 10383
16108 33424
34140 5518
24362 4652
36778 4027
39278 24380
26009 39183
37732 21147
25003 23889
7732 30446
13619 17982
33430 20572
25495 5264
4898 3960
19077 14704
33465 8482
2781 26887
1590 30874
7766 11326
36820 3912
26299 25951
29898 38750
21437 34961
25925 34029
31939 26788
12690 30573
34083 6305
28189 10353
19011 7897
19714 20147
192 20107
26813 26627
18271 13757
31823 24124
8345 32681
17372 25206
39167 36007
12803 25962
23987 3769
4243 19726
20742 39985
38360 27731
27922 22627
36591 32570
15120 6955
3219 13408
29494 36918
29483 12929
27326 16604
27674 22445
6360 20397
412 11123
27823 18489
3443 35240
17478 36292
34579 31198
25337 35047
38814 24667
37023 24426
18661 21751
34164 19924
38162 36870
10637 21729
22434 34890
24198 5097
14854 22430
27628 15738
4308 27736
14777 37828
10985 29163
19971 38158
11887 34151
31995 7408
4132 18747
20719 3937
2598 32657
33488 9126
23677 8363
34185 15349
22961 39076
11901 31225
27397 25199
13629 31909
21750 15217
32432 36397
17600 34664
14685 15660
29125 1573
27742 27761
30127 19997
7622 2049
37489 6751
30689 22316
28727 11653
35599 36592
35682 25023
18366 15186
32870 39919
16056 19682
38464 28146
366 34359
36421 37534
22752 203
9750 27958
36136 26811
7769 29067
23005 36343
2449 23227
5277 6678
2593 19827
34048 3110
38957 17403
15971 23015
29707 30708
20522 4945
36829 39142
30485 39459
35870 31647
24976 988
17665 26986
9842 10576
7677 9416
5392 26215
5331 13947
11262 20754
4634 31053
23307 16321
10761 25900
3744 37955
24577 35826
6513 34963
23472 29890
38150 36072
36214 31880
29603 35065
18036 39365
31958 30749
31499 2644
2786 12159
28229 1571
27471 20492
36989 14847
19526 27948
39405 32991
5930 1563
1056 27224
17185 6989
21408 16071
25698 12184
123 36024
17757 5912
10342 21931
12922 7084
7846 38970
26642 5360
14085 1048
22151 21414
22050 25586
39668 13310
786 36164
37628 31625
3101 1307
1953 13479
9583 29356
13697 15034
29883 34131
15498 1020
39868 10899
14664 3653
8565 23499
31546 26121
12974 15477
29279 15439
7922 7995
10188 17212
38431 31969
28866 7236
11331 6129
21514 36297
35472 20180
5156 39227
6530 5342
19066 33495
31358 7434
21712 34247
27857 37776
17066 16336
5993 36914
31053 28326
21558 3460
33993 19250
34242 38680
11931 35955
3957 12050
24094 16780
13384 30889
26390 37572
32361 5878
9492 23740
938 5466
12979 28055
12457 2816
36531 2940
21 35780
18894 9398
7372 38961
26484 25243
34462 13556
39163 8823
35349 28402
30318 24942
6170 5161
2759 19790
20714 26388
1235 37463
9091 32687
9635 30247
20907 34077
24486 9855
30522 4704
5097 35846
19978 13650
19082 17209
34724 2046
33430 8508
2957 12610
30902 9166
20347 15012
9102 6779
35381 20118
24396 15965
31480 38385
9956 9876
31231 29835
37419 35630
34330 32087
18303 11791
34801 4382
24543 19640
26008 28546
5323 24168
29934 34410
23435 16508
33334 38672
24046 22522
28729 16571
20761 31317
29298 2088
1459 4434
38919 1077
5728 26245
23558 25591
17957 6938
30174 29977
6076 13318
27180 17857
22255 18466
31329 36531
33881 8879
29748 19884
1682 21331
36732 10455
11312 746
26577 15594
17839 20618
35116 21007
39058 15443
870 35642
364 14012
22617 7237
15636 16110
12495 1954
21352 30745
10714 25138
11645 7381
1521 10490
29378 7112
27009 28022
7030 34298
5484 34583
20857 3284
29817 5856
32173 23821
20506 7863
15591 33974
27586 14411
6661 24757
14705 28114
19003 33821
25545 25496
4730 1203
24380 4097
20670 31702
19722 18199
22947 39240
11981 29512
9495 15005
10962 7674
33881 29397
37368 39219
15982 20434
13262 1239
26804 29206
8 30896
1496 382
38485 28297
20160 32026
10688 38155
11564 32778
32690 8295
34618 27885
14532 19862
22302 33723
16194 31416
6734 34555
34010 8017
27721 32519
39733 7935
4501 37439
4124 16246
39288 13679
29659 14814
2708 29049
26748 12369
23109 4373
5228 9716
22562 33968
27888 1811
37533 21667
24119 10770
13817 6604
16298 19672
31413 24577
20929 13638
29649 12323
24033 1603
30897 20338
2617 13460
14453 18048
26117 26656
2597 518
26989 815
932 5566
35630 11749
7435 38528
26319 34212
7173 36850
35475 17751
28269 38232
27240 36595
24478 517
36663 8440
14889 36910
5657 12415
6783 39337
13745 28740
36639 31883
27452 2224
23747 26494
26614 23601
4958 37651
19143 1809
14914 12301
17904 7995
6544 21961
39694 8484
9088 4379
21532 2310
6873 37546
20657 135
28752 11123
18717 15354
21687 19418
2188 26952
9621 12107
2918 23213
31730 2359
10838 34061
35246 32554
16322 8689
30953 14326
37334 4192
12527 29406
7396 27983
10974 35210
18591 2753
17028 19275
17231 5677
27160 8203
19232 14485
12516 27824
28305 8462
23382 37193
11666 10075
29827 5506
8646 26575
25184 7314
24807 9577
3246 23854
30852 18588
32234 6528
6251 34520
20574 540
29082 17417
18846 26222
13693 1341
31090 17082
34807 39798
19735 25889
7935 25380
32728 7998
38369 27599
1479 32145
25313 25871
8186 1761
31033 27407
28157 12145
20518 22324
4316 6440
13794 3108
7493 15445
229 2941
226 33810
18768 11927
2548 1405
33077 30346
38833 38413
1695 12165
10965 31950
2062 20637
24873 6262
26809 25776
38937 17396
24980 14391
31029 5331
2272 33488
10045 6590
15365 5040
36027 12779
21303 31634
5690 8539
19448 18896
21182 12054
24162 13493
8314 5171
5636 24526
16613 12604
26838 11352
19009 2071
5268 12960
23554 6534
31888 25793
19717 1742
21562 35978
33279 6178
23522 9134
19148 30970
17115 16040
30754 805
39040 28746
7414 5040
17769 25971
10292 4477
20596 28841
17173 32783
27788 16787
38789 22333
8041 69
17441 7008
28417 38757
23382 19199
33761 20236
1553 30243
29870 10780
25866 38296
9416 34631
5942 36435
16024 24939
20421 315
21023 35244
16424 15144
5566 8268
2309 1430
26017 12289
24394 16597
19727 3160
16309 24673
15726 26541
12070 12357
24004 11591
9042 23210
29050 11026
7959 6073
13713 11077
12450 32721
32082 10619
7563 10228
1759 33735
21266 5549
33013 34538
16902 7779
7170 36358
23213 22865
7043 28582
23828 31740
12005 36725
23641 7064
31630 9401
3052 1489
28219 16210
36999 37590
12984 24081
8275 6061
9585 7864
19952 37714
3872 13936
19291 2388
29054 18790
4256 14286
39097 9996
19797 3459
3333 23343
26339 37757
20754 33979
32866 30688
37262 35083
31680 793
2349 33883
20350 5541
3036 17126
33563 14220
5502 22997
2096 2052
9156 37691
28173 32852
34430 22740
24323 7503
8723 24730
30329 13778
16441 38269
7475 28492
20837 36428
26036 16924
5764 31751
19720 36475
29122 39066
17034 13410
2989 1485
24935 20438
24974 6078
25973 1231
38066 5911
19812 11531
14072 24890
30399 25172
26543 32329
12333 11393
10325 7594
8121 5296
20060 102
15276 9002
37230 2363
33321 15070
19490 11733
4980 33220
28919 3855
18578 8866
18019 27448
13614 32752
37390 14810
31258 13609
21757 19670
15947 5522
952 4787
35423 2603
10126 28829
39830 28933
11152 39238
27966 38588
18696 4704
8779 7551
24354 3758
13700 8825
17482 32634
35515 24506
8850 39462
16605 26438
7189 1902
6652 31759
32601 26004
19645 15011
21705 33521
23212 29059
32338 8106
8021 16830
36409 8357
26956 16051
11680 566
35611 4746
16988 36126
18823 19246
38769 39881
12111 24117
26430 33216
19537 16104
30410 36287
15181 34484
10824 14505
16244 15447
9837 21670
33576 37034
2838 14947
2374 25837
24574 17140
14468 18009
17814 36036
24321 15095
9702 30526
36960 36395
28162 36796
23214 29558
32659 31042
24656 5388
1123 38071
22063 1894
906 33382
10698 10954
1989 7466
6752 20835
11149 26827
39855 46
35304 14692
31450 3922
346 38792
3336 6305
19921 7342
11016 4788
340 13552
33888 16369
4061 22227
28765 37519
12706 27904
25965 25912
12637 39225
7585 33992
32740 8542
21947 17991
11476 18536
38687 519
25251 6906
2705 30414
13155 18332
12432 18040
14791 24221
4612 9811
622 27700
24581 8872
38475 38167
4440 23270
18095 13355
28239 6072
30421 21803
15700 8983
29292 567
27029 15421
38070 39525
24903 27340
3473 3234
35985 26755
16061 5881
3443 8435
33264 35439
37417 21769
25439 26260
26367 9283
30782 476
15487 21235
6037 26429
23485 1033
2675 32871
12997 22678
36095 33940
698 39952
34182 39698
7283 10892
31132 16233
15764 51
23680 18790
39165 12324
26496 38089
38894 13004
1151 27400
2984 20403
3959 900
4182 32789
831 3966
25908 21872
4021 1126
32683 39606
8883 11466
15033 15215
19745 15242
34749 38599
24238 32395
35015 31253
8750 12525
22623 15944
10906 20990
28488 29580
38893 3676
20799 9322
7528 21259
21317 39879
11533 4345
8179 7328
10636 8169
14979 36328
35774 3927
2475 12336
30356 10729
27413 37511
35587 6820
34872 36807
22474 23989
13127 9812
14510 10314
8722 24171
4231 15444
39603 23849
22649 27500
10804 33922
18825 20316
28264 20004
1 8679
35965 4365
14184 21209
20084 34726
20849 32631
2836 4789
1721 7032
13174 6493
6520 37117
2354 11170
12538 36607
3022 11235
2713 4935
31685 15340
5159 2139
6622 35022
24589 4338
39401 24265
19553 21704
5556 13987
35042 24715
11205 22487
3596 11462
36150 21595
10602 12523
1672 5090
11187 10050
8306 27901
17730 20769
13791 37003
7276 8169
18281 24225
26324 8535
32885 24310
39695 31170
34638 23636
19631 22365
1445 14552
37627 416
561 24178
17415 3730
24136 25151
13578 29072
4378 3792
2834 16903
20802 30975
38024 3868
11833 34798
23953 14033
10895 21912
27068 34419
11228 14440
29534 22815
15344 31839
16061 15327
27319 1588
11895 8472
9736 12245
11499 2157
6610 19988
9254 5420
19943 20824
38391 1731
25590 18186
30600 23457
30636 28743
33409 16945
33507 15411
12137 3829
16719 25505
37238 14483
7313 8982
31776 35564
19569 33830
31914 33218
27232 25282
8934 27769
17100 27625
6023 34187
35525 29987
32790 12039
5972 28462
10587 35438
14921 21737
36581 8090
37075 18691
2137 11916
39233 1084
25026 36264
6149 31301
6314 31909
37077 1061
20736 19946
5843 19699
2534 6969
6256 409
22180 11914
10323 10442
28711 17164
24003 38337
15435 22724
33508 13474
29832 23825
33224 12001
5611 2197
31012 13836
4102 9884
19318 26238
29934 26761
17542 3207
29349 20475
15779 6683
16874 26425
34735 27401
38356 4427
24482 2220
18490 23516
17077 23747
32883 33698
37468 26518
35839 33232
28787 8863
11085 26757
9676 2829
36705 28215
25855 15107
37798 807
24891 26171
21434 7960
9962 11207
28196 25446
30937 32347
11840 34958
31400 39972
8172 15152
37762 33519
30880 26901
8723 4121
24040 14989
10507 6379
13525 31702
17558 32846
37475 29406
4380 17766
39566 6264
33883 17877
12813 12336
4360 30337
1372 34465
16041 34283
2820 25995
14056 1855
26316 7011
3266 1952
18187 34143
26022 32346
31212 21708
27024 20503
31231 37156
17261 8564
8112 14579
2229 13566
17815 29544
37597 13085
38283 19003
16302 202
1225 32551
36303 189
13716 25501
13710 9901
30624 19081
35012 29487
8653 28789
13930 10193
37424 788
32870 18861
8804 4194
33770 13934
26565 233
31620 6883
31886 3741
17359 22902
12017 19517
21028 7210
29394 12505
27269 7515
25393 13556
36019 23141
38240 32301
17217 13191
15607 24117
5002 13083
39635 29735
30061 8431
16993 33307
31510 7001
32749 29040
32602 39551
17881 3690
20051 39515
27300 26292
14060 8093
37463 26926
11214 3349
37509 30855
36321 27010
11794 21043
20524 37280
5874 7197
28605 1608
15797 17089
31769 39243
260 25839
27389 16601
20065 16622
34651 9529
38471 26968
21591 37887
18876 11894
16635 21695
36278 13470
8584 11083
1789 9360
8373 39587
28410 5747
4974 33899
30957 18386
27259 26925
3555 22885
36477 15786
29041 11429
36363 10090
4431 38730
29326 24122
10587 15729
7226 14551
22465 6749
5630 6077
37264 28755
5907 1113
18949 17605
1487 31512
21669 19220
37013 14109
13329 20411
22465 12815
12731 29423
23004 31030
24618 10591
2824 30764
5328 24207
12659 21495
17239 13952
10058 607
23212 2031
10866 20615
8995 32185
15786 30705
30869 30651
7503 17773
25372 32763
39999 13440
20820 33313
4203 36874
23794 37001
27251 5062
26090 35023
22603 12619
8330 31745
17826 17181
20445 2921
23534 20681
6713 4176
6521 22499
315 3817
17911 3836
31516 7051
17870 12024
1238 39960
20548 30163
33509 12938
15324 3169
7621 22621
31703 37366
25008 27387
12647 14779
17064 21024
24953 14664
37515 13302
9774 15519
38126 13120
3715 23921
32292 31648
29347 23098
37917 18220
10018 5054
1758 12934
5496 33685
2238 17327
4595 30996
24854 2282
37895 7762
8933 4972
4139 38011
32881 25670
32494 6440
19249 9161
34325 24747
4494 6821
27225 39056
2000 12928
24408 8149
35624 11062
2180 37998
4097 21583
22315 22542
30688 31228
20794 1020
1470 7676
28566 36026
31360 29125
13048 18612
19431 27880
16238 9438
33550 18402
25334 35122
23187 10078
15362 6429
1324 18590
30679 13464
17516 38768
24657 4869
20153 38609
24808 36857
3637 37927
12707 26354
112 14079
10722 38032
14151 29712
37213 5295
15500 21623
7887 27648
1185 21197
5331 23870
19579 15535
6127 3553
11579 14878
9506 36668
36808 2604
34745 15054
6021 34037
15692 24814
15345 33970
32141 25722
21042 16221
5822 24271
30178 4341
35006 3300
16946 16476
24487 13684
21846 5546
16730 38221
32084 19081
30366 6014
22836 34329
13373 10680
15879 23470
5727 8986
20863 33771
12178 5232
12126 7915
34285 8567
32699 34704
1331 21396
37691 35150
27604 28069
35600 3856
8057 1358
34003 31141
22442 6679
38409 20318
26072 27072
13607 33148
20999 33395
14293 38161
28618 38511
18414 31624
33783 4300
37706 25827
20297 25204
20994 9895
17965 6883
14896 2478
18398 38088
27505 5949
39840 15452
39833 21843
1941 32131
1602 16179
38453 6134
28716 24955
17445 29547
23147 3492
31745 7631
10628 2415
29455 8794
17945 5502
38970 22938
16835 23707
4861 8186
21787 36494
14618 35866
17703 8151
23839 2814
665 35229
17917 2346
9326 16306
22698 14892
31748 17497
18275 16381
14824 11084
2638 34953
30076 30442
35295 21292
20618 25114
3079 19824
17093 17540
19812 7766
7222 16580
10355 8456
18649 37746
5509 769
34730 837
12019 35920
26866 11973
33558 12868
21556 14692
4070 10968
38245 9126
37298 29018
19366 37260
3310 2356
19467 512
21274 33053
1975 35549
10591 94
28941 435
28808 6220
26635 24774
11102 25389
4170 18810
35062 5868
26748 39382
16295 33983
9353 14170
20017 32987
15780 9479
12389 39350
15356 24262
11148 5672
37068 20597
38805 30074
16912 31753
24513 16812
20930 32412
24042 2119
37268 18205
3588 27998
7301 10163
14020 38777
19525 33602
31320 27089
30676 14535
14352 13665
10256 19438
19896 10893
13228 25288
22617 8727
10778 18940
29607 24290
24674 21959
27272 17964
10239 3712
16043 10427
38530 14224
21637 28101
39675 35304
31658 30058
26452 36157
38958 2416
117 3869
14409 1396
19553 17062
7598 26558
17249 27111
25975 35359
16381 17544
18571 14883
24506 33576
27404 8695
33165 26740
10533 23514
6542 5379
6443 16440
24692 25306
21184 31493
19647 6962
18714 319
8263 17489
28349 29461
36704 17225
9759 24068
3155 27403
20496 21896
31418 17203
39358 22178
14108 27864
17198 23841
38993 35373
8871 2342
27628 32363
2372 1817
6780 28527
32270 952
4937 28621
30580 27413
8530 13031
37541 22164
1952 813
30713 30554
36840 30149
39125 23967
656 22426
32182 6592
18886 2174
30800 26991
37225 38410
10389 5002
29517 14155
26952 53
33072 9284
23524 35145
13192 16565
11004 24712
23631 37594
15212 24844
2331 24056
14729 6135
11320 34589
3608 15731
3908 37754
4299 15842
13531 8065
25194 28659
1615 32435
1648 16213
13467 17866
1602 31552
38639 5997
2660 29232
1472 9404
497 22476
36806 14320
30706 34497
33304 37228
34585 33848
16155 38270
5336 5024
8966 29981
6411 25517
31169 21107
37278 32877
39926 26886
12697 17054
12714 27963
5918 1706
14599 3006
31361 16898
24615 5626
32975 31595
30858 33749
30164 27872
23735 21670
5670 37169
13575 18723
11399 27375
31111 2226
16652 20713
16912 33188
18100 5081
35312 38129
15462 28430
31669 11731
17893 9246
932 13664
8669 6487
18209 24562
361 21716
13107 10145
8339 24915
24883 20212
34815 8429
33011 11824
11583 33848
1480 27884
15845 20916
25989 29267
34425 23227
1007 15130
13471 38110
6163 23384
8448 14508
10123 14254
6052 32327
13301 10243
38527 39998
34033 30020
11046 34748
19139 34440
35255 25422
24387 8125
16978 18178
11166 8518
2924 11475
34193 24283
17987 9101
10615 7697
34718 38979
6182 21640
15983 4897
32768 37262
22333 11229
38532 18257
1701 33461
24988 3562
36614 37228
2684 39512
21292 17537
29605 26049
34413 11043
24554 11327
1567 1066
11799 8891
25754 1698
8600 3249
8069 10299
18672 4076
12048 25991
28714 5930
29846 4457
17568 38691
23880 8830
10193 15783
12858 14844
39737 18057
32052 17786
35903 35974
35907 32650
27479 7004
19697 23547
31243 3341
27648 28925
33443 21525
30186 21313
7330 11097
20569 1481
27860 18165
10295 18155
18546 6970
17428 15628
21939 21815
17015 21539
24117 8828
22039 1438
36727 21344
14165 11915
22055 25909
878 180
33915 31768
4841 34329
21908 13054
34584 34328
341 5255
30002 21733
15605 8661
37763 11626
35202 17882
18943 12231
38692 29530
12699 9828
38564 5074
16071 15024
4260 29009
5497 6559
33479 17223
20162 4169
17709 25818
7499 5586
29789 30713
21096 34311
34766 22006
33084 26897
9767 27872
29315 5507
23911 5255
10050 37343
10216 18577
36399 11396
18865 7782
30475 34784
18376 37246
38786 18499
5833 36921
37239 9127
34947 14822
39813 23471
16012 33891
13379 20788
967 10683
798 18843
30862 31384
4815 8502
1448 21086
2075 26793
26549 25930
31896 22490
27965 1986
12070 11250
22063 12365
13601 1449
9339 21702
16674 27541
5685 30775
33453 33159
20853 11858
34983 10101
29750 37663
14252 809
39408 11294
16282 32266
22195 11010
8640 6191
38270 29990
36139 13721
13118 20661
30325 5096
36020 35840
32104 31601
25103 22245
33134 26901
17348 10997
11156 10621
2703 17547
11300 14925
39878 22458
24452 9905
11309 15753
29978 11730
22323 34771
11993 333
27516 20513
27416 4285
23044 35891
21691 20310
8955 845
14815 38652
11307 1849
39868 6218
37526 11567
32362 10700
21772 10011
17305 5328
11620 34559
14006 10015
24618 35648
521 25530
34865 27418
8050 26986
26796 11366
24122 19126
23541 10548
11638 29805
7145 6857
4880 27077
21918 12360
366 22470
14338 30378
35449 27597
8927 15866
24429 13232
33063 34317
17619 16239
31596 17559
16850 28668
11389 16608
1806 24644
32170 14900
22974 26332
34509 13609
9795 25180
10920 38176
38398 150
38781 14798
28933 13688
36257 3740
29264 10173
24606 36255
20043 39380
4944 4436
9263 34914
10172 29538
19964 24694
7151 32956
21063 5736
35385 14277
13098 9299
21335 23317
28428 23460
37885 8918
21183 24752
28657 16481
24569 968
14283 30028
13212 38851
16197 15035
7234 32733
28002 34741
16424 20580
21826 39368
1945 23021
22099 7497
10696 10983
9085 37000
33959 14855
10588 39284
25837 34854
21611 31997
4298 3649
37864 3743
26719 2466
7862 34802
14044 2563
23244 8676
13862 24074
35843 24868
2720 39547
19473 24345
16448 5442
36162 36356
37409 10715
9138 1130
18108 27267
3482 19091
9060 22439
3315 21533
23966 16876
29200 39916
36054 1105
4333 15012
8833 32897
4606 10014
37418 31106
19944 27056
30169 28673
5370 13552
18485 17601
12286 33720
25368 6437
4090 16664
2442 23382
17059 33068
32910 18541
16095 39487
35348 6891
15590 1312
1684 32386
2654 16843
24560 3544
6754 8253
1595 15574
6706 25231
14914 896
2640 29198
21130 12176
33689 3850
12375 23523
10807 1874
36069 5698
33107 26019
19148 3622
33648 23833
19059 6060
36185 19988
18049 31653
19346 937
13169 2522
38285 25006
1601 5451
5314 27100
13055 18781
7597 918
17611 10700
8986 25127
15521 4042
14353 3070
37618 10430
6715 32653
17570 8934
27851 39468
25714 10787
24821 32320
22827 10416
22782 34489
501 17964
10078 4088
9269 27698
10778 9202
7283 22128
3240 15292
36279 37733
989 24703
10707 34902
2503 37449
227 17051
26465 6682
8762 10771
18941 19774
6253 21028
12463 17743
19098 31608
18362 21806
26622 1978
7740 20847
1444 39641
491 10837
5928 32161
37086 17390
26167 14071
9098 23865
6348 29161
2104 1526
1328 23612
15300 38309
15330 3804
30664 38198
1809 3162
8694 14320
34387 14207
36778 1226
12802 17981
18696 25109
26513 36753
3180 8113
22226 22132
11049 19829
18785 15009
15162 26308
34853 21022
34665 15701
28266 36367
31183 6417
36166 25488
9172 14225
12580 13559
17789 13475
35846 21663
29826 21249
2952 7298
12192 2262
19862 32652
18790 6287
2624 4980
9223 11924
5683 29295
19770 13903
2753 29879
20926 5321
18970 24287
35831 3835
21677 17915
29305 15271
32169 20167
14975 1532
12574 37165
6317 14657
27108 23133
8240 33157
15370 31906
1847 11278
5185 33392
26230 10684
28479 32760
32703 22451
9621 12050
7848 36352
9998 11547
26179 23474
18493 17931
29896 8465
1348 23120
34386 11087
16686 26757
25928 22771
30961 21776
6190 33749
161 39621
28494 18453
27503 10719
35818 33421
14596 15304
20743 5872
31906 3741
24280 18015
9262 1978
2391 3522
624 28441
28450 16774
32457 22046
31602 25273
11227 22223
23477 13026
15813 26870
13177 24475
20316 4738
21884 23164
924 1940
4404 33098
7873 19401
13642 16749
35774 25581
32298 30732
647 19553
3910 34211
31193 2471
10496 4444
30062 21631
20147 38382
39403 12068
25703 22231
2047 34649
4466 1046
34496 20357
10905 36542
36052 28239
10445 11710
4441 27832
26344 14264
14600 16145
11729 8925
9448 34267
29971 23251
26108 1022
14675 34524
11539 26030
15986 11125
4481 19131
18578 31380
23858 592
39573 7504
5756 28723
12501 29586
32348 3090
37720 10093
33196 36158
6666 15483
33937 1046
18969 23953
13076 22669
20928 14643
33041 19977
2391 26351
4186 2571
6652 37904
30423 24278
3308 14992
10398 14782
32044 28394
12674 25465
36193 17790
22979 36983
27820 26014
32381 4022
15074 25242
18736 6536
19815 16859
15760 7945
18135 25778
29999 17052
28210 17861
20492 16930
9733 1762
554 5598
7896 6982
39040 8787
20990 35506
19950 24532
36431 7355
15073 18042
10655 13785
195 4630
12214 3141
12719 3941
257 30541
2331 24063
27855 2531
10905 6824
20858 13994
10260 19492
7336 26554
27051 38515
24398 33044
898 4404
6800 37276
39522 25143
34179 38795
23213 30935
34427 15322
34248 30923
19421 15781
39393 23302
15135 2854
24951 28931
35386 21271
21576 3313
10756 1323
34459 484
34962 27770
36869 7214
9185 29204
31945 34425
4620 8590
17862 440
38987 10500
36253 24881
15965 31185
18091 5603
22324 28882
32814 1088
36833 22877
26098 14394
37854 17071
10055 31904
29433 28363
3271 28852
36678 10631
25495 37245
14632 5779
6104 14403
18842 4424
14500 27391
34432 18121
39572 28549
8185 29636
30643 22784
22336 29168
20305 25769
35045 6196
38157 36375
10422 3961
11513 11125
10945 30111
11646 30362
1197 4545
19972 30337
6245 1325
34174 38102
34440 25035
627 5608
29800 25813
18247 14409
8454 24382
21196 13512
16118 21768
5457 25178
15511 1044
39208 5866
27507 18262
11846 19379
12441 22051
7732 16414
2299 26253
11152 25025
14881 18199
17780 35230
4732 36020
21726 27711
2682 404
2054 4163
29712 5899
2903 38978
35755 24986
17100 318
14182 7840
15246 32229
33002 7951
39659 30779
20751 22658
33105 272
25581 31585
7964 11055
9163 19102
14026 33906
30228 30725
30625 26970
21728 4211
27019 4422
37309 22791
35583 22721
19500 28542
9139 14711
39589 9131
17044 7293
6295 18753
37301 17679
22031 26395
11063 13099
29144 6180
38728 17679
18987 9597
39610 26343
20002 9181
4808 14517
15917 23929
25200 13545
31247 6162
39640 2527
19188 13194
29445 30727
34120 27916
18421 4033
31593 20670
39865 25959
2697 3704
19795 34730
3218 9580
38890 4405
39542 35466
27507 32001
8631 19877
14590 15847
19107 30654
19952 37698
13839 26228
26741 1838
16645 9396
425 10629
425 15335
28282 22998
23320 23953
5171 22815
5922 38124
11074 6906
23906 27485
14018 31442
34678 1065
3574 25386
32421 16204
15319 30429
3564 24859
13682 20875
36614 952
34149 18687
37599 2373
20715 9913
15347 27181
37796 35709
28829 36309
12905 31588
35710 2275
39638 25788
34285 13243
38621 22097
29449 31870
21046 12539
25846 3325
31983 31011
27475 2018
12980 29105
37019 15039
27930 30797
28097 34847
32584 32699
19334 12416
13114 17775
36687 14512
1425 24120
37013 38120
11191 29311
9267 36591
2209 1338
2636 38276
27438 16424
13848 23091
38182 38279
1102 36429
5250 36014
22538 25124
23286 12822
30701 28234
13231 36672
23476 11993
7835 31535
38306 18860
11016 26805
19245 27770
3165 3342
38645 20965
11 18442
15072 26773
9389 23059
5811 3055
6915 34721
39908 14541
32637 126
21472 35940
35825 6712
39007 13644
20834 31814
37087 10149
18219 6361
693 1408
26710 32535
7745 27191
5322 24875
9671 37277
29892 897
14316 4292
6388 29330
34075 30440
12006 19875
25223 8258
16528 37642
35823 38748
11829 7117
33081 1345
11104 1250
15649 28381
15168 22428
22156 10164
6236 145
3655 38578
27117 22031
34318 34758
15477 873
2317 34538
15233 37883
22658 28335
11891 37196
22618 38929
21041 16273
12996 28103
10480 21172
23120 28986
30235 26917
7371 37816
21655 4400
25654 37420
14818 33990
20409 36758
34465 32994
9130 29915
1332 22136
26706 14649
148 18563
23104 13737
37333 32785
2928 15231
25495 30797
29746 17137
20595 1187
34373 11185
35851 18737
34471 33668
24934 15936
11939 14982
16235 33295
38875 23273
3793 37572
31221 7854
9778 7300
37363 2668
3 30702
30969 21640
5107 16557
21854 4828
16225 17633
21856 16549
15623 22347
12053 34316
30394 6963
5889 26724
1135 28242
750 7350
7404 24498
1414 20742
30456 15134
11796 19816
38240 18306
24760 30458
5882 1487
8099 17430
19224 26139
11248 37883
4449 28399
14468 37160
8679 9055
34107 33485
28270 36223
6833 13107
3516 29124
23750 23072
35790 14382
28280 34968
39450 12210
27064 14209
2979 33161
15761 38646
4747 11478
34291 26930
11431 5899
22730 30517
10928 36697
16129 20140
26340 15988
6036 6259
17703 38257
507 29873
33486 20187
3008 28332
14755 9534
4374 7906
8726 31381
38975 28690
22017 30982
33556 10627
31280 10804
20920 25612
30307 23095
12852 13387
34378 11333
37191 27470
21349 7861
25556 17095
37581 16391
7656 4933
31545 27266
20972 33183
34239 23860
32457 14985
37432 38123
20772 35189
11349 38737
19469 5332
33550 24782
32758 5391
5584 4909
15723 18975
7912 36486
32778 3598
17393 36546
9937 30519
8715 36395
33320 19330
34832 22708
21515 35720
4533 36879
9592 16963
4758 35577
2164 22886
4514 10967
34448 33444
39546 18230
3941 35009
14623 23418
5658 10613
38652 528
16655 19392
21422 127
6382 4342
34425 34863
2091 22822
3285 4997
7728 21388
26086 20820
22751 4590
3823 10973
756 30025
27512 23508
21192 17991
7956 32299
5532 3510
9403 38928
32378 24452
31658 1955
11786 610
2285 24930
27009 27367
1458 21517
9058 33331
24757 10832
27449 32165
1376 32078
23713 39899
22924 2560
3628 23515
3892 14679
22083 37653
13173 5835
30060 33015
26038 21220
9262 16448
10968 23826
13028 11814
3202 6182
2295 32177
3637 34808
13386 31792
15478 8046
9097 5742
5669 8493
12870 236
13604 28322
20619 36179
28654 14902
6687 32648
8461 8673
14590 7353
19657 33811
3195 24915
27616 18764
1975 30257
20117 29174
9930 23446
34089 28380
8593 34502
20113 33787
27876 31966
9926 5847
9155 17194
34708 22595
28566 14527
18450 9656
27628 15792
17409 24418
17018 38880
1499 197
2365 5386
18230 13325
11445 35175
16618 13287
24859 34842
25342 31451
5911 33778
24951 17202
6442 28460
8811 15956
4543 779
4311 31547
22317 32834
9481 5398
16372 12613
18046 32081
34745 4605
22165 34996
12311 25088
6121 29321
25032 12162
12604 16822
35544 37442
5353 26075
34389 12486
11505 484
23724 33268
16148 1832
36331 8015
10570 24173
7354 27808
22937 25313
29977 15756
31537 27800
13250 31253
19727 18853
12848 30026
19974 9653
12309 22657
5199 33391
7339 19256
14622 16872
33788 28078
7004 6992
13079 32077
27908 25240
16197 39540
31122 1059
22119 3626
3577 33319
35148 1041
27999 21915
12727 38411
6929 26044
37470 12091
10804 8356
17067 21103
13860 23424
38855 18240
19496 31459
37300 38535
3857 11354
37056 11054
10106 5040
22340 4996
20646 37344
27497 25309
35866 32254
6887 12095
3530 5119
13645 34990
25723 38879
15468 24257
28651 10467
39255 14194
34001 1789
28578 29004
29895 19703
27421 11563
22110 5884
27892 25146
13049 1743
18492 32729
29997 29526
16090 21359
7804 28088
9678 25872
33528 11610
593 10113
106 30875
32687 36738
32411 5352
16634 27855
23036 29140
7419 9690
29002 5855
20543 5483
10412 5894
28481 15502
7841 35278
14638 3580
9127 27802
28473 3466
2881 26809
172 39609
36437 25533
21105 8189
37802 18961
17856 29953
12025 27862
8795 3992
21853 38202
10269 2496
26304 1099
9385 10062
30381 32198
21613 12041
29934 5163
26571 5983
20494 23931
31557 34681
3685 2664
31707 20988
26033 11165
18916 30515
7888 6976
25162 26609
22433 35836
6214 801
17002 28254
26319 34465
10868 30306
23078 22846
6798 30997
27428 5455
27888 34324
13055 8659
15706 16088
15398 18791
12517 38524
35906 23170
18949 25958
30118 17941
6743 27997
10680 22904
23485 24746
32351 30182
18486 35189
39269 24166
35225 35513
26312 35736
10352 32977
9484 4335
4686 19613
32109 21168
34000 7851
29934 11189
37511 21897
21195 8606
9610 18165
28097 2789
14973 13565
2269 8552
5160 23539
8679 28901
33861 29155
13443 12723
1852 25301
39069 12877
27391 4498
8489 9637
19628 5567
32280 30655
4747 19632
22614 24171
26624 33223
9397 39006
16115 443
32336 12436
800 20422
8382 28748
160 1063
25482 31425
6002 10143
16806 38467
13917 12799
34739 33333
11024 37980
21226 37250
2863 27985
10445 28217
8295 36402
16530 28231
5118 38177
29729 30246
20013 34430
17193 12294
39657 27896
30220 494
20858 6003
24667 24259
34455 23503
7469 33574
33 20074
25636 19911
38737 28146
6558 3367
10972 21256
33818 17017
32547 4390
12812 36324
23737 37700
23005 26642
38101 39812
11568 16968
29700 39132
9464 1417
30757 11700
28855 26173
18447 35568
39598 83
16234 14194
16321 15240
7959 23111
32353 23412
39430 8700
1770 9343
30973 11988
17191 420
4842 36928
10082 30788
10238 33651
17252 1385
36438 25354
36604 34710
21694 3763
29927 36171
34000 24750
28186 28160
27493 4524
11554 4857
34745 12483
17414 36411
32741 19108
4971 11168
16986 7435
10303 13753
10801 7990
17298 4688
26814 29668
21448 917
14299 17462
29643 38697
18067 26805
1841 4536
23435 19215
6629 39031
25238 35143
32739 21570
16985 17064
1071 31166
10085 20763
35054 25905
9282 3385
35297 29319
20495 15915
1327 19881
15523 24639
35597 5907
16965 723
4241 28291
29479 18184
10238 14879
26671 34377
8481 14212
39771 29363
2482 35677
21233 14675
8103 30351
15074 8949
38846 20362
14516 12349
39851 14071
14105 31098
39108 37455
1943 31689
3562 37584
24611 8980
9880 13066
37165 37699
5754 23296
4916 3374
33188 18912
7733 30998
16708 15918
10796 18616
32218 24688
2488 9793
1302 4350
25644 8013
19073 21999
11037 4434
3390 39528
1355 8005
1204 37127
22476 35283
25220 30984
9974 39124
18972 15588
36273 17513
21164 1080
6881 2883
37061 19544
14735 1515
15454 23377
1646 24607
22205 11002
14761 7017
22315 28573
17460 30386
31566 2242
19085 35628
11598 38299
25366 6404
25929 19731
26985 7132
24304 29190
23635 6956
15171 21626
1007 8044
16089 19155
2312 38421
16424 21029
11779 4187
23297 35906
9881 12910
35651 39460
25905 27607
39170 39879
22080 20259
2684 32944
29200 36353
35575 31882
16270 23911
16595 1286
27109 39780
1644 5924
30667 20418
20316 27259
18300 27588
21410 4283
35734 36709
31741 19240
8895 4142
24601 17023
20289 18218
18448 19338
8196 31866
37101 26766
8999 35973
16700 18195
9151 26117
22462 10266
21509 29533
19431 23884
18180 15554
34189 30355
10102 20463
2603 37466
31893 32753
24620 17423
13409 4938
4844 10613
23626 33374
30560 38647
7262 26929
5740 36680
15090 1244
19786 4665
39493 30869
21771 31562
38023 17796
33016 30172
22190 36820
16527 22416
25286 24641
2600 25257
28185 19746
10560 15306
35378 31529
19915 37875
28438 9474
813 13118
30326 25217
30588 15493
20180 4465
2257 34017
22827 22348
20070 32719
39493 20907
32918 36426
17341 39323
38106 13818
3001 31296
39361 2061
30555 7101
16944 33074
21528 13785
27908 3372
27996 39166
32186 23779
18468 212
19236 1099
32570 16346
604 35663
14165 38527
33110 24969
3118 31832
8678 5820
9852 16651
7610 11170
31201 6431
20043 14087
15304 22103
831 35384
23517 30562
30541 28255
2819 24038
32909 22899
26165 13795
32633 35784
28638 7625
35866 24586
32324 38436
15682 12034
8717 24249
36306 11180
36797 3669
16475 17637
22522 36957
14013 18227
23397 1712
17827 30825
2840 577
22992 3757
28800 31981
27805 19779
29204 11598
28794 2117
1058 5664
11007 10049
14601 20581
1449 10165
28120 35229
32409 27292
5988 29394
35518 20265
1009 14153
13251 736
39043 12547
19980 37285
16150 8179
20224 37882
26993 36964
36034 17151
33244 28314
13441 20283
16921 18798
13053 34738
23657 34698
17001 16086
16890 1896
25141 972
4201 26476
26277 2768
25822 15036
32594 21044
19191 12814
9895 14119
8939 19631
35418 35879
17372 35685
6554 16512
15948 18928
35682 389
19629 9871
19738 34790
15422 36067
20387 15335
19257 8784
6043 23519
6669 31996
9041 29891
8141 36484
19300 25282
19378 25013
18675 11242
25539 8757
9965 244
33834 9349
21255 16401
14400 10502
29563 25628
21661 25223
27932 6532
27654 7938
38260 2124
20281 24445
10471 19104
22401 23183
33217 23075
18430 30959
4958 9873
27147 22609
29263 3617
4992 6480
30025 4308
35006 24367
14646 14941
36725 20317
36673 38039
37759 25535
33213 15701
27645 35969
1999 13613
17895 24875
6524 20442
14567 8095
7872 15859
302 24122
5663 19242
24317 37904
3018 28128
19202 23629
10055 29698
10498 24432
34856 2378
11676 25790
5999 23735
3542 29539
19164 16062
375 11285
32538 15010
28605 8608
27200 34543
22356 3992
9745 2831
22211 36612
13885 34265
33442 2226
1273 31811
37493 38448
9090 39814
965 39300
40 12076
17760 24734
21955 9928
35793 3787
38592 38674
1277 30233
37065 9457
8725 13034
35496 31174
12123 20422
20069 39711
35260 6763
11784 24683
1369 14479
415 37931
3976 38828
15916 934
17381 13858
14628 38697
35704 26092
23231 19777
28159 37972
27186 7530
23066 24965
311 27436
15794 15160
18299 38273
38367 3764
6684 10694
6355 1653
14941 23745
20258 134
27246 20155
27082 34392
23047 98
34985 28063
2466 28128
10414 35430
37267 16063
18177 17240
11147 8846
13397 8618
36292 37975
27179 30076
31276 2040
16433 9043
19992 36702
28458 32151
26429 17403
5761 32743
8897 24150
34572 17341
18880 16967
7204 11056
14319 18893
30581 17889
13771 6263
12638 18094
7868 1286
29925 38921
36348 2418
1438 35551
22183 20362
18351 23010
426 19118
1750 12602
36709 22976
3272 12514
15497 21696
10371 39122
27218 34690
28990 21584
19897 35528
26282 18835
485 15
13850 19491
115 6554
7839 26292
4341 31934
23846 23943
15638 9763
11275 1722
36468 10319
37628 29989
15100 17881
18268 26416
13354 22225
39732 33249
18540 37871
19986 5563
3410 38968
34728 36012
18286 12033
38867 12051
22631 14201
5788 26131
7379 4659
38440 6514
15321 5310
10823 37957
39310 24906
14354 12483
6643 21425
37941 2141
9630 19650
39505 35433
25321 22774
26294 7483
36150 14600
6241 39306
2345 36041
27856 5227
13809 33865
23469 26281
35513 26467
39784 4284
18437 14674
6600 37011
15567 11508
2081 437
25142 28715
5603 42
11995 35114
38283 36315
21215 7005
27340 31119
426 1564
28861 39901
38127 29486
30378 36340
33605 7493
11688 9376
96 38200
4654 37708
6289 16618
38087 13562
26214 14799
35648 9889
7399 33718
26983 34473
8557 27452
19376 12897
16623 18230
34959 25662
17853 26271
15538 4762
31599 15289
1378 10604
30373 35489
37419 35351
10569 28033
19245 22160
30403 26693
14904 6357
22087 28103
18293 28996
31484 9397
23721 29415
18547 36226
38518 12956
22709 27586
801 18253
24604 4461
39634 37805
27145 10234
36122 34757
3373 21439
18694 31665
12100 13381
9056 17750
25082 30846
33483 8394
29579 30564
12447 3064
19151 12858
556 6152
38301 25968
3260 15138
15581 13748
25416 26717
11833 16164
29917 2923
6464 4267
8691 30571
7129 31425
38659 23173
19028 10905
16097 32352
28620 34508
12540 1652
1402 24779
30959 20861
32991 37261
12555 10369
33993 22134
34682 8938
14725 28575
20666 18909
29709 10034
28824 12445
19936 26866
25732 30430
36962 5772
37317 17599
13840 16605
32907 36512
8716 37124
12739 19847
9400 9378
34577 3841
15596 31312
29878 9416
208 6401
7332 23305
22820 35316
12517 26093
29527 18620
26897 16262
34128 21599
2168 8521
6962 17988
23565 20187
32800 37136
25682 1064
14569 32583
14428 39207
6367 2577
29658 27880
31664 17089
34072 12670
21374 17527
6545 14769
25706 37709
11493 22878
36720 9826
8518 31217
3700 14042
9236 23945
28628 33626
15338 37349
16017 23075
23541 10318
21475 9253
21103 3241
38508 12894
19435 5247
22631 28707
12065 35418
16762 25881
39265 24720
5453 9926
27221 8541
7839 23805
5322 20046
6458 4015
25839 9657
24263 16531
20247 34606
26952 14602
7445 10571
2013 22999
13158 23395
11287 199
16909 33151
35298 9502
20275 905
6384 25128
31679 9019
31669 4361
9649 9019
21041 21588
9208 3183
5658 21069
22018 34742
24559 9744
7875 29712
19141 32302
5608 17892
14692 12877
4452 714
30041 39766
37229 33210
13695 8418
23796 37922
428 29383
12974 28108
16445 8128
30574 34785
9208 19655
15716 9961
27819 34523
33677 35033
1202 24661
4315 12180
7296 23922
15120 10871
4056 14690
3018 5092
36107 14895
10118 10295
28366 33159
15546 36128
6731 33527
14150 8384
15395 36567
16693 11905
24817 25664
23379 14398
26616 19573
23741 16618
23530 2592
29636 29276
29702 21492
10172 34042
30963 9926
28251 15515
9713 32357
2283 15409
10006 9996
23826 17789
7927 32119
2024 21638
24062 1359
16159 24199
21036 1387
12940 3963
22037 15347
29646 26167
1719 2562
34966 14216
6466 37755
6808 12519
6686 14157
19572 1570
17445 7183
19202 20520
3680 12575
10495 4947
36877 15697
30600 20054
25007 2900
4955 19087
16935 15072
9004 33604
26562 37626
32581 33802
26017 9760
20057 21886
12721 27785
691 39008
32875 5721
11203 31397
10103 39000
26827 17704
30609 30006
33901 38077
14075 38117
14252 9542
23803 28110
8782 39125
19263 6779
232 20990
19126 33859
30 24012
5277 7640
13322 3184
11464 1266
19394 11319
16175 24498
5764 26081
35241 15599
22165 32801
17655 9906
12936 10984
37540 20611
34090 39779
24559 35953
16088 26221
32567 13409
39006 24841
7544 3188
26407 4894
13298 25416
15919 953
29319 21276
31933 23811
2891 4675
24242 36449
36104 18411
34565 36801
13717 10317
5434 25072
13757 32210
9001 25526
15836 21932
24078 2804
7599 22857
1806 19345
24178 29605
11733 37238
29498 20750
11347 39815
2280 28061
26874 2045
24430 18885
7722 11342
13588 38893
31801 8943
15651 28350
1721 16000
27016 26608
2566 17222
34220 29510
17382 20880
15369 14664
34015 23685
24937 29313
21279 28706
23750 30792
7140 11215
8695 30576
9635 37275
3725 20791
30200 33280
28977 12740
221 20625
28795 20245
2866 10721
10253 21882
22721 12437
447 32588
10586 34924
22906 31673
29649 18131
6471 19452
12535 14733
9962 1022
12516 6000
13613 15134
8389 19357
29143 7932
450 19681
26816 8123
8363 22286
18224 27092
3521 36009
19018 17874
14960 12202
2716 17551
9703 31765
4290 33665
1792 14524
17506 21752
6192 4355
13724 15203
10872 13081
20546 37081
12210 16251
13364 33511
35642 38762
19117 10953
23853 37906
10197 365
34430 23493
32147 545
33434 17692
14354 6249
39020 29486
2615 21558
23284 23222
7643 39075
24822 9
6722 33294
25064 31798
23441 12588
30165 35180
11583 13661
3495 14418
37014 33835
34567 17158
9902 9541
35049 24857
25169 4511
32531 13678
39143 15465
17004 34565
35323 29022
19680 2820
6892 25900
39480 5301
34607 5068
37950 23959
4104 11772
7494 30646
5874 13574
33275 2657
13335 6949
11340 7229
33260 15133
5390 15766
9933 31391
14524 22240
1932 14040
19404 11078
17656 8731
11238 15574
14460 35154
8831 17493
30015 31824
438 18275
31875 12531
24394 8988
12913 7201
13331 38781
874 890
16913 139
18444 542
30953 15787
17841 26990
12960 24913
25943 11324
24355 16574
26492 1709
13133 8205
28788 39094
13150 36219
32065 3207
39992 30387
16590 4809
29961 14570
32771 4068
39936 10235
26186 3888
27059 15152
17619 8283
32910 4375
24873 26584
30460 25975
6862 20744
20577 28154
36557 277
7447 8118
18898 26271
3204 11578
17511 29232
5393 26098
38948 13987
33170 9743
34228 6550
18184 10403
26664 23416
16270 4368
34584 2255
21834 37941
19649 18719
13699 38543
30241 23022
26353 29749
34712 38746
36852 19133
15957 27979
36616 23475
1134 23919
13412 6055
22530 34175
12067 4434
32495 2343
25697 35214
13877 3148
28120 21854
17550 33276
6020 14655
10944 32152
34578 12209
9486 25169
30170 10175
13445 37070
39273 6634
4043 12781
26890 7601
16493 7260
26851 39494
22650 16151
3203 22469
9893 26646
36064 16522
25329 13663
17252 1978
21200 33273
12285 30815
25725 5864
37741 6981
38628 2011
35687 31963
20682 26402
24305 5850
33499 32467
35561 6869
1790 18697
11658 10429
30300 20947
22236 10520
12658 10144
30252 710
33058 27807
24134 11564
34381 17903
7979 4098
19748 10850
37836 30345
32413 24830
16294 6965
29192 13916
24161 22769
30754 7960
1483 18200
13580 2637
9061 26055
12621 11412
7305 11504
4832 24666
37734 10954
26062 33304
32859 37503
19311 14743
411 5933
12037 30631
22335 27805
13740 35766
37372 1854
18848 10391
8987 21260
9231 30692
2751 3149
13343 28685
2004 36
37363 5650
24676 28034
29563 12423
3447 19608
37308 36579
30934 16700
23026 36631
29172 5460
18238 32086
5356 10019
32103 23013
978 31185
14312 39030
24430 17383
21373 39747
17115 39701
21920 3222
1089 36571
6686 35792
30630 34091
34829 27775
19129 28690
36827 25450
4199 39635
29476 11820
16612 4063
10156 1181
29826 36565
31316 702
6388 2120
21384 2191
39577 23700
6861 30934
24567 9853
12608 38335
9793 47
3173 28084
11805 14603
28579 18103
21523 20965
1779 5778
7763 4054
13154 35252
19036 13183
5004 12524
10198 39776
336 37969
20824 25781
16353 2041
31080 1028
29391 28981
31455 22478
4832 12233
6413 3529
2743 14637
14126 32927
37169 7163
13986 3796
34163 645
3250 383
31165 6632
39252 35609
21534 35833
33848 36403
25557 17658
12739 29769
28173 16475
29975 39808
4286 20484
6318 39888
35917 34477
4796 23002
7661 19637
38135 12897
10633 16102
33827 5902
19729 23894
23830 9473
38732 25505
10 16676
32780 26323
31673 17231
26529 22688
28996 35434
29611 19629
11043 23709
28002 34105
12024 21909
19779 26742
28247 776
20144 19934
20678 16236
19265 17311
21066 34037
17921 17803
37300 29560
29299 620
1329 26931
21613 10929
1806 16312
14100 37977
24956 23382
39516 24966
987 37376
3227 20016
27793 34962
12259 34738
17726 19392
39588 38941
15104 30290
14002 13408
7479 32153
20870 39643
37076 33129
27346 16210
17986 21609
24426 7350
26176 14162
4914 15783
27406 8802
25056 9868
24394 10921
27510 26537
36418 12901
12320 1139
21312 31929
20674 34043
7593 18840
9916 32487
39193 30173
6413 22345
32117 6765
17719 37291
14016 32218
29862 6831
14283 23451
12747 7092
37784 2684
11247 33520
24849 10592
24799 4795
20442 3677
18443 36052
31871 20730
22237 16891
724 39987
26916 17562
29606 13601
29013 13269
19597 35635
4417 2850
8751 25638
39028 19337
3223 8304
32159 7165
24518 14542
26051 8113
5873 13363
6014 11945
24260 28637
9694 1718
1461 8546
7840 35396
38554 24560
28066 23503
16487 2251
3402 30064
1444 26157
8234 38560
39898 1439
11487 13581
8878 34859
39872 39922
26576 16624
6098 18955
35035 28041
8859 14900
150 28529
10382 8972
24100 36613
36322 6387
35840 6196
17296 140
24180 33501
28782 14673
22623 3284
29230 12390
24150 19838
1156 22089
10734 20559
2443 22369
30573 9191
30964 9270
31799 22530
34597 774
1949 25121
18093 10675
39763 35500
26286 15311
8318 1081
5520 24419
17801 18734
13318 26587
24669 11372
16121 11951
8894 18849
29135 29796
1686 12291
23844 16678
17620 26499
8325 22152
28297 14955
36885 4172
4500 8
20225 27368
17876 36407
8323 17363
11898 39499
31270 31901
22662 26605
39007 5572
17758 35227
11459 23188
13886 36519
36774 15397
25948 5869
24829 15849
33036 2453
6013 24351
22006 13165
39799 16813
34758 3504
15497 26925
5382 21131
13544 35977
28636 23726
3489 14469
35986 26291
29320 37977
13648 33609
17998 9418
22543 34338
37276 35225
36202 15069
3774 19748
12638 23240
2332 38200
20387 17181
31412 38662
17547 17120
31156 4637
27063 21577
33264 9551
10440 9495
852 8620
3122 21785
32226 12390
32701 31006
21737 25867
3321 12629
3537 4022
10948 6854
3458 29519
31443 6706
333 24397
21119 31031
5331 20103
31721 38266
32550 16601
29880 15898
9197 3767
15314 20990
21635 30741
12555 4031
23401 28087
6118 14320
11111 22832
39906 25039
25219 18065
37869 19906
34207 38952
1207 5150
31618 19051
22809 33109
33816 8388
16640 29567
23303 310
16421 7780
37590 33272
37058 37910
20797 21371
3212 32137
36165 38668
32857 20247
14893 20740
31888 23146
18421 22978
27406 35951
12824 18541
13584 1531
13509 5417
195 23867
37530 24302
38961 30794
16391 16868
5490 26231
36504 14474
8376 6768
12644 32552
28702 13454
24631 29094
21257 23023
1215 16486
28871 18559
15639 21250
5586 28930
31363 38927
24263 37920
35078 4565
24034 25873
27415 4998
8957 6986
3625 34311
29965 31488
26550 7894
5797 2975
35800 1704
13588 17718
21597 39634
35496 22562
27832 32159
24928 12933
18107 34200
7012 14126
11857 39447
24233 34574
30177 5966
36982 24216
33366 10526
6685 34125
39702 26894
16298 33489
18869 8883
21140 687
14093 28457
3267 36941
10203 18490
33483 15848
30458 30044
2642 25201
30527 30385
34887 7386
36995 24404
31465 28952
19802 29312
18019 27117
21430 31498
33151 17700
33436 1047
5969 1757
5922 14874
32967 35298
39341 4249
30601 30807
24683 27151
10133 6078
24839 13842
13234 34546
27337 7759
12994 7993
6974 23960
17881 30821
32558 7745
34225 34758
28385 28549
9647 27467
35365 5982
8474 17116
801 11987
16981 27056
24635 12344
27732 7817
27789 35185
10157 18207
16707 8295
25835 22730
1607 3551
35415 25887
12128 11887
34120 24026
27639 30237
2926 20797
19509 252
27775 38987
39562 21030
38408 7189
38675 35484
30770 28775
10921 24358
4300 13517
37131 6981
32055 22634
38103 15752
25165 307
23647 27256
36527 27574
39765 11555
3813 34277
31242 8472
3008 31971
17792 19917
25972 9501
9062 24621
10738 19044
28100 23865
27185 37089
10888 30660
16258 16112
4756 14744
25433 8130
11523 9724
27474 39094
34503 36219
7810 2076
7637 4873
34176 28302
36575 16844
36135 35591
31925 27136
30494 14159
32857 19168
4826 18857
5812 22836
34729 25107
1387 3608
1095 7230
9168 38882
7759 17516
35680 30341
10132 820
32913 6405
5480 27219
16192 27609
39648 8130
8747 9158
38931 4629
1506 8056
13699 25631
24625 24763
9002 39423
22376 3383
31196 19603
10558 11304
32847 132
31800 38160
25621 17416
20184 16463
33216 16895
614 13678
19377 3536
39018 37138
31462 33863
17030 8640
23907 39682
29103 26645
2859 20068
33947 6020
39015 18484
8452 20110
18573 7670
29356 28043
10668 32457
18123 36315
22501 22265
19993 27335
29588 511
20556 5368
38886 15177
10521 31907
1158 4365
1811 34788
6593 22773
24438 19669
21139 32239
27323 33596
39879 34652
11008 36712
988 24393
21255 18302
23638 14695
6981 35815
12788 30667
27658 39430
33666 1783
2606 36207
9710 7186
24081 1680
22008 1455
5784 25145
7754 29347
28682 11384
12141 39057
5322 8775
36816 7520
10116 30191
35500 14326
35342 14304
8677 13625
6566 35418
39986 11047
36104 33751
20801 25873
24625 30994
6768 17267
3200 13845
35453 15680
32991 1764
24280 13625
13890 32939
19059 27077
17730 30297
30565 32504
1200 27004
29530 26429
18891 1904
30473 12009
3488 8517
37206 16418
17090 451
20998 27163
5394 17861
32206 36611
26763 13182
29547 21168
39104 21066
26890 29975
39295 34399
23998 16200
18635 29923
13190 22444
34168 17345
22564 23638
6156 29328
38075 35506
37167 2206
38807 30324
38746 34235
33754 9653
15461 25748
7483 5652
32268 11282
13684 30593
5737 16577
21745 32365
36709 8646
1708 28887
974 29816
38409 31364
12497 36615
10478 39748
10155 19845
37084 1667
37703 32890
14483 3370
37391 26053
11542 22441
32622 625
15030 11562
16062 19444
27908 25247
32315 19957
5661 540
34910 8186
9696 22828
3212 18170
10042 5652
23302 32625
27230 23920
29485 7459
36384 37640
3323 37390
16005 32831
13584 12968
19791 25435
25308 14727
30733 3765
16470 2756
141 19269
22589 39482
19201 4528
35662 4819
39056 18070
30675 26653
32743 8970
26853 30882
37673 36729
25635 35024
18057 26611
8285 38396
16182 28593
19532 29801
18693 9354
4470 30925
6484 17002
30059 34296
3734 10887
21576 4791
11426 12352
37916 28310
15197 8030
10020 15793
3421 17674
33201 33940
36426 28927
27437 31609
11769 5757
15657 7960
6935 7587
26496 23275
39239 1549
15923 23137
37006 39757
5137 22965
22671 19645
33638 26522
13494 9457
34729 33395
25725 2400
31225 19137
39945 9680
10991 4233
25398 23614
39719 15075
36662 1083
836 23045
15694 37955
21908 35037
16092 34264
33420 14570
710 4425
23849 27743
19093 18039
36366 17302
38907 14097
20282 13557
15877 29107
1078 17536
2530 21749
20599 28878
15626 24021
19877 30847
35826 9426
39048 15670
3998 33550
11130 26886
33413 1531
28505 7554
32278 13362
3383 1920
402 17014
29515 32469
15258 35433
5119 33232
16666 15658
15033 1348
25092 16166
33674 18536
38608 8368
16707 24399
33601 11598
15320 3707
33839 9073
39905 19423
29993 34769
20000 37559
2956 4664
11938 2662
32913 22757
219 32480
29019 21272
33280 21628
36566 19200
39610 26172
38343 4713
39801 30996
1632 19676
912 16524
20546 16460
10986 35584
30425 17305
10848 33369
31975 22155
8985 16432
13324 21075
3808 25259
23720 28820
35067 23314
15303 18149
13680 19617
20059 11701
18918 9651
2329 16953
3286 10460
19942 962
30652 34317
22297 12451
21272 5242
13953 10278
8147 23089
30918 29593
21385 38803
24142 32097
4184 15284
39416 5012
24381 15350
3210 27668
14921 3280
3975 23640
21885 10951
9258 18900
29069 1523
12007 27885
2887 39692
16812 19760
783 9856
25033 23555
2742 39863
7529 38308
19004 28799
15600 26992
15775 33606
34448 14679
2299 23919
16131 16724
33815 30677
30384 33974
30007 11467
7475 12419
6031 18551
36692 36945
17249 26426
2882 11778
10095 33108
17350 20859
16687 31355
10859 33034
7216 36087
17713 34058
11955 11556
24392 29368
3837 1232
15061 11757
25930 7914
3172 17142
38984 7902
8805 16916
16536 12166
26007 21500
722 12196
2770 34215
31725 31624
18775 31491
16692 1498
2970 9786
32361 29465
3375 8581
19156 32570
8869 15026
24935 14890
10989 26033
18293 34011
37115 15396
17470 6946
13414 17123
33288 10665
2540 854
30565 11549
35916 21762
30225 649
2958 36786
24939 29110
13260 21722
6496 31001
14585 6946
13687 16995
30351 37909
13794 7845
6064 34535
30602 3927
5977 38973
15066 36672
785 18877
38141 24945
3048 5547
17949 39549
5190 2634
7163 23654
19164 9926
17841 25360
15976 38597
16741 14059
22633 11903
11386 970
9832 26167
27953 19812
10794 1575
33286 24857
38592 17129
12969 36628
28406 19645
34085 39787
25133 10995
35427 1925
36226 14781
15946 10214
2148 31390
1275 10922
11836 5646
1671 30403
17625 5510
22170 38654
10621 5074
27621 37438
34095 32493
12954 27370
17241 34197
5831 39344
21913 13635
9612 4590
23831 16527
9651 33461
22720 20225
6032 21448
9632 3567
24023 15955
19595 4449
7158 17421
21359 3479
35466 35456
29268 23973
37812 8152
4235 7372
23937 2026
15824 9101
32917 3200
8844 8372
3356 32476
4101 20531
3473 31065
4841 28925
27646 3578
27791 20724
8972 13950
12682 6017
24952 16852
17975 37058
14326 36239
36050 3300
29434 19725
30451 28141
24307 36391
8386 22755
28644 13661
3625 25434
1728 11765
19887 6256
31582 34259
14907 25285
26828 27171
27088 2550
14007 18532
4704 11817
35570 30394
2899 3890
30869 39738
13723 18175
6058 18570
24701 3046
34505 25476
18967 38301
26318 13687
27531 10311
27808 11549
26463 9497
38618 33911
33364 12797
35504 37201
4202 1856
12217 30982
13469 1351
33475 21579
39814 26694
33925 34795
14266 26906
28478 5906
30540 2570
6118 7455
36302 30576
13988 20671
27869 26088
33336 1200
34437 31026
31786 2344
4027 20815
12121 32425
23028 24810
23326 39691
16942 37855
37415 6095
15835 32509
15485 11675
6317 15416
1764 20609
5069 19165
29989 6888
6367 20302
29480 2966
14842 2519
25772 34090
31594 26256
35331 29085
34507 6507
10532 20728
32392 39113
16878 436
4537 37365
22353 23296
24637 11931
32361 19586
14282 2571
33420 8856
16418 26629
26896 22505
718 37232
36356 13189
5276 38670
7822 6596
3023 34740
23861 33519
39868 12704
39493 14975
667 17655
7952 14053
16764 29809
4180 34403
19802 16859
15634 6932
8538 1627
7235 525
13010 24474
34585 1445
1080 3358
2756 21345
19341 21739
5582 9639
6696 10531
38822 35232
33235 26891
2624 35961
21871 20660
2567 20956
2929 18515
18800 22886
3476 22563
13216 29093
38424 34760
14490 21476
8182 38619
36164 2357
5580 2293
33474 29630
33610 15420
33822 16857
38174 3471
20576 22118
39856 120
20782 9087
2393 30699
13572 19181
23135 35742
35065 34364
8128 4186
13702 10369
15875 29488
2790 12292
5188 15972
1784 5527
16956 14111
4648 6729
11575 1598
17915 19829
30272 11884
24867 24668
28871 19227
3095 23736
16161 26494
7773 12511
33731 25397
21342 8669
1870 11406
31789 16294
1932 21267
28060 16560
18749 37447
14976 16397
14274 11186
19976 12560
25462 26669
26874 17944
19510 27458
24904 30134
15094 30015
18041 25967
38441 10424
27971 36745
2566 4825
37483 33807
27690 25513
12384 20068
17316 5006
24081 29687
27219 6320
33874 12071
9086 22861
26256 17749
29866 7687
25055 32600
32013 11151
29975 5906
24774 37370
36209 21050
13618 26952
15949 24660
35897 13567
5223 15042
36249 34438
17047 23318
36302 17352
17606 8438
28848 9996
22814 6661
35766 34379
8263 2044
13892 33628
18674 38063
33678 32500
29202 22334
6406 26194
27842 10653
27709 6226
28253 15127
6342 9170
8561 32935
20797 16239
28341 39673
35751 2668
4299 26561
36143 17971
21795 37619
24640 3579
6496 5957
4576 4355
24028 3133
27490 20449
39574 34069
9757 17251
39910 14660
38185 34008
24027 4711
4155 976
5826 2193
20552 18488
34752 11301
22768 27522
8566 21837
13334 24129
28289 8381
28376 30050
13146 13078
23100 30256
33600 34338
36886 4075
7850 27344
5975 39180
1956 6396
29133 37999
36339 21695
36783 39192
14800 4744
19024 24336
25687 1387
18656 9423
31755 17316
34526 9212
35580 19609
3452 4503
38519 39299
36613 7598
2846 3080
19119 37075
32138 26694
36301 5768
35151 21148
15142 24421
2032 17187
23172 13973
33953 25136
21435 20459
32376 13686
13989 646
32186 585
11671 17477
6597 13304
39314 8525
36257 26409
28911 14221
11859 21411
15754 29735
18736 38907
11215 33842
32982 29307
30659 31699
37522 27224
15128 12256
10787 11452
8055 36767
33227 19759
2727 8519
37679 29729
27872 32230
10649 8709
36511 8615
10230 13005
17423 22330
15268 5898
32969 26614
27394 36129
20015 21444
16738 9653
30836 34140
36993 31181
14870 21002
7525 30659
24270 25853
23838 38356
13355 12758
18988 35547
13222 36585
7335 10129
31444 22093
30733 27250
1436 27121
12729 30416
2949 29042
27885 361
3776 5126
7220 1919
28946 3280
8777 28189
28304 15846
33024 751
9877 31781
21846 25448
36190 37765
16630 29452
3566 26700
22933 7652
22321 28125
4205 15097
17862 20887
21311 1849
27396 2186
33650 23523
731 38283
34638 17785
29231 10750
31851 30135
16026 28286
13597 21712
36553 27629
13616 9243
4807 28292
12004 35245
9893 9426
37507 32873
738 23029
16651 17274
10624 13880
930 10976
10921 10348
35898 32125
13521 13467
8158 8160
19033 446
12763 31557
154 36168
19546 9208
36247 25351
3194 21651
9253 32633
20569 36449
7202 10099
9031 10051
34704 26814
22902 27461
6589 16861
11400 19286
24930 27517
36696 3625
23942 37869
37078 38790
150 33439
22108 12945
24374 9287
13477 2207
20914 13083
11869 30933
14008 34494
36503 22696
27735 352
4717 37338
6221 5407
29629 30913
8290 33614
31241 32533
36477 18276
9755 20469
26416 3045
6482 16420
32052 7641
22786 10870
10459 6351
19225 24900
16678 9674
15951 30213
11693 17270
3179 15349
9092 29712
39419 22775
7244 1988
6484 25371
39082 1608
7752 10166
9412 23520
12930 39363
36160 2979
3049 30617
33860 31787
12880 4695
10738 23809
5258 37000
7234 33652
5606 1211
8273 28733
4452 18412
10635 37138
2993 13144
39149 12791
4707 12449
34693 12216
8857 14202
35664 4291
11248 23221
16827 39547
22470 8224
10406 39265
8903 20903
19488 23949
9695 22437
10471 12596
18742 21661
8087 2200
37405 24230
20672 22898
22348 21960
4588 8200
34832 25190
17751 15867
6889 1713
22939 14656
18929 13269
29566 27710
692 16116
34135 13286
29214 34966
20151 31715
12870 34147
33571 15493
39156 17929
7347 21648
21352 3479
28442 30350
10782 11757
22381 15125
4132 20790
27358 28442
6565 5994
7281 38344
26478 35694
31797 11480
8871 22755
22573 12767
18638 1993
10280 22623
22545 15259
35152 13997
32025 27049
11527 12724
22380 21253
14922 6286
27569 15103
39402 39100
38800 16481
25294 26638
34688 21890
35267 35818
8296 14146
10705 10844
18230 17416
1680 37067
4654 24911
14443 11932
30540 22420
38019 12241
36850 26465
4303 5175
19453 38161
35973 32759
29934 11732
33872 21215
3658 1663
13577 23888
29098 21539
20226 29265
15818 11331
12996 36196
24310 7148
29315 17065
11811 4947
20046 28977
120 3236
30285 38453
6038 9502
5473 13928
18000 5533
25647 39153
6468 25838
7133 28585
23388 25035
18614 16941
4756 96
24707 14333
22730 10078
8971 21521
35993 7506
34604 771
18566 20729
24993 35288
21454 8030
20677 38946
29445 23221
11219 3262
7668 26546
23004 23574
877 12620
32480 31797
39781 7775
1160 34669
6130 2218
28120 11113
11528 36857
25378 36549
20697 32481
28085 28964
1064 36167
6628 15847
20803 24978
26696 38446
20111 33816
32546 14660
15150 16021
13001 15540
7293 19881
31340 22351
20918 32233
7221 14312
10770 51
10076 12920
33071 9834
34559 12194
4451 17911
8914 24706
7037 21345
8456 18687
38095 23970
22419 37819
16505 37804
29031 16593
9879 31615
5892 33476
30954 39782
33943 1259
25046 25461
31542 2566
24786 15282
24186 39190
2816 27107
15259 12582
16492 13885
22220 26267
3312 11634
14546 8425
19408 37688
6230 13898
34579 5635
18368 35851
26063 36926
19258 31571
5443 39579
17659 15975
10344 1522
12480 17726
2011 37565
12530 37450
6861 16874
24924 30317
17468 8995
38410 9330
7026 28598
11374 16504
39089 5367
