50000
50000
47875 33828
46360 28278
7231 37490
32996 40962
27155 2762
29793 307
13507 37840
23363 9939
24682 45113
12400 19228
11107 8549
2192 2237
23651 11004
46808 47958
42320 39136
37220 24602
23002 28602
30775 8891
9668 20671
18761 9770
22168 44250
35826 325
6722 17076
32405 207
9758 26943
2117 21141
28111 48481
7282 31563
33662 29462
27093 5349
13289 19023
41468 29390
11462 26897
14787 11028
17510 37553
35228 32441
37088 444
23270 11961
17185 8595
1576 40497
28771 924
23321 29473
19988 31188
5835 22857
23358 38935
32391 2219
29469 45401
34752 21781
29665 10147
26585 24651
38102 2220
19430 9347
36319 42785
12722 19284
49331 42010
8967 19708
36788 47698
24522 42108
24791 28880
38460 49446
30994 12194
80 23634
40451 7630
15102 47359
32694 1204
19637 39137
36532 33999
21950 23409
33436 170
6143 13117
39434 49404
8605 1159
9548 17782
37170 28041
16039 8560
8782 37746
38307 685
36490 34286
29091 49080
44464 14764
14842 40290
47386 32329
16028 42012
7233 47826
36929 41996
42483 49015
22687 30395
29927 28214
36967 21260
43270 10385
22765 4014
20083 2369
44480 25969
36815 22887
22902 17063
13442 38870
19404 47121
22306 19501
23415 6813
25184 30669
3240 10315
43106 34449
874 25563
2169 36561
6238 36234
49264 15717
17375 45557
589 19026
42706 3271
36471 4009
11586 10290
34471 21015
46751 31029
26422 2156
49872 10596
40216 920
14200 31058
10076 27198
36549 27804
2881 14547
42786 32530
43222 17243
17996 46874
34873 39994
23536 20596
40509 20951
33986 22254
36461 321
28504 17138
10416 43632
17412 23614
49807 563
1530 49907
15272 19432
6830 11475
5646 12548
24533 36063
49527 22267
24056 36042
23306 30376
20123 5955
29112 2384
42316 267
9309 32025
7740 45161
873 29483
7411 11465
1011 27486
14886 33350
27496 34730
32736 43196
38851 16275
42899 47904
1539 26354
30264 964
45277 39459
28761 29372
38079 20693
7385 11524
27997 10224
34434 37246
31930 5402
39230 49294
27434 9651
11725 42127
18306 48147
33646 3409
35632 43731
33526 23605
27645 37772
26790 6476
9514 45009
21520 46309
12732 43011
48788 34685
25461 15165
7566 15177
22277 30190
18024 41420
1509 42185
40280 28598
10043 34694
36941 1106
16908 38130
38429 27586
3888 4944
6168 19365
25888 35344
5395 15028
13640 26966
49321 25008
14471 39294
19203 11365
3875 20529
37095 14946
8511 11998
189 35808
23179 7558
10245 12385
27010 20878
12 21806
6328 4065
15006 33854
10760 2074
27747 49319
40368 37530
1820 4215
20097 44319
10103 17828
46849 35510
9009 40647
45561 9595
40750 30356
41413 38411
20397 8285
37212 33891
25738 29763
25757 35630
39260 23596
46632 46250
40428 23189
14457 19279
19975 42147
29212 13839
21371 21952
8784 35592
43160 21899
14812 9571
38325 26329
14553 23857
26219 45694
36392 23916
44013 9224
28417 33283
6446 44908
25318 23663
35368 25983
3394 36093
6558 3133
7823 40736
12681 36934
5195 2214
47433 29243
47304 23223
5938 9883
40899 4458
23335 21993
39317 39538
18382 36529
8426 41174
21980 43305
28112 4624
42248 28027
48638 13307
7649 14239
3455 25674
31580 27911
11010 12453
47437 20786
24325 48030
884 3258
35936 30510
33756 4584
30187 25995
47294 36693
31947 43446
16105 31769
1628 18705
48114 47631
30004 42245
46461 38746
20948 34682
8137 36177
21936 34128
24176 22860
45155 3891
25181 30649
41487 7128
45241 48077
15336 7969
47323 28013
18024 31754
15110 18716
9310 33003
5550 43697
13513 29307
17734 47587
8786 32844
39553 36537
3994 42669
5858 38569
24124 44621
30951 2411
23898 9255
29071 22335
39995 28684
16537 11656
9618 38502
427 46493
15634 15539
8046 9747
49416 47416
41659 17283
32059 29438
825 28660
20940 21165
32072 3169
1217 18655
42032 6770
9966 38357
9660 1108
42228 9936
8382 875
44075 38419
27465 5731
13287 40371
21786 17840
33455 28626
41451 4352
33009 2313
37120 116
6232 11677
30204 11046
45148 42029
4791 35152
4193 5294
8290 15477
44400 2771
6784 18963
6110 34655
20734 7533
35451 27739
5137 46195
36713 5962
11721 3204
24980 18414
36685 26866
29732 47299
41017 3062
43334 34714
17774 20836
49779 11218
39558 49459
22779 40497
29785 45108
43482 4169
47424 16220
30483 39003
28070 3460
9794 29403
27620 10645
13460 43419
4558 2549
11562 27392
31110 49878
7602 4129
5027 29448
35543 1255
2300 19404
42531 5164
4858 20647
15328 17871
49465 44726
47261 5327
17299 36145
4510 25691
38647 16316
29864 43973
31890 35671
32138 22127
11411 35707
26908 30634
9328 27829
43735 26614
3889 8302
24225 42404
1277 23926
12183 40527
38837 7254
35073 18210
47395 7359
16581 40969
25080 24467
15929 24134
14721 40555
1677 39135
21084 42638
15370 13426
40540 45270
45033 19295
37097 37107
16432 8015
36147 31688
48053 22116
13729 34739
28874 19432
48806 27697
16828 35761
25556 36006
30273 41273
15475 15422
22508 3697
48081 7307
8874 13041
36219 47546
47067 42001
35993 36235
9001 47583
15782 37927
31179 16460
49772 23909
11991 11660
41731 45188
24170 12788
6418 7537
3484 33827
27052 831
6398 33628
27518 27653
35135 8223
5830 47967
9758 19054
41434 39454
508 12157
15561 11362
46928 17051
45333 17877
26708 29421
35435 25493
32613 39220
27015 31738
31970 24204
24291 44448
22449 31853
1139 16367
39734 9014
39110 32746
35403 27637
10440 26627
30123 1039
12221 18081
9858 48360
38704 44314
41788 36169
28433 46181
1491 1145
18657 28330
37657 31042
37905 29217
9509 4059
18270 16542
22135 7854
15559 39001
46562 43831
23130 15826
43059 363
18102 10141
41273 36652
1909 10283
41070 31888
14157 4382
44560 22730
22988 6830
14299 22192
44006 7217
6981 44997
47142 27718
1001 13473
47267 18392
49995 21410
1133 11009
38416 43022
21415 24878
16367 29545
13328 42502
45651 7442
27114 21371
26181 42100
5596 7623
24961 38819
33974 24759
15582 41107
21227 49834
12673 13206
35545 11193
41165 34971
43560 12152
18763 19040
31279 5772
6631 31988
39109 10630
44268 30823
566 21301
627 44152
24347 18485
5671 40647
16187 2050
18498 39180
2961 19974
2305 25275
17033 7621
16131 10836
21238 27865
18002 6993
31655 2014
9762 20346
11263 27427
43705 34728
1547 35761
32279 8170
13557 46105
36186 16915
16157 25132
48036 43374
32715 21989
21581 8342
26928 33061
33346 16603
10286 6690
12911 42373
5478 21317
29607 15164
20883 22087
7262 33597
48752 2310
3063 27021
7964 11020
44899 22208
31614 37405
27620 38671
15724 28608
13151 25978
13702 8754
10567 8044
13502 32007
41408 43850
24958 21295
22486 41062
28974 10830
5194 22515
20004 10726
28422 5349
2971 18106
14927 3122
20324 37805
39039 31765
29972 39998
29240 10442
35112 43385
30477 16505
9411 3747
28362 36399
23243 37995
14809 24918
33244 37434
35096 1908
28030 23128
4887 26382
24566 20794
15040 36017
7470 43217
42742 20769
35642 34742
2957 23324
41046 25197
33060 40976
8883 13389
17992 37874
19899 45624
33128 2983
19025 7882
13906 35832
30880 48557
19998 27839
5226 6816
1281 35688
39075 7718
26470 20593
43012 26240
23831 20877
37345 49723
13964 47254
36759 26863
1738 32595
598 21699
17167 23579
48898 27946
8633 35075
7459 26843
26519 46907
25668 49983
213 24378
20 33335
36968 5240
1949 13032
14231 30458
36368 42979
25729 33859
14459 18297
43183 31990
9668 28409
33541 5781
25184 37224
16358 43925
13138 11396
34750 38779
36330 23388
5623 22431
49833 42084
37217 9734
17156 22722
41669 15800
41459 31442
29800 21601
34434 36903
3935 41615
12299 9788
32375 38184
43168 2708
44349 43901
26415 16124
42022 9319
15252 23278
31002 28648
48352 18989
22175 7199
19926 14072
46132 18877
25799 45267
6148 24633
29471 8571
27228 994
49867 1038
38894 44858
14040 11712
18968 10510
28304 6060
19932 3101
8537 48360
41640 15766
45519 31478
24987 41041
41870 43418
38584 36556
39357 28313
6846 47730
36232 19199
47310 28951
14530 49592
8444 75
45701 15015
14638 39464
19880 38749
47803 39940
29527 3025
44544 46455
9463 28182
9385 37078
14815 4179
44107 12931
40750 21743
11628 33630
6519 730
39200 32110
21660 17708
47119 21674
10088 21791
24541 40919
16626 49078
17403 26552
34321 3132
8720 33136
545 20168
2428 39787
49468 2376
27312 28755
28894 21583
45142 17481
32447 44967
7877 42021
6304 35800
43363 18618
25415 44659
42057 22771
37410 13356
35121 23089
19216 17854
16233 12938
5057 22368
26372 26606
22305 36525
25225 11655
20347 20166
2526 20985
30835 31971
46635 6314
32776 15590
34480 37571
42206 27305
32323 22797
2641 14098
36477 7342
49028 41845
18571 21440
18982 726
8723 37124
17299 25921
47433 27277
37904 15321
42622 33552
36247 30103
2973 21013
14881 39893
18450 28764
34030 7632
700 10618
25980 49176
26738 8368
27900 1103
19745 23446
18715 45066
23555 54
1572 5187
22267 32639
26941 10908
34230 34073
42801 49425
28976 9960
28356 33702
26372 16922
23537 41080
21854 4781
32929 16991
43229 11253
29901 25460
41281 28732
37449 48277
46172 18088
6185 42135
45016 32831
20004 35773
36803 16711
40109 45120
38750 46974
4473 4470
3711 49984
35264 44751
6693 26050
29291 6094
39789 15704
38762 36845
42817 35207
4545 10479
6227 32327
43019 27300
1838 21743
18411 9245
257 36731
1364 47026
6905 37912
6050 18993
26513 43728
44421 245
43806 9423
37245 7338
31066 11381
14923 26811
26984 15842
28549 24007
28601 30650
35535 33444
33014 15443
49918 28032
16394 44446
117 37305
46015 14812
34803 38015
17568 26125
22760 2674
26920 32628
5751 18909
12888 20119
13866 27921
23605 35661
13821 6130
43119 39801
32321 34915
9080 5256
44073 45662
30221 34124
3000 41287
43022 19574
23904 34790
9196 43913
28295 22792
46051 33603
7670 27818
13668 25704
6851 27932
25335 44565
29839 32396
32987 30118
27722 40959
39495 49261
40740 27155
24782 37307
41010 42389
17026 29664
7541 7191
10264 46879
12594 27003
40375 34556
3469 22389
1338 15078
34797 47824
27993 4983
42401 22237
3920 29150
15626 43533
35180 44341
45797 38522
33432 15125
18130 9412
27562 5688
37963 3135
34561 2658
41205 44559
25537 9224
17543 35092
44651 46880
3058 14187
40885 12530
38272 22382
18949 20859
26515 34776
13612 38987
46661 18143
2749 5074
31529 14675
36617 14607
47364 36114
38088 33770
24837 26923
18691 20021
14128 10762
8714 7831
45187 44342
33781 12586
17516 20368
12244 36061
12302 45930
34683 45446
17258 25255
24555 32454
1905 32562
23939 42344
38315 24321
24442 38676
27306 26150
37693 5818
23022 19764
38858 30389
14669 2002
49453 38312
36715 12736
42492 15743
32717 41604
43635 26141
38777 29211
48162 2527
17990 49104
5641 13800
22087 4617
23963 21845
25138 46417
15234 15242
27520 31944
803 38884
31817 3873
28945 11959
27569 30812
28408 3879
32429 2329
24034 1295
1857 13774
42129 11146
27053 30324
31343 44692
39321 19232
26128 5708
45250 34914
1181 6667
8592 39637
8675 26150
14014 15441
5818 13412
36144 37416
37781 37381
40920 14440
19419 37624
32811 45345
26927 47692
43645 19176
13949 4917
47633 36759
8174 33719
1192 3010
43179 30365
47851 394
33664 12331
49602 37682
6946 16887
39432 11238
38481 36066
41508 12472
704 16098
31607 31230
4066 17249
37654 41015
24276 554
35920 46530
30519 4919
14030 12691
18800 18725
7028 6146
1945 39069
28065 46583
30529 31442
39905 10256
49901 12977
31044 39772
5382 46606
44141 20104
19234 33409
49372 9124
18552 32016
28951 27493
28526 17336
42331 38063
6852 28995
10396 31695
31648 9758
25128 17901
40719 10292
39874 48111
42741 29531
17449 48690
23719 3692
31455 18694
27553 19992
2320 4027
39440 32160
40842 17291
31098 11633
11498 45542
43396 10038
10222 24331
43109 19579
21379 17352
32223 14113
25131 36572
20224 3899
30034 28448
47665 13914
36145 34924
29463 43904
11619 26344
42495 45349
30529 27149
45490 27431
36741 46909
39182 41628
15295 41033
46980 47751
30365 17350
21459 7622
46517 2387
14945 42698
40172 10457
11170 41142
44123 27088
37410 49382
6783 17843
21589 5422
26457 34627
27967 27446
25253 30107
29591 26843
23930 771
8458 3649
49354 10328
49903 46626
40631 34790
22472 28206
11021 30326
15414 8722
3309 43289
13612 14487
39468 17165
25025 20146
26707 10389
18538 44344
40814 35308
3687 19036
42478 18724
34448 30447
19876 37636
4522 26866
9438 10134
12648 27284
30077 27569
5537 13575
44317 17591
10066 30842
4951 30270
29941 12900
17064 996
27188 32685
11433 36618
38727 31665
33363 45892
43367 10800
9735 24740
16021 37685
23049 15483
15424 17167
16661 36612
44512 20800
6398 43153
24106 4235
20786 45656
22183 30353
29459 23234
3642 9368
194 4811
1988 3890
37592 4328
38923 38600
25450 15318
18327 22348
29750 37665
41458 7543
12617 20120
24792 49483
24481 35158
26102 38154
7416 14260
2404 18429
32854 49965
2346 28387
26697 18758
17540 4422
5213 6814
12718 48518
7962 24714
44579 25576
39932 7785
1983 45391
42063 36181
43416 28712
22090 47995
33941 23461
1985 21946
49649 31826
28172 49960
367 30709
24530 42576
45720 12302
9172 44185
41914 5996
45455 24946
2943 6707
46757 41219
17704 21508
15934 12249
48713 1069
36650 5411
24103 33721
19042 29076
41490 16888
10474 37805
38589 765
10037 29186
45521 10096
4372 36428
33515 43819
33260 39522
48854 44904
6885 36014
30794 23861
18500 11955
27615 23757
16553 7260
23817 21346
8506 33843
2742 7509
22767 18825
13727 39338
45266 5210
41179 8620
40543 1452
9739 42425
36667 14486
22174 48713
28438 25796
42292 20247
6628 14572
28543 10672
16328 11324
18524 42992
18859 43733
40355 3839
21063 45713
5040 35303
27503 30957
4518 12529
8225 32806
22503 22175
46817 32830
32695 16418
26692 35924
21979 31327
16568 35678
37038 40187
21632 36154
35637 9065
6984 45228
9820 23706
15601 44335
10466 5629
28442 17473
34080 13637
25802 42517
38005 40799
37334 18109
36647 28420
23978 5107
21369 34115
8203 21448
37332 2048
31005 46299
8695 8741
9236 6991
24667 23452
17013 43851
1597 19176
20170 14599
41838 22887
17461 26852
16653 48077
6460 20456
28492 26537
42992 8795
30028 6264
21079 970
49922 11217
11333 21454
38266 35434
17953 3557
36359 30420
12487 38904
19134 6635
22764 9017
2195 38607
8053 12981
24802 1032
21539 5205
36856 48726
6623 49646
26970 9901
49425 47417
43700 33576
38551 21005
32888 35834
36156 28854
17833 33763
11346 28132
25033 43253
32788 28793
18100 18203
26578 45264
5451 27240
15100 22841
34746 42551
35431 22638
26413 46559
44744 2922
1443 31872
40385 29314
37221 45863
35557 3509
46920 34196
17887 10262
506 6556
39400 45247
853 19444
13752 23580
22487 7656
9147 37018
24225 35063
5729 14913
17170 17762
25324 16477
49169 21891
1432 17456
9580 39514
25692 6906
11006 43019
6482 42656
36814 18084
42428 25960
40082 39281
11667 32482
44635 4597
27465 10056
24567 7327
32426 32090
25342 28716
45954 18548
36922 2632
45142 842
46944 46445
12088 1542
19678 41346
9699 44960
14717 9517
27313 46313
35851 9379
28501 17835
17789 49788
229 13877
36576 19388
43461 5335
353 21238
12174 42759
25699 26258
37251 23715
19211 28209
11713 3791
35106 1569
45533 33232
7429 16578
21874 15285
21193 3406
6891 10426
23887 38351
9503 27852
17434 36139
6142 37814
37991 38883
11768 2751
23218 12050
8321 6929
20300 2793
35214 34266
19109 37845
35709 38616
2662 32950
37878 46703
24300 10371
38274 49921
13871 45177
11798 23803
43135 10668
17360 6622
36667 23812
20093 44722
29231 43702
43532 2969
19322 43584
15720 15035
4322 24497
25234 24757
14466 30277
5948 32999
9436 22021
20715 42997
33560 48203
4727 40260
38887 6676
45872 44143
48930 43289
8685 28947
1055 20911
24599 25865
12536 8771
44964 25632
9402 33748
13824 20259
16096 1129
46123 42728
23520 40345
40003 20103
37188 13258
49180 15554
18649 497
2393 7930
6636 42027
23963 28505
24351 37982
17425 17550
24500 35396
30090 12094
25546 49667
10318 24345
31386 33752
4475 2726
35080 4116
23252 24644
15760 24871
11396 19570
37074 10746
2828 49466
30555 25797
7840 31825
4441 27919
34305 13307
21431 38320
25442 28129
6727 23791
46965 40113
20134 14680
23504 36569
25384 36202
43609 40685
42313 47820
38520 41214
42539 29878
29428 49268
19805 48134
26866 42064
42089 30428
35682 31680
38923 22934
6962 41762
19377 15547
45501 23252
8699 6602
9948 32191
10698 33740
34511 45237
45096 9334
13207 26293
30782 23254
36179 2194
23351 47097
49908 8161
11704 34304
19526 2252
10585 33448
35781 46790
47040 34329
44300 9884
22387 14284
3010 47356
30092 39610
31180 47257
39132 3766
7402 31186
11153 6850
32156 40928
49490 37420
21506 49957
40657 31024
39765 7663
6169 33115
6802 48187
24569 6013
28188 9775
5213 15740
47217 13823
10349 29973
12237 2361
10206 49301
38029 19553
31139 48236
36536 4194
5914 20498
42430 982
37415 16899
42520 24363
33088 25227
11866 49838
14632 40511
31700 5687
3893 16223
29204 6116
22582 15225
14408 47755
34650 29885
16655 37008
982 25202
17233 45374
12152 35956
36436 7111
15986 25445
496 3673
36263 43885
8352 11339
49079 37188
28482 29553
18957 7610
20688 37765
14982 11874
23841 32368
25255 18230
3304 45636
37491 25597
1664 17766
20369 19978
21145 9152
39136 8992
1463 38610
7125 17076
32834 45863
29037 38772
47155 30992
13505 8299
18759 37477
3212 45521
1386 20365
33235 32928
27890 28776
36809 1048
9886 15938
9819 41624
44644 49467
22734 16342
39554 38377
4524 30673
19956 7388
20246 43928
22847 24568
23656 19251
47952 40228
48904 48895
44442 14257
37460 36429
20096 34401
34888 11894
38533 17042
45265 5504
30801 4696
48435 28766
7485 48346
23668 49596
44108 47319
15080 4089
12151 41719
14683 12234
27416 44198
40995 24022
17536 4478
29638 38611
12532 21186
19997 24859
36921 25830
45771 15365
28191 7377
4783 44903
33291 12532
24589 6680
24044 11264
20465 2022
43662 43612
17555 33104
7299 12125
40719 1299
13864 29417
37159 11642
5053 8842
20840 48161
21382 11346
37356 25144
28908 25670
1476 7822
35346 14450
19258 9863
38716 47977
20550 37675
240 32460
26302 8631
18560 2951
16920 25936
4887 3157
13676 27654
36763 17855
20245 16993
22078 42279
37772 33665
3248 37286
15336 28352
359 37478
21840 17887
4473 36940
34746 25791
22697 45944
31566 818
35014 26617
5156 12329
16262 16860
20304 29832
37290 14391
24892 28509
37922 16483
44251 30793
14637 36784
25524 13829
3507 34723
12275 47802
36849 6709
41147 14171
10387 25453
34522 32854
47583 32797
37 35828
45732 38512
6201 23431
1165 5931
32583 1737
49909 7021
32093 2135
49737 7545
4201 5334
45779 21862
17987 41954
27788 29959
49610 9446
33157 18406
12425 30399
122 33184
23606 40311
13067 32464
48958 10436
4376 49487
2459 2185
17363 24000
35207 6597
33908 35748
5332 1557
13995 21966
9853 9068
1921 43672
26550 3999
34746 42612
47807 39444
34668 15038
46527 823
44280 22231
33640 32785
13426 28853
25900 44057
44171 41548
44602 13137
47482 7169
15359 22515
24465 43478
2825 21668
6395 22855
8581 20288
1794 22560
7951 3628
23481 41244
19812 37914
35019 215
46137 2027
8005 559
14429 29546
2847 10293
22212 28016
45207 27513
6202 59
18956 7762
37888 5401
28220 20119
24146 28363
27912 36689
47934 9931
37259 15855
20001 27115
2370 1127
49260 45313
6178 23285
40210 41878
1257 23268
43808 24081
14282 23761
7371 23467
44496 46612
13449 38472
1051 20236
40223 14432
43705 19749
38966 38554
7077 44228
36628 9196
12885 13976
6716 45988
41755 8968
15900 42282
47807 9440
33897 11540
6067 2759
2351 36701
35209 21939
47118 41726
16524 49090
2976 39053
27155 31474
18098 28013
1955 28218
9309 7188
37111 8205
29290 17138
14738 28724
39973 42661
41668 15836
28831 41734
30437 43092
41676 46878
32644 1255
34762 46408
28852 21764
40903 41005
36407 23899
6458 40427
30015 28790
31709 40123
2824 13931
9228 39122
20426 33789
41859 3021
44759 4032
29258 44986
43282 41487
48894 30025
25808 22439
2574 45075
29690 48142
14924 22201
37688 3660
15318 28752
13559 36793
13111 34767
11392 37285
21265 38453
48538 16686
24995 38401
40063 41660
13982 18426
17611 41656
13968 14240
16398 6063
40297 8609
22016 44262
20235 24114
16288 3229
4377 44699
36198 47155
40665 46639
3671 34233
17697 23549
18540 35949
31300 46794
37208 46332
23721 19228
23857 15029
44451 15217
15905 24782
7730 3029
32141 18078
25109 22996
36165 32026
45007 45567
46975 47338
20771 19269
31059 42325
14721 26559
14575 19396
25750 7559
6350 39540
18802 35418
30393 15164
41507 10665
39877 10138
13957 4883
1117 11994
21236 8066
12881 17112
12837 24493
44241 10962
41994 3404
4368 27924
11421 15816
45659 14309
6424 49783
36599 49104
34991 10815
19739 47751
43172 5558
14957 20642
33922 39300
27049 15737
33691 34451
6851 25871
15178 48506
33771 29662
16786 12799
15960 34307
36466 35159
39535 28635
49332 458
46768 45089
47242 21819
9376 1363
26059 19795
23888 40144
47704 35977
15141 24514
9128 40473
17914 33536
38959 24983
25616 580
29295 17205
11026 17801
11941 40290
15475 44519
7997 33677
38103 48881
16898 9882
35064 4
34741 48142
30866 4335
1667 45003
7352 29204
182 48691
23747 21335
24300 13618
3135 36427
38419 35498
19131 13515
26860 8722
11174 6106
42757 40689
499 34816
39387 28222
34120 20262
21501 42573
44026 763
5214 35370
21102 46277
9156 12748
41497 15967
13371 27306
2263 20444
16986 47856
3200 42221
16202 30838
22654 16153
35056 12859
33460 47380
3895 25491
14532 39931
15837 9094
2157 36946
48363 36944
43826 17523
14593 1893
44449 26731
8675 15700
2465 9297
17405 9108
12603 30232
41836 47090
27220 388
22361 36812
17476 31020
21166 12927
2437 16313
26910 7604
32865 37569
48491 3320
40472 1196
1203 27413
40438 32126
46574 15242
40269 33874
45035 4185
5030 35323
27395 11781
5119 21327
13814 21141
43923 22423
44961 12277
6009 46292
37701 34595
19678 600
34104 24013
1333 48764
24787 32296
44130 33115
36050 15701
19597 34591
22142 25873
49282 45492
43224 21761
25093 22436
4184 28242
27210 6696
22852 44180
35805 43248
26788 6698
4070 49558
46361 25184
42835 42473
11218 9079
35170 40295
38631 23251
33392 23705
18555 10021
7738 33041
12500 39832
47194 49351
29766 7374
41579 2385
18105 7783
27550 9582
1657 7299
17275 28494
28764 5932
15493 42128
22091 34855
48603 18304
5383 33167
49998 37904
33223 947
18622 11915
35273 9293
20455 36890
30286 31576
31132 5090
48404 14829
1445 24786
22372 11361
23534 18314
23386 14822
14113 40087
4683 25699
47606 16251
21317 1107
21610 14347
7588 23918
27251 25607
19573 37446
19711 47666
42301 43892
19512 1400
3555 30991
7190 3638
23070 42993
23906 11819
20761 3122
32468 33344
40464 40406
42068 18621
12254 3367
41557 26903
41531 18352
6303 38783
19694 14779
8442 16396
6141 19155
30844 49285
42989 22660
1163 33485
4707 18516
24798 14395
10671 28612
31262 28315
36204 24663
23602 33703
19770 34634
38061 20753
24819 40318
7383 5197
25898 17062
23332 4109
35671 48340
28707 26333
20425 47534
17095 16777
38612 45694
42588 37758
29484 31865
5960 9896
29426 15302
14560 21369
39561 13959
22094 29900
16148 22865
2195 15823
17718 26237
14786 5469
21769 18821
22546 8531
6617 44363
48449 24803
22630 32649
18137 12101
22631 32196
41649 12419
9981 1332
8453 12611
7617 32312
31702 9983
31828 2674
32309 45876
1960 36140
46817 25838
46021 17785
21054 12487
12750 42585
48044 25625
24707 20068
35489 15040
5475 8422
41348 8011
28081 38174
23892 12908
42448 5797
18653 28890
4472 37873
4650 28605
48776 27775
29208 48135
10931 11863
20594 10285
23997 11667
31384 8332
38127 39360
7564 19760
9125 6272
23038 24744
48268 11552
7598 38556
3119 30120
45031 27498
21843 17298
9681 7162
22398 42758
1817 38355
49902 18038
32327 26850
37940 257
8102 20363
48072 33313
29011 35411
16007 33804
48608 10880
13630 37946
41923 3952
8041 46220
24564 521
47795 25111
42943 29955
47953 41377
36748 69
46278 28463
48917 19560
21488 22291
47912 26522
21712 38315
18211 40676
41866 8884
38130 23933
37741 49010
6034 3142
27109 46053
42032 20963
19423 18245
16594 35322
14559 7174
29846 26338
29512 39215
27017 5077
12672 19117
25094 10903
2023 38601
1463 4821
25522 46264
12680 35475
38546 38599
15883 21439
45907 11781
19690 40426
10108 7453
22077 39136
31616 16178
36904 14014
30228 7737
22525 45985
14858 37611
11741 32230
33511 15364
21435 46638
20207 25698
34214 44855
44955 24365
33087 15711
28693 45239
23354 36077
29334 29008
22010 31434
7363 17328
32174 1011
16278 22325
48025 48264
38686 23855
25405 33463
26580 8221
2927 20107
47567 22614
41399 28294
40698 38932
42634 48165
25739 37039
7437 27189
1035 19166
20602 11498
34536 12425
37698 27911
21205 23908
1207 42941
38218 35028
41607 48925
30270 12472
14898 1485
2070 2902
20444 14570
31353 17648
207 25661
28628 628
32299 10104
45706 7143
25459 35856
42250 8906
12377 46084
31573 42270
21967 47593
14070 18251
46742 36398
32701 48777
33739 44865
866 8347
49394 20250
41031 46096
2890 27086
44750 36777
28074 19492
22894 4088
30925 8915
845 19933
14380 6528
31519 39160
1926 11785
15128 44349
15532 6601
24700 4777
11612 30213
28192 25783
31796 22747
20441 46227
2324 40943
37544 39850
11355 17091
38320 41034
19085 7764
6312 5331
43897 2520
41626 35082
42742 39930
34297 7986
26926 11325
26589 29731
31652 11683
8101 28802
3593 47309
37305 37879
37134 22286
24383 22940
37639 44791
46018 14522
30231 28502
15055 6057
13982 20835
7918 33687
15223 16447
48524 35414
15012 29972
15926 17374
43658 49617
32516 32814
18790 26039
36495 45635
48919 35676
42195 19820
11341 15022
18953 17556
212 11231
48980 34812
21421 28340
19137 45702
37021 47585
27324 13032
48498 44832
46615 35406
19450 19051
18760 22310
33095 6404
41805 19705
27509 5828
35849 18261
9600 8204
33649 40647
28126 42315
37634 7476
32784 1588
34119 3665
12765 22606
4134 26633
44925 33383
27387 34175
18820 1091
35893 1713
24756 11962
17586 30661
294 18809
30507 47825
27295 11296
21677 16884
9174 27635
7274 29271
39860 3741
26167 29306
8569 44766
37141 995
15288 31736
31967 18185
48217 49076
19651 14367
12320 9342
37492 29101
15544 28767
44136 19630
3050 23593
40160 9072
33189 25984
29288 13445
41097 16358
33437 16920
41893 47231
29986 31002
15190 23898
26248 31508
13085 44962
15599 19013
15434 6338
8981 16949
33915 48210
47910 34527
11143 7845
14480 9333
16281 4223
6918 19642
40827 17925
45480 26084
45641 46631
36490 511
26247 7585
6802 10068
24218 23173
22460 36365
20879 36991
18334 15692
25665 20073
46956 10619
25821 29906
42056 35128
19858 44204
29356 30025
22118 47312
21553 853
7895 30131
36740 29679
25715 16985
2543 37359
43245 889
416 24023
35554 27585
22393 35946
11888 17136
9072 6177
43619 42238
10633 42827
36610 27657
23961 19961
49982 10636
32073 7498
9193 27118
13755 5048
37057 15451
25309 33945
9770 3860
39483 29882
35629 28910
9878 19123
5095 47017
6153 24464
9276 17634
20183 1064
26471 34710
28246 30276
11790 49140
13880 15376
6180 33826
12450 22906
10946 2433
8415 38519
19594 1161
29755 49498
19998 46056
9759 45626
37861 9735
31179 34996
29912 45692
27585 16165
35816 30464
6879 49744
19987 25838
20757 20394
170 15635
42390 16486
7170 47676
16052 5789
1680 10669
15609 42136
5266 47493
7461 11121
47964 32544
29294 7702
47646 20762
15216 37333
19058 35855
37418 44548
20548 15543
36484 37197
48183 15834
48554 17657
29145 15414
22685 9592
12051 45765
15448 13280
44556 20008
38986 46367
11889 43252
40049 44116
27974 23684
34934 29098
43521 649
30 20760
30903 8556
21761 41625
6347 12223
3232 16632
18648 13932
10832 23669
31688 46607
35758 6385
30257 10929
14373 30597
46228 40064
27660 33839
16380 19395
48 39642
42901 7456
20176 17111
34430 49514
31586 42646
22685 26889
25173 4301
31113 10928
39420 33840
49108 38618
28837 22708
32976 23853
12979 31707
10581 44502
40310 10061
7231 37997
46804 41170
33404 5104
16445 17631
14873 38751
13243 10384
24798 39883
16851 413
13501 47071
9507 4942
44174 13671
6520 48616
24358 4602
42300 49404
26970 27629
34487 37277
29439 30254
34882 30668
20166 19939
10768 32123
12258 45707
4994 36016
43028 18903
7250 11761
8305 27700
38794 2288
40094 13716
8611 9366
44863 33482
3351 28826
31589 42693
49697 13956
40732 9788
9247 1066
21745 21630
32206 45902
33749 33667
20500 14133
44706 41998
30878 41842
20754 42752
39524 40184
44050 11469
28720 39751
14618 20619
29267 37184
8933 34553
27287 42615
40856 40753
33083 25397
34496 25397
20200 16216
1991 41142
39403 398
41857 6902
35698 5110
35202 21198
16766 17656
9127 14217
43074 18682
33288 3968
21239 178
9352 23378
1863 19430
6564 18165
14314 43553
28590 27047
43153 12219
45474 45116
2899 8307
11994 28164
4216 560
318 18431
16159 41616
4407 47778
5779 10453
47405 41385
2389 49707
1115 41662
18376 33793
48148 32447
28327 19444
42179 13969
16886 18262
28144 13012
3175 45562
38524 35227
6200 46652
19469 28997
25113 22150
46926 49662
1708 27709
4874 18958
15659 43361
27719 17102
12523 27922
27064 22628
47797 16182
1746 41915
25166 13711
26420 48965
49325 22332
48592 4436
45196 41663
15496 48157
39613 30226
5812 15688
20143 15666
30767 8857
3862 8621
19288 30122
30430 18284
33187 461
43946 25533
36247 35284
2645 37934
10717 32573
32714 18330
17948 31908
5081 1253
1107 422
35889 25037
5959 17889
38972 838
31945 48485
44320 580
49596 43224
26244 825
30722 18126
43615 47714
15344 11446
40630 42257
37856 40019
14041 5477
34008 41709
44489 13227
19360 5421
35355 34181
32000 7722
20995 26470
27460 17028
35388 18012
34633 23760
12141 49029
14600 6089
26928 27924
3463 40333
49098 40798
49472 27854
43776 13962
39852 25788
17788 40958
8865 19112
1960 40276
43578 31669
40458 44898
2374 15429
44898 22264
21983 28763
49076 43605
39905 4708
46484 1445
12920 19454
39832 4216
20815 49416
43421 46063
33146 42123
43842 5280
3917 2660
16191 33560
790 40500
11266 43655
41422 24450
5229 38992
43545 39757
4842 24143
39047 6267
44823 6936
26575 5458
9895 23172
48138 45724
25836 29588
37058 8938
35942 10924
35108 12671
15950 34007
29839 30651
11003 31030
29030 44302
12323 42404
49201 3483
33853 33724
31033 16760
38001 46130
13307 34444
48408 45085
28312 37058
40425 15950
32646 2799
29209 172
15070 24243
44897 24895
23764 37448
601 42014
32332 10248
39344 11004
33346 4700
29767 17933
24147 22867
21667 12888
31021 6589
7701 24947
31348 32634
11433 39958
32934 41657
45749 7711
10124 8847
7283 36827
10631 20631
25455 15153
36222 15041
36509 44712
11731 20526
9592 18631
20484 12199
47926 3729
3870 41954
3180 23170
9527 38860
34580 36419
23278 43717
25620 31922
20088 35682
22660 16354
48288 2189
7453 38224
19841 19013
12428 2498
8774 49500
19506 48033
6392 47326
41475 35072
358 48618
6984 21022
15319 10267
34450 27389
23866 11066
5825 12262
46387 21935
45174 7331
28451 35636
18443 44840
27015 35185
44124 8572
27629 39157
27648 18029
43901 9333
19647 12745
29222 33333
19347 10478
8548 2014
26381 10105
38545 30221
45946 16927
8192 18236
20286 26842
9142 27097
37918 33422
21000 8551
46119 16416
27995 17272
9289 37574
32976 10443
5695 33330
26916 24723
15469 45055
48968 40676
27335 2732
49627 49215
5772 42343
38228 32244
37449 1108
5002 18697
26847 48371
28343 33383
20477 7463
7898 48817
32567 49489
41252 2904
41234 17368
5535 30818
35457 4172
7497 48153
43189 4939
40642 34328
31512 44299
1259 11430
29843 7336
10586 4576
11518 49279
38304 9409
36623 47045
28372 11943
16011 4018
28141 32172
37116 10361
471 37489
25864 11373
24310 13649
33501 15250
47655 1009
12482 10103
3096 31635
25582 20213
18675 774
30979 14644
16911 39015
10773 12344
41597 3239
19770 19311
26562 30970
45604 17162
21580 8416
17854 16475
19226 26249
8646 43519
15555 9756
29676 43510
36319 1982
34966 46333
33970 4866
14293 35256
34131 45546
47558 45344
10115 44219
39983 16885
34380 18615
4288 8546
36644 25886
2167 22923
32042 11756
32913 49220
39171 5488
38684 26381
45778 40339
49447 342
30415 33618
21926 47612
37122 507
29143 43419
17546 12767
12088 23456
11805 9224
32954 19464
35849 7750
16082 31777
10678 20337
36540 15919
9989 44569
15123 6261
19561 11149
19029 16510
2977 18629
17574 20802
11061 28748
16765 48967
9700 36857
37430 6784
13218 33233
41566 46629
46893 22101
34694 27994
394 43641
11195 10092
20729 46475
15527 35608
42037 45356
10797 43439
31920 4283
24988 36962
19602 22768
9006 16431
22805 11704
15889 48758
31732 5936
10848 32961
45516 12778
12657 7174
15524 25174
6575 12754
34602 35819
8519 49436
30550 38464
17319 14665
3772 5724
23839 3683
5030 4215
28074 5336
12713 6928
19828 44627
32968 38478
42876 33707
7548 26084
40455 9512
47948 24596
46137 37299
8940 26513
18457 13547
26422 46199
31158 25497
9375 37422
42100 3512
39634 23889
1721 6126
13010 49323
47560 44933
27889 1418
32713 19498
14758 33823
37316 23481
36784 8332
24042 2541
35190 32332
39872 31219
21574 39296
41807 1381
31211 24636
11812 33205
15922 23809
29591 2573
33652 38775
34495 48764
29506 15596
39931 2129
24731 6137
28984 40815
16166 37627
49147 44248
102 18356
42953 8733
13091 17491
23997 25676
26021 6669
17449 13583
33004 13794
12127 11340
21868 9525
40381 3304
13330 34842
48272 30090
29071 40207
31098 41042
29365 41542
7199 42628
9244 32530
5594 834
29728 4987
49444 38556
25085 12912
2802 25835
30318 26618
11090 27172
44933 24670
28851 5334
43209 17063
28450 31530
2318 35824
7631 17865
23853 1693
44463 23501
46487 4016
21137 4160
13294 17771
13952 4233
34331 33041
18786 38663
14772 52
7824 49129
31616 15420
12872 32728
20273 37753
27840 25908
12929 12717
16659 12685
29896 25418
18701 26633
47974 4548
28337 34928
40844 36667
12736 47212
48676 42192
18232 41082
12605 23547
14842 15191
3555 34131
30703 49671
9713 28076
28473 48863
28525 8625
31019 39771
45382 19812
42204 4051
40263 16900
7056 38376
18409 5277
29866 8384
11782 35532
33168 14201
10523 27357
35205 48386
15512 15527
18267 15016
25008 6193
34957 17628
47773 22134
27463 39942
9429 22558
19035 46295
15789 36772
11393 47608
7516 12894
11216 32046
37182 40590
41802 49344
35899 6864
35167 35157
30114 29676
14725 12511
6328 5140
37384 10643
36396 17351
36714 27389
1516 37543
31034 40731
1271 16384
27304 42026
34184 20638
45896 47268
20853 4309
41566 11897
34340 33487
10842 21886
39277 1292
43997 45528
26762 1421
22020 33217
4261 21201
35627 23886
17297 19766
7451 43506
17019 10355
15082 23949
33391 12250
9850 5621
25552 1343
9058 25610
36137 35056
3389 20797
34632 22629
6510 30958
14106 35566
30792 1425
36530 14152
11088 35421
27673 16236
1049 5386
28498 28637
32079 39899
39481 25745
26531 37882
31756 15417
6062 41048
25564 993
7141 32203
29617 13866
20153 25710
46220 7234
17858 15078
33199 20260
46889 8215
7102 30892
20979 17884
45480 4607
45546 35638
13936 37232
40068 32647
3678 26697
41372 34061
43299 27176
43073 31975
6696 44143
5206 8755
24950 42150
19712 32452
6086 10800
19780 8169
13780 44928
41514 9312
49941 9106
11463 39937
27691 35830
14745 43335
18737 27073
33159 43590
15330 29239
48666 14516
41852 2393
11486 19463
16336 6940
24310 21953
47294 36509
35482 45273
47382 49300
43851 34105
47883 30177
17448 5324
11444 20834
2842 8514
38869 17930
6405 23615
4712 42178
25344 28936
44893 30566
1079 43293
14723 537
30245 13049
39594 7167
16129 15370
31561 20132
35568 13770
24884 38733
15064 21256
40218 38062
19832 43962
1732 26008
31229 37141
28823 22752
16138 41877
15238 24285
27300 46330
331 34346
3762 44511
28562 30601
6374 3056
27812 16025
38463 26629
27412 30083
9389 34731
11031 9289
34454 35485
49991 35783
3601 49269
1450 48594
1225 22059
41572 17604
645 14809
4483 21962
5710 23565
28306 2357
37024 30450
20369 38977
14390 13252
45150 17878
35766 14157
19032 28770
3503 28560
45204 13896
10411 23275
44925 31528
42142 44234
12370 30807
49745 5712
16321 23853
23214 28119
46955 2091
25887 28001
29994 11661
45999 4024
39408 18689
25129 17647
38101 17385
16771 41362
12136 25693
4861 40980
14472 36203
8422 24600
9484 7239
18794 49390
19620 5284
43372 27211
27788 7736
38127 35094
3941 49688
7049 929
19920 18205
28946 46032
30921 15951
25826 24143
45050 24301
9318 9533
30869 10007
779 20066
47585 23050
21952 45323
10143 3667
41633 35554
8681 4047
19366 38870
13299 11915
31232 25642
37874 43455
49491 26806
45032 44331
14723 18046
460 41373
16160 27031
21076 25340
47125 37334
19024 30035
20774 42843
42980 49146
43935 998
3736 4396
32659 42549
34283 5338
49054 338
47090 21241
32791 2259
31259 19427
42534 32600
894 24000
21097 13414
16693 21723
16199 29574
21796 12948
46683 44313
32936 5813
11251 28613
3411 18910
40117 48539
48578 43022
22454 12845
7791 7166
2586 49173
23534 18124
48035 41987
23154 7672
23558 38613
37798 12740
4949 40877
40803 2206
7678 35038
23703 49735
21779 24898
8922 35951
10085 2290
33481 23411
40119 45986
22531 49218
3700 15070
24870 15314
506 26645
47659 9528
39142 5843
16791 23875
35360 5077
38754 9457
9718 9523
49944 25418
40320 29145
18432 25327
1697 27653
11618 23699
22187 7758
28473 184
29073 40154
45594 19006
21904 24739
8340 46756
36297 46356
17925 9024
26829 710
22860 30191
49711 29821
28297 32982
20018 24704
23758 42682
2006 16367
13171 18460
23795 28665
43138 33404
27631 29134
35408 15234
30775 46827
4304 46631
44115 22537
11330 19403
49148 23808
20337 47133
20199 14833
46532 13595
17144 11363
22511 39874
40205 6080
31063 32791
6008 40877
25597 14243
25984 8524
40333 23213
10776 5032
22603 37569
33601 38087
26348 30801
15451 6719
34265 7329
5413 29265
41886 32256
7112 32848
46885 14551
28694 9541
23344 44761
33120 21261
46934 46500
47104 29603
33214 10158
8842 44254
33317 26681
34424 36640
40306 42048
48477 3116
20162 31660
27176 48025
19678 3380
23242 12425
40078 8677
8678 41321
30846 20745
32265 46440
2399 45303
18500 6520
47278 39723
6809 45455
10060 8824
19433 32050
10580 47337
8432 35087
45981 12688
47686 48778
2643 41390
8115 11952
42866 25956
22196 6967
32567 34842
49222 21492
43770 2274
21599 46253
44022 48320
27188 20340
9503 44853
5653 25048
17213 17219
28873 2710
24915 41608
39175 31169
8567 25015
10886 32605
20766 17293
5233 20443
3052 35917
15134 27679
13657 23298
43472 24756
27496 7102
38385 17625
9443 1525
6772 31457
28848 24124
30826 40292
20459 10100
5961 17665
27148 22696
34166 45021
16786 12634
10951 14630
38944 3281
20332 42667
29116 22947
5003 11753
10186 41397
3316 44067
42538 41522
41822 34616
13381 6420
14552 46597
40455 11076
45130 8923
46409 49649
48423 8603
4525 18994
46108 8944
25579 11081
19545 41176
37124 25030
37376 29934
12632 36183
35394 43785
9987 44278
29143 33776
18104 43590
26104 44576
1470 46841
45869 14441
33761 7555
17141 38495
11741 43966
10303 34344
40010 2137
10662 36645
46210 4835
43615 16236
5429 39011
25325 42327
16902 4780
14177 11333
16944 37141
36228 34269
14743 9289
1865 443
48900 5485
32232 25512
36635 49988
13934 49407
34412 5878
2745 20738
33234 25942
12787 15724
7657 43893
5760 39793
40809 13090
29957 25503
26820 31075
12835 47405
24901 49695
34836 42138
29604 1863
44183 32258
31259 10957
41920 49715
23317 13203
1131 32539
4723 42909
33567 8925
31787 34150
40591 18539
43738 21006
41893 10848
29832 33842
28203 46523
46707 16655
13117 47171
42900 14800
20484 3093
4091 29533
43665 42966
2844 16835
19334 15049
7079 10834
22717 21197
8634 11002
20474 34324
16104 2270
38737 19994
5640 34901
30537 29731
12611 47976
48785 521
44432 18687
38664 49112
19364 38344
29556 19119
26230 20502
20027 38879
42048 13883
37574 34410
16701 20423
32339 34484
30626 41048
34861 6509
42412 22197
24498 33743
40928 15445
10317 8647
14985 30159
3341 5403
23362 5461
34873 23177
17104 19070
45550 22386
863 21590
41513 16060
40396 5821
8968 1506
46374 44823
187 21330
47869 36406
4409 38624
39280 18835
36863 19272
27615 39034
38201 16604
22114 5611
47056 19906
27193 35059
24826 23551
14199 26501
34397 6082
30830 49870
34722 11117
25626 20839
49378 43441
38769 46128
37424 49036
1659 35395
30196 37735
46440 122
6405 48235
23603 34086
14210 43139
38276 12000
7557 23438
16674 18941
14358 10200
1194 41222
33135 13457
35791 17854
40291 16042
46678 30866
44180 22689
23397 47233
29352 44727
43001 49148
32739 282
28171 42329
21133 47529
48593 42536
45080 3810
49991 10559
36889 17233
9301 15472
27123 8651
43862 22788
16233 34464
23085 18287
22994 23278
19815 40580
45331 25052
4596 25520
26916 47165
35170 10311
43749 27531
6370 44106
30725 33007
48332 11957
5274 44434
27896 4309
20712 6253
41882 2359
35167 37542
10669 6414
11825 13632
36825 17239
25348 45793
36733 30093
28611 39287
38628 35304
26190 4107
1183 6962
28683 11357
5613 44662
24374 1731
35334 26264
39309 17756
35951 33347
48052 35477
18311 6997
1744 39946
9996 27770
41518 5471
1166 32858
517 17161
5258 13824
33061 10542
6503 33827
33594 38421
41556 37462
13713 24793
14422 32260
23308 31566
3706 43387
35002 29215
35610 38912
13165 18085
16193 23069
7500 5082
24918 24540
6186 49883
15863 9944
1218 41666
5179 12050
33077 48377
1079 473
25645 45488
26231 17237
39522 8278
34266 13862
36514 11665
35925 31440
33260 8152
26059 39612
43559 11017
17632 6981
31206 44618
18361 49370
24347 30792
14302 10374
32157 25990
25335 1089
18861 8368
5053 18754
16642 1620
6512 25748
35790 29934
768 15042
19831 18838
28414 48197
5784 33626
35863 9421
36360 432
43034 49947
1743 19422
26257 35978
25959 13116
36894 29507
32176 36394
44831 41180
36314 45518
44882 47679
8075 27502
6433 17809
19128 37582
20569 41300
12567 29358
5476 168
49468 17023
7181 8510
8001 3911
8614 18993
36197 20384
13594 5167
44542 35932
44273 8416
38680 38303
20679 657
45102 16291
34879 24274
21294 10982
13970 38186
48990 2584
18420 1280
49359 42927
19020 11005
9755 35215
2435 19736
22756 21763
24872 13282
8674 43883
16668 30546
18680 26900
40342 10313
35124 49566
8095 32524
36849 37896
26579 34890
11788 38673
42965 857
28125 32717
38909 42921
31109 25185
14555 43106
35002 14674
23888 1780
4118 16761
9034 7176
37772 5232
18117 23781
20328 26879
7079 26807
44522 36351
12675 41690
46188 17844
35260 18848
36785 33131
16583 28292
42495 6492
765 20299
47036 18044
10506 26433
36661 13647
36271 11392
38779 43493
11032 2111
11961 10013
44892 46080
35454 2736
28408 11839
23195 23130
7653 21908
21229 39680
38825 23001
1276 41586
7030 45522
32110 41813
19400 27309
39806 39827
37375 19062
8148 13033
35269 48334
5677 17612
38041 25021
14149 16347
23025 1905
38451 23705
20146 46888
4466 12445
40438 9467
35849 48395
8487 48901
27952 22419
36006 46356
29678 30234
8021 45308
42170 49810
38214 14041
6448 16479
38186 4394
23672 24527
24143 48235
8051 47776
43454 3136
40206 46954
131 46393
16998 15937
48167 17369
16130 39213
30477 2251
39219 22242
12350 7015
41978 1210
29481 27559
32170 118
16133 23479
40820 1971
793 8036
41585 39812
407 23930
44391 35466
36021 4202
5036 37932
39345 9862
13613 832
46920 10183
32381 7235
9298 21947
33113 5774
16817 14795
22363 37116
48971 31790
1190 24335
32241 43360
34445 36296
33548 25599
37538 5772
49835 39203
47312 8223
24725 4192
2438 19095
20826 9126
12297 36945
45651 35710
24280 32015
32157 26259
26316 12528
35323 35026
9731 4526
33846 21202
2050 41807
15125 13160
23482 20737
19018 25880
11540 4333
18062 20188
7627 13506
44359 496
7408 7104
12807 13959
49516 26523
49318 22543
30706 33197
13214 24799
19091 27425
29169 2127
24407 2465
9234 5666
30094 23677
16721 11272
37615 20756
40711 4676
42529 39792
44970 6025
6842 24648
794 15467
28407 40038
48557 27574
46207 33945
43459 931
34022 44244
1927 30027
27039 25561
46721 1453
12084 36583
34186 20826
14273 12003
3462 32299
8991 27778
31422 23446
1497 18359
11659 47278
25172 45620
11250 35322
48254 5134
15857 29356
6517 40430
19277 4645
5739 44389
13917 37943
736 37278
21698 46972
6896 34437
29671 6391
44093 30807
10849 37616
23708 18902
47463 43905
14821 11981
32384 32311
49522 40990
10757 13963
44000 49830
31598 24
25433 38549
6410 21780
1480 4363
44296 20377
3355 5937
5638 12566
2104 43658
41131 21528
36250 40378
6414 24671
26848 14842
8590 46935
19484 32146
45304 28148
49021 30622
34183 30983
10339 46305
12886 35370
12134 36497
21093 4907
46791 7404
38176 14797
14220 19861
31497 28299
29613 40672
34240 25228
33366 48806
2579 10635
18186 25874
28334 23783
1462 18625
20082 24884
24828 39512
22744 29664
26135 49040
44901 16976
37938 2203
7893 25613
46402 29955
435 12001
44335 15050
39238 23965
22923 42557
22512 45853
3554 25540
1481 74
5144 48821
29175 27594
42089 42779
27727 20111
16793 23776
36274 12442
8168 18016
8895 3135
45463 48030
19128 843
35630 37006
30062 27094
22898 4343
48818 25123
34867 2315
47766 21620
40331 34242
3710 19508
1035 943
30284 27256
778 4713
25024 11494
4873 1284
15029 30670
20529 47873
48698 37672
5392 2052
40797 30895
1022 43069
4911 27693
12504 4279
24240 29853
47995 15276
9766 26159
11891 7060
3881 14833
37900 2611
6073 14259
20591 45131
29609 8194
26414 20954
36576 30118
46692 39655
45879 25249
27624 34301
48297 41803
27602 29467
28999 40341
21131 49990
11153 22682
88 3035
28528 18138
43129 4576
38384 40803
28794 8292
33363 19744
46680 40877
28940 30498
43192 42457
18167 13476
11450 34034
3696 14719
48304 35192
28055 27806
20858 19004
66 26664
31405 23934
29244 13203
14883 45286
41231 11585
13906 8354
45955 19647
13979 38009
5719 41043
643 31028
12037 40622
48200 39881
4169 29280
27799 3917
542 44574
26525 47520
33621 9738
48246 2043
21485 40387
40874 44476
23297 16106
23338 34128
43306 47092
22378 29190
17633 6837
1105 24383
46445 29350
40822 45698
39053 25040
42765 46428
27982 46082
23793 8544
30468 27396
38600 40235
12605 15884
46613 39949
16921 231
31132 6315
27926 24082
20260 26119
3193 13766
44897 42704
29921 28830
27324 38874
46770 48697
12896 9153
9078 41983
40351 6323
16553 7912
44712 35674
4905 35988
17802 31072
22924 16816
12268 29613
20534 18891
26939 45448
8751 32459
20023 19736
25845 10391
19289 7762
20073 41454
6482 12191
10494 37332
1391 11210
45803 35185
16175 20756
20534 42799
37292 22689
1114 29251
11748 27860
23663 6710
4922 47536
47231 925
4194 48877
49062 566
42565 1305
27001 44500
34587 27565
5490 26306
276 6175
45747 26842
15086 19787
25092 31147
31878 37361
22706 10954
43583 18584
43310 27145
12894 15483
29526 19806
49191 40276
6320 8856
29589 9465
2163 1710
16877 44479
41413 8358
39942 36055
2186 21026
17782 49922
42115 20994
30390 43166
28081 20657
49566 34450
25007 8649
16144 40602
31320 36863
20440 1751
16847 12032
22563 31845
39977 25500
24232 32811
47134 24100
45875 25587
10937 10160
20518 37546
25656 23464
36682 41410
29213 17407
5570 17159
16832 1263
5324 28409
47256 29847
11263 37551
5340 16699
40092 22320
8631 36630
11142 44380
20887 10958
31018 1735
27570 40986
17674 14774
9503 19515
23728 33914
15657 26339
48638 33860
5898 14496
48915 23711
1327 16638
45442 47608
21328 26747
5883 47174
42208 44758
46186 44739
28625 34646
19713 27204
43247 48606
30578 49565
1459 31124
39273 5571
15264 43974
19130 13939
7968 7053
30611 162
48442 12207
971 34451
47460 9098
13867 19309
1331 44877
8703 5348
852 10615
26035 16434
23600 39008
9088 33948
46720 30370
34514 18731
22410 40574
15629 15612
17472 47337
25097 24746
11875 49206
26357 48255
48893 24033
26043 17249
15836 30019
1530 6955
12999 1105
21018 44944
5189 13389
36124 37926
950 18442
24670 10663
25711 46536
12404 24747
26874 28575
25155 12542
41944 33219
30847 34469
19794 22043
38397 28025
23650 12838
48165 25529
34406 1221
25910 35258
33590 4313
221 31437
31814 10062
48394 30290
37949 35295
42405 30730
24206 43577
43557 41237
19957 26668
15519 1721
29713 39697
3713 13301
14047 40300
19001 48778
10078 29690
42412 26150
47504 30057
42015 13635
46091 13278
6183 12232
4763 31370
32037 40041
6451 34492
33473 25940
6936 27615
4007 32027
27904 15406
36889 41788
23645 26090
10433 8827
22828 42612
38004 33028
35004 5818
26029 10427
44066 35580
38763 5336
43718 23181
47623 3024
25837 12268
5087 44598
44824 10709
19469 19938
28947 38646
35067 12165
33208 48404
5252 29114
6427 5881
18400 36376
18041 35036
26919 6398
44901 6377
10050 25727
3920 26190
2772 20453
10857 7823
14318 22978
13712 21887
5750 48270
24262 10456
9115 38724
5184 32527
23421 7257
39574 35235
8256 2240
2370 22961
27562 3137
10230 6488
46697 30049
24288 40982
25933 34728
904 25010
40923 41731
15838 13135
17069 22943
41134 12657
2072 852
25439 659
47965 48397
45127 23113
38065 7090
17329 9877
42050 1376
38681 45492
2242 12941
6038 4008
33973 39500
3768 36807
36094 44329
21808 24435
45309 2072
23191 8900
33101 22407
42728 34599
39411 37589
1167 22119
10893 10013
10684 36024
14015 9317
32726 11704
44649 33994
23692 10721
11237 35457
38653 42470
47290 19827
17504 24754
27967 27471
44015 40891
28520 16016
323 38108
33693 42721
6455 4948
10617 47358
29336 1504
15971 17760
41348 24359
2150 16805
5104 7856
48625 29018
19857 14765
43953 23177
25123 10920
9820 27885
33860 38225
48905 18080
6294 21179
45072 37913
20509 32952
44898 45654
34925 45907
20936 18493
1951 7576
13050 9146
9937 47985
11098 39723
15414 34653
9248 21608
2942 36407
8273 3854
21595 33986
32848 40285
44126 2152
38415 6041
41965 41538
33311 24774
37308 31298
9949 28701
43147 15606
42443 11665
43419 46641
12882 41283
43942 5924
18674 16592
45956 21079
11654 37578
18077 44091
30201 30960
28426 15234
12313 24186
6621 17899
41809 39844
24284 2785
38147 35684
25989 41897
49788 1590
14860 43160
9850 972
44594 38424
20280 30372
26627 32652
47480 30354
10306 28240
48434 47557
34047 42362
4817 9489
27206 48058
14298 3057
24642 45079
19026 23036
33971 14880
38321 48240
25162 26365
40129 44377
14532 28626
3811 6472
43384 10244
30630 22125
31710 19326
19052 8251
32385 38309
21297 2609
19044 28969
13868 18647
18851 10866
40031 18880
42981 20563
49438 16532
39500 48516
21130 11485
10935 15012
1492 19035
26058 1304
38831 49922
22828 37217
13769 2121
16848 43531
41309 1119
3026 19604
8446 32895
15498 16870
32529 21504
1542 31570
19020 22937
11229 33685
27461 35368
44950 11949
1542 13954
34981 36019
46313 42133
22593 27589
47977 15402
40243 36046
45954 39246
21339 40919
18455 38747
29514 49047
45403 18170
22402 5569
17342 24078
22047 3244
27137 26536
46718 709
19693 16120
14145 35541
35043 29441
31043 29352
15542 34137
27912 41910
37752 40814
40248 43280
19792 26476
41086 24497
12826 44676
5718 27186
16650 3036
31124 12772
11065 16136
20412 24844
1879 22730
16937 17016
27817 16535
44489 22954
33189 37593
14622 18892
49808 48825
3513 39630
15310 34946
15650 8266
12467 6534
11636 43365
41512 1114
45190 23573
18919 21324
24847 43017
35516 39111
34078 31266
46982 25984
7227 43657
47088 42468
15878 8561
23061 33119
21249 36282
23303 12831
42895 32509
21858 17767
37133 20827
16264 14632
29226 37618
39863 20920
14771 38443
18746 38449
43734 3440
43814 47693
35768 2213
37726 9230
46968 43296
28961 4135
42663 14380
44862 9875
44689 16416
1572 4009
15515 20465
47462 46055
39398 34201
7327 29547
25214 3327
35486 37818
38338 6766
4983 42317
28592 39903
45022 9391
46784 23315
14634 45965
1432 44551
17875 45223
47651 1888
34106 19523
9296 28729
29684 24451
38889 18587
38361 35189
47063 5630
27918 35550
9020 17438
34785 40819
42310 35677
5222 894
24189 4404
39495 49043
45038 31673
20970 8127
9859 3701
3233 32488
542 15947
42597 32435
37441 4135
40374 29943
8086 17128
44575 30499
44778 18527
41346 17580
16333 43853
16205 34042
7470 47783
22960 33622
2962 32181
9933 26930
20580 27423
4282 49133
27022 29259
40780 38565
49224 11613
2077 16924
33912 1044
24365 23677
34498 5891
35343 1251
21243 43335
3127 15539
16459 3138
34375 42402
32806 5832
4404 24097
39775 11257
47168 23129
4058 39299
16097 22777
45099 31371
27443 46483
26444 36496
47760 23006
38203 17484
19938 3533
1537 9013
8817 45446
30272 9392
48697 40260
49224 12076
21304 13298
8087 26307
27868 36874
34461 17871
37500 36636
33587 26955
45889 26758
22423 29869
3277 35934
10429 29426
23909 26583
41551 35992
40621 4564
41635 9372
9154 48005
4937 4897
3354 39439
8182 46183
21044 15189
32431 17925
3300 15756
14407 41377
9904 21578
3574 4996
11059 8759
17646 26209
32172 9233
38256 46894
19832 98
49173 41937
13788 19552
6481 36139
42657 28796
3864 2560
16980 49427
34527 26122
39291 36445
17980 10557
13906 19297
7681 9596
44269 33108
42155 46464
45143 414
12179 40697
31383 26641
11047 27311
37863 31995
23860 30623
17769 25385
18415 36856
26673 41517
1132 15800
17101 44366
46063 5811
8481 37224
11114 5364
33006 45285
13817 48909
20777 9176
44478 1107
19588 17326
20074 40435
43378 21736
36465 30210
25372 31514
47303 28205
41268 48137
48506 25295
40348 23761
17822 37071
23257 40244
28093 41671
40222 21038
41655 31827
25528 44037
37644 25039
22554 38964
30983 22261
29249 36979
23000 36604
32235 14811
22910 36809
26494 45840
12416 18937
49409 18868
22766 5882
46080 44078
10890 28728
26469 49019
25178 47397
38566 31325
42807 33629
26355 20348
15703 48105
19391 35989
35811 46382
49839 44
12678 49124
44951 41295
5829 29038
21416 42386
25246 20480
22873 12637
16639 5107
6332 23753
16270 44060
38817 13756
37532 4421
37377 7809
49034 1911
36681 3124
10227 37352
4330 6029
6739 42128
11924 5066
24201 44494
26122 32082
33968 20878
5568 42224
43407 15325
13361 34878
28354 29970
31690 4587
21824 25615
21614 4942
38050 34783
3628 26523
28657 19945
49860 14342
40935 7708
23324 6977
47998 28224
39862 21220
22786 30580
43982 5367
8711 44659
15392 18936
49848 10520
9243 44600
18301 48159
1570 21258
12727 22774
1629 30637
6543 29191
48460 3052
41122 18074
35456 23790
17744 38300
40958 40868
38122 33028
44511 10077
34499 43360
1248 20255
31930 46948
35509 34412
22647 26638
13952 45102
36086 48972
28303 15927
4424 6404
39436 47073
39829 1554
3855 28843
1956 2777
12240 20865
32226 33446
27483 4357
10635 39049
33049 43250
43959 26950
35229 48315
8961 12160
12438 41649
30902 8363
20702 46176
35883 21855
46468 9787
17539 27339
4067 16527
1932 22952
3587 13150
1796 37963
27845 19954
41726 11437
30594 35747
7462 15715
13745 49320
43314 26626
37237 21200
15870 38118
31712 20690
7365 15537
29189 23550
1227 47622
41506 12634
49627 28400
3965 17903
3699 2894
42504 35631
23143 37965
36750 12417
44931 42785
36047 24937
20006 36510
1203 35851
29597 40411
24372 16510
29435 37689
21954 30950
47837 38497
12189 12622
37701 5748
3239 43693
34852 47202
19061 31898
6961 40095
47986 1893
36652 42803
17418 4487
22228 5527
9826 44077
38142 12315
33503 6792
40504 27293
48814 45630
4563 36780
36495 26396
39998 29580
33829 15119
40415 291
49951 3021
35233 37835
17008 20424
7013 40597
10104 14148
26946 22210
2244 29157
38880 14092
20062 25309
28439 23626
46337 18643
22600 39764
13206 46158
29658 32229
45755 16766
24713 33682
27089 38734
16683 41389
1358 10066
15482 32605
4721 21250
31410 10015
22424 30210
36205 34444
11275 49204
5609 32466
22057 39268
27616 22219
18386 39110
13259 9778
17099 23658
25632 1514
42681 21397
37661 39300
20722 49287
40089 42645
5593 48024
38018 40042
26612 19747
19624 30580
46850 29457
48145 38352
2836 6167
45951 20703
6166 43683
30045 48870
20729 14528
35003 25995
6134 47069
21939 4352
40990 23436
12023 39976
23488 41440
21100 20513
49462 5211
4672 33018
29622 12099
29306 47530
6090 12436
31374 42570
23903 35744
4781 30642
2035 2811
22870 15021
20053 38743
38039 7082
23115 33975
46429 27044
48397 16014
10968 27011
16399 8806
46687 16741
16658 43003
13078 8098
46273 4550
13486 38758
5450 16923
39650 47245
47664 40624
45742 7820
36651 21935
31690 1418
33060 35565
2741 15686
47695 4601
969 11052
25767 39189
42146 14943
8057 23461
21528 28457
35066 7589
24315 30253
6694 31364
20198 46436
22085 6514
17620 11239
21726 16090
3060 31298
19369 23107
47189 8045
24250 35244
22730 913
31197 40602
23918 26793
31709 7605
12917 5654
9132 41148
43990 20074
6458 29317
46556 3940
15254 17680
11838 30977
34441 46561
41654 8576
20126 4426
10797 27830
40835 14294
47947 32085
47081 45007
4825 26438
42769 31129
26775 47194
44149 13628
32485 39846
17120 29006
38190 46980
26197 7793
46026 30898
41211 20241
20975 18827
44972 43534
16982 35703
29604 908
11747 12145
29945 14071
27330 42222
30113 3212
12051 9441
5100 5257
6432 10237
15630 43651
3349 46594
29616 14175
42830 33868
9062 23903
47955 20944
19380 36583
2547 13228
23040 38858
4211 48833
2630 29658
35463 21373
10574 44462
10367 34661
46594 11867
5787 38798
24314 23857
39115 41034
12965 39714
35918 27391
15640 558
6938 20810
39626 5763
35266 38772
48525 46248
32126 49605
1626 46139
20417 35764
13102 20634
8508 36227
39058 47159
22207 38494
17950 47459
7461 23298
46421 1984
49522 27810
34118 29830
24351 5275
40869 5656
42900 47998
23677 686
16281 9697
19063 28332
37081 24706
27292 31601
8522 6209
3560 35282
34589 9699
47255 17438
4300 21507
29929 7734
13712 40536
17558 12104
9308 44081
40644 6104
14732 3885
29566 39207
47420 23062
2574 23017
22420 11371
23247 8028
2074 24451
4073 26610
38281 14799
538 11623
6280 42977
7209 9759
3168 5226
31423 23463
15284 36917
32508 13201
29537 32037
49025 17722
44878 44740
32883 42878
12949 9762
25330 44378
25461 11106
22215 42051
15465 38472
42753 19502
6199 33088
43581 31830
18024 9761
40753 38255
22959 37992
29581 16571
2399 12014
32512 21628
19006 14174
26995 47104
40603 34741
22032 27782
4164 4046
6590 40235
46155 40595
44521 33163
49518 15235
30018 9633
27207 23158
46776 31112
38130 9089
19685 18366
46489 24928
24814 31649
20743 24212
23035 13903
4496 37286
6822 27869
26685 27668
46849 33950
33186 2810
31393 33136
31601 20598
37554 45988
15637 17211
8743 42154
38127 27352
32395 5400
196 1412
36013 36831
25297 23951
33234 27559
14341 36052
19168 9909
27389 22087
12013 44499
5399 16438
35010 7921
19675 45452
6924 2544
49537 5570
48544 45727
25969 13849
36600 47424
34359 46760
15009 30554
25319 47656
35274 15349
37353 1963
2353 32175
41214 26648
22638 45245
33769 45957
17156 30303
7705 2515
12617 44642
7949 38465
11288 4747
11593 37762
26965 23820
37913 18468
39060 8593
42546 45169
33129 45136
40720 31349
20871 28889
45150 3740
20344 47881
24588 43958
18674 26436
9136 35802
2292 49521
47231 36725
36306 44659
25861 34577
19784 33520
8079 46537
11118 13971
11552 35162
33557 41575
33896 47563
12242 45886
29042 28200
9391 29287
34286 14933
30271 32017
20852 6895
2873 17066
6734 29694
33422 37693
6745 23761
38242 37770
10577 17026
4606 19715
24618 47185
3379 8404
29143 33803
3116 43869
45527 37508
8891 35861
35427 44191
20933 22681
29434 1120
45542 22591
34660 5091
31982 48010
43011 35817
32312 45990
16100 30616
39021 47984
19565 34644
46544 1801
49450 7135
99 17534
6115 14024
36998 12061
46159 22296
13410 24754
37005 18050
23794 25160
15200 14249
44890 8656
17137 17568
36293 49165
15179 16461
47041 19555
33877 23298
13234 29441
6942 7914
32176 40949
35368 45341
7853 32441
44181 27190
39441 14390
13989 19844
3529 40840
33781 47538
38693 26096
49766 15988
44630 22375
424 35447
33478 19319
35968 34107
19204 40883
18877 22997
49084 4533
32378 49458
34011 11417
28946 16156
21960 134
37850 1629
38501 12484
40126 24599
21513 23990
28268 27345
27360 37942
10475 47916
9154 38093
28248 45547
6683 40067
28365 41132
9453 9568
6035 15207
7235 21102
14060 9200
44399 26002
49666 47095
38064 16932
32798 46022
28520 14787
20615 37899
33923 1793
9423 47492
1743 34899
13883 3426
35963 30446
44276 15046
2083 12304
22476 2108
1958 39162
42196 37549
8242 30886
42629 13556
32494 43905
39617 5140
5848 22486
44138 44222
33620 16013
34497 46124
43556 8144
32333 36019
29882 9476
21605 41375
18173 26032
36043 32072
2873 26226
15404 27618
13962 24532
46345 33304
2677 46057
49508 17722
46852 5636
6750 45199
16672 49332
22693 17581
39809 34335
18851 34485
27919 1181
8107 17369
16449 37641
34823 22400
16602 41124
2984 26959
44719 20520
35396 5498
25101 48382
8762 18110
43243 8594
48393 29710
36451 31843
41324 8809
3584 45971
979 36673
10532 16986
33473 14027
37303 26848
30805 31188
37502 32031
19053 46296
33412 9461
86 12248
38729 2842
45673 11480
36264 15072
34840 17816
23240 29257
16710 46011
25066 49590
31461 34787
19911 22712
15457 39625
19357 22581
33641 22291
8772 31246
47315 8161
46643 40848
35055 2085
17642 8472
3763 20794
14087 38797
44175 46222
19372 39028
45561 49306
22087 3449
31286 765
9251 40466
18692 8042
25702 36951
30727 15396
17157 25332
47945 19695
21378 33549
9605 40737
6613 1622
48337 25164
11113 22129
7207 9248
7047 8174
37585 21318
20758 28156
19806 45498
31286 46488
9393 47679
21560 13112
13962 31097
15091 16078
890 49098
19498 48279
10729 42587
22859 46185
4117 33186
45606 4868
8260 1795
48104 43116
17689 528
45397 19643
33081 28844
189 28911
9422 27678
30856 43560
36163 27402
41230 20934
32124 29962
46588 6823
38368 21516
25591 49000
41009 45066
47905 36574
18040 7598
4856 24206
7568 38326
26056 19066
907 30371
37028 33049
12280 43066
12869 8225
36364 43611
8838 7259
32331 28992
22458 47217
6930 33211
23757 15914
1118 8839
27513 29953
3649 30063
29728 41440
35681 8834
9208 47115
26421 1831
49638 21439
40811 27231
41834 47662
20865 11176
22645 18777
27871 41690
12584 40900
6622 24743
8800 41737
747 35771
37925 43408
35338 27557
2408 29707
10702 14286
36084 33865
11204 1369
43425 1489
49548 10348
24200 38153
40947 49105
772 11521
21796 41842
37339 8579
19261 41956
12607 7229
25732 16625
30687 44392
12293 24651
40765 6470
26504 37858
26837 36322
24662 31345
18350 7797
37576 32673
19887 13990
12826 28345
23457 25220
13130 38211
2016 29531
7628 33798
37957 23274
18503 20865
40238 27669
1900 41756
8741 30216
35059 5292
31518 43718
46924 14351
38706 4362
38755 24877
32273 11388
39024 42312
47359 14235
48020 36601
35818 20327
22499 14841
9695 49453
32256 19417
24438 25691
1359 16858
33402 31699
10935 48946
37748 31060
17824 41887
41188 45102
47 36651
16288 7623
42275 26057
29989 5628
14899 32101
340 15678
25899 24153
26290 27776
5653 38315
12780 32880
20326 31968
13788 26889
42662 38633
32967 33408
6528 23909
10438 25987
22639 16389
8130 14648
22392 17858
46933 45592
38329 29630
23035 48301
27291 2012
26776 32535
2214 14975
18124 28253
10130 45462
13511 19506
7400 38645
12573 39284
9548 42506
20493 41490
16042 25242
2753 3304
21469 28594
25125 21718
26511 14938
42537 21481
34323 4840
36318 42826
32946 38056
31977 26958
23061 30816
32878 2681
10852 13938
44378 6866
15584 2916
23153 10490
19748 43340
14532 21853
33001 28453
10875 46087
13643 7153
15732 4773
35274 36254
2048 41527
38514 32117
48559 38764
19052 34774
6292 35431
29111 21515
48183 24617
11369 26601
3536 41917
48493 47744
40777 14964
19344 40618
27068 45491
13788 18310
25522 19181
38999 14618
9948 49711
6661 1643
32611 32684
34637 45745
17083 46897
6567 30839
30591 6774
35712 20909
13908 38976
9112 6999
33211 28380
47348 29976
43248 1436
17877 39404
4749 32607
44661 17395
33527 30388
38369 12517
35825 27246
40266 34622
18753 17790
22096 33245
37559 11544
21783 32611
24595 2463
16316 35415
29573 33320
18634 14067
37862 20494
48794 40990
7026 8138
84 19078
3658 500
27470 12487
36982 30212
908 15061
9776 20600
35647 44742
7967 29528
2597 40475
44686 41224
25855 16917
40540 10700
10884 37113
40344 35160
36517 31550
43529 9649
26986 9610
5504 33603
28933 34049
36736 8730
44519 9576
46742 30884
7438 41353
21653 48435
19837 11983
27124 41399
41223 6924
36996 40840
42592 1029
15775 9849
48368 7485
49252 40524
19352 11124
2628 28383
36752 36550
20945 36586
46291 34464
40906 31891
25759 10343
47822 21583
2434 30337
29706 36137
39661 9949
44989 7605
21184 5803
3737 1939
13526 8005
16491 17325
20907 42549
18948 10720
43553 33598
38927 34300
7326 46822
20340 15388
2152 30975
42346 10064
45496 9225
18353 29292
11171 34475
6287 33860
45814 5004
15240 16225
6720 31465
466 8518
11362 31074
48759 10948
7923 25690
43467 6875
49300 35343
34193 23701
12743 42713
10291 5961
10059 12661
9190 40710
21069 30019
1438 43861
17911 27467
20447 45616
37587 42884
24571 19953
4615 44313
283 45782
40684 37930
23315 24837
44713 39039
1707 37997
14341 23674
378 36214
7325 8416
20795 5218
26812 46494
198 34285
31941 34468
49178 826
20293 32671
13431 13056
31102 45761
41327 21435
7874 47809
40096 9432
45874 2487
8732 39937
1881 33161
48732 36554
35122 15363
22140 40461
48611 28678
30682 20710
16294 46121
9458 39024
1187 1684
21292 47432
1706 4376
14924 11870
38859 30915
33963 32994
24810 5174
40078 20092
37181 7718
34096 28450
12223 36053
25583 33310
29973 20892
6034 24729
13343 20221
49026 38568
12751 26766
32231 38173
45999 41597
22436 47930
6688 31529
13312 1117
15721 40402
38458 12929
10835 49419
18564 39563
8065 23851
11680 9044
26577 9781
42448 32704
14323 24917
34610 36199
45749 37918
36038 6777
16849 5023
21342 6076
35623 11757
49452 27042
8478 40316
30519 30783
15547 25380
1732 46333
8863 5623
34400 21741
21349 31130
44728 49737
34626 12564
14243 48046
44962 42053
10554 26071
28936 43657
5079 28716
36707 49141
18231 43730
38715 6088
17435 6177
40446 39130
48191 15804
44402 11051
25481 39222
3614 29455
17785 22315
25341 38510
31905 47891
27875 19391
23042 22279
25724 1399
37994 27466
2990 35991
37286 3423
14235 30730
33709 9531
44801 33253
21452 44669
24141 38952
11168 23761
29025 11274
47587 2680
7626 49211
17003 11682
12703 5875
45855 48220
47051 4373
40468 24488
45657 31013
23156 27611
44621 840
48288 48961
20541 39039
46422 39847
39466 6568
24844 36028
44903 17209
14448 6563
18280 22310
6936 19585
32002 3988
45316 40405
19866 7377
20839 24582
26563 40518
26422 42131
16217 4539
24329 13970
42652 10174
25439 22988
44867 38973
31561 10929
20665 22603
11188 34569
11349 26346
37981 40531
11928 5038
47396 2214
13126 7686
5063 23682
39892 17383
38838 6439
13323 39563
9920 44114
23269 49782
21074 6459
1371 12362
13826 22863
39434 10495
29647 21545
19986 36488
14031 34703
12236 6104
26741 20057
37863 36192
6032 17985
34205 41990
17752 42989
33443 17299
24409 19147
15377 19650
24721 39944
46583 25699
39590 33612
20374 233
31392 12724
49792 39957
39024 45700
11305 39300
18242 37822
12978 48919
28155 17055
37704 25111
23165 4324
7103 39954
31711 48425
15213 4687
23078 49191
23304 5172
44012 11515
46325 41469
7369 24586
2639 32879
22678 1787
7339 15506
24214 23354
20668 8872
3143 47842
22206 4617
26440 12599
27052 26405
40010 22052
28364 10203
3431 42560
21091 22942
19857 5480
44477 5902
22182 42088
19670 5614
14025 14153
2654 25978
35263 28890
17482 37939
20192 16339
41907 2404
22363 32373
2475 46411
22499 30689
33642 26357
3295 40919
1793 39886
7191 15033
40571 24232
11937 39778
22811 37335
26743 42922
21208 15602
47865 10093
44540 9854
48721 25723
4836 24989
35536 2503
7900 35637
48361 49475
22510 44293
31666 24702
7464 30579
7835 2971
26033 7257
510 5004
37699 13947
13123 20908
43729 23435
23349 4913
20920 12944
16926 41898
19169 35791
38174 3519
34918 8808
45954 44299
12514 47229
42469 27569
48295 1264
44608 31758
22045 16792
7955 46605
335 8478
18838 42627
19369 14151
1513 23653
46692 41640
33393 595
29502 35886
29712 45
22207 29397
31168 5226
13055 18528
26132 40412
20667 25040
18843 23478
1626 48453
19281 10439
12756 36554
48388 2605
40156 37738
43108 4321
12881 25661
7535 2252
6126 14421
16874 41714
45627 37660
14852 30981
25792 12648
25389 48779
14483 48159
31098 6059
34498 47324
48785 23486
2642 49450
8524 44687
39968 12463
28987 49813
38029 48324
35027 11068
28393 41249
2443 14789
28882 13600
10895 19481
14545 33576
11098 26372
45720 12113
9266 41136
48544 42583
13185 48151
37242 7260
39569 8418
19382 31703
2418 6228
47847 14909
32147 14686
20501 11481
15859 5608
47585 7333
37904 21761
16816 20592
12279 37142
44655 11852
41045 13808
9592 48232
35195 46279
4414 17068
13566 3002
27488 43918
34149 18403
8781 41376
28825 27286
230 9373
42276 8768
19397 26989
24617 35312
28787 30805
9693 43115
19988 5397
40860 5630
44937 1910
15527 44541
15717 9069
33205 17415
8311 16689
15480 45269
43836 44057
23723 36018
12226 27724
4145 37081
32444 45666
46995 23230
48201 23540
18064 5415
31780 41643
36050 32604
36161 29247
19822 13218
27706 30350
49125 25327
34036 9475
33022 27047
18305 48888
1758 47432
35039 26148
10273 36138
46375 32388
22998 46206
26447 27139
44169 34190
17583 22231
14540 6805
14153 24583
26873 49486
5709 3646
6098 37207
38896 27583
19624 33426
14961 7536
44954 4008
26750 29750
20042 36799
44257 6435
24295 33905
45193 34652
18866 41684
20368 27926
41654 20186
30357 29729
41255 49256
39341 3728
48361 40527
40799 36422
8808 32917
42451 27359
22527 12348
627 20084
30944 27545
33376 5216
40903 24659
9148 3992
36237 42967
34770 17323
20058 15801
10101 9040
5627 40157
49727 35786
24374 7581
36710 8793
928 11810
24940 47455
45310 12849
3462 34683
33142 48977
39915 41122
41758 39290
11778 46470
30000 47821
9711 21825
6410 9435
23330 19078
46441 37150
35574 29502
28049 24467
46783 8498
43355 27817
39163 40127
30275 41432
12877 1165
28590 22165
42910 19426
30878 32452
4075 47269
49231 43290
31143 3860
10862 27555
8740 7623
24853 5553
49884 11705
1922 20808
21404 23146
24626 25952
39190 5112
728 9704
29417 11149
31208 7472
49742 31775
45575 1130
2355 13577
32249 17686
49816 30043
14274 28428
6104 41324
41966 14224
5477 35387
23075 44446
48994 24838
31769 33637
29720 9132
18784 9954
10471 36743
30893 3149
22467 38100
4509 10977
28858 39848
47648 14322
15897 32065
1560 15307
48912 43255
25785 26991
23839 28856
13869 45474
27339 10421
10840 2120
29762 26205
29139 7444
29621 37482
4661 33036
40616 31129
33993 31003
34607 44295
9543 30507
39125 24694
23144 31272
13649 23254
11459 27695
7206 38086
28457 14732
48747 3216
37731 35420
22730 17439
34163 45027
5823 41588
49072 38816
18096 0
10194 14635
11438 49188
36676 47635
7845 11691
13892 14351
2880 34551
29289 17264
28175 1811
34820 6615
20490 19155
26326 20767
23366 42528
30467 19636
46811 2530
2584 36137
42477 27975
27782 26453
9974 29470
41817 32821
8629 14290
41054 25818
14 34389
38877 2596
29625 24187
30491 47708
47695 37930
16078 6594
19048 4558
7354 30778
8064 29575
8076 39122
8988 10975
48265 19163
33573 12903
41713 39532
43085 5691
34588 8026
46079 17912
43509 8521
14394 31590
31824 45017
18527 29164
23944 28620
9118 35628
14601 32713
6476 13060
48406 39586
48825 46934
35565 10625
754 1038
38279 34043
9505 32993
30323 31643
6383 47491
31143 18937
30167 2576
178 14062
34920 49345
44476 14794
38122 36804
37996 8787
36138 23526
10038 24858
8636 36869
17463 45976
17750 32436
37292 19367
6326 47294
41585 42964
10547 9570
43690 43669
4466 159
1465 15827
28347 9214
4586 41577
15407 12627
20239 2994
32900 46786
46900 47545
45041 21364
6153 48556
22512 26408
47904 23698
21364 2157
35620 35478
20016 44317
9534 10106
46035 22157
19515 15345
6820 6766
45732 10480
41988 41002
37254 27009
6066 12380
46001 690
15044 18602
39718 39557
33978 20381
32696 36698
11445 4914
20745 43939
18263 26223
39769 35994
18697 12015
38973 21683
46254 32598
12133 16705
23733 18693
45792 39004
28192 18854
26311 36396
49714 4382
2505 30024
19820 11151
11571 38383
17103 27268
47961 39408
15656 24865
29805 8539
21741 41527
45893 34211
25071 773
570 18993
37606 2260
2325 2115
42670 36299
32293 38424
26498 38008
38636 48510
7223 17390
13286 24556
12188 28735
1733 7819
41395 32810
18177 46998
41627 17829
41297 973
13086 16424
8879 14569
17126 23000
19458 8545
43983 40441
4560 36556
7686 29870
8210 24214
16512 24804
22401 30498
35926 49346
16345 14207
19981 24823
22247 13933
2804 40796
10632 28806
19572 47886
6166 15577
1006 37917
44214 7855
41146 11399
38900 13261
46881 8250
30360 28354
11158 1203
30152 27550
3102 43107
38770 26173
42649 1829
27878 19871
33152 5188
7696 17544
37262 39859
18489 47798
24311 29856
34407 49142
23734 5014
17279 7782
18938 3119
32825 7886
49110 2878
45701 16930
34527 22210
7293 35965
28284 45675
27839 44352
16941 45004
34977 23114
7 10482
6863 9850
20629 11569
15315 46864
13066 32749
42438 30494
2627 2322
24744 31251
20310 20004
42271 36929
33216 27051
7086 46010
33164 7616
43378 24637
17404 40246
44976 34272
46006 35561
48980 28413
3580 13195
45732 20824
41712 23818
6196 32880
48020 923
9370 21130
4434 38732
43119 1768
19246 17191
5735 19955
37397 41625
49758 19138
26860 30415
5786 4614
37896 18288
9340 40872
20709 49811
26097 881
45700 36508
39984 7044
30674 36929
31813 11878
14040 14876
7931 16967
18513 9910
6498 26677
47424 29918
42008 11080
27696 12854
45477 4867
24018 48292
23920 11701
6963 2692
41424 28518
40221 27973
26925 31283
20163 16428
49671 44505
16933 21253
45705 28665
6566 40452
49125 5446
11540 47822
48149 28048
19401 29253
15579 38179
35884 21880
37593 11887
7953 22727
1917 3653
3930 32595
46659 37038
47769 40936
2147 28179
13715 43653
33181 23409
49580 27822
14716 44621
47386 29754
6550 38771
8637 2173
1754 25152
3502 8231
29017 40898
15724 5316
5952 48906
29404 37598
37485 18827
1010 43102
49209 18161
7092 23027
47358 38754
6078 48620
21795 11710
49530 7933
37085 45536
26090 30491
19772 22466
15366 30372
47131 28433
21039 40108
48227 31655
47234 40473
45312 48846
22210 33334
9573 17236
45139 30244
23723 31069
23734 25079
18200 37869
23986 19423
27222 3798
9701 609
1241 48794
20004 37931
4564 49654
42382 18473
35968 17951
12308 41774
14043 29355
16877 2401
21790 15275
18435 6192
7185 5327
3898 17832
2644 26622
19408 11449
43670 11575
48030 17221
49850 40030
28390 43197
40525 49385
36320 10598
38240 25297
8396 32227
14984 8167
38715 47121
16942 19257
9193 34082
28327 11787
36535 31218
15673 14815
4680 49255
36590 34742
24512 22601
34867 36838
18169 40540
45616 15297
2140 14446
14679 7283
16254 15493
36501 3472
12278 8437
15720 39576
45757 49573
12622 10540
49539 37553
32767 48694
11915 3251
43952 43615
26785 28631
15106 32177
16694 11468
11716 14265
7781 25386
8480 40892
12912 40320
49477 26883
8316 22296
42631 34796
46343 44919
41124 34710
11904 34179
40416 43114
25648 300
29398 18357
13395 10155
37073 1333
10740 38791
47087 12672
9480 42388
17764 11879
42358 22152
46382 14673
31758 37030
12846 31939
25635 14039
9195 32335
0 26752
7359 37564
36849 20064
37764 25680
1641 33037
15475 44008
6590 18458
27740 46679
5604 45510
12800 26639
20892 23978
15191 24615
48065 21077
32285 24170
47150 25734
37860 33048
18961 36531
6836 41146
45521 21506
49497 30226
26389 23600
1642 6165
10669 24289
23433 36444
41669 39794
33596 5623
8820 46245
531 16072
46256 30679
41789 6779
26466 3340
6 24656
24292 33978
38633 40458
44986 39674
35285 37369
27797 5810
8012 31352
42178 6181
20616 19563
4898 25553
42885 34105
45939 30752
26630 33123
22310 43181
40750 6172
37659 1417
46057 32954
23898 22026
11978 34609
46164 42903
28576 14472
28010 49323
46366 4132
49335 12633
37994 41728
31156 28849
46176 18615
29742 22020
24078 20247
33997 26740
15789 9166
7510 34374
31721 15061
13714 18
34476 32235
15164 30489
31564 48894
21253 28137
34191 47096
23834 9284
42545 4857
49633 11480
1506 1975
47783 19975
37924 21794
15 32172
29085 39934
32487 15702
25938 25512
10265 39670
11706 24804
11141 21997
14485 12982
43055 6165
25263 14568
14839 43745
7859 14977
33494 28490
37648 41520
43945 7743
2574 3288
32650 30015
39584 32349
40332 44639
20239 15461
43857 14879
32875 5855
28797 10545
32415 22308
24965 2305
45323 6007
41240 22407
42839 28781
13599 5432
26034 21839
41721 21070
7836 11663
33967 14018
13495 5518
15584 41032
2064 31213
2177 32897
45744 14560
32595 7470
29702 9547
15416 6829
22245 42563
17679 20525
40206 42403
7453 17634
31085 48594
37942 22093
45809 19136
26618 36296
352 26302
373 13329
810 8025
22267 16623
13464 47262
45832 47479
2654 35809
22780 42014
47199 36691
39200 31842
11476 1564
38460 16236
2843 14531
48473 27017
7935 15409
25037 35678
37254 17386
43777 13559
7188 18817
45764 20118
18736 6118
24866 39070
29117 11644
24307 44927
4390 14525
40943 28023
16705 39190
4518 15584
43103 2240
21960 25763
39437 7376
23496 36100
31126 46182
37911 41463
35023 34976
16427 2526
46353 37040
2999 27686
15569 26227
49998 9621
34992 39139
39591 21130
21070 7012
37815 38920
32025 37531
28657 5553
35866 30022
18203 35303
5084 16132
37801 33186
7496 44847
45529 19069
26114 26329
20808 1930
1151 28541
13033 16910
44736 23093
7287 25304
26786 20953
41904 19604
2419 22780
11646 24636
35409 19919
32093 28708
11656 2615
45870 28623
1707 47368
36782 49513
30432 2228
3608 2006
10791 25654
25743 42880
45920 15188
36334 15326
8310 38349
37988 5732
22061 25867
24408 40620
16921 26898
26826 23117
37435 4032
3827 24953
39244 29523
45214 28736
9136 49661
5124 35194
43527 1395
23124 988
19421 47059
14894 38085
48959 4202
26884 4663
46015 16926
32592 4357
22159 35933
6478 11694
26340 47958
29439 30645
17559 11016
30750 20422
34854 1627
35332 37608
39145 3469
6774 22863
25825 35501
4061 49592
45085 11548
24994 17959
8917 31027
31997 40887
621 48641
28707 35445
34085 46382
14231 12686
44644 13048
48143 17115
48199 8719
20405 42329
38675 26958
43976 18649
20309 34373
22524 123
37580 17071
9171 16819
7155 11664
839 26080
188 2048
18855 7543
46742 1804
35214 15940
35196 17040
3758 752
26869 13651
7983 48944
18021 22901
48902 5833
36125 24187
43162 23570
478 18534
435 7938
27636 45365
1715 49202
30562 26939
5439 47592
37438 30457
35261 9954
23390 12365
24922 15156
2079 45236
27412 45821
10723 18987
4619 13210
15381 37310
34457 22303
32281 19430
27112 47739
15514 40622
9279 29923
9379 42253
20725 9094
18518 27451
31265 24329
14228 557
17747 18593
23724 1176
30905 28556
48163 22366
25673 35374
1309 22251
38192 5468
2963 30118
41370 210
38534 35756
29272 46182
42881 17617
30701 31413
41681 10060
44050 23834
1451 41491
18596 14675
36199 23354
13512 47490
40373 27748
44088 25326
10726 19495
43783 10174
19414 7444
40686 30275
13426 42136
24303 18451
2102 30534
8273 18747
17859 7263
33191 31303
17920 26675
10324 24190
37650 30300
17171 9091
11194 38714
14959 26294
32512 9176
32760 41495
27561 16306
29878 9011
10218 36956
45088 28600
34640 47846
9341 13910
49628 40071
17226 45323
6223 26749
7065 15178
32667 33053
43487 2115
14641 34605
18117 34876
26836 49853
33185 38392
44553 31585
37542 37882
47283 45131
16475 21701
33828 38299
41036 3218
36850 7951
15919 20695
33265 1634
40483 30494
9434 19089
7716 14068
21748 38797
40735 2068
32358 40677
49348 8897
24713 19301
36792 782
40252 46170
28490 20274
29195 16048
13085 26162
3450 32516
31773 32709
39538 41872
18636 12831
21093 42920
7089 21935
20827 36595
44098 20812
44393 5480
28287 46096
33691 25913
42320 41295
47732 5183
4634 10964
13260 10302
34118 49373
14907 9892
32807 14286
44292 45028
29234 24759
7124 3164
17440 23624
23544 5270
29945 21514
22906 34328
21939 37944
11881 45584
10962 32008
2617 43330
26612 20778
23420 25524
16581 17394
27157 43277
15039 37554
13497 20738
19230 45184
5304 11180
21300 21167
41393 42844
1607 15799
21935 37375
47730 48032
32171 16842
39343 38069
19714 13476
17432 3366
36921 33555
46562 20701
39545 31392
33416 40858
31999 33213
16304 19038
15062 7672
29086 31834
43050 19139
49905 39653
4087 1072
2732 6378
29844 12403
32441 3159
43690 24550
16915 22128
1685 35211
8543 29178
16063 10428
33110 47497
46922 928
10257 26045
44325 15874
26045 37159
3894 49348
39545 1869
49480 30882
4458 22652
39727 5603
45399 34144
39699 33632
27985 10451
11257 40630
21941 18846
22805 44153
15388 32091
44862 25824
22000 31754
39179 46206
3003 40566
33485 15225
6694 44740
12831 38108
39909 37949
24653 47754
1649 44163
47616 12874
30742 42381
44403 10626
16903 12889
16788 27326
30730 649
19217 42631
18992 28776
6632 26818
23774 33139
32047 30457
22420 42531
26150 8270
48437 31415
29147 24562
42130 14500
43062 1718
46351 5738
21433 464
37428 44939
15799 41437
8 8198
36179 38649
7318 24386
20510 46447
16032 47959
24764 38077
18813 21160
10516 37782
2147 34594
5026 19120
7692 7717
47519 40390
43789 24920
29110 3969
27298 8899
15688 47081
18920 46127
37863 1203
6000 23058
44888 16001
17782 21977
22209 11592
38957 8278
12210 25898
8633 9579
30567 35055
24492 1641
20074 15626
39853 48725
17808 27460
39414 32213
14356 18011
36726 39894
40743 47585
1997 37376
43481 4206
8550 16863
4991 12598
31019 44372
8784 40052
35081 19458
31485 3407
5250 25581
23703 10767
15919 6801
30503 20682
8742 6705
23155 37619
133 5996
23767 24670
17605 4696
48387 26172
28977 40965
25659 28412
12410 25987
13625 6374
30500 23370
31694 26975
25453 20912
28219 15646
22896 8923
46875 16488
29155 16253
13747 48624
13189 6217
20929 38602
8583 22971
40555 8239
6581 30657
10312 33146
16588 23868
242 21244
27582 37773
32505 42479
25180 26472
32746 1217
7544 951
37775 9393
7531 46011
8349 31048
44119 48786
11442 23290
47127 22770
6848 9772
26699 42215
16082 4231
23926 47145
37214 35899
24773 17827
34343 40175
21393 31941
4615 47806
5176 39255
48563 45547
1192 1992
2635 24253
12751 49461
30271 31586
8745 20724
26005 7491
29068 1336
48826 5024
12282 29625
39808 9468
31389 10651
26743 48846
22447 22673
48166 8648
48533 21607
44487 45209
2413 46203
27288 18224
31137 5348
12203 34686
16346 36346
49888 24395
40010 24745
460 48742
39811 32181
32358 42223
17886 26257
19699 26336
42971 4816
43271 33311
34304 40954
18692 27857
34406 44630
9600 22228
35607 30582
7760 32427
24500 30701
42285 22896
12657 4944
25805 16774
23630 18095
34678 16245
21872 31002
32006 15359
26201 16580
15485 18885
14030 1712
6524 13473
46439 33572
3485 6437
27887 46855
9202 30962
25125 43157
41189 35120
43555 48311
37833 18646
1961 25501
29451 4435
8641 11754
44762 24639
10312 6720
6314 24863
15934 30051
36104 27689
26587 49
20594 16181
16518 29808
11563 20280
7514 44618
24278 43695
34077 17682
29319 18446
38946 36348
32317 45407
36912 41627
20827 15
43728 48362
12266 40785
7297 8287
15084 22364
6549 17212
27667 39038
22159 9042
25730 30501
34016 20694
25890 14377
27338 45787
12846 36115
23375 37284
9306 18704
36447 23097
46647 248
42624 9488
4756 28605
10349 16034
16547 20269
22870 34173
43139 40651
36079 35195
35776 10649
44838 19752
14889 984
24128 48732
35791 20334
33740 174
28963 38407
31502 17347
13993 48491
12996 5697
22371 28221
48521 44919
40936 4218
22129 39726
5753 37936
1368 43016
14638 7868
3691 48203
32551 43386
8259 22686
42867 3821
32742 38168
39823 25031
13010 13993
33594 25231
21012 48822
11298 11542
5648 36439
21753 33701
3962 20975
6907 40942
10183 14351
47198 41230
15165 34358
4191 16862
5755 40124
19838 33176
39847 48333
26017 42428
41804 45905
9996 42308
8455 32962
31824 26055
12823 21327
42874 24533
15595 9753
16909 28698
34803 38879
9323 3325
11248 24577
26511 12303
27707 28336
27986 47567
38705 23867
24097 3625
8111 8030
3054 28530
36558 20240
28400 28536
3281 6457
24553 31635
14935 28689
12781 14128
43704 10084
25236 44251
43327 13286
49218 11812
46202 12913
619 4389
27617 13355
41038 38794
5988 12647
8260 1757
15277 5153
10272 23883
27969 13851
21812 9653
6274 29064
7275 13841
4073 6150
19784 31538
31285 2829
49442 43590
31428 6928
23099 20709
34346 13427
8601 20789
1956 6606
6079 40576
45644 19801
5001 4828
21270 24801
19575 21002
8493 23669
18774 43780
14868 48930
40959 41436
21580 15724
35758 30998
46250 5226
26265 40926
11095 24249
7418 39329
30807 3208
5513 6671
36970 40513
17824 18551
36950 10595
29222 21640
24485 21260
33903 46857
6833 17252
30974 11883
47439 17833
27771 1614
36024 38229
22725 29283
44442 12828
22098 29545
35599 3366
47282 45822
13721 4347
31725 22328
37617 33493
48608 18656
41239 23372
26487 19501
1672 38147
49926 30544
4592 40745
35995 27657
42623 24833
27669 16414
37570 42915
19420 9393
23364 48406
48157 40535
34526 25490
47684 14293
18576 47997
29685 11579
20893 26364
5034 24589
44660 5360
39409 28746
12870 21269
1310 62
3979 47965
9398 21181
43330 5183
46544 21767
24019 7052
29273 46311
46097 27222
8984 23729
8771 24393
43005 18497
7260 34861
43943 27469
19833 46943
1621 49827
15340 42337
31812 30749
16962 17959
39339 13091
7933 4546
15084 40630
36818 10549
46215 43466
24370 1420
34755 15893
36545 15011
43027 48304
28653 17568
34835 10989
43801 10064
533 31116
48922 27032
41853 36143
13043 41130
46392 26287
33494 30656
31514 328
15701 13082
11815 4961
36361 16276
20396 12089
41313 41656
37630 18335
11471 27852
2647 45555
29961 2079
41309 9154
23887 26443
15330 11269
28064 24521
1703 5009
35137 23561
26904 49667
10715 31452
27248 29518
4896 32368
20147 31599
46760 1459
37678 7405
16772 872
28015 42344
13222 2407
45176 35741
20589 17621
1925 39157
25600 34102
33105 48451
9545 6413
44680 36076
20966 31290
28891 12421
42290 45120
11521 42418
18034 2382
2706 37652
46274 18388
25000 26368
35744 42128
10116 29523
11022 44137
17938 47217
45041 41111
36754 11717
35021 13670
14046 34648
36867 9307
37978 5157
43718 31152
46763 11395
49445 47232
14415 21132
17601 48165
8958 42625
38033 49226
21627 24130
32346 24536
38389 12009
49765 44681
3768 19353
8101 31023
34639 20846
30175 34763
9249 25153
39580 17176
16106 46120
3295 42618
42845 13598
31173 7986
4155 24347
31081 10447
46311 45996
7456 10338
49433 30697
18569 25624
34143 11163
35951 954
11038 28107
8342 42585
47479 2450
16837 28121
18916 19617
16022 43087
36881 47237
1859 13371
25190 15465
29418 11811
24853 32270
11600 22946
20933 20407
40121 33442
27412 43834
34226 44528
45610 39746
41766 46675
12053 17236
13335 28471
35265 12054
19127 9373
40230 5246
29942 20633
12874 19574
24436 17057
26783 39720
28958 29295
27034 929
39120 29705
29776 45708
37345 25332
36420 45189
22042 440
5504 4575
26032 4982
15122 26118
31553 29773
13550 24026
37994 19532
4569 15688
36520 13852
34005 30676
32054 6325
6622 4446
42874 36165
31568 20699
14671 2914
42389 2025
2444 49600
48111 49421
23493 10394
4166 44680
28510 13731
26151 49828
16148 22313
1968 34010
7638 17662
24215 32077
16200 25027
40877 7428
35189 16622
36702 2155
18398 37705
26881 8948
19297 38800
40511 30041
17699 4703
6279 39974
16462 45420
38654 25476
24621 47141
33497 13050
41806 47730
31575 47777
32226 47875
25484 14258
166 28817
33003 15424
32802 12924
22939 20835
38337 26020
164 33355
37573 35959
16601 22055
47120 12128
23074 5562
21978 6613
2256 42356
12452 9915
13563 14927
17109 9222
2203 21261
38602 44087
34405 47924
46435 12456
26914 35353
45794 31048
46804 44267
18705 38449
33291 5038
8807 37249
4336 33797
13169 31042
11559 19359
44825 5361
43158 27633
27521 46131
18275 37523
28579 1790
28337 2525
16468 12477
20388 8857
4271 38500
20540 49935
26433 39624
49168 31171
44215 28166
21745 19376
1983 10342
8268 664
42883 5880
7535 44837
6593 47070
3907 47219
405 20949
42456 16353
37212 8312
20368 8312
21859 40590
15415 30109
44778 42158
24903 31615
42877 18586
20765 36502
46671 7714
35040 36651
45456 19189
31747 12808
15959 27900
14368 16973
29102 29469
14391 36934
31936 33207
17077 34582
33079 25132
45914 47093
34988 47171
29013 5768
17636 10182
48159 37563
7100 7562
17602 36986
2518 14558
33745 3664
8826 9298
789 38046
38149 4398
38924 44979
12746 46268
31898 36223
38212 6240
43180 40456
38567 38392
13331 23226
4252 44518
32247 29782
43752 33027
18171 5877
22767 37606
32557 38049
18385 39882
14819 4715
3170 14029
31117 38644
47650 11269
3003 18443
31503 13296
40467 32571
34394 20604
1686 22339
17592 18009
26613 28146
6347 36254
47507 18297
41822 44218
19890 30605
2280 46532
48058 46929
13781 37889
33425 47936
6418 36935
43113 37526
4003 29358
10022 6413
22774 3159
49884 6070
22556 24667
21082 27595
13181 46228
32179 4246
16721 45277
14083 12079
18527 45219
35480 32174
4080 34974
16328 46381
4431 24695
12988 17803
40608 21970
36832 26893
34481 11752
24339 27433
15903 45949
2286 43593
12776 20859
11041 17042
30284 31986
29542 44036
9827 33790
16205 12429
13486 19452
48782 21570
42913 39758
37226 25009
7705 12458
6551 25896
45485 8279
796 12302
49479 29883
32387 42089
23784 44248
15330 13383
32049 39284
17649 44539
2836 2927
15055 11423
5750 42792
21026 1673
3433 24203
25047 21332
35128 42719
16727 28902
2364 48468
11932 7740
22346 45989
44131 46895
8968 20549
7177 43845
6511 48571
31521 12896
49033 35872
8468 4189
1063 31241
22576 27238
496 3577
46404 42811
38934 45319
47790 38233
29039 43859
47230 25670
20919 1533
36121 6713
12570 12373
13391 49317
22907 39598
16518 37021
42868 13659
22691 15901
2620 9571
36395 6696
17500 32196
38335 10742
8045 16132
32801 33541
18303 21565
36274 18487
2611 17959
1503 35874
20493 30391
37136 1368
28413 17903
22691 12439
49272 642
34909 24507
23054 44175
48907 43652
15482 31529
4471 14410
48075 18821
12900 15501
6661 47528
23937 11662
26258 23486
39513 2785
49807 30466
45138 46639
5283 25315
36176 32514
25731 27636
41509 13261
33222 33013
46305 15416
31217 15956
7981 42023
13640 44415
25430 30636
17434 47152
23030 46396
13217 917
2525 29170
32332 15663
47591 37538
37427 9524
36394 45277
29589 43727
6558 21641
44183 1836
2468 13577
27299 12999
22655 47960
48409 11718
35103 17960
13656 7678
6148 25049
32850 40027
16985 38392
21781 1573
26083 29136
9251 39135
4581 41593
27725 10937
8791 1327
32228 37623
24254 20009
25167 12401
47535 29561
1751 27593
40696 10185
1465 32378
26075 39125
46567 24605
29153 43149
39865 48026
14510 5001
11814 43580
9504 5657
5458 855
7573 42529
23011 31189
966 17572
43703 32722
47953 11181
15674 4318
28262 11835
46070 38810
29471 10873
10446 13191
35389 23008
20365 41448
8733 37400
41717 9626
36486 11766
30417 34020
11214 15256
6588 10021
43328 40564
24657 16733
6833 523
14653 24610
42914 10347
19275 46366
32167 30112
27783 45583
46170 45218
6991 35715
20779 42640
21534 39569
24034 34799
43772 8418
18828 37251
12407 44024
12543 44438
32284 22418
3357 19470
9877 23266
12190 20893
36252 17677
25101 13839
38939 49849
29716 5830
16568 29351
8721 17812
45944 44336
5126 14950
43248 37296
48306 23051
40684 18465
47165 5065
24226 23473
24401 910
47720 12788
48343 38910
32255 36998
11645 25831
39592 3928
38005 30985
14627 18403
18484 17518
40205 28318
49345 10964
8622 36101
11659 37060
28334 47549
29835 41152
15937 29298
32551 45570
35926 21773
13219 6588
45100 49191
1087 14175
35181 6842
41499 27416
12429 7857
23087 11985
29727 10113
40313 42302
35320 9455
43848 24393
40424 39153
5969 13437
46929 11119
30633 585
1603 18472
38522 20502
23109 47780
16764 43170
40535 31514
8752 18289
6037 30704
23023 34688
13806 18291
36698 27738
397 2212
8614 38229
22188 14768
40277 42086
31620 4799
4248 37695
16793 19587
49909 35611
40575 24679
46353 9074
31948 25055
25201 48548
15727 48037
48325 37722
27428 7178
18080 20329
4968 36667
4082 37621
42448 14836
42713 43530
35102 36732
5850 40202
49225 37690
9530 11751
35754 29931
33242 43532
31223 36225
23381 8663
11600 47650
40528 47682
554 6171
5150 9099
23908 33353
48326 48164
17104 44321
28113 21309
37236 41008
41927 39393
41703 18000
11076 29095
47459 9778
24444 28523
44852 8642
33392 21610
21296 29766
32448 656
6065 44015
14804 5977
32121 36673
8142 15712
4385 35053
646 16628
37664 46542
41558 17006
11898 44511
8651 48640
48595 35977
44783 39665
9901 39875
29675 37414
4298 16065
10056 18780
35760 17022
2331 36407
6566 6813
23206 38285
11281 30325
38812 25592
38042 500
6884 28703
3560 34822
38796 44828
3588 23703
34853 23988
45149 33637
43595 39906
31327 3025
26255 38438
26408 33150
17345 20528
10622 49300
10912 45238
27213 4635
21337 48319
10060 1027
9419 45991
42848 3880
2614 21243
43437 23253
22880 6813
35326 5405
4170 27700
36573 18505
13374 2489
33239 27448
5470 31311
27972 46867
26284 30316
20706 45320
26354 9565
19580 27179
37161 33330
34247 28861
1730 32333
47293 19041
31371 13966
9836 21179
49010 26453
28793 18533
8437 27994
19306 21572
21823 20206
3279 47181
27508 35204
25752 46534
22238 23728
24294 27370
29531 2158
12038 29338
25846 16325
15362 38266
37432 13183
4692 34852
22225 21060
20652 16872
26669 32401
15672 21286
42727 41945
6588 12467
45653 48528
48879 2836
11428 16646
12840 31378
25857 15095
31609 14098
6994 14053
22434 48025
47079 10201
35222 45125
6123 18001
23146 44486
47813 25981
16562 27023
30121 48868
7798 46420
24037 45652
149 4286
27451 44328
29119 32150
10977 21566
46872 12109
17567 39931
32980 43439
36661 48200
10498 24409
14805 41262
15053 36825
28071 11396
11715 42975
31975 39647
5158 7613
47858 48439
28636 7704
27309 8419
41111 6587
34061 46635
11521 8444
28405 28419
14704 2956
39703 24796
47651 26221
39646 14590
11564 23456
23261 43639
13577 22653
7402 12115
20050 43777
26077 34192
24831 47473
39498 15234
42908 36764
1530 17431
24608 23359
33379 25648
47927 2685
31486 10736
4539 3174
15129 12068
3818 47615
23006 19320
5101 13111
35094 43196
13341 13685
1656 45003
30840 22224
23297 24226
13613 24358
31128 2292
19591 19893
49227 48845
12838 24178
16852 35424
4591 37911
44681 44838
41472 42751
45779 6431
35763 40947
47527 28307
31345 34575
5285 11860
12011 3320
23728 20524
6801 13330
26712 46882
29615 45942
46605 30183
38185 45641
40384 44027
33815 24031
37692 40602
21585 25969
32726 26025
25127 33505
7456 8938
45923 26865
22188 45995
27975 20247
17325 42448
19849 9590
33137 3953
12524 29568
26260 39924
13116 10471
29840 46672
26558 12876
29879 5422
5774 26758
42226 1701
4680 18766
32878 10003
38478 22163
17298 2091
17875 35798
18566 18331
21790 13461
37437 12445
5710 25187
31108 2536
44817 39302
3830 4600
41975 27936
17234 19041
47504 9411
18907 33769
28073 41600
30363 48204
32223 38903
39584 46863
40984 26701
10164 21887
26120 1803
38005 12624
36465 1712
12857 27293
41994 33429
38178 2952
25803 38668
3443 7902
25243 18898
33422 21
5481 17532
20886 46957
43504 41219
33721 33446
27217 14635
10358 41706
7651 48875
31298 26015
14512 34512
4000 33286
13591 16181
32642 44775
35223 4758
38514 4478
11998 41692
23625 43360
44967 20785
244 23314
20654 9203
29000 9152
34616 4884
30227 21073
49484 31163
36852 1191
31470 29412
43904 8112
33046 26636
43138 38438
18148 16154
21348 11431
34696 43830
33202 30627
31631 21487
32605 1095
49139 7989
2981 4987
21105 38556
19819 35432
33269 26605
13294 18609
10849 29476
41111 13309
14080 13879
38812 29319
16584 21236
30798 39991
49472 32920
25301 36302
41074 14449
7078 21899
48088 58
2734 41347
31178 47540
34511 3634
8427 30763
3273 14051
17336 33885
32511 30273
15168 45754
31569 20263
36284 5018
16134 14692
37388 29409
6776 43645
28254 20087
45315 23773
14452 23940
46265 10770
15730 49950
36294 31574
32611 46424
43767 24571
1453 6427
27303 9631
2078 7739
43563 32083
30027 2958
28203 7946
5792 39995
2389 37011
15912 11057
1033 11445
30151 9076
40074 25230
44278 6841
34776 22187
46549 3419
23817 1760
383 19873
15322 30258
46130 34843
3144 41134
3285 35082
42448 49716
28465 28196
35326 18871
339 32177
765 43794
35297 31517
44415 48678
9279 38711
6441 8852
43873 2432
11058 49367
21533 29223
12995 16451
7413 39218
13474 22454
31584 12083
13022 5953
25383 22001
7523 6297
991 13222
35802 35254
4114 24005
28051 7252
2229 36993
46946 48423
5732 41054
9930 9728
5422 35624
34225 41027
49972 39481
35142 42953
24972 19680
29172 46953
11804 23398
1984 42971
419 30618
13464 47678
20392 31549
20669 42351
5500 26318
15252 5509
29076 49583
5025 6015
44695 13212
4017 45591
36893 31595
41722 48069
39025 9959
19844 2284
30793 41521
39573 40180
1657 26754
1370 40750
35036 37913
27653 35060
21829 32098
20325 36097
21035 42580
26050 9324
38386 43535
46914 38349
39640 11095
26743 11633
39916 487
13460 4759
950 37133
40505 1879
14673 2105
17649 27748
25960 19509
37569 12627
44904 20597
11674 42282
34664 36539
10861 18521
39925 3719
25994 11938
37058 27673
14509 48945
30084 16662
33494 37400
19302 1563
44342 8790
22898 14105
46244 15463
10001 24643
27092 6151
25727 13404
15440 2635
48158 7752
34704 27576
14951 21168
12559 32067
19995 32052
15099 27139
3927 37875
49418 16110
35336 46599
43272 29028
16695 3592
10909 18146
49003 18214
49339 23267
8627 43345
689 5828
18856 42644
47413 2696
17269 9626
45735 5695
2966 43737
35481 7056
43437 37397
20671 19878
32130 2453
1770 20459
4018 5117
24271 37335
13233 44573
4019 41903
27815 33224
35642 38290
16781 2462
10807 12520
45790 5621
42561 26479
809 31932
15035 42809
6318 6043
7985 45037
38112 26999
44683 33714
16888 5815
48352 20697
1013 30125
25017 13615
34327 23845
30512 43696
13683 40068
43729 5759
2296 35381
2073 2447
1876 11312
23918 25020
33334 47819
33495 36730
33859 39555
29551 44171
22403 46303
1014 12969
24466 37338
22862 23757
32192 23776
39658 42487
43759 25518
49520 28539
580 25399
25864 28864
9929 13784
14140 42420
43719 23188
46009 39328
41512 35310
1676 35496
4469 22915
25223 5099
25287 10383
13557 41547
45829 15065
43276 4251
13708 44485
35633 43978
46732 10829
5355 10476
9331 14595
6434 46654
27049 12957
35424 35270
7011 19120
9506 44159
15436 12506
17267 28834
33211 30164
17750 6953
24888 19687
31553 10720
22250 17154
33116 35834
29241 5923
44442 1778
26889 11067
37864 1866
20798 3431
44558 30360
31158 45081
12107 28857
15752 32664
45331 3020
29306 49860
19766 12674
49494 28685
31883 17315
5618 11552
26931 24740
5303 16965
25622 22885
8579 11338
17602 34414
32437 49352
1046 27659
2831 12178
28411 43786
15874 26813
46761 1254
22205 48049
24054 29161
16698 16242
5386 3283
26603 17050
29156 48422
45392 804
44725 12668
16767 46126
46243 33467
43724 2933
17576 39790
47695 34422
13153 46463
33277 15782
10304 34366
8926 9800
37956 46598
26654 38665
1571 7298
24853 44139
25622 49064
6030 20282
23217 23185
18177 28801
22817 9461
6282 25533
16733 16637
33735 18114
36988 27271
8588 44194
44899 32679
30330 10728
5615 1066
25830 1031
12106 36521
7307 41774
45320 3637
26146 28111
39241 23006
9066 2336
42316 3536
19480 38263
38674 32992
49979 47293
32824 30729
12529 1523
37873 3230
42372 28162
24758 632
34109 1023
19616 32973
4037 44688
29003 37095
44457 42946
40075 15893
49366 25443
34339 9574
40791 10117
2735 24366
32551 40578
35532 19828
42583 5137
13256 43356
18802 45408
46084 26698
44981 26877
39942 9428
25222 39545
28422 35253
18763 1306
31060 32487
48885 7010
30044 7081
25441 11860
16278 8511
19181 30153
37450 19280
33533 2370
38773 45738
37525 46000
12094 2991
42615 553
38400 33288
35927 48223
27039 24600
26231 26823
38925 1619
14272 31193
27831 12938
36584 21158
16518 29803
11864 9346
27788 117
36278 13602
14769 43251
29168 37590
11134 14306
24956 1282
39975 10452
32261 49232
27780 31212
30704 47498
43082 33784
44903 9428
44637 6898
22981 44188
28275 15560
4101 19427
44149 2502
24865 30140
20999 24316
36368 48026
49286 2635
16198 1883
8425 28265
31755 8959
29286 23453
44637 13543
16627 45487
14243 2673
44482 47109
1980 32053
27909 28192
10820 35598
17005 34657
12874 5695
32272 24481
47996 23842
27230 49039
34434 7530
7994 31828
1207 14971
17492 12052
10467 26438
20382 26090
34801 49450
40529 44720
20952 45228
41497 48117
39392 39097
49975 48450
15882 42602
12748 5693
16145 46106
8411 11955
15917 17540
21248 46901
36250 300
48529 42027
22755 27808
17194 39373
49037 6359
17282 10494
34232 24861
15922 8547
47790 12814
46400 10551
5543 5242
32350 421
48479 35227
48063 44888
2553 32556
44733 26857
38903 28930
36303 49095
21666 28416
29601 5027
16219 15461
11116 22213
12192 12238
22391 2643
17584 31413
39300 14960
37494 35190
723 22864
39508 16441
16203 3173
26739 34821
41942 46324
17350 45343
37371 4563
45314 26300
47335 31083
39691 20732
43780 49526
43297 37871
49095 20959
28770 48729
834 37280
36280 10959
9412 4918
18637 3941
3681 32571
48380 4167
20306 45162
25785 19514
4625 11922
24312 6840
3992 49570
32399 9864
41945 15140
37505 39420
41057 14378
17781 47810
40490 39435
37163 43009
47897 11099
23163 30960
35070 12559
13776 47645
25469 24452
19955 23620
22640 29381
14876 20880
3652 12435
44081 22294
4126 4361
17645 49113
29752 980
37323 34303
22938 30874
20872 23118
19501 25731
10420 8056
24299 14040
19139 15448
19139 20633
36430 45719
3394 7819
24097 3781
10463 37490
23312 9909
35790 10098
17946 2752
48986 21606
1724 478
11985 36527
1407 13948
90 308
25998 15108
12060 49562
1261 49376
24012 27494
7737 47639
46681 21407
1998 33560
28164 17623
23963 22627
49175 16517
19023 30802
48127 46666
12352 43033
35343 16321
37546 8369
16443 27449
42029 47490
12734 16926
44888 36420
43568 23176
40809 6962
14597 9642
41568 42675
32744 19599
4834 28862
21605 8683
6039 14644
36986 28045
14540 41503
9811 40489
38349 7456
36200 27169
15170 18790
14957 39777
34775 5704
4138 978
11855 8432
11335 12406
45849 41315
10118 40002
3241 5090
22973 48262
8157 17563
24513 32087
23276 42395
45129 14826
21628 48848
47224 14048
49572 32554
43770 5681
46300 47560
24154 28747
2343 15786
11147 33736
43412 5882
31271 6216
32690 21614
30113 41639
47287 14794
44882 32169
14066 9782
22583 18575
34161 23882
40796 46025
28986 49381
49163 12887
22062 42309
28126 41429
13033 27191
36552 21636
46437 19855
8580 22675
3428 38480
45838 1699
19682 23726
1154 20163
12186 42390
40446 10136
36882 14314
12490 10680
49481 25299
23503 14156
25553 38747
6822 19444
3718 41395
22626 15108
43989 24634
3023 3324
11309 27780
17729 12758
15083 12415
16834 2708
36087 29407
36500 5487
34243 38436
34445 32134
38996 44568
10868 45990
9688 12200
43338 35871
12331 16848
26196 23305
16871 41144
39957 5240
35943 13705
17333 19177
29339 45822
22593 14288
22726 33380
18055 8924
27995 13180
39846 23086
25038 5889
14577 40288
13046 9634
41952 25956
15361 6120
15697 20848
13520 24003
15543 23286
46681 34448
36527 7157
33172 25680
28922 16279
4766 7141
23165 27786
23103 34176
39752 20445
33754 19224
40820 19041
42774 35246
35326 49451
44486 22001
43002 27045
23703 15597
20101 6802
14244 18486
12571 14408
5598 2798
36551 11204
3584 15407
21270 41683
44848 11074
37407 45299
27934 4410
2134 24226
28781 2744
34357 5882
34701 41609
13776 25785
46848 20894
34548 39102
40370 24487
21807 41102
22684 19891
39207 25992
30915 30946
21783 9367
34482 14641
30814 9940
41188 9940
15222 24272
18036 8411
22106 29973
44688 42441
36096 16527
22626 5382
24301 28672
28025 46777
47896 27129
48428 30460
11927 38915
11309 48908
49224 37760
14108 35656
4392 28386
32246 11491
24869 33270
34103 296
39789 37231
25834 23066
33294 23043
38541 14823
34833 8567
39910 16049
9638 8009
43019 8211
44243 37761
43587 23178
49085 48532
43159 42062
30737 5105
34068 17422
15957 35903
8095 355
2621 2888
1384 18213
41945 39721
7992 18597
28195 4837
10733 12199
36462 48393
32493 1943
8025 40364
15927 6490
40157 7036
44003 31083
49565 38186
10208 24581
10532 49079
25726 47963
49713 14814
17505 11327
39564 7997
26813 49873
6740 29150
26147 1700
28559 11003
47707 38069
44359 9615
731 49737
21051 41295
39724 5074
25241 46990
4153 45715
13462 5771
49289 24361
17644 46817
38176 18281
12643 29437
12402 26115
1695 35640
41746 26287
31076 22828
19983 33757
41901 45991
5566 48931
12396 48453
28477 19432
1010 18046
11896 7216
38527 40365
24291 28360
11369 16447
17200 25708
23313 29922
42542 10266
34694 31938
28113 39148
9208 25010
1283 24208
35313 47633
11632 33402
9299 30146
20977 1745
23280 28672
41258 18417
47576 31523
46093 39127
27221 124
13592 17439
29234 5229
30526 20713
27915 13306
32443 28167
935 36058
32561 701
41539 42780
32466 19348
22573 20418
38803 17119
22601 41320
34228 25787
14288 44318
30293 16436
39652 1057
40348 37772
42085 26120
8219 40255
46301 25357
10082 3534
33863 36654
30097 28901
43583 31268
24716 13854
49521 1926
3412 8195
16746 5341
16972 33435
8794 14808
6999 5551
4225 12826
679 3679
35923 7378
17356 33872
14333 22819
46995 33165
204 41143
39837 37794
31741 11104
21939 29771
41237 26822
39919 12342
46895 34279
6641 11837
13958 48321
516 8957
17815 7570
45354 40517
14609 26956
36276 1280
6244 17815
31523 47322
40442 23096
35400 35179
1082 8396
39386 44190
31800 13252
16739 25986
22758 38610
32719 20885
3509 30982
7894 39888
34496 5348
4958 24729
22670 31144
36726 9384
43719 45049
41436 43435
48226 43224
28217 21602
23637 44453
1443 36277
4788 17341
34523 23165
20614 45861
24218 16442
39851 1022
21266 27449
3877 1345
33201 38997
8692 2606
1608 42315
5359 10264
12030 25726
8499 651
32781 18953
45935 24374
28020 29264
28429 23790
4743 35831
31101 25279
19894 49065
11507 11869
8581 32858
4313 27798
43159 19049
29024 33454
27165 21924
40058 44204
25166 28354
26842 2289
43123 1355
43071 35770
24431 30940
30746 26407
42326 14222
27136 35166
26872 42884
19730 22469
42018 33542
16471 47347
37188 37467
1621 3609
17613 27783
33092 5811
45193 25211
48614 30470
28716 2360
15708 29824
23191 46621
15660 17288
41014 6269
5658 12411
37494 30173
43995 25470
39269 33948
34897 29322
37409 37228
18433 42989
18416 23457
44616 32717
20072 41659
15165 33619
2477 5823
18194 32156
16280 11156
44443 39345
10967 34290
5826 21508
4810 6885
49430 46504
8871 45424
16587 18221
15946 4220
28820 33793
3852 21940
20572 5407
44913 16726
14594 19328
3845 40253
27645 15701
32772 27355
11031 40502
41228 11299
40196 17730
43226 18013
47974 39011
21795 719
23315 247
32671 48712
18546 3635
14804 5680
14572 21461
19344 33050
31451 35456
16180 49071
35841 29390
31058 15758
31385 28402
15525 11848
6576 34837
15837 10573
1769 20806
9549 38370
49530 25656
20024 49769
37200 34812
17431 29307
15005 13927
26637 362
8057 3905
33662 44395
34036 11853
16367 11501
27903 25302
14054 32985
20004 30361
7623 31767
32833 15615
40214 13364
12178 14370
32009 17792
45806 44121
35958 11353
46310 42034
283 43754
19281 12753
46809 13732
49162 22869
16663 45858
44468 43674
12776 9665
48163 4345
16815 15967
28122 32558
2137 13975
49657 26576
29553 40708
30491 17313
22999 35594
23456 16461
21194 27796
15245 41581
40705 43255
19740 2646
46143 43209
40722 3615
18874 11027
46612 40165
41469 835
28396 18879
39831 24123
45124 6622
42365 16631
25397 39090
16729 44359
37729 41048
31735 28624
25866 33535
43983 34750
13545 22442
40533 27845
13577 29529
24225 2167
17124 44052
49918 34443
46841 9526
11203 4706
44378 14092
15070 17416
15170 47151
32780 19334
10599 38553
4753 19146
5685 40264
19771 37961
26514 23480
29244 18523
46160 39919
42957 7017
35094 34608
14798 49303
27708 19671
33419 24714
16920 23631
7967 11237
8665 40911
49586 18668
36416 8221
28938 6340
42970 18495
16405 42380
971 4195
33447 7517
3069 27504
31307 21745
11793 29284
20183 20279
29093 23291
44882 18498
26621 9199
14717 31054
7177 48149
8368 30512
49296 46275
36236 17076
19496 29416
46334 43990
1340 9993
5939 27307
8699 29684
5639 593
37101 36874
28467 16734
41967 46515
4790 21886
12999 1184
16458 8515
537 28792
49904 15356
31610 34914
49529 37066
39519 20082
35099 44296
43758 27235
36031 25503
35818 30420
23911 37966
40297 13487
36061 40407
7932 10164
29791 27841
717 48956
3065 11924
21228 6163
19703 30071
14989 12596
44589 45109
12649 39484
1211 33725
18622 49528
12666 808
44635 22336
877 43707
39979 6756
49460 8513
39958 11213
9335 4795
1833 39995
18632 2243
16738 26934
21289 19009
40463 1068
31853 21590
29619 19806
16337 8448
46461 18123
30378 4517
13528 5840
30433 21318
33747 43171
30929 2248
40036 5079
49297 16397
3483 22187
47623 8100
6099 17185
20460 7960
8191 1000
8773 43682
10713 46885
16007 5595
32512 36657
5977 35369
12136 27152
17268 10571
3203 28581
27184 33403
17047 44278
43166 12203
19408 2248
25692 42735
31766 3771
44887 44627
15620 9708
13853 28111
16132 6624
16207 801
21997 46161
34670 22862
44750 2774
2760 38582
37719 8004
18222 43195
36401 19089
19177 15372
28247 25510
29286 23119
11869 42390
5071 26288
46056 43402
29911 22991
3153 34233
14558 12198
48678 36056
1696 48437
37792 42753
34014 26708
348 37318
40726 9179
42788 38615
13787 19712
10410 30596
6307 44288
41310 23549
46290 1014
20225 7583
45875 43806
12068 32425
40144 45317
23996 1176
30451 36421
13547 9928
28536 5129
11816 26044
17034 40177
17639 32812
31846 17432
16554 38595
2612 26996
7993 37909
20164 26144
22149 18673
33776 38948
21215 9622
10250 2765
17326 7458
29517 1760
32460 44527
16409 866
49742 47033
45884 33006
35797 2140
45468 9777
4618 36300
33407 12881
27516 45845
11747 42445
7838 22065
14826 1679
3291 18662
20666 21155
27126 26315
15254 5635
30955 41766
27872 5800
1504 25540
1737 19951
33230 6420
42054 45427
38936 39663
6730 36888
6781 24640
15532 44281
20992 48047
19845 2565
34215 11981
39445 8476
27601 7036
4909 2838
8263 39425
44709 6888
9864 38943
48731 16995
17942 4086
33051 41113
20809 23579
12516 48100
791 47346
18164 28427
20897 7946
28736 12085
14571 45355
40086 42472
1444 34620
29938 36739
23269 37632
31377 47206
19530 40166
11868 16779
10820 10417
22080 23765
42310 2372
34497 49933
8640 44339
11824 33699
859 39008
1737 15537
14034 6171
42832 17762
44255 45982
27730 6310
30887 37610
25790 20386
26214 35650
40304 36768
28453 36622
27780 65
36143 6128
34965 35282
14670 29614
31224 43074
36172 40870
9980 27148
43258 38022
27284 38110
570 30001
45597 33368
11474 40584
48116 38752
35354 14379
9381 43481
37551 9862
4621 17360
33981 12249
10417 1101
4964 854
43776 27762
41018 10726
31162 26306
45169 18947
42121 11683
21567 33886
41362 1841
17158 49527
44123 31420
38568 21862
48959 13386
28148 33369
8065 41084
25942 18201
24227 7435
35671 44573
26262 44405
42101 22826
37978 16758
17599 19434
4261 38989
21791 29045
37886 15110
28025 17642
16823 42135
6522 35256
42497 2945
9582 7804
31752 2552
8982 40440
36095 18951
15250 1414
15742 40839
18947 26173
29747 26073
10560 46136
1283 20058
32071 36441
4164 19985
4676 13339
10410 30534
16317 36915
4662 12605
23242 38856
4516 34918
23075 10760
13687 18930
36208 24613
20911 41359
16916 43182
811 13510
23254 1325
40056 28362
8942 45045
16181 17777
40519 40530
24570 20182
48921 4377
13600 48452
20159 7714
3996 29602
19932 23192
20544 17876
21352 48094
6364 31810
21428 33083
15161 26726
18358 44862
47038 15124
4027 48099
17487 37960
31257 2816
25372 541
20209 9150
37682 40449
40361 41915
48034 16200
19399 24751
2511 24795
30059 17556
44199 27345
25811 20302
46330 33287
4005 20322
29293 26228
38630 14252
6666 3568
4723 9264
26576 40294
39515 26291
40020 42259
26446 22314
37381 39854
46395 22452
15 41908
14465 15375
3863 45197
48314 46071
38938 545
4196 13069
40171 30301
1162 40827
46168 45627
6291 41668
35258 19634
46160 41704
15389 23494
12926 43570
34394 26900
21604 589
287 1862
36705 9038
3412 9249
24872 36470
23360 12622
46509 45216
32513 15227
24044 3464
47814 24581
37097 27840
14754 24992
11158 716
32303 26077
3502 45155
32219 36794
31346 25983
46056 26261
29848 7015
13969 33939
40562 26278
10467 48475
34290 4714
7349 9452
13550 38637
12546 32047
13614 42219
45089 32735
28054 35591
7938 49948
35847 40805
5768 47569
5322 20001
16651 37472
3425 32472
39165 40970
36490 12863
22003 5377
25291 7930
21469 9748
31324 35436
48145 42358
650 10051
38691 7986
23247 38198
314 7778
34462 21378
36385 13992
17457 44954
34193 26967
28173 45386
46075 42136
19971 22819
19115 35269
16004 21129
27296 29169
47030 35145
13027 47978
35532 4823
2343 48782
48748 21581
42952 42882
25253 38720
16561 34278
3501 27993
28808 1052
26811 9595
17054 46794
24312 1042
48103 7758
47402 20017
33612 36725
39181 26824
41281 7381
41902 41533
10861 9579
13285 34262
41051 21652
30866 39140
40134 35901
11718 33576
12539 41672
19624 38049
17758 18178
12720 41136
21338 542
35371 34525
33258 11564
10055 2285
20064 17279
22861 40186
10675 39402
35463 41092
17875 3798
11426 42053
48882 36952
630 23109
26015 3319
449 1831
3053 44336
23707 33053
47238 33030
1064 11595
34132 29167
33691 7771
2235 22326
27953 37865
22413 46186
44128 33182
18216 20674
39686 28748
22127 40467
6884 6641
34891 7301
49549 32211
8315 26038
1644 22418
3386 46229
35090 25186
36536 17726
20052 35792
1501 11982
31846 8173
18268 2523
8516 33987
5827 10516
30273 5293
11722 26256
32879 5578
37841 39672
18934 407
1798 10233
46789 13643
20413 29940
116 24125
31002 30472
49068 41088
43800 29419
47628 15386
35404 1676
45604 49534
28947 27138
40026 48751
29691 39273
31531 35853
2428 3139
4578 35322
13051 40226
24022 19974
44511 18951
8970 487
8176 18613
1588 28276
44052 16217
6936 27434
5889 32889
9632 7853
45888 44837
10152 37692
3225 5841
38294 44856
15152 17139
25377 15363
30180 10342
24258 35548
11916 27483
39810 14425
14684 16463
18966 31494
33591 1854
28768 31574
28537 24553
36263 16739
35912 46096
18035 16981
41719 47925
33506 31229
3086 33789
37310 20882
21228 45551
15529 8806
31177 23342
46969 2487
22938 6587
21191 38628
47426 47724
11720 13217
12247 22061
26260 32016
43233 500
40534 8265
9174 32617
36524 40721
45579 41363
9035 10275
41276 48397
4330 36027
45920 11110
24765 41465
15858 21279
47461 13364
35379 18888
26737 3170
22306 3258
17319 49157
24164 23167
17166 6312
2793 32557
42067 47176
1414 6494
20202 45357
16264 19311
33840 13926
37840 7088
43533 35953
41897 12443
33430 37356
36911 23727
13056 36267
6749 37746
30451 47908
35888 3178
31916 24021
47599 22223
33699 14803
18420 17350
37604 13173
20179 15379
2284 21969
24929 22308
21614 32901
3701 9171
17594 8777
48311 25350
16676 9535
10588 16569
44660 15174
38820 41784
18614 5796
25588 31687
4038 39547
44223 26235
34835 21205
30842 41634
48327 47772
12391 29050
42588 48767
46250 15026
14554 2409
4162 22524
44892 27111
42431 49851
31379 29497
46580 35337
1990 9610
48921 27085
48362 9970
41122 26119
1110 21812
41535 102
17470 29046
423 1102
13624 43575
24231 30541
22131 21512
14373 26009
27955 17297
37332 4794
21816 47885
14412 34325
36613 9597
27601 15976
22046 21410
19754 8537
35111 10649
14498 20810
20719 37330
15715 31111
14806 34953
40573 9633
36497 6404
21897 18966
24745 46401
1733 42437
12749 13613
22731 34973
20405 8697
16870 9534
30031 6639
28358 4902
27737 13711
29041 4173
4337 19466
36152 15322
42143 8498
27440 41069
23171 35732
48671 25966
39176 31226
45463 36474
20755 25396
5778 45564
4914 33283
11837 8011
40878 34732
47721 25948
47523 26387
49600 39019
7154 22660
41543 33499
6169 23095
24372 11108
40547 13406
43235 34315
6554 40595
11353 10774
12969 4322
47336 36205
49484 12966
13 7054
10390 2799
23938 21272
48148 10625
44944 47671
19416 8557
5852 6366
47921 5525
22454 16689
11843 31941
4872 40713
3703 41937
18371 5472
28579 43351
30018 36171
48863 25884
19966 18816
32616 21301
33808 16468
31435 42241
391 29624
21539 44717
32448 43517
24016 14501
33318 11253
21096 19903
42228 6444
12157 15799
3703 40180
21883 43255
46042 32975
36224 48109
29156 44215
30477 4725
19443 12030
4519 16569
3925 48210
15774 4470
4552 35084
23669 18574
38126 1491
23565 7350
18135 28562
23655 45578
41113 25313
21876 23285
9332 7973
36692 10640
27817 36814
43092 9096
36991 18699
46033 5234
19797 27799
38007 20510
14438 30561
16157 17665
13176 29463
9016 3364
44223 16326
11004 49003
6688 13783
10793 34940
1568 4195
35042 17579
10731 31795
278 28474
43997 23859
46693 45809
23971 34097
58 10568
42694 24182
7664 20496
2351 46827
18913 35910
221 39392
15035 38263
13518 44694
12819 22581
14419 40423
8521 14509
39988 17370
16725 41927
41846 17025
25861 5342
8533 36292
26683 9430
46822 2413
7204 48661
26202 35039
35027 47208
18244 25793
3084 24810
32628 42119
44674 3147
46389 43612
30037 35609
17184 38140
13772 37245
957 9077
8915 46260
36959 23183
21785 41384
20799 11322
25244 47618
22536 38736
5995 40123
32129 31705
35497 8243
6706 10247
27347 39521
27040 25915
27845 29913
3874 24679
7194 33252
38845 715
78 44692
5371 33239
13231 10234
15379 23343
23266 1924
30717 48523
37816 37079
435 39589
37850 27504
13957 25236
15202 19940
6098 9537
3858 45980
49742 25661
40799 40123
29023 24960
49272 39459
35059 26854
28030 3639
34066 49916
38546 1567
46749 3545
26889 2522
8927 5052
14885 36703
8404 18382
36298 6285
1126 12616
9942 20927
36581 821
37532 12021
24150 10476
10698 33624
11673 24913
15127 1823
37512 6859
38220 14377
30881 10119
26756 30589
1878 47587
14623 45241
29617 11394
10398 35986
26491 46077
8699 37241
15626 17521
39624 21373
4317 36274
20063 10552
33278 11538
44442 32385
25149 15113
29922 22536
3311 34995
12827 15455
40544 24281
42764 4019
13190 33858
4756 20543
45040 47487
33448 37162
41127 24824
11371 32175
27221 49554
23678 6254
4118 41360
39946 18327
25298 10723
7257 10096
47072 20924
22446 45984
38215 43934
43813 29511
10105 8245
562 31541
26578 38692
17825 38711
35541 27413
38766 13690
44461 20417
46053 30477
19081 32524
48140 41440
34801 17254
15113 30268
27391 6606
11887 2041
13995 1870
40168 6883
31053 9176
7367 41229
8463 8784
1896 48
15315 11415
21248 41612
32909 32715
34370 47927
30263 9049
40237 3013
21314 36059
22804 33807
10131 32378
18963 46394
4299 7942
41864 36876
945 49615
23341 45770
48045 3149
16976 33242
1930 3917
43275 38451
23876 27093
48520 37112
36960 23396
4998 25511
37111 45135
38640 30707
33252 16991
38780 27729
7665 44937
22081 12096
1379 34114
11293 10594
28253 48066
25558 40082
47369 10805
10485 42269
12992 13293
44636 7732
41810 19635
18309 24691
21014 18312
47076 34990
48726 7621
31277 44553
45917 9824
13031 42588
3206 35381
44849 30832
6208 6134
20465 10334
18459 9310
9689 48391
39089 1422
47966 28218
23009 33553
40754 21998
19590 6865
21159 46226
27243 29437
12376 12802
45206 42381
27809 32233
17988 24690
22292 43818
24841 2357
24617 46070
17946 16364
26616 16912
48203 19255
35674 5952
41083 18486
1823 36141
40305 34553
6684 374
19351 1620
47271 34375
20086 34313
25463 2102
18416 26287
21678 18118
34474 49579
37073 48691
10733 37986
5527 46534
20548 45468
35990 3483
31158 18317
32433 17803
25858 24229
34528 22517
4376 9905
18820 35829
32746 37050
25416 1172
39279 28578
9745 33871
28549 12679
41826 44817
39166 10323
48155 48578
34528 30413
8313 36542
14168 32678
44917 3091
6089 37258
36526 28716
16003 30807
31945 42213
42137 11846
19463 33869
44957 17286
1370 30278
39144 41287
14806 8408
15227 25362
32424 22574
8504 11269
36111 22507
24871 4454
20277 48953
35986 26944
2813 19410
21856 10981
3565 17629
30263 46620
29790 40879
31813 3960
26433 10137
11446 26754
24082 27483
41380 7942
20964 46286
25318 47248
43068 8906
16902 26048
2155 18455
41041 2679
27972 30508
2041 25213
29958 7722
11089 37266
48378 27128
6326 31022
18712 167
9881 28363
18056 9855
30248 12878
46388 10131
126 33460
7851 19810
47918 22006
23889 43603
15386 34410
12148 376
17424 7392
14869 36115
27560 45439
33616 33159
19221 16700
14615 42689
19804 33581
8109 604
24722 32230
19341 26489
41806 48625
14284 21508
43067 37889
8175 3463
6415 6523
32232 9169
19897 19980
18986 45152
4636 244
29634 48116
15565 12927
19434 26292
30440 33709
36341 28080
34573 1035
26392 48740
13900 37339
11004 18494
46006 45709
15700 29299
9273 44260
18179 47041
30006 41259
43123 45832
25485 27604
49803 25903
43537 45415
19392 28790
17184 49832
16471 6418
45646 1371
6923 12048
7542 29335
30079 39111
32095 11561
30914 3268
4277 1038
20700 5173
5123 28283
24843 20737
11075 32862
38323 10867
38376 26510
49411 1878
36062 27736
24797 38022
16447 1753
11207 30344
4205 4135
31943 38457
3003 47374
19049 41631
30074 27132
24238 42772
31862 26709
39522 23409
46234 30061
14617 723
43165 11581
881 3579
46413 23387
42359 11683
33905 13687
34370 10138
6540 169
48119 41443
41609 29083
460 29177
6196 14952
42642 26177
46597 14976
23057 46281
29318 23248
35977 34370
47543 41973
10925 29511
41960 44998
19011 27596
8112 33062
37637 29460
30468 32266
40454 16186
26646 39857
11426 23439
15400 33381
5649 39961
46974 20349
23074 7324
2285 18648
31688 6145
8113 2710
26746 10308
3310 8336
8500 6874
7351 15952
39784 19209
26788 12293
40301 24503
17292 40229
28512 14307
36342 42675
44159 46215
34787 6256
9084 36157
20056 28706
33291 38644
49977 21274
49248 15014
27955 35852
42428 43654
36648 46796
30133 6958
34748 2102
8053 40524
38075 34257
9330 35168
7579 4242
8549 16480
48758 13870
8531 34543
27819 49026
28579 14419
12966 13182
18270 29206
30651 30599
43093 22931
15433 16599
19258 26329
21884 35583
22863 30476
18708 9057
26063 26579
35733 46667
31511 6920
5749 40093
8595 38783
4461 30145
41268 15284
41857 28821
27021 33274
27887 20070
4464 9814
20120 12722
31665 18483
14239 41267
29917 47029
27269 45227
49462 13819
24497 19026
16224 24768
26117 16529
20542 3016
22810 4908
44324 40261
44404 43972
3682 20916
13831 37904
11427 8659
12641 2254
21789 17142
41676 34520
22318 36730
24949 18442
39970 43467
49223 27329
42757 42643
45837 3286
9367 31753
49033 40710
13091 44736
20431 40862
2592 651
46155 18663
46090 31667
11146 43677
4822 5732
6421 24160
29056 7362
46912 38257
48598 45023
946 11153
6225 40518
45543 4417
7010 6297
13481 6328
38931 12613
42685 38401
31313 25314
36892 7802
19696 585
841 6394
27850 13480
14006 28655
15483 45953
31249 5387
33154 32719
14406 35775
18409 33966
24671 27199
49607 40635
22414 30687
8206 47532
44387 25991
13737 3177
15968 3985
11512 30828
24603 5955
49016 5848
33766 26275
1673 22552
27022 43550
7555 31790
32154 13274
36310 27349
35539 33605
28527 42175
21147 14067
26123 48339
6089 44767
747 13535
1510 47201
23351 34682
33194 34421
11863 42976
14947 32385
23028 41778
10875 37198
18768 765
456 35540
48782 36387
49417 26580
15404 35523
20355 45621
6182 19603
18229 30656
40986 22208
48859 3131
25895 44873
31519 3840
43871 7182
22112 19351
42291 19443
39235 18307
18831 45143
15157 22435
2649 38507
37470 29897
12728 42024
14429 16029
21137 16317
36475 2636
41613 40263
45084 27899
25530 26675
32216 41432
26972 46209
13950 859
18213 10006
16439 1691
3754 15328
4132 29120
48082 41676
12939 29375
19221 35907
23747 18040
9450 42315
29036 26867
46068 47756
7478 39738
12179 33537
2913 31760
28099 39536
9044 12325
17138 41041
42966 19724
3658 13970
29093 26724
39840 42799
7192 10297
16804 48890
37976 2583
22052 42216
46023 31878
20566 39323
162 31077
35291 18281
328 9418
8709 44757
48282 9893
14416 29904
31167 33663
48427 41290
29703 41663
7136 48625
6281 43790
3666 25550
5964 2637
1999 28139
17112 7030
45651 35666
6135 41766
27854 36971
37923 40619
44364 16143
43594 5139
19685 6539
18654 47808
24022 18220
20640 14910
1020 46870
4872 11040
44969 40463
1446 9159
35201 48405
11263 2161
45967 18178
33728 18063
44903 22607
38120 33972
1202 866
6473 25055
22988 8161
35254 17256
41276 12168
29628 12461
9336 47694
45325 13584
5463 6686
4787 8197
4435 3038
31312 30908
34005 18312
37110 44308
25114 38516
61 29720
16844 4192
28354 30056
35573 45388
31632 45947
44848 16008
3219 42948
5061 47445
23624 3372
30416 6415
28976 23259
1603 49458
29404 43535
44486 23064
7812 11184
14568 11384
37988 39136
45468 41417
32530 7172
5903 25858
26609 10387
34185 22996
21172 28379
18186 36735
5690 22881
44777 45419
47983 38864
24728 38530
46658 15531
12805 11543
34400 31183
32428 45618
8235 12882
23254 4324
37548 5944
5925 2954
16979 16603
32703 49275
32423 30950
29924 11026
44951 26837
13514 2753
24516 15548
4484 784
1812 3028
7335 41903
41225 45425
47859 18007
46781 11905
13468 24242
46502 15632
25548 24323
41072 41295
6582 13144
16147 2498
33947 33821
9059 14560
4552 45232
6908 39993
47931 2667
8283 26036
19692 41544
48210 11607
18238 26808
47091 30660
11651 36194
6802 22205
13250 7597
13267 11098
37464 23666
1757 14755
16769 26486
15749 8584
29065 48860
22034 42055
5088 15674
28781 47806
18620 11021
47614 29926
13790 3999
5203 29469
19132 1007
33395 35497
46026 2948
48385 29488
37451 6186
44601 13363
24411 38420
2218 32353
27276 16282
3854 47011
8785 20750
23034 3052
31660 42059
9546 11636
15898 46746
1497 34591
6190 43360
24295 19226
3738 43182
40003 15346
2770 12980
46568 39155
21962 2034
9420 28870
37292 19441
26628 9979
29084 26472
13384 20458
26739 24228
4251 12880
9450 25216
22627 46476
20199 29309
49074 33043
18537 7236
4917 13348
5604 8500
2117 25133
29015 45389
34530 16461
16644 43538
46314 28934
820 37813
870 18738
1739 4075
6210 33824
47765 37905
40758 38281
38530 23020
35601 23742
19947 38057
43249 3092
1676 48556
27 16892
45896 42216
26311 1742
37919 15127
26298 12428
18592 23304
23564 6810
14500 10152
8850 25971
21373 47802
4870 7616
12844 24627
29944 6775
17644 47723
10142 7956
12022 116
17157 35293
10174 42112
46860 40401
6635 41214
6203 2917
48986 26938
28806 766
21749 9060
3402 38811
24738 41873
17295 28397
29230 46881
49756 23932
7817 25058
15135 3551
8690 23583
4600 6291
24422 46792
77 37020
39522 26615
37536 1983
5349 38501
7172 21452
22726 20913
6319 9532
39943 1524
20192 14795
27672 45724
1701 12270
8106 47951
18805 17156
36051 41106
33697 45687
30027 30321
44802 28331
46220 21292
18181 18843
40352 39154
40792 24084
23106 12216
41820 21550
47816 5822
30095 21390
22740 18129
13715 6179
15157 17528
45962 22549
27514 2633
7756 34665
12493 18809
48116 34892
16001 36608
29440 45027
11609 10029
22390 11479
40532 31378
8022 13214
2507 45290
16162 2254
4582 32584
36289 30289
39000 38682
36916 33948
36125 40140
13216 33170
45987 14506
25127 27897
20268 37503
35225 28308
26894 35726
6778 48986
1835 47592
16526 34991
18964 1265
23039 2944
36881 3433
47761 26672
45130 36785
25127 49446
24843 11584
36751 24346
17554 33398
23322 38496
11623 22301
8345 22331
48839 5144
22515 3138
9469 22231
24307 26815
4350 46387
47208 26280
15222 38361
26717 23246
8508 19154
9943 37481
28807 28824
6623 89
41549 9159
28214 1097
17882 44421
4649 17492
10404 7836
7430 6871
38808 36139
13077 35288
19701 9225
978 20107
35507 14468
25034 43681
28536 46856
7361 3249
47894 27177
47708 1089
5953 35307
29334 24158
42318 21032
8017 21503
31467 42241
40386 28469
38609 42940
37787 48431
27715 28211
28780 29122
23136 22552
45392 7964
32724 35518
18781 44221
11638 28682
24903 43652
46773 24809
1986 36285
43650 4827
10680 2506
37600 33694
25231 8188
35823 14736
46809 43845
45962 12694
9291 2328
10714 19167
1478 10330
19769 25834
33418 40063
41288 15449
38601 18944
18365 39752
16695 24745
33073 33967
28539 41090
41726 26400
41479 18735
16498 43521
19702 15100
47486 10799
15451 14469
25635 23566
34347 48560
25250 12861
2516 13088
7708 48696
2516 46891
9392 12523
9138 47149
1024 23819
42829 9352
16164 31017
39404 19959
31115 25102
24673 3078
43409 43769
27924 32876
10465 16465
14794 8666
18508 5004
44762 15585
23643 30547
38546 25835
2245 28253
18372 35307
16726 6881
10249 35288
19226 1558
15538 32495
8082 13858
24317 16341
9918 19560
32645 22236
3205 42680
9954 2028
29957 15115
12457 3582
5478 29694
22543 12349
46503 42756
9996 35458
37719 44702
7740 45280
7571 1936
45488 9086
22924 12266
22255 9151
49532 45198
35020 20296
31648 18837
20063 29864
3352 1864
11001 2149
9029 22384
8586 25311
40277 39320
36336 10813
42522 47595
22265 36343
7446 36947
16058 24557
38651 23480
25748 17409
39861 22251
22784 38252
37317 515
16761 1636
6151 48017
22450 45565
16189 44656
7182 44350
41982 24761
1659 40497
32142 22531
36836 7615
43373 30440
42785 47820
16130 1723
7732 30851
15350 13040
22120 35573
36083 19557
20508 13051
41674 49729
44608 12422
9381 38499
11125 37014
18841 41454
40817 37887
13763 23184
17892 40732
37616 29670
39290 24416
544 39693
21761 44387
6428 30477
9158 35266
33665 15375
25928 44073
34964 31348
39154 14458
2960 46959
49504 24576
34234 9062
36482 39305
15509 1992
17908 45623
44269 42371
37792 2105
45447 49859
37681 49570
41737 33394
14625 46940
47590 48855
26513 10199
36466 14231
36982 640
20050 12255
22233 43515
45216 1711
8821 29846
437 24048
40010 26977
37687 23702
33396 20751
33207 8920
42495 33851
1209 28875
29850 19787
2289 25715
33177 37403
39443 25468
40031 1620
5465 29860
38192 15138
46292 27458
9256 24540
17879 33787
2573 43390
36360 29611
37029 46939
21634 9907
13229 34754
26506 10525
11474 22418
34215 43121
3814 26897
30197 36689
34944 42081
14145 2874
10322 19123
453 37481
27568 12088
34768 32731
1558 12154
19718 39011
29698 44445
15809 39945
11250 42267
48910 8157
24857 47751
25584 22245
41854 12573
31575 43325
24908 14723
6269 11357
15349 8008
15291 5865
4752 44630
10362 35353
38025 18392
20998 11358
31867 32385
11526 37285
29843 15226
4229 38183
40841 35571
3676 10331
9713 2938
48075 4886
10863 9959
30955 6429
3686 3179
24677 26795
7675 33181
6420 17586
11315 13247
7696 36736
13418 25681
20958 40924
48242 4187
9767 5975
49639 24405
48826 16451
41330 12491
21274 24805
16295 36856
28760 476
582 38269
13834 15577
4902 43100
28893 16770
38479 47414
14927 15281
6913 49826
34315 9418
6637 11374
27711 43529
20585 21038
47216 5213
23406 2519
18463 37251
41193 12702
35321 12859
32674 31486
8377 17277
41506 407
33916 32186
33628 41040
38837 37721
39397 8298
12170 34867
40402 37517
20826 30380
45840 31413
16768 15983
2844 70
5513 39277
7150 28624
31242 16309
17963 10684
38947 27776
49761 42748
12016 46322
48221 9756
2551 16922
6161 44337
37720 7362
30809 44520
43099 17585
46415 43611
1917 8038
10340 32136
29623 13634
8015 14816
26629 24974
6599 29420
34169 22010
26197 29054
29306 18355
38500 7603
202 21165
31130 34572
31650 48034
29326 5175
39382 14050
43336 19111
714 48412
19022 18572
7952 47536
48924 24033
29716 9443
44987 40716
294 39131
40933 7083
15443 35093
6706 674
45260 15741
42814 43774
9625 6162
27881 45564
3564 29930
49348 35868
22756 24201
5440 5927
8025 16664
34618 46394
24542 31030
31113 25665
40865 23875
46500 2027
41064 4271
10311 23218
5988 39621
36308 35488
22016 45605
18279 36440
5300 10696
5665 106
43936 17875
33898 39651
29207 45499
16589 16192
27145 41061
13240 45381
32759 11790
13932 35257
29928 31305
44957 27367
27613 2627
16968 49977
16720 11159
13344 11672
20163 37843
19478 49337
15517 38062
37683 11549
42875 35869
37000 10323
26070 28178
29479 2889
43268 9348
29037 26516
4281 41537
38371 2295
48841 29612
34056 43021
35148 44261
42584 21790
32782 34204
38747 23049
20130 25522
47825 22154
15232 29501
46964 3093
14227 33293
25278 18322
41933 42188
2180 24255
43079 232
14008 31214
11869 27117
28811 24520
41918 14383
9823 41273
46518 14751
40514 10835
32250 47299
41247 34433
20209 33831
24395 29424
15017 19887
4162 21657
21672 3674
30722 11987
25715 38275
25165 16565
44002 8149
3582 34174
11627 21459
15330 47213
4660 25100
4394 3414
31640 16754
1709 42972
48202 37919
26361 38719
36382 7103
39887 35344
47846 28952
24434 22796
46390 25950
35947 7254
29516 46830
5393 786
11649 15783
29298 5014
36064 9056
15538 5485
18753 44231
48496 41765
36816 20398
17121 45132
27776 25270
39852 20014
49169 23909
18292 19985
49019 4446
39814 41126
15894 22680
22473 43412
47640 41135
15339 15793
687 48555
6818 16751
37662 5142
48063 39762
47943 3370
5457 13349
34769 10312
20623 7791
19646 10387
7838 7975
21967 43838
34517 42920
33658 42385
29569 19650
8000 18464
9562 25265
18493 24614
2510 7420
17981 18628
28441 25529
16588 39802
6449 11226
24724 16177
31734 38080
36484 5462
36567 18571
10807 10417
29793 43167
3880 2599
24850 4310
16165 31240
33202 49740
22602 16725
45088 39881
916 34271
27460 27829
28215 25178
6457 22775
33272 14617
42577 49180
16869 11030
19381 40588
46249 46384
48142 33598
21107 16685
11342 42529
27333 11590
5050 11155
48236 19865
23538 49148
27266 11847
4261 35713
14628 16122
11303 47672
42152 36314
4658 28733
5130 39280
34594 23284
42580 4265
47404 4375
5384 29163
45016 107
22606 19379
27949 27654
1514 26542
17400 29390
24272 46305
16875 30177
30044 8408
34558 36589
3885 48852
11651 10794
42083 34436
12777 3181
8192 19074
44363 25354
48033 45930
2230 2148
4481 42384
28214 5472
7079 10966
8764 46886
28474 25011
22897 13676
30850 13284
12459 32487
34783 14118
29167 5612
16485 6251
37959 34504
8323 43756
2002 12068
23423 10307
37207 16957
29637 2752
15935 10353
46490 48420
7924 2575
35804 15745
48923 16640
21544 24203
30794 47975
3119 4213
25557 28796
48947 8508
38195 1905
21832 25144
17518 1525
18063 32895
49911 41858
38975 2636
44872 28437
19843 25228
33030 36446
37736 45647
27758 10293
31402 14328
12062 2812
25705 46169
27309 34090
15876 2545
26495 1001
36480 15607
14291 2411
45604 42099
9014 21643
2627 40464
31170 16170
27134 43017
28201 42357
10192 8173
24690 17810
48533 34132
24467 3390
38794 2904
23758 37311
6068 40486
9052 16536
39985 5371
34628 17085
15444 39010
12874 39053
47993 37681
1022 12979
8271 45183
25871 41410
45528 42463
41697 5432
25173 47961
18389 33152
19091 9298
10259 6788
26827 14213
36690 27751
31086 48688
38157 40292
5258 38842
47225 34710
29792 30663
30523 4865
32706 48017
19365 39756
18450 29699
12848 22783
16677 41447
49035 38736
33494 42709
27459 19431
48942 42251
17244 16476
20164 48201
17003 34337
3714 2453
5865 2333
2136 29997
39557 2694
13102 14409
10299 17952
45743 35978
37010 35189
22396 16480
47722 47299
47785 28965
13101 25134
37612 28272
5499 35801
9745 14430
40555 21067
46716 45051
11514 39278
45729 46133
32966 7514
35126 12934
43424 3739
47511 37595
37561 49417
23281 37569
13442 23204
34218 7515
27063 21778
23136 47055
16990 29870
45445 9960
3298 30206
30512 14704
40193 10272
41056 36793
25776 30256
48103 43952
49315 41589
48402 29228
47127 32587
45529 49715
4480 40530
16490 43297
44503 48471
9369 26852
16049 30705
10744 44526
26597 5512
48783 35410
27443 27310
41476 30126
29094 27623
32933 14006
11087 47617
48206 23460
40814 3785
28632 302
43173 12415
44790 10827
46463 7646
30366 16267
10267 38008
37273 47716
46588 41163
17080 26473
13516 22499
24919 5569
48979 14664
25475 5912
31143 3595
7327 10108
3426 36379
6911 22066
3922 15831
20737 43670
42735 1308
31536 49369
9383 11635
40220 38262
28531 7090
17074 15361
35687 36651
24311 11282
17516 17099
31115 48743
17111 44950
48896 30289
9665 39045
17374 47152
47561 32017
34822 41779
37428 16699
5973 19492
12698 5723
22309 45427
43722 7700
12211 41838
44514 4849
24261 14650
49275 26526
10372 5936
38022 34426
39577 2927
39684 13
8589 46783
43947 49610
43810 5465
5657 44930
31378 44145
7051 14474
19509 30242
46906 43404
32140 21205
48321 16776
3836 43654
8036 39884
9506 29093
47877 22813
3657 6449
29350 46772
49035 17269
36975 18793
33551 6296
46309 35098
47586 43292
44221 21182
17576 21199
42119 24001
21629 31066
35601 43192
16924 14404
14425 40355
8025 45549
16316 12719
48362 18216
27794 21088
36723 1014
13283 6225
37131 479
614 14677
32202 39244
31238 34275
3469 11794
16193 11688
14404 26433
43356 46360
10436 5039
13113 685
45717 44637
4208 3220
11958 41342
5577 32239
19037 28594
42526 20016
26537 33096
37050 8695
36113 7529
13633 33002
36159 11842
36324 23705
35755 40421
14633 10154
42486 46921
9736 15605
41189 42913
25023 20221
19330 25493
23032 42652
8762 27022
12783 34387
13126 11805
9682 13050
17346 16665
37209 22352
49843 37902
47941 2005
18399 15321
47610 4979
998 24958
29159 37521
8935 4980
18467 32330
49134 33476
48992 15246
27886 25906
30378 27033
30169 31762
19910 44796
13062 29811
47006 17
24175 20420
8126 49729
49638 7217
2813 26873
14833 18741
5076 47621
6919 46011
40073 5410
1416 14325
30439 30007
41668 49021
24242 19477
34355 27534
37018 5012
39396 38543
6108 9206
19218 9600
33790 23685
11192 31487
4520 858
44284 16681
11115 27876
15415 16174
18723 41166
33360 46168
37907 34325
25869 38713
27487 47974
36478 36847
44533 496
9503 30906
16741 30930
41754 22399
44715 15177
232 15405
4793 24966
47020 42686
38226 18806
31245 34830
16213 31204
5015 17684
43693 18764
12032 48936
28144 1332
47732 19286
44737 13310
10939 1981
9422 7051
26915 20418
6479 41330
36568 34361
1267 36908
23208 10600
13605 33268
12508 11968
36768 39775
39227 21274
32649 33380
33157 25358
714 9673
32561 25653
25196 31059
43810 9561
15841 12283
14509 35828
36317 46813
7704 37200
9915 26417
15215 12833
41259 32099
44148 6529
40755 10739
38473 49673
14556 24666
34 37678
2062 12133
39076 20782
371 45490
29657 33254
26991 29168
36769 31986
46059 5929
33497 40507
6368 49624
23003 43101
17946 24064
10729 42876
34459 14640
7302 22435
38946 39133
23664 36250
17470 45270
106 5618
21068 36302
38866 19679
28042 39720
45556 11735
42524 19121
2423 21450
33034 39054
23358 26153
48316 33103
44395 14497
10009 35609
6042 46087
16556 3409
3505 31742
12703 20424
37322 26305
4226 21056
45675 7059
47003 14679
6051 23791
3435 41737
3398 14653
31178 29938
46348 16956
36076 36647
41407 23880
26155 30947
42077 43707
7573 30704
13405 10768
6277 43172
18448 35384
4366 47042
14001 2699
19615 43181
31208 21103
5221 9135
31449 9386
21330 47987
29928 6046
35392 11242
18543 5456
5368 34626
33369 7292
1156 20002
43196 41156
6924 36234
2752 43420
22175 30235
12943 20626
37007 29222
14994 28761
12036 41584
40859 28851
18513 26276
13501 28993
7065 28600
44474 36161
45661 35360
8671 32447
32323 28558
536 13373
31741 38825
23996 17884
24930 8636
26891 40585
32786 25943
37145 16678
46088 8692
15220 19116
38133 13952
12777 12244
10407 16921
26151 46391
20088 13621
46370 45148
40151 20923
33534 36850
42162 47116
28777 34683
49412 2952
25615 2411
22802 43284
31901 36120
41939 27477
38092 8237
26393 17965
32772 5016
32373 3384
8676 49880
4756 2790
24577 48706
13926 41401
40817 15875
45003 28331
40148 38835
10001 38791
3454 9064
10740 9300
49745 45923
17573 46137
41617 43402
42000 4037
36423 45060
26391 49125
8862 40655
38355 12514
41972 1900
36958 25835
30954 40677
38343 25039
23673 22578
3154 9340
38954 40634
42778 2733
49980 42512
39682 25438
9387 18933
20789 15404
48368 3058
34761 48295
40155 35760
23220 43276
26354 24920
10950 37869
3571 47489
45797 25518
13041 44695
32678 44904
1238 46906
45740 37746
34162 9927
24670 28843
39884 23768
21505 35207
14319 1014
34212 5354
19824 43203
506 3181
6025 39071
20064 34866
24734 3615
37734 31085
45430 20694
42304 45176
1536 36123
48962 48373
41634 48726
26721 19608
28112 47287
25477 44948
39209 28210
46579 4280
36780 10361
6919 42610
23451 35377
40879 22240
38115 46635
45860 36232
31848 17033
12031 41515
15523 20034
29038 23956
37827 25957
42644 18126
13875 5485
34142 29470
6079 14247
14242 12586
9914 42715
13391 34335
45240 25862
33991 36823
4429 44865
41145 43603
19984 48607
35448 17326
47000 49560
38786 48991
3264 9623
42963 16010
36850 45244
35574 41713
14724 13473
26324 19582
32385 47845
27668 47152
21451 18593
49948 15245
4085 40852
47552 3894
39434 16397
46697 40407
24611 12304
5875 49455
15492 11508
20548 11429
39891 25257
45420 24422
19500 19482
2093 31944
29388 5688
21585 25644
30201 41354
21532 15297
15120 35380
42298 29138
10323 47268
27917 7363
17644 4594
44376 41635
43321 24194
47228 22556
38817 509
30176 8643
33886 38371
19190 41607
27311 19917
38338 442
16642 30737
2408 36090
17178 18385
41192 10189
39965 3471
37736 8703
2124 48113
2016 21074
3293 24548
7823 46472
34305 40442
11164 10127
19102 23671
24493 15500
7515 11792
32284 13473
13146 37529
42204 30333
36529 45749
27492 44820
5275 17090
40091 5256
25220 44150
13831 42855
43516 13443
43054 2374
9200 45683
44387 26733
46022 15293
39216 47618
24549 10506
10420 44189
49913 22770
19973 29027
26719 22921
34780 33166
2457 7108
18804 47185
25246 8811
26980 40957
36063 10548
49879 47888
11312 47666
20366 35607
35474 39598
30862 41256
45062 45134
32388 46673
30093 6420
47718 46910
36613 28459
2240 46251
30047 38214
3522 47707
36479 11403
39094 30249
25425 23437
9321 32068
18336 532
15638 28565
37418 33588
27727 2766
34847 23855
42910 16264
39079 44303
719 45412
8948 44440
241 32811
7945 25100
13860 47087
31151 31886
8838 13634
12304 9796
9920 25341
42068 32478
6688 43751
37034 26620
11966 19814
47575 35066
2911 30591
35831 16949
3776 14493
17618 5306
18018 302
11919 44980
1472 31681
29062 15932
24836 4461
31061 11199
26926 40209
2895 27528
41587 35838
36503 31946
846 6716
27527 18829
43200 41526
18375 34328
45301 49891
4499 417
48134 23350
29581 99
1935 23895
46972 41241
42037 9546
7589 28870
28043 23378
41413 41276
19632 13789
16197 8606
12273 10057
16446 4055
36146 42553
45596 44971
33115 7676
18245 31704
13009 44414
30996 44527
17291 39400
19136 16175
7512 29576
33754 33652
918 33217
43413 42911
41909 43566
29270 45091
22088 28836
34836 43159
30837 13704
15199 39802
38856 1313
9929 34490
41404 33463
31043 17866
48482 8100
22692 1811
37043 7367
25880 38399
31375 13421
8800 46260
43357 43137
40177 28898
47890 35403
31937 15300
27858 6386
21989 15151
44950 40543
33545 27225
28012 39743
21971 25482
23299 3896
47067 18662
16401 44422
13707 44640
14829 19274
7723 36231
18626 20850
19831 22764
28426 32251
11024 592
38388 41795
16698 20564
2403 114
10263 33938
12468 31301
3724 19708
41931 43704
3146 12738
9341 33851
447 37396
47213 686
4726 3034
9850 49193
792 23212
43146 18476
31744 25825
29705 48913
36603 6089
1326 14767
13613 7287
15238 13031
1491 8592
2440 36459
4785 8761
48800 36893
27216 18829
35476 8
30887 26217
8170 49435
34757 46682
192 24112
37942 40940
29663 3590
49462 30889
1521 31935
29772 35112
49177 25955
2289 39316
12265 44798
5730 12965
31835 33453
20792 48822
47571 9371
22509 5548
1936 14770
4430 42184
8907 29283
3221 14637
20725 44143
31997 46432
35223 37736
43576 8425
471 26506
19403 25
7729 7866
22618 3233
31279 41623
24114 44394
40865 40151
41173 40371
25883 10792
27501 6639
46382 19062
47063 29133
32828 11143
2994 39232
12524 31397
10761 6531
27220 35779
253 19319
20594 1420
33505 37180
41453 39978
33762 4876
4567 30313
24565 8937
12140 32902
6100 4833
24379 22490
38365 12346
18875 18656
15221 36336
6354 13934
21690 12623
6485 20337
36534 19268
1 37465
15498 20473
17629 14145
28413 12440
21911 44532
8684 10075
10416 41834
5307 47605
2078 1577
29447 6603
16042 30623
32364 14235
42359 37201
28334 5498
37793 1285
35207 41324
42742 5601
1887 45399
4153 1573
24485 38756
36053 20697
7866 26204
45078 28354
27734 34909
5018 6898
4052 11138
37857 12004
32989 25668
43454 14757
6211 22449
36535 45123
24378 48137
14674 43747
47615 46009
9666 47042
18708 15437
19238 21415
30061 1648
9241 27781
14099 45011
16501 36973
42394 11482
35583 47906
41521 40673
13035 22530
45149 20210
10241 47585
45558 37836
17644 42821
39818 35551
38560 10913
36226 14920
36169 17981
11324 47027
19741 35666
9146 38200
42904 39882
17711 43867
5401 20644
35702 798
45203 28397
37036 14751
3993 43663
8494 39268
40076 31558
43972 3592
36490 7812
5138 688
41570 45171
3880 30523
13302 9826
28786 37237
4041 31009
25057 998
3926 13809
7483 44631
41831 46970
47423 14476
16398 22182
2946 35108
18324 25245
11702 45311
38096 43913
43184 39405
12496 26961
9686 100
38164 17634
162 27736
8928 25603
19168 37635
21631 23828
49086 30212
32710 47397
48032 26444
26831 6434
19439 5560
31915 31752
20640 36176
467 24164
14672 31374
1744 31134
49540 1193
47869 22669
40383 43151
35154 30520
41792 7288
36240 11451
28319 19277
38045 44769
1013 27214
20605 24972
24134 34861
27463 47704
23107 8864
20332 5887
39059 1973
34809 37131
24129 15631
2670 9363
6120 45501
49782 21416
39918 27951
34849 126
1821 27816
21094 28809
41103 4250
13261 36497
42494 27270
15679 11146
3781 7444
28140 19052
3601 34022
10815 16142
31845 47092
37727 43005
18940 19550
10902 43783
35386 32278
44494 21148
4852 18763
31570 12444
45525 35627
22851 40281
38003 26178
5557 16171
12343 12398
16824 32268
6303 24440
23505 4991
42412 22526
40911 20351
34634 34237
21889 21324
26665 8069
33603 22782
43434 9719
29364 23583
12704 27505
27420 8838
31420 24424
11827 9567
679 34610
3849 5960
45044 3321
13370 18165
11502 1071
1736 47000
33622 8727
13185 41058
49904 3246
49662 18429
38768 27307
40086 9434
16485 49253
43318 4292
42255 22646
10428 32437
28469 39049
14916 35750
35970 796
49168 18421
19373 3368
18390 49601
4297 19677
36992 33055
48588 6871
44801 46438
45510 23398
40001 24300
43360 23938
35276 21202
17948 36733
28371 2983
38468 38885
40555 30572
37284 39663
15368 7712
36632 2068
45985 17024
34056 35318
26126 47275
8119 21
10037 21716
10019 38194
12914 933
625 45027
35280 39490
27088 40731
41185 49678
16473 43945
48080 15547
17968 1521
24496 30164
13956 37151
37631 25572
18193 6074
23972 31240
22106 5347
20727 33475
19454 19146
30708 4248
39147 9924
4831 3905
44813 12950
9390 20126
37269 18118
34872 45594
11572 16981
1546 10196
9312 15717
26508 17417
9028 43857
29275 24507
35356 15312
17355 15106
41744 44799
47255 5625
42675 45764
42361 639
13024 35597
37642 8719
46294 8527
26886 23846
14812 3748
29076 1193
4730 10947
6556 34964
45513 22496
44824 41736
35240 20220
33441 42356
11180 46315
9637 30372
29250 36052
19430 37005
8400 39429
3584 31421
32810 36923
13854 16268
44212 38269
18979 2050
14697 1914
38629 25128
41799 35956
42762 27894
9449 21973
22330 5917
30248 25289
3805 28997
6704 32997
39831 26221
9564 47511
10338 34762
34697 22804
23529 17538
28643 22632
35814 25508
44890 37106
21739 40024
39848 48832
13577 39165
37079 34560
10190 10456
21286 39572
26888 6543
22838 18691
15351 5728
37468 3905
1836 5823
17116 33790
20511 44957
9541 39387
12574 36475
6954 45748
7581 33390
37397 6598
6988 4606
25043 14912
20668 43017
32572 4107
35591 29165
2371 23957
39374 19741
45478 39377
7112 28601
36910 39352
3067 6921
42888 6388
23911 33950
15978 6766
2121 11230
49985 34707
7137 46560
36084 19472
20864 12965
8615 29322
48966 49241
48144 1629
42711 41578
45117 12219
48078 20
25574 48450
26820 21352
33144 1642
34780 44315
17632 23677
45648 32373
13281 47043
35404 32095
2400 9621
31092 8675
21214 48458
48888 11071
28776 39240
16562 35530
38860 22264
2240 14409
29678 41967
36418 36757
22608 43607
9159 27283
25024 1958
22408 41437
43812 17433
35865 30568
25771 95
2617 34720
23194 17107
30453 39905
44845 418
42232 10926
48793 42353
7251 13712
29849 31510
1659 17084
17680 43663
35885 12011
30345 31459
17771 45156
16093 26954
15632 33840
25899 29008
7219 8825
30044 959
15542 32588
42909 43866
49742 33194
31382 41621
5493 11008
4007 37060
7610 33744
798 24497
8195 43666
12721 37221
41103 34781
45933 13126
37855 13675
41380 20098
46511 22915
28808 4235
38246 32280
2255 17858
28188 34968
16305 35608
31473 47379
23755 40636
44397 30223
35556 13333
39838 14702
14324 27726
5135 23930
35191 11476
15252 35556
45966 19612
21468 21437
7571 36824
1495 47007
42829 21045
15555 36493
2210 7036
22033 45173
21583 47069
22883 5185
32931 40985
39748 19115
33311 48483
25783 5915
24283 23491
15521 28990
30492 10296
118 46820
37698 14085
43941 49464
33206 35578
9303 16573
21825 3595
1887 13516
2916 12135
11809 5062
38277 47934
30633 17073
34794 1757
42273 28939
20926 21782
10849 38957
39464 9926
45222 38894
15647 7936
28974 30890
37630 14220
26976 13361
44626 30698
15993 11280
21433 17473
35876 35911
4280 45927
26716 38572
16113 2846
29403 35538
45950 19222
19539 22695
3689 11686
45831 35756
41945 16103
9538 46209
28529 29669
35114 19661
16702 14843
29368 5653
16791 9444
39179 15738
37970 444
42249 7061
29840 39391
6147 30111
16422 12795
14989 126
16085 17489
15722 20174
32482 9198
41406 5524
9798 7157
19704 27287
42922 23002
5197 27532
42837 49385
23551 39946
12830 22672
9460 18565
3488 45590
21372 49288
45160 4620
16267 9772
13571 16777
41786 46441
13905 2262
30951 10842
24930 34706
21477 16476
22113 26030
7812 7529
29050 13420
6788 49612
12311 13685
504 14143
37626 12300
22162 43698
27813 17010
17724 49176
46665 32667
1960 36066
41296 16204
14343 4581
24518 41219
1872 12414
12838 8917
15379 11761
33935 2972
24649 20705
35156 1036
10285 9844
3551 25340
47294 20212
11595 36480
34424 20071
16698 24080
25774 10121
11253 18535
2818 40501
41197 45560
23400 10980
442 35518
15235 47926
45485 47113
44418 6266
22422 29497
49251 28523
33575 14790
21939 40288
29263 37201
29969 14130
47937 37619
37643 16900
22143 5871
36592 20202
13215 4073
37782 19636
10458 12984
11174 18822
26820 962
38143 40073
9195 5027
20684 37910
45667 24632
6393 15544
29338 12208
20728 1660
17797 46446
33701 5165
10597 34664
35041 16215
49962 16394
42478 14555
21848 35093
3595 31422
6307 6110
49650 6609
35488 26551
36925 49256
32839 17562
1700 7280
41696 16244
44192 47217
3307 35638
8781 38300
6523 33531
46496 39652
49037 45111
13896 24735
1506 11236
47869 9272
45033 27867
13128 39660
4530 4768
16934 12162
6678 46496
26642 32575
18870 25087
33525 5577
29290 24925
39868 1511
35066 42285
39096 30899
33073 48245
7085 47258
25908 18815
23880 19143
25728 25907
49316 1692
3605 42546
39896 28242
27340 15955
35970 36117
16166 29097
32040 34303
32838 10376
15958 10404
23328 22436
4457 49515
20255 22898
41422 20821
7144 44899
35619 13443
25103 3157
34423 20725
24555 14392
24702 15442
29019 3664
9280 48131
2354 42558
44016 31258
8568 24868
46324 24029
2645 18912
10846 31880
17848 34795
42183 16347
40520 36073
20122 8632
17823 6126
46924 39946
49462 7322
21399 26484
29326 8302
4 43261
14112 19657
41851 42367
22760 11699
25224 16784
32022 38311
8622 23694
42503 41994
10226 21496
5607 49911
25159 42697
37263 16902
47416 33847
8400 6515
9717 6191
8505 2692
9477 41485
23433 49811
31898 47182
21727 27841
36528 25233
8980 5616
29517 34036
4843 43033
47918 16440
5942 1763
1840 40795
49984 8944
19992 47488
5248 12301
44924 23490
21591 29608
45281 16352
33739 9851
24087 12066
44053 3408
14086 2905
3002 17805
26311 3400
12904 19525
2800 41653
45395 13524
29564 16237
38074 32225
32862 45833
35790 34324
6304 26652
45511 39233
250 33347
44771 17377
7746 37963
47058 33105
39405 34772
42232 18520
28798 10177
40523 3792
48070 40936
26339 107
49126 17782
12224 138
23878 13546
7899 12698
29618 48369
20806 27631
18796 2042
39860 2925
13058 43277
41775 30678
21973 25522
35300 49997
19634 37068
38471 33324
43786 35240
23970 8666
12480 1085
14265 24181
36655 1680
48317 34705
14230 46525
7254 1196
11893 19956
35151 23258
17087 281
4266 48098
30922 10513
9767 35733
33568 4129
23022 43714
38373 29215
12531 12349
35289 2023
40397 39050
8941 15516
18403 33196
43178 22167
6647 40641
17286 9733
446 26709
42436 3353
40631 13222
46700 10155
36245 40923
29953 21012
16356 889
12606 46299
33692 44709
6167 20688
7238 23020
13055 11813
34179 38021
34995 11834
40117 46977
3673 24407
49105 49427
24849 47716
42515 34006
9794 37674
1845 17060
17555 16793
3819 31498
4484 4137
39244 39136
10267 33736
33620 37499
23987 9257
22981 46338
39588 13400
49607 17786
36658 14428
18351 1832
16519 28305
29778 10389
28217 46647
3037 34032
38743 46687
46996 14186
2278 38296
1081 38669
8068 24043
37810 15814
31519 1026
38328 43965
16469 16667
11323 30616
47503 37987
34601 14492
28658 32049
30320 2688
39220 16653
19707 15490
48115 35678
28914 43752
41359 46419
47705 28090
36642 49236
10011 37123
21340 48521
31296 13379
42327 46571
8711 40058
26 28568
20742 16645
15603 16211
5181 8599
800 12660
44982 8384
13159 30715
43256 29801
17431 3861
31305 38456
12344 33438
172 33940
39617 32886
34418 15876
39470 48404
41838 824
11397 21141
39508 5790
46085 29416
44371 19389
39431 43314
35177 15474
49366 2713
23269 36166
12028 45983
36375 21102
4755 26516
45406 19653
24762 43148
11368 7428
18739 42668
35276 1007
49390 7127
40974 7957
34682 15421
24752 8543
38391 15075
33826 6765
21346 5279
24723 38281
46683 30777
27276 4560
48353 4885
5473 8269
23002 43503
13886 8436
36501 29248
33590 36420
26046 28633
29778 11095
22029 39955
34863 19695
37553 13319
9212 39983
48816 39700
9947 20633
26171 46838
45406 20569
1642 1571
41587 29434
5834 21934
37517 21644
35612 4939
42477 20306
22757 26309
46584 7636
11208 33278
9608 39115
17526 21372
46233 16687
6943 30094
46648 32721
16849 1474
11123 41715
44693 16903
33980 49691
23377 6391
45781 37360
46252 43931
27411 13246
6251 4443
15039 39282
41244 11191
18183 17793
34307 35727
46205 14407
11887 5855
31273 13249
17071 47778
34644 46676
49745 21986
20058 11696
45320 30056
28611 15431
28847 25419
35533 32756
3683 21195
28971 30546
40101 39517
36878 22582
19918 12417
45973 28333
17166 49794
37572 31890
22888 17433
2281 2475
44191 3545
31569 34771
42093 35562
2487 44388
20836 18046
12340 16113
3416 7970
21337 35118
6543 33542
11706 48726
12687 40026
7955 25333
34891 2960
17186 39621
4907 12354
48573 37867
19405 18164
26444 11556
10368 10441
27385 47676
40362 46953
17549 3851
32209 49612
43994 4871
33466 29119
14712 26365
4767 39860
35003 32024
17053 44878
11180 37560
8978 43236
42815 14161
2490 11556
48729 14700
12338 43695
36772 23040
42748 26396
47538 26551
8863 26877
45679 46252
37551 46263
49241 20474
5438 24173
46718 6733
47744 18632
15588 7067
2614 8769
17776 22176
1579 32677
6755 38708
31029 11334
2912 2786
8785 22602
35418 4290
37433 40513
10661 30926
23041 27044
49011 40387
42055 17457
16660 41502
14578 13197
32602 42459
44354 37956
47332 34643
16941 2233
40805 46359
49340 79
39749 9297
34240 33126
5900 13762
46557 37280
13614 44132
37044 38001
13092 26191
2113 45372
8693 21000
31090 6251
24330 48738
4077 47737
37379 30771
20944 43554
30290 17222
636 6897
12253 30028
5299 17116
44666 39314
30769 4415
42006 8575
48601 33461
48679 19785
12659 48716
13962 12702
43245 10986
46149 20310
24329 5263
49338 22602
2813 16288
33401 6365
18128 49516
1984 13031
27721 19783
3421 4843
1981 9614
23664 33733
48822 17408
8639 19292
27194 38535
13613 2243
39906 23679
2658 47213
28628 43273
40412 33947
34677 14316
27712 42553
11294 25602
24448 46377
16732 5205
15844 12800
35478 42092
19532 29229
40977 4533
28796 14579
12376 7484
44455 21345
16618 25284
25334 34174
20962 40057
47286 1061
22775 13893
38606 49015
21079 16268
8394 38631
23299 3929
43302 42145
26344 46640
180 34386
15491 5459
41088 48781
19192 39709
24870 45073
12400 18607
46785 47346
32912 36773
32571 22080
46810 41759
24228 31657
629 18458
25400 35248
14098 34710
25434 4017
2890 776
26547 11854
20106 42180
22524 18225
25841 22979
47081 26135
30285 44400
25563 28667
21803 19898
20954 49418
21008 25861
7041 41286
12880 28273
31109 19280
642 4355
5807 45145
24843 16277
8053 49309
28113 28580
11522 7073
19168 12973
49558 26151
40201 38516
3114 34808
26419 21067
18153 36592
33061 8203
22486 45991
833 31677
13983 11994
470 13692
33123 23088
47343 32197
36584 29921
19298 5412
48689 451
6860 26454
14223 13753
15122 21920
39603 41045
1180 48902
28960 8122
14179 41329
42551 45000
36571 1463
6009 26527
21630 42536
12217 33893
17559 20484
19507 10596
26489 26408
32499 24300
33922 19899
28597 41077
17484 8166
1949 18671
8996 13039
5318 16699
42604 31400
28926 20433
14787 47648
29609 16863
23352 22779
22225 16700
8417 19676
34829 17309
46187 13132
43314 41264
21126 21324
37441 1359
16834 5361
1846 32883
27435 42925
2596 38691
5941 25661
17227 47607
38894 47256
19566 6768
8509 21364
45714 33455
20050 23549
34156 26576
19077 12177
33157 26344
7717 40175
20359 27748
44560 45696
44766 28187
24041 26879
6402 2708
23324 29853
26708 17548
47989 42025
10524 29347
37655 47410
15824 16993
29222 46020
15750 14478
3819 17521
2874 19638
2917 19957
25148 25725
13317 31068
43545 24104
4959 28349
42895 42831
26024 48258
9470 2058
46991 2639
49528 42185
23432 20064
7018 8367
26094 15650
46650 17937
14632 43608
18562 30409
43495 42985
47768 41134
7158 18134
3593 39134
15340 47428
19437 3503
27213 41900
9188 9116
37627 47369
27379 25123
12491 42847
19497 16816
7785 8563
2522 23184
12756 27602
6170 19893
25304 30786
26609 8910
42562 31336
48112 28900
26238 49750
33580 44558
39342 38881
13240 20820
22544 3934
11959 958
42484 1180
13460 8652
20834 6308
7265 47499
21309 25687
12432 12138
14230 22610
11148 15412
21764 1004
44143 42572
34560 25439
37029 35885
2770 14708
39376 11788
45164 23758
47882 5058
12570 857
31987 20403
26038 32183
48202 28809
20419 3839
38642 33228
20171 3038
36910 12580
35539 47573
27210 9840
31604 30615
49306 43598
29042 43345
36697 42690
35474 5987
10619 2730
41178 4411
12684 47834
2499 14011
39665 15117
44428 22080
39389 4700
36715 2714
424 33778
23954 41470
45503 49096
11372 28628
36792 12031
29112 17906
36718 15198
45099 18175
3563 35443
33107 47343
26867 28527
25186 27559
30059 14134
28119 9618
19203 27368
4377 32912
9063 22926
11167 42890
15830 37787
27493 13526
2384 13922
17980 12646
36646 44785
35189 26954
15475 43693
45265 14972
34855 11645
31749 44914
47560 24536
15138 35619
3764 34762
44041 5048
12114 14221
44399 10095
36259 12611
46431 42465
45474 21562
21406 7749
13048 14078
30249 47063
2977 27216
39443 21276
9839 25824
2109 14466
31176 4160
6472 42504
11154 40019
20606 5028
10972 37445
46464 34363
36822 5241
41920 2888
3556 21488
45875 45459
1548 15170
6857 1604
48084 1287
22211 7744
25640 47446
16562 34103
40115 34398
32565 37344
43131 41501
48000 1623
223 20254
34655 32042
4502 40037
11872 9570
28474 32989
1630 28842
33554 30421
23363 4835
25546 12836
19104 1221
11543 11612
32154 4695
11647 27809
42758 30882
24922 31570
11176 13291
21231 18867
12290 2750
22416 37237
37032 25522
10085 15644
22833 41992
48688 8231
38594 17890
16295 22758
2812 43618
26454 49292
33106 34439
47422 26484
43555 34189
29728 9439
46912 46243
26462 23452
41856 643
48969 7003
10927 34622
10380 10513
30562 4662
44958 36273
9588 135
4688 18935
32901 8415
27179 26377
39834 41829
29723 3446
23005 4312
1446 19563
42446 35747
34034 313
42170 38870
29713 39707
2265 8687
36932 4104
22781 30075
14005 36549
26864 47783
3165 28287
26929 5922
12075 6671
2235 16482
48079 44815
20610 13056
29556 28434
49969 44687
22593 44107
38764 22078
18600 22167
42267 8189
4921 7314
13412 27505
49207 36309
3587 22612
41523 12257
24680 3367
38148 5006
7100 35987
4663 11936
23620 14533
45895 8390
368 3605
44371 621
44583 28968
16600 9408
29178 23565
9805 20037
26558 15679
34155 17055
38045 1077
1961 2912
28665 16619
42569 25119
27387 4464
38034 30445
34820 24857
11964 7786
34226 874
1886 15804
37726 17624
7179 41457
17898 15214
44794 10962
3 1272
45123 35940
9296 45321
43062 35015
49624 41230
26142 10792
9702 2583
37425 16098
37267 33824
12683 24624
22514 15766
7674 8378
27462 11563
12392 30560
20233 16949
10625 3395
21408 23250
33321 46276
29135 2900
44791 9824
24520 20359
24166 34377
1433 22953
24327 43407
37510 37798
974 14517
12489 12328
40272 38261
4686 47014
33150 23301
23214 18729
30073 30403
8169 42212
8643 18483
15072 41015
28676 17075
29282 7476
41320 39588
7310 9393
25244 2333
32072 37262
34810 22781
26477 38237
17325 47538
2605 36371
12987 15616
8668 18023
31562 17268
22847 7961
9817 46785
42365 40138
38026 19550
23375 19735
3077 15698
49447 9044
16564 43310
12995 7787
40762 8180
38862 32066
43035 47708
40829 5514
34537 30182
3276 3716
33539 18516
34968 21743
41013 49522
26979 20907
46946 10862
14411 29987
47102 10342
28365 13776
17276 17142
6958 22548
34423 30809
27407 17843
27395 12790
30241 26877
35156 35846
21698 24592
31733 20453
30024 30602
16110 3872
22949 44158
33854 6885
10150 46488
34615 47753
44065 23335
43115 11148
3027 41149
34004 29299
32920 1916
5878 3484
41665 2065
48877 19001
37326 33360
4643 35614
38869 27488
24687 27830
5694 48630
26759 28339
8929 47837
32725 14648
613 34896
31103 6092
19996 8944
17374 19766
44870 41752
43796 36014
4359 37259
27956 3334
48177 9778
11222 23691
14910 18585
5016 9443
25751 40609
15430 12808
13293 34408
43686 12023
25024 14798
47185 9795
45033 37240
43388 4721
42518 48957
49425 17320
29038 40953
17708 36906
35647 26618
31415 37974
13157 41500
11703 36892
3716 17670
6702 42883
9320 46487
10517 28247
31014 47297
3865 1434
17108 4239
27413 6416
20431 32074
43274 11295
8367 35036
6201 19155
13980 3854
9177 33342
42575 4455
17344 7823
16461 4846
45405 722
26511 20902
23417 31319
2012 2977
7622 15422
1266 31902
8597 33576
28269 48122
32441 20266
40169 42851
19511 27836
15364 31252
41064 16966
36431 23637
9096 15574
35495 47463
32667 47207
13995 37010
12415 32686
34988 28302
39371 40534
14378 22777
7624 26981
41508 12908
18390 7243
45722 30354
41629 8284
32567 44707
5922 24619
18010 26954
34477 19401
30145 25344
9513 6562
46909 18516
24725 5123
47032 39066
34339 12416
26987 30341
42990 21018
2879 11017
13172 36816
43700 36827
38294 34970
38443 15085
17492 12653
39467 42072
15229 13372
4725 36833
14260 7418
28126 37931
22685 5985
3216 37924
20138 45804
10149 14681
40 12551
43184 35561
10648 17870
49809 29045
16896 23346
16348 39204
8570 11311
10462 29548
40252 4734
38923 43119
45785 11394
40560 8985
45691 36221
16987 35889
4001 40544
47402 13893
6601 1996
22282 15461
9578 42675
29256 7767
42317 46248
41998 18515
48370 19633
23758 11409
8376 18185
9045 24125
20289 42459
16390 16037
49402 12276
28140 16917
24487 28100
30530 18363
47416 39568
38037 42990
47110 2433
4765 21661
29759 23241
20248 15657
16005 28814
43931 33226
47905 19581
48961 41274
31047 614
24214 46460
17825 29950
18784 41284
25384 16683
38826 14622
37345 18046
43088 45777
42524 2097
38417 38372
10909 44270
26533 32502
18694 20470
4251 39680
6195 10764
48442 11142
7704 46364
5059 1340
37138 12629
46073 32487
26369 45598
31965 4119
29743 40021
26743 7703
24433 26641
18952 19527
29523 28081
18321 47970
27787 22512
25392 3003
47841 14684
26812 17121
47284 6429
23841 15510
39513 47332
15767 39397
16770 2283
7526 29670
97 42666
39551 5422
31481 34523
29118 2352
6067 1165
6390 24050
4264 37842
10550 17196
43208 12506
1182 5800
10162 16464
37291 39960
23393 40363
48822 13066
38274 16032
30675 9602
35354 13773
17064 29277
30223 38467
26765 28051
40426 46046
28732 17448
34312 32914
9810 40090
29548 14135
20182 4219
36885 23741
12901 12535
30230 49430
27716 24283
6396 36973
25889 30863
16776 23093
10047 44612
31250 15790
5656 31073
13079 49035
5979 17050
25851 37779
33818 29512
35393 38303
2968 9422
42751 4774
2654 9420
11705 9660
41019 42598
36857 19268
14562 24748
27030 12117
32014 11104
45407 30906
1474 3513
24407 27536
34447 26170
13594 26104
13347 23297
20329 1923
42642 22403
6825 42593
37271 31588
13696 7573
13162 6929
17210 36127
38392 47528
46107 882
39019 21973
6007 27600
3193 32277
41194 15406
19552 17345
38745 25597
12457 6361
6379 12876
14954 12764
35166 42743
39347 45821
9979 28946
27040 31871
7046 43826
19263 2585
14690 34079
14919 29840
36981 25157
44056 13737
15461 24103
6850 40541
33747 30267
41589 49442
13308 14536
39011 5872
8438 44699
45347 45034
10620 46707
9992 15792
17848 30786
26697 35723
20081 11848
30066 35012
12260 29559
21561 8145
27427 9867
46970 28792
47326 23827
14584 10049
33900 4801
8409 13610
48457 24949
4605 20738
14436 29590
8379 23832
37152 40950
48986 34560
46453 13582
17901 31614
22580 3896
7899 41736
959 1610
41113 30227
24116 6631
9334 45987
23133 6926
34728 13619
43765 34328
49521 24007
34619 4938
27370 35046
13993 26982
28597 24733
16920 771
18875 18216
2271 16501
8359 15471
27847 35576
46334 30342
30506 15196
26146 37759
9244 41124
40307 41878
40303 2213
10215 31255
23038 33624
21256 35187
21631 13815
42065 5145
47670 36970
10068 28035
10602 9086
29258 28787
7581 2930
8623 37514
37742 7243
46532 16232
4617 12763
28185 15287
7436 24117
24155 1815
48051 21873
9105 33538
3405 29722
31276 10243
15176 9817
45767 10484
18206 49830
38533 7756
31022 27321
12544 7825
16485 49696
28299 13614
1460 31995
34534 11176
18073 27692
19308 1557
9739 5034
8101 45039
13913 10156
16431 9722
49335 5968
1312 32446
34616 48810
42760 28148
22454 21190
24356 45309
25410 43216
15264 24740
10270 16238
7127 10708
3608 38956
21551 32308
40662 46805
12622 17096
15374 25010
10212 27140
17024 2345
49432 48961
35539 25835
28379 32005
22740 16208
32928 1424
23685 2348
47981 31267
36486 34030
49554 20160
17414 20396
898 14597
34962 16706
40850 32857
32960 33606
9545 9686
22641 47236
29267 108
31202 2629
38680 29045
33005 44763
8354 30043
15861 4428
5759 25362
48520 36488
47874 16677
3769 1419
644 12170
5934 16288
26068 36180
28140 12864
36175 40145
22445 33466
47809 8058
27246 23429
34295 1106
37693 24474
10289 21002
17939 45143
30046 7396
49680 16937
26354 12097
4174 25977
7178 13468
32907 35864
15105 39293
29949 46994
4231 12485
39362 43972
24857 6260
4302 48932
29552 1274
43520 7441
16069 19859
47793 16174
1235 16573
219 45985
10520 18435
36756 14432
40413 28748
49263 11257
38271 12340
26198 27192
36635 32051
39522 11667
19086 41807
43962 19135
21936 15947
47632 47613
8649 9544
20157 31192
44387 22652
17571 20385
14388 14485
33187 25655
28953 10532
28779 2797
39807 28328
40521 17422
33693 34227
45586 26620
49580 26665
9012 31476
39813 39125
46223 18434
5401 2060
41218 33967
20460 31483
18252 17853
13888 41721
39714 4915
32472 41125
31476 34396
23117 16392
10992 3008
30904 30644
2358 27825
10514 37552
27574 41790
14395 46950
6119 21145
43848 8724
9600 49580
7402 5706
16838 24602
4547 29132
9280 26452
29909 49226
20169 25578
31066 3900
19008 22561
16867 41721
30696 17105
33075 11287
36323 20089
49459 26984
13713 5589
30905 16860
3260 44384
40255 22565
24929 19944
27819 23303
20931 20319
48969 14679
46556 1760
22810 44077
17100 17931
26287 1749
16993 40162
8055 49888
26527 22683
32369 12128
8972 43076
25101 29225
38327 6871
49649 5558
17153 37446
6203 3042
5770 39895
17528 4400
46659 37903
16556 31570
45166 38062
19729 11990
46816 45229
47613 25817
25105 14708
37717 10089
16861 11241
44507 98
14617 18067
20877 796
27834 21086
6257 37010
4710 4590
14697 48480
12409 38497
14838 1905
24015 28041
40891 4104
24113 29039
35510 27216
27901 3180
11334 45471
27152 136
44320 42411
34693 15819
11303 20043
47561 2725
23565 33167
6628 229
7737 9900
83 21442
8823 3868
16800 12680
36062 5185
1661 6344
36360 37765
8480 33645
47877 17596
12514 5768
42548 29744
32464 48050
31619 6737
27984 49108
5544 34485
1105 20674
1951 48853
3036 40759
481 47392
19612 11784
4217 22140
5734 7432
46627 5314
6357 45454
12469 27821
14625 20076
15385 9683
40141 28377
43116 16877
11721 7431
42448 3455
9934 9695
33062 45776
40675 44551
9511 19250
23856 10
23765 10157
46332 44364
40956 40114
17566 33583
42192 10757
11110 22145
14452 13934
9021 28250
12571 2230
21997 30436
25764 17591
46490 18466
124 36505
9932 17185
4438 6108
6390 27571
46385 28335
15283 30337
27245 8321
32475 32086
14822 3203
43614 38623
27089 21298
25906 5079
33739 264
9759 37158
34382 31935
9436 19369
8643 26962
25893 37327
11651 46697
13272 48340
25381 9101
18140 44344
17587 21907
2427 46912
5371 195
6382 22552
9461 30112
31770 8179
17316 21267
32946 16761
13108 2880
16450 18279
22323 31528
26215 24316
4327 43470
12014 30995
17585 13345
12126 26131
22245 34097
4329 47467
25472 28741
18073 3047
30873 44731
24524 26497
4609 10817
3937 19454
26540 2878
37348 31578
32358 24697
21553 494
27798 30863
10104 46112
18858 43796
19705 21793
47961 24638
34994 9783
2566 33530
29475 22903
3872 42032
35166 9548
24297 28857
46596 31282
13314 21762
31043 12801
36312 5050
48538 32059
28233 5625
37041 15258
11245 15905
21039 36272
3966 258
36140 38822
9840 49474
33310 10849
33923 19831
7299 23744
15304 12913
7145 17005
18447 6172
25100 14568
15551 896
39680 33183
35746 31267
18765 36632
19947 5839
29576 2692
30502 9739
24540 44465
34103 33963
31524 27359
45734 40126
46587 13934
45672 49031
617 5954
42759 13973
23085 29879
44379 25352
7503 36141
30395 14507
45724 11064
21488 39795
15072 41586
34838 12051
8432 29887
31868 18516
32831 459
31711 6373
9918 28770
44847 28423
13501 30285
37111 32152
19747 13215
37769 689
42881 1098
17888 41432
17360 16518
36594 31453
34755 15727
18341 38077
21664 38776
11313 47100
30609 24324
28021 36061
27993 45981
9059 3275
18543 40847
36652 17525
21630 47593
37058 45811
22620 48806
39159 9966
21566 46895
27674 30968
33003 20042
17584 44578
10650 22876
45006 17913
44437 41374
37397 14896
12850 27657
35209 5502
8369 49182
27754 536
29929 39005
33315 16868
11747 9811
11140 39849
20306 23274
29995 45040
38106 2557
40457 30883
8023 42770
7211 8736
5219 30419
35395 5777
10998 2006
47032 14096
23380 4383
11795 27620
15407 13150
25566 47069
22241 19589
42757 48246
22823 9625
32905 14825
33102 15506
8109 25397
39582 33239
45676 44545
4322 47220
8829 42475
21454 42984
4063 14444
34188 26094
12940 48069
47096 15443
3648 40328
12722 14451
22150 49890
44375 1408
26588 44968
35276 19110
9173 45373
35903 25207
9747 48416
25553 7428
37935 6214
23719 14279
700 8415
30154 13990
25027 13914
47732 1912
32014 12329
21692 10288
7531 38757
27666 6613
17443 41899
34984 32632
22874 38191
13477 30834
45550 8830
1876 32079
27730 38518
24967 39498
16999 22030
9631 6805
21622 2379
44776 45698
2516 18687
9774 2180
9278 16798
14573 9905
22833 19767
258 26983
42942 23403
36060 35190
25813 31324
22589 29805
32354 29078
33564 5722
23755 16216
8777 15554
15818 8665
13437 17587
40093 33609
5798 16465
14263 49181
37131 31693
20911 46002
47211 4384
21809 11012
23743 5798
22833 26141
35457 21264
28053 48256
44315 32739
35372 2975
16355 4868
46761 43975
12622 7386
28384 8029
48074 25898
32303 36606
38174 36946
33943 20156
1075 43435
18972 12415
4557 3984
11901 6557
7944 13579
31754 32291
48749 27270
28137 14434
27516 25784
16042 28037
12570 7551
16676 35550
43468 5777
28938 41004
16661 29289
40868 47732
33059 42084
44193 10453
8695 2452
30845 32745
39560 44117
8123 8493
10182 42487
47079 39860
40627 16233
28710 20471
35475 14800
20046 25792
19830 1569
46982 30040
15871 35072
49562 41411
39255 17981
1140 18627
38233 19711
8440 33882
2196 17903
43975 10764
9244 40300
15435 24265
33433 30989
14847 12526
11843 16620
13083 49827
30000 28742
42367 21915
18927 39110
2417 7847
41563 7942
33878 19278
15906 42713
44683 8232
45059 4678
18724 45377
13409 22763
43370 38263
32579 31143
10791 21641
9786 33447
46997 30244
37540 6219
28096 49988
24517 4706
48922 7013
3769 38997
15401 8505
17319 30826
45548 42815
20052 42293
20196 47330
13700 33708
4481 10473
31619 41927
37843 3859
22586 37030
1451 7086
4702 10883
45250 13989
47296 48929
18273 19962
49140 21059
48361 15065
29110 21638
37267 30462
43565 2050
34129 44536
19372 28907
21590 12769
42767 2068
36385 5455
41458 23353
13060 37353
24836 43302
29237 5271
8492 35318
45614 5850
34564 3124
33403 1958
37452 6421
26791 49146
9484 49149
48188 7953
30131 27872
4000 26589
43035 19
35284 47109
26774 10052
14136 13106
35752 25312
31898 36466
41221 40892
6475 39349
28140 44342
4663 12560
9508 37662
27377 10836
45865 29487
27115 2305
33604 29201
40658 88
45422 16642
38809 17441
2811 30602
14848 21318
25707 34104
41407 46322
4556 26497
38982 17789
4929 31499
12546 28661
42797 48364
27668 45598
1689 14433
35960 8208
45248 13623
2827 36020
34246 39095
42277 951
480 46787
21431 3217
39885 41358
414 3066
22512 2001
15458 21580
23063 1890
296 29166
16020 19627
18637 6600
17621 24174
18311 8433
15325 37059
26356 28074
37521 12337
47657 15896
20211 39390
6615 757
8078 7610
19926 29566
2258 36765
37299 31352
11310 19862
30951 36677
19158 48726
22787 30373
23214 4949
41854 48862
45731 23854
27651 18562
37219 5959
48479 46266
35228 9046
6095 21086
19801 11586
14241 694
45731 40078
39733 22920
42648 17109
6131 17830
8403 49943
35190 44605
17859 19365
24844 34790
40225 39109
18630 14105
605 43392
36883 46236
13141 43733
26713 13905
7674 38899
39641 40321
40295 36142
2957 40723
41849 26984
13285 19583
39530 37114
26560 43399
22162 32744
12538 14947
40182 21030
3410 11442
26109 26163
40684 19058
37724 18744
36973 39588
40713 39709
34556 35791
34331 5179
49245 27397
45350 31255
26076 36507
22223 46300
5449 12558
47821 28399
38132 5787
32900 11208
25885 45807
42424 20464
49929 4758
6854 40256
3046 4057
29368 17607
34459 4311
15007 1486
10159 23454
46610 14463
20579 7849
38750 4656
42321 7852
9312 33214
46360 30997
13480 49483
4287 46046
5665 32887
32986 23003
3511 670
11306 47270
24386 17246
37939 20218
32864 18147
24778 45751
35789 32653
10856 46901
10416 23722
41319 19595
37103 35308
44600 13526
41289 49230
36187 44511
12293 22172
45766 46372
24201 48748
2815 840
34774 33322
36850 14409
12721 4302
9074 8943
31063 8869
12848 33622
17435 41086
48247 30156
32874 32020
44548 46241
19598 426
908 34122
30318 2720
19471 20529
46029 22548
1298 14993
45853 22390
25079 22909
27860 27657
12230 56
49919 46263
36046 30695
22612 19495
515 29820
43306 43067
37451 15792
45894 8983
15781 16162
33223 1742
43653 3653
8830 40751
5014 27777
37412 13165
13832 19541
19075 16171
40981 28764
38612 27179
23362 40882
35780 10495
37386 1579
45527 34952
2840 7782
43837 6421
3161 45498
28089 20923
24744 16927
37687 30239
5957 11373
23622 7101
528 42250
289 43167
39975 40759
19962 19291
8300 47478
44719 48003
30883 13132
38463 31488
2433 23956
41659 31597
32224 8260
22034 26310
30110 46017
1788 41641
28853 5467
46030 46713
31037 40985
19578 38612
22099 22927
3842 20569
26196 8360
34546 31063
37976 5781
1441 15170
3249 24387
15660 25249
36696 12688
46863 41054
25862 32422
12973 35553
5315 150
3972 39706
4567 26485
38357 20804
5092 11277
44266 5383
35830 18551
32814 40027
45139 32576
16286 26059
28268 17330
7104 43575
24554 47390
17785 48528
33230 27648
42050 34704
21548 42316
15910 12607
35869 27724
11550 15613
16577 30623
49181 27226
15404 49684
22196 17324
21232 20160
27378 16856
43258 611
37716 30824
2505 32623
17251 15787
23061 606
10834 24917
17234 985
7416 12965
15429 25355
29584 9103
47670 10932
19573 15830
13460 43839
27326 25039
28857 395
8703 10854
31927 16450
44058 40547
3333 27300
28007 41589
48807 37506
30177 40336
13777 19722
41871 35094
34375 49515
2019 4444
35604 10911
32623 41426
32129 4168
29623 14074
6106 14992
4007 20293
26433 41773
44056 2668
15448 11576
38056 11829
16149 31870
47088 19404
9844 41438
32323 9793
3442 2174
3207 42153
37157 8018
39579 33427
39310 38733
15686 25235
36011 28051
2236 2599
44950 35659
49604 3237
32437 30143
30775 43112
25060 28067
33714 44159
29196 32629
34221 30460
34886 32214
2882 43194
18247 42329
20085 40954
6214 43781
44335 44387
6044 10071
1085 16201
3930 6561
8082 29195
35461 17214
1438 48927
44209 32998
17069 47016
25046 34590
12682 45557
39878 2540
45569 13425
3597 16786
21268 35832
29919 23420
25920 1926
7529 25846
27069 6730
23330 2560
39548 34992
13480 5155
21684 18717
22346 17828
23856 13712
675 3740
4384 21600
23624 2679
21252 11368
17201 13966
37492 19159
14553 49272
35943 49345
10498 13335
7434 48937
2032 176
29747 11980
26876 41084
38115 19541
36249 37178
32145 18461
28191 23322
4976 43319
42123 40218
28223 132
2775 18767
45238 42876
45816 24143
12589 14947
9696 28724
35166 26777
23938 27360
16086 12970
48678 34671
4913 48547
1458 44356
26476 33663
25900 5078
11950 13688
40700 33455
35557 13090
40920 49143
16418 34995
47501 16485
26487 44481
10851 44862
9930 10551
39719 30505
11214 15581
8657 44349
9939 25250
16660 15795
28477 18881
46352 33406
15504 47856
26558 43216
1984 23627
10678 21695
34547 47610
11253 19387
657 34980
34508 16810
43435 30558
43057 39623
26020 43822
36055 24685
35524 30278
15957 47501
27737 7818
33507 41905
24683 14398
48707 37904
6778 47412
10384 47409
36380 8917
45464 16646
45125 46435
39182 45614
37304 35099
8994 49424
47247 49476
12412 17476
20957 26809
39893 908
43535 5588
38496 7032
25706 5579
29552 22131
31010 7534
32596 18767
6955 35599
19124 11943
27850 29409
7271 47339
12883 22865
12084 8340
40073 29738
13253 42584
31585 18815
1652 2900
10127 24483
35504 26653
6133 49121
49843 17075
30754 33005
49604 41469
23629 23113
11114 2945
16473 5396
47001 38172
31948 20688
9909 27031
24718 6166
33572 5648
24188 8619
23432 26675
32439 13473
37601 27694
23567 39091
40559 20603
21385 33207
9673 30125
45609 49361
21025 12928
32686 14380
17764 30178
21780 5972
3304 26368
48692 23035
39860 38892
19889 45646
26528 35725
17216 5697
4026 40931
11297 20202
21286 9973
14076 25990
19239 47379
21968 35749
16 20800
18696 25841
32313 16655
15523 29535
35886 11642
38142 11616
12873 20040
14429 28889
48475 44819
38140 23987
20760 9359
34102 15415
47065 12242
49688 40017
2401 8095
44611 35607
21186 27149
26664 14888
3572 25320
48903 45065
47486 26742
35712 39020
42035 46222
14660 36327
10222 13389
34568 6772
14656 49560
3357 2321
23947 36325
34445 35825
33188 44759
11507 47028
36825 27557
3831 8501
26135 3185
14856 29232
336 38228
46063 2544
15279 32601
38023 10706
13123 8150
9622 46958
5781 20053
3926 4837
15114 24795
31636 37483
39998 19929
14043 46473
43209 20583
25822 35767
26033 21393
45293 18971
740 9633
16665 25247
40543 3563
6641 11240
31983 29594
47209 21862
42025 517
25470 3621
29500 40216
10987 159
872 11638
48900 30832
39980 16687
38663 39674
15214 12417
8356 29869
41436 11978
37019 37236
46769 26240
33607 3234
12054 9092
14351 6083
19949 11356
34245 5708
43525 15949
29300 47753
5637 5868
7662 9336
48532 38139
29858 2733
23256 4719
26618 35101
37147 13624
28225 31813
7862 49517
12239 28075
43485 9376
15680 1029
20687 38678
48651 47389
12374 23234
48544 45203
40093 41817
44130 35319
34443 33443
5503 40863
29216 41111
30234 14225
12410 17139
40856 7134
33338 33084
2235 3193
44214 14845
3635 23185
11712 49925
5635 25483
31078 42007
29856 5088
4675 22525
41807 19192
9365 2415
2614 13513
22687 21252
42335 34485
18286 964
2115 30268
42340 28497
10866 6
38753 14484
26178 40587
23863 48808
27998 18508
9010 42611
32846 43231
47918 25591
20655 43295
25669 7317
29912 10766
13868 416
33812 39066
14514 26096
6561 12809
38836 49388
12066 46343
13304 30489
30800 37675
18169 31555
20121 36938
14335 7094
46509 43238
30931 37420
17452 42439
27875 18295
24604 34419
48307 26647
14527 11994
5691 25163
7603 22599
44918 24600
1735 34689
93 22560
47469 2519
11874 9420
2903 22399
34827 28078
49403 19971
13686 48233
35517 22971
2 35236
39325 21676
520 16400
20860 18387
49230 47951
6401 8067
45183 42102
43966 37521
5443 33345
48388 22819
16648 38974
17222 8625
25965 26327
9827 22276
39457 26263
21744 35446
17177 37149
9717 8028
18557 20001
26864 36292
16394 10078
32044 20975
16804 47355
9603 10455
25732 2846
3930 42443
5346 11752
40501 21765
124 36757
2683 27521
1726 35033
18578 3207
7014 33750
19951 13138
17650 36980
605 43515
16137 45028
21358 15269
47601 23870
2951 43218
16896 39179
35893 2201
16794 8421
20970 24158
6511 9147
43733 34008
34825 30731
13004 15265
10687 5781
27648 25425
12327 5826
22895 37273
47168 2066
2290 30260
11683 17943
11553 13494
35679 40632
40301 42553
441 40527
6459 47887
36220 43053
191 13195
28202 13815
31403 24398
46003 36710
40311 35140
31340 32171
27038 48164
3712 49753
38466 34717
3155 18174
1077 33458
22417 14546
15159 10367
32139 32675
2268 48313
6764 38323
24856 44014
39742 37738
27133 29980
27687 41905
25968 35312
31541 42412
38602 32143
32239 22989
46350 43196
22354 7464
41896 17647
47918 22022
33411 10472
30451 47247
24682 36303
41534 17478
24850 5596
17451 46650
13145 39751
21206 48731
35512 5437
14760 28427
46993 3226
23576 2675
9462 29028
2314 41005
48865 34139
37740 32103
41637 36198
8023 15191
7955 6844
42028 46765
5523 32491
20619 42532
13217 42159
31082 3925
41299 40863
12014 22649
32517 26617
7754 19255
36883 2611
41503 20910
13448 23940
9419 11122
42783 46012
48022 14429
42747 26617
13698 34312
1463 21000
35168 41712
13180 10670
37823 19175
42261 10905
44886 20611
35732 21808
46227 9887
6214 38420
26440 9428
5544 24788
3047 11489
9601 1613
29268 29819
14165 6613
48827 13393
38547 15751
35979 47942
31378 34541
38560 9187
11703 33160
7554 47489
43142 18270
47830 4274
39586 18323
1331 40641
40511 14242
26382 42541
20615 4222
39539 18165
35944 35496
26680 21748
13532 13021
6083 14194
15070 43989
23079 46647
27204 29584
41667 3899
45838 49256
5923 28019
16031 35171
35284 25441
4939 19272
31184 19246
1221 49586
28455 40314
7229 5214
33391 47746
36104 48938
43181 13280
29341 30469
13105 36079
2568 24031
31344 24537
17792 7895
29449 11911
24356 36073
10836 15297
14688 41165
33321 15824
40552 39873
23313 20323
38610 26268
15520 10904
49784 25657
38052 41122
39758 7547
30850 39458
18564 6503
30355 15491
4954 39041
47259 32639
3485 47118
29418 25968
3767 3503
30422 20363
23144 43600
32452 42028
5846 28739
11379 16828
30783 22014
26446 12340
15665 28113
21668 39294
4108 42968
28159 12620
38305 46410
23865 20366
11732 20639
16387 32223
6931 5874
1659 33959
49839 20527
34286 47623
44650 23200
45402 4798
25821 45409
45135 24706
38403 25658
3750 3688
2 8612
14483 42659
21037 34095
9680 2164
29842 31841
17036 39739
23270 11079
11074 1445
12375 47631
35247 2961
24591 9575
29665 45787
2052 38334
23599 22722
47693 25341
16483 12674
25106 39047
31640 41107
18942 41093
27261 14865
47677 25511
25530 21655
28647 22255
29931 20220
46620 6640
30568 14884
15094 24750
21131 43971
5466 45103
13 13388
44784 18021
40223 16029
40442 32193
3288 3103
31882 27225
30449 7115
7595 7105
38985 1620
3088 2390
37255 49106
25042 34254
2338 48322
42197 17608
21502 7242
43874 2565
9283 45288
25171 6077
40940 4431
49774 30727
36974 45697
8888 40978
36717 36741
7235 5643
4723 24833
15499 43915
18938 25985
6877 44440
45871 4009
26305 5749
30903 25604
14757 46449
15672 30547
20408 3677
19057 49650
7986 36060
15425 6368
16637 28750
20769 46407
45220 21225
20819 49546
16383 31520
42278 35348
5464 19246
33312 37693
19373 44991
12873 17902
23721 42649
4222 4369
46598 9324
9965 24477
12398 5760
46341 22243
28515 44725
5221 41048
34554 6629
15728 7477
23252 12053
24215 16823
48304 42115
12967 6187
4836 35720
37160 12913
4197 36710
33891 3
35476 23306
34790 48355
1311 2557
9144 19490
32935 39993
8375 26235
34986 23350
24138 8318
5821 38991
39614 18509
24941 44816
3841 35166
13775 29883
36186 18384
27608 12764
10273 24883
41997 41667
29663 37923
15842 42895
18269 34408
20110 35804
42032 16701
23933 9232
2452 12122
46596 28933
7586 44658
6675 33563
10298 6174
13271 20916
20511 30092
1486 28275
42033 23255
22992 15681
24035 19769
19978 31437
43131 48268
38207 10288
34877 4860
7747 30044
49717 5931
48384 39340
26903 22442
31028 31628
43357 45910
9216 29770
46315 8063
25063 24534
48594 565
47401 16551
43984 16426
32434 45073
8912 13702
12989 4713
39662 21242
29119 19621
20422 37664
33563 2038
3801 17289
14810 44751
45977 25980
15047 42055
14752 33363
46991 35722
39226 19678
21544 37137
13803 47430
22543 33766
22916 43122
30678 47344
41547 29641
14251 45843
17359 13262
24113 36797
12136 3200
20180 44293
34003 31743
25590 23201
37683 20331
21752 26344
33016 31827
35512 4992
40509 38619
14955 37172
21935 5897
25158 6949
17249 35157
48719 39996
44598 28756
25761 37279
26370 26676
16444 28010
25757 17398
23124 29222
25404 37871
10115 4278
19130 45093
38077 44811
34394 23547
28112 23011
44190 41671
2279 16631
23543 19099
46494 31252
46046 21922
14772 49424
39524 22635
39103 39458
37025 34062
15924 22034
34980 20388
26317 9148
45848 39367
47789 20670
33517 29636
8081 15735
24187 4465
42968 38468
26512 44809
49834 16864
33161 25650
37791 21803
4585 1962
23574 35009
32041 23848
2366 30088
3738 2302
45380 1291
22145 16670
42188 4666
7909 46873
16916 43872
2350 525
12017 48389
35708 44694
34566 14211
5548 34399
16745 26842
22156 45176
46366 17836
42035 48927
3901 19236
33053 15667
23727 12345
48315 45735
15453 40680
2738 27780
8698 15859
21411 29869
28187 23933
17372 32837
35018 15807
20232 14174
27099 35344
24781 39524
26518 27178
39098 1355
27648 41621
30568 49692
5302 26557
36585 32387
33968 1295
9939 34577
46638 5560
16201 14590
4238 34113
19187 37786
25535 31942
1413 8076
10826 38112
5378 7485
34085 16801
36764 15372
29212 21090
42381 36885
20321 47279
29258 27335
29392 39142
1469 38287
36824 3833
17795 11669
23520 29973
19815 817
49739 11699
47407 16869
41539 33645
38101 49213
24862 30269
48120 38
30452 34189
23455 9229
30438 26717
42669 42972
252 741
4023 21706
23404 29326
2519 42211
42558 48239
15696 14698
7425 3441
334 46059
25111 20748
15440 6839
7676 32847
17429 14043
33098 14188
43909 15105
31881 1444
22832 16039
35596 49906
5781 26392
27497 22241
18703 36346
27606 4089
31039 20925
12196 29806
38751 4659
1785 26937
9002 49324
35691 30770
44405 18758
19800 20047
40719 30112
34221 13760
43857 5529
22610 17414
48983 44584
19049 47832
25299 42173
3774 22847
16575 35488
23428 43516
6373 749
27467 46089
32330 18128
5987 48771
19712 13175
40587 16602
21047 12599
28966 27270
29609 9888
20868 4545
36735 46569
12517 2350
15923 39002
1883 43431
30352 22667
5443 44277
37665 1636
17455 28113
30667 39471
19272 31085
30831 15773
18029 42792
34051 35694
41982 16223
44383 38177
40109 41559
39778 34747
49945 32998
1287 19960
5063 39211
40125 24765
4207 49040
15628 1969
27061 20631
45331 20482
22155 8596
36137 25014
4863 8126
47825 6592
261 8430
46387 46731
27836 33469
19472 8255
46761 43619
8438 19743
8843 2787
304 23702
36525 6659
47361 28986
15108 19376
14674 35615
26391 46720
43635 13955
10713 18551
43847 17590
42340 29120
9141 13391
26561 14450
31789 36460
35081 46792
22254 8884
48559 20133
32095 34400
5412 18642
28324 32317
24930 21788
23691 12896
31421 40266
49290 31569
27993 43600
10376 25096
13558 7415
35057 47433
46895 40118
3671 13516
34830 17244
29782 37735
30321 12499
12634 9585
5575 27805
40965 39306
28027 49739
8526 38771
18004 5917
40657 31851
43061 22487
39644 10359
17325 29155
11361 47243
27347 27036
3509 39578
15645 30964
7709 28485
3004 32381
39384 8850
44511 40520
28933 27446
30738 42816
42874 17406
27599 32851
8083 24062
34746 4114
33071 5914
28591 10917
16359 36428
36887 36497
40107 41630
9581 14041
26543 493
45055 25905
27294 11186
26985 23626
14098 39213
43812 41803
8436 45656
47964 5874
45003 23244
42229 11171
6887 4429
2036 39985
15831 19788
13984 27223
35233 48539
1482 33696
31446 39649
43586 16978
28386 47226
13927 16594
27943 10402
13119 8280
29362 25283
29553 13271
21138 40678
177 2289
34736 7058
15556 8792
33217 23076
44940 20837
11178 43316
13320 13945
37328 3193
2882 37788
20810 10622
20189 27059
31581 8685
48084 26695
39124 33987
41171 11897
5640 39940
5583 40930
48119 21503
9686 6393
4603 14849
4940 1170
44669 9373
10536 33252
35169 8278
1590 8507
42302 29973
37681 45860
47037 7267
19633 31568
36250 23449
8766 16811
46387 21515
35199 22897
48351 45915
35309 38343
6115 15873
39121 26529
5122 27739
11520 5190
784 36946
11257 15757
17817 13211
36204 12750
49844 39269
26570 4141
25043 18082
19076 44525
10538 10721
44476 16565
15481 17700
49368 41425
34753 8406
17067 37234
41773 30303
33748 10160
43515 49120
31004 22370
1944 19336
9803 49148
19136 11811
28326 31349
11879 35625
39843 22145
31539 16731
17557 31362
23047 22342
12166 23506
2169 19049
31580 5672
20460 23642
45443 11960
6064 26875
28270 43097
11266 19197
9905 11875
18130 38281
39429 18252
35805 24799
12629 34877
47696 49556
24180 38447
33211 31610
31399 2687
47865 35028
31735 427
29173 26299
47581 6473
10042 15170
44656 39022
45356 29946
42692 26451
20207 8822
26307 28360
43950 40391
43274 33571
15803 6832
20620 41917
24421 9751
47691 20948
18190 37784
20202 33701
40775 23768
3537 24676
31930 5135
12173 18541
38563 5732
27596 9665
33752 33602
20038 39478
42643 14885
46661 8083
43909 29326
48416 17775
10218 2436
37966 9429
49058 29826
41337 17809
31926 26828
45823 37059
27269 15913
9082 29247
43419 20829
39761 37543
38840 10964
7665 238
7628 47221
10413 35082
22597 35585
48242 29024
32289 9059
7214 47596
12683 7484
17627 45914
23442 43697
48160 15411
3513 20448
46331 25597
11656 35938
49845 16863
13029 1141
29152 17239
26027 24270
19271 35381
40246 13370
14739 16789
41414 2962
41765 44242
7945 12349
20652 27365
44990 34108
22773 8134
8064 37907
40436 201
14207 47989
23118 10124
25119 49027
49692 2352
44550 46396
39007 42986
26778 29153
40595 28129
14016 31335
1163 21349
44908 25268
20946 21293
8976 46386
39927 35965
47583 46017
8140 26293
32918 33516
22126 29960
5892 8109
27234 24108
23480 2916
36588 5616
37256 43548
41739 48764
4093 35933
20418 46334
38176 5653
202 11491
37925 13459
10890 44097
28115 14193
27352 42334
37795 29219
17727 42866
5862 4488
40558 6998
45958 2371
47394 16273
25844 34883
2560 13809
37643 23020
5964 17716
41350 18167
22314 29698
23797 14186
41292 34469
27110 8829
28744 45113
5592 45682
4331 39491
23226 24357
41714 7527
34705 42037
25673 10240
37404 3001
15287 6870
25962 10066
28537 11600
49157 17835
23324 20723
21959 38235
48709 25905
15946 20397
12637 46454
37171 12523
20003 33467
37316 12262
31725 48247
1569 6220
1159 13189
41100 11093
22011 24154
34887 5222
46553 4224
7919 17817
25760 23362
23130 40567
5319 49072
9166 26466
5944 37422
47516 42385
43271 28096
11360 19151
21102 49126
12141 29064
44508 14294
3066 8883
976 27320
26885 26429
35757 35255
24764 33032
45673 35785
49535 49594
31146 4523
40240 28746
9092 21652
3324 19124
23437 2334
25347 10215
36206 19419
42438 45803
43918 3287
20333 16938
3137 45086
8721 36642
16046 47162
31698 33225
4045 20557
21091 12787
13478 8086
22780 25721
29555 18141
23358 38056
24195 3297
12714 33884
11958 42070
16381 1167
45432 22616
24371 749
36397 40035
33168 22997
38698 22867
40578 35520
8328 33742
31636 27984
29287 41433
2307 38408
20424 27425
30268 3636
5698 1916
41570 20573
49392 40931
26225 27190
28160 28618
2043 27739
15662 6330
28227 31215
32079 29514
29548 20420
10828 4361
45072 5158
31448 25848
44868 48749
22565 23926
37607 45773
36636 6281
14023 45752
34833 5357
28826 3816
33635 13734
39745 35186
46285 49009
23178 31772
39840 30971
30579 44724
39294 43433
48981 13379
10875 24545
6776 6430
36607 6923
28481 24420
8922 15266
39537 9741
25347 693
39042 48498
522 19109
16862 10446
41089 27651
7738 24892
39476 39158
13466 7974
29167 13055
38499 11540
48534 4412
29453 22563
11887 19394
30715 48331
30670 25405
15172 37749
31915 23029
31003 9995
30606 18743
27027 29428
48099 6566
37503 11019
13486 37461
655 37854
799 48079
20409 29695
28941 43739
30582 26721
28198 33237
14439 40674
10947 27202
36242 31026
48401 17362
41114 10180
4480 12888
7622 36582
19955 33269
47710 25891
26351 9773
23680 39134
23866 32903
7753 15401
3717 46666
20367 10091
34553 38080
43421 43130
3718 19600
38867 6785
46661 8143
41973 3194
7205 6943
45044 6122
39655 32454
13219 28829
21469 35225
39749 6299
20338 34632
36274 37778
19054 32378
37798 23846
9422 1879
28136 17482
12132 12521
20959 14335
25128 48212
24752 11935
1918 49266
32126 16184
44993 11232
39494 44460
30274 4398
17664 26248
11090 49519
21051 19834
14933 33934
12788 36543
17701 27906
45382 6393
8959 24466
47870 16132
21430 41063
1589 5744
23427 3156
32426 37647
4481 6293
26759 2118
39343 16765
23663 3059
36158 29170
35084 49946
32497 23006
3843 17289
10749 45435
18506 26052
14874 43639
38325 33691
30480 39819
25388 21930
30231 24912
21656 27618
13247 8250
34380 23064
24622 16216
25013 25923
18928 38183
29970 3124
18018 27597
4404 4176
16544 24546
14153 17957
26915 32313
44376 29042
23886 41027
1210 49403
5375 8322
1979 39611
25403 30588
5001 10219
47401 23989
13667 10820
9646 37393
19001 8675
33073 37044
8186 9051
38499 15028
18473 30698
14318 47840
33433 28417
41365 36414
28163 2412
13094 36871
14816 11721
35206 40463
38660 12576
30828 27151
5207 46295
40581 48111
9470 30609
23932 42933
29397 32042
23630 46872
12621 17289
30623 42896
35937 21070
29182 34075
2064 19763
39606 392
16582 31104
45095 39228
16324 4035
10546 34177
16890 38994
145 6639
12241 34390
5207 42116
15700 25038
9599 8609
39923 1057
19847 22419
29192 13748
11477 33719
25099 19093
40462 16056
37677 36507
34930 10711
16147 6135
36670 13469
48272 3101
45327 47679
31689 46815
41706 47104
34610 83
3917 1153
13520 44403
1962 7713
7444 40523
30880 11802
8304 32865
18500 34425
19098 48501
24304 45154
33025 34766
9688 4080
9837 36472
47384 38771
38092 4578
40490 24658
40673 3951
20260 25248
49791 42243
10929 13919
27479 10080
45028 46586
19607 25121
26559 49578
39145 41812
45540 21070
14274 12399
8479 20956
11059 41578
5631 32512
30555 9449
12605 30540
13148 44398
34942 42049
41629 49657
14993 19220
36324 11523
46778 35787
12138 49904
26642 40168
34043 47463
28304 9757
25838 32091
25975 43441
49479 11198
11434 25502
4163 44365
10517 34348
26907 15187
48538 25330
1785 49630
42895 34149
25331 8568
46319 27944
26364 40572
24031 27877
32045 15234
45949 25408
28769 49520
25351 40045
37390 10161
38212 32558
34261 42088
28736 34208
41828 5268
18835 24251
18874 10179
9498 12190
5795 22874
45095 46562
16651 34278
30143 26048
8294 19269
19872 20651
35534 8254
9646 28245
5403 8649
49505 23328
34634 48355
15210 4606
35050 3484
12417 25517
17208 21646
248 36056
26618 43088
14547 18855
40039 6336
37312 31655
8472 11566
6096 42967
21558 14209
42408 27486
14320 4332
27970 39974
20501 49068
21445 14595
39298 49122
7296 10151
9411 42681
458 4928
34295 40091
29251 1008
22805 27991
9713 29757
154 6845
37587 36280
1702 26316
17796 13424
47414 26988
28400 22717
24503 1456
17029 3156
28989 1687
14538 17993
5776 49830
14254 11887
13213 20601
11793 7602
4296 2257
12579 39160
9817 37803
39632 25881
44592 12247
35397 20840
36378 44917
35130 28629
43412 31109
22596 2877
37363 41738
36456 256
7794 28120
21170 39008
19652 15059
40773 25675
11512 19016
1450 1713
1423 22385
3526 10528
37311 22407
9520 23814
37722 6624
6216 31724
37896 9641
24652 47162
22850 39780
7469 37561
4215 39084
13644 25196
30988 43605
26502 15553
39635 6254
24863 23606
28727 42853
9605 43487
45054 24383
19701 28825
38983 42424
22720 1444
11208 15064
33298 37899
37099 36675
4209 33535
4959 5631
29068 42517
12848 10625
28033 27938
31197 44182
3322 2512
15225 6159
33663 32344
41505 888
19383 1022
31266 8468
27633 23610
9384 32276
35000 48046
28999 19507
12101 24589
16526 9585
11665 41123
4821 6962
37633 30080
14595 37415
40253 41779
46002 9248
40173 46405
4342 26115
2010 42430
27285 12342
38181 48121
17157 9946
29264 23106
41869 514
42731 26090
31720 41006
2766 12543
33419 17434
34695 20045
24587 5581
26051 26267
5807 38715
36410 27072
26177 35220
10673 4234
2961 39473
10405 17726
21794 22921
27501 46086
4147 36779
36617 8924
16138 34977
45336 29714
35232 99
39720 18792
30542 2646
45124 46251
15224 40439
35202 36970
28793 40317
43889 7427
1649 11041
2776 7734
20432 13070
33038 9336
21243 15858
24232 27845
31098 25350
42258 36450
49655 16489
40179 824
31590 48626
23535 22896
13009 34534
40014 4516
47801 11109
42713 27727
41249 12922
33633 7811
33621 26480
32648 34741
4420 2977
35975 12884
2403 48502
40253 42866
13510 37398
39511 39070
13072 17896
8398 37765
40367 7707
9437 44595
45417 40260
1420 17015
3580 3488
40936 14959
8054 27674
14285 47736
10052 17133
7528 43147
20863 43995
40020 19785
23951 40825
37316 23379
39204 6459
14117 43941
36561 5058
36466 2537
29977 28452
21687 32172
26080 5923
49572 36270
30609 1236
5558 46002
30126 8775
26517 45711
26697 47027
45951 34187
27812 11527
11678 45444
35829 12064
3852 49653
46324 48421
34518 9875
26241 43311
42253 40481
45920 40890
30820 2097
43725 1249
7812 26725
1795 17776
15942 11807
29485 20961
18571 30982
21193 31138
6288 45354
33275 29369
16893 45395
39887 2912
44215 15501
19807 40331
46985 21625
20215 18634
33793 12009
31480 30970
20197 14692
8532 23117
21872 45942
36860 13125
5285 48008
12581 9710
15480 18947
35006 12706
30172 36865
44730 16739
47922 25084
11178 38234
10537 10742
8100 21484
42107 22427
44737 28562
6648 38825
1870 19055
43176 45604
26591 36957
19566 7580
4435 35799
6174 48162
27575 15728
48174 7977
16825 35235
13072 31444
28489 20171
20264 497
35554 48829
27077 34389
17522 33266
34168 4403
3817 27508
10474 45097
29046 32529
4390 44389
13659 27063
34462 29285
47003 28188
15454 24917
32734 47919
13717 26995
1604 33886
41837 21478
6890 46895
10270 12531
33349 7676
11315 17478
32713 7725
7860 1309
41383 38645
39639 39323
11096 27072
22363 41338
43464 16964
18049 6928
16452 22273
86 3634
14903 39778
45157 37808
44223 26097
33933 28052
41819 21288
6750 46259
7007 46440
23070 49562
30531 23742
6326 43480
37001 30433
12347 22121
46283 38143
37115 17894
11576 38374
2836 6504
21951 11625
23130 28396
46563 36810
43912 45581
5983 25848
33623 19684
34770 40116
46022 17042
10665 27507
6335 23052
45825 40098
41475 40910
520 19725
40664 43309
43097 46162
31638 37203
13942 19836
43335 26440
47689 42163
3903 49037
8678 49720
4674 14323
23498 38445
38350 4401
862 3730
33774 30276
43243 31342
33817 40578
36559 25332
40500 3834
18634 22037
41986 29654
10111 24131
7314 27912
14688 16300
45477 18361
26261 36838
4180 14224
16459 44045
49300 48579
5229 4921
26739 49010
26178 21606
12779 20731
1241 1429
35188 28461
12729 6711
27372 41051
37137 48231
18058 39207
1130 35649
19862 30106
19086 18856
24868 44351
2965 16955
46881 19026
45128 6205
3319 16829
49665 43404
43757 39512
28905 35536
16505 26185
31391 42797
26800 46497
13876 33795
34751 22318
47508 9231
31485 9832
48179 7911
42921 26999
37259 10869
29725 26783
13144 41036
41719 32957
32527 33883
46351 6906
22490 25741
25621 47631
30141 16742
5367 27429
11386 42212
4369 22126
38309 22542
43793 36395
15717 30265
29938 32243
29097 11325
41810 32648
29256 36667
9299 21998
37906 34175
44257 34813
41171 255
12324 5141
12296 36303
19321 694
21685 32107
37956 32295
46342 41339
40377 24756
26723 18660
45363 5988
25121 10634
29088 24020
12367 32879
30509 12166
41207 31658
17737 43192
8691 33445
36027 21710
4550 17840
10345 1409
2222 40478
21810 36011
36970 40197
32390 19219
26718 40973
310 13960
27678 41950
1051 16894
39046 12657
23276 19338
13685 34118
33195 12341
6530 39369
15205 22402
20715 10138
40237 36163
32041 14434
36998 23186
4648 43841
6576 22995
45262 36912
34172 36250
11030 2775
19081 10137
34269 31600
1089 2932
23232 33789
39859 44474
41973 15596
1174 13863
31666 16939
38581 27065
31065 43787
36835 17777
8945 5228
15362 15892
43582 21944
15205 32899
23805 22022
25118 33383
17995 30014
19899 27476
31420 28810
26723 6079
35648 19323
30700 46806
34560 28213
24763 17747
8273 26350
165 47937
4781 44636
28188 5984
24533 4815
25758 49594
47632 41849
47879 45925
26676 33315
44075 23840
540 30316
28244 47
20196 30681
31051 48900
45103 11839
48981 14481
31262 27095
9795 7647
3213 45301
7937 10671
47763 46431
45373 35145
10878 1426
5539 34697
27781 46071
30234 6746
13319 34864
38572 32436
38375 14215
2747 12730
14097 10971
33755 14492
46950 35594
15959 27585
32674 33327
32292 20594
24794 34612
3826 14814
43457 25984
30293 35678
44939 47846
21335 32874
11810 37576
18382 25945
36931 11426
37609 20739
18610 27460
48684 2590
6183 20493
48931 33384
47088 19655
36023 11380
29058 39993
24040 17574
167 6170
16668 34148
44673 28858
23661 27727
25560 37623
15727 22755
17095 10263
18756 34839
32150 6791
42452 4833
30290 42061
19617 19111
48231 8061
48063 9199
27611 34606
32292 30239
35555 17748
9087 27355
36513 6181
9105 46755
37075 41473
34980 26555
49823 39566
42805 912
39762 130
33241 38468
36081 28223
11926 44949
36103 12545
1093 42665
29094 36630
8498 16336
21915 42405
4048 20362
35479 17369
49512 47797
41795 25110
16860 2067
43438 27946
44800 11491
47589 25255
18927 15202
21996 2264
48449 43739
27430 10901
30653 3601
48427 8461
45910 25339
35368 21494
17570 47220
14234 47591
23179 28482
37099 4434
712 38875
11670 45577
28861 1478
30473 28371
47400 20627
20830 12146
972 23611
3139 681
20213 49502
11370 40631
4754 14438
22418 33311
27980 15603
38994 33590
9267 49757
9284 5763
24278 42428
43871 47363
31496 11798
18504 46325
459 548
31246 29464
1104 15811
23733 5487
5609 10060
4360 3680
5522 33944
26109 6298
24193 10184
30964 5474
48691 19885
22386 20754
48844 27077
19438 16042
23961 20935
9608 19177
49066 6494
48573 1785
41052 30240
36864 3567
15428 4236
40194 29844
46377 18975
35772 31556
8101 35055
23826 36270
22673 48832
45941 21297
36878 10293
22961 32067
48319 37854
12579 9840
12070 4023
30822 42700
3672 44186
39478 2109
28047 15363
15788 18241
41808 36519
43708 15210
18847 3960
30277 41171
17873 16867
5172 34808
29543 11084
49467 24018
15976 7165
5901 24540
19875 41435
41612 18296
42989 2627
1317 42652
28893 2448
19466 17390
11114 46626
48798 40334
31544 15004
36678 13619
29309 6280
45995 47818
3166 22788
14851 2380
45904 38367
5782 27173
13407 30310
30458 10445
763 29038
39481 30563
34494 15930
41956 36626
27654 16935
30855 47742
26590 18608
4014 13104
41555 38247
40473 48330
26968 46236
9633 14073
12530 16204
23097 6010
37211 19865
8794 22344
10365 46156
29910 7980
6755 47845
9739 5175
1495 20339
7740 28054
40757 40718
27305 27797
47567 31766
33359 32838
9627 24991
8515 42340
4861 7268
30587 37001
41473 2883
5170 31246
49073 35628
12885 7434
26650 1694
5533 49989
36258 32013
37941 27006
14348 7610
39759 6066
929 23552
31121 1980
8118 27818
17460 28852
29472 5851
13479 18983
31756 47063
44209 40302
41854 22396
31836 17198
34604 5370
36404 12849
37851 36764
18609 24594
23506 6528
39836 28784
37718 8068
20457 20994
24875 23196
42533 37254
49786 15301
30828 34991
24684 40508
37480 32426
37999 32948
15352 42800
9783 42915
3934 849
47535 11564
12151 33401
26600 29995
5245 24898
7239 12262
40748 16926
26341 15249
5639 38120
36652 2520
42501 5198
30855 30208
20764 10738
13200 18942
26559 39208
35448 14690
40881 21357
3334 12650
23244 17393
42951 33940
29200 26149
6817 33241
34459 38615
32900 49119
24784 35307
37789 26228
14261 2900
32307 44847
33155 30733
25770 32307
28730 19021
26414 23865
14342 27624
20581 9725
1206 10693
24511 29286
12505 7307
31588 25562
26287 9053
29005 24512
48880 16655
36713 34240
29425 40426
40398 20019
40707 43224
10844 16592
10696 25714
42110 18159
26309 5229
45440 9520
23292 33467
30939 48019
44421 45805
9271 30780
27815 14311
37808 4004
3307 27260
26760 8397
45182 17140
18176 8841
7332 38187
47763 37125
3236 26695
40635 13528
29602 20411
26156 39196
47869 41277
42336 40235
5265 26765
32637 30610
248 44411
144 24381
13226 3479
3574 47983
26333 42262
26989 4754
26173 30203
30013 31384
39032 5705
13970 131
34905 766
34820 43458
40950 12826
4910 3651
14127 1514
26567 48189
40703 17092
43696 4123
15880 22592
15991 20812
49774 42205
23514 10915
37064 6627
45100 41699
29356 42561
44876 8595
13726 806
17240 1833
20147 1090
33937 30052
30175 4566
31742 21843
8130 13564
15821 37916
9017 36880
36005 9096
17296 36766
43303 43957
24475 7111
38533 14771
14159 47135
17448 41546
26781 17020
1749 24402
5732 32084
45318 41344
14856 18328
1567 12937
4000 12172
38296 42475
19698 12731
27136 25672
42704 19482
24448 16853
12642 47954
3088 15998
28444 20891
40063 17521
21889 41255
3329 6470
9709 14428
30556 5987
7064 45035
49739 45764
21973 19815
34322 42140
16272 10402
35391 20164
37454 35005
27358 41434
7664 1647
9538 41237
29204 17533
23134 43710
30378 41904
41422 26971
37024 27340
25930 25005
23851 46805
40110 28255
39043 19721
13955 31683
41212 7339
37680 47437
46539 13708
46126 43701
7549 23311
7490 20475
35115 49958
15008 19875
19993 19385
34138 7212
29351 11587
16296 17861
24817 31521
2413 4842
15545 49981
23668 27158
13655 44760
1479 40782
38257 15478
33405 11613
41247 13311
40583 13161
17525 18197
5439 35024
30853 19563
46230 31271
12008 14969
40979 49469
41491 9466
21118 31490
28392 36206
15530 11495
15749 20321
2712 36512
5221 39788
14982 6394
6547 14061
38690 4710
18616 49277
29430 10323
49798 9691
813 9700
46199 13384
3374 47869
49429 11805
13079 23594
27525 11000
37090 32414
2128 33666
47283 48936
14790 45297
22030 41076
15196 2285
27328 7648
15845 18833
35490 42097
29582 20110
18846 20109
30591 445
26354 31918
26193 34418
42479 11454
19240 5951
16609 26351
11019 47996
12746 8308
49593 34467
23257 18237
22701 45844
34414 9846
44554 38387
7827 14216
4230 47953
25942 14165
11602 15572
14178 8160
10615 45029
17886 12823
19057 10532
8546 4323
23959 21614
4567 21075
41796 32285
22353 30355
22910 11265
4008 45749
30210 42244
21643 2091
17297 19941
34558 9978
14688 4859
34520 9718
15485 45459
17868 42790
32660 11691
2561 41561
671 4305
49944 29524
23822 13061
26902 14011
23211 40442
14631 41861
36453 22677
41337 41910
34646 36628
45278 28649
37488 14746
25081 19629
25774 18423
37788 24937
30454 8406
28375 43318
17342 25271
8021 46693
17688 20406
40089 26842
41396 7575
30863 14457
13595 7288
26856 38069
48296 33801
45395 44675
35351 5141
25455 43290
10711 30165
15818 13246
6475 20964
33368 3439
253 47207
1639 41329
11966 10337
3266 13803
44570 32706
13001 34858
37538 14398
3120 41068
21599 842
47815 25568
44102 1511
27298 33833
28751 27926
42443 38044
43275 29203
31118 40884
13192 25985
24831 21608
1828 36277
28959 10156
13290 34211
12630 8947
33689 27004
25033 10837
44897 684
46 7759
16781 24487
7926 41819
1348 16944
3153 11451
14773 49669
37207 40964
27698 33292
14955 2747
32863 17533
4005 342
14314 46770
10107 5343
48072 20609
34232 36937
42404 26797
12697 20161
5923 23214
37794 9997
40127 20104
16192 2282
11957 30668
27452 14099
39987 5838
28298 26892
1756 47580
29669 5221
16540 10740
42809 16229
40118 32865
40427 11624
14409 20330
13005 37307
17188 12874
3610 43687
35085 6043
39404 48497
28479 25114
3225 21982
27027 29067
10205 4158
12339 1969
19184 32170
20858 48309
45431 1457
38978 13824
22040 44278
44087 6757
13353 38831
49451 24032
47548 47530
34162 33631
12442 36856
18476 17603
21121 43447
45390 3221
49815 28703
32191 43277
40728 4997
40283 31004
10439 33926
15903 30001
14450 45559
41254 33424
13838 22308
2460 8755
30151 23430
26151 9461
34266 16262
19238 16458
6751 356
29350 36454
10904 45888
49816 3637
10154 37833
14034 36606
35054 46879
18882 19540
22 15446
46645 32988
38904 28951
25402 16838
30034 4967
23668 23686
7135 17899
49369 34760
4879 15565
13016 33212
36926 48899
40659 46831
1167 7800
39553 21260
34327 40933
49651 33333
12258 32241
16404 34673
25788 28749
24624 23294
10005 43677
6875 9721
45608 40088
22814 20926
23784 2828
44231 28599
9488 11387
40950 1198
25563 15199
25375 7265
40786 9237
4197 43282
19020 26789
24554 5247
26854 35148
42528 45219
15812 11286
21542 23295
5479 8610
16629 39837
29899 39796
21998 16213
3122 37669
17132 2868
22045 7476
44418 76
29957 16649
36670 49743
11230 6337
45820 5124
16078 29576
44409 19340
40014 31660
10385 36755
3041 15253
48814 17770
13604 33498
12084 6702
44532 25523
10246 34151
15034 26528
19861 8735
39598 26089
44990 38110
6035 44940
26348 16289
32530 3467
23844 40027
45065 765
12219 46977
22597 35311
41173 30424
28031 10093
1360 45778
42742 17321
47632 3525
11199 15530
47136 388
5063 35861
17853 1833
17294 19776
45178 2001
28251 18474
28233 20904
37141 34792
11983 49878
12118 8329
33821 26056
43783 35261
26469 566
3750 40754
41794 23856
29278 18662
4522 41719
38214 621
44672 590
41904 46720
44940 16689
20604 25986
40446 25189
39859 3015
36716 20831
18271 9356
21714 19712
22834 37957
33007 36638
11091 47050
47738 47237
10300 5437
14207 6243
15457 15474
28807 24926
19915 44321
41032 35872
19445 27828
15781 44355
31717 9311
30614 23420
18104 37572
13895 34283
6275 41756
27600 34792
44257 19302
33767 2677
24743 33063
23616 11509
41731 47176
26389 44565
35946 7312
9772 15727
8837 18341
15044 1912
29788 30174
4395 25946
26161 2070
11983 11921
7433 11190
45865 4644
5802 11240
33131 5503
27562 21286
1685 27237
39348 5264
22079 24844
21571 2010
6571 8682
35600 12885
8328 23262
10696 31192
38955 15340
21451 13209
13478 36609
2059 43458
15477 12007
14967 19289
59 36645
21747 40052
15379 1008
45929 47213
26949 523
16148 15627
4880 27599
33483 92
32902 35628
9257 17933
14184 20431
8335 34623
36400 22649
9794 30385
33057 24847
48130 39118
5553 35869
40968 25963
32718 40229
41515 33257
18321 3816
28195 45124
25507 3901
33897 11693
2756 48590
34190 667
18238 32172
12518 14213
30298 17987
31850 32548
12018 47328
41316 26983
159 9419
18625 46674
16475 333
16009 599
30831 37575
15771 13152
14248 47925
2116 19556
43462 25748
413 31206
31868 47488
47798 25132
23601 8831
30800 13974
31452 35737
17301 46236
34469 10849
41063 16742
38233 6499
17490 3336
39818 6692
9277 39116
34473 32868
29592 11926
16830 15062
39894 44722
2424 47618
36888 26009
17551 14727
9130 19553
4379 22341
28696 11306
29306 35040
43963 7989
12140 22018
31014 4661
17834 18366
23048 41743
433 23543
28088 12831
44657 24446
15034 22923
39269 47395
45208 7308
44659 16338
31440 34549
7117 31613
15138 44167
30421 19344
34397 39399
48343 8741
29126 14608
36000 47500
17135 41953
32767 5269
43151 6076
11729 44184
32538 35730
24097 49040
9096 26948
41843 10863
42972 24551
18669 1288
38416 30550
21542 9381
10825 10202
24765 7262
32505 11146
38394 2977
19859 26946
45903 13175
35957 4724
7301 16341
3908 29112
41037 21233
11847 38042
23726 27953
14046 5698
42415 48025
15077 38283
2221 33809
4150 36619
45044 6378
28360 3423
27788 32809
273 33713
4183 2752
20930 49604
48556 42929
3297 8943
31502 39324
4527 25577
8680 3691
33503 27723
38319 12135
2404 15626
20245 31167
18950 26591
39235 6773
24698 36937
13159 17012
3146 1575
1710 34377
46166 29087
42704 37054
17413 48407
48338 40346
13048 18725
17685 21505
48502 30582
39211 24275
41126 9836
31980 13223
43619 38882
40819 35097
37158 30075
45572 12710
232 21573
2907 6460
11955 3876
30334 25686
19255 26950
49124 45247
4255 26971
44939 33862
2848 29626
36090 46958
3390 5759
40258 11838
30928 6449
16467 35991
21195 21582
46330 42359
31799 4789
44715 18949
38196 24603
19682 42449
49523 48263
20217 27476
2529 40434
36422 24061
24701 16601
37931 48798
24773 18617
46441 25368
36746 23462
14913 27722
4137 6183
6172 4991
49531 27929
11753 15345
44151 1173
34842 25742
32848 9265
38412 14804
23411 20612
30558 556
23426 22231
21559 49110
24824 29801
42542 39775
42408 22873
21567 917
41664 20729
30550 31557
20345 21216
42838 14244
34862 34351
41750 39725
9840 32792
31747 32217
41543 39346
9974 33737
43811 31781
40865 18206
12916 45814
10779 32146
36862 22918
5293 42016
27062 20497
9671 38256
23123 10728
36936 31346
3709 20792
19897 15891
24004 18363
35443 16504
32085 23272
37518 41338
9714 41773
46915 32414
17132 8230
47359 10987
38278 9557
22787 3425
6894 1636
47894 36251
18876 26105
13060 10930
41860 6239
14881 28516
2907 29057
23927 40837
11003 41982
12665 26709
39859 6107
1710 17900
42657 36649
5159 32858
11813 15284
41063 28296
32041 30032
15928 9166
45615 7817
41064 3616
49399 12404
40764 7040
14569 18480
11792 39470
39540 11953
13216 3124
38979 44509
32535 43866
47013 48779
40849 30102
7591 35365
31622 21658
5429 29138
42915 27471
43149 33536
6888 20007
13883 12574
1950 31720
25688 33674
17157 49545
1389 34315
3945 9433
44045 29992
45811 24421
46766 36323
34846 27616
33504 9809
9555 32851
42541 49172
41006 13748
21663 26736
8137 2074
32612 42235
19254 17403
46589 45750
10961 20064
36425 7837
14473 7116
42516 46419
48021 40434
12440 19048
6982 14551
29805 19782
34198 39017
16612 10831
28249 386
40561 5051
27947 35017
16903 21733
31721 26319
4164 19879
1541 4777
29587 3241
25374 606
6843 36216
11336 34361
46442 24227
45102 48344
5534 46381
36024 26713
9098 9923
32400 38899
4033 11586
28893 25404
46783 29690
12290 43359
41204 12955
14364 36854
22054 18601
15618 22522
27391 17853
33243 43342
47457 30386
7447 46183
2712 35525
45436 8711
43636 23171
33938 25211
44162 21171
32654 8334
41274 23845
23355 5128
6206 540
21768 41003
5153 43988
21479 9424
30968 29233
12943 10359
14217 4551
12049 11460
25890 46876
48028 37510
5511 43098
3826 32156
39575 1341
15179 22979
23266 33553
43955 29491
31225 42203
6540 17084
28543 13969
48071 8236
10922 19899
26615 4039
2828 2573
46894 469
26566 29493
27036 28590
28671 11549
41166 38298
40350 29388
18658 27133
7822 25724
19525 44995
21379 42023
2408 48966
19490 34542
8683 25989
21345 40985
26129 18132
6646 22533
22540 40974
30223 34070
49342 34149
33331 32992
9602 6161
2313 45761
10001 3938
43342 38126
12857 7613
8402 35151
25962 7709
35693 7624
29336 46845
27151 20360
39660 17339
47287 43257
25645 23219
12159 8505
604 46862
29632 46581
39642 14848
38951 32803
10642 20451
13998 48375
2114 40192
46889 7834
40719 28052
7107 43467
23504 9765
27044 32057
5341 15211
26859 13609
19543 42048
33331 43818
5790 49559
21926 22428
18157 30416
46355 4321
39491 17576
29567 45571
20821 30375
26341 39122
44145 33781
30184 25548
42358 30367
46903 32557
42708 11531
32156 8734
48402 39505
47142 10660
14469 441
45450 35085
41249 11952
33915 26576
4048 37084
39284 38085
4983 6128
30355 30450
20738 19046
43212 48236
10976 17874
6845 16053
19412 15547
11348 2283
18689 20274
12376 47083
40965 48098
46270 4362
35366 26271
14435 47143
24199 40012
4811 47289
9091 41517
5372 43423
12625 21366
25692 36678
19536 11186
4853 13878
37767 31770
6822 3791
43763 8491
45344 27026
44517 16191
38329 3699
40530 6010
23603 46437
11246 39274
39209 13173
33093 14896
9063 17648
24774 1750
15912 645
41145 34381
11503 30001
45662 7452
39690 22018
26236 26209
27077 41563
17258 9507
24846 19624
34722 29965
6725 32727
15774 17440
38144 21517
14363 19920
22200 38246
32202 44330
44419 19890
30877 8297
28577 47693
12684 43237
27000 49132
31177 19006
36722 33489
45426 17091
49834 47070
41510 21499
17428 14891
27915 24153
356 28711
35723 42501
30255 24682
1675 35872
1667 43200
32050 16396
39178 30301
13972 6957
48334 13379
20004 33036
7921 27142
5979 13200
11572 820
27411 20904
7679 39490
9901 25567
21436 38768
5305 47569
44264 44303
40458 41763
33622 5678
4021 28134
6346 30326
13404 49131
23173 27141
5969 28403
19247 14699
10382 41705
12971 45145
37538 8821
26916 46378
9717 33108
24051 34624
48092 34731
35217 29098
42504 19521
27770 23009
31604 3831
12305 41936
40705 1484
8377 10626
41528 14308
10188 23297
5184 11213
7514 30414
8245 37038
352 34063
33500 13187
36085 38090
3581 35508
3847 35802
15707 42768
12428 21243
23977 40904
14803 32419
21571 34245
27160 13250
17063 19621
8179 28337
14244 18790
49115 43358
7761 21224
35232 41534
15340 11950
28030 19121
37967 15519
30048 28428
1 17661
2461 14072
29053 28240
41709 7529
28628 26767
25322 16717
36362 4851
52 34622
21173 17322
24268 39485
25791 7822
34583 22712
7584 47795
44091 18231
21053 19798
42559 12165
20141 25101
27010 19610
36672 46114
39915 49731
2370 29285
37539 43111
28148 7900
35994 44754
15543 41669
48495 49003
10646 15787
8253 41223
5058 26936
2606 44537
1987 16242
31360 7834
23433 33336
28677 45513
8522 2552
49940 45736
8058 37755
29435 21244
22100 12181
3974 20186
24965 30928
12726 823
43886 22166
23891 43642
20297 44303
11397 37455
23202 27153
8764 27917
25434 15485
45448 40037
29871 12376
18171 45017
49542 36996
24285 45216
16110 9492
42922 18935
18053 4727
26644 49662
30628 21518
12054 7140
19439 8413
7201 35428
48352 8252
6997 45994
40514 13135
46768 12057
7636 17349
15021 44591
35043 37779
16704 33491
8814 17255
32453 4689
11859 36283
24310 49629
32784 39121
34461 46210
35414 33525
39464 35738
22207 5922
4895 7345
33448 24595
49594 43212
49262 18559
37145 40024
16284 27094
9131 37690
1059 47405
40827 17088
26604 6900
20138 5420
8848 23621
37942 30387
9282 13838
34230 37834
29007 38583
40609 12071
31539 29392
7556 18512
2655 38285
10117 11575
36340 11897
17937 42210
3100 31477
49724 20330
9345 12077
7178 34026
13723 6153
34757 49345
12591 20451
23307 8413
21395 3908
32081 160
19775 18000
1924 33240
12286 5680
42394 49701
5362 39716
6060 41514
11812 563
34883 24718
5172 16069
8409 7389
8956 40794
39653 2371
117 33738
38573 13719
7828 9269
31377 45788
23778 43702
21676 6849
43446 32865
9363 33254
21341 21921
33612 13518
17546 41060
40377 36818
38434 17856
28288 30569
19588 36791
39542 17187
27337 3292
38543 25546
9940 33439
22662 496
18223 5191
741 20565
18003 48147
403 18651
22585 1524
26079 44475
18205 3707
1427 25345
1498 42557
3121 9623
35220 8902
30327 29176
23490 30121
39188 36575
46415 4844
9670 12606
2260 41604
11172 40554
24327 33074
28810 47510
18586 16492
595 45448
33947 46303
5935 34940
39157 26818
25274 44579
27318 46086
32142 10911
31688 40065
37811 21787
47574 3394
48806 35400
7906 14268
24309 23147
48367 36379
431 41899
11290 16195
6658 35150
3904 48027
14651 13086
37902 47395
29203 5793
912 10767
32282 27140
19970 10790
33295 26692
30939 48143
22430 14795
45703 36540
4797 12742
26031 16007
25197 40630
11755 7042
26229 38318
23652 20586
32857 46424
33591 48957
23701 44446
3911 19416
28382 28990
30287 46726
16705 21064
26803 26029
1421 37606
21710 41023
9207 30622
31496 36879
37805 41420
3539 12182
43951 19604
25679 9684
19882 40576
14043 2151
20545 46665
43042 19629
12956 10647
15294 37470
47019 43790
20111 37609
7261 48335
24928 13527
41813 209
34434 33980
9395 17324
35062 35709
29379 32329
43283 26865
16283 13581
10072 25256
27677 19730
19330 22615
9124 6290
25456 44909
32174 30666
9498 20737
19709 14756
26835 36567
42741 21380
39519 46001
34005 37735
20288 4452
40030 1154
27301 17923
27159 42135
38589 32479
2470 17096
32674 37371
12434 35274
4474 15368
16324 37792
25616 19459
7540 41402
39245 10397
46122 41312
36194 49835
12175 44340
19972 27149
44375 42738
10403 34317
14393 10842
40265 6276
47758 22107
40347 22446
5219 14159
4171 18930
28578 21421
14237 36553
38935 41188
24580 46439
5592 43828
8024 12095
11210 9471
19417 32756
25875 39676
9295 24282
18169 49449
23893 48633
14516 5816
13527 2723
38581 17559
11018 47204
29391 41257
12090 34971
40581 21063
20471 11212
8823 32682
23275 21874
46849 49886
22905 35031
5319 39625
17731 41570
15840 566
43870 31764
28098 13837
2759 48489
28152 32981
13536 9095
23432 23756
32536 41773
12550 6853
48917 44918
19208 2748
38727 46273
24914 47942
872 26267
46475 7976
14001 6034
46603 4355
15826 8896
34944 4568
31537 36000
23367 48159
34385 18109
25605 13563
4134 46545
45265 16111
11526 46529
36008 35848
7586 40101
18422 29993
10900 20403
42962 670
34057 41390
39898 44926
2065 46648
38776 38194
29007 37161
14453 49151
38362 9270
30386 8146
1592 29209
49223 38664
49172 33113
27500 39990
2346 44896
40857 13829
35883 35740
11791 28771
17076 2979
32633 27034
2233 4539
25366 38534
30800 30453
9392 11958
42767 16790
21946 11774
47073 3696
28331 14162
26892 48822
47217 27573
8172 47661
49178 19920
33410 23602
6065 45805
11930 44556
43445 21856
14990 4007
39667 8531
4201 20853
33731 30488
17925 29131
17032 42910
42125 23198
30046 36085
7152 30414
37487 17126
2570 38886
31524 48641
21276 19242
21844 32846
44495 2662
5478 36270
47456 15827
36386 10152
46869 45904
27875 23168
1308 11589
16973 48371
34035 47389
37435 40364
23583 9416
12536 39470
16947 34824
21460 37051
27809 19798
19047 34983
19858 39009
20643 27453
26175 16349
31279 48316
25591 23666
28997 28744
28099 25298
28308 38697
8475 48192
45332 22480
25797 14108
31474 48092
46074 33862
11010 11464
4805 18809
33676 49874
22625 33869
20696 27876
25137 37616
43728 38049
34472 30023
8126 22452
21896 392
537 26845
21954 18926
28226 25899
23695 37959
16732 27291
37531 4871
29333 26058
25035 12536
27911 26040
2750 36813
13834 31078
4133 33485
8518 7653
14696 23453
13578 39358
208 24883
17248 47260
36715 42017
4735 9542
1645 37571
14388 2527
19574 41952
4983 10650
28179 14863
28586 21793
47812 20970
25398 24644
40512 31956
42723 27908
15595 34991
45561 39196
21873 41352
7022 18630
6054 13881
9689 20561
6216 16974
6484 11385
25149 21645
36918 40651
49828 42605
21823 38911
24873 21194
20845 24989
31473 49952
28043 4382
25608 29631
11838 44383
27850 1832
41665 13896
27280 47860
28777 39891
49282 26934
34929 26036
32926 48555
166 19655
36004 42699
14260 27150
46544 29625
14182 13568
34812 7218
19335 45934
38943 729
40607 27926
19771 18297
27375 7380
2130 39534
6805 34800
12062 24593
17885 13585
41339 43980
1239 47415
17545 13352
30959 3035
18513 28463
5685 27551
49109 32217
25498 21046
29046 6146
22647 42054
8077 32919
19421 27625
5066 13623
46257 22161
49638 4758
489 39147
25299 12126
34065 6975
48865 42277
6430 41051
10111 18783
49949 23874
22903 26617
13983 20669
29341 7882
37378 26929
13024 522
6510 6693
14646 44577
4125 43822
35860 17163
22510 23435
17313 32306
21848 1302
40541 14096
20059 26762
33037 23804
24732 49691
42114 18050
32779 33360
13699 26258
23604 12893
2172 37044
30175 5453
45253 16314
27177 41314
6182 8622
37986 47233
41593 12117
13449 32454
40146 46788
3157 45753
31849 29716
5456 47618
8253 18244
9981 14462
39294 47961
17544 14188
31982 37546
12261 16763
36404 7469
7779 36971
19802 5926
29450 26289
41582 28400
20834 46064
19508 9566
47645 27124
19772 22677
21416 45674
31636 4580
21783 23013
14489 16189
17401 45857
26846 5659
29388 13297
42339 32569
38977 45420
13413 14517
17200 48626
48333 26711
265 18301
38462 27320
8150 49213
29545 36099
9467 44602
5893 33074
17401 4499
35405 33255
37097 24738
27837 4804
23891 43089
22316 9018
20791 32225
48455 28904
8460 12398
13173 25678
24553 22504
15818 20133
6284 22414
35216 34395
35450 8975
34617 11587
19584 12839
26397 3713
23932 24125
48187 6935
8650 19103
21944 37796
21666 40381
43440 48065
37810 41065
20908 41843
9708 8251
2840 36405
45801 18821
4694 8908
9705 49199
26737 8921
45842 48292
45953 39875
40856 22272
11073 47089
16089 11365
19193 40970
4142 42739
37141 30009
40473 35872
45829 16072
6779 5929
48406 15500
40149 5715
24111 42469
8595 34580
41576 36999
43663 5175
1086 47053
5976 37574
39467 43290
36587 22019
9635 22249
7426 12349
35512 49989
32242 18043
29710 5928
31628 22688
14662 27833
47053 18432
32251 38081
29370 1443
7040 23965
4244 250
16184 3164
25303 46555
40371 5627
5437 11823
41992 11889
2795 328
17037 15264
18861 35466
28114 19387
47958 35000
30337 26328
32376 4292
14666 33749
2140 20236
41589 37923
6058 33317
21598 20146
31199 5633
46820 40976
16530 1051
28264 20892
31402 29057
23469 3123
29716 48801
41862 1061
41096 32241
22280 17432
37749 29321
23404 7659
27322 37083
6535 21693
31040 35470
31659 23662
13951 2946
16447 47144
16057 21692
3760 8796
14306 10492
4497 48356
14524 39837
29960 30506
45162 4024
38873 24338
18698 19032
48761 6369
36658 5428
13707 44144
28961 2319
44520 31269
24512 21155
4119 12422
6847 36982
34880 42935
9581 43514
48598 115
2194 38268
28729 47036
44404 36950
2419 39632
25654 7551
37179 29523
36257 30235
40856 44466
47519 6741
9327 48197
810 6571
31177 38535
5207 40261
40505 26768
7949 42623
11034 36927
27579 30894
1369 45273
42852 42414
6628 10137
27161 18199
40841 24999
41968 3697
21260 47940
38850 24576
33316 33547
41818 6859
37011 41687
36334 39842
10346 25054
22009 12732
27007 26400
45842 10750
27819 7384
15925 48140
31004 40195
42309 16230
42642 2683
17948 45689
44104 37929
21354 4996
30765 29165
23925 5121
42028 42385
11756 14276
25837 31090
17872 9271
33970 9086
16891 35811
33496 40499
15486 47709
31380 7608
24939 7719
2451 41642
34619 13524
3521 17049
42400 16817
13688 40743
33220 25278
48692 16395
45388 27630
5865 23115
14390 12287
4635 20129
16296 8745
48178 4509
20328 29994
8606 9561
17216 33110
35925 25141
38564 19158
17911 6898
27317 9597
35592 6642
13905 8278
8165 31115
4590 23992
43734 25582
5581 33033
8328 20595
36657 3742
5862 32336
43813 25470
38048 37003
42307 45897
47914 32065
30412 17780
31232 11718
25249 20723
35371 8514
43848 33699
34446 29822
2380 8441
17390 24467
23994 37584
40919 17186
48894 45590
39666 11198
5954 41189
6966 14502
36785 9840
18272 387
44117 21300
8001 14749
15683 16060
39615 16757
22024 19050
11956 49564
44569 40212
4715 8483
26999 3026
16450 33994
35853 28069
15999 5208
35395 19529
47428 5303
22741 14271
29711 46513
29435 22632
4448 7434
35726 24770
26614 30239
8412 49004
3265 13253
38848 11606
17943 24079
3955 45016
45899 7452
46398 41920
32787 42217
12801 41585
16518 3272
40325 10693
28001 2788
26855 28248
6862 40278
30054 45013
49710 45391
45228 1470
30310 28081
9584 26862
12225 24870
25357 8678
33256 31573
23315 18581
21388 49438
42055 497
25948 37694
24955 27026
31714 7522
41396 17789
48810 37580
34197 17514
46947 20562
15239 17666
39667 9516
30906 28021
24230 9441
15063 41722
3493 25730
29321 37235
49296 10922
48248 8008
12308 29379
14279 36396
32616 29904
46081 38842
24111 22005
30328 30851
10846 30549
7553 24832
48220 28396
37347 30321
26564 13610
20166 19662
45912 42378
27649 9883
39634 40852
21206 15961
49228 29689
25466 22656
27678 13
25422 18986
8295 19987
314 25446
47183 5394
29500 24894
20709 3379
18375 41306
12460 1444
21742 26072
46249 4225
8412 43217
25724 22399
35336 37876
5004 48153
21114 20856
43525 15178
13055 32482
34543 15617
28246 2733
16374 17625
42188 21047
35421 15797
43681 14443
20143 22148
41138 7563
32541 10219
24840 41270
17267 4176
40440 20264
12989 33489
38989 16868
38133 41293
15210 29692
30408 43912
17314 25021
7849 2622
10988 9884
22979 30359
37549 30509
43245 46536
15369 1738
48137 8650
9051 17467
5593 32378
20065 24557
7351 31116
41157 25722
43442 5495
45991 8639
18198 36196
32876 47111
7632 36177
43447 47351
43123 47913
29039 6257
48324 27369
48679 27278
20166 18637
16235 19190
20441 29790
10355 41238
37070 13854
36693 49305
37583 24489
16788 19155
10859 38345
4852 36018
21347 36821
44643 38153
6772 35305
14598 9968
36032 454
11489 22566
46239 41234
31665 7925
39184 27198
40035 35101
28403 4822
6258 45077
5385 22707
33859 49870
7904 8528
22955 31518
37987 28860
20468 42431
23416 14453
7468 35447
2034 11785
6438 34504
42474 30999
31424 8788
11792 26753
1393 7956
10916 33032
45233 14465
42769 4227
8788 48403
25224 10211
42780 12280
14456 4225
28453 31794
48708 12026
10797 3285
18376 12795
31367 16780
13976 38748
40588 39715
40349 42870
16414 5699
27495 32768
40712 19678
46038 27914
10117 11067
26167 1626
35970 22857
27928 21022
6772 3894
38144 30880
38906 6590
25900 36441
41946 15640
41355 18714
21386 47239
28061 6404
1368 42389
34825 18654
16315 1437
42510 36729
40965 41777
12291 46690
20912 34713
1516 12872
40462 22157
20650 11386
23699 5323
23282 25406
31225 1386
20024 44421
22899 48457
18565 46758
38406 29953
9642 36594
23911 31200
22577 9524
30196 37219
36629 28221
11754 8342
10795 773
31572 24687
7579 16028
8088 45106
34785 17183
5409 37331
47911 37128
32523 19721
25549 26719
29021 49039
27927 31977
48518 11783
1196 36647
16644 10991
29431 11373
16397 17875
37895 3724
34109 28859
2947 22315
18900 4089
32929 24927
29501 12614
41146 46221
37224 32755
32422 10593
4722 49158
7540 27210
1307 46870
16603 47078
36726 21028
3748 25778
49655 35555
5268 9871
4974 28063
34763 24573
30903 15
16739 793
41754 3972
38271 33133
13473 17520
45929 2650
38325 18374
38131 38262
44883 44865
44482 33034
16882 26965
21802 20462
3119 337
36026 47390
39395 37842
28797 33923
41346 28084
2042 18510
12270 37214
2685 38324
41469 40802
39425 3649
30494 20285
11770 2965
7232 7321
38451 9143
30993 32054
14369 25272
11163 5196
18114 43931
36395 36882
44449 30995
8906 48947
17330 27301
45313 36790
24255 1468
5296 35251
28989 28650
24544 45601
31749 43314
26450 13142
18179 2592
2797 26541
6203 37121
28662 22166
39231 34353
2028 32841
13547 43611
49414 11854
42082 12216
16531 44012
16944 35642
32784 47060
154 22021
45089 4731
48341 702
20459 3531
30387 48632
40576 49318
36641 5125
6044 28642
44879 31356
34869 33063
25614 1419
382 29798
23221 9916
979 39182
32445 24433
14792 49122
49888 33640
645 9309
6022 27048
3863 20420
49168 11038
29263 20748
3075 17122
47327 18965
14157 36548
42304 24374
45268 47814
35457 28447
5013 23005
45584 46719
14844 15436
28270 32878
12734 34639
33186 11914
43661 30884
18060 7128
32106 33914
2331 1158
17326 28400
28682 14291
17680 38800
44969 40716
22005 9681
20555 7157
23340 7583
20954 48299
17323 47011
7789 8953
33779 17961
38041 44074
15981 1758
26399 5309
28809 31438
49753 24066
38132 6643
1057 9169
19227 35119
40904 14391
12041 16226
35920 11105
32579 44068
30323 35699
12223 21063
6670 15609
48117 26912
11601 44122
24027 7979
36108 41604
35271 2415
44861 13137
44186 19505
14937 3544
34195 48357
47519 37790
37627 17687
49756 32127
23432 27231
15004 6688
38255 11661
7154 22443
37805 49797
46695 32116
28556 19595
40490 46462
8864 15909
24627 12921
13424 47299
5618 19261
29843 39734
24290 47006
21457 49369
13482 9851
37338 3083
26302 23453
21395 33416
49111 46140
22150 48586
36522 20836
31784 48983
5062 32077
46177 9483
6942 44520
9320 20988
13091 24123
27566 5149
2678 5790
16852 47551
29845 36792
27256 32077
6627 32941
18935 46444
21424 46261
22037 41310
43812 14504
38525 29822
30861 37487
12984 36277
16067 45425
17319 3761
342 24473
14331 45463
2113 11176
14710 9842
29482 5996
4342 47190
21898 10994
24266 37328
5019 23045
25241 16449
49665 3427
10316 16236
19508 2393
21514 10974
37954 10105
19867 47974
40667 19912
7495 20975
5006 15478
42790 46966
23804 38144
30893 34345
14120 23458
936 35247
32738 18118
14478 33732
41312 43620
43339 2150
39022 48663
20757 47266
33554 30708
30551 49900
6349 5644
3512 36883
38687 19973
36652 34
37377 45823
32079 32329
30879 19097
42217 9700
19616 32953
37690 9775
40328 37332
4315 12588
23816 28940
29319 48064
43288 38631
49643 46052
18265 4237
40283 47920
1804 24227
16978 20995
46305 33627
27618 1166
23325 29600
11986 6821
576 20806
11226 21061
42430 28036
3798 11586
11638 47548
30029 12386
9265 4743
35330 27528
10979 22274
35372 40954
28141 46092
44536 23047
36930 34585
43971 43436
12708 789
29810 25432
41560 3874
21851 27645
41154 40326
20999 28754
13659 31350
39565 35252
8254 22541
38506 11526
44538 5547
44740 15379
29272 5084
20719 34362
12977 19736
45461 43667
6305 27878
31920 29083
38068 2482
7769 26461
12145 48729
19732 10896
9883 36262
32644 7666
1399 519
38123 31659
45537 18235
28794 9568
39337 10779
22929 24440
4703 35390
43713 23135
23076 4015
44799 49018
5767 19686
34556 18387
43638 30248
29985 47329
23796 8675
9660 32883
16690 32506
43432 13555
3610 7434
34786 9677
48781 27629
41159 41247
31908 12247
36110 22010
33144 8586
23023 41476
11878 11285
7107 29714
3053 29802
4177 9983
40844 18877
3911 12848
38907 3276
30960 34613
6836 11382
10334 20770
3446 7138
16516 23717
26424 37619
22588 25271
35687 30306
25248 33237
20125 29879
30152 772
10819 18779
26393 27058
49764 17561
14102 1097
42314 579
45598 22065
22177 26933
45287 24721
1407 25687
35900 20979
31734 16253
45957 18470
28157 4999
46357 32117
23287 10349
39933 9346
34857 26966
48793 23862
25135 18299
47202 5545
24200 14469
25988 8562
22581 28254
6406 17610
13631 4551
1028 630
12214 37380
15805 12496
19922 20892
33255 9652
38046 26464
8317 27334
13340 35151
40804 7204
16117 30120
39387 21107
22236 48470
14837 40065
37274 4466
8094 33135
4006 42851
7552 15603
13898 38043
22477 9809
33387 37340
48193 31959
14848 48503
20029 45709
30508 45895
4100 47693
26361 43594
32967 1413
19980 17778
31685 30909
33306 17180
27868 10805
12948 5029
35768 40112
33209 1692
36034 44093
37902 12848
32583 18771
37685 19498
3190 28976
39427 39221
7591 22496
38845 36710
24554 36739
22256 27757
2119 16929
22213 2366
47619 24652
29182 32039
4136 14595
9465 1065
8288 10816
14556 20177
2777 18867
30803 8628
4518 10122
9164 49153
6173 8725
39923 12627
43990 40531
11135 23630
19691 32718
43329 17383
20040 17845
9131 31690
41081 24956
37947 5824
5019 34110
16053 31457
220 19201
40773 4036
21438 7737
26749 40404
49809 31809
44734 22245
34438 28842
34651 30586
12478 47843
10603 1469
14367 18221
16445 3902
24522 22971
21392 762
1556 38354
46869 15687
49200 19592
6526 18762
13391 49150
13029 40433
18096 19197
2635 42382
47427 26058
20813 42868
48205 38343
48583 45744
5073 10271
22931 36030
6996 49344
34011 22413
44828 24519
32599 12253
15105 47118
48496 27099
9392 4157
25808 47663
25496 34659
6436 23276
19192 22219
28040 11539
46847 30410
4303 43704
46202 1791
29978 35440
42971 18368
10405 17109
27295 8697
14782 24801
44596 9209
34413 37053
17010 39374
24655 20043
16292 46206
15002 38165
5094 33002
48945 38357
6543 21194
26906 24586
8216 40349
5161 39689
2319 6699
38705 47115
9538 32892
27719 31017
20837 27517
39958 19261
39185 40910
48490 6378
4734 37042
23379 36523
24001 7400
45829 43138
4438 245
8086 15307
789 17995
20257 45587
24972 9639
34813 42830
8806 1335
32263 17889
12582 35265
1192 14027
17556 26527
3528 49575
9574 2849
8053 18125
48749 31685
33313 24888
32232 42748
12137 4535
48394 849
10937 49364
13741 30083
34858 385
43081 5210
26571 11724
5905 3931
46714 46171
30200 26583
25030 19368
40035 11286
7304 49849
23590 24367
28127 7640
25294 29087
42663 8042
1605 23454
33703 31898
6902 30680
22781 103
3743 37313
27139 15296
28547 14317
40407 15283
31721 30400
18624 45729
33086 9578
11324 31047
45593 33326
5527 30899
14198 49616
8516 4919
42937 25858
38134 22799
16982 854
44318 29000
7584 46203
24215 27769
41054 38602
15607 9367
21077 45170
32558 27655
44769 39931
15931 10326
33082 36385
9963 37804
23951 7447
48525 31113
16233 40657
44763 29224
24219 47802
36529 12997
18349 16190
25963 12594
22473 7272
31732 4372
4273 29642
29403 41752
42584 10454
1412 41563
48050 13792
45265 18958
43783 40016
27945 49574
4775 13118
33290 11831
16008 13782
33641 11059
26751 7381
5098 42190
34143 25499
48694 13107
22911 5906
25934 17405
24949 27110
34552 1693
17940 21967
42651 44422
31235 10226
24856 15472
24690 34863
42013 41578
13911 32687
10760 34714
2146 43051
2104 4550
45014 29387
28942 8414
37777 6273
26811 5131
30656 15248
29266 6934
27731 49496
35479 21471
20125 8207
6096 21372
42390 19704
25001 32786
6078 40574
12341 7616
7726 2511
15317 43400
6884 49234
43300 24657
34454 10169
2208 45546
30580 19385
32221 38216
43110 37732
46946 32637
20045 46794
27603 44955
6353 28044
46332 42749
16950 9647
25738 19714
685 32789
44609 29193
5094 35821
26261 12856
26621 45034
23661 26241
12348 41532
23600 29670
46696 47123
29378 9470
20048 38931
32075 29199
18313 126
11101 22899
13457 22379
20033 41362
4165 3696
8650 18398
16975 15080
39902 31559
47404 29690
35143 22391
31060 39804
10501 41340
7855 5018
25272 34297
25352 48123
30659 31831
16042 29330
41674 32798
38585 27367
22484 14410
18406 21652
38370 42829
13222 31594
704 9998
10015 8759
22885 4147
32513 16113
43695 19608
20754 15379
8106 48652
27519 37415
2909 43846
6319 4437
2496 3952
8798 27661
41385 13539
16453 28238
20694 49633
29885 43246
13185 22158
39073 10567
1141 19006
8796 35629
117 49999
6647 47615
3623 19703
18889 29941
6767 7462
26493 31711
11472 28941
16084 4780
36328 17787
9346 19632
42656 22251
37430 45095
26360 38216
3448 12102
13561 14413
23572 9603
21897 34423
3329 43309
25967 22349
8095 25783
10668 19065
35912 39434
18226 30822
29558 9887
26662 11974
27157 49680
39513 25037
29300 15954
12371 22029
12810 14398
43820 33092
20432 7158
1899 41221
10942 33653
21768 26239
395 12205
27156 49981
26565 17999
14983 46387
29225 7729
14025 45497
35381 29137
22029 35194
43678 33003
48702 13330
35645 15787
29731 39790
45165 9177
22976 26392
2474 36373
26776 25302
22862 34036
9645 10837
9303 40049
45012 35106
4422 8850
44528 5955
2387 43223
28783 40106
21823 44071
42800 44887
36890 9918
17688 1774
36550 22550
16058 12767
30762 7314
41414 22106
32742 44238
48249 36350
16439 8823
47240 49241
9181 2464
1904 17535
9007 7667
49283 39358
2623 18805
44112 26316
4661 13319
10885 44928
30344 46338
35229 3611
3288 27151
49770 35782
43778 18298
14013 25078
30001 39245
29183 22475
16615 16427
35691 5194
31721 11324
23810 19642
23211 9429
1860 43178
16737 1029
22778 29003
26016 18788
8977 27674
30750 20649
9461 31753
14829 22228
1236 27668
19 14527
28517 19232
29521 33877
37895 30734
43419 27842
3795 39955
40636 43360
46461 12982
12889 33832
43957 48130
40735 36035
48046 47214
48018 20436
21262 4000
35415 36046
29420 42013
11518 42975
33020 32795
4472 41624
32446 36603
25820 36310
14904 25693
22450 12136
13443 3099
8014 771
36497 12073
6916 3648
42353 35225
37747 25233
5490 49145
16509 49751
5876 39910
46097 30731
27497 40747
6711 27536
17759 32588
8319 19202
3819 2098
18836 10352
18666 17653
10303 7132
44587 9412
8080 44981
4532 15948
27252 11001
12857 35174
4835 3659
34184 7230
21232 40461
16996 18577
30722 47917
39114 5354
23346 17163
2453 3881
39657 2787
44980 18843
16372 25273
35574 9453
15700 17830
36822 22144
36907 8128
36735 49004
7626 27489
24110 17518
37590 1277
2550 33271
40668 31776
22802 20683
19804 5435
38211 35414
17105 29177
23250 28658
34247 1006
38111 36325
14642 20630
26438 44808
29484 49082
37684 38035
39588 42991
15708 19132
8368 3178
29110 37181
41141 35326
12513 34825
49976 48877
42315 35382
48586 35291
488 42775
21640 20270
40352 20728
12748 44068
18837 24894
28972 47436
28721 30938
19067 46491
41615 8104
6199 39035
24351 6945
41942 47740
3754 25353
7684 27527
15543 18618
12362 40046
15019 40969
8718 29120
19640 24974
19494 9719
47022 773
30620 28618
28805 11120
37386 4523
38941 13853
25207 49549
12343 25873
7441 40469
36809 9716
10750 268
13945 32249
48344 41644
20849 30329
24201 18597
3869 31404
9161 17065
6548 44345
24028 37020
36285 25732
5236 29080
28016 24271
25300 12458
38804 1271
3790 40636
23000 38818
10320 33466
48751 44644
28085 47631
26431 17548
49104 888
4051 9310
21360 12330
28056 25624
26403 12646
32642 2601
17195 33760
32099 39262
22782 468
13407 17889
22885 33999
34100 48558
3758 30456
8606 25824
14960 49266
45768 37293
11945 28139
29052 25850
3223 19433
12286 36152
19451 33675
30613 32728
3193 22479
29948 34937
41585 6820
5557 15529
24643 33964
22731 45157
32051 5088
1173 13903
34396 30514
42094 24944
32055 21163
8849 19369
33995 1468
23145 49542
14270 34051
2625 17851
12718 3130
11933 25208
5433 20453
31808 14044
38489 3164
48347 16451
5282 6312
29383 36262
8948 26932
19393 11326
27747 22757
40429 15366
9158 14265
32519 22710
25116 21978
18046 10236
14320 29609
14546 24740
887 3767
9673 20776
20638 38513
4970 2285
46385 37208
41309 32462
47427 28417
7296 21032
5125 13110
48614 20883
37831 15039
15319 6866
278 45083
23249 48208
3093 3537
49852 3227
39862 1014
29744 28842
6232 27088
16940 47432
49572 7621
21061 43879
6780 7318
4819 23358
12280 40775
14681 9657
15049 19174
6445 373
7060 12927
40678 8312
17107 11156
44047 40235
39945 26596
26031 30734
37969 11067
42072 38355
40279 7118
42955 47800
14494 29043
10742 18861
15444 20821
35913 46555
8087 19583
38655 42902
11753 32452
9834 49345
48598 5745
641 5560
40375 1996
40386 35885
36727 7243
15361 8661
10899 39611
4275 26199
43947 22375
42514 35890
44065 12914
28661 9051
13058 18652
29184 19578
21811 45899
39389 29220
24162 43172
32029 45261
29074 125
48938 46248
6840 15615
23880 16103
42293 14240
32289 39556
38807 3197
6291 206
42623 47765
31506 49687
18987 21357
14336 2098
23497 31540
39088 25037
13945 12843
17832 40453
24394 20163
22003 36758
33680 25861
15953 9851
23586 19492
4576 43544
39929 31403
28791 4869
46067 35878
40792 32571
40701 22844
37646 9249
49741 38259
8352 21589
46092 5056
33712 11118
2719 37174
5090 10057
17036 18664
5343 32486
3564 34567
46247 35554
20353 15137
6232 11003
29011 46361
16591 43214
26696 1675
35319 43489
6860 31271
15040 26764
11625 986
37202 48539
44332 36389
32278 13501
17198 44377
2121 3162
22765 34710
29587 26544
24143 36826
46099 42414
20177 17579
41666 39468
25272 40531
20087 5717
30398 26240
46535 27028
43735 15810
2245 20169
24380 7611
2859 13973
32336 31975
47327 28666
44966 22187
11176 25767
44309 41177
44646 27211
1637 10925
22229 46059
6249 23569
43495 12581
43099 36684
17214 31694
29393 13763
20879 347
7498 13021
47706 22255
14165 31076
40725 24264
31899 10343
8204 40866
32306 38049
36340 17391
5340 41312
15381 38812
35986 28077
29155 49863
20610 12592
23652 1081
36939 1795
4615 37213
4152 1450
44850 1894
12959 2546
393 3009
12827 39238
10477 34099
2173 6732
16135 15380
33657 38361
47994 14324
4725 34165
21669 29558
39822 32794
2265 14005
40314 41994
37560 33972
48758 30887
15084 18780
17423 26788
20890 9490
45991 275
10404 18833
2022 46504
40476 40081
44216 569
11726 32458
43368 31839
23034 17542
27894 4263
35576 43203
16896 20194
5503 1640
28763 38236
10197 29192
19213 25496
47940 33236
38226 45347
20233 20752
45580 14249
25322 49287
11483 29348
5124 34672
31213 12115
46068 35666
25345 5020
26543 44233
20513 35078
27999 46238
39071 9281
43203 29582
42971 20785
14249 23318
32361 31380
24310 25667
43683 23565
17636 437
36310 36743
25880 35376
41069 18721
9863 28182
18641 10382
36564 21244
18252 8329
13442 9029
14734 30084
43830 32713
45592 19193
21256 12120
36473 22899
34227 3246
2661 8298
26047 13935
8764 29270
43041 25560
48413 4183
22951 37281
49320 31328
28871 35091
23680 28256
31419 35605
33778 31290
7874 1182
44944 38272
18429 23060
10780 3984
22813 19880
14411 35189
29991 39307
1804 29137
27693 37619
48437 14374
16228 15288
6763 21066
3298 46805
12705 33041
8802 27748
16978 21649
48266 27023
36679 6871
24021 7516
24846 19559
44773 30043
49574 12635
47597 14082
21637 24281
12079 40978
27317 41447
35923 34874
49437 29418
12576 20260
21622 44418
45096 19101
19533 10619
41173 14110
15468 48334
12369 4676
12228 34833
45735 23460
34809 14125
7885 1328
20485 3347
48442 39523
47982 20398
47315 9649
25089 46809
1199 44076
29384 11921
30176 31468
36736 3302
16756 45224
13827 21542
15087 34649
8986 27984
3088 33001
33307 13258
32008 17457
27363 41846
29116 13102
32181 3158
33573 41898
28963 17908
12813 35079
48358 16304
39209 31213
31928 46623
49282 23199
30635 46286
42901 25201
47372 18760
44433 3821
28622 4902
43278 48144
45039 6277
5594 24499
766 34174
46271 45923
36420 34084
43802 27288
13927 42367
45671 10232
30259 25120
18581 453
6357 41547
45656 21840
29158 10401
32345 39210
33023 27557
33905 20166
38321 17009
41474 6241
4578 17727
36386 43438
23589 46260
29876 41824
29201 32974
35671 25277
11834 17337
37586 46794
40262 34667
36780 31703
5315 32075
38878 46647
21359 20560
37676 21868
41503 40449
13304 37624
4545 839
35231 2640
31883 28014
28954 9541
11978 20450
19290 17361
29812 20135
48711 40880
2040 34729
12394 6839
5156 18010
19694 8990
21013 38398
46152 40148
33353 32816
43470 34800
33137 32643
48148 33125
24974 38043
25301 11467
860 1564
23305 49559
11653 532
8893 25719
27788 2125
49862 40615
33234 12824
12811 17016
39037 22346
9227 34667
25948 31517
585 48481
17369 2101
39400 26929
23858 34830
27385 43136
15268 28541
7789 44058
2084 31227
20633 35754
11719 20976
48899 37397
41217 31249
13606 21209
39763 28766
43635 32056
43996 7350
36953 35241
13051 49672
39202 43517
19648 14533
38522 19655
21893 38112
41280 45588
15514 45715
15659 11812
17721 48981
31763 33520
36798 18081
31502 43200
45260 40211
19341 47021
45856 15119
47423 26867
43102 24552
48023 35209
24753 35009
12919 48348
32624 14038
16462 47377
40973 25061
27675 39661
2801 13230
48858 5083
22033 4107
36317 44403
40962 26865
1553 32806
22561 38734
48598 9285
29791 41928
16373 8747
3895 16034
32238 30165
23729 20340
14127 38553
13528 13852
13735 44458
32039 16728
7730 40906
34249 38222
3684 47523
27668 19615
39260 12485
11459 6688
30991 21235
34702 4803
21884 24018
23544 6602
49171 19281
17106 11984
29171 4996
9952 12895
35647 24615
46288 28783
17121 16022
48005 28239
43181 22382
16065 42609
37094 8480
46395 15059
20937 4597
14294 41144
34381 20262
17574 46237
3119 18247
25327 9159
25467 25099
35815 39670
4120 21651
19553 30989
7731 32305
29185 14670
6837 37131
15075 22995
28941 13244
42011 22645
11414 37267
39037 46393
47634 32654
49447 43930
12688 20297
30855 1948
41552 45725
781 28106
33118 46018
48650 9725
16982 6889
4697 45886
23535 23916
2961 40131
13209 41699
39472 1361
36717 22185
49163 7640
8567 49954
11942 42706
19963 35349
43261 19583
4780 35082
42527 13943
19757 10486
33601 731
22312 46540
28248 7636
28719 12841
49713 3757
20012 4719
47067 8889
18661 8989
35038 14797
22873 7127
30160 40969
8878 30904
7671 5232
24142 32368
45333 28059
49377 14277
6088 45168
11305 38009
24356 2354
7711 31022
24203 45643
3967 43947
8387 13392
46632 38206
49929 28152
4102 46025
48112 29415
22889 33505
30667 28197
14564 8144
37024 45020
24198 12440
15164 39431
48972 25202
42377 47298
4583 32427
14757 3376
13394 42868
47631 2074
2542 14073
38517 17825
8407 35309
43219 48740
23766 10526
3085 15308
39766 25329
40554 6667
43344 23661
241 47035
16216 39702
25731 16294
48338 10660
3868 48292
22429 45051
435 17786
22036 29931
28291 14554
17643 11787
48548 25833
24029 18217
35540 26053
49783 898
20104 42842
44738 20293
38197 21064
29220 4872
6920 11085
18195 15898
43927 23834
45133 24473
47834 3260
39774 16265
11342 27507
6435 11659
9844 49160
26272 27697
21264 14512
31053 22229
32299 13788
26479 1121
2054 7036
18069 38739
5924 14497
15678 28277
42458 36214
38976 29008
29845 33944
14546 29058
17229 36975
8266 1678
24163 39056
1717 33205
228 36312
36399 5029
21717 24529
44771 8126
49407 20507
46841 6633
22698 10620
14982 41772
9808 357
28795 40337
9844 17576
28428 23292
20322 4852
37232 46036
7754 14395
23616 21241
35970 8986
47014 48669
29437 37924
580 31092
43223 49713
12069 34482
25383 22350
6863 31287
43531 7194
46326 19038
16194 5462
32759 29672
45870 1986
1367 45461
5539 44285
36777 33392
42868 19902
26564 37236
49188 12431
20918 29592
28262 21275
17021 48090
9990 7417
6011 36946
2306 44593
6434 22172
14706 24075
27159 896
19923 47626
36461 34727
35813 15346
28057 48699
36941 37940
49925 10286
4674 44807
39131 17542
14640 33494
19669 22807
17589 46710
7346 1828
46534 7672
21370 16654
36566 614
2501 34693
78 4683
34755 49717
40564 41925
37093 29293
16772 18961
46558 1164
1634 35045
32905 44848
44683 21841
3982 33995
23954 7046
21774 29778
16090 26708
19781 27993
18523 22249
23076 47771
28479 5992
14620 29873
18421 37661
26637 23223
22442 34273
14342 14016
6659 38674
47634 8089
36896 30325
33780 46551
24258 46583
32266 3234
1700 21103
19229 4047
9150 13362
37705 19496
31347 43776
38533 23064
13140 542
20570 23876
48541 36132
10580 21605
41939 47735
18272 39535
44260 23679
32021 47272
17255 12126
44377 22920
25202 256
15589 7190
32683 18656
631 29476
26301 23585
1320 9497
33704 12665
45257 925
49631 38837
15028 15742
3809 20780
22204 4615
36118 161
3342 32496
2731 6446
7671 27785
41299 4403
7624 2907
38980 4602
48594 501
11986 32814
11770 37958
32663 12575
18763 13079
10073 36781
1162 47609
20536 39857
48490 33828
14979 9216
21476 1404
19547 38923
17333 9950
37159 22831
44165 39326
42210 47092
43287 17335
48051 36852
49109 39520
25242 26791
3101 16497
22656 26878
27528 30893
19089 34816
14542 36009
35232 15666
30322 25646
38005 18400
5191 17317
1657 21738
6010 39855
10247 29758
42264 28795
12390 27216
9346 34091
4502 44696
22084 43035
40924 35188
6147 32475
8964 8700
35508 38822
47821 30419
37067 20035
20988 29830
19417 15639
18772 34896
4274 8209
20868 9925
33701 33307
33750 33055
5111 8960
37927 32404
1734 36525
47709 46646
18034 4632
18182 31088
47060 27544
26751 31228
45554 7117
6693 6926
45673 46251
18990 26118
43789 16702
25901 37952
20156 32109
46244 11358
15925 39842
27338 12674
41779 18240
9293 32097
26604 19710
44494 24268
47019 47535
2833 19006
39786 36146
532 29684
32288 15289
16987 20454
48755 18838
47095 25911
3090 47071
2405 26065
5139 27384
41159 40926
12150 19339
10472 38423
17484 30266
48875 48802
40838 43368
22747 48605
16749 32561
43496 48299
23262 48785
14143 44552
35586 45023
39383 19108
14142 27314
27932 6596
1453 47914
45317 34745
7183 36700
24064 540
27779 20738
30361 36119
14005 9234
45460 46190
1030 10740
12828 34587
36581 45061
30513 13215
17815 4924
27333 36491
23928 32383
46437 43449
24482 15278
45698 24174
45937 26888
7442 23976
20485 34535
16061 20161
28167 26080
22718 45207
21817 42089
45403 14695
47819 44342
7962 43951
3182 36138
33216 47391
27037 16624
35320 25381
13990 26361
9224 19305
28118 9148
46622 27317
1103 17158
19751 41225
40339 23545
34916 15086
49545 9913
22509 12026
5107 28210
45100 42630
30813 42489
33474 22282
13579 48084
36322 24539
19825 30050
4118 41823
18098 17137
15035 39972
40731 35465
19854 48942
3916 48245
37470 6731
18681 20358
13106 22795
10769 30766
35972 44980
35712 41503
41300 48945
11473 23322
39926 25419
46558 18383
41203 1735
48898 14663
31603 13738
2486 28173
38429 10326
49984 49413
11814 23390
23856 43968
47848 10820
25432 13745
21736 7779
11595 17095
25965 47998
44093 25611
31033 21226
1488 10338
33807 36813
14786 25425
30372 29216
44544 30535
24840 31523
13365 34445
11128 13652
39125 32006
48 46925
6601 2028
36014 6286
18788 4017
31246 13747
2768 22155
5630 32858
4381 20307
39229 9153
20185 40044
42988 100
20160 19588
44218 3416
35963 14997
24557 29681
32981 8177
18861 32860
13455 9198
24 11106
28957 16682
5821 42614
28054 49755
35145 44697
44178 48639
26589 43843
20762 23019
34273 1130
23430 40801
5392 11737
46876 31698
28693 8722
336 35327
19859 4969
23381 4001
20421 16152
5836 42365
17405 40952
2133 1929
45559 17794
43619 29545
48121 22044
29451 11257
40027 42643
47626 12900
47722 6901
35823 22394
49509 39138
32069 39405
35557 48278
14580 8076
13615 38584
21559 5166
32873 12881
44479 4670
15988 26992
14119 12176
45885 4697
43502 30993
28336 26628
44215 44403
16650 9369
18007 12285
17244 27162
22940 4653
43690 28357
22815 10748
261 5181
1291 49947
11570 11992
8637 2784
37969 30936
19339 8435
49349 1260
20374 48087
34356 30890
1320 29379
39907 26722
28595 9039
35510 48633
33481 1740
24151 30038
30945 49655
18522 112
28676 27184
45773 26476
23990 39405
19111 37852
39282 32441
41786 19975
7117 31347
32926 31550
40131 6276
13533 13738
20987 47608
34709 23428
2721 14556
15335 3828
29735 14572
12815 1132
1874 35433
9847 22735
44446 45829
36110 13799
38556 7669
27987 41359
36192 27501
12159 46342
34023 24232
11260 18304
47502 28380
27202 35834
1899 18075
13299 12287
34188 49880
1546 43889
33684 41827
45823 47028
26714 17833
10930 45304
45829 26942
20546 30186
18912 21368
23074 24302
10007 6133
37509 2175
7298 10021
35978 1024
43702 29354
26254 3710
7505 19438
7002 1232
18703 14135
14270 30323
8083 37671
20251 35173
25469 27507
10366 41764
10720 17096
35104 36593
46299 28857
32206 8165
35037 42279
30086 49450
41785 49620
44855 23205
15935 20819
6307 48170
22354 7076
12317 26305
39149 42373
25933 21030
32377 13631
46135 38406
1032 48331
36222 16904
43782 25013
39274 48319
39108 37517
48598 45657
3886 9471
9423 1573
46251 49535
34459 23535
21267 26461
17488 48089
20675 14156
37687 34425
21803 48401
14160 40926
47408 31650
9049 36291
28080 4870
9133 38351
19984 38023
28348 4000
22704 28821
46683 29730
25464 30832
6259 26955
46505 15722
42917 643
11962 15070
7859 20381
17876 24529
40655 4605
22832 34318
5663 2556
48925 29234
31204 12420
47402 13252
10390 23297
7578 10168
4213 25331
49260 18205
37640 47857
20394 12469
19237 45325
13318 49348
14543 22691
39044 30402
22444 25436
38229 39792
11043 28228
46537 647
9279 46194
32729 2291
11198 18470
3770 2625
47978 28561
7062 20643
48488 22695
45806 7550
19440 42464
38385 24845
42604 47361
16752 25759
26355 19480
11038 6334
43767 10967
15151 28765
10997 38571
10597 27687
20326 43362
365 14146
49017 1611
9065 6151
48310 25214
8093 8886
41826 19147
2165 10503
34275 45966
10646 10435
24215 47619
19330 10530
18487 22370
7920 25056
6426 48951
44175 24934
48695 35089
19934 29657
38480 49878
43633 13216
14592 22821
7629 43452
40837 31843
15269 28257
34694 876
15174 25291
36414 15640
24983 26664
44278 21337
43831 48990
39349 42957
16483 17917
2020 18204
24964 21540
33882 25260
34679 12187
42414 39325
13084 14324
23950 17686
21729 2596
26200 6398
22926 22800
14302 40752
3510 31959
32431 33611
21142 18689
46981 28449
30609 11556
10737 8414
41521 3076
37069 9541
21882 1452
30091 24413
10239 20815
26942 23943
3703 33853
32435 44934
34303 41718
26254 41217
5219 6067
39983 41588
18503 40714
27403 901
14290 46936
5972 24593
28348 29651
5950 49520
26756 41787
40565 12770
42807 47678
45733 30144
34887 47524
45078 48359
29682 47735
45129 14677
7050 31315
3274 22988
36665 2009
6253 35536
43893 6449
46133 5125
31847 4332
29848 25286
12643 44898
22435 13157
7443 1157
42425 42201
25377 14018
36392 27980
10590 37926
3987 19217
41201 17659
33029 19213
18827 2621
28303 35204
4722 35876
11157 45179
34905 15301
20147 7039
34627 37834
6106 462
610 10466
45970 40357
24607 20912
32824 32467
7684 8445
48816 9291
39298 6608
24618 32099
45757 40674
44577 1238
25877 31698
14185 8061
26408 15139
11545 25434
20640 6915
43346 27047
43959 359
2997 35272
21314 48561
29064 35022
18060 46728
41212 855
24010 39540
16473 41793
30821 7502
19808 27101
17594 18640
19596 41610
46763 16800
33423 19129
34753 49555
31671 23240
30175 9221
12627 25815
5439 40022
8196 12357
21028 16493
14115 31292
24420 36746
45810 14170
10271 43925
44874 9993
41737 28953
35818 10048
30433 12600
6782 41295
46087 26172
48824 7913
48709 13696
24389 460
7744 1326
43085 12369
10772 11620
21388 35674
26870 21207
33260 8005
44367 41617
22888 8711
45877 46001
40588 9290
39356 7507
30007 34883
8272 26738
26635 48977
17878 8950
3747 49859
8955 11638
37241 22212
43840 30375
38306 7243
48278 19545
37267 23766
40489 24338
49950 12065
4655 32804
33392 2170
23894 40758
30505 47907
42299 44027
28092 8743
8606 29257
39501 42158
3825 20045
8293 13660
35796 1746
23950 16562
16228 48284
40875 33825
49386 33806
46277 2318
10244 30186
42536 37168
33277 21469
49826 14301
31235 30511
33859 37544
43896 18000
34598 23794
1665 34690
19722 23403
32350 38336
15564 42418
4661 33297
4706 341
25742 45454
9655 35526
12558 33494
17480 49409
3386 27239
34894 34294
40471 23998
18003 1652
19028 5572
19648 5638
13042 5922
23942 12700
21487 48611
21274 25252
29102 11487
24670 24566
39834 31607
46505 30004
35665 24573
40534 26351
8734 42858
36058 44466
671 27529
48349 7443
14661 26607
6161 13189
32284 24483
30619 45347
34177 12049
3073 25274
46728 9507
28690 42526
47206 36969
26408 30553
5489 10869
16882 25051
18471 32946
27064 13108
13940 20616
32462 16665
38035 38835
42245 15475
16844 28999
45141 33862
42897 9900
38095 45480
25913 420
27702 47267
24980 31985
22685 22335
12303 31213
17015 9585
47695 22859
45639 16798
26931 11436
14395 1679
28218 30661
14479 19754
17023 49495
41282 20443
39508 13657
15857 38923
829 25625
23049 32269
3913 26655
14868 28735
41001 7621
26091 1428
21585 45211
48242 36493
17591 44050
33565 28283
22670 16714
3952 4790
35829 41845
16001 16115
11320 16829
40553 14300
14645 26993
48809 1354
35146 46296
24449 12613
32457 22332
5530 39640
236 43652
16651 32053
13237 12729
34955 38386
11971 11211
2430 45600
47730 4748
34440 21592
5572 4376
44775 6815
7318 46856
12914 6500
43710 47252
15604 37933
14558 42793
42796 6595
47952 48484
28075 35595
45862 28465
7199 22455
21331 46454
35764 15728
40647 37777
28411 6011
3827 44641
46125 19993
39703 13254
35179 17539
3551 26765
30993 25004
29291 30410
37501 45100
29127 43946
48802 40683
43987 22847
42175 33557
3686 47827
20878 6118
17047 47432
36800 28244
19812 45104
32411 9195
36326 9408
46599 26862
41879 1019
49164 35049
34071 28453
2048 8659
31303 23981
21061 509
40525 18980
12711 40055
26018 37318
28898 43129
11394 25156
17749 36237
2546 28966
36946 19908
25529 24056
391 36505
13422 23632
3242 37480
37921 21314
17421 30480
17064 21550
24280 30195
43277 37035
3337 30457
4783 16681
25395 29344
9463 31027
7937 46580
27557 29346
20727 5324
757 7934
12567 49900
22442 24892
3162 28370
42846 37026
7963 39284
16710 23488
33679 18983
8505 20378
4309 25031
20755 35635
476 34279
15922 44667
47734 21693
11699 256
27208 24161
16420 548
10775 47712
35854 23443
17822 37616
46066 14944
47309 35284
46572 42969
37665 7275
4894 42751
6501 35217
46418 22095
17436 40167
41272 15880
23190 30567
24718 12846
13897 2269
41491 18988
33948 21891
26663 46235
17094 11588
18281 32048
4141 4212
9052 5516
6841 14093
49644 21590
15935 1524
48844 41634
33756 38513
37647 36492
14980 33990
1175 18828
25811 36641
12652 29041
20412 1670
25325 38291
41392 1243
22963 41153
40069 32513
33061 49079
10323 2219
19959 42357
46222 42082
25151 49310
26068 11436
25996 38405
2695 44978
44321 4342
38779 3814
49580 15387
8604 49145
46481 10871
28026 5353
34894 43906
47615 38717
19331 35484
33092 4903
45795 1468
7965 13241
30928 46930
33954 18739
2995 7907
39787 11410
44654 43223
43875 5330
37303 5244
6475 33353
34693 22703
26513 32247
49859 40288
11413 45854
13295 49502
22720 10097
45925 23965
27836 25340
1709 2897
23120 2165
3814 47752
41603 23881
24801 25615
33713 22928
2353 8891
41470 7466
46040 6562
6537 10342
19487 18872
43211 41719
6707 39872
14139 1071
5740 35772
20268 11026
24076 4951
41182 38147
20787 13465
24340 8242
5115 49527
35843 5800
35409 32631
41522 49521
34505 3673
41238 34854
13491 49689
3348 24379
25071 6542
18034 6411
15763 22846
25332 17022
49262 28642
15174 30647
160 47269
29122 48760
42081 16419
32274 19000
18782 15683
13324 20615
30913 28769
25641 38527
11087 25961
2893 8470
38404 20426
21352 16782
22745 48188
43844 25353
20480 43216
3415 19843
6629 27253
38953 20599
6561 9419
30340 30524
414 10348
15238 38202
30533 40596
20663 5074
27636 20882
35424 2735
15763 11494
32264 43624
44824 25681
44316 36795
10443 8168
47999 8417
2356 5255
26225 41516
3806 2413
30616 23338
49842 19808
36389 3745
1856 16705
9030 47761
20119 24357
32873 42891
47745 16030
46011 28534
14529 37822
22855 39128
34863 3314
27696 31514
29976 31668
47780 22247
41632 45677
49656 7554
9992 45791
34301 32000
49655 43059
3302 25258
48355 4779
16970 19583
21351 13251
45115 18787
39601 3626
46170 1556
40672 17401
27157 21168
23164 5983
5106 36379
28447 787
18277 32041
49530 17113
39837 24046
30284 23689
22780 3667
39292 33030
2821 30167
6903 35175
29051 31287
32665 6387
41794 38696
43618 21038
14144 22682
26135 14090
47759 17563
8766 43805
49587 43894
1201 3330
27715 31943
19899 16577
43622 26620
42600 15861
25592 10549
17622 20276
19902 330
15717 41963
46313 13655
36682 8415
26140 47930
9603 9612
25195 40688
49803 14632
23325 20591
47674 16288
27026 622
3327 2624
14478 31184
15085 46002
32440 8936
43792 18595
14436 16143
14338 28819
35290 36539
19231 49185
11803 18812
37240 16668
17630 35854
20580 41273
38410 41329
49274 22862
7999 38150
48893 20662
1523 5117
39092 5932
5649 28777
28837 37688
29889 38283
48423 38132
49615 39520
13018 36502
19422 18753
24065 40549
2934 29207
38279 46182
22827 44885
32496 29259
6662 10844
27520 23120
5580 48284
45392 48828
703 47391
30078 36977
32441 36652
37199 25947
41477 5738
15274 11244
35688 12745
2024 27281
5909 42603
29260 46310
24422 46642
2999 3572
27810 32983
30649 13881
20339 1782
7500 45422
8993 38388
21208 20771
15869 31662
6687 44052
47640 19163
4171 45015
48036 47806
43745 4863
35673 40805
36273 49814
49944 31691
39281 48666
23192 43253
7502 23727
47022 14070
6437 43699
14554 28340
1836 8990
47867 12952
49988 409
46835 28115
49438 18879
48213 37754
42188 10590
27472 42631
39816 23302
22756 16210
39454 38972
29040 40740
41174 36211
37507 32440
21170 40255
1296 37355
17371 48000
8217 24221
34619 31353
21212 14192
14706 31578
23952 25847
13359 17250
9376 29625
10380 1998
18475 22213
33325 45087
17258 34768
48050 6578
31953 33468
31204 17720
23767 9658
17082 6915
28418 40401
29623 10789
46240 4059
43130 21837
28320 22719
41503 18048
8721 23517
20580 48040
17201 35925
40182 37356
14383 48173
1406 40576
40840 4666
589 11727
10787 45895
38892 34182
1187 27293
5476 1001
12299 31514
19391 9538
43468 43555
46309 49674
31131 12916
8387 5173
9978 28649
29427 24746
47177 20364
23953 23232
33516 29075
9620 33348
26376 22780
25405 10171
13649 8972
39524 46697
31166 17214
39941 8056
39223 3378
38482 45210
27588 2556
45355 18276
9691 10338
33145 35179
8633 12572
2716 1833
49930 24478
2539 39714
36787 29566
33544 4853
31147 6405
28483 38905
24066 20450
3629 12889
7805 38190
37942 7698
19738 11387
8295 43303
40093 11090
22370 37413
22987 39462
6325 48406
23774 33782
44424 8244
16630 29833
1808 45043
7608 28242
41562 28110
15537 47243
14711 48638
2786 14298
49742 10518
15784 36090
15338 28376
19552 22948
19574 24899
10302 6264
31994 45709
34022 39791
25166 7740
14466 20818
27102 24596
4404 11324
15339 39755
9440 27081
48651 25262
19269 24683
26291 36469
18230 42320
39816 26900
15532 24990
15200 40723
32565 49948
44506 47428
8597 24387
15226 43893
24348 35460
33294 41273
10257 4752
48270 5176
45237 41995
42187 36544
35601 17624
49963 45715
31369 8264
10393 3169
37299 32035
47723 44166
41576 33897
31746 15966
13995 21227
34992 46626
48710 33218
17860 12754
25247 12274
1228 8748
2493 41648
27562 605
22041 33317
20414 38013
36848 47559
35961 19493
4299 19045
34429 24453
7894 17668
31080 36310
1107 22447
25947 118
29694 37519
24967 6996
47661 5669
28518 29094
11372 7499
44754 25311
23832 7508
11927 44189
3099 130
32817 29657
18141 22932
5453 11993
29028 17350
49638 23394
32218 28923
9291 48599
25548 38150
25850 40745
29120 9137
9910 45663
47725 22987
13799 34918
20992 13956
27073 36738
15932 20500
45477 43152
42547 15310
4944 10394
9568 39772
7201 38517
17053 40095
40186 49280
1345 13188
17929 4899
43938 33427
6425 14943
16666 12467
44306 21118
37733 18618
43075 33709
34262 25309
49639 17590
30056 43741
18608 27807
21747 27982
90 35322
38630 337
8569 22200
1647 14931
40043 8153
10216 20875
24973 44543
9193 36764
39436 17416
40069 25618
10369 19075
49838 40129
39285 30819
17000 46739
39202 20261
49864 42173
43788 30013
24058 12309
26164 17034
3463 41932
21370 18140
39635 32124
31662 24685
30982 15169
13570 38900
31742 41289
18214 21081
4133 83
28851 25498
31036 2589
10956 32254
44266 13437
23198 16467
49179 36575
4101 18222
3547 25055
14650 31448
31901 40168
15553 17462
25341 39526
35260 47872
33609 40404
1224 31061
22618 14379
47550 26863
21770 15151
17269 31147
38245 5005
9042 14122
505 2433
43448 30705
29301 12246
2838 27883
1736 6574
20878 23137
6738 19007
23847 43711
2306 36558
14275 34657
3917 16670
21591 32330
21953 40443
43865 28861
7956 24914
34127 10205
41125 30230
37931 32315
9912 45574
35295 5623
31057 19449
48674 12961
19773 3347
42573 41314
49050 39622
4061 40735
1440 31867
2217 46839
9342 29709
46744 32571
14709 25670
118 43227
39938 9572
19146 42302
25706 5121
15381 47257
34233 26313
8371 33819
22158 31891
37714 13072
8050 26734
38718 19134
45914 27543
37614 47624
21965 18740
25548 30123
47780 38512
9699 19356
8917 24034
12060 33638
32499 24502
1585 13477
49931 10343
21652 38802
36590 48362
40972 12670
21502 27402
16588 3213
4935 33722
13382 26093
11765 3139
34109 23871
2486 45636
34184 20223
757 24235
47426 17734
4970 29809
2443 20646
1315 21641
16189 45644
33869 39778
40389 28728
11679 39604
5043 38391
25860 8112
24461 14882
25501 5563
27246 49285
28591 10418
34906 48449
32459 6808
7351 47824
36089 43780
21341 30305
42546 23110
13480 30440
28159 10285
25180 42831
9113 16602
3117 47832
30163 2160
31591 7956
23260 13313
25675 45374
27765 11235
42034 34499
16571 26775
9553 45958
13873 13937
39603 14632
27014 44690
9869 6289
37109 1610
26757 30166
5507 22401
1050 30556
39867 15450
47515 20894
32717 13758
12773 31604
44822 13872
34008 6037
10075 2330
17007 2178
3435 3300
20282 7582
31087 49789
32265 2455
33990 5631
18587 28663
22031 33608
22190 43751
28814 30611
29964 45861
43662 47120
13893 16122
35264 32475
49988 46773
28924 17986
3903 12018
47852 3722
49347 20823
44514 35374
37322 5012
37656 22950
36271 24755
10982 9330
41772 9588
40237 16200
3605 39260
46149 29270
1883 14652
41555 24673
5128 48750
31569 4826
25336 32495
30678 45108
16416 30235
34811 46668
21222 2938
44472 6100
48102 2052
49033 25122
37614 48851
22083 24315
20009 49568
33154 20889
40076 14996
16229 14704
9100 22154
11627 28731
30433 45721
8425 49891
48817 13868
46977 24882
25227 49087
803 1771
10499 28562
20433 24870
18069 26162
10606 12936
23675 29585
29919 21096
12 28647
2801 37880
36170 27035
9048 28001
18250 26089
33631 25192
32262 20903
48541 21203
12377 9521
36903 31846
28231 23520
28435 47863
16162 34950
27160 39809
42985 25636
35166 2965
14654 34017
7189 4912
21863 3020
13015 19292
35927 19210
30499 20666
2473 6001
42385 21771
3577 333
616 13008
12618 47940
7517 24454
4461 19533
45801 30880
19844 26840
48394 34016
31093 41307
1741 17025
16761 38025
26743 34346
23246 46783
8366 27728
38705 12740
16953 31246
3487 4852
39020 9771
37404 41484
26297 924
30112 25748
49687 38586
41094 41944
17381 46650
17281 27731
34755 22800
26734 24828
15096 49129
44044 1890
16571 5069
40773 43015
36311 30247
9289 35681
38585 38556
34027 11118
504 23303
40923 34394
17716 42237
38961 49992
13391 854
37810 37538
24596 18525
9084 34612
10675 43509
45923 20068
8235 17650
38397 33651
21806 48811
8698 663
24214 44128
36481 26873
4735 27118
2218 46295
42985 25943
11880 3848
1167 41392
43342 43560
21737 20873
19712 12396
2550 23054
5858 23756
25463 1059
5258 34663
11615 35697
7406 8756
19601 3993
15239 49800
7915 11674
42104 49205
19915 7188
29306 16874
7596 16664
24459 18479
34520 31918
36082 37318
30776 42827
15875 33242
40793 48553
40888 10919
4437 22726
19192 26147
3247 7119
16400 30539
38016 7899
6154 35078
41492 6161
33087 2709
2481 25212
11896 14661
39800 27297
21377 10398
8746 12992
31429 18031
25139 19138
23182 18995
31658 27761
4985 25324
31149 29769
6726 9630
31136 20209
9687 27884
25346 25238
25713 7723
32023 3925
40105 16844
47685 17142
10098 36763
32946 1259
40245 46979
10721 25113
11479 46021
37697 49886
7676 385
32431 8713
14291 16143
46153 38478
18324 11284
11526 1335
34759 2583
1537 32848
30124 11999
49836 6586
14991 41562
21859 24898
37140 13177
23511 3344
15503 18747
20134 43434
29115 27179
36654 26321
7439 15757
18507 24569
40737 29258
33777 45735
9240 42232
32818 15224
40862 45856
49143 12670
39272 28207
42755 9324
4245 39797
13778 16072
35697 19874
38846 29439
46075 40926
47353 8373
43980 49320
28489 46481
2157 34056
9463 26187
24759 33745
28053 49945
45268 39727
40789 15239
17353 4831
31972 26505
5693 7475
47042 38638
32127 49026
6380 19491
29434 42055
41721 7215
5302 11903
3792 48756
1115 6623
13865 35838
44018 4158
8371 15354
22077 28556
15727 22494
47196 44060
10156 22718
31494 23552
30137 47140
3832 9002
35042 41246
34910 16940
40216 48995
47299 17713
15791 12029
9092 36249
18134 49407
39473 15826
22280 11669
44038 35697
2544 23148
28880 24543
15479 36386
39137 25499
22535 13200
45944 17142
41161 7592
16931 38917
47765 25991
38472 33162
14662 5530
32082 3722
38077 40888
37532 26841
24185 37945
1297 19883
22084 15281
49965 33079
39775 6384
39074 23293
49483 20097
21796 23180
35600 43598
20181 31828
24950 25376
21338 21111
45942 6317
19836 30692
19065 3378
33968 34587
25088 9104
12592 44936
10184 21065
5026 18614
40123 21572
8456 39595
13261 35541
7901 3938
25584 9486
49069 22215
49284 29530
15514 38115
4010 8540
34889 40358
41850 262
45961 36415
29676 24805
1493 34361
41613 33102
49010 22946
5721 22838
45971 29073
6438 10427
36532 47603
6243 27047
48253 19198
12007 39302
7747 1203
10559 18271
44873 39834
32059 40723
38348 34267
27114 46648
4798 37204
15968 13046
12739 17538
47414 7085
30899 45640
11618 1876
34260 34025
34769 46802
34194 3661
1229 27164
44954 0
20861 7451
22134 25917
26040 11970
37457 36394
27495 40878
32614 2986
9291 23307
29903 34115
15967 35284
30794 46698
27834 33369
37562 7444
44110 14720
30821 31826
41736 34940
3082 12304
33243 44373
1846 41757
606 27829
9762 42457
6110 19804
33156 27140
23304 27651
30683 5975
22333 19096
13903 3143
36929 8849
27793 10588
38481 39186
26638 25177
35014 25042
48408 6828
4949 25726
29211 30160
21617 18188
20089 21116
8523 10545
27919 18217
38342 28318
40664 36857
24601 7731
202 14830
26192 890
32939 39063
25015 41709
3232 45221
33674 13198
12395 11138
44307 27355
4992 5095
42027 35183
43267 44768
35455 9345
42997 45117
46310 29649
29699 24401
37772 28925
5758 36569
48146 40459
44209 49227
30921 48263
31653 49444
45630 9376
27335 34824
8318 46577
41914 20506
4127 3653
11483 20525
32450 21452
42014 17799
10376 9139
14948 39422
34314 4675
45434 38143
12326 9263
491 19691
31604 21310
48863 35799
32010 14577
19747 1772
22652 37172
41407 30608
41408 40874
47526 30479
40448 23601
16810 44091
19996 19718
1353 12879
18957 21115
34973 37935
6971 48557
24862 14702
1774 24379
1523 45587
33695 10764
46212 47062
19133 49974
1938 8520
5783 21796
7141 21247
32541 22045
33985 6513
43129 47071
37093 4405
10100 22046
39866 41590
18675 14372
2898 49979
40202 14455
43929 30200
2710 31416
29370 5713
23807 29019
33345 26467
9257 6056
15536 20246
10663 28258
16213 21657
7846 3760
3435 26729
49790 7859
43295 16600
33511 10097
31400 15053
47227 24181
24778 44511
35300 11306
42375 10557
43932 15325
928 20757
37041 36398
4980 3867
27613 17366
46722 40410
4251 45383
44087 560
37580 46611
3689 44369
37072 32921
27650 16879
33775 35912
12935 23807
7347 45353
47964 21130
8212 9401
14240 31919
4955 3819
46557 24623
22642 11329
6926 49621
42996 19756
7116 45087
10028 42469
35947 47616
30889 45098
39077 44012
37537 41093
19683 7170
37405 35614
13308 43864
8566 12056
28057 45011
6450 3360
42557 27705
8533 10697
20183 38029
28480 40602
23844 42357
35796 49041
47694 45344
26035 26821
44746 32094
34367 1713
20302 35617
43939 9622
27039 47474
2622 5897
19684 21335
21230 35465
3800 24352
10279 47947
5710 39088
26012 13314
28246 42398
17365 18478
37663 21618
7412 1138
9687 25118
35233 8706
19250 47677
12582 43567
35238 16084
15682 29286
43228 30511
1711 9516
29140 27479
18656 36644
25880 47210
9006 3670
18983 9547
45739 49275
38049 12849
6903 41072
1280 43162
20675 33056
4620 45981
189 33254
47432 30488
40653 35222
20064 42171
11370 47571
30171 30039
33077 46179
18390 35044
37416 37547
7077 48384
20763 16471
15065 25114
31541 2596
27344 29242
46046 431
26939 29585
5494 2356
23046 825
33706 44179
46505 23594
37202 43646
17792 24061
48048 10983
17337 3064
44534 49414
19864 23495
41919 2182
2392 5737
37748 15522
6673 22989
20684 19302
30904 39548
4720 36460
20597 10669
40837 48286
20882 17263
27338 23011
43455 1337
22779 13911
45587 37691
17912 11903
2899 17999
18062 37738
44775 20493
15363 40179
17825 41980
40338 27570
44469 44292
32485 30352
49571 20420
25282 27954
47241 43484
49796 25347
27990 20564
38671 10481
4070 12854
47481 10221
37355 42805
32516 23722
48287 30669
30496 44266
31598 4951
42133 18651
40255 39964
21536 26289
45611 17832
8215 30457
3875 40795
48619 22633
13459 20238
49341 12406
5471 30556
11002 45312
8011 3418
26380 27527
16879 5638
24490 17189
10921 15845
28877 8120
35510 32538
1978 49670
26217 43809
33318 13432
19993 42792
41585 1388
19714 19482
2270 39769
45784 11196
44440 5300
12509 4779
46938 34499
755 16936
16072 10366
19283 21114
35857 37658
42232 48201
2056 19245
1996 3008
20372 20010
26941 25973
40711 32791
26627 1853
31910 23579
33437 11458
39386 39743
22138 32162
34277 48529
20453 9774
14857 34633
45408 48786
15152 35320
30048 30096
49162 6783
27868 42861
4004 34580
33003 13407
49664 36146
48503 8428
43139 17978
21134 36563
41074 23413
24061 30546
44428 9339
1640 47669
7723 45223
28256 2792
15082 12656
12842 48941
42847 39317
37479 20026
1100 71
22393 9485
11694 1508
48904 3175
44126 8542
7169 28852
34291 31071
3644 34628
25124 21316
43229 14588
19391 30470
45698 42634
17763 30462
12743 37488
11807 1769
9720 12319
2211 12427
26670 29769
20376 9080
46969 44416
15707 33243
39525 43283
7641 39448
18614 8636
21007 17308
49110 8110
17158 49763
35575 9751
32446 31198
19847 24201
23969 9832
23942 15258
40712 13827
18568 8568
48798 31964
8875 30721
5645 12800
2733 33543
16134 48528
32499 11473
33679 6759
45124 31378
32699 26953
9278 27796
12694 24117
42414 9860
44039 21194
19525 2505
11034 30572
41781 32837
45102 26362
27235 1908
20541 27177
16960 31349
16208 12957
49653 40458
30560 7845
35321 13886
35478 45938
8765 20575
11999 9651
38360 2220
26109 2680
29753 13800
2718 27921
11500 6715
24087 3497
22452 12994
23603 20871
10541 14070
30170 32356
18189 49588
39171 5953
11511 16367
30230 46965
3569 48587
36277 39118
44729 11517
8709 18314
36389 12079
49076 10977
26899 15037
17458 28530
16540 31180
10824 46188
42121 15920
43279 13221
44885 41623
7281 298
6478 36343
11646 41990
6496 35919
38520 33039
34102 31915
4776 13125
34642 19521
12803 31644
35208 19145
11777 29349
31559 15364
25269 22178
17925 24
29482 7397
40136 39620
6085 40072
10954 4332
26955 6027
35048 36716
29275 1965
41133 42747
18365 48958
43771 27458
40454 20546
33131 3250
17430 32321
46328 42295
22752 36573
32448 47708
1810 42926
1573 42643
28374 5044
24730 17115
24045 29087
9334 38345
14176 2421
7925 48526
1879 43457
15912 2332
10788 44388
48928 24981
27534 8675
5237 22020
46317 14334
49148 1479
29149 26577
6736 37060
45460 10799
6082 42330
42197 27510
25373 44117
33796 12437
43754 31875
28392 9326
2307 4441
34075 22384
14023 604
32979 22500
5015 28201
35017 9099
16765 2642
1620 47525
26896 23907
40209 38513
5729 3286
37457 11702
26705 44019
21853 45337
40625 39322
2575 29669
35466 26115
41537 29397
27039 34478
33028 39599
27447 14204
44380 2706
32526 29200
11590 18145
42193 46303
32920 39274
24773 46851
33764 29629
34020 7204
31408 18853
21599 30848
44229 38636
23975 4171
30033 27553
12597 13393
29108 45787
22422 40147
14807 5144
33390 3532
43421 3920
33630 20895
49570 40222
5037 38717
41765 20421
36661 29687
22011 19501
4375 41368
21807 41062
14971 49124
4054 16934
16545 29939
1359 48331
955 11625
35172 15360
22501 16083
4313 5622
23950 33083
11672 29998
504 39801
37109 27251
12470 45621
40456 17571
26659 20483
647 10327
17546 45552
12305 40283
14249 17024
33353 28444
24758 27330
22795 8039
23409 9741
48777 2948
20828 29872
27701 37372
41934 47782
8374 43639
39060 751
9287 27868
5405 26109
48673 23870
35361 38821
31229 30532
45855 21411
16418 31773
16517 47817
25199 18905
37050 16543
26154 16663
35475 40933
43320 16584
34666 43216
22140 7689
39514 47112
8234 6639
32069 20641
49275 48792
38319 42534
41140 14174
11014 15907
21079 33603
5980 14641
19740 27148
44644 22844
18884 40203
15991 27665
44791 26629
13618 29810
23505 48693
26210 4565
30939 30873
48527 26863
29664 25733
9053 29791
20404 17761
4572 19477
45850 26334
22823 2278
7881 24830
7924 30006
38230 4750
6235 13817
46986 9054
22493 647
40610 4219
42641 26612
3357 41545
31158 10644
1724 13121
40632 7309
1821 17365
29201 22771
5200 186
47862 14047
41068 25544
37077 36238
26351 22602
24501 36274
28872 7001
34324 36577
16742 39427
46858 8444
44030 25924
37175 43806
23341 15806
35419 48976
7434 32929
23394 15095
16374 35150
18492 29399
22785 2679
2813 93
19789 6661
41557 49878
46658 7085
27289 14313
18734 34051
10337 45298
39342 4196
27915 4594
16018 4700
19550 32404
39614 3738
2535 7491
45534 16046
46890 42774
13034 40331
32010 5525
38777 10343
2104 29480
48129 6214
23931 11300
46274 34101
6 20868
30171 24678
38488 7393
34184 24470
43762 24394
49262 1057
48879 7191
28258 28331
33283 22400
48341 46721
30255 17306
32144 16730
3269 38197
9640 9097
17153 34405
47723 20245
39779 30602
23698 34618
37373 28771
38729 28972
605 20589
38051 6102
12788 31022
7415 8425
12752 6263
46128 40818
16712 46714
3158 31221
15041 49493
5488 14481
27187 48142
9695 49545
24427 15460
49147 6436
31484 33597
42466 13696
36678 8540
7179 7370
5842 20772
43089 30257
1449 46129
29483 30065
40644 15453
22810 627
31549 31489
17617 43966
14321 49471
48637 20911
18033 22037
21400 26338
126 15756
26592 4593
16042 23461
25569 9416
43836 6833
43934 40600
47954 23479
26971 29832
34881 33927
22478 40082
12486 9756
36351 43994
25688 9294
13423 14385
34844 41905
39441 9839
784 30898
32079 6484
36913 29227
29724 4740
9471 26315
43061 27584
35836 194
15164 47531
37151 18016
22074 45840
39865 43530
1796 45654
36958 11483
25723 19403
18481 33928
7965 40286
741 23721
15436 11959
46792 41116
32151 7594
29822 28295
33136 19856
16366 8755
13265 21800
14146 10245
42208 11257
14968 7824
36493 29657
33066 28916
24805 20621
35680 2528
33540 20480
36685 15978
47829 24825
10182 21660
14471 10029
19043 23371
41332 48165
47829 8108
4872 14949
18414 34197
14775 8091
14903 24720
14118 3051
29151 48729
2574 22869
34817 25095
10987 19030
44175 35913
5084 30060
5442 48757
15929 26311
44571 10202
34113 1588
15618 49037
25750 19572
2104 37663
38410 3446
21263 34207
14474 41947
44779 15736
20310 21515
22514 4185
46678 35759
35282 49966
16641 32253
33149 16140
1383 20106
15235 11856
49500 10796
14718 47581
8835 24955
39315 20604
46386 47997
36677 22701
25553 42933
49852 12912
2787 9126
4648 9379
47974 44933
12275 48774
12290 35387
27590 15662
29260 24845
49847 8351
34390 44859
65 48805
28147 16748
27542 22895
40918 25782
3783 33436
43796 32765
41368 40969
46171 1435
643 15480
20288 19367
16115 35286
33266 18653
36823 16613
15278 12435
33809 32394
2755 48835
14614 24966
29175 27459
19246 19089
5662 45055
14892 3178
2096 37691
40377 47052
34835 20558
14622 3462
26489 37923
37743 4472
7019 13319
34905 36888
38308 11645
16744 33263
8853 23841
21226 29802
3665 37699
1539 44628
576 16277
27543 13673
46332 3946
27908 33867
36252 38487
34774 16198
2873 38517
2865 21699
37700 35914
19797 25076
48640 42930
5674 31151
40914 49603
28595 16523
39545 39317
27602 41090
21576 13183
20887 49383
22551 23836
27792 48586
30137 31502
38072 48981
5972 46514
42437 49512
6228 18704
48303 34770
18062 20097
21141 35705
17655 38997
23710 42567
39531 17151
34082 15937
15736 40264
24907 32280
3507 39715
20427 11549
31132 16833
14669 46880
7670 33376
22241 3493
9496 13737
31547 33168
8212 45830
20893 28314
40365 3278
19588 25476
33311 19381
39031 13594
19027 23520
35666 29611
2780 1226
3262 27935
8632 28528
15243 44655
39946 42959
42545 21114
39543 46444
1091 20062
47978 41856
42088 37525
20564 38653
5851 7991
16525 36423
28840 10338
31736 26835
47573 36161
30155 5476
19156 48130
9194 15838
44025 38657
26064 49608
31474 48648
13062 46958
3154 23134
5874 487
47016 8023
42673 4834
23938 32872
39020 35879
6079 17029
34720 28993
36467 22590
2523 6990
37004 13680
38735 48030
2786 21364
23825 27871
43269 38663
1780 1092
15584 32876
11268 35479
4769 2250
30219 33928
1892 25344
28046 8715
3465 12863
9860 38346
32757 20586
15895 15456
3457 3318
16075 4153
8218 32015
5511 41901
29877 4250
29567 7082
12532 25530
32172 25027
23325 20404
17634 23861
48340 29485
37473 49799
44634 7096
30995 14072
42076 1943
37097 9838
14771 2570
25108 19134
5484 37249
34692 48054
7125 1881
42916 6007
25531 6760
17319 10987
18111 44857
27003 48866
49607 47336
33088 41014
37631 46205
32773 45390
45406 17432
38025 46640
47603 40505
38631 18988
10357 34042
9614 4796
26942 40945
48540 12311
46931 35025
14793 1681
4198 48437
17978 12220
11000 49842
28179 3478
6990 39681
48147 48991
7175 18735
22713 39967
16745 2902
48049 43635
22246 44362
5862 11059
8348 16046
8214 2280
22285 34273
43114 10175
1033 30607
45739 16859
3348 4743
19966 41902
461 7997
26740 49596
7983 8443
48373 46628
3337 47683
4369 3340
20294 10936
29776 32183
37850 5908
48015 29596
49954 29213
39891 28187
2041 33105
6457 21432
29181 44989
29603 34490
20199 27904
35398 10690
6746 27527
44265 32832
25696 28183
1966 42641
5143 11046
29781 32562
47870 5436
16627 41000
33539 6372
11453 44013
47982 12245
46531 9362
4811 14578
33139 9138
35908 19910
43936 24314
17926 37912
11683 22454
3965 32990
6904 21802
32429 1367
19013 32369
45937 26040
13451 25102
42310 2937
6789 32926
12602 28554
23763 37318
41642 8314
18036 19356
5409 40687
33117 49657
42534 19713
15935 47562
23304 25834
41385 29684
35061 2729
11331 49275
26387 34086
32071 31175
20653 38373
27335 36160
29999 7075
38917 28844
35700 18552
40089 44939
14227 9540
7680 10215
48034 16195
44433 19578
3144 17584
5849 47996
565 46789
14604 18704
2607 20091
31467 16982
3015 45095
13800 4974
6298 43024
17454 47640
19876 47984
23723 35755
48758 6818
48578 32320
35163 19182
9834 8053
23135 38133
27490 19639
4435 23591
25207 15056
45559 41929
35210 14268
43813 3519
17522 30433
44866 27829
3779 10315
38056 48243
42564 40047
22020 13064
12895 31581
48528 7256
32636 3241
4101 13563
37038 29860
7425 22310
10415 47174
19330 49477
33319 19829
23132 47053
49451 24553
31421 3932
46207 760
45354 20047
10953 3486
37456 35733
31222 4105
38957 47574
40214 20368
46691 32725
37691 26300
25458 40210
44311 13179
10428 13513
28740 21845
42198 14916
7277 41648
13220 14896
32437 45514
20585 7481
46158 33267
16679 37525
37673 42298
28792 39685
42294 7191
29496 39234
32010 14714
8125 4736
6445 8788
42903 29095
41005 40377
15193 29664
7185 34244
10751 38856
14608 29819
32090 39798
49047 49430
11374 19104
31016 2091
17032 2526
15580 31687
30340 14759
43266 22617
44092 16010
21909 15007
32281 27046
21419 20555
15945 27970
3635 17418
42836 46578
49474 17313
4243 15157
22908 30688
1546 6522
10747 42953
11433 21063
21859 33018
16611 10594
26134 30955
41467 6878
21534 25278
4062 19693
11392 46315
36163 30126
19174 14201
14660 49851
7888 38664
5067 29048
7244 14190
20298 22477
43338 39436
6195 44964
49332 14346
45301 23290
16725 29905
49682 6488
1695 25995
34440 41849
1637 30461
18522 23273
33166 24991
17716 10382
49472 42125
48235 14253
851 16267
6730 34269
43533 22997
21640 45390
47578 19657
39724 38169
34007 5492
34751 31796
8905 4186
6924 27776
20815 15024
33035 20368
37459 45841
2018 19999
19385 6057
38104 32598
28258 19679
7671 4500
16315 2507
29561 20895
4729 21783
2502 49635
10537 2963
25930 6014
32423 7140
18626 38228
36843 30273
10091 7759
11418 16810
44558 13831
24304 5853
30404 7232
23010 20789
28978 33085
21263 18557
1155 16232
18040 17203
40312 19115
2974 19367
43749 46955
45785 23231
17132 33206
38480 35980
29827 16319
33489 9904
112 29668
40775 24327
22105 2860
13230 32443
43758 14797
25578 48693
20179 43571
23910 39284
39139 23359
24074 6534
30991 20750
20549 15981
34540 38968
49886 33225
17056 37175
11805 4008
19072 24808
34075 31215
425 9712
18323 15519
28480 15400
18517 18422
37696 34371
9635 15336
31489 26337
37849 49850
9055 35928
20214 35496
33137 10710
8403 24441
43290 9163
24187 32307
13017 49949
11813 24984
43470 4136
1670 19749
38330 9185
7392 2601
16429 35391
22677 45506
21208 14722
17955 49132
44375 43736
31801 33483
28187 26921
6800 23160
28687 21047
35210 29527
22672 149
878 29152
14683 542
49700 24835
3316 14346
14885 34527
4638 49970
29948 6245
41849 15414
44877 11810
23973 22684
7852 32781
42981 26571
29059 13947
25330 23463
43642 15980
42372 47024
49451 29634
602 10952
14885 99
33558 32106
2294 24441
6349 41370
4314 14486
22778 26449
33405 12809
22265 19039
18469 36172
16869 38876
40230 46644
40366 47938
36242 6336
31095 2742
10609 45
30367 18616
36916 28663
28451 9063
28940 8743
33679 10094
6872 15695
189 48005
38141 12462
46285 13369
7054 12692
32838 11628
31569 19214
27320 31706
18013 39406
5650 30536
6333 14992
13436 17430
38710 6342
43341 27359
27964 34733
46024 14134
46945 30190
46726 34602
4857 26314
48738 11613
9836 37004
25074 34420
43230 22844
18889 14286
35344 7216
7231 219
17003 6518
24383 18926
33880 37596
13728 22740
41865 28274
4257 17831
9881 39211
44175 1282
1328 39533
32279 14116
21432 12171
37008 2548
13371 42599
10911 43342
5285 38809
4153 13129
47283 6517
8344 29915
4447 43598
34608 1770
14204 40499
32216 35572
2184 29344
8149 1688
38476 42507
46425 20119
29869 22954
1829 1483
7887 20094
25621 20515
4961 28949
33253 3993
27156 31732
463 38247
43859 34362
32440 11445
24390 3295
31332 31633
49338 997
8363 9400
29825 4922
46186 36937
38491 6501
13658 28593
20840 26397
673 41613
37095 34223
27596 14946
13637 23788
20989 45777
38196 5803
24149 13636
20314 48794
48089 4410
13052 39699
25986 23419
7866 28504
44374 13522
20432 29625
17174 36509
49114 24668
141 24965
33280 47556
40551 37262
18032 26862
24075 23388
16975 1611
1449 31108
21868 31012
47962 46546
27951 43806
16523 35260
27672 2796
9768 22892
40806 3755
17239 10936
9532 5751
7594 31802
30702 10077
45470 44727
7461 3692
42511 19752
32531 3559
25005 7613
3246 2403
12389 43219
29930 14831
35657 9771
41570 22863
45641 47272
33993 2971
10896 42182
40392 36235
24576 37339
39415 16463
7813 29844
43757 16662
13312 19432
6112 41415
25274 44380
22015 11130
27379 33094
14338 21774
43912 21873
15676 30306
35016 15827
44333 11093
3191 20675
9158 698
1064 45358
9950 3302
9018 10316
45763 11595
40622 45639
30207 38938
9841 35965
27635 16642
13999 18314
6714 43925
42164 22632
28693 5775
20910 5208
28896 3884
17218 9603
23868 40732
17877 18338
25166 28399
29369 34472
4679 27530
48456 29528
16333 30204
21535 12419
37639 9369
48759 818
2983 22207
26137 41623
5419 47458
2013 49559
24273 30438
7407 34173
32271 15930
6495 24682
46090 493
5696 45315
4348 41446
21058 33006
18026 25516
22686 14428
6267 3238
26526 10658
21789 19980
30599 2164
10711 42375
32040 33823
23860 35812
27089 5425
49188 39912
49333 13119
8686 33952
11189 14514
39238 14824
25972 4960
29532 15009
43308 12457
44240 41977
6242 27672
15215 33364
22215 26586
27828 45180
46775 19974
13388 23364
15650 14854
23321 27135
28361 24637
44902 48913
33038 30340
18361 27971
26443 34002
738 12806
25726 32614
2749 13716
23851 5656
18563 30993
48109 29052
16689 7414
43736 33910
26518 10884
46045 7650
36279 34892
5661 15660
44515 10007
2480 48841
13901 2066
38198 9653
25181 6532
39936 44325
41206 29505
31560 7984
45065 46704
33761 37301
29369 162
25207 38367
43439 34573
22168 28587
38119 30168
36715 10603
44349 16150
4828 47577
38734 15142
34482 29924
7030 47442
22037 12170
15670 20929
17126 1021
27769 22447
39061 48119
47006 44544
19061 32696
20021 7721
4798 17909
15044 1003
9986 13167
7076 25027
33589 31255
8804 27154
32694 43326
26114 25043
22733 6791
27139 38924
6656 1518
6499 22023
34642 44596
692 47224
23996 5561
49127 32000
22441 49152
32954 22566
20741 44205
34151 43477
39899 6828
1423 4526
34121 45779
37973 47713
42894 16114
19499 29309
3421 4040
23509 48178
14330 13377
22805 136
3097 8863
8413 19647
14311 15135
19496 48911
3238 33411
23291 44198
46022 16272
15114 3251
15722 24178
34527 41323
31773 23154
11153 7562
16547 46691
29889 26348
31572 43244
25288 20502
9407 28355
37207 35769
430 5289
19772 46099
16057 11183
23268 49211
17335 33123
39073 40110
26678 19266
48593 5237
3417 14108
7515 17096
28861 36264
30494 43259
42976 6120
101 693
4000 3300
12573 47046
33909 18077
20816 4142
19731 25953
30245 4730
37036 8248
19301 44871
47973 48701
35126 35739
40816 18447
15614 32465
11086 6742
38972 14827
26751 39337
31562 24860
8126 41596
40698 12449
23430 47365
13544 42406
40815 13970
5578 375
42809 2280
35454 33408
42560 25489
36762 13398
31743 10467
22940 36471
12212 27953
2552 24528
34021 20644
31578 40261
38836 22938
45352 19191
28996 42746
31664 2406
12130 25724
28398 750
37681 6576
49949 35335
19302 22506
35124 12614
31538 22304
8172 24849
23306 34438
7824 20437
6292 20381
33390 2531
48202 40339
32640 27791
27157 5864
25561 46848
8135 20194
43020 13666
19427 43701
31549 1326
20133 29367
28514 17232
27797 38378
29510 8303
27046 42712
33338 36187
1948 25225
46980 35067
3332 4663
23923 12963
431 7791
31653 14019
1736 29953
9325 21979
12780 7637
39081 9574
32130 3797
45745 28890
12035 2906
235 2907
19081 11537
38629 32476
21324 969
486 12996
23638 44621
17892 12764
46077 5040
28307 34266
26714 33631
9835 45531
7458 13985
21335 16370
24606 23743
31819 47722
7133 28565
794 25193
3296 19563
39423 22236
21701 37907
45022 36425
37454 21002
1252 49270
49947 29763
31607 13355
3273 34768
19549 10218
11241 38776
42855 18312
29196 32082
18396 48965
35495 32539
14504 36368
23542 10106
16810 2855
21907 11880
40322 35247
39076 38407
35336 18881
33393 1730
7622 40420
45081 20675
27953 44725
11132 24966
38681 22144
30525 14818
41744 20549
28480 21208
1036 18641
4573 6986
21584 16615
14012 35322
5403 31890
48695 43379
47899 3110
28851 1618
10993 20073
32893 32332
5434 12273
7526 15207
36695 32113
6534 4948
12639 8276
15346 20331
10342 11145
32011 2262
16075 36876
10595 25297
28716 32610
5774 33653
20738 48146
39623 17895
8616 22157
29817 36560
48128 15895
38885 11908
17373 13872
6051 27227
36978 12179
26278 22941
24885 7029
8122 12162
45977 19482
18125 18682
26412 13770
10770 34772
35998 35825
29073 20103
44371 31846
44113 17697
6073 26841
42479 2847
15704 24872
11764 29029
43290 22654
37699 43217
27211 22336
8978 2739
14031 22310
31943 40354
41465 15024
16217 12674
15055 22841
16876 44810
39907 9447
44362 42912
28662 23098
41077 48669
38026 40238
20401 35694
26746 29332
44487 43124
17089 16507
34161 13344
28934 15369
41681 13612
17516 11051
47211 20068
2498 9018
2784 4237
24492 4279
30081 11595
37563 39922
1952 15489
1664 28918
34430 45825
27507 41718
27517 20913
2378 1294
48868 31077
38191 16884
6726 10515
47498 6660
34371 16305
4013 49609
47928 34599
35151 335
9899 6625
32131 3306
14614 32960
42628 22559
43461 6731
1667 45397
7384 48030
21929 16267
40023 49241
35764 40511
11085 7317
28499 41922
44169 1692
5256 36309
13404 49377
46345 20357
27964 5622
27017 8967
523 18928
26538 19908
11735 22970
38623 28278
9974 45267
663 31676
31991 37434
3441 35880
41202 48917
33863 18242
21890 21764
10448 10635
31691 49704
42001 9621
13715 13795
14764 27842
19776 17424
47800 28108
38577 24779
23386 34191
17256 7488
13082 7195
38953 20932
12436 16910
7372 24523
34943 27250
12595 21737
12159 28534
10276 31822
17131 47520
39948 37516
21778 15742
31497 30304
25762 40310
48601 24477
7110 42905
6211 6593
47058 34554
44347 2893
20331 37090
24111 8628
39278 46397
11586 34626
6265 38293
31297 20996
34026 31025
6944 38669
48848 33400
37593 18422
11389 20350
24387 24574
12861 42440
33146 41711
48234 25595
44519 17785
39441 31947
10980 12371
34812 28807
18867 40709
36761 6665
6198 3207
45023 26816
4977 13598
35047 7199
41729 35214
39532 26236
40576 40828
21685 46903
43012 30699
20187 23038
23194 39979
1414 30497
36587 21509
13062 48982
25517 26218
4187 14853
3171 48262
44230 22273
3481 29872
2844 9833
28109 28501
28384 32876
16870 41650
17753 46625
3714 44805
24662 41201
38882 37732
40658 33524
44671 38263
27447 2650
49106 44359
15504 35975
1165 7223
25900 38289
46090 20486
28941 23902
24115 29872
32952 3177
38124 5930
42183 15056
7214 22178
43835 11221
16355 6572
16049 47178
48437 32205
39644 40159
11419 34118
23155 19479
8706 38355
11453 17431
43075 45999
17529 40007
44927 1463
7280 1015
26485 35564
25166 18839
43669 6404
9067 15203
30971 2264
1441 2821
47242 28712
35997 23181
12296 14132
9293 17130
49424 2137
16810 31146
15261 22207
35809 20905
17422 40098
15518 14343
35333 24996
16882 12921
261 48375
13560 25989
387 29632
30690 3762
4579 24847
42338 4811
49847 18202
11328 18999
14026 26109
31983 40676
27770 32430
49341 20264
14734 29882
36775 12347
8507 33667
10478 27784
41910 33879
15980 18665
9779 21327
33773 36958
38490 11263
9165 11536
42216 2349
31293 24374
39596 42693
32212 9848
37797 12709
39608 932
6054 41057
50 34957
11789 35122
5347 32744
14610 23935
49316 48798
45539 48514
27577 15753
40934 31152
31590 43099
15009 33014
34573 16177
12832 34405
10630 48539
9263 39694
25420 44749
905 46268
2938 16697
43776 35184
5203 48316
20650 37263
36876 46898
42074 8351
36031 28064
3366 30951
23146 47781
18035 1297
14550 49876
41267 21793
26704 24543
45037 2552
269 666
26659 8779
5351 6464
44298 3358
518 14124
9395 25602
43267 45561
21551 19793
48297 42926
37740 48568
26789 48158
20857 945
36099 33791
34085 10183
20362 38945
7062 47377
17947 23605
3571 38957
26202 36486
44541 39783
23295 42769
49752 35417
25554 20023
44133 37414
5942 44641
49818 4808
24240 47881
10597 11804
48140 44143
4689 43802
10725 1727
34000 24023
39868 15498
26419 30768
5964 45960
43571 47283
45588 31564
12914 46475
46449 30762
5889 46634
44 41941
29550 32081
35714 8332
42219 23442
49074 23638
26099 18639
42340 35442
21031 6730
19958 18042
11389 49437
32374 46010
39857 3602
42538 32487
9952 43421
19446 48750
46914 1628
22877 19648
6980 28494
42858 325
42166 32120
33026 24112
553 4096
14401 23076
26203 18200
37643 47650
25237 45076
18255 21256
11451 13983
29580 41301
24883 13495
1443 24496
13 15680
41301 33631
44103 9826
49511 19894
34981 26197
22829 17109
38590 13685
11119 45297
45247 44702
25642 36016
44631 36033
13166 38
13756 38152
33328 48018
19045 13551
33537 23671
26215 22973
10245 42784
34639 35734
26468 7994
21136 9292
6649 20524
24705 21153
38668 38417
36900 10298
7001 45327
836 14538
40082 28419
3820 34586
16635 23336
35300 17580
24979 38217
14535 18750
1666 7344
47454 29777
30829 47939
43249 37902
36379 10890
18164 2587
12009 41356
20191 18742
36191 10605
27328 16629
11332 23882
42948 49306
25169 12144
38295 44615
43864 10805
49529 29416
41369 5102
7777 818
49199 41981
34873 21333
5902 33564
5186 46868
14815 16188
37941 39838
10152 29567
19935 9241
7541 25235
7991 33487
22167 34414
1011 47744
16674 48150
6483 9608
49124 26140
8597 20059
12901 5786
27517 45411
49321 47250
12324 16416
35835 46762
44082 10710
33850 12689
32624 45871
46449 1734
35272 40799
26041 13479
34968 19641
28891 974
6798 4468
11724 21176
10022 16301
21856 44215
32169 47280
44162 7268
47318 45387
24004 33620
41274 34392
22162 21737
17366 3117
21459 12223
4462 48374
34171 41160
5547 41829
46600 25836
23414 44896
48014 31794
39584 17799
43067 18104
47471 2616
28756 27776
33581 9629
47511 34038
43253 41746
47519 29382
394 25591
41224 16525
31323 47594
27346 7101
6894 27449
2349 42043
41238 142
26797 24597
48882 36950
36913 22468
28813 28144
23733 19432
31544 6131
38051 39403
44289 30588
25025 45592
25544 31373
41001 402
7334 7797
15661 18095
6776 26719
16409 29419
44376 18777
45952 3164
16235 15002
47700 31929
5928 29125
38145 27371
3329 14240
36555 9254
6240 44308
12651 11945
10350 19780
20290 13784
12913 23678
10533 47603
27787 30707
47212 13276
22656 9896
12681 12781
21093 17473
36648 41836
6457 23041
25002 18167
1871 10748
33098 37156
45270 24194
47877 46723
39751 15250
26692 36788
30895 41293
34448 38077
47416 28911
42968 30299
6796 26811
17788 43754
21111 25263
44707 14231
33864 17992
16083 5646
37634 32543
22220 3388
30827 45441
24104 41744
47882 2719
21101 4551
6246 49679
34762 34963
34566 8215
21664 19304
1385 37383
17152 49988
48006 20192
21721 41851
26843 10938
23144 47199
18673 12436
9085 21496
39754 33490
26428 9500
46938 16857
34495 13513
33109 12698
8270 21615
17955 43336
32481 43887
6402 46900
21371 42593
37383 11762
8506 25120
47730 7584
41068 9086
49243 26570
671 37717
21725 23969
17075 12423
36526 23396
28520 7560
11656 46510
15365 28524
40655 5223
26742 47853
5212 31528
16875 38557
2662 27384
23605 31311
31627 33405
16873 3393
17176 16038
18783 36952
10963 25330
29975 34187
36310 36569
24250 8658
51 40422
6869 21721
48597 39646
3581 31910
38832 11467
44708 22428
19448 37769
47466 20948
44475 33327
11455 33367
12940 1334
41127 30770
8262 34670
14497 44748
43 49189
12606 24553
31098 6198
36092 27669
6049 4646
6681 41238
974 3386
31287 26016
6941 47768
25533 959
42844 27921
37278 35925
47405 21514
31608 36403
6722 40217
15314 37799
39062 32333
35374 36314
14673 39317
1051 16442
6797 9869
11089 40477
8286 46780
3852 30730
26717 38329
35823 38135
2015 22229
28703 46905
19836 35336
42497 23139
28508 29095
43930 46983
22107 12843
39607 2758
25210 8965
49955 39343
38139 5435
24870 30683
16493 40902
42169 4759
19934 44831
38167 833
48991 17936
21737 26023
20448 14398
46184 49228
18438 4078
31231 18813
28428 29952
36050 34076
41920 30550
5623 9140
39885 1779
39597 48046
5241 16846
7791 49220
22211 35134
48028 12050
25615 42322
8155 36155
18261 9744
6766 16178
49006 49364
24267 14622
38540 18740
27310 38816
32152 25768
38999 41879
667 47960
40209 34548
6949 5104
18318 46047
38901 42701
37891 48004
48428 29616
13151 12127
9208 39335
26443 24053
38035 44077
37576 41364
4564 17136
6789 40828
18517 37860
12450 21481
3840 35998
15615 36955
1126 36502
7147 42788
39208 6462
48035 31700
7961 42137
42291 12234
40199 18381
11076 14277
35779 43447
30048 39960
25180 36383
40787 26078
12272 49261
6383 35632
31460 9860
26962 9296
21195 39850
5256 201
41027 33971
11257 24367
43897 29025
7015 7259
42879 40399
8132 38998
44444 6973
40201 21670
17032 8483
21675 25780
34055 33714
48448 42460
33499 19483
18505 34957
10905 31204
9128 30805
17227 12604
30023 20451
33428 26900
3197 35585
29642 19435
13672 37714
29993 17794
10009 1182
15190 8324
49271 33828
23415 25430
14466 47726
246 43950
1400 1611
10623 43651
3979 30348
45575 141
21161 49976
38326 43527
7196 42970
46661 24964
1684 36161
47301 40882
45779 42991
46729 15232
47438 30821
7939 18562
43989 38174
41597 11891
8629 21810
16358 20443
43042 28558
40657 37022
7523 24486
38569 14222
46439 22637
28472 5763
6997 7450
17447 46120
27056 20041
11447 33278
4368 24355
35605 27275
934 14274
6791 38005
39632 48868
1058 9705
44461 11186
33935 38630
18405 5365
37919 18505
37483 3710
3750 41706
40585 26670
27812 17606
2845 3392
12028 40426
36053 27523
4831 5419
45047 44683
5972 20186
31095 44705
33759 15320
29573 24329
9303 14749
8061 44052
28787 39315
36136 13775
35378 31853
46952 42702
23568 12769
32325 48747
32244 1831
2465 26100
11402 39779
26963 13138
17902 4541
2015 13230
41962 40106
24198 7482
47012 44233
38518 18572
11512 44638
32567 9663
5137 22736
2311 18507
11029 41003
38766 19570
18622 11504
33522 37737
46034 17858
49174 15842
42399 49454
37654 4157
43005 35177
44276 14247
37910 3175
9499 1043
21484 46435
5713 13980
27365 35935
29283 4903
5668 20780
38954 48657
41927 40666
29362 21089
31788 48619
39812 9933
317 32214
38603 1986
1023 49601
46101 12929
10106 8368
12752 12321
27510 45793
14211 3164
2752 6408
24828 35939
38019 44107
25718 5937
42373 48877
11223 11030
22525 41649
44575 22141
35233 40834
37379 39166
3957 1081
49322 33683
2538 48666
13827 34851
35484 13488
46556 13514
49943 35287
40565 1546
44418 12983
5396 22667
29175 28606
26206 4129
2488 12248
7051 45881
25821 45968
10512 29746
37213 37310
46375 16154
12369 49869
42449 41505
12017 18286
8406 12080
4089 27163
16316 14050
47959 27578
37301 39372
7752 4528
23629 4410
35213 19546
22006 45999
16213 25540
27914 20813
15971 2586
21132 9289
22696 26346
27337 4643
39749 33759
48492 8290
38206 8455
15346 3039
46759 4577
12477 12921
38682 25739
43374 6204
35703 6800
37043 20958
13986 44855
34728 38831
25416 6643
23155 43723
49889 32698
43221 37966
13433 4681
39865 40875
28055 20033
29854 49330
44377 13146
45155 16170
26318 18366
11643 25922
25322 45612
1397 6847
13350 38274
14674 21431
9520 7674
39714 12706
4027 18586
4749 16014
45954 3588
16969 23744
43631 10323
30265 45417
3564 27273
10261 45422
14451 24932
12346 8979
39425 27555
29167 25901
37659 20728
38662 10909
44275 12015
39845 48767
15041 27930
29952 21120
4179 47695
2639 29931
24750 23237
11827 20648
47350 23467
23163 48249
9494 23448
42656 21914
24812 18669
16562 38281
933 2024
20211 10706
11258 20748
40831 5023
23959 46702
49337 40256
32019 5081
4430 48931
11722 35140
31452 5521
43297 14674
13408 9073
26899 30997
48252 43100
2814 9684
28724 14634
37073 8076
40704 28346
43920 32027
27099 28826
3084 39541
23324 36823
11854 31792
35898 44528
28644 6912
4452 24986
46667 39679
9773 24368
44031 7506
4210 1689
27352 28441
28640 39573
28340 24968
48127 3529
17646 12492
45104 11552
23143 23617
30341 7008
31919 23749
35798 7246
33127 44890
21225 3120
19526 49519
15874 564
33790 48560
5183 32270
18538 2768
6042 11406
19423 38840
1245 15164
36933 21807
41177 3965
2978 22942
25477 13226
7249 11550
21516 19703
6294 37953
8477 38400
40189 32204
38482 27518
30154 17271
15462 1879
22182 34226
655 23023
15266 6573
11 46833
12260 15202
12386 36543
6279 20727
13147 109
20563 71
40526 49289
19233 44364
6109 31123
41632 37142
35600 13378
43090 10395
48831 47093
22201 23312
22025 7737
25947 20744
15909 45698
12365 32318
21879 41487
588 28746
17785 1925
1675 19125
18819 32443
18261 47514
46398 45335
3347 1131
3293 16360
35032 34728
33169 22098
5333 39808
9315 41068
30219 6262
49494 24120
31733 26429
18702 34371
46709 251
37463 10767
49913 18092
24903 3654
49355 18963
11804 28788
23202 3236
45787 14044
10810 24627
21499 20623
38187 31194
19629 24454
1838 9211
14758 4976
10716 19724
47443 29496
43834 29793
49937 30157
4111 33323
36341 13161
38443 15964
7006 44408
1501 7582
27422 7244
25876 1646
1087 14009
34500 31656
33894 31175
6573 13552
10144 1507
5653 11691
26337 7970
49607 19881
21889 41987
9627 20638
49810 15428
21461 2038
44828 45808
43915 17123
12971 6193
3168 20238
15133 46408
8222 15101
45863 45465
16185 14319
21614 36867
4253 14645
9911 11566
5422 30474
37995 14282
30535 14777
2666 1742
903 45320
40715 31759
8977 9290
41618 41654
52 24348
28708 38123
39665 11801
48938 27283
17428 42832
23368 4765
37872 11585
14825 34110
12510 6834
26199 8826
5333 24827
0 25612
6285 41292
23923 30922
6658 27958
48733 27209
35530 27287
36661 7537
44138 13999
3214 45103
3759 46216
28923 14270
6818 19007
5577 25182
43839 22982
49697 859
43129 25782
38322 29039
37172 47501
32751 21903
19240 30063
28175 28370
36674 40832
26208 1684
5100 16737
29455 967
27612 24786
48166 17002
16290 17421
18548 46757
44444 26541
38797 34884
42667 37196
7803 28050
10413 15830
20769 13390
15065 15122
43124 45585
47764 26605
38807 25405
23161 44374
42267 2909
32595 24412
10471 26950
37163 46700
44221 44109
27366 43507
38678 49103
8912 27561
3755 3591
45511 40193
48482 13777
25227 46118
29696 19598
43524 36637
34172 16703
30122 18893
36691 21280
43380 519
19819 33208
45452 16820
34826 35783
18798 12587
10325 36476
4267 34660
44091 46667
8232 36801
47937 17140
5726 20749
20698 25855
45516 38467
10112 8082
1504 42872
35557 29201
20338 30436
23947 46629
14841 1334
36503 22944
31973 10577
17780 20430
11202 42469
6594 5239
43779 27591
19848 7411
14175 15780
9707 41498
27772 39622
37185 28041
26853 22872
28406 15541
3575 46976
40581 37147
24896 11661
2598 1601
32738 20174
33008 233
13976 11583
45258 49521
28415 2525
15641 14038
18038 1991
15167 1079
3910 13351
45922 5617
19617 22189
6000 26620
7388 30970
14258 47373
46237 29830
1011 47282
39065 39692
39168 27386
3428 11748
48623 19402
12595 9835
43470 9046
6858 24392
14166 7750
35147 27675
3730 46550
7539 5689
43094 7967
27064 49251
36753 48623
11879 34051
23146 27669
25812 17290
29960 44810
12301 13321
47595 37895
6283 44361
20573 21851
45024 5732
43885 11706
15826 24394
37754 3139
7383 36997
15941 9576
7205 29887
45924 14906
45941 31273
34462 29704
44297 34801
6056 16902
16408 12544
2075 24858
19104 13302
35064 14172
1543 42252
45761 24479
28438 22367
9669 35319
42233 25808
4790 16656
46964 30761
35153 8001
6148 2771
2037 42897
25404 34554
11975 34204
13160 19900
23391 29227
34401 6417
24980 49023
13049 14049
44298 25969
9802 32755
24334 46736
5455 30520
7446 4354
9679 40612
36323 5171
20261 45037
18333 49135
40056 25971
32806 5819
27741 45210
22153 5442
27455 38686
8017 28804
10125 17284
22700 15981
3062 46167
3968 49962
27230 3903
27105 47854
37981 43553
23541 43885
35152 536
10142 9367
45819 41925
18243 5823
13393 25220
9638 3499
36166 34578
17670 6942
11264 30995
4963 48198
15716 36476
19130 5587
7683 31412
36110 20676
5587 37072
28157 9389
34541 13251
29367 4689
1322 7375
37140 24013
36328 9690
45137 40816
40171 45417
27027 10445
31805 21514
39707 16661
20302 47425
31055 23589
38990 24908
16420 31001
18442 35188
1886 16858
49064 22980
4757 41462
20950 34378
5156 25885
31323 25685
45551 11480
33213 25622
496 2323
15781 23016
26576 20338
25183 16362
22105 18853
24597 28545
37959 23313
34939 41903
24015 22397
20274 46818
35767 46246
47746 40113
45387 43042
38468 19031
16161 41940
39768 17645
10748 7376
36418 49314
33561 38355
29367 39215
32637 3601
10234 9740
17153 48402
28631 6529
2078 11185
47518 1782
3047 32604
46478 45310
48656 29207
14853 19650
3972 12087
3527 21402
23926 33610
23653 30437
5119 1893
30446 32671
25128 42804
7947 44601
8707 35520
7212 37916
27418 44021
2206 26015
24949 34264
11879 14870
39502 28472
40939 26221
43952 25045
33601 48891
31779 18147
17589 33766
38876 4398
8072 21994
12386 5070
44920 3101
15459 16016
541 22553
49722 42068
35988 21075
36045 932
8213 10561
34994 44525
34290 4120
20069 37669
8351 35246
17362 32368
35860 11821
15327 36305
25374 48918
7283 23098
47335 12567
29883 24189
5563 31143
11765 8357
43998 34351
31715 18879
30356 41664
43669 41549
40081 34043
28673 37953
10451 43553
43555 5678
47700 38206
15665 3802
48666 48634
26864 47148
47943 43098
33660 12599
23141 45198
25299 23618
46313 3168
6950 28505
2002 20527
25966 25256
34895 48933
2331 46218
25724 35513
29690 7046
43369 42169
18985 1728
5880 22144
15409 41928
45649 10793
11975 27830
10997 28562
25557 15377
32842 29069
3635 21838
4596 33679
39992 24878
11594 15430
30887 18814
14731 41701
38974 49846
6698 29059
21920 38813
26054 12959
32253 22583
37069 2304
20113 9286
35542 45149
34422 40085
26180 32220
38055 45872
26141 5260
46328 16452
28354 7983
32449 35824
39646 19746
2577 29077
17604 27455
24093 39187
19088 46674
11654 14668
46205 39076
39436 39390
16962 44186
16021 42483
40516 41645
22689 24312
3488 15511
38296 24447
20865 42098
15939 17905
16058 272
26363 33717
820 49110
21270 14430
29257 24528
25006 33040
31644 43272
44286 26887
37379 30350
24570 43335
49095 46204
42985 10910
37238 30809
46003 7433
37373 22686
34877 25986
5362 17489
41206 10892
29655 7744
6848 32937
15502 2302
21482 22791
281 10304
22675 23592
44975 3072
29295 12168
10286 36084
16420 2325
28547 18230
36238 34172
22718 10944
5956 15276
19921 47182
31988 5008
20901 38626
22077 25654
42482 32684
3473 48281
5342 43803
29214 34298
14663 20587
43074 2314
37747 41636
21924 9230
18017 47528
43267 23756
5823 47031
22733 31489
15357 21493
28303 17909
15919 28964
6434 13796
38035 22735
5716 41711
22116 10613
22839 10315
6270 36042
6142 40828
22819 319
44437 18861
9891 20141
28283 8896
25951 39476
13725 11457
23714 16323
30715 26858
1606 29975
14212 4492
6623 47490
21419 6510
7707 33761
11844 6841
6956 14226
49834 16857
45802 6996
22798 4829
6638 14611
39446 39456
13312 1941
6307 19310
36340 8325
41377 47109
6489 3088
24750 38106
45771 16416
41375 38148
15184 9261
30717 10289
44187 23258
16230 36971
16619 27984
47776 16283
32122 10866
33579 41830
32188 20554
25175 10889
22414 3783
33580 21590
44715 10160
37056 42966
30787 36862
6572 49716
5321 15101
26674 48621
21631 5448
29637 21107
16303 29338
15581 16804
19024 3150
21614 30048
33306 14667
47925 35135
17569 22676
14014 49342
29454 49279
7713 27542
19604 18693
34250 32035
11666 6888
25287 33961
28060 34666
19581 1824
20687 40134
23119 22896
28361 16624
25515 5652
38177 26725
13082 27845
18080 49552
32957 24586
7600 9131
1523 16619
47257 35410
1024 18706
47130 37957
41281 9783
34852 34049
12271 106
37669 34145
8803 11100
21950 26635
15301 13096
46163 49905
31911 5572
46219 30376
19046 31098
935 3528
38743 31535
38270 35008
20044 36912
12297 28985
37604 21196
20049 40988
4356 43361
14296 16670
6115 14677
28639 27565
11017 34278
44777 31730
3917 37048
540 47009
19225 24112
28086 20607
7476 45179
15204 40787
21952 48351
41585 40349
2422 33145
36655 21397
8512 3350
28897 10678
26439 41216
48603 17954
21523 9966
8199 10212
5379 25258
35163 34216
41291 45983
35731 31685
26651 978
6741 13853
31212 45123
5289 29033
19346 47282
49875 34998
34511 36712
41049 42902
32521 12060
32448 45342
5267 46809
31983 18260
12427 30355
40572 44427
15021 10988
14836 10270
41732 9686
31235 29683
8077 18749
14523 14256
25522 47632
29624 44419
41509 7772
28394 26021
1848 19780
26796 29994
34121 21236
28966 40271
998 44428
22523 20693
36806 45938
23122 30134
30335 38370
35919 18823
29153 49495
3731 28237
20475 35529
15326 48127
43749 4743
32221 40804
28051 21650
41039 25186
24807 32834
19991 1422
31246 17752
29780 46208
5151 6378
21096 22182
29629 2248
17882 24166
30607 17235
15005 42204
32674 10137
39532 16017
2196 27419
304 37078
18043 8769
47084 29681
32189 30293
27673 14284
1570 2743
13320 42537
33017 21737
6536 19635
20143 22148
45785 5314
16010 30161
37058 16720
9556 7848
39723 35616
41641 30571
30699 3673
42915 6090
12231 10164
13847 14494
43944 22525
21593 32087
11005 33347
49314 6130
6708 9317
18949 8822
24645 22396
23278 41734
3842 24802
28035 48
2999 31058
47061 17950
37085 29518
33571 9453
37146 19296
28089 12896
2266 30078
39563 17838
20823 24461
12233 45378
15183 4691
32351 21422
40445 29374
49869 32716
27177 14466
18101 3104
40855 34112
47435 20999
15097 13773
45374 8058
33299 7592
4763 25338
26536 47230
17367 35464
1987 37060
31831 9200
1773 1126
12699 32587
9733 13720
34285 22821
12740 36635
20836 31269
9896 7492
29207 4287
130 3406
37564 22394
45442 16884
11932 7343
5332 43373
19735 9987
26119 34709
19703 37953
32403 13654
51 32789
44312 48855
36162 6761
14096 38552
11006 33338
11247 46406
40815 33433
22901 45212
43008 12880
46697 39794
17083 47589
6823 1
8714 47991
19265 13165
5245 37045
15539 46841
15141 26613
17964 49577
18533 17675
14585 49609
21309 23421
41451 21521
28741 12102
32606 31439
14907 47492
47021 36303
31934 40580
46449 49553
34485 46979
7672 19379
47387 42377
1691 4953
30151 38153
41886 7123
35501 40292
32166 30673
11013 34826
12503 1593
18538 18018
34610 32396
42076 39200
17265 7230
23516 5374
25615 42445
46176 20679
42648 35799
48157 46308
46590 28046
5930 47486
25852 24474
4052 16366
37467 210
9938 47149
45757 13037
8870 2403
44091 24677
40312 26772
29649 32308
3260 11018
40309 43660
22925 34753
4234 22672
9782 18326
9246 20841
44859 46853
20050 2597
12087 31265
27100 35070
7786 20626
11533 37234
23584 34689
748 7072
43640 24420
9005 31674
47376 21028
48366 8966
19962 18493
28889 32851
17980 42465
7436 27889
32875 12034
9549 8246
15869 43980
31940 7922
47334 12685
33116 13535
49001 17807
41246 4329
11104 1707
1465 41408
27320 5538
26835 17555
5772 38733
29530 18161
12255 20694
18833 30978
20068 49780
30274 14519
18190 12809
9818 19466
19381 2757
14223 19406
5272 45579
12755 48189
36737 28645
4669 28084
35482 44028
41865 27394
29002 49437
44624 4108
1806 7479
24257 24473
21027 24779
41386 2120
36547 21535
48363 39502
10578 4455
3338 25765
29816 17393
35629 43364
44972 30241
14607 31422
41608 18529
6112 6356
34575 14018
29916 712
28359 6795
19071 35964
47744 46857
19835 14552
20299 2809
4082 20847
49969 4110
37856 41286
9249 41789
9234 32167
36212 46797
30365 12764
42113 24870
36093 21502
17990 34341
13174 14169
9425 29573
42073 45381
1728 43389
24926 13658
27775 30168
5517 17076
1364 44724
16384 33282
1189 22170
6118 48825
21657 7093
9058 47445
27426 46292
21452 12113
13863 24650
42273 21216
3583 37301
17156 49493
16994 47691
25968 1847
24686 42512
6764 15355
21920 35516
13254 37214
42188 36391
1057 17827
48029 3576
30175 10081
8514 13240
10200 49483
48749 8587
34179 10768
33184 1920
12787 36598
3277 17230
18706 4499
9194 31329
15971 38336
13507 40207
10732 9087
45875 33473
16100 12312
25826 19179
27779 9587
29408 3432
30419 8318
3717 5922
35540 33628
31506 2674
35810 5799
24651 35551
49604 34670
4162 20553
19240 20400
16606 48352
32977 18468
11034 47493
37333 28307
25387 21741
2600 3054
38765 30573
10086 46355
45889 4005
19607 2488
15058 43147
48157 14973
32843 31544
5935 8953
25018 9019
25359 6865
41016 11628
29540 25108
9258 13241
6165 46237
822 29163
19490 18796
24525 26041
48876 24584
3470 7447
33820 18822
34907 24327
7422 49208
10888 19560
31807 30572
28561 48841
10281 2193
4300 9274
11224 37983
43178 1733
28408 12244
33478 35374
36120 24796
1282 32707
35031 17945
35973 7920
46853 43365
40342 19113
6117 5583
14985 11453
31483 33852
49037 9651
29244 24602
35332 19420
24625 1245
18249 43414
407 35948
35737 2115
43009 49674
3564 2116
45871 31870
11197 29440
30806 33648
41890 43501
38712 36023
6824 48798
26000 1977
30460 14398
12933 19504
36055 7667
37827 49040
33126 1092
16561 24131
41044 23048
39975 20802
40518 4382
37001 37286
21293 18384
45233 10954
9914 19564
44735 7871
49920 9262
6925 31285
49754 48956
25674 29592
28201 18939
41663 4136
5669 7315
7720 45339
34930 47306
46987 39229
34099 3323
9932 26064
31911 35669
10394 36173
23450 22991
7584 11549
9645 41346
42891 7046
8521 27576
27198 33977
36065 35333
33758 44692
578 3292
27938 41467
45982 7536
26060 4658
8257 22121
7681 18031
20865 27253
28081 24928
47733 11337
19908 20794
41497 11769
49086 40643
8149 6015
882 31005
883 34091
6647 9597
8762 41464
45864 10573
19496 46236
20704 38673
4221 34674
17913 11376
46457 17204
46268 31513
34083 14492
32040 41526
44793 20784
3116 13832
4027 4130
6207 26293
21554 23920
48574 39136
1311 11623
17267 4361
22699 3336
37515 31531
44065 4448
31858 27147
22565 26264
32773 22721
28221 37399
18474 26509
16549 8949
43093 12362
18784 3869
44681 11891
49661 40945
36561 37895
35378 41748
39252 30520
6810 9298
45000 5342
744 22612
10873 48507
41217 18049
43464 40108
25393 23923
25043 32275
1119 34634
10880 1936
13965 33416
20486 8616
22494 44714
10839 29369
49404 45482
39556 9083
48755 15859
17120 49603
11309 35892
33834 20517
23893 26344
8107 20328
44455 18693
39748 23121
996 15824
37497 37777
43511 17085
413 22440
26388 20464
14014 17596
42756 12227
5508 22080
10886 32645
10003 3901
47437 9120
3110 49454
18933 42988
3079 5839
48097 22967
7094 24604
28854 35980
6447 19495
45775 48193
41962 25485
15592 34624
7379 33917
25069 40986
25421 3804
40282 49292
20203 11278
49529 16574
6211 40048
18277 9772
6349 12934
31567 12425
29310 47412
17805 40684
33964 9742
41983 38217
43326 43237
19048 6805
30969 6462
20496 49794
16274 23987
45048 43502
32350 28479
21130 11788
23473 47169
2623 19554
44392 29298
17843 27548
8037 3474
40315 18756
3981 40915
30276 15780
27117 42899
32912 26806
10122 45307
23672 20872
32304 44527
11988 12433
15787 4640
21475 18601
44094 32122
41463 4800
21071 1492
39793 1553
37784 9533
43320 49358
16352 45579
10819 27700
27886 44137
35319 28485
15131 3012
3691 20751
7537 12603
29364 11179
46518 45128
563 15426
40214 23386
1516 21160
22278 26225
264 39292
48271 22342
9199 19777
27836 18442
46296 29783
22201 48064
26844 27557
12490 29204
38161 41454
2768 9278
16816 9665
9766 6008
47168 49713
16317 27441
36509 22607
27001 43460
12638 22997
37837 26180
39633 7834
47882 3478
32963 1055
2264 23622
19316 43808
13390 47395
37063 24802
41562 45128
37346 39991
38400 29306
48107 2681
4434 20902
33879 39560
49044 46780
26869 18240
7248 30583
40619 42369
15683 23853
19079 13974
5350 14821
45475 46741
46758 1497
1964 37181
9581 1271
38181 31796
17952 39745
6586 40152
14785 28644
24974 6404
13065 35862
25999 36396
23639 15790
75 15574
38263 11071
48005 25944
10783 29254
14794 29884
48070 16562
34562 37917
37568 37497
10524 35467
2933 153
7539 22825
19849 22649
42343 19886
32771 41059
33083 25444
37632 9878
41154 30043
15430 46588
31088 20957
46776 47294
13286 19835
42726 3014
14731 27410
34187 2354
40847 22308
15655 28570
23445 45204
39138 2114
44552 20382
32546 22532
12501 3256
7947 1719
46750 49828
19536 28276
7016 45195
7767 44614
1499 13405
42957 49352
42435 26903
8491 31814
35306 14564
32706 16792
20311 35036
22749 47465
28365 9309
44476 25917
37887 26617
49239 29572
47254 47464
9854 38361
23576 39654
42120 13389
30143 4859
25998 24680
13029 43874
24017 28458
47311 40696
105 24326
20042 44628
29989 47309
28846 39186
24915 31035
24945 26505
38588 13945
20413 16786
805 41682
22474 29343
14789 40025
31825 45433
30655 38897
16758 4694
23046 15539
33232 10104
45448 47247
6657 28022
11032 14069
46615 39575
24183 805
41254 19401
3733 49064
40709 46540
36868 12774
22846 8619
15410 23019
3139 23339
20786 10802
15234 16319
11459 40262
4362 45425
49232 7972
27075 14554
31437 16989
39899 23137
43233 9787
23672 3951
8552 34209
1891 6718
839 48
11768 48033
28408 17671
7546 10074
26674 16270
20484 45027
25442 14741
16127 24008
9415 3545
10846 46778
5788 20929
15069 25763
47263 9038
7763 38947
44981 30452
42546 8986
27106 1276
42954 11362
29470 11339
23069 44516
48178 18823
7984 1356
42473 12311
9093 46268
49605 17302
23126 17057
36254 25976
10905 45901
2720 20156
36958 509
48077 44407
17036 24851
42152 46390
21813 45325
41754 26414
47221 41787
24757 29845
29311 34720
19393 13885
41722 47156
30000 43766
32232 8128
40216 27940
11847 15026
48664 8116
18579 8874
19695 24400
5776 37093
20299 48707
14292 32024
11617 13562
10405 49682
41500 43509
18099 4544
8473 28875
2044 14038
13621 5830
46439 9576
30265 48696
48454 18862
43123 16365
36787 37413
19370 47322
19984 1306
37928 36850
22222 14547
7373 35462
10640 4751
46556 35529
18620 40778
45563 23517
29323 20400
16497 1943
34539 2116
6619 28679
17749 12215
21413 5278
34219 24959
47465 25892
36626 20255
7738 25530
34083 23413
19356 29144
22639 41690
44468 9918
45567 36051
30533 20990
36593 2842
1819 26754
15337 21518
1050 19929
8028 23606
44353 29141
3658 27772
46671 4558
31850 41181
35336 3470
19721 17367
31427 39804
10632 30987
6335 35741
26580 42262
48648 504
47359 49788
43921 46758
47427 7441
2447 36452
27541 6339
43008 39494
24820 22329
13814 15371
30647 7524
8510 41459
45143 38621
11141 20392
6468 5919
5708 46138
30667 26238
27718 24555
27426 5051
19646 2826
14106 41774
10391 14152
752 38704
27335 42781
41639 10314
12437 12185
16407 22898
22232 36023
16271 44974
12183 25830
17617 9747
27266 48003
38344 48212
3242 32888
35540 32954
46528 1741
48158 22861
18547 1632
45601 29134
48884 39696
34736 29847
6275 17075
29671 23976
39588 37540
18557 10271
21901 34434
25727 33988
9883 17296
28384 18008
6037 44948
38198 22265
49101 3885
37927 30246
43415 9985
320 6573
13348 39836
1732 31516
28422 11338
8889 12463
35398 43545
14154 33220
29264 13012
7998 13533
27126 5261
24267 32344
28145 43268
2947 35664
5498 48162
38540 49348
5999 4860
34518 26962
14349 32348
5353 18042
34783 22742
6673 12281
45922 1184
4573 37073
48783 24522
12838 40242
12918 25171
9362 47133
1815 23420
8909 33402
17084 27930
17540 39131
29432 56
5758 43979
15239 9724
31932 42591
8892 28908
28477 29173
5400 3080
36644 21645
20618 38868
41819 25068
37864 539
18231 35319
26301 5511
5830 42107
795 18486
1009 13736
16923 40083
9638 47309
6884 9668
46232 15942
21447 28086
1200 13121
11030 49821
14286 17401
1649 39053
23223 2108
18079 31575
605 21531
818 42373
41714 8795
23303 13193
7024 31986
25970 30651
41666 940
9122 42459
9946 1238
20046 49207
23735 12494
41387 6097
42302 34896
111 27539
12479 43909
25157 29311
47101 2771
79 40799
42001 37151
41491 25253
45418 22603
42164 26529
30785 42617
39299 34979
23177 33627
8854 4214
44572 37580
48307 731
30482 22028
39550 11058
13156 22104
4479 36754
49234 4420
22384 6427
17898 47360
12607 10173
40988 34192
1735 4057
2102 17979
18538 21717
45970 3756
4039 19689
23376 43066
18810 3419
39454 41934
39870 31297
5094 45280
41469 39885
24135 10019
42849 31816
7033 11660
18076 19595
7640 34827
48499 43642
3857 11747
366 47524
42613 48668
3291 8853
8851 26103
14200 5122
3312 32302
41179 4033
28851 49664
39703 19163
20497 15134
37668 11884
41527 14427
28358 11641
15776 6915
36280 3940
6065 42809
38441 27433
28787 47893
12568 24214
20008 31847
3592 14895
19957 35325
41607 1345
15145 24403
48633 11469
44048 21235
47719 1097
2821 43703
18929 5359
30896 3617
42484 45100
39321 11792
32082 5503
16347 13062
9937 20408
38413 49914
43938 35698
49142 26117
14429 32154
46963 44135
11606 31611
31309 14084
28529 47006
49026 20190
33835 17423
19911 36026
16738 41489
6634 7047
11035 2949
42413 29318
4027 733
47792 5466
17639 6299
46933 42843
19487 14198
26019 35788
43393 28260
41212 49781
45351 10190
33608 21220
41917 41435
21829 23935
31117 10146
12328 28423
12250 45618
13159 3324
6461 10258
43581 14473
10448 13743
46829 46261
2979 22677
17880 35268
22839 46707
32676 29952
14177 11609
10365 24721
25332 10604
14827 2856
6095 26003
4730 21912
35030 42257
9376 35743
5823 16102
13386 40432
33697 13727
8187 12427
35759 4422
32716 23097
26035 13078
8751 4502
5352 47714
21425 3106
19636 16762
41287 1215
30801 1271
45443 48056
46052 2255
6285 46082
12178 6658
49887 26887
46744 31276
39431 12358
30767 49881
32124 28806
22007 21348
39961 36398
38120 29827
17861 6208
16984 27765
44271 46834
6181 9268
27005 22227
12739 33621
15745 3369
9452 5372
7011 48923
2341 44176
20015 40350
37991 15729
1852 38388
44935 30103
21709 28085
44694 25719
28485 45036
31822 14961
46800 48870
45062 41174
39446 9030
43899 19429
16804 6627
10153 28612
5669 21524
43335 29817
43142 3980
22928 40709
16818 23113
49699 33576
28557 26397
172 21188
6608 28020
20567 32082
3190 9285
31460 33457
7663 32563
41704 41669
11731 41552
42625 37307
740 6318
37997 5526
37089 20198
37277 14099
17404 38683
5412 36279
26 47251
30846 7325
7649 821
12256 26390
43013 30435
27464 23481
40156 37414
24953 30581
38435 35706
27131 40721
17882 35253
16755 21701
48314 14209
8188 37859
37844 22458
31018 38419
17327 24990
1237 17662
10000 44685
39106 10127
17330 17654
46200 12991
27247 8148
3216 48578
43746 33804
45444 23455
1179 36755
18279 3659
13167 35751
40660 327
15576 49833
4409 30866
43033 20726
46724 12147
34026 28534
38617 42958
23327 27840
7798 19311
9619 39815
3894 9583
10681 6117
18947 13612
47270 49182
23634 45658
3760 5726
45143 23947
28214 39242
33097 7638
45875 39178
31657 41666
5957 31002
34366 28155
27322 38176
48759 28690
27417 47915
26022 47489
28350 46343
43065 10767
47163 2923
7266 25090
9778 10270
25573 35568
24512 36591
42062 34832
21151 14615
2357 18719
8144 6867
44040 31997
38080 42548
22992 37239
27958 19572
17063 25591
36905 5467
39651 42647
7518 45883
14892 46708
12981 13195
18486 15434
43405 19424
34722 11899
34862 923
37423 48084
48427 20665
17239 34251
20439 11656
12824 40472
40778 21642
6768 21033
28373 14832
20210 34688
35006 37114
41571 9414
34355 3937
23743 4191
34975 17219
7381 43786
40487 47985
47867 42633
16551 36446
20538 45886
22192 48432
19163 23893
46675 12662
48223 17112
24256 23194
12530 37168
814 17002
39882 32033
2080 10582
22829 19585
48509 353
10220 49586
20411 15458
39643 49670
42685 46490
17902 37168
21796 4990
9065 13856
43217 35427
6422 34649
32144 5988
31924 34108
15404 33140
8259 36814
9577 35397
500 27840
27581 5238
7256 24896
21370 9725
37688 19638
21295 37932
42177 20357
21019 26423
39146 23647
30878 8626
19325 40908
10876 7757
35396 5058
8212 5823
34396 6955
11365 11113
15643 9797
20904 46473
30396 43138
12153 26198
43645 49809
13973 36921
10465 26857
46318 16135
28340 29486
3025 12219
26460 32513
14485 16515
24393 46696
15281 3786
38417 39176
14474 4894
30125 18735
5719 18656
40608 22390
21776 32381
32216 40675
28302 27509
31643 46323
18269 39314
48921 24663
33015 40290
29720 33159
42911 22438
44612 49339
23233 12355
38645 13802
27529 25704
40655 40232
10236 34595
34758 39527
28095 29457
32853 35238
7613 47935
39870 231
47157 30514
10495 32808
44361 37233
45202 1599
46073 38252
37570 1457
32502 47701
31238 43960
16927 13381
26993 47067
24343 12903
45902 43449
11746 43310
38706 28895
5264 26879
20584 11338
38089 11858
20066 11034
46908 44626
32214 31142
42143 35451
40419 30012
42713 43537
13025 12621
39553 25795
28044 20979
14433 27525
27782 7959
16100 48972
2282 37005
10297 3236
12051 2134
8825 19377
16717 18997
9628 41548
36227 8111
19436 4095
39507 34077
31075 2491
48972 2992
23327 34596
39510 7324
1662 29750
49288 30638
45426 29050
48755 2475
21349 3615
10736 46326
2340 26521
3078 11268
8766 48630
1621 4152
8571 4785
5442 42967
13815 34116
28539 31888
45060 39747
2238 12389
32068 1950
21173 42985
49428 33010
6121 26491
37126 6790
10633 28140
22752 32816
2848 11522
2450 6424
4496 22667
43179 26315
38058 19130
40681 3553
36425 32317
38433 29998
33263 31576
12203 22384
6253 13847
35276 41466
30253 35364
35929 31678
31784 39831
9572 14827
21853 42859
43026 32209
17027 17941
39087 30428
43990 49916
40609 37468
22822 18599
38200 19931
31317 34177
45069 32766
30951 36807
43513 7434
11901 1347
39427 32678
42074 13556
36023 21971
36583 7808
46118 36147
48625 45989
13432 16344
24142 32357
4673 4879
43556 33289
24000 11444
23414 37302
19860 47154
8737 30297
32162 9598
22830 20556
37170 13269
20679 47310
38773 36480
40270 18989
32740 8481
24146 36546
10142 47094
19629 5625
34866 12368
38812 19509
5193 12107
28229 3167
14488 42712
15368 5005
10140 697
34659 23727
16006 37900
27382 11687
11522 36076
36407 1424
18532 35554
25595 18574
22927 25741
19751 1280
22531 37915
46372 24902
31813 43039
16138 385
15955 6224
37164 42619
45433 19511
2037 20587
42706 43849
33156 34871
37893 17179
30746 11620
18238 30341
13075 37745
15896 38376
42670 27365
11892 28687
28882 47386
27231 22646
26179 38032
46792 11408
11877 49909
14518 4940
44714 39384
22706 28998
34430 13504
45123 48347
28069 49181
46408 38833
5398 28651
12010 22207
36477 18043
26519 45987
1842 45643
35899 10823
31861 45743
11858 3354
49507 37816
13420 19535
14022 17131
19917 25223
24645 30219
36967 2200
41129 34894
30498 42234
19313 36750
30211 44936
44032 31190
47559 483
21465 31920
4190 28918
27845 5020
31535 48232
45189 17793
20811 21139
45630 17151
24054 12985
39318 38350
21137 48468
27834 10366
47403 49380
48254 48068
29281 9918
35609 18703
16193 49157
32247 10881
47983 34709
1473 41871
44234 11415
32659 30848
48200 9226
42298 25443
27206 49747
29088 30483
18788 37488
8050 28900
32594 22566
39255 4261
41278 35948
34287 9257
3679 41421
43983 10468
2442 11295
48981 6589
21472 11319
45552 48574
13577 25443
28616 15996
31781 3269
34547 17851
41260 23899
3371 23907
31116 23610
30440 8465
12317 7219
14325 15440
8726 36621
23236 30959
18337 17151
45228 49442
39301 4773
26370 47302
19245 45129
32818 22124
35842 49500
35999 23441
9097 16010
27733 40180
24730 26958
22354 48078
6889 1552
22376 29081
32122 18824
18775 35100
11955 47527
32632 41465
46224 11606
24682 44017
3646 14942
19477 19248
23583 35709
10394 22377
48158 984
18196 26380
25939 7333
40340 38068
36342 13854
25874 35097
39136 8961
5124 10238
34643 26640
49340 17623
5322 23313
32582 41411
32377 39218
36305 9357
41563 31834
40685 20894
1382 6682
12478 27414
9973 2573
4884 24940
16843 30566
37968 34777
322 14084
65 32815
42420 5646
7176 20500
33741 33752
40844 1726
43063 2117
37366 39213
19695 10829
44742 38310
25092 45505
3665 10831
36557 24158
36012 13801
38729 19104
19394 6821
11103 22739
858 31074
22165 3803
38828 8607
38749 32792
38172 24242
17757 11113
35410 49958
24454 10709
42288 34394
44492 23069
20830 20113
36866 3967
28017 23890
5847 21913
13135 10202
20476 33713
28377 38141
22579 1584
27199 44623
41143 21862
17356 5131
45506 37178
1854 1797
10570 3979
4164 26063
17928 39147
33003 48170
29612 34319
23129 36133
1443 41899
19035 10028
36064 24132
17611 34630
16308 10962
22922 44701
26451 17241
22071 34265
1604 25289
3259 9837
10298 23024
28289 18765
3467 7501
49701 45117
27284 26688
24850 29936
29940 36309
17014 45662
37545 18484
37612 2353
24960 7865
49459 36284
35003 25708
22489 21269
17461 14881
34622 8108
49424 21533
4796 31045
27470 47189
44653 43308
42215 27134
40376 175
34988 7587
7199 43747
19920 36205
14264 42134
17698 382
42296 3148
13995 49568
26477 22583
46980 41612
44290 28339
37952 13595
43697 28959
37089 18532
39136 10178
45620 42841
17759 35624
48065 11395
31999 9248
22619 495
32731 38110
20034 15753
22862 32776
39043 8839
2533 43000
41320 4015
35610 46023
179 10340
2528 42662
36456 11113
42834 22123
17432 21059
16184 35342
27110 13777
42510 20703
10433 48150
46228 131
23181 5027
22400 21691
36462 41037
2259 37190
32934 10386
21159 44315
43138 23086
46257 13229
34602 27265
17161 6208
11775 823
15842 48880
41848 37370
41855 36332
30712 15224
21882 14406
30497 25174
31333 22328
27773 18715
41753 30006
26562 23298
1835 16510
34478 30515
40852 46655
11395 10051
527 45964
38370 49479
15058 35379
15567 17514
12257 21987
22990 20513
26657 12323
13701 16107
44214 49285
14152 13850
3280 9328
28837 32143
21210 9940
38504 41276
39767 5549
7248 6360
48938 6087
1971 13143
4905 41731
3769 27874
45643 49006
13097 18175
12582 2021
43651 17290
4066 22110
10561 16050
32147 46415
8015 20358
43205 8491
31778 37473
40271 32875
35140 46028
34934 16434
15989 45972
2338 36528
12926 39163
1061 22105
15030 27520
6850 24565
8747 47967
14335 16381
34640 17725
40932 6939
1571 31586
18730 49618
24919 5392
12646 32464
14663 20693
4379 21640
1585 37270
39569 47643
43991 27840
35574 18946
7804 22395
6250 36637
10935 29395
18168 34876
1828 31925
47364 43106
48605 29535
3067 25727
23219 32287
6736 17733
41804 26814
9520 25530
34330 29160
3394 44537
42600 35790
46393 22432
6025 48382
24944 42891
18128 42721
11915 20779
40766 44351
35133 12635
24172 48603
16361 28168
33927 20294
33633 10829
8003 20882
36717 11937
6843 10929
21613 45849
30602 25532
49061 35860
41360 43283
3116 26520
21578 35029
39433 20110
36605 34054
15942 23584
12571 40149
9508 49537
12855 8671
12122 18301
18862 24308
15719 32384
48689 9104
25667 16724
9625 27936
22829 15295
46224 10760
45239 34586
18429 28696
24871 15170
22894 39850
5969 38614
4435 49420
9707 21127
11748 47354
5364 9625
10038 43462
15999 9990
40970 14351
49385 30545
20746 22391
880 13357
20545 45589
38749 16181
34540 45251
15294 8638
39603 29488
4659 29916
28882 34413
832 37158
43584 31862
13475 7070
11486 20881
29323 12369
30265 8936
5366 10826
4495 27421
44624 26800
19683 40184
45696 14559
49751 8270
3551 43118
180 8481
45949 23234
37313 17144
21795 48278
33344 28266
24644 47899
18399 18026
86 15092
6221 6989
37313 767
6606 22650
40922 13259
22282 34652
16049 14718
38495 7336
11816 34387
44411 31894
11639 37008
20049 20579
28298 21259
25147 23771
20847 9650
7331 30027
36435 10387
27947 31026
44957 41704
49635 2187
17747 7268
8747 3343
29942 49921
14531 1381
4809 11060
4957 2009
44031 10081
47477 16145
17789 16466
9349 41140
37956 33949
21547 44283
23957 13457
12446 23978
22696 19698
48601 36828
13970 33120
17157 28153
9879 4875
9067 24237
39348 7329
38343 36966
38265 19766
41838 7467
32501 8428
40434 40903
25670 1176
15374 5898
9544 23781
19688 46819
40415 25881
37778 40017
44361 1138
6187 8692
45186 44658
10930 18610
22526 3918
23885 49609
33181 44319
1721 17536
8965 16361
21844 29261
46201 3127
14360 23012
27305 46141
12380 37160
23472 49159
45257 16668
13876 34074
39880 12345
36074 38605
30149 31165
48538 20889
36336 39488
9697 36126
35187 26168
14987 23150
4288 11176
13737 29165
3100 29858
43934 19184
21859 33302
48941 33739
28894 13696
28212 541
44490 24085
4355 49592
37486 24307
20561 20835
7795 31233
46959 19468
47363 42979
13299 12343
19621 34735
13738 39353
16266 13415
33817 42608
15665 29822
46137 22652
49183 41926
2877 47568
45033 20053
25968 25991
15184 16125
24530 18121
17612 34794
6228 27669
44489 48936
3575 12100
46796 33070
14357 17028
9370 8577
33149 33405
23702 49238
15486 5089
38663 8876
29891 24208
48528 7458
28464 43493
7726 42134
27346 17086
31551 41691
8831 30929
8987 31498
15732 23604
49412 16949
22442 43694
37735 37152
41902 8964
24656 46649
12441 37867
25565 37400
11835 28842
10926 33384
5968 38204
43678 33918
28835 44178
36776 28182
32905 18479
17537 33
12046 6470
25209 10257
10905 46294
33353 15514
881 45596
26282 10970
10190 30422
35156 43230
11281 1639
15211 29306
17256 12468
30710 16586
11304 16245
49552 41988
14958 7045
48597 27347
4816 14401
42307 23304
48655 2590
41574 33882
27257 39342
48712 26223
27115 29076
43485 20301
20573 43628
9657 39992
45917 26576
32804 37797
623 2500
1766 7824
11165 21903
13214 37723
124 18285
21978 16018
38836 46764
32901 32474
8047 38526
10731 32583
42498 4888
36400 1605
31194 18822
1393 23959
39204 38069
11229 34884
18653 39356
2634 7175
34133 33640
48929 39470
39698 31184
26794 12084
16853 22095
7008 9302
7938 32546
21932 11101
4812 16477
44454 5610
31516 4406
7662 33412
24367 20378
10287 9275
46114 29843
31107 40697
41097 32625
47229 12015
13419 27901
4424 6323
49650 28553
36172 24445
14313 22104
20066 47948
14871 23063
24407 34655
22190 27908
11495 9089
8926 44682
37887 16510
20232 15
14438 28399
13819 20288
24491 31809
39061 13295
45620 23092
40572 47970
23072 41395
27150 3080
38005 33772
1842 18828
48074 45955
14933 21985
1929 23591
35918 17072
45634 11310
42165 49533
12790 5021
10634 43254
16576 43764
22500 10384
8458 20602
18072 49044
1183 26885
32932 42647
6031 39264
23648 35272
41503 29179
37688 44483
6457 15162
33401 3593
1159 6159
35088 18299
18953 13115
9875 17773
43271 39976
10849 25314
38109 2836
9348 25460
38021 16476
41135 16667
24849 34509
33713 7770
13608 43110
38974 21210
22028 11757
49466 11795
1900 42068
3789 34833
40500 20245
11422 12715
13045 35975
17956 17940
41025 34619
10333 1754
1410 43461
2431 47971
2950 17862
34849 10295
38893 2119
31987 44345
49529 10860
22419 45865
31932 31789
41562 34432
31277 42901
15162 14139
48465 48409
34103 14766
21036 33593
31199 27971
3802 31436
27270 1273
32807 23092
16314 29826
1686 6748
8881 19340
7155 46601
12838 9510
1668 9754
7763 19143
3067 27937
47945 4918
12800 25134
45520 26919
3193 47137
48592 40463
43473 38947
7040 17402
30824 30948
42678 8595
47879 43678
31217 15871
26382 3852
25494 5913
23058 4005
13838 38327
8059 28838
39138 34605
21550 10498
43267 24778
43515 38880
1694 32195
20393 27314
15667 29831
37588 49557
38181 14005
11476 43351
20370 33158
26450 8071
8424 3135
4557 11640
42976 41771
14470 21513
35738 23753
20258 2844
44329 30277
21940 33079
19437 1547
31229 15495
2109 13525
11110 38793
27186 15786
15106 39105
3960 35280
33325 44026
43200 7622
4778 29267
37193 10148
17111 12138
44997 21348
13918 30500
27566 12498
49911 23171
188 47703
11245 5210
7842 5282
28462 17740
29070 21202
38127 10409
5884 49154
20021 27462
48332 879
25685 7296
33986 21190
8604 26844
37121 26495
24270 5294
27332 41984
27123 5309
40566 1564
27091 48119
30998 1917
44310 34646
16713 38923
4669 2031
396 10016
47445 31080
36558 16511
21031 33880
25336 1788
3100 31860
18417 11990
15956 43447
21270 824
10672 40025
43721 41986
16292 1594
45649 12473
48022 13501
1263 6816
9221 23156
27684 47701
35894 32698
19398 859
18444 8120
19942 6932
42103 35925
21003 39246
37332 29592
20750 48449
40767 35421
29162 20112
25184 24838
17025 37133
25328 26647
35864 36069
1678 46266
39033 46899
38188 44082
10273 15333
14526 43354
32469 18590
42261 17701
40778 35412
15823 10332
33890 25519
5771 27552
26428 5421
20403 22572
39249 49478
17282 40703
4417 34502
12750 26626
16666 30186
43485 27666
18189 32824
8062 14499
17679 25043
44889 26433
23231 41539
45089 15742
27614 9261
2781 37490
7580 30912
41355 6802
30571 16216
24405 26773
22355 20800
13215 39849
41896 17366
14788 26785
10944 13341
12125 46451
23914 40597
44148 716
10521 6475
38462 29250
23013 46151
4668 7600
1755 3469
4174 6432
48058 5778
2951 6005
41024 1163
4101 4276
48676 25593
21205 17396
38519 9665
43812 11150
29803 18610
44829 24832
7042 21210
2859 31237
10812 19209
34992 17259
40655 5767
31953 36742
38113 49139
6439 43176
17047 12073
34252 31630
41624 48335
43317 29359
4474 32384
12148 28005
36944 34034
24492 28069
33807 41681
26698 8371
43238 6355
49873 30624
40202 48006
20400 40729
11849 45914
43157 13902
1605 93
31885 29518
2597 42149
22464 38499
1683 2480
17413 9511
21874 25449
22307 9350
14227 24450
409 38184
43348 42280
45240 25849
15188 44326
21848 22881
41681 40863
15149 45454
24153 1187
40313 49916
28301 10016
30830 27866
5605 37170
38504 32871
13125 11409
44766 12714
48375 41793
49697 16400
3732 18738
3699 11589
4083 9579
16394 7827
40087 39827
46981 12168
25404 47037
46036 44837
32510 49318
30846 5495
37077 36653
13437 14466
46665 3501
34215 3495
11630 20693
28461 43631
13127 37976
17541 855
791 8444
23996 28167
19793 9940
36016 14325
38378 6150
35542 6272
554 7194
46374 41726
29812 44652
40797 44641
9253 33395
46488 9901
33383 4274
10864 28902
17813 8603
18651 3762
47222 18907
43208 18182
44019 7557
32753 24773
18822 31090
27040 2885
17157 11045
40970 5575
41493 31962
686 30728
18181 8060
44102 25571
40951 23162
24153 26928
15648 46433
25592 38074
17169 14654
21134 39205
46768 31272
15290 39705
3831 49510
48315 27300
41567 28976
10234 10493
8919 48486
26401 13222
15831 14145
21612 29983
20529 10496
10597 5683
38958 49729
46830 13691
41812 2384
35487 23377
3042 40239
48734 32583
47167 32470
47660 11852
2971 43915
29874 30219
29268 5652
46696 4197
21093 16455
30962 4593
33438 33101
34342 2862
6937 19967
10545 27399
279 16219
9104 10868
33046 45654
35348 40673
34413 13942
36975 24531
34473 894
25234 38459
49250 21868
26732 5060
14256 10987
9093 31426
36510 20108
560 28304
9874 4125
5842 17163
5240 8698
20953 2480
16776 35983
24703 15030
38846 33722
48037 15804
25764 41148
4615 12696
17605 34758
41460 10988
14175 30111
20577 27688
27457 44997
24598 17422
41433 26015
17257 13641
18992 15373
37623 14874
42365 40397
4457 31978
11882 17688
30019 28130
43910 6077
14416 9416
38331 49535
22954 29848
15668 20458
6913 8366
10406 36698
22012 25812
43017 13410
43517 45961
43386 45823
43104 41225
2125 37894
36717 6876
21024 3580
13580 33455
12960 36268
32362 5329
41264 40253
39265 8386
29388 40241
16113 20033
45521 28990
14340 9900
10703 20208
14673 26211
29372 47827
22593 24024
5646 5138
28557 29674
24925 19321
6207 3384
1222 38163
32211 23703
31135 30214
24599 27878
31943 33447
44795 28602
42377 30651
18557 35716
37943 18348
17559 43226
40400 3908
1874 20919
307 42189
12350 12877
1786 28324
11333 24215
9273 15464
39464 48846
7931 17144
4237 31989
17393 32537
30707 34990
39137 34143
3728 31653
27641 4072
44036 43230
47451 39425
5615 36936
21558 26017
41915 26178
46626 16384
25367 31063
3561 21818
1139 38579
35772 41282
26946 22399
40129 14366
2351 37540
49177 23308
45902 28377
2421 49980
34672 26917
4396 46798
978 36088
30696 36397
21127 33475
20820 21842
10973 45648
47645 49983
5119 24582
12286 10446
38926 41745
1814 12063
42106 5207
38356 42382
3203 18409
11814 40338
14419 5352
46348 5511
30106 15783
19265 45710
7974 32282
9436 10238
31428 39227
30498 21046
4696 45879
28308 22003
5529 30607
25538 17797
17576 45290
28514 5554
12929 25513
44073 35607
16320 13269
15563 6617
27732 9142
12942 27441
5685 24136
49352 18096
47761 25523
7292 2705
6062 33281
30694 27347
1792 40360
38560 14219
14065 30425
6034 36968
27564 22190
17028 13067
46644 10352
39830 47269
43936 36473
1320 3173
4889 20965
9022 22005
19339 41710
9692 6054
24961 41847
43659 25425
7606 45151
4150 11442
6167 27525
14907 21394
8640 5812
29556 1368
44219 17245
5996 44748
12896 9055
739 11533
37096 27024
310 24725
38081 44229
9019 7955
5796 26299
46694 21633
21402 32218
32610 48287
17856 18022
14435 20006
40593 116
7376 26692
38417 5524
9908 20921
28704 24699
5135 36430
2018 23927
18850 48660
48408 11017
14371 31181
43546 35063
8161 11825
20318 30083
42419 41700
33348 48573
39663 19576
14766 49521
3859 24863
9504 38049
35317 9515
10629 3550
23193 26399
11967 40703
11350 33700
45699 40901
38375 6196
38153 44424
25117 16269
35362 26955
9179 36432
49236 25748
4188 13370
14245 20482
49031 12642
33972 35366
3978 41977
17970 28446
44336 49061
41214 43667
44596 8883
33239 20955
1466 27844
46303 20689
29413 10860
49146 5941
39556 10181
21892 2428
875 23169
41631 8330
7119 36135
17115 15286
42097 4192
37371 35405
3524 31266
49819 16775
881 45287
13636 46132
5526 27791
39463 11125
38350 37852
23329 8516
13330 49655
1620 49672
14359 44319
6024 42176
33255 22097
37770 7368
42213 28252
24232 19553
32433 27261
17881 28607
22798 31627
15586 24368
18703 36936
40162 40731
15435 24517
2526 3211
35528 1760
27155 33320
1771 29678
27802 40487
35760 39805
48745 25956
27231 28075
4329 26828
25730 36517
5001 8410
26252 48951
16381 46613
15834 14209
9913 27760
48144 38319
36858 28840
488 35686
40119 28746
21343 16996
33860 9932
46819 4246
48436 41339
42339 45680
34600 10275
564 12901
48411 4507
7771 5888
8138 29519
8470 8252
2246 19650
30814 48261
44858 33849
48030 6508
28447 43775
39279 16444
30286 39272
46049 3203
6999 13668
1385 12284
23623 42679
5739 3547
33642 8570
28025 37303
26970 35656
19965 29603
16823 43869
19902 18443
48672 15014
35622 47272
36513 393
32979 42288
31623 25333
39487 16600
8966 4781
20923 27089
26866 42731
29927 47335
44989 7763
21273 11385
42982 26878
839 45035
7282 44602
10186 545
17381 38786
25502 14541
45729 31137
44542 17741
49536 41445
4270 20768
2242 30723
10008 37829
29398 18442
20153 4256
15894 33503
24147 21779
19989 33198
14750 12809
15515 30318
38658 42092
39073 4443
28904 3000
15196 24036
41184 22539
27741 19269
14821 37017
28882 16480
4242 20087
41540 24904
19899 22023
47016 26992
23843 9643
15637 33393
43475 47111
29201 21695
5419 16225
628 43532
27052 22590
3231 28406
16948 13582
15882 270
27324 41687
16532 2901
11280 13924
37598 8321
48756 15210
44113 34167
48195 47476
14767 29870
336 478
26025 2147
32645 16608
35459 33303
28537 9143
20146 18229
22915 17853
12893 37396
15944 47374
17801 38707
20050 14453
7591 15923
46213 34005
29919 36239
25525 32271
30219 38528
472 40350
33622 17715
33191 47214
31408 26855
26350 36442
36641 48242
48198 42403
20663 7995
45526 7345
25027 722
1701 40182
12539 2534
12719 21550
33950 12191
33882 1802
34078 36122
16930 4032
41490 35744
25817 6597
26093 40404
27789 35987
18256 15248
903 46542
22833 42536
18518 2003
1415 47641
34022 7078
28085 26867
31671 18870
17061 6994
26159 22068
45754 48029
18220 10237
2613 12563
46489 7447
44007 12157
11810 2373
49901 3561
31403 19407
45113 22362
15872 11646
21188 16994
38780 30951
27878 10694
29516 38799
24358 8910
16754 38220
19729 10199
40237 19356
31711 28729
49332 13435
1296 2341
18364 3270
23861 13199
44022 46184
10587 35617
16805 1092
39412 38523
37947 41615
10963 1197
10696 39459
31834 33838
34587 37706
17445 48533
32252 21135
19399 21923
47146 24058
10816 33753
23834 43027
18596 15122
25205 22156
15166 42562
39897 35578
10875 12221
26056 30949
36383 41297
36426 21240
42286 25879
26321 35918
18429 19774
27094 29154
20179 9466
15424 94
39831 20562
26354 34345
2118 3926
10996 28915
35148 33106
26760 28079
44475 33271
32232 40776
34913 3816
39958 48487
42609 41779
20448 20091
37879 46953
7425 22943
30835 24512
20482 38900
42655 27261
16535 40815
15706 39276
32991 19375
46754 40395
23424 15445
12126 4888
9496 43571
34160 17164
34106 40807
49589 49567
47141 21123
6129 3562
300 17109
9673 27771
12224 27789
43154 27602
21536 3610
872 16736
37898 23038
25522 3869
43623 49578
17441 42584
28954 7004
26486 46113
13050 41145
47014 12378
31971 44965
44052 21980
37794 30331
18402 40531
40045 18247
1574 606
16218 42355
44764 49600
22374 49493
5973 31388
33776 26322
40158 13999
12814 37291
13733 40443
17921 15755
153 11410
19169 22223
35961 48137
22088 15884
8422 31607
37695 23330
26484 6304
26888 16253
44428 11168
17603 3816
38922 18930
24138 43538
46549 31622
46264 4346
32822 46861
36707 31680
45834 48470
32476 38452
14359 48673
40196 22762
13289 12731
7976 13578
12243 47436
33894 38616
46512 18050
25277 14726
9469 46186
41346 14802
26222 32656
14200 46289
43014 18442
14681 29533
12356 9600
31460 22833
13313 42180
13423 14633
26016 35986
7613 11046
37944 26497
23338 13567
18390 12171
38169 35740
14701 22573
1311 7576
17624 35988
39363 3689
29577 46181
12734 36380
19077 4605
26451 44056
13292 7216
3506 4229
23003 20535
26555 4952
29994 17480
13174 17643
47488 5369
37917 36215
27320 4288
37507 34491
41930 41073
26805 26519
37988 14355
20940 42598
28993 38124
14382 28522
11457 48467
5584 12021
2226 39156
20382 3744
37742 34911
28574 28981
23215 30542
8671 14408
26611 20309
32567 26649
23287 38377
36852 36747
48778 9320
7430 22652
48515 21451
22656 7588
15062 2176
39732 30060
15760 35046
48209 21087
15809 41900
32218 39080
27958 14963
277 20571
9567 6510
47581 344
26109 16486
43672 24442
21968 16657
15070 30812
7103 43012
36609 45086
48621 10310
32186 1432
35364 49414
17792 12394
40950 42192
20996 6361
42137 38394
24151 23873
32627 49174
37949 29186
1853 29232
39875 24445
5171 41847
25545 43830
6599 28353
15400 34985
42423 38205
3918 31738
11049 40180
35204 3922
8138 12352
16580 19648
26936 45923
47961 10278
3646 49813
8632 41030
26094 22869
28172 32126
46033 42480
1245 34689
3995 49607
33247 27650
5967 41411
3225 38317
18546 47973
25848 40537
19747 15225
23418 27070
14269 27938
21656 22049
36579 35829
34310 5286
13089 40289
25797 28951
31028 49247
17765 48348
30157 14057
34859 5059
22439 38975
11393 26019
2790 6240
5098 38060
22862 32627
49442 36199
18369 5721
33658 20975
46130 24304
3917 22013
12843 18547
25547 1581
19961 32301
11492 18970
13130 45690
32838 18563
49951 37718
29900 14586
29495 29057
38156 48383
13914 48495
16360 28945
1253 46242
17455 39229
27684 5898
23481 1619
8088 24528
13666 39938
34809 16331
9228 20246
16660 27772
30259 14289
5011 6751
19006 17537
32216 39679
17463 27275
33679 14810
36702 39176
37797 5673
15933 32318
27948 46922
35517 16212
7230 27574
35051 36478
32468 22127
12823 48857
47391 25377
4578 37277
36112 30674
49636 1086
26990 26613
3008 20919
9606 15738
40682 6964
25752 33289
19502 2358
41423 38826
33859 4842
11693 3941
30412 32045
40449 14186
48797 39226
23349 42712
49846 48381
16291 30253
17359 15012
4012 20742
3393 5824
2530 37301
43603 18992
4167 23041
16591 41572
42183 31814
3079 25269
14799 47678
20074 40411
42326 48135
35790 47699
1581 9367
15795 3989
2887 19913
26051 47783
48205 7763
19548 43360
9470 2421
39662 19288
33804 39651
38841 35695
3452 33559
44456 32803
18842 17978
35679 49391
22784 47986
45897 9337
40716 55
12849 11262
45132 3261
40790 36247
23130 9057
33916 33834
15935 7018
10143 49063
32259 19426
45317 28444
31270 30747
2116 37422
30896 7039
15429 16965
49736 4885
37915 32828
332 25349
2131 33114
4380 33382
7158 44805
16811 20024
3063 36961
20734 6626
23962 2873
6207 39637
15319 519
49982 26954
22423 28716
23852 1396
31409 21312
45514 17442
17531 24196
24422 43141
18180 38178
6455 37998
47375 12717
8916 20335
37735 19731
7996 29164
31327 37145
31152 12287
37304 4757
18647 23346
24360 49821
35050 5556
16379 24941
49483 5756
1009 20777
33482 31806
31231 42113
1524 8441
12815 45889
9581 9465
20920 1013
38965 25949
35261 24492
46774 15716
35716 38356
13317 8259
20069 1119
40222 10475
37989 35536
47346 34248
17046 629
42572 25764
22063 42789
12005 37521
34762 31316
29447 48666
11605 46201
5286 35866
13682 48310
41031 20847
35486 5767
8195 32877
15708 38685
14958 44810
32845 8843
20556 4602
29467 13335
5993 23919
25131 22288
11950 30499
36638 43169
37302 26876
41596 23400
25932 34098
3021 13229
4671 3339
26501 32041
38624 24597
41886 20640
36410 10255
4312 280
34365 10783
1121 28176
48468 40349
48120 49612
40183 39348
37376 6365
31027 28839
34911 36955
31727 43803
37603 10296
14190 26684
8521 4828
2352 39378
29418 32106
22368 12400
7989 28113
20364 25162
42013 23561
48628 14740
4225 3130
40276 23051
48983 2656
46429 44306
28558 6495
49588 11283
29154 28441
30029 36289
46418 25907
28930 38968
10085 4392
38866 43015
44087 40245
23758 44574
6617 29428
23191 43928
24870 23891
40705 38968
1804 46438
21083 3588
13522 45053
35598 38819
25014 17767
20461 36648
31233 430
29593 6887
31239 28582
4181 9476
28824 28363
5539 41819
34911 33590
45882 129
31796 14016
8940 12591
26930 35037
1882 28356
12874 49061
14898 39424
42280 37813
725 3107
13056 25307
41794 35643
9084 24856
21602 35618
29512 13045
17000 3507
12876 4691
35741 44450
49149 33244
21896 20031
33707 5304
40947 3361
13119 29793
40613 49111
10918 7534
7898 36573
34634 24942
8230 47275
16282 30497
20993 43787
14665 40693
16228 43726
8327 48694
46984 30286
1015 29782
25225 44193
3994 4584
42959 38404
39510 35861
47673 34863
23233 1360
41213 9701
32816 15365
11466 16712
38667 29899
6666 17351
41394 20572
18385 4489
24511 9877
25704 39745
48037 38041
36692 45458
12582 49306
39378 35414
39104 11405
35219 21524
28516 15718
17545 7843
21926 9037
19222 2878
10642 33351
27176 22290
48937 29788
45357 22869
19509 8283
36755 6889
32880 20936
16280 29495
31527 10097
20146 24139
29870 22995
1001 35741
17868 1954
20933 32291
6088 7657
18179 15031
38461 20728
23578 48318
25860 3539
29330 49401
42450 24315
42240 31000
37500 14409
17762 22603
25574 42100
5600 25038
4804 9942
11698 25853
41931 46429
25253 34995
15720 27832
2586 46343
3759 43440
5662 29250
32011 37305
18336 22597
23753 6754
45401 30515
24572 36069
47467 8542
2896 27045
18600 48620
32777 23286
21959 47093
1801 20975
35132 45117
45523 29606
46160 15662
15842 48002
47479 5017
31637 31757
22830 4124
37813 27249
27900 22145
33276 23794
20207 37761
2711 32832
39664 39252
43158 2367
12297 4449
20996 12974
38909 17418
17928 19568
43808 5773
22722 27045
11871 19812
3016 21238
4392 337
31266 48406
40645 5449
3924 17516
4135 28844
19429 48513
27435 29800
10586 30055
32859 12148
9463 11353
23495 10504
27597 49600
24039 47717
35617 37765
32616 42068
20867 44316
49700 26588
30836 29191
27844 23011
46118 3969
43327 23843
21804 37276
44415 24134
48275 6828
33523 6779
5010 48805
13336 29548
30329 17853
34747 1088
11993 4086
26936 42677
3728 2510
13953 12231
8576 34106
30849 37410
26427 20245
33350 27419
12026 9358
3881 47368
17724 6327
27154 8869
46505 44875
28733 11754
34472 42275
15674 41294
13611 49386
32904 26322
32589 10287
37421 35552
45186 12574
40217 42489
1631 1897
28776 45176
11146 23036
23482 26591
43250 2883
23655 22716
8952 24528
45505 42117
45068 5669
41969 19088
5776 48133
15303 35843
49487 35332
20115 10267
24901 36862
24185 11967
47552 33343
34606 41391
26277 9230
14874 44778
18208 13138
17217 48176
45405 16132
25564 20391
37580 38815
44283 48684
17860 29195
41530 44368
16629 38185
28824 6703
17144 21996
49779 1607
5964 27184
3404 3932
43373 40731
19545 42767
43326 1944
30156 15743
25104 25385
4611 25577
16359 48203
17039 35395
48352 20956
17343 2462
46741 35806
40009 22452
17660 18887
12254 4155
9935 40207
42486 42766
16519 49353
5270 32229
18581 45805
9709 30878
22537 23112
41061 47087
40213 16845
17903 4578
45212 19498
16108 13146
48669 33452
23757 40210
9429 42957
41436 32961
26338 37373
22919 41668
48896 34842
4893 36158
31660 39999
35329 15935
15457 11539
24770 32020
8485 25605
17682 4027
8284 12508
23375 21874
28250 40185
16143 26751
18172 9524
10223 11157
6161 38919
27794 28263
33858 1724
20198 11370
8531 22744
23194 38158
20711 41606
23639 34262
42353 44563
10489 49206
3403 43737
34861 15520
33292 19261
17660 47130
316 49732
43065 32688
27304 164
47609 15795
18262 33553
19360 21963
22171 29129
14921 34176
2949 6329
20026 19493
1810 24522
41807 33129
32426 29802
29283 8800
45529 2617
43143 24990
19714 46237
8259 19800
23651 6027
19116 28484
48580 1789
4948 44686
28171 21698
13340 17706
13198 30878
29089 13042
41808 35048
22887 30579
38280 39504
21993 36559
5898 38553
45138 49294
35406 31308
1731 40319
32935 28452
49109 41203
23328 7236
49814 2346
181 14201
45018 30878
43426 2885
45262 1083
13104 49139
26632 20221
20137 25024
32879 44270
6114 10890
28998 49357
6291 32635
4142 48556
32731 16134
7857 30350
16953 433
37769 23375
28618 5140
6555 15876
46309 16216
21439 39152
20563 14023
47728 11599
1697 19612
24534 39931
46894 747
39604 36299
12894 16509
33174 25473
31178 3616
43228 12306
48363 43966
43328 43635
45396 12913
10772 27881
16320 14208
1143 2661
29559 29890
29320 9969
11362 47703
45639 15184
20627 10911
34033 4291
4013 23241
36884 23279
11071 11729
32714 30025
26576 21918
20403 17612
35592 46100
23428 5951
32569 17290
24534 9365
19517 22749
29998 1619
20535 7392
46299 49545
13597 47737
41591 46401
18763 21319
38664 28719
38091 20308
37047 24662
34970 5854
30327 43888
45013 44337
31005 21956
16900 19761
39505 34601
47319 13013
12943 18961
37029 36684
27522 21860
41047 40701
15836 38034
35711 4052
21904 44070
26892 47377
34847 36019
31771 3359
44175 45959
19587 19979
12808 36150
31707 32499
33231 27908
26470 2407
40751 48831
12062 15148
27382 17402
46832 42186
5213 40719
49358 20082
34825 28942
8597 49042
1287 17693
26938 32584
11545 44740
559 40479
20549 11801
17327 19929
19028 8530
47883 6116
6322 41295
10364 12263
44513 47725
21732 35964
40236 43260
29453 29350
32447 21211
28284 9151
9328 17818
36823 34156
8354 14983
35325 26492
4686 36215
11331 36832
15424 43868
49930 5919
11089 10668
32919 17365
46512 32724
20575 14232
10571 2708
169 22194
13529 17413
27023 33968
38172 15289
46769 44458
18630 37126
45656 48894
39664 16688
21249 48362
44994 491
38914 49394
21126 17848
859 6015
29111 7587
48060 49854
46527 42700
3209 2995
10934 16051
35166 28436
9763 8326
12749 3432
21636 43055
42659 45134
32342 22875
8538 5695
28948 12265
7097 32342
11346 24057
42805 16456
34072 40738
23611 47691
19655 39274
45856 45284
23880 14505
49078 38195
2873 28796
29287 25442
8885 36391
46903 28454
8659 39404
12671 36062
32782 18807
7930 11886
10310 24028
44549 24981
33581 31445
47448 22104
10579 15911
43519 47806
38286 48077
37932 33345
34208 33133
13577 520
27532 8326
238 28344
13301 27177
32266 5843
20618 18140
27325 1139
21753 38622
33306 15296
47666 41411
39444 25730
36197 18347
5790 11733
39204 44073
25922 16717
40250 23579
45839 4614
26238 12028
20236 22951
38873 25139
6242 3145
9944 1175
8467 38145
13250 13115
20933 6278
6308 47686
47551 14794
4297 45808
37687 47669
27659 18043
17667 11637
16639 43666
33367 3458
29155 3947
47287 8400
26505 47438
5290 8116
23343 23252
12301 20471
3276 27422
4426 47663
43041 47561
9658 40100
45998 21603
19273 49329
31376 18553
7609 43090
663 24132
24073 33046
25953 15896
42812 1619
49964 44846
22223 28319
48688 4284
46715 42727
34684 27858
2615 43094
30176 13057
22185 49010
38765 26941
35840 48773
17764 35062
16822 20335
13259 23890
2521 3684
31250 6627
27609 34105
12648 2796
40351 38936
9951 465
36567 33985
10262 37724
12239 27909
34099 30938
42837 36313
27971 49695
29543 41445
1739 34484
42144 17018
27517 26327
4792 16390
8157 27523
1853 21571
5159 49474
20715 14114
23834 2529
23423 4730
27722 42040
11225 27412
49566 41796
39666 36088
30718 26788
14840 47903
13052 12271
40295 11363
745 42572
27043 11574
42299 22052
40036 14439
36789 5561
28931 45040
24208 36357
44378 3742
14076 42232
48257 12477
24519 901
23787 39245
47849 8786
30466 22434
30450 1151
25215 15739
23899 30932
17230 37693
27676 21399
25733 43503
3199 40543
15018 21627
32481 8680
5587 40202
24561 14108
37483 12705
12716 34246
12548 19067
47113 48316
13651 19850
40552 27003
11630 14
46297 1492
23187 30882
25835 36368
21271 1069
7715 42412
27468 33309
38830 17887
37661 17271
6089 44193
9419 6773
47496 3304
5852 23961
36027 47614
30818 2161
48753 48112
42268 5814
124 28838
29827 26777
11656 35272
3058 6243
11893 29689
28134 4813
11474 17850
18086 34773
4100 4659
1983 48748
7090 49555
33229 27163
44033 16405
49425 4494
18471 2118
14271 7415
24132 30554
5750 14367
18292 41119
35125 41839
35404 49948
13875 44498
38017 12767
14691 2043
23879 14716
33596 36413
38053 46583
5236 17901
48510 21979
21091 44508
35452 36108
6259 15509
11821 35775
7925 16670
30801 5735
41637 11732
20950 18128
13029 4916
26650 24510
33016 40530
28577 22092
815 18448
29768 12682
4344 18605
46192 1374
37098 17081
20722 7785
36212 34506
39693 33920
17607 22107
4128 7997
708 20430
24281 25946
2471 10347
7453 38116
6352 46220
49199 49064
42822 32849
39987 13937
9331 20863
47370 9039
16765 38428
49039 2468
45644 13411
32909 23889
17228 30436
24293 23584
9579 47466
32459 31767
35754 33967
39442 17357
46885 10055
21727 9774
41119 10126
13625 44026
48552 17748
7702 18954
648 13703
21523 35890
47372 45725
43478 46429
49012 45674
38442 38860
45270 35715
47935 15238
23173 17003
49319 25910
17979 2601
39562 7582
3667 14261
2995 24045
47967 36057
22080 37433
8457 41266
33235 36756
36821 15771
36721 3448
43568 38495
32478 47422
16015 34567
17308 15910
11372 43052
35914 9648
15916 15982
3526 43857
12406 4708
6512 16135
2386 29881
19645 26976
31675 30479
32860 13495
33108 26211
46178 28234
32012 26691
12769 16778
17277 13553
3998 48043
47291 26164
46636 39692
40515 14229
26486 13125
18344 29514
44102 7440
47633 22116
13152 2446
32951 2751
36602 32857
22090 3254
17033 20039
41343 8441
34728 32450
11140 26998
18205 32584
26146 27793
32650 45202
33110 37769
35885 45516
37525 22901
15014 28549
26995 20064
23064 17953
26188 15427
10700 11605
46030 121
2157 19061
30079 48334
29361 20343
4194 15955
847 27704
8632 32109
15328 17326
40961 565
35006 41101
11603 23648
29624 45973
30562 7617
36780 49120
37221 4028
22614 8199
33619 19004
40243 23699
49419 1789
38260 26212
35933 47556
30150 45064
45135 1926
1483 26629
47185 34204
24551 46475
30506 39807
3288 42997
9415 12002
17316 30630
4815 5962
16610 34110
17464 32280
25338 46809
6773 23525
30691 19696
45129 45205
29935 46165
41836 43079
19818 47482
15518 41103
47130 11295
9314 34841
42622 21853
18662 2645
41417 41533
11637 12204
5020 19238
36294 12392
18949 7454
45211 18076
5597 46995
45121 40038
20686 45955
10481 46098
1447 4903
42179 3943
21364 44392
47959 48307
26549 9717
44648 31509
41303 16793
33804 1345
4795 10955
11531 11350
43647 31359
41630 48403
4049 38863
14673 8364
16156 15680
42200 10287
46608 15619
28667 33728
21595 49841
41219 39281
22974 37033
21200 7754
46732 1430
22600 18931
30495 23446
12501 14613
32755 11873
32879 38358
28661 31790
27451 12994
28264 32640
49885 38532
23934 4205
49423 32273
38103 13853
797 8993
5277 33816
5366 22997
1993 4710
46205 3032
38565 10635
6048 31201
35312 37643
13455 606
14995 49103
25865 30286
31347 13280
37584 12407
4666 16081
32764 45471
32413 26613
8886 41871
44339 22784
18733 18777
4117 34709
28548 41705
28031 8573
47005 37104
42783 5750
39952 25867
9510 40624
17232 809
47138 41624
32444 27735
9028 33962
39129 39529
26528 34582
39091 36743
15598 29848
36993 7697
18138 20687
17879 922
22844 38030
43453 14519
2392 23573
17610 473
40152 33241
10286 19318
6777 27289
4017 19845
12559 3362
25080 16563
25543 22776
4471 1185
21536 12480
15697 21105
48126 26122
38394 38795
48177 36400
10153 32440
48079 2459
5956 43572
11689 10071
15471 14638
27969 13607
32872 6684
36367 9396
15398 23151
42240 18464
13451 44553
2485 21124
30520 21895
43148 25764
48072 38902
29068 39344
17745 5703
49946 30787
46835 32929
30223 36104
828 29276
5828 43692
25391 24463
6021 36326
44289 9382
27788 42072
15752 536
6158 15552
10855 33536
36657 11420
30653 42213
38796 22762
49133 31055
32249 5804
39093 5909
22034 49615
27580 1006
35318 47791
42108 20093
45946 40284
24398 17961
14299 25255
8669 37575
12367 17194
17741 12594
31435 38603
37444 2320
6275 24821
3539 40020
38881 29572
13675 34066
26948 46765
28716 13851
39770 9230
4625 2533
23324 43454
20414 26179
9540 26583
38486 27726
45310 35202
41846 42563
5504 17844
12954 2212
47962 35825
3184 28489
46476 43765
1611 9546
22827 28291
2186 2719
4188 47813
44521 20973
7643 8652
1076 6754
37501 19829
44006 46416
32019 8481
4215 26150
35886 6970
17964 11100
2117 24041
28837 20266
40203 37491
34449 8808
42474 11227
21196 17814
21004 12082
6467 45654
28789 48783
22383 47675
7461 21241
33121 20363
12709 590
37616 15534
5580 14105
9805 31452
44832 5321
21568 43118
11840 20525
40242 4122
46950 21492
45950 965
34129 4570
47069 32984
12814 31660
29853 539
48346 19241
24513 16000
29013 1195
46983 18979
18123 15336
16048 44773
38458 10710
45709 39767
9582 44832
46808 4251
46080 33469
15319 37680
49989 26528
17206 2608
37593 14002
45199 6553
40678 48887
25147 6448
25285 39197
10238 20579
36761 9969
13327 13681
22972 21646
48338 20151
27429 26908
24715 18448
30181 30416
29624 36383
34741 16992
22799 24754
31733 43878
46210 15206
34329 37709
45436 190
10381 18537
38381 14395
16583 46382
25810 11929
21197 28644
47507 29115
41665 23665
13980 15673
18226 17086
6933 12975
43814 9918
47690 2368
16101 8912
13780 42501
34224 34028
36548 23858
40718 26761
47507 15227
43432 33852
20684 6525
25373 37517
23341 46906
1887 15228
39368 9396
41945 27915
28301 26075
1382 9346
39746 12139
1204 16351
30757 35984
20849 34000
36513 30855
17445 5859
22373 3200
48534 31350
26006 33497
159 22966
13335 10451
1543 11012
26222 19952
4891 4720
45386 20612
26229 12025
11448 31374
8849 37695
38498 3074
34414 5604
16982 5604
1738 24149
41976 17798
20759 6605
27950 11770
41931 1740
8641 30559
13804 15199
28514 42016
16506 41097
3677 32652
47910 47335
41384 3404
16506 24576
14566 6233
9826 30575
6635 5886
13649 5747
49583 29241
16308 36966
40681 2711
48143 3124
21768 17991
38210 46533
29838 23349
22717 4866
25499 23768
3009 42401
18678 44366
17559 33778
25243 18428
41849 17325
3881 24481
7005 39983
34872 20031
30220 19924
7484 15113
26114 5875
25610 18143
24456 25710
47079 48848
35530 29184
20173 11310
27919 14976
19475 34502
12085 7147
30535 30902
16940 11514
45030 2877
17759 20596
16437 1824
16513 27070
32567 10464
20677 39533
28191 7387
24863 38353
25990 25177
12268 21203
33090 22489
16487 23822
20681 17844
17253 20715
11411 3500
40929 28002
49773 2923
39488 14503
29811 4347
6640 22544
28508 2999
36402 1560
15884 19422
13095 13084
10082 23763
2620 32104
39261 5563
16742 18708
3911 25144
44691 39502
35142 42110
22911 23846
2173 10658
33134 19065
10743 3343
31683 15031
14346 32904
46980 49343
43189 39296
45243 41425
48141 16099
36231 4110
13467 3805
3141 32048
23619 19820
42154 12344
37902 14528
29654 12973
38100 37418
10805 16203
48665 18827
13112 9230
48443 1917
16800 45350
4917 22618
31388 16692
43463 3061
39134 26765
13469 34683
29255 43295
19939 23553
12216 15715
9877 17987
19657 10135
21071 10971
47191 23789
34336 43517
46243 12828
35755 19114
33914 19950
38171 27331
7037 20725
27822 14656
2141 32554
46404 29673
44043 45112
32312 10839
26502 37146
33757 8051
17867 17741
42171 20577
45469 46774
10015 4780
17209 29857
18711 15428
46065 574
40293 3371
28353 33318
21210 45392
36955 3190
35799 18231
9109 28546
31692 45062
19309 33699
4111 41786
25956 18283
36146 44966
21375 15430
15234 49494
26533 30264
2937 33679
30661 41238
25554 6558
31546 39681
37121 16027
39267 42919
25836 25131
47356 22415
40918 24845
37054 7592
45867 16251
49576 35178
26232 41076
14390 45431
18726 35316
46561 14574
22696 29833
2903 22915
9955 31166
5036 34869
7961 37201
35916 3470
1748 32930
5323 23137
15220 5661
6255 820
23512 16289
37796 7762
34355 12046
30780 11791
34627 40354
32506 22246
33425 18304
4817 32209
31978 18608
30088 10531
25706 14543
4219 39468
40222 37239
17222 33301
7700 38752
23261 46380
43530 1064
32205 47429
49761 7611
16782 23227
25043 39256
2871 44067
32017 25399
16020 42848
5923 30114
32483 4146
18032 19537
15656 43102
23872 43880
4832 325
25948 49840
19041 29044
35066 47991
18896 42717
49580 1888
14976 22208
23153 3194
5101 41118
42657 32951
5478 40252
28871 37241
27771 14406
24085 31145
21047 44284
27200 20772
27427 2174
32054 20592
20331 23321
46729 2297
7325 10664
47527 18279
15869 21496
49257 40793
15039 37005
28401 39474
47973 49188
47529 46060
41597 17252
18 37742
7508 38981
2033 8152
32901 33778
24393 12877
26309 46506
15226 858
25914 36926
31714 17780
6684 47637
22361 44318
31373 33035
14390 24140
43216 35668
42142 20368
10010 33822
48364 9234
28762 21611
45913 8188
14839 2391
26475 29202
25415 16686
14844 19745
35819 5214
25980 28118
44448 5535
38739 31576
595 44170
49361 43355
13424 23725
44130 40060
29729 20059
10636 16339
24647 43076
15747 11974
42286 21848
24319 34913
34895 47231
3987 37429
5598 40540
11048 7113
23934 37309
48692 13975
11628 16363
18574 27861
7318 7650
38284 36891
35521 48419
30306 45864
3274 6559
2693 20046
8350 6768
48513 36187
12425 4922
46226 43661
9562 29507
48398 29493
28292 30470
4698 45012
18900 15635
20055 30775
21504 24506
41107 45059
1049 5743
37737 33753
21784 5010
39344 19163
46381 10230
14503 23324
22873 15394
42643 18217
47329 10108
2745 14818
26344 39672
40791 30376
32957 11535
6644 40796
42506 20937
5058 8580
34060 36805
16073 37864
37155 12758
22418 10376
12394 1623
5009 43406
13016 28934
26473 17149
45344 38255
4438 29902
18067 23532
3079 1130
12641 47519
30885 43850
9780 35912
26545 3837
32282 35389
43381 35292
32284 8555
4170 49138
555 22278
18768 37123
15213 14610
12431 392
44321 26440
11847 42667
15816 31503
32480 27147
10651 41198
5154 8129
44708 45895
32602 22668
15678 46995
9642 5670
30426 34090
17389 48441
47253 6196
31252 35456
11324 31574
35419 326
24942 10801
29682 7167
7762 2448
3740 12842
30300 5507
18019 32990
31781 23063
8707 28435
8233 29557
45378 45786
22669 19519
22056 6619
18758 40404
2026 30431
4039 31677
46545 36674
13505 44300
48624 15829
12786 14980
34835 15758
21196 6119
20936 271
9133 44841
4181 9206
17446 401
7471 31685
38296 21991
24019 41530
30730 38332
19215 31942
38684 27179
20714 24597
40635 18048
5613 16240
7449 24455
34057 41769
49054 46817
28652 749
38500 20469
34771 41828
37618 18304
22928 42551
44817 49822
21179 31303
24445 35031
25636 14783
13028 13761
19686 39136
36081 5901
20536 48506
44281 41152
15033 7401
28655 17185
32356 14009
4682 20107
15054 2214
39095 18720
7644 33901
281 24367
30922 35186
3575 2384
22266 39820
33321 9662
37159 43082
34276 39195
40909 10213
12200 30754
37699 15184
34422 13888
23592 27210
19994 14252
35914 45246
18158 46903
15627 48846
47527 24413
11444 900
35701 46225
34144 20952
18399 4088
44125 15553
23787 43707
16710 38384
35190 49338
32620 11083
39785 49906
39637 1524
36232 29449
34493 39666
35734 41756
25960 21805
38225 43050
1944 6164
16108 11722
6103 85
28293 40612
25725 26315
7225 13825
4730 20300
26983 11657
38072 1015
44780 26297
1427 4919
13164 41575
27023 37825
3033 44763
35070 48011
13709 19974
49635 46623
18605 37446
4679 16215
18640 36285
49873 29750
48958 10262
13077 32977
21807 25482
27156 10948
46605 34279
44721 45878
23795 12325
18195 49887
37659 23423
25957 38408
35404 35418
16712 34962
8634 39467
46760 32887
29963 10828
4729 46773
49961 26525
19331 1496
1536 38123
32394 22974
4691 32796
19657 32895
9905 25274
9844 14840
16295 16791
48431 4582
29586 985
48389 21649
35082 11172
21324 18316
29967 25732
37292 43883
6486 6673
47327 41900
35310 47375
23071 35058
23278 12658
24452 44103
17340 45944
12549 39220
18453 12051
11221 346
42863 20460
40739 3164
15297 26664
11208 34719
12431 4763
35024 26433
29756 14910
14065 27792
3776 40579
20401 7595
5923 41617
3262 6355
39186 16293
17141 27540
22378 15438
16972 1692
22277 1488
39106 2562
34621 13205
33667 863
40793 15251
13763 772
25757 11847
29536 29975
22444 19276
2859 20479
2171 37233
23304 11693
12681 34471
13859 24654
16439 25252
31623 31805
17936 18188
27490 5530
7392 1175
41680 36863
3322 4854
26404 3803
20355 9002
27731 15922
16760 12281
18885 19667
28267 33530
9353 11188
33836 30952
4282 3929
12747 25762
18327 30048
47584 47080
42557 38938
41680 6060
35870 32141
46472 30961
22428 15997
9612 11721
8936 13173
35253 21397
25487 35815
37385 29301
25269 42239
39115 1136
33826 45992
2603 34696
40107 40002
22515 31965
33870 12194
26279 43623
20093 15822
24874 24294
36985 36324
39874 8296
34685 26917
45460 31766
6126 34802
36575 7524
24015 34568
49693 27632
41858 14971
22060 15292
5330 31608
9394 1982
21107 46277
46149 48011
28969 39687
16192 28624
8091 47792
8777 4379
29137 23693
22404 43459
41245 20001
4393 46465
35766 12975
41095 27246
25948 25660
10869 17197
30208 15025
7206 16833
37107 8627
8099 372
17896 45757
18155 40839
15168 31801
22719 4919
9757 34057
19367 3258
9492 44269
17423 19091
37973 17180
16943 13581
356 16426
42822 16699
44937 13831
30081 1478
5228 49762
2298 18652
15869 592
27974 49580
46037 22404
43761 24426
11597 5757
42208 16519
7635 11453
47113 36018
625 11820
43655 36585
28661 20179
34629 24497
45302 11116
37531 9929
986 17921
32139 11048
11112 4055
6045 34643
2571 13575
10754 25900
42842 11580
1822 37554
2332 45893
43513 41601
24590 43105
43506 45625
34782 43014
27200 24596
36102 29132
21847 17134
45570 39760
37971 24047
38740 17187
30174 18865
25813 12043
40302 24433
20232 24287
10970 27411
39730 36609
5081 45336
33609 44514
22370 43381
17900 27182
33942 8181
21553 38580
26203 45930
11552 39101
34734 34251
20380 14319
3671 6409
6706 8468
36554 11317
4343 2580
31541 42781
40555 3624
46006 38479
12146 41049
32399 19800
14950 45813
27406 48007
29914 25548
33311 4459
25164 27068
33686 48307
11699 46468
26226 13145
40692 35166
40500 41221
41662 40259
18551 40591
12027 37020
47435 38259
15183 5787
5649 16632
44860 28509
38120 43013
40779 29918
21488 28848
27477 49719
10020 32065
11138 38807
44069 3811
48095 27005
24495 41018
20545 15469
30986 4375
45897 15856
16302 19205
44632 44223
5232 49
12553 42303
2860 44697
45248 22929
2919 14130
3203 21310
44949 47297
29167 43322
11195 48225
25290 23220
47870 13017
34991 1413
6336 35714
13808 17029
42049 41685
4200 21231
1087 604
33399 10652
23420 34631
37807 1521
40598 46671
24169 586
41107 46070
28699 6730
21064 37685
13155 30902
11322 14723
9275 52
8687 3192
41301 44365
31720 4496
47343 14320
9748 10116
34289 41630
19740 12004
19066 24074
10446 13328
43354 7832
31901 46556
29701 7674
31558 10779
7644 28343
22355 39926
26280 46295
24477 33821
24503 14869
2840 28040
22070 28433
36290 11146
39646 8316
32953 38321
26641 44356
16016 10092
3852 26468
38593 2583
14552 43207
17305 11302
49443 42472
48091 1670
1938 32187
20033 44116
40499 10723
19054 2372
27739 6008
2201 37124
9894 22796
31593 3534
14807 39765
49136 44086
24986 9827
21573 49732
42701 33288
44804 35054
22216 9049
46449 44745
4521 32374
14308 10490
180 3235
22467 34326
35975 21722
27186 37505
26140 48230
2744 49583
31749 2497
36903 11404
6303 14386
6982 16410
27615 35595
25862 39753
32505 46344
34232 27298
46165 35750
526 35753
15037 15959
39938 14885
29866 15514
25647 13202
14701 42828
30148 48440
22797 14281
28951 37146
8281 27093
38574 47211
8074 13781
11421 51
37108 15278
37052 49693
10019 37263
3391 47258
43034 12635
5395 37330
38744 12694
40920 12824
26032 11868
7660 13156
17981 25699
12055 12432
49941 46264
26506 8293
14633 30552
30160 6599
12662 14370
40880 24465
20840 44192
40754 1477
40785 14745
21968 21820
27098 37401
48262 47182
4897 15844
6436 33039
24474 4142
36427 38529
20064 6984
22193 20074
28355 34625
38727 46836
1779 44030
46366 20768
31575 7434
30206 16255
6352 19765
12312 30483
26784 3591
29328 2950
16963 7366
6342 9880
19781 48146
3946 3893
33262 34223
23573 22530
10889 4797
44587 47307
6986 14602
2632 4150
20884 1790
17043 39991
11226 6020
15257 40101
3914 40837
48098 14680
35501 30326
49915 38586
23739 26646
10532 2036
46124 1110
46952 32928
17477 27272
18697 49104
39950 21854
12457 19275
30081 4762
27796 2503
28941 25777
17002 33929
1187 8065
46109 2660
34910 38469
29142 31116
45559 45740
25998 36032
9901 48480
34558 26093
34361 27925
41228 17317
33843 20814
48497 32514
10566 48053
3048 12130
46090 42566
7463 6772
2025 108
32364 30647
46868 13958
19075 34715
25744 21832
23488 3171
26454 13398
49628 47163
43103 41426
33194 33027
40046 26573
8908 49271
3865 7800
12486 9181
24202 41487
36159 41669
16569 27206
48754 18104
12759 7572
45965 5662
40855 36591
42690 16311
27929 5601
9815 35628
8610 49858
13353 25182
17533 22628
6211 4531
18471 17373
34157 30991
49505 16813
18768 8494
25950 12859
17354 48693
14566 23719
3098 23051
38433 49796
29655 8408
11367 46467
34875 40351
25491 6504
9223 517
15963 36057
3709 32585
26250 16397
1317 23419
5424 46372
33761 15161
11566 12376
6444 1784
14971 44870
3523 12957
18181 21697
31366 45040
37506 49595
29471 35002
26779 3093
28633 36180
6070 32844
5122 6139
8247 41001
49919 16724
24690 33747
41902 18710
49686 29899
1058 39438
19217 14990
24414 33389
19639 40236
18239 42705
18350 7929
38046 48145
45019 5946
15165 25931
25520 38297
22152 31211
33440 28636
27849 11501
27500 22996
37755 6448
4341 25690
9035 35413
39021 27997
20128 35793
32205 45
47508 29529
38353 18466
42651 4368
32135 39168
3934 47696
15171 1141
40051 4054
16166 20750
48297 25324
37025 46055
23865 3207
21530 11212
8706 12288
11078 19254
46703 46235
506 1045
34393 24639
12607 20517
20826 46421
35382 22043
24114 25352
21457 749
1668 49594
33115 47152
2853 4802
581 28126
1200 9176
7418 36399
16426 13573
34030 34188
30568 25886
37812 43615
40703 39199
39172 31296
30952 28435
13680 1193
38490 13940
30257 9473
11588 16180
20586 46153
8389 8273
46991 31368
19819 19152
29609 16835
13582 35461
41943 49020
41071 10626
40666 31276
3442 19581
44100 36065
22998 8810
38917 168
10607 41509
31848 29363
43131 26669
20557 42260
19103 12853
17515 36402
32802 34413
43973 45710
34286 10700
45998 12007
20958 41487
40955 25622
17874 26785
21432 3986
22308 37148
42235 28417
36535 1768
36079 16540
30617 40361
40130 19843
43446 34811
43334 13697
2927 25810
13565 3612
3276 24923
46626 31815
21306 20641
265 49029
37450 34391
37669 23243
40118 37019
3535 27362
45640 3932
40364 13798
8706 12520
40854 9146
31021 16853
29571 9320
42845 29462
25868 35445
17670 21890
18338 30105
19679 31706
34145 22062
41171 23509
22816 33512
6840 1546
32915 31112
44663 44758
24341 13453
29881 24350
47186 44234
42347 3744
25207 10374
7009 17893
45306 15723
30847 9282
32623 4912
34456 9355
49421 26649
8396 11196
43702 30670
3912 8924
27146 17744
24835 15373
6420 13214
12403 47351
32719 32076
31044 38776
1190 39401
35528 28736
41128 34294
3797 216
38118 4996
20023 20012
45216 26657
16630 21775
22885 43964
16783 40734
40672 34372
10955 7964
6333 33539
10979 32106
11644 6280
42472 14946
1253 8743
41857 26192
5899 37142
37172 16629
20830 3602
33603 32571
30724 39015
42712 42442
22927 34953
5651 1372
31354 29509
8785 44236
6282 31658
23900 3270
19409 889
5341 123
26299 34513
15918 39007
45606 20301
22604 19048
15376 35969
19544 45876
44009 15903
29699 12418
4073 1500
46488 48869
27774 49820
34010 35859
24435 20206
44195 29990
21522 1554
20615 30658
41248 12031
7966 40790
38812 16240
21775 46954
1861 23297
48579 31796
34148 629
38997 42747
1040 37629
4404 28033
30835 31639
35281 14947
48560 40022
25132 32623
30165 7713
27289 22766
15266 39202
17804 13408
4200 47712
534 27910
29552 46871
35019 21138
28860 30409
14649 330
45080 31414
10717 7519
18753 24083
9709 26959
5547 42307
16327 39294
2071 14029
23096 43261
11827 26569
31600 14320
2558 31763
3324 5337
31275 8223
15484 30639
36142 40616
6542 36105
39722 27262
23426 6114
7702 18568
22142 33205
19167 47551
34466 13998
14319 5668
33466 21132
47406 20750
43813 33223
11206 40886
40960 11817
2109 32520
44276 49393
16630 42949
4745 43074
27622 2769
12468 1866
34015 49512
21090 49827
5561 6483
446 42234
13251 32069
9132 14736
4972 25332
3509 43227
2025 15589
42762 19772
10348 1231
20264 3852
31972 49196
26831 36074
1282 11829
31460 29648
1645 6560
2405 33272
14940 554
37757 45522
46348 18136
49522 19048
4287 29447
33130 8267
31048 28770
24742 31724
2901 11473
15572 21353
24537 41354
15034 1722
7563 12793
47482 45303
13652 5129
16177 34
33866 13943
41644 10692
15504 5615
1820 9352
25827 1031
21411 27534
36683 21738
33064 49012
3665 1455
4730 18976
35999 4381
31816 45375
28899 7190
10900 19703
36671 45230
7980 17108
33946 8884
759 14813
12152 19288
14903 13654
27702 24930
48822 19662
4527 14533
1875 21916
49150 12750
24593 49131
9620 41855
17004 43258
7289 14072
23781 34093
46441 29595
16145 7312
28610 4417
31800 44831
36373 26212
34968 10665
21862 11201
40511 10681
25720 45257
6675 42917
34636 43984
27332 21169
1895 8162
45899 27626
25406 16531
24037 35764
26850 12126
29427 41794
19637 28161
38963 14133
28469 38852
18442 8489
15673 40364
26534 37400
46514 13497
26158 26687
17990 7155
46435 16837
46988 25750
485 41860
4657 11543
35681 40899
23525 8582
14869 23538
36301 47668
29262 47670
21404 25419
18057 28033
1505 43273
3998 40440
13263 2923
48776 23609
36470 37490
18939 9896
11231 44750
23599 27359
43606 17889
47638 2586
11451 42620
28808 20463
25194 4184
8795 14203
28056 12877
31838 8276
30403 11326
30716 17527
8736 18445
38154 12195
15180 42701
33365 41842
26186 5502
34774 23878
11071 8959
32723 11393
22969 2613
2703 44369
36070 12303
22080 4157
24425 2894
5536 29476
39042 36153
41531 17733
37324 16422
17728 9961
41565 17919
3838 31017
10285 17414
2822 49975
25243 45630
35635 23016
27491 12569
38968 24472
25733 1826
40891 16232
41258 35741
37771 35769
2738 4715
25366 26075
5503 1735
29094 13367
43960 37399
45643 614
41857 27871
26008 27968
27584 12342
15841 9667
44102 19554
41510 279
41582 5704
25515 2595
23001 9294
3661 37953
28279 39949
37982 3944
28399 18533
35758 1597
493 34562
8141 8530
49775 19013
9960 26149
29259 37376
7164 31485
14496 17366
24648 46183
3161 47863
22302 3117
17653 17371
14536 19832
34113 39955
15904 30007
41020 34001
9697 37829
19294 3887
25954 4346
14501 42641
36799 27377
5113 8502
38268 17880
10036 11977
2106 34675
29375 40708
17764 41026
23587 40699
40984 14270
29546 2109
12787 24824
17721 7958
14503 18107
8735 47821
19060 20216
18026 33571
29965 40354
29299 5829
12643 21191
3995 29879
17616 42949
6147 20439
4764 46494
37088 7353
7447 44598
42314 8002
20896 7391
23606 39423
36604 41929
10323 5203
42356 18491
35810 33935
44176 46526
22286 19754
32683 28584
4805 27522
27482 30573
11093 26547
15354 31886
785 47089
11007 8239
19584 37405
37614 7469
41741 34373
41539 12499
37157 25499
39978 1844
23070 14880
16196 14780
45843 33242
27892 17781
5598 4989
17391 22319
7964 9437
13462 46577
46521 2827
99 22895
41021 25404
10007 23233
17250 35935
46339 14207
17884 42137
4554 29954
2919 48895
15368 3368
17972 43001
43317 13212
20986 27644
4392 4289
12949 11318
6613 34000
34304 45529
5173 7224
44542 36719
3511 11801
81 12669
11157 13954
16289 36426
3822 8123
7680 1652
30105 15951
14312 17582
44914 25054
21421 49787
27626 27470
9846 19851
32185 49571
7507 2296
30077 49939
44337 2749
25158 49988
34077 25717
19770 13303
27005 23719
33674 551
48112 11208
2270 35976
37631 20988
39936 27388
7934 14035
22117 31553
14376 6172
26483 475
9794 14944
30745 5260
22068 27767
28258 43645
33432 15559
33176 6045
8360 32770
44342 14448
1576 40214
15496 43130
43934 27843
31530 11354
43770 18542
43599 30058
23591 27510
19259 34934
1426 46876
23742 10384
20076 36745
32673 31911
21483 17865
11951 4633
31050 49563
27303 36244
49854 34308
10606 30712
25977 29731
17532 46413
1993 43308
36138 38284
3841 42265
43331 16030
30047 39612
27791 37442
29308 21371
37534 48098
49935 43605
42630 30903
29753 49349
8861 46889
39207 17851
33983 17815
9148 9591
48582 49748
27049 7105
9205 40288
15274 44776
18684 44273
39584 24860
17617 12151
38969 26414
18272 5807
44069 16671
42237 1047
5548 33871
6303 24323
3487 48544
25357 10260
4884 15760
41640 16074
15171 25878
12072 9663
99 11426
12977 44501
39953 46275
36989 46665
31441 13898
7498 31138
23611 33606
45267 32000
32547 35586
42983 19662
2117 10007
49392 44446
28664 41897
26075 13568
40110 33754
8943 32836
5577 4962
38552 13670
3012 18823
45113 40601
45371 18488
329 34034
31942 13049
439 42013
44924 40479
43163 38495
43963 49833
38296 46659
29015 47824
45728 48527
5414 30554
33881 13893
49503 16836
41942 32368
32552 30788
1353 7218
25157 44067
4601 32009
49583 17200
8639 2613
14935 4209
47351 36893
40523 6829
31172 16126
32413 1958
7070 11672
9667 46392
3257 21930
38410 5934
8492 32595
33016 14086
33318 39691
9295 48724
39178 46593
37104 13085
28869 47967
36602 46018
45073 13801
47622 16686
12010 3195
11262 46986
25313 17265
38485 46169
42723 27404
22950 11811
32635 41520
16768 19903
4228 43696
15828 5895
18424 45362
47522 48199
40267 20699
37479 32835
29205 34677
12855 40926
24827 24923
26233 7111
26339 43957
41278 1970
47057 33888
26230 49521
17596 7732
46071 44587
18116 32189
27309 20226
13788 41172
16951 33586
36680 27151
31692 1674
6959 2253
11410 42949
49330 44072
18460 39647
45324 5773
33866 20840
42914 30776
823 33190
32003 45058
44794 3895
10414 36625
13934 30037
23086 19290
40964 23422
23161 26030
104 49274
45489 1499
1775 44605
15966 3066
47674 4292
17757 5198
47995 40563
32786 34571
26331 6371
5355 32716
32271 18561
19209 34784
42810 8810
32300 43520
34455 32235
29191 6200
9923 25639
39494 21508
41413 22580
518 1222
22695 3855
15684 31572
25058 31229
31274 37690
40902 42699
13364 22412
18957 28782
24706 30773
39560 44096
21853 27453
36682 8567
29710 17088
30663 20098
43559 36221
27057 8876
26260 3115
44459 21622
44587 49607
11986 20228
7980 48860
39217 13611
34301 20357
14791 16622
8588 46916
16569 29579
7802 48516
44200 31517
14439 35238
16957 38300
40537 49233
25271 17280
22532 22980
33332 44951
18838 5059
41478 6302
33403 17601
23591 18370
7967 9202
43070 46302
11961 48001
41336 10572
7925 14568
5883 26038
47697 35342
40696 40662
12299 4512
616 22840
19709 21943
4324 14295
13968 40467
21031 8842
40627 13356
14445 5584
21205 2180
29671 10445
46706 7944
26695 14169
13289 23065
46522 15805
9063 35194
36477 2810
6051 43778
15573 9089
34729 37029
13152 29753
45152 23832
21961 27518
3009 22874
21847 32848
13007 44980
38540 2093
47635 4428
3721 47109
24667 5109
8541 26645
42398 24088
27892 13419
34384 4914
16567 25625
10108 49177
48882 9627
11977 29469
8235 42801
27670 49972
33773 39379
42199 48480
41657 3562
36718 22014
32748 22519
8325 28413
8593 24789
5097 23969
35923 21045
27548 35195
30528 45308
25628 17682
16930 13594
27080 44174
5218 3204
12171 17807
7395 13668
41061 9293
13181 29136
16733 25095
44306 7029
12272 6593
18941 32443
5959 32960
12065 16193
39603 3620
26053 37952
25262 23421
9389 15092
43023 47789
4495 1436
41920 23677
29599 13474
3395 20697
1926 33299
35334 20589
40820 38906
13327 21155
16447 8505
41210 10500
19072 31482
43709 9130
25500 17962
32278 19178
9787 43840
28130 8825
30175 34297
15488 2014
23075 17232
29276 31820
28849 17483
31106 44849
45271 16318
46346 28033
14376 26005
27434 34064
48640 36916
19311 32429
46581 39749
37993 12075
30221 12042
32583 35476
1316 21230
19554 32383
26316 16373
32199 26995
44717 6866
13486 32436
19563 49891
16574 34820
33516 7394
25581 21186
5202 36093
3583 23747
25098 2092
27669 4820
27327 30661
42486 4504
3815 28350
917 49488
1122 32108
15190 21583
33203 48529
6103 38952
4875 18406
26859 33225
47460 18517
24309 38284
17551 38118
22734 4356
28389 17550
6944 9750
47141 12116
771 2627
12992 5418
30025 40370
7913 4669
31608 25905
15161 6891
27946 5375
34876 37663
37348 43290
28324 49815
30390 2075
14061 26745
5447 23802
23695 29673
7281 35471
17951 16002
30955 45844
3951 10770
43954 23114
39802 7279
39024 5127
31647 33001
22649 25176
4847 4153
33987 49983
1360 17737
34480 8043
14369 4862
11713 35284
12865 24329
12088 5378
25223 20182
11875 17477
19478 22234
29836 14926
44932 19381
36637 43025
26444 36605
6919 20145
46243 8815
1013 31101
10605 14977
41966 10252
37243 25623
39987 44570
22857 36908
38048 42141
4607 15461
31200 9845
26949 9247
10211 10471
5338 20174
19615 13147
28054 45845
36663 23391
17280 21122
13941 17151
38114 6294
36549 18987
15978 28265
17439 43358
26254 35178
47106 41403
29007 32332
24386 31158
18194 4533
28881 22916
41780 17955
37431 11754
16406 36702
16571 31393
2136 40679
4152 13928
31341 35525
21549 2919
375 11096
25731 10913
12583 45530
20410 46316
22055 7795
46373 1279
26404 48815
34036 26896
46036 4809
44596 48848
38114 40269
12037 40547
29019 35875
18089 25806
10264 32728
25082 9848
19378 33924
29483 18531
23374 13189
9022 16197
24080 18471
28753 16202
10508 10982
45234 21465
41232 38261
47297 27110
7578 16876
48921 8478
33047 27814
17261 12330
49512 348
38469 39850
6911 22477
29120 24458
20971 24314
11824 9386
24127 48235
41802 14438
20830 44650
47018 38208
25790 8087
23976 23551
1361 8585
7425 49004
42729 42914
40714 5759
44387 21790
10732 15323
47393 9641
16368 12763
29249 32831
16474 38066
7673 38967
23275 2237
21883 24370
40392 14379
25617 6790
6168 30289
27613 12654
19962 13023
9489 16557
37098 47114
3411 18766
42250 44378
36758 26270
43284 6102
25849 4112
23794 34202
33291 74
31907 20091
32040 25519
19385 21183
47632 44028
38583 28229
19949 40675
40702 20184
25341 12648
41005 24004
14310 31298
49191 41257
44751 22607
33237 4717
42124 2491
16254 1565
9782 37918
26537 14621
34544 2593
24074 31711
34305 17306
648 48447
1998 15977
33295 29386
2630 35104
9406 5350
40923 22870
21116 42984
17675 23790
39267 34119
29055 9076
5440 31510
18239 19257
40069 25182
40159 27398
728 22393
47984 28859
13346 11918
28356 44520
13989 32463
31637 40563
15806 40608
4520 43902
49472 24289
20338 5912
19792 43709
45158 24364
7699 48248
49033 10799
49118 49710
43740 29798
9689 26478
34469 19763
8888 26361
15060 43733
16481 32330
17631 1093
4761 7348
46973 37966
14796 49506
33451 7506
37386 49133
2767 20295
43690 45577
6030 26845
16899 27048
10932 34097
36888 31368
14750 43090
25023 40109
17704 14668
22644 14149
19535 35311
45689 34188
41450 19387
7670 47490
2667 7900
42290 36047
40992 30220
7723 6823
42047 11715
33859 10359
47201 18698
37831 25537
1103 29837
22948 28508
29953 5036
11323 17927
7240 28754
20888 7572
652 12412
32861 48627
21578 38626
8572 12880
2578 48997
20418 45469
11659 5653
315 46046
39372 21659
49656 31604
6508 17612
44900 8469
44876 9596
28809 40551
12273 48129
21687 48146
7906 26924
23723 13545
21549 21388
1494 32967
21333 5458
45377 21931
20432 30957
4232 21572
26948 7719
4058 43240
19749 35875
22120 338
20090 24
40889 18024
8391 23717
45634 3434
31703 32933
43775 12601
9745 30020
12778 23070
49881 29535
38588 30747
35413 35746
27937 28452
24877 48242
17571 10179
46391 49293
28713 23465
35535 36099
30063 27807
9664 11540
40110 24090
35713 715
3911 9578
40726 27704
34736 540
49794 10910
29980 20679
20084 28292
2552 33626
33434 16351
41212 20547
34125 34543
48466 13587
33619 31275
35630 33977
40885 450
5891 12165
3611 9541
40952 39609
12683 880
8333 22349
35683 16213
49544 39502
44784 11868
252 25965
49800 40118
9650 41109
17223 23619
32808 8906
16178 22013
26626 32000
32584 41001
16549 18146
19454 39956
3559 22480
29018 46989
24525 10181
42714 11066
1237 49217
39313 32095
29597 34875
41254 25379
11476 41844
20542 23029
22687 8962
31305 20500
23416 30827
13000 12379
41356 13491
31272 25933
13394 13748
24424 36470
46370 18167
12630 9994
31373 32338
39306 15134
15336 24495
4708 24471
39192 44593
10258 15146
5201 3545
38170 35457
42638 25534
3995 14922
35134 28989
13360 44766
35232 40878
4936 24601
20277 42441
7315 29657
17211 20192
1316 20006
6169 28763
33734 18847
45660 32653
45579 4682
38957 25803
23361 14366
13241 6514
43473 2474
39419 7303
18616 15967
40537 20600
23758 35435
31297 29252
32933 41574
42683 44513
41623 27693
25416 10399
27659 10267
15710 38193
10187 41340
20138 43088
2816 4256
5790 8301
881 42436
47335 11474
35042 30410
17118 15137
18757 1071
20272 14240
2787 39239
46566 46940
49394 49249
2705 18203
4042 19497
16333 20009
20892 48850
31036 45094
16399 11726
3977 47266
7415 10043
43313 46415
22248 34594
30134 38183
13950 37222
27432 43763
41957 32640
20069 49064
4961 28506
16262 42492
12856 18037
30252 48296
41712 38787
29561 15727
32343 29966
27831 43865
42244 13222
34100 37098
36136 32560
48524 31775
49938 33620
11867 15418
5120 18918
14291 38886
23802 284
35844 34588
12877 40379
24815 12881
8623 14376
29466 48077
26651 40038
2624 828
9554 46454
12201 33729
6658 31569
18817 4280
28984 11549
2533 22650
46228 36292
40282 46873
42564 2789
27657 8245
3855 165
12487 13811
815 42952
43551 21801
43092 8367
9856 5333
6052 47251
31261 34134
22405 30049
16102 12059
10125 39888
12092 42136
38040 31076
11588 36474
8556 2542
19581 21283
24685 13997
8687 39542
38598 13670
32911 24166
46182 42351
41092 25494
40622 20859
38911 16998
1869 5136
3927 8512
38461 6995
15483 2511
2476 4012
1314 31605
22666 28932
15140 40390
37648 24432
31792 36515
2878 41538
40076 31874
37764 17419
1686 36017
48881 15695
21991 29675
44922 22091
22339 27587
15931 40358
36416 14638
39455 35744
29740 15271
32177 49738
32521 18992
36896 13778
38130 26156
7243 16935
24993 8696
22327 18257
26389 43685
47742 46832
14311 11047
3135 9792
21976 19894
4029 49831
38425 24172
25210 37258
6528 29468
2454 10935
5169 7530
9955 19499
9978 5875
16538 21332
7059 19623
37139 13406
38319 23330
48293 39465
27537 5758
2336 11547
43642 32358
45220 45462
10514 3143
15883 9468
32720 17092
22638 20709
42287 21734
46571 23268
19365 18551
2164 6249
35247 6680
21966 43229
12655 35405
29006 14190
14863 38922
20770 2300
16572 19245
49403 23779
4342 15718
49813 48076
35744 23404
49144 47740
31093 25612
26022 45299
3188 38808
4230 17990
34094 31183
40415 44563
976 6333
9577 17278
2607 14641
40056 1158
7625 24908
43017 13460
8163 21076
35417 27201
5601 1119
12146 7096
30023 43045
48421 35864
587 35347
44856 25090
23282 13150
28979 26768
5851 11060
17085 34751
36314 18985
19434 17778
45650 24953
19813 40815
34462 17673
27685 22184
13308 5976
43938 11053
1230 1302
20267 39786
29766 44370
26988 46934
31967 39249
31520 29573
12423 10202
34559 34261
10215 2858
30260 14425
48059 19787
42249 33797
6277 40985
40745 14656
27167 45091
26097 33201
24365 35353
15130 40709
18330 31893
19269 34014
28862 24185
36240 22938
263 21485
14956 29918
16566 12120
41999 44340
21436 25988
11186 45318
16689 20744
14506 23883
11504 28949
13410 43762
49114 3019
18899 44039
14166 7991
17434 43442
39503 39348
13827 37337
9951 23693
33472 19332
45297 9089
3919 13485
8587 8509
46095 33286
37222 47886
19713 25581
23276 36067
46524 46887
27135 37118
8236 21973
16885 34056
5075 42392
7259 25593
43926 43918
26849 29853
31758 1310
35140 30112
44070 36007
21590 8533
30874 6155
21879 9275
27385 37619
42896 16322
8201 23881
37060 21664
39396 40175
45672 45951
16544 32155
5982 23980
35441 21483
33729 5135
35140 30704
45805 23342
14180 10243
22255 5009
49897 49010
35605 13890
38273 31701
48088 10120
34157 36406
30388 41144
29034 9917
27164 42447
16097 32968
28930 4638
40730 40165
13301 3595
34940 40649
22933 3202
24039 251
40592 12343
32122 15956
11240 30866
39206 35335
5589 37347
15094 24787
8395 31608
44636 35794
32715 47176
5963 22269
19527 44002
43930 17593
23211 3518
29079 45964
44098 42249
33921 37698
35448 7284
38091 44320
45330 4334
40916 41675
15049 12055
18272 30950
10361 13321
48981 49080
13982 18500
36823 24211
2198 3756
38324 6581
16879 41781
19622 23972
19241 42181
19889 355
9249 25921
39360 1129
2582 1872
6481 40104
2771 15398
2465 40181
17 26630
36970 22686
49019 8342
43799 24822
27415 17755
8933 14951
47657 43623
35955 16328
44485 29260
48654 26342
22693 47097
47165 27918
21602 41000
30128 3604
34146 28785
16444 19270
41883 15170
25402 8484
37248 36924
22113 36172
34982 6738
2654 19629
36304 11073
20406 31207
5708 32848
9419 3180
45789 44904
45957 33796
38932 49435
35080 28457
18418 48982
32821 49153
49797 21382
9157 25780
41923 2131
7917 34100
10672 47533
39044 40454
47359 33004
24161 44322
7873 597
23462 36722
28751 48857
8728 27881
19567 22164
49348 4607
47283 5220
43391 15093
22345 5628
29533 49214
27267 1578
1344 1451
859 42182
8991 36134
18878 39769
15585 33897
740 25358
47087 25441
16793 7426
18357 14025
13996 48204
26916 15924
29290 36729
904 30616
48277 20466
467 26739
29423 44720
36682 27382
18044 4528
48948 34333
3944 2
13450 39154
526 1381
4800 14147
42553 26376
14202 26294
39179 46203
7536 17815
26053 36173
28279 12998
29830 30395
41216 42472
29893 43064
45331 47531
40381 15136
19341 7055
27584 30330
26597 17599
21544 6552
20805 33551
39422 18865
45649 49301
28252 16573
1422 17734
45918 27427
48041 30362
34222 13451
46810 3212
12926 8956
42916 45631
7723 10382
44604 28519
28831 9353
14189 45482
10408 16256
42799 6041
41206 37822
35375 40926
44968 35806
30779 9618
2804 30925
11199 41006
4245 18102
9945 31665
37374 36807
44231 22625
49241 7470
17985 11604
2007 8160
20226 30829
36384 29598
10216 26158
13644 11258
10915 21739
8915 7752
9339 34155
18502 18399
28375 803
402 21144
14206 10179
6006 24743
25285 35720
6958 30895
20318 3710
14726 42802
7614 32445
7068 26809
39578 46527
24818 42894
33601 18451
35883 745
6102 453
46176 17014
2339 16728
35689 31499
3366 10450
31842 47523
44886 28147
24834 24458
32311 21257
49324 21795
35324 37336
24996 8762
2477 5934
33647 24193
1420 42371
28233 2145
5799 42581
7189 14296
1961 3162
39854 44528
39217 26048
9723 36777
43326 25213
6889 26027
37756 41296
35303 46701
35583 22807
42825 35098
49661 38428
1263 44710
14881 12820
21845 41026
13874 38064
19008 35204
44444 26522
17004 5231
15397 47293
39278 45640
4737 19211
41281 43772
44199 24311
5571 15254
21571 15246
39601 2743
13970 41729
20089 4756
47128 7019
30966 14082
46032 28084
6699 17757
4364 7501
36051 8819
18675 22860
22833 18230
35591 33746
39380 40055
43672 12652
10163 18070
27065 37474
4909 16208
6027 44005
17242 3574
33777 48539
15327 3089
4484 16386
21105 28552
29670 23693
43745 16273
22458 17436
22930 13300
36389 47248
13284 49703
46123 47275
43350 38200
22849 47319
19147 5472
25374 1813
34787 9553
22036 11231
7900 26523
31150 957
40621 48074
43996 26261
3534 17298
37828 46193
14409 18889
41515 48365
2609 20900
34236 22822
44321 35108
8802 9622
2624 17740
37121 5928
16993 42313
43052 322
45681 2595
21256 36664
12628 45338
5097 41247
43274 48840
23831 16363
15368 38813
21722 13943
9481 35024
12150 21900
38366 40198
20997 13845
3799 26970
22287 31994
42593 48503
48781 1077
46437 28874
1657 3055
11134 6983
23378 17339
41740 31337
21973 6317
25808 19974
8186 12040
20798 47325
44595 3944
8213 2003
21624 17319
15220 22576
46493 24728
31898 41884
39038 40896
37115 38015
3224 6450
28049 15841
17358 36104
28660 49070
17063 5835
12180 16664
20375 8926
22767 25902
40229 11488
34971 27625
47868 43604
26836 6068
23836 39421
5040 17739
26038 27034
48148 11048
36730 39628
35724 31681
1635 40777
19808 21393
41363 46205
16546 4744
46980 44406
2867 21665
39839 18600
34917 11346
30694 17158
34223 4316
12312 46245
47541 4245
34744 13178
39635 36916
25382 6662
13944 46301
25031 11460
41548 20160
40541 3545
12977 20326
14215 1691
45895 25857
11743 19252
39787 49735
39281 26336
31089 44337
47168 32153
17553 1374
40547 45221
31059 32411
8503 14743
24903 7717
25517 36525
31147 7031
47781 43549
49363 25873
16801 28647
20559 30734
38965 49523
43073 40396
35477 31007
16568 43982
17178 46386
15986 3363
19411 36613
9164 47342
40199 1282
28669 38917
36973 14528
27093 22924
4774 21413
27926 13955
39505 7339
44013 41993
15275 16209
13744 22264
49370 8293
19896 37204
14884 18185
44087 18768
49843 36024
8713 37483
25168 40513
39781 27715
19883 1173
44834 40837
22483 1967
31705 16745
35569 40320
21601 46803
38055 2459
5755 18731
41888 41661
47521 48404
40775 8091
15112 4056
17614 42376
38186 7068
49140 46829
42128 42643
2815 39692
34221 40507
47466 41791
3625 982
14341 19575
9756 4884
5627 32864
37811 27805
21720 37765
36631 49168
1508 3605
25519 20413
18393 44003
31946 21891
40826 45280
22819 14021
30397 36117
46338 5964
10131 18898
17758 1504
39016 35184
40635 13326
44444 48856
1475 12946
10899 40305
8867 1484
19488 38963
47173 37813
14342 16355
31492 48844
16907 29467
46028 43155
39685 16392
4930 23766
2291 25718
49456 49574
18361 44663
6280 47291
10353 17346
13360 11185
5192 40503
35516 45808
14396 9123
46878 42474
15930 41038
34372 20999
36207 36443
681 21882
26950 48518
12223 8359
20118 7842
42001 43358
42779 808
20760 15623
4233 35208
24844 44052
260 4318
25490 9881
14385 47954
39523 35268
13182 33662
4615 37543
32575 32531
39499 57
49751 48354
9916 3684
37054 9783
43666 38435
36579 27583
24336 21614
10217 31380
30138 7580
26658 20102
25090 16428
18305 23921
18828 36313
9064 26240
33387 38672
5410 41048
4897 7742
16993 13350
17219 17083
47899 37372
37901 43076
39153 33360
4691 24731
5721 18994
28497 40636
39416 1793
11219 12044
25588 11064
29796 5103
42838 35165
47671 13279
16446 43107
934 46179
46103 23258
26683 20540
22299 36993
25592 32359
33081 46665
19212 33399
49521 3303
40720 43528
1033 46099
11759 20622
15981 46461
47385 26154
15827 8091
26123 30650
21791 34405
2558 13493
13525 12258
21100 45384
28056 14429
43431 26194
39688 36237
18056 10667
16653 39412
45907 26378
13353 30034
1349 29270
23003 29102
18627 4963
45166 13913
24342 27306
25086 44259
20797 11940
41111 28916
15386 13315
37550 34027
44236 42489
42171 12706
4854 20752
27523 8291
39331 21174
40820 7411
13038 22875
37142 16224
40579 48992
30100 15448
3656 25619
10641 39733
28441 32016
44724 6929
47087 35905
29064 33444
21710 42805
5702 41049
37981 13201
13206 34551
23344 8401
23188 43715
48253 42186
19551 48197
36540 14833
22251 32699
3724 15423
48240 9881
21280 29970
31403 26590
42143 9791
13431 31906
43523 43795
49738 26336
9898 19032
37964 16255
23995 16411
24520 19814
32463 13983
14610 23574
13587 13850
20692 26074
46962 21712
35220 25477
19353 7023
17040 20273
24340 8546
47281 11208
22535 5200
25722 929
47456 40892
14985 7342
25256 9244
42787 42940
25040 47806
44629 10912
42790 27618
35435 1875
43656 15147
32662 41767
13611 15193
3176 20687
2294 27153
33776 49278
11532 293
18900 44118
6445 40573
45389 26986
18041 23855
24997 11771
3345 27896
42601 14167
20047 46343
34121 8509
40951 46938
21337 38869
46462 16885
4899 34828
8232 10067
46435 22436
1075 36405
2502 7912
11988 21795
23112 37088
4396 7652
38489 7589
42426 31030
6553 47033
7626 39249
39511 37982
44852 49453
22062 14605
43842 49928
28612 14125
19984 42888
15322 24121
25634 40838
16664 47558
37939 43287
3409 19141
27197 48391
43854 30908
34623 3391
29159 5423
36081 41296
22788 34151
12807 27769
38509 23220
31469 37131
13727 4285
7918 43848
28946 15588
16680 32592
47972 18887
41477 47920
31084 47693
48636 3903
41468 49645
26638 32126
26140 40183
18777 7546
22649 29836
11020 34515
10553 30088
20809 2913
47380 12867
21883 14225
4279 48838
1643 14027
19069 23237
42461 33752
34308 25369
37800 3016
31061 1870
120 25490
46075 47276
4843 25878
31869 18190
49361 45823
28383 38115
47025 42883
40824 27686
18321 34418
10720 42458
36331 148
31136 8492
16851 4954
3776 34034
23414 35678
25017 27692
41643 22737
43319 31661
27217 47518
26198 42168
22538 16072
9923 32479
37756 8208
26985 3324
29764 15253
47120 30237
24835 37673
15482 37872
45078 16381
43311 23160
27186 3414
41910 21243
48766 27939
45061 29766
1463 47685
30973 32697
11841 40623
22235 29724
21948 10072
26866 3688
46013 36751
48293 3160
2805 6509
22547 10101
49823 22425
49078 11388
664 45195
1863 36160
3523 23322
11342 13083
21981 44673
35141 10867
12624 38987
49178 32852
49406 1276
9625 5806
7837 46506
4174 47513
8393 41673
44289 19527
11527 18741
23325 35304
5283 13078
44745 24641
26171 13457
47093 30631
11421 47456
31217 33939
47686 31760
42974 24026
21522 19773
32879 10054
48056 18808
35984 31033
21525 5316
35151 38506
47765 30516
7883 27252
24360 35879
4583 7740
15862 2118
11721 35880
32084 22612
28304 33400
13533 49208
35136 43991
477 8770
15453 36995
47446 13110
16022 10307
17362 26567
39842 21937
17412 49019
15069 18302
30607 18870
11949 13739
42466 4105
41720 26478
37763 43537
40692 49318
6296 25668
37639 23477
33863 30976
27793 25122
30635 21082
6100 36672
13308 38284
25171 28785
12351 25432
24890 1802
11548 33486
18352 20369
17122 24084
16097 12772
9123 14824
24151 45769
27120 24419
49501 22666
45970 9364
46129 28869
14726 30197
2825 44031
48223 38119
15917 43163
17216 21266
43956 2642
33 3644
33892 39707
18504 39645
10836 26892
33642 31682
15002 14505
6979 32552
16387 41417
40400 10369
21155 2356
29458 40350
2390 30761
8876 12495
46987 6912
6847 5369
49863 12347
22143 35733
25125 23770
46472 45880
45079 40064
17640 14788
25211 30369
49290 45830
29653 26985
13822 5170
32517 515
42135 8385
1774 30317
6694 48637
34084 40528
27403 14308
40566 32001
12708 17534
22800 3999
24409 8654
21161 25474
28915 35372
46633 33002
12576 22183
40612 43280
41718 35015
36005 30600
24720 33701
8897 39124
9374 30927
46987 33258
11051 49069
11809 6663
33546 30381
49420 11807
9015 49683
21918 25297
3860 39083
44850 49608
5817 42835
14776 40595
45508 4645
29766 33970
13175 47176
13482 18631
4179 5260
26166 14102
44901 21020
20242 37905
21568 40196
2909 25063
14925 13988
48877 44410
48386 22491
28566 6607
40545 31559
41252 20841
39203 11306
37597 48116
10637 22783
8070 2338
22232 28599
5160 35079
13992 21176
1348 18552
11931 48670
6863 10420
16296 34833
13332 40758
43330 18330
30074 8726
44226 48223
28275 48237
48718 47695
19571 120
9774 36536
26265 2089
35516 17531
39080 43537
2787 33418
29931 17989
21341 10331
36382 12075
45741 954
5808 2821
14635 35214
12534 16846
6573 21070
4070 11393
25883 39562
15419 13523
46697 46726
17590 42076
15341 31629
38943 13458
47753 27185
34113 37445
10921 18374
25786 43058
30804 40103
40419 28058
14276 17950
11636 30217
37688 30813
8700 27914
38154 34071
47179 6956
27860 44405
26223 24697
2406 39628
11812 35174
48022 3741
44654 36977
30164 10164
31259 22542
45866 33049
6970 1742
24488 17855
45524 48521
27663 15660
20134 46843
16509 33770
43869 27182
10617 34609
129 31835
954 30909
49812 17008
20521 34441
39538 35001
43006 20581
18626 30592
36 48909
31649 24945
32558 22434
32897 31230
34351 44910
1573 15228
37818 1628
25922 49169
22889 22255
33764 8853
27131 22236
26191 45849
36194 15354
24594 45093
27238 39309
37220 8585
27062 2253
37326 6363
350 41150
28775 5498
44384 13541
49187 28233
6193 2828
18578 16803
41893 40265
6569 49974
34721 48358
11895 16733
37951 42258
38896 4343
39575 46117
38579 14267
24244 20290
33125 39577
45111 31731
12976 28217
9242 30839
5055 26858
7403 3937
12559 33553
21987 47549
2047 43287
18333 3442
25307 6188
18570 46593
5032 44915
45232 44921
47626 23757
39187 2397
42254 4836
34506 23365
34450 6609
19798 23707
48758 5699
11617 5839
25292 24593
49763 20827
47718 21842
15432 42391
45704 21089
14570 40361
49404 135
15458 8965
23038 28986
40990 43786
45145 18662
11138 10777
8862 35194
33660 13976
35580 22899
32281 10525
43558 282
38964 7692
49878 32332
13971 24757
39101 33058
26995 45804
36467 7946
35126 44775
23244 22392
28115 9403
48695 25715
25848 48559
4827 30350
43323 45421
12106 19258
32529 13246
33610 7646
35708 14329
5580 5520
47398 21054
38309 6960
33364 1831
1491 11464
12146 15540
36019 6591
23290 38508
35729 32972
26540 30818
23667 28201
13464 7335
20656 13584
18959 33039
8117 49223
28477 48247
9921 7431
22060 36919
44625 11728
7531 13441
12941 18768
15344 22844
45153 44962
18919 1987
15304 6688
21784 49074
5720 43132
27114 29279
14454 8213
1122 6217
39375 44019
46899 45838
28498 25869
3866 34669
45809 42047
24533 47217
46695 25241
7028 4173
30689 31265
48417 28395
12575 36500
26266 19140
49557 21824
2624 10050
38806 23542
3254 46071
14843 28601
26426 12259
37781 17669
22209 6950
43496 49306
30019 44071
29465 24941
34664 34075
5679 7476
30146 47001
12757 12844
7612 27283
3410 45592
18698 13036
2569 49728
34395 17666
35929 18919
25884 16421
24949 15022
41122 43101
8142 12428
37232 27865
18346 29488
39678 6126
37229 8573
14222 1382
16062 43195
40694 31655
24475 45778
34498 35263
9839 15694
4132 22872
44966 12329
4940 49209
1075 12354
7125 16707
42124 24569
11793 26621
9788 49689
19927 13244
40523 17036
42568 11458
22311 32877
3532 17410
47548 37648
9822 11057
5037 44769
2551 39261
49117 7110
40031 45631
35232 13577
31585 15158
16104 49952
3537 13364
22546 7347
47125 21437
14379 40585
44576 9184
7737 29545
26679 3311
10846 44392
22530 8754
40904 1306
24745 33506
42042 29617
23833 20311
16127 2186
38550 28345
33134 43778
43602 36594
33159 34612
6551 45908
33571 18957
27936 14717
9646 15927
40431 21603
36242 36489
30615 20427
34052 8513
19612 32862
1694 39692
32323 24123
28878 46826
44250 21711
44161 36220
10869 43926
31450 34747
32468 26584
35230 26465
49241 8180
24964 44050
10955 20568
13971 26260
32126 44835
4393 21405
1757 29972
21816 35556
42016 23138
22358 17715
4246 40568
1832 47940
27855 12565
26324 27603
23868 9328
41345 46498
34269 45305
35712 5062
42998 26882
5762 3953
39580 17517
21197 33131
43884 17637
26091 16534
26053 46444
3231 21630
20162 48128
28983 43058
10230 40136
35511 34593
759 23960
39253 32062
22173 35163
19107 36496
19544 20369
47659 22874
16890 14003
28423 29455
41127 44043
32224 5823
22291 45409
22894 22534
2781 19944
24630 18819
26515 51
3541 26633
5987 19136
12365 27118
19932 41238
11167 33815
22958 8450
36071 28905
4686 2153
9433 11709
48317 8583
2890 44817
40207 18859
28778 44889
44054 32798
15224 28193
43114 5929
48381 45649
716 24276
4112 13495
27676 15194
1522 2901
12944 10535
25902 39287
19348 34686
32376 8559
19254 49165
14845 2883
20282 6554
25055 4123
6516 39547
15978 37513
31279 3240
30091 42201
37583 39547
38993 16691
5525 26236
13697 17229
33097 29183
16991 43383
7440 44932
46694 8201
1925 23492
17709 23497
44465 4037
48824 32191
43426 12718
43654 9168
29731 30028
14198 4650
11281 27098
14361 10394
40856 38284
14112 48026
11978 28095
28969 42444
19122 8648
20190 26401
39059 12156
37519 723
39093 45325
25283 20101
48390 13311
8567 44747
18827 1513
26770 5398
28660 39769
23494 27307
15807 26019
45007 37926
39061 44358
43970 4305
13977 32753
4756 21470
9450 34321
21705 35279
48806 49111
20063 41241
42237 37717
15889 11532
25160 1122
34841 47732
7655 8875
1648 25904
35681 29497
43270 11135
41338 28845
44091 47070
34127 28435
22370 17936
32773 40592
18161 36246
6982 1812
95 47483
37077 36074
31960 9043
3457 48256
48802 26972
23632 6844
46531 989
7245 45277
12788 15535
18378 19001
47383 43576
29426 4019
32511 14975
12115 10691
36783 36754
1495 28639
1999 17119
25795 33425
390 1268
13680 1634
9120 38736
35984 15678
24776 36745
1726 15164
44324 4514
45651 33265
41468 9659
48293 19476
23498 23476
23171 49733
10151 9631
43982 36721
40174 7883
21214 8041
41190 21637
19129 46604
4938 20684
23033 39348
41862 28963
2094 12566
23182 29732
42854 16628
10526 25287
6497 35253
35158 32369
17912 6004
4956 17383
21706 28272
8804 45010
35788 37909
12435 11186
43146 16641
30004 39986
19126 20623
11794 37348
38366 19135
17753 43456
612 29503
46550 47734
4433 40359
42734 41269
18539 2453
41413 30645
3631 10815
35099 5528
37957 36124
8418 42370
38072 22227
25019 6951
22261 27009
44436 30115
32031 33850
5861 15429
35155 11819
16298 28293
21810 37886
5210 37486
8574 3213
7252 44756
12318 42883
16288 48585
47669 41248
23467 36080
31899 11016
31298 34203
13483 48341
17841 49386
23297 42372
47597 12059
42303 8569
21129 48440
11442 38227
25337 24004
41364 38891
41989 12261
44159 14551
9717 42302
13120 8048
49356 7068
34746 11512
37053 46225
22330 3694
9003 49551
26584 47343
34754 35344
13236 42634
40502 35040
35644 41731
9144 35977
34694 12165
18764 21427
3657 39638
11430 32486
15123 34774
7334 6396
31006 21712
9331 23391
15406 42747
22121 2553
28503 8157
8159 29054
32330 17376
25069 11502
25455 23351
7888 35019
42586 13056
25061 26334
28255 4944
32745 16399
25855 39629
17968 130
28641 11139
12017 39326
29401 40824
37761 21734
10510 33878
43684 10496
25001 20864
47382 25111
15122 18771
28720 37133
45128 23955
46265 9149
40593 17747
9361 30912
40302 4717
40895 13360
11237 21280
7330 1275
36629 24292
45606 11233
45240 13556
34572 19386
48907 33538
6497 41729
22562 6504
38901 45596
12501 11621
34268 5752
3466 5540
4008 10843
29449 42358
37828 30204
43686 6598
8884 883
30395 13142
40741 25421
41940 33904
46716 5923
18838 29370
27424 45757
29903 13291
6491 43445
44451 17045
1958 49927
29034 6069
37395 31202
10449 29612
43343 8035
20164 47435
20058 4073
13499 32717
38723 36958
45761 35028
6253 5937
31834 6164
3200 30016
16617 18860
3663 531
15693 40311
5738 43275
41186 22199
36007 26326
22137 19953
15359 6972
48412 37558
49296 20876
15930 1732
27259 21061
7722 43934
15465 46677
1041 33847
12537 15600
1062 42245
39890 16727
29408 37377
37535 13925
5164 24230
26164 18859
34983 43253
10055 9487
28971 20969
47241 41658
11474 5464
30924 28606
37269 30808
4681 49660
3020 17076
20327 39237
28973 16993
25278 4485
35495 9448
1364 44800
23889 21843
18351 12016
10571 28298
42207 3607
8050 40654
25623 27819
42986 23929
25039 49474
7354 42498
20840 43645
29610 2672
18705 44014
25690 10201
38630 36918
40086 20588
40732 33123
22722 27285
2275 41004
40185 1631
10032 12555
39220 20567
41597 41999
41115 9965
41351 44773
18556 30456
10516 21977
39874 31348
10161 2466
35403 10573
16776 49906
43575 45089
26166 8587
23650 9014
19613 33554
32860 38011
16655 16221
3025 33767
43830 36706
8784 23376
2246 31339
37488 4502
3783 19864
931 33855
5377 16220
15538 3254
43611 22778
31919 9400
31804 14077
29046 27707
15995 876
48643 33706
8590 2340
41039 28204
42975 39901
23025 35699
13085 16861
3595 29465
13512 44487
22109 2675
49102 45632
47958 7011
11320 39837
27000 33661
22648 48216
23129 36705
32450 39349
12835 36109
31564 1793
26734 47913
5913 36946
19784 15577
12261 16861
4031 11891
17957 14080
1319 17553
49399 42115
31541 48001
44004 30371
9998 13411
11128 48342
4817 25873
20438 9182
42116 26181
2042 18212
2804 8755
38556 32855
31861 28756
44504 24566
5501 38874
47449 7268
48814 26640
41454 28607
36341 10067
48309 4719
5426 4029
819 46502
16173 11686
32693 9932
40231 42350
11483 25729
39291 19291
6911 5694
42126 5104
39788 32435
46461 3432
42496 19454
41960 17825
41796 2265
29308 1280
20308 2072
35034 27756
47487 31188
30572 17970
20167 22928
48764 45139
2763 23138
40758 15152
31934 44260
28832 40236
35047 35850
23607 42496
22675 30964
40705 1468
2942 18310
32425 25362
17176 35955
8122 43825
27998 26854
27711 2800
24479 27854
42416 48721
21466 10256
29725 37895
22257 10009
42521 2158
6204 21467
19728 28173
20003 16318
37655 30495
20684 36289
18973 26762
40982 33111
23120 49825
26884 16490
42089 23969
582 42675
42526 49365
39480 20577
12385 18672
28204 23461
412 29689
18570 14494
36470 12888
7116 48244
27110 15785
36415 7646
7109 20729
1138 2292
5945 42903
42367 1714
36157 38411
47202 36416
37977 9071
13244 2035
40911 7721
13471 24429
10042 20270
14979 46596
40397 44675
38229 22994
32035 44847
10540 14505
35405 39186
5697 14658
26415 3531
33024 11455
24860 39085
10864 40958
24145 9177
34077 13615
2287 42376
32358 27505
12758 27993
24033 35188
30528 39928
27653 3042
27653 46199
15316 13695
14330 4498
49799 5458
2182 17372
12460 27470
28434 15645
46218 26211
13633 27599
21971 6100
13163 39811
11769 44096
38014 28933
39291 1706
874 42636
38056 49742
14731 12088
17190 43059
33488 29519
9616 46034
2066 21047
2614 19467
39935 40505
9178 48298
48247 28509
38368 20339
45670 14749
7309 27235
25432 25696
37911 21762
33916 16476
30094 42791
48618 8186
31203 6562
3053 45719
15543 16513
3146 25952
26049 37115
5373 42950
16366 15538
8303 12452
43881 4058
20588 49190
46512 35098
15747 38757
31542 36484
41065 27389
46261 511
24428 35849
13464 2647
5756 8032
8513 44027
43073 49076
34835 2294
47706 32336
27436 1189
11143 37636
17953 5820
40920 25049
13378 4317
31944 32146
9976 3314
22610 1376
40374 4464
32929 16311
26712 4322
28840 23610
23752 38988
37391 12454
32103 45836
24841 14184
41909 3810
23371 24782
5011 7408
6703 48477
48166 13513
9065 28569
2150 7382
22628 46270
28633 34557
47941 42751
35731 43565
2009 38432
21254 30825
42601 26309
18605 42134
25733 39442
13827 18054
35319 37930
37689 21905
25938 45739
49486 26788
43305 15913
39856 19042
26623 2085
12949 49646
40783 48466
34410 31873
20831 6361
6647 24968
42679 22160
13993 31555
1722 455
17805 41351
3732 40368
12913 18703
29560 5621
15983 32262
29539 11955
30048 14642
43127 23626
39058 14843
17691 15355
35379 2936
27993 11839
34221 22333
14330 11439
38600 47012
291 28177
25039 44697
1488 33669
26048 47094
30692 43321
29160 40270
42217 10655
48462 37203
26815 46363
13372 32405
47203 6872
16764 21264
20549 16994
14252 17071
13694 22705
46307 18440
31230 23627
34105 4815
22113 41536
4875 41114
26597 19928
21604 5960
24371 34284
1088 24950
45891 10442
25705 25734
13584 33771
25254 38484
48784 6449
9698 10304
33652 29354
29535 44162
25094 17094
4114 16783
36 677
25058 27198
20292 49702
14946 12547
1736 7631
37875 9815
23820 3602
19873 25453
47234 2778
35519 33938
38120 43454
29128 19690
13163 45278
44204 36947
27287 6391
2535 36489
29947 41617
30421 42569
2487 18674
10696 10704
14529 9935
5394 21278
13547 40159
20488 30768
24838 10464
26139 9498
232 24313
43997 4380
35496 17135
18178 45990
8625 44710
28731 20669
3982 5617
16528 12607
2642 45791
27632 13546
49673 20376
19154 15851
27282 44689
37952 1471
45444 16923
21451 9202
45172 26535
46088 7010
18961 3774
40771 40702
29590 10751
16564 3168
38568 36692
47803 42576
48614 21784
46652 16403
27259 45901
39539 34191
22328 15381
27698 35362
4811 25877
18002 1788
48822 19013
22138 243
28142 27651
49488 46828
21492 18949
44825 32232
15982 27382
42345 29865
38102 47164
21646 33253
39291 30428
2593 22258
39590 31917
17033 38474
38850 36708
5358 21169
43141 24432
13670 38264
1446 44147
18275 15477
32901 35720
1477 18509
23258 27982
29689 21735
49939 21588
18839 47598
10265 23740
48393 28881
6992 13923
44714 4077
14926 30934
14790 38259
11668 45453
43850 15804
14740 40686
34303 20704
47042 5447
39262 45628
48741 7894
22232 31148
17203 25682
2466 3195
19140 47547
18447 6508
47375 2430
31634 28993
4650 16203
12035 48946
15219 33989
39925 31178
20712 20237
20075 1539
18960 25820
43664 41581
9746 20746
42509 41323
6167 44212
34986 18642
46267 29461
3560 49936
32995 27594
3616 11845
98 3909
44150 3914
16139 7463
19043 44317
12587 726
41344 11308
26962 40128
20205 33121
10696 12802
32259 25518
4395 27405
35212 23352
45988 20508
28555 14854
3966 1437
5059 10166
45318 4936
47717 12247
29033 7130
11436 40159
36221 12834
45435 49295
21352 22081
29408 10513
14468 20570
27424 49463
33444 26553
49379 31982
49394 8405
43904 36127
6307 34768
32785 11305
36660 7343
13311 49350
37265 1238
1038 8360
26509 36543
15104 49455
26669 15496
24182 12723
42370 47197
15292 10515
26663 48159
36710 35512
45123 8157
32595 12325
19529 9130
39616 43613
12578 2245
37483 39192
31512 40041
34435 9752
15867 49333
16160 7591
23110 13665
12361 38483
15023 24876
11611 18851
11595 43646
7914 42781
5508 25413
36305 15723
45970 14693
49260 9675
14473 49370
31456 41935
15126 14697
14735 3088
6245 28186
15231 10090
5236 8501
44437 44046
7409 43513
7053 3650
39687 27446
5352 46861
1940 15306
44052 46457
47758 3247
40119 30474
1873 30167
24298 1448
19964 9612
40193 6354
30926 3553
8664 16115
534 40249
41503 42963
30167 20162
22863 5934
37138 7678
1347 12783
32410 2197
43970 570
42362 9323
9124 7379
26990 37599
38808 36609
18314 45958
24501 42275
32817 9652
27208 45216
43857 2883
16690 10955
17004 45466
49684 16542
9553 46973
27875 8063
32546 37569
25854 15859
11179 41467
32234 31264
1464 215
15630 49295
34902 46194
31870 28097
10615 20692
10092 1490
35807 1293
15647 13613
41401 17430
29515 13991
34513 29970
41946 21869
32239 34952
28898 47328
12120 41094
45051 3674
39158 29731
49072 24683
7124 26908
13959 45882
43894 5560
20874 4531
12783 15616
39574 23461
26330 37956
712 2806
13650 2105
48875 32887
24974 36331
31261 47108
5852 36831
43672 15091
3894 20125
36510 16555
47941 46210
41737 14966
9121 17280
323 48244
48646 29443
18774 44307
47979 35375
26445 46659
10878 34811
37463 46482
25322 23415
46084 19203
28470 6989
13195 37239
10617 10086
24127 35461
28617 6166
23218 24088
26431 9692
3905 16015
22796 10700
25367 36565
19179 41841
2746 18350
4429 15921
9811 17806
17054 20455
37746 11501
23240 38879
14073 32295
18606 4523
9945 28530
3409 19633
20496 18687
23260 16488
17552 11496
33239 16289
11150 250
33497 3133
18372 14995
43150 33911
10048 17796
41574 41507
22588 9591
32188 2895
21165 10378
28085 27001
18839 22551
20803 5903
43558 47003
17306 24881
7756 27838
22653 5079
48191 13813
26431 21274
46810 153
27266 44332
29178 11936
22458 6272
32250 37837
33449 30489
25087 42869
17574 13907
26564 7499
8065 5979
32730 33706
25413 30287
13171 7970
5716 3655
34150 15376
39948 23367
12661 12537
21957 12473
13489 34635
37365 30013
538 8382
47783 46896
11098 675
23351 8956
8591 20476
32822 46021
31524 10544
8889 20708
28953 31097
9328 26992
46344 38406
1459 10665
10169 4812
8548 48234
16352 441
15644 34375
24433 14384
43529 16865
30514 20785
18950 7777
30054 3963
38868 33314
171 16472
45823 12566
38263 31329
33293 33108
1493 17654
5186 3060
45815 7705
34302 10256
21397 46699
12868 43693
35212 18846
22722 47355
12995 16278
21207 21908
6321 45252
5443 24955
16803 11901
26701 26702
31212 3395
447 47829
32839 36151
28309 31718
19671 23862
6137 35577
44372 8810
38688 37947
24966 20135
2241 31918
45028 22527
590 5956
39533 43756
21639 49366
5524 29906
26820 1668
12137 7226
49076 7583
41509 10783
37194 13681
25195 27986
7882 23733
11066 37127
26040 3456
18346 8095
8755 111
11933 41575
3512 7137
46664 11619
45573 36607
4813 37031
17650 46511
5408 18762
21226 1224
10479 23948
16691 27544
35424 39945
44842 4811
12197 47721
39030 47350
5030 15938
19071 40958
36189 32232
43320 49376
21073 35280
5033 31771
5769 38451
21542 45818
40045 48007
16036 2478
6945 16732
49212 26980
14275 33271
4341 42458
11151 34485
8876 26890
29667 23838
20262 35825
24636 802
40711 26890
20196 38782
352 27578
34897 1828
2156 16605
43644 27934
43098 47945
3922 36700
8257 7829
32544 30044
32935 20442
44778 32667
10119 835
34199 43792
24630 38875
41573 33780
42007 31227
10828 30212
36514 6829
41115 21542
36462 46115
46401 627
23412 32456
3116 87
7654 5242
34189 30573
6771 12335
13423 4496
45455 1120
3953 7205
37048 46839
30431 1995
19749 41400
41446 41170
45013 22436
9270 47199
48746 42686
31318 4912
34266 27344
19060 17399
10648 47387
33569 14889
114 27734
8446 49692
23423 4259
8560 35416
16041 10572
44192 30508
47638 35906
25261 43432
37016 21140
19596 9397
649 30665
47289 23082
4008 21649
610 760
32164 19528
45733 477
14382 28656
34603 43509
45644 8176
41651 2176
35312 19733
13686 8789
4871 34316
28473 32219
14303 28733
49348 467
42874 12247
25446 9324
3126 32017
14768 11572
21847 15829
22731 11259
3340 26530
18960 25185
14406 35833
34942 38456
31843 8108
30926 23017
15949 27027
26882 15177
18258 46435
18017 49348
14308 36753
14711 40285
8931 9855
24389 3299
24261 14540
10398 12877
48503 45529
10352 6063
24421 20115
31816 35416
18847 23050
3449 11050
48278 19133
5237 45885
30894 34201
3516 34016
13019 11807
10014 34227
22794 18283
26940 18064
29270 31792
49675 41390
20006 48140
35695 15065
14051 15819
48857 34435
20075 852
33780 9730
48891 20900
49978 23296
43180 37820
33393 41809
15315 16358
36482 41611
31632 48988
17668 30683
47426 14270
15559 48096
37354 14838
5816 41627
3731 41553
26081 15174
29508 40306
4362 23295
39604 27018
35241 47567
21195 26876
1378 16298
31820 40117
22920 45
11927 8989
25707 6065
37544 35477
37158 35581
23288 42849
13783 3689
19917 33988
27368 14685
5694 27138
10785 19241
15983 36305
16164 33177
22646 19174
13700 49404
3107 5128
25304 48478
20025 24069
37470 25715
49969 45516
28980 25310
21430 408
20957 19951
38907 9741
3364 43607
31538 15267
34312 38354
28051 29297
18251 42875
29878 4074
14399 47188
20942 1859
39964 20398
29407 40115
4024 36345
33650 20919
24452 9059
37606 19102
45375 24710
2470 24989
46159 17611
33300 19638
21175 31485
47119 42972
21413 44334
25357 40038
30526 27903
26365 10838
47278 20634
32171 19882
49939 14992
32174 16112
47779 47168
4920 49097
22989 30700
43796 10550
651 10339
13388 22201
26229 5162
6070 46178
417 4366
19273 29446
26883 11891
13283 10198
3473 16065
31371 13151
38463 35294
40704 23979
8087 48746
45582 48636
15234 2806
1284 48327
5714 40285
15767 39580
29473 10785
1307 9024
49597 21474
42281 28868
11516 12742
8679 35787
47595 11964
13573 28622
24059 14518
33984 25343
22452 25654
26280 27291
15050 14739
17512 37776
19841 37466
13965 7148
48791 4291
19060 22081
23556 26053
7306 7903
5735 38569
24408 28265
29547 13616
28379 27481
16443 12985
7942 48956
46675 40973
7528 19208
4534 48236
34650 4041
19005 3109
45886 44257
3236 49772
24702 21735
17270 45591
2146 8923
27473 44082
28669 1926
12209 32715
34264 29254
12477 14044
13145 31708
37314 11793
48857 4225
1196 2360
15962 16313
42667 30492
23431 28026
3065 25546
10270 3010
45402 49394
45708 20168
31291 48938
10144 12549
37945 45248
48819 42028
44184 2452
46150 38965
42488 10628
15299 2620
9781 28001
3273 49626
11251 4985
28679 40462
38184 43622
38924 18292
24121 28921
41518 22809
45896 23975
13872 11967
21934 16588
22401 4644
1302 18549
38116 33191
4621 29079
17557 44029
2868 6555
26695 35794
48267 4187
15746 32690
18746 4504
49498 2774
17476 32315
8212 35812
22626 24343
21607 38350
4813 18910
8058 20621
14379 28919
22291 14867
5269 23140
26666 20996
3486 16431
49574 23944
35670 32989
48933 7067
20955 11725
36874 42049
39837 14445
16883 13188
2578 47107
39114 32267
22706 13672
21042 16407
98 14386
27520 6384
29301 1885
6631 26929
14896 37792
34979 5266
16139 1517
27340 16613
31068 25917
19204 12649
48682 12548
49493 3253
43190 23234
24108 17712
26546 21946
7409 14044
15323 36359
1402 4911
14043 45549
42371 32268
30975 37119
37571 1464
20446 34454
1959 32471
29493 8195
26163 1166
5983 30054
7836 49461
10722 30004
43554 38544
42501 24261
39210 27426
19967 38420
29098 6484
47308 9765
27669 13269
28019 30162
42171 8872
10724 31808
47595 32507
24100 2479
28102 22951
35503 30566
8830 27204
2060 17261
35493 28659
30946 47246
49805 33281
30517 33275
9080 38878
19986 1267
41220 6541
33922 39834
49795 43857
45472 15021
2899 23496
27643 32033
14597 48049
35566 25619
40983 11765
15530 41692
8220 1591
17223 13148
18562 30371
22470 5299
24765 14349
20846 5020
28204 13613
29905 10171
8307 9790
24487 31035
17112 16631
4049 33103
46768 504
31216 25253
34313 16344
21407 787
49830 1513
16458 48785
38145 1838
3718 21800
38718 33786
2064 4756
10831 317
36879 43407
12712 28340
33581 12135
40989 11274
49398 38285
41118 75
44907 36287
20167 22285
28312 10924
49438 26151
49633 29665
34935 33457
12914 7470
8343 21788
41001 47185
46843 43625
31719 4219
43030 40125
3434 15294
7134 32307
32959 30588
8574 28399
25191 25261
42727 22038
46365 31421
43884 40641
3147 46727
48091 25673
28648 46963
29993 34848
43258 13104
11126 31405
19328 31124
10325 12218
20350 6230
13195 34073
28416 35206
43505 27723
48267 45983
2432 17675
29972 40992
5381 46572
400 16189
47350 4802
28896 15286
30996 12516
11430 41781
33343 25926
42052 31880
21259 25445
14623 32814
25924 29749
31970 42660
25814 23126
4682 32958
21418 29812
37008 11249
16072 43310
1535 29735
44670 5459
39702 15472
40515 42890
26367 8889
3247 21068
9904 38801
1783 28292
416 32479
3831 35917
37860 48966
47310 27262
18505 42265
36397 12738
32669 35183
37546 38860
27273 11402
44357 4207
44799 10557
47207 31993
23236 27415
24942 11270
42911 21949
12062 7976
36034 39124
44821 33474
23158 8465
17637 28857
3560 37570
8815 40754
27557 39606
3737 1032
20669 44369
33466 17101
46013 3816
48949 30538
42333 18043
13264 37119
24588 40634
10237 49000
31317 35267
18261 5328
19999 40477
47607 4155
19125 18414
40252 16695
20122 3207
42818 49439
13994 640
16377 45588
25348 32672
33993 27217
25754 15212
36473 25867
37666 46759
4717 48655
9692 17000
37479 20152
36822 4649
32795 7826
26731 314
38743 24809
27768 2649
498 4305
8035 42272
29105 41570
13930 6324
2151 22405
29956 18485
18956 9799
24229 9961
24314 28547
23271 4057
42429 11372
23262 13122
22694 6690
83 19675
3184 21772
22543 8821
24945 27894
40421 34383
21585 23542
12593 16757
24102 48026
49643 17154
26467 34585
38397 11856
4018 16234
47411 14454
45137 28123
38509 33408
27314 24137
30221 31664
36546 7848
43257 45405
15744 2801
43160 34932
2011 37953
3242 17068
36066 24437
13415 22776
6678 10527
977 25070
19894 25086
21563 38625
18883 47970
41562 25181
24310 15095
10852 42103
31573 42826
32366 1887
27616 47260
8338 8330
34981 42460
14308 14961
10148 34828
30886 24604
2315 21213
17411 19597
14197 34573
31903 39424
23039 9319
33739 26568
43575 20149
49525 42196
12436 28470
12165 12008
7489 26783
10148 33078
33089 18104
28425 894
29255 8661
6944 43084
33896 16716
46769 25469
19450 24140
23759 38470
47562 19514
45144 22214
10732 18876
38861 17714
42685 41641
29669 309
17009 35317
11514 37248
27757 38429
13651 48315
1005 13103
33593 2673
21858 38994
43172 31062
22783 25083
234 14898
49175 31452
4963 43655
7506 1522
42728 24104
1363 32646
1937 41148
36761 45781
45930 23243
3655 13042
39376 18913
40254 9380
10010 26311
8019 37984
13406 9057
2287 32275
17024 14361
8114 11448
11044 46245
14364 236
19104 7203
13292 3497
43801 3760
47154 43172
17203 6504
15668 23929
31845 26768
29041 22635
1053 16148
38264 4288
24832 33356
39073 37900
19400 16509
41244 47985
36393 37598
929 40050
15219 38125
1240 43796
44238 41981
8934 19771
48510 41874
44748 15206
13411 20931
20523 7788
5485 46548
6350 45260
23691 10134
7480 32500
357 26460
17269 47707
29782 32614
6617 2445
27473 22645
46911 17614
11090 2917
46515 22890
28585 35044
22649 19829
8249 49149
26241 31275
35063 9002
33442 29451
10877 20761
29565 39261
15590 37892
7969 15483
9335 15510
49845 28657
20675 13962
34476 9449
7502 43474
16953 33575
26715 18308
37154 23101
25720 18475
41626 3471
44528 22218
4773 31601
29662 41279
44109 9563
32073 2248
3319 7711
36827 49117
15854 3144
1511 7114
8537 26549
32686 13782
3956 47176
45987 32497
14424 30689
25049 30153
2653 3271
49513 15680
3159 16019
46390 24176
16946 48949
14121 32662
29185 23739
33040 17981
684 49213
22260 26183
8481 729
11476 19428
29124 14
9499 7565
27279 42189
16322 45922
6138 48989
33985 39806
39461 33802
37956 37858
9263 18113
48063 3224
16149 44774
12184 3070
25867 43110
46133 45297
31597 16500
24249 36119
5766 47564
27883 28240
48454 17283
1680 42577
44816 781
15111 42301
27868 28547
39262 34622
41341 1852
6129 11232
17816 25521
41679 11190
10852 10228
46371 41410
10978 36393
37246 11561
24567 32539
18834 23366
49979 24548
6829 6048
19479 45522
25166 40712
49224 28836
33043 39537
21483 40435
28405 11227
27913 37883
20432 25717
9159 31265
40990 41409
35465 13570
48423 19558
29677 23282
7149 25357
9201 11211
45128 649
38934 48014
37679 40817
30064 25152
45022 18984
42969 19134
46716 1339
9961 15510
18868 33786
18489 30290
17841 39552
45000 19172
39303 15231
2772 39329
8234 23724
14073 42598
31933 38860
17018 6628
9318 43935
42623 33237
21994 5892
29238 9541
19760 1918
22924 48067
21992 35317
31531 39523
49509 31873
40613 34211
12164 10246
24512 42400
11709 4386
31947 35140
16511 34007
42878 47468
43911 32135
13240 23934
40584 39221
3865 25390
38030 33789
19027 36276
36379 37319
27555 15933
7910 30021
11545 39584
9120 24203
11821 23801
35182 47015
16245 24232
12146 18909
13902 21788
25920 40017
11724 14463
19253 33598
42446 18001
11451 49851
13310 24379
48813 13130
29652 36060
16371 32977
25205 34379
24297 16960
35712 45214
47026 27349
37199 30096
48230 49281
15287 24788
10220 39290
44151 45483
26270 35676
15846 47282
17533 29995
13322 12415
42377 43126
26277 48997
12739 24746
39693 49714
40484 41323
15257 18185
15514 28771
9192 32622
11333 42193
1028 41951
28143 7719
21871 24588
12892 30563
13222 30221
3259 18475
29820 24970
5135 45218
5235 6459
45482 33019
47332 43885
40574 42659
26380 23578
10206 28398
11492 44023
14117 15086
13810 21960
32115 12275
6246 18874
5563 37221
13938 34147
47385 26894
37516 7742
17738 48733
28845 1355
43427 49586
39494 47279
11123 14162
20598 28326
49239 32245
22427 12692
760 28272
27794 27477
39045 35672
4592 36754
35620 13310
29154 39595
41521 24835
26691 28723
44330 38365
23146 15707
7158 13151
35940 15822
13467 41224
38375 47570
12588 19401
7854 45825
25373 32023
10495 19674
40343 26498
47752 25403
9419 17062
22598 21083
1941 39840
45416 45318
46061 4711
945 38903
26767 33568
4103 3021
37126 36245
22526 41036
1315 19514
16651 34406
17114 9203
25750 2219
49087 44627
37938 32487
29590 45979
37028 48874
25081 4440
9876 27207
22755 9664
991 3446
31071 28867
48252 30870
34446 23512
29655 32653
15718 45061
34706 4602
47160 23578
7691 13057
4626 15658
16362 36264
924 13318
31330 24719
32733 23304
16089 38458
30719 43011
43958 27716
30340 32461
43982 44305
4254 22965
2218 41337
17863 47213
26387 32316
43413 23147
11372 32786
49186 16226
6236 10378
3615 16950
43314 25626
285 17793
24126 5225
36685 28820
12352 46235
44999 24151
36241 23981
12972 46601
16805 27230
28902 2379
3085 14813
30473 29591
20345 2704
13627 44375
40254 25852
6632 22631
6392 31361
2106 30572
42929 49910
47202 6644
7444 2671
26785 705
29364 32846
29794 11231
4583 25115
46880 20670
1460 4675
35944 24865
37330 7784
8132 18748
29432 26352
11770 28947
2805 34217
5219 13327
35722 14904
39248 3672
30596 7700
23575 18611
33440 34143
32675 3193
38592 43705
4600 48124
7646 9592
46106 23206
4797 13351
15551 31470
1429 9610
11321 25563
43412 28186
32394 25260
44490 3041
22132 30754
39219 19258
30896 42479
45088 10262
29353 36716
14467 13466
33313 28940
12911 31308
1112 42599
39883 7183
47698 32594
33520 34655
9716 7527
31360 38400
46973 22873
20543 15350
44606 33155
8738 48024
29952 25485
8276 49932
30074 20028
32574 15206
22464 15914
6445 39085
48539 45134
48821 8994
20649 36535
1171 43478
3190 36878
27534 4760
35889 27869
8418 32952
49072 29543
1852 46774
40744 32679
10806 43986
3484 16101
40442 49213
8017 32422
27823 46791
37997 5333
48654 719
5934 13242
7141 28945
48032 20778
1527 15794
37701 24261
22222 32605
45303 9412
26931 19347
23678 43050
25469 25256
8023 48133
17759 11192
19646 43449
341 9962
19554 34692
12230 30981
49743 12743
30383 12924
15897 35285
32499 45207
24703 41973
49281 27526
12703 36190
13529 32410
22257 47708
36883 34804
14466 4287
31731 39793
34486 24882
10542 45041
9172 42498
36155 30173
7761 8973
15841 41242
7687 45273
10296 36672
42147 26619
12691 48778
48615 17343
4510 47211
33270 15426
21455 25869
13643 15868
28122 27808
45240 1865
14538 5552
14754 26903
49386 6469
32976 1709
33299 20382
28900 1657
11275 14871
43774 11357
38166 43241
40732 230
5791 43186
1802 5978
32296 46908
36850 22092
3939 36733
15186 3970
28532 34079
45661 15485
29693 46887
7039 15255
36242 6184
23032 13062
5274 2366
4292 38869
38493 44406
7767 3400
22162 7994
8486 7258
20367 36323
41951 1872
45164 36277
28297 28346
29378 24713
13725 4832
3408 32886
34324 35369
41104 8405
48896 36417
37009 36410
25843 48861
47391 47161
30609 41773
38107 11401
9487 46343
11214 44400
42412 772
21371 31568
8633 11335
11516 20317
32947 12782
47214 43080
16861 4809
24142 14756
38102 46226
35439 48709
3208 2996
42873 42920
23912 44041
28322 46394
49202 45647
33655 17152
45017 36230
22159 7502
29201 39435
44550 6645
17702 11082
39512 49805
12400 27357
40257 39561
29916 28849
29717 13927
28298 1518
21667 33716
12905 18353
12236 27364
23347 27794
6376 22143
32331 44211
22590 35187
33291 1231
6717 34313
45682 2223
47452 17488
19041 21603
32582 35754
27087 22108
10201 13887
19612 7473
2045 32636
30887 36418
29237 26412
37319 21750
36544 2177
39043 47048
32495 30564
15868 18916
24849 3960
21758 36786
42483 10065
25910 9515
2859 36074
48245 30978
2279 48881
33573 42867
35715 21140
3350 3559
16386 17106
49535 48712
46785 2893
12889 41214
41316 18030
44103 6291
1096 11061
25149 2144
10724 39056
9329 43703
25821 35808
2007 22201
5881 32932
38073 12791
8174 26906
12652 9560
22112 49057
15836 26511
15166 34166
13700 48795
43198 41093
1412 37873
39281 10685
36067 28158
44837 31793
9042 49716
19283 9609
9785 17714
44525 46312
25204 27239
26560 13079
48508 15600
42339 26111
13237 296
36504 14807
11187 41798
18316 34828
6517 42070
47197 17562
38013 47968
24785 10410
32060 20596
48544 38725
41208 33485
26194 21358
23764 44798
43414 17375
26050 36385
26698 44098
45925 39309
44101 4075
8335 16497
20140 23077
12601 18290
32206 3754
40076 12333
19226 1119
17910 40855
8407 29596
10819 1678
10817 48949
8344 5014
39838 10326
17018 48449
2442 24296
43374 25124
33765 30684
36942 16558
3412 36595
874 46379
15057 47069
37646 40317
23206 48695
39688 41166
3038 25617
37125 19197
40059 41237
20562 837
5177 37568
25457 42809
44999 347
15730 25375
32 41379
34372 16492
38742 31288
14366 49258
4108 884
46957 5364
36891 29565
8588 23284
26515 1653
24393 4729
15267 29795
35823 48717
30442 35908
28487 4194
40347 42896
19892 48446
38787 42901
49392 24844
47508 2984
2443 38993
11163 44336
25559 28239
12796 42003
40304 13988
37045 9709
29999 48099
47287 1197
39858 45943
25007 22857
33055 15214
3553 37860
37796 9782
49975 25312
33384 34622
29948 23967
27224 12033
1217 26784
15593 13860
43845 4005
44493 5114
22825 31920
49345 22130
9802 30574
45507 38498
13797 35663
34948 18893
19091 25025
18869 12142
41084 49723
308 13077
37192 5374
46148 35604
4584 11060
14399 22008
45173 48661
28534 35232
29112 11201
4441 35458
862 9213
14127 15468
32127 15780
16908 9956
9744 20374
44735 1953
48863 14459
66 15163
13986 4188
32812 38724
46453 49341
42185 48791
18512 34222
26892 22805
10695 30876
37992 49957
19039 7125
31508 35605
3459 20077
47860 39387
8563 39912
26477 18237
36523 23855
27231 49520
3213 49172
3592 28755
10614 28870
37604 38511
48745 24450
17647 5494
48205 39880
24765 29808
3558 17750
35403 47034
14429 32129
12373 5751
36650 5979
20503 13436
49431 23096
27843 27846
41289 12263
28460 26393
15158 1780
41244 19772
3864 49102
27942 23417
10207 13161
27016 13102
3095 35901
22129 38838
270 21970
26205 34418
15232 32666
29290 925
47147 33279
14210 48544
41208 21561
9043 13967
9543 36535
45224 27736
48100 33128
23724 30008
36248 29873
19179 35575
30630 16538
18421 38744
24150 13697
24418 11803
46910 21016
24586 39811
40740 39279
43219 19057
45317 38637
44218 39970
18868 34298
374 39904
6242 2287
32351 16984
6548 36202
32445 2890
27178 27395
16685 22728
15312 31734
45823 32711
46816 8112
37062 15605
40308 42716
49247 41204
11919 5081
3158 16864
43564 5821
24769 15163
22457 46379
5723 32332
3297 1150
4472 17757
44935 3373
16655 39248
47683 9086
39156 4138
17971 29565
33800 14820
5078 22998
36346 28206
41776 4756
19424 14794
47792 2453
31687 19623
21833 13336
10562 1454
36612 34158
41721 4709
4871 5531
22158 24900
43234 49113
26526 44812
11125 12932
1987 48703
44723 44068
35290 42742
8427 34408
855 29399
9551 14115
34635 34747
8126 17275
12262 9505
21594 42986
33801 23284
28840 37004
35107 40883
20184 45166
25512 8800
16771 42616
22747 44985
24849 19836
10111 19196
19113 41499
19789 42224
17695 40309
19990 4667
45898 38385
38735 49727
28468 46436
21268 16764
30976 12827
43119 40834
27020 43338
16383 25286
44648 15010
42730 1675
39960 23613
14407 8713
23955 3645
2340 13009
16080 4405
49927 31611
35190 41404
21819 13775
25031 15993
35757 19651
17384 40011
20757 28510
19507 18442
29616 1851
48514 22771
46128 7433
12344 30552
48786 49
45419 33035
10636 17533
30999 15979
30917 21545
31346 23435
10753 2784
32441 26721
20881 9416
44664 4925
2782 35557
43691 17626
23374 43913
41206 49979
23668 39807
32914 40711
23396 46672
10339 34146
36272 38217
10517 16352
38263 4254
44941 26828
38536 36252
37584 4361
13685 12638
21159 17847
21622 5585
35709 19415
26335 49453
4902 12477
7647 19826
49644 36595
9867 38441
34221 34867
31067 34557
27814 27087
26467 17124
21233 41038
12543 10576
13755 13730
32285 12235
28199 33298
24646 40782
35480 10250
44016 16674
45936 408
27150 35988
2623 40426
12989 4023
4612 1130
1724 44758
16191 46256
49258 17456
6681 29642
25578 4926
48845 35848
6208 15872
21502 7808
15758 40012
9662 20529
23116 11869
31028 45090
5970 47216
23814 35021
16558 4995
33831 45798
29986 37534
4942 24453
6571 22074
4777 49164
3425 42549
1071 17463
25798 24866
19464 12121
9949 21624
4266 32434
9865 8850
38797 45306
10719 38031
10388 18398
14909 6773
39453 13275
38049 47698
37238 17708
4323 9951
22534 37753
2496 19382
25384 7298
2572 46701
9582 1437
37154 28968
35974 28169
28938 44749
2336 15984
24196 15533
9128 49058
3797 7423
5302 8352
7851 3373
45293 10765
29769 42918
952 8245
31746 13994
41565 6613
48916 22297
32475 14373
18075 38674
17142 32319
10206 17913
10930 30553
10245 13781
10470 47306
32770 17570
27886 26630
36019 49263
18206 21669
18542 30446
30407 43387
40146 34743
2814 48410
27780 17648
20300 17633
16693 101
45595 6220
40058 34560
11786 11718
20621 8549
22483 10282
38773 25323
1998 16578
49804 6288
31230 43368
7816 48484
4836 48199
18751 7338
12976 46765
42539 35378
11532 38215
29125 30416
12376 44148
5436 39958
37464 39342
14426 26775
13042 30004
18811 22094
8734 8816
5826 39787
23818 37500
3568 32574
6316 34219
19694 36381
22242 6379
35472 21578
35919 18451
24810 24252
43795 46388
7338 42944
25572 3062
29026 5296
49631 49185
16649 13366
46302 34790
3412 11649
1225 41881
15385 8804
5260 7852
49133 9616
28421 34576
8548 12268
45488 23477
23018 32595
25344 32271
49020 32047
38114 29425
37446 24214
9644 18858
4322 39400
17985 2213
40092 23570
42237 3168
35900 33855
22140 34006
29403 19079
4561 26241
16 38450
36931 17889
11529 44270
5381 45601
6358 46681
2487 15223
42933 23658
49564 36694
49111 16292
765 48504
20212 20218
39118 31421
14085 35613
30629 49981
1105 35342
27978 8765
24347 27026
20056 39466
12004 16393
33045 460
1102 10659
5164 14533
1165 15414
46667 30403
33133 35503
13236 12631
24067 18796
7937 8514
19268 23984
26809 39455
28322 32841
12592 35315
43960 31129
45205 18516
41315 13098
33428 23186
21683 22643
30671 25531
14031 44043
13986 47432
20493 3001
361 32013
8928 41245
41125 14448
44697 885
48421 47845
13255 7712
4730 40365
14071 42334
4591 39241
46201 11704
48510 13085
32823 33667
2030 44993
9235 19138
34425 8796
3040 24991
37020 15046
30542 24331
9840 22393
10993 35967
44010 47287
43197 19971
16787 33863
27093 21099
16918 8798
6784 48672
35908 1616
22859 47371
12290 22237
18715 20277
4407 46277
27198 26032
21854 17088
19856 44008
23088 5162
37041 8394
42939 34817
21407 4655
40589 21635
46321 15596
26121 6116
9916 17845
34229 34342
20174 44383
40362 42036
37592 6186
22808 10482
22864 45175
23061 47721
43522 16282
49240 48652
18050 40185
16957 11953
10457 14735
29567 47821
29393 41466
625 4701
11183 30226
16525 47926
39458 46178
15760 35776
45405 23431
37625 10721
26791 34888
11035 5005
1379 17030
34112 12498
26290 7695
12674 26166
35330 5797
34768 289
8699 25010
5186 46915
38008 43754
46858 4963
27653 18058
21207 49910
44094 29197
13093 7263
10972 46346
31578 44341
3083 13653
7728 5895
11501 15378
24146 5070
43988 26496
24859 37382
1129 37096
33176 31971
2953 33194
48091 44957
22227 2519
21194 38292
22555 27893
23399 43434
13461 25067
21925 37449
22733 35210
33308 14720
47077 6017
12858 25048
1582 49137
39926 40958
13380 13176
30927 44125
32332 29912
24208 24097
44326 14058
41278 17602
6792 6545
14862 33670
43587 26864
29580 248
34233 1676
25902 2529
14126 23254
12059 24300
36382 6579
39099 48715
46185 2506
42628 22054
22801 36406
7937 5652
5306 5274
23584 40033
8214 33884
48707 11011
12991 28515
18096 29360
28937 40321
33974 48934
38686 1790
3001 21012
31723 47181
47702 27840
18513 46710
45982 47050
25629 44681
15438 14526
7633 31418
9598 10950
36401 32648
42061 30291
33130 22927
49725 34174
16180 10181
11822 42819
6730 33425
23989 32454
9540 25125
40964 45529
3174 3850
22152 13855
7500 28922
42133 21831
43157 8944
3486 42289
41976 33692
20478 28056
19461 2558
47948 35941
25640 37634
36018 23508
40612 36674
48486 8357
42406 46184
39916 6462
45558 3592
4345 38545
2774 32430
35075 29903
31552 48269
48907 34575
42594 8139
45185 35144
19587 36996
1276 45259
28050 19322
25069 17406
36826 47980
41608 35163
48593 12859
18940 24651
18705 24847
11095 22465
25139 20576
36040 49863
3621 3980
45044 17858
39380 29979
17804 37843
39331 6240
7527 8285
25927 43064
5756 31146
41853 31029
18841 11858
46595 37071
35114 15301
35077 7488
20863 18257
36227 10256
32597 3850
32297 32157
16096 2151
44202 32219
28316 44393
48824 44615
16698 27284
46877 22865
12090 18177
23463 13069
32267 5261
41387 18820
30009 10142
13805 21656
48977 18611
38220 39619
6102 16854
26755 47450
21919 18632
25918 30906
7507 34268
12249 9468
3400 13132
19256 45574
40638 37453
2971 18002
33757 31979
4600 49423
37330 18145
2943 20352
36533 25314
46658 505
15834 28785
34782 1681
46574 6998
42409 45738
29813 36290
26147 9859
7496 11852
18517 48097
47521 8084
49447 10184
28705 25625
42336 40497
20655 15828
37525 18906
30732 4488
33939 16563
30595 119
64 48732
1429 42373
35899 7204
47534 12865
12764 474
45795 5693
5320 39619
32295 5731
16579 29905
6768 22652
38990 32543
20501 46190
46722 24362
160 32278
32793 14638
32698 30223
20552 32668
30329 25692
18299 26962
4496 2643
45439 43155
25095 49791
3279 9572
49224 44360
8988 45946
47617 44195
4865 41138
10274 5745
44034 20115
24351 7650
47423 38874
29865 19822
9167 41330
35144 13442
11834 7994
7633 3964
16499 12434
22380 29365
46341 29866
24436 30218
30459 31399
4717 19202
3688 14934
48071 46914
25636 30837
12999 24807
25578 34207
10604 14507
40845 12226
8903 7011
14143 40441
6121 22553
4443 2550
20105 20348
13001 37498
33962 23139
21955 38952
25568 29702
46258 2216
25742 38315
42269 7405
46343 15916
40415 45969
25950 20920
40673 47712
1331 46311
40164 22203
2492 32810
24989 3396
41619 27743
38698 18346
36850 27591
36258 26913
29283 39876
21468 37988
37102 34536
14133 4601
17330 3738
23693 21257
15002 16230
4527 28937
14778 22065
48678 41852
48825 39357
20418 3838
28365 664
47434 47678
4355 47637
34528 7106
14452 40354
17986 26311
4643 22092
904 8159
45548 32455
29995 23674
42068 13156
34402 32954
24487 491
6046 19286
21083 9068
33343 46939
40735 22148
18904 5252
28704 45490
34300 32219
49367 45584
41887 27795
47619 29823
14913 47134
4938 42079
16895 12301
31630 494
35194 44048
29351 39188
39104 3915
23399 19899
31702 7351
33633 21700
45924 29420
49946 43228
29787 32037
46827 2666
24057 45588
38428 10685
25147 31749
11281 19021
11159 20001
46629 16839
24323 3111
43298 6341
41273 36781
46847 36614
44950 12663
6500 43409
39888 48230
15383 25284
30413 966
38940 2686
39799 28574
24382 14614
27277 26928
40735 46084
31948 39896
48162 6672
44018 16896
12134 8449
4848 37301
26832 20670
12747 38294
8790 25023
19455 40940
34404 687
36458 9268
26000 8877
28119 43801
23372 21319
4144 41285
33716 17845
21387 46546
46106 49392
11554 45756
25175 48648
43600 195
40936 9489
6663 6427
40516 47666
2147 37750
20033 26995
20137 14952
22266 12094
29035 23483
31520 45031
19640 24700
32371 36941
21051 48804
44799 36048
9168 46079
38125 28993
18019 15183
34749 5173
7220 34056
20116 23199
45188 34995
46447 38163
40874 33079
24751 29997
46343 28175
15797 23668
23287 48866
46938 12979
49557 43725
8039 47770
1990 5741
2124 41447
10701 5612
15700 37565
44275 34443
12186 21609
42539 43439
46129 1767
12962 43098
4814 442
38261 44729
24730 1239
18049 42041
30115 631
9244 8853
16028 25041
11459 46623
8726 22928
30390 28996
37594 23681
47723 33906
13473 10938
1410 32454
46355 45840
4730 11099
46634 37950
26547 2007
13129 24976
37877 19853
43326 46093
22799 41373
46912 11628
38379 20104
5165 45478
31570 27722
49738 38413
4764 39227
21651 33480
47425 7727
23952 44017
24105 30302
15254 3338
12288 7200
24727 42798
35055 18116
36968 37167
15552 35499
32646 29907
8182 24255
25697 12375
39388 45513
40546 40686
27598 18050
3291 1266
23285 42496
23465 32881
46809 37581
38618 27609
26411 44973
49705 30403
1166 34025
27079 38528
1938 43009
4404 3489
21527 42448
194 36395
35819 14516
422 28781
8141 20114
13128 18777
16064 49375
47288 40138
20315 24616
16931 21717
7978 26916
35387 25834
28449 18387
17792 20433
24790 9857
28158 5214
32989 39102
49452 1944
2715 20360
47910 252
37318 3888
38191 26747
5119 18762
11495 22664
30548 15029
39442 31606
23495 21179
33169 38566
7346 3568
34226 22876
9113 5868
34354 34002
6697 22230
42805 27020
36479 43431
47054 15068
29776 12670
11218 47733
49991 47206
26252 20396
41729 5096
48095 49574
17422 34570
6572 42935
1092 46592
19932 36999
18987 30172
585 30995
20481 45969
23700 45289
37357 17647
3160 2114
25056 3307
19151 6210
37899 33090
42656 47434
47329 18688
8299 29252
6141 17606
10367 49538
14602 31161
39054 31216
45942 6840
45537 37629
13575 22879
29688 25903
8203 25004
8714 24849
11995 3377
28151 43616
33517 2302
34447 6025
37795 7509
23673 16902
36338 34831
31577 7341
23122 46830
8591 34203
37804 20998
17468 40969
26694 13348
43178 31458
18061 22019
23367 473
17072 23179
31661 2200
30685 5769
27281 11965
31472 25412
44936 25525
29595 38002
17502 36219
3613 33210
49410 34905
46125 35994
29015 42754
6104 21954
27010 36492
44277 23363
20352 5759
35532 6467
928 15284
39388 17614
41600 4973
43553 30153
41315 34407
30102 7981
15148 21464
37852 5420
7800 43031
24058 10275
19635 1426
6634 3176
1671 34118
34211 47111
35051 1879
14723 34670
23111 43576
7386 2728
10782 7727
15675 48871
46989 37318
10209 37699
38298 6723
31538 7401
36064 26285
31339 43584
19875 25380
39236 36850
5384 2978
24936 48597
7004 20620
2013 12146
9946 27308
10312 9451
47152 44403
35683 38248
18284 36705
4505 22555
7913 15820
43106 37676
41297 33527
44281 23996
30202 44985
8975 20201
37267 48131
35569 24737
4826 28244
41999 9812
1005 14880
24327 15880
27430 42157
42036 21566
983 38014
19272 19376
41960 33028
46554 44825
3819 1894
32872 31261
13355 29389
6321 13196
13046 15072
4325 30849
7687 30391
37900 19803
6920 10957
28222 28793
19960 18836
24171 5801
13582 29194
39193 10776
11670 4460
24640 5167
44399 28130
46180 29015
36673 15042
41407 29996
2571 17896
8646 31168
35243 44355
13607 28938
30028 25702
43379 13101
39139 30545
29557 12090
25450 31299
36914 31765
45541 40751
1073 33353
10013 14320
26280 1090
41708 43059
9253 30953
4673 44473
22995 10118
26363 15671
13182 38402
27535 10364
3891 4525
46820 30266
22454 1598
1602 3708
30435 13412
45139 39322
21941 49875
20614 18670
46248 37244
19951 14060
19951 47551
30685 8883
7200 33747
24862 425
35499 11388
5315 23098
3900 14487
42624 13908
2321 18890
24076 23985
31835 9867
47890 23201
34540 29840
39351 11076
46104 42598
34048 1034
25046 19540
41142 4651
47583 32210
39930 20935
40562 2357
21343 16408
23822 3704
36330 23939
25278 24374
47145 24238
6186 15950
26755 39163
40932 11085
21642 10090
3904 41072
16363 33594
31611 34703
42936 28690
21705 30133
41254 37275
22073 14127
366 45623
27833 24811
5048 201
22293 13347
26940 23988
3509 47394
17684 13858
1439 44170
23804 44085
15593 10888
17599 42825
28238 27149
6120 38244
19793 42204
10832 1444
29039 2279
12808 44479
21801 44520
13515 13089
4663 25143
12258 32419
45839 40771
27952 17023
29134 40082
7703 15077
3792 26738
2204 12073
44852 36869
49518 41377
44272 5166
20203 11713
31103 4712
14795 17090
43393 48379
19537 32201
3004 47980
38170 36083
14927 45994
29326 33869
28399 43358
47055 1701
43526 49273
8788 29333
49674 21731
23824 9515
15419 1887
23617 41548
2863 11489
5525 15410
12396 43825
39768 28080
21303 9902
19767 29863
25000 29295
44556 35034
30060 30304
8550 18061
9446 5925
10045 34950
32842 24142
31794 43515
12986 7856
22973 19185
27273 36107
9384 3781
19295 33413
10624 22853
4879 31478
41061 41904
12123 31562
49809 32798
44489 34562
21559 49339
32810 19416
32312 27340
40429 49173
2390 14108
31521 9243
48679 21094
14289 28671
33805 13535
6032 24114
27618 6061
45346 13350
5938 32691
2061 22406
2656 28225
39921 29155
33545 16974
16790 14577
42569 31216
2458 46188
31808 30987
36138 22620
30461 5452
6734 26443
13340 41040
43024 38293
25530 39343
15283 10197
33971 1488
48504 24658
6640 44251
15277 15680
33768 43595
17948 4055
47974 48273
4595 48627
42532 5776
46354 10960
24366 16120
34738 9750
23830 36022
2992 11535
49918 47278
48121 18832
14174 49283
36966 10945
15168 13633
13409 9731
31579 47161
38153 5775
16857 31457
37136 38249
34100 49596
9824 44083
1054 32646
43746 22779
38524 36923
15144 3512
38952 8699
5297 6740
5128 49711
5719 21384
34429 28123
46818 28244
35473 43684
9865 1894
37411 26317
46376 39596
2964 17866
31938 49301
48170 3849
8266 36884
42575 4578
4282 35488
27936 18443
9540 39700
12713 44319
29551 45908
43980 6687
41570 14204
22924 49524
13029 10046
18778 37844
4854 28983
31955 30397
2041 21916
44587 14846
10433 44865
17573 39915
3786 27938
22006 5475
23292 19384
39786 6340
32860 18575
13050 39480
12147 33428
42662 1762
27412 22144
5910 48483
49416 6976
37867 36575
41661 9362
21639 45053
42438 41118
5715 35497
36588 36145
46625 11117
46606 18639
41960 45221
28565 26805
45563 7545
48376 33063
24481 34109
17334 4027
15015 32445
34259 27076
4415 49004
13748 21109
43385 9084
2392 347
4699 46175
20496 4331
46936 25505
47740 7972
13745 13296
25756 45576
41402 15810
15585 44771
25180 30641
33018 44020
41786 12516
39374 38328
34434 19958
20060 8760
7526 23397
10234 16967
32654 44822
41535 3430
8001 49783
23139 41001
38943 43837
26456 43813
30652 45148
37641 40284
8137 28871
11613 3929
44707 9728
5389 17274
36503 2102
14312 26495
10826 12785
31252 13056
13087 48561
42133 4364
20037 38594
31937 43912
47961 29514
22672 15397
6504 13550
3677 23247
1596 22741
25005 8059
17327 29992
1192 25012
44318 1688
11094 10485
12001 42517
45834 17111
41849 21555
25621 14809
4161 16019
29846 6032
13384 39152
31563 39336
38166 40109
34670 24364
23192 40836
7514 40945
5128 34826
25575 14337
21866 44366
48047 23690
10290 15688
10167 22698
48169 29118
38026 27611
36800 32762
15638 38871
2759 38621
27376 17315
28409 45603
48372 17152
27531 19612
38908 35923
3287 44783
2985 43988
36665 21825
41144 33821
30508 22940
36455 26041
6435 25945
43799 43068
12676 2058
2906 15324
42404 6782
40506 6621
11813 1463
2970 43655
27006 41172
9142 1115
17067 20727
42882 17603
512 25811
9849 23549
49141 48711
44316 41296
12459 26249
41929 4912
765 15709
10394 44857
8436 4319
17555 38250
14196 32197
38872 48337
24172 7650
43650 16958
32192 47424
30086 1872
18004 12230
5807 1538
40319 22298
6506 32991
42035 17634
24514 43563
49004 5088
21151 25811
1601 10547
43244 11023
22539 35133
30092 8690
30606 25744
28799 1831
16478 7157
5468 37273
14374 20754
10168 4735
9759 4909
47879 1156
15088 45305
11437 6493
37644 13266
26199 13085
15311 21818
14914 35425
32105 46491
10054 43791
27591 33364
19434 41326
23790 49366
26007 27466
43611 41315
27048 6872
31321 32239
32072 1383
31991 22019
18274 27441
11584 27637
15009 7365
47325 4023
21551 8613
38822 17808
1656 45588
44610 23188
1656 41712
44347 49648
13170 15104
42328 25586
42492 35585
5501 12937
43270 33250
16719 20919
46943 17709
49914 3965
29882 36948
29033 13801
45212 14575
23243 44264
1796 14230
12193 4556
25186 43456
45410 34146
30134 4204
18350 10668
357 46273
28418 16022
25969 27630
26258 1661
9566 46404
9303 12075
46033 34137
39978 26422
24698 36579
11184 35239
35345 34605
11105 19428
11299 12904
33125 49527
25785 32534
13648 48914
24381 30946
49000 1668
36524 20838
3498 2823
43242 39628
11209 11832
1648 22259
48982 24669
46268 7517
30463 47814
5146 46743
46710 47725
36627 41888
40955 19090
43029 16401
669 9900
766 7858
28882 32934
2700 36605
18210 27455
21774 9141
42366 30217
29892 35797
1560 46123
26817 12634
48208 15190
34890 20161
25331 735
23323 45588
20333 37327
29278 6337
8220 15716
10460 25681
3678 49468
19999 3882
29465 47652
47509 35483
42098 16607
38801 35352
18471 40026
16172 39056
20959 29268
31929 7458
5855 14319
3582 39317
37920 40803
35683 43478
42356 25839
10876 23208
9528 34858
9705 9407
15844 1594
16195 624
19770 23387
47833 12812
36610 23831
17922 6941
12952 45768
3844 29530
22862 22978
20056 38086
41233 21741
13962 28588
16063 26887
2158 305
915 6422
32808 39186
7524 10258
48117 13978
11618 1276
44408 26909
17528 31279
23106 11131
40672 28524
42762 2804
46023 13250
13802 42937
30322 12722
6184 22245
31820 25344
41617 34447
7221 32104
47041 13028
33061 30728
30635 16061
17356 3512
23337 3667
39039 10411
38135 25604
35286 29475
2664 5596
36765 18753
18211 45247
43951 22065
17603 5996
19387 13010
45292 27561
7251 14736
25274 31527
18523 42345
40457 6688
24478 9280
132 46933
33774 16109
31557 11219
17858 37108
20940 9950
39306 45822
35630 18858
29769 28286
13530 6784
25415 26167
13312 16730
6957 48373
2233 48679
29244 29389
22770 13872
36507 16896
25464 43183
19008 48512
10427 24632
21504 30500
28855 26282
2585 12130
13667 19717
13778 43999
2397 41655
12154 20100
42824 14454
38885 4248
40173 8934
43632 42362
22327 12970
8960 277
9707 12193
3741 15684
7102 17236
21080 26229
28717 38629
5050 41506
44408 44173
12316 23818
40442 44943
40383 1199
32758 16806
15219 28975
43635 19199
36915 37399
42412 9094
6953 39444
30786 15041
36883 39563
33815 32423
39637 22286
19785 8219
3019 8601
38769 45967
23666 32060
46037 6236
27327 1570
15548 34604
45033 263
46023 17572
48508 20765
9341 4184
29464 27361
42628 38278
12519 48389
13990 33169
13642 49455
17519 24873
26643 39938
21391 2888
1409 42088
6007 24109
22946 29311
21454 29331
49796 32755
2444 44653
22339 11281
43482 36437
42295 7433
30612 16511
31413 4420
39689 24474
34627 3426
36579 17085
38532 28836
5880 13710
25756 28417
3469 664
36922 25616
30312 31330
37995 39099
35769 7116
47230 44797
49608 35393
11812 36832
16132 19976
25387 8789
18138 46285
27628 21010
17264 14050
37442 22055
48561 36003
9044 25477
38809 48966
9820 12462
21233 7860
24118 11261
42815 7286
11749 34236
43521 8223
7777 1587
7950 47397
25441 44600
11857 6316
40309 31537
43478 31682
36314 36751
740 8565
10861 26763
42303 35364
3361 18355
16456 17342
23989 24174
38275 36221
5570 5394
14047 42625
32245 1117
15316 2026
24343 15001
44252 27066
8564 21576
8272 38648
925 282
30802 21961
43789 2301
31760 49463
19465 25648
28943 35475
38890 43580
17001 8958
30979 36621
31551 3727
42799 14140
2560 9584
49186 45992
4966 12967
37207 28292
45696 48696
16843 21923
14968 7337
38092 15795
6079 45862
22156 12307
8229 45398
46155 3337
35485 41577
17358 41389
48094 49219
38282 10750
3988 48608
18499 32547
47787 32259
20962 12154
42883 482
41539 13520
16926 23726
4852 4937
42414 24457
30896 649
39384 27250
20178 11935
35868 8437
14263 1633
9885 40082
26504 13230
46129 22447
8783 23278
36891 43799
423 33751
45163 10737
5479 37936
40058 23131
38057 36056
48060 19138
4682 28373
22493 39883
13620 44371
36597 41888
30877 21840
13890 30628
33861 11321
39606 24799
47995 41600
16302 8377
45878 35052
38935 39539
39146 13728
21926 39748
17565 47741
1701 20016
41507 2102
11248 17113
47453 1720
5275 40301
10304 47715
2506 26413
40091 26001
13490 20193
42460 30653
12486 3666
2146 34062
6336 28196
21705 41457
30208 15878
6411 35622
34341 14721
21147 29099
42292 34246
42880 34425
47405 7263
37346 2667
37774 28230
12515 27801
25670 34990
34656 45798
8495 43762
10999 43760
7624 35685
22582 14792
48983 18740
32882 47317
19626 21287
24978 12438
7842 893
23014 38768
24529 19478
45408 39372
31231 7874
43611 15071
22082 21099
11497 558
47398 45080
2147 31120
9244 12907
15594 28671
25944 10644
19164 13627
24673 12219
7349 8861
35491 16539
31194 5110
7219 15073
11872 24475
1747 29689
8130 48569
34039 21472
9722 14871
5933 37343
31153 42420
29862 4515
29771 4253
45979 14799
23853 1392
34513 48337
41556 32167
24804 47214
8420 20044
13028 8497
18542 43882
14531 24164
39053 27428
21852 16744
1020 29587
27978 279
21721 36722
41304 41703
26132 37876
26283 24658
27763 32977
43697 22771
6590 11940
47399 3328
17979 21844
19626 36821
1722 10609
37071 23382
16930 6126
2723 14706
74 41892
45726 39308
10692 871
40030 48515
42689 34632
35412 9104
23081 7620
47561 36641
38811 2942
44148 35275
42570 14365
19921 5375
21259 35213
35195 8064
24358 31954
28979 46107
9174 6391
2134 44518
23215 7684
12829 40053
39445 7038
17139 22215
5444 5117
43834 281
11341 44312
22104 4968
16162 39151
30180 10910
21242 11797
43074 43051
41101 12883
43703 48842
23531 44693
49810 8231
29101 7492
49890 39905
22830 1055
26031 16160
49948 17712
6407 9594
47652 44084
14142 20862
15602 41870
3024 47224
5988 26319
36867 23706
26569 22628
42341 49586
1008 1164
13957 13595
9338 24468
13821 5619
6228 23826
32468 32344
1855 45972
30393 47049
48113 42309
5704 26102
6030 27574
36834 7870
21188 3752
33278 32062
45199 4778
46168 31444
19974 41209
42899 41971
48613 19159
24503 49101
36224 21310
35389 12737
36814 49700
2390 14193
9751 6662
7877 22360
18306 43605
11829 48105
18366 17357
7034 3674
36213 37305
49122 8085
48931 49740
16973 17954
44076 23125
43505 33010
46419 2494
27005 38880
43504 41602
3150 21476
1303 33955
8992 3903
48252 23606
37283 28202
20163 9602
3865 34216
11465 20216
552 49313
25814 19405
27161 2752
44328 21080
18364 38459
10707 19068
43185 45585
29818 18969
3218 10818
2491 29094
47085 25873
30922 36600
23473 44254
47070 21991
11251 19131
7061 2950
38226 33756
35690 25294
37452 37623
19421 39643
2970 27155
40644 39893
12274 42548
44725 27293
14393 23894
40846 3969
32245 12838
12671 13910
26583 11666
21316 12200
46442 29801
11917 2811
27429 47918
24181 35032
37636 44899
38809 13189
49616 2917
32038 35344
21118 13925
10805 24410
21805 15299
39560 31945
13068 44656
43026 22478
37693 20690
14160 46021
47408 25924
37918 36867
5452 16099
42883 23951
3161 41983
21325 5689
30756 45080
2574 3960
8334 1541
2082 15164
13959 13003
36288 39615
35155 17037
47474 36315
8765 5259
11829 7133
42228 12107
45097 49761
46450 30780
3549 22213
128 27572
7235 15237
32067 10794
37702 44105
30634 35274
30066 9020
21511 42829
28208 17650
38669 15969
32161 36441
9716 21301
21307 44752
11898 20345
31000 45253
23875 66
45641 18147
13341 19194
21291 12417
28137 8217
26619 6311
4682 12113
31648 19106
46526 33099
14578 36458
29620 1389
45686 29395
40662 6882
2306 14100
20263 48469
6848 37997
19703 34051
31013 28592
16667 40606
16 18489
12741 17141
24494 24553
2973 39704
18052 34860
23167 16137
32418 1010
13809 2068
24201 1029
5100 47952
24967 42663
20034 1079
46918 28790
26409 31836
42445 22877
48869 30409
2450 15886
3833 43631
22690 13823
18703 8688
30741 1775
319 48379
38613 46998
38099 30481
41094 28505
38373 13835
39701 14138
3397 5646
47054 1777
47488 10054
9943 13701
37385 9884
1956 19659
45315 5443
25166 18885
19996 24192
8690 7930
26323 17022
4815 30824
46754 41610
26089 22205
33474 20397
34032 21388
41080 36201
41763 32032
30280 1768
29567 1319
29931 24036
14133 3831
41283 15446
40682 47123
655 14251
2149 32793
11202 9107
18502 35575
10484 43865
20178 19859
45520 7425
31803 34539
38116 6742
9518 32906
45234 22852
38960 24882
42594 27982
30878 17083
31868 37976
12607 9970
34582 15851
17381 48186
16280 37728
17876 30890
32311 30327
40407 16012
36045 16823
11790 4506
25848 27897
1001 35938
19130 44982
12386 24001
30050 19255
6622 45069
32332 4909
10965 49564
4013 3928
4861 8454
22359 12003
24866 48526
40172 10327
15022 17850
41980 13295
11808 10404
22272 49874
13909 26315
13446 20120
7607 27983
16946 23042
47211 35202
36404 24877
18858 2674
20926 4779
30849 39068
9377 6645
6130 47163
44874 40264
22630 38839
30593 43723
13786 35022
20582 26640
14775 24020
32347 27468
34828 14641
15260 28406
8403 26135
8192 41642
10013 2133
31216 26607
4330 19777
24652 4653
29512 17695
20413 29359
31371 7908
37016 35018
42803 25682
31 7307
28795 48033
9108 42777
10775 7805
26940 2703
15640 48748
36065 40329
30071 20164
10039 251
42927 49119
30726 9595
47380 40366
13218 19430
15357 27523
17289 35393
45417 25689
30371 44876
12431 36127
25641 8091
26978 7286
11805 20519
5727 38758
42513 17031
14232 36895
26771 36560
31695 15991
240 43149
31529 8567
39369 44033
39618 22794
4779 6779
1578 13475
34088 35812
46282 41803
28176 8252
8342 7340
26700 10863
3842 49007
38346 30383
34738 43002
43270 39434
37355 33165
29383 4085
32591 24184
42319 19583
4768 40163
7966 46430
3364 3763
2509 9925
43497 28866
46741 32201
293 35859
3583 18265
18909 32082
12753 4535
45624 13891
38388 23129
30874 12676
1145 41193
21109 38968
48109 26316
24714 34530
5141 13108
14678 28794
25636 39748
48741 47313
21642 39205
21124 40966
28746 9499
31414 41474
29224 25329
17044 38266
4019 21427
18016 36693
7697 32148
22198 12899
4316 37376
34247 26073
24103 20827
22388 19053
28884 32333
49833 41216
6214 31857
26565 37001
3473 12489
30383 3304
25115 35082
21195 30264
2400 46697
23942 29662
15204 45486
31988 30988
9165 45746
45290 7078
49579 40569
36474 25052
10544 22165
39407 29633
8322 49502
37913 12702
33984 28445
46340 30803
2809 19541
1314 45235
29438 10708
14901 23918
47568 24388
19899 32621
8862 38712
35552 28164
39862 46533
18250 26359
42480 24498
36195 33576
37993 18089
25190 24908
31457 47948
18193 20820
748 10941
29811 49686
1499 14482
33808 1475
40045 37334
46429 18561
43831 21416
15227 29774
42667 18150
48804 19448
12047 4657
25783 49899
22523 15849
1988 20426
31592 30251
4900 37898
31705 42605
22475 45029
45890 24533
48933 33426
48731 49156
19389 19245
35465 2052
11026 18460
41235 1999
19722 35842
40969 7338
30309 18647
25633 34785
40330 15893
24949 22236
1417 5206
25 3598
46162 19672
30011 39430
20523 46267
25598 4060
38860 31063
40862 19687
18700 6774
14042 28010
5324 29935
6740 17373
6307 48068
32357 2437
5239 34007
2757 5750
34676 29270
28008 15476
374 18472
4904 36137
25952 4972
49880 42581
15870 1832
45535 43216
8444 45447
21240 42931
40688 26874
40000 7569
27370 45583
569 16460
20919 19845
15166 32233
4143 46881
18814 47533
49925 39785
19094 1080
34994 13509
34729 12454
45176 7848
11615 17570
18156 258
37204 38356
7480 36737
6879 38769
2048 15271
30041 21472
46003 31979
31016 7203
39838 1333
12485 8774
43924 19582
13447 33029
4423 4723
1425 38162
14301 12997
10529 1104
45509 14617
37455 35979
46335 39802
30440 24457
39436 18070
36565 18046
18844 26328
295 1243
40576 48135
3999 25859
43627 16356
27979 29832
42173 46702
38488 43077
1611 17861
26288 47608
28234 41348
49702 36084
4764 17655
41107 30140
37141 34999
4263 38783
41084 23203
12133 44012
12679 23790
9139 38980
41522 18352
10847 2808
5726 5511
27425 33625
1651 14439
46838 27255
30543 18604
49556 42389
22515 13538
1810 1386
16105 47271
2434 37236
48875 24912
7700 29266
27403 47004
12202 35185
9510 40169
29409 1967
18670 21083
32911 8661
9929 14248
31345 1849
12424 23942
1533 40329
277 44877
17887 48161
10003 18496
24366 28457
40472 1301
21302 45076
25042 48065
45378 20343
29648 21378
11528 45084
43786 25780
48939 27658
20726 39773
1358 44672
19095 39913
38268 42704
43222 46133
33097 14540
49408 18097
3988 31717
3589 17649
7431 36878
15570 27885
49267 5504
38608 15438
47640 48603
46467 11318
1827 32936
31897 20662
26259 40162
10488 32099
20702 12237
12791 17712
46301 34106
42564 22019
26690 3884
43549 37240
7031 34050
6606 14232
11236 14430
10332 24274
2304 43930
13870 2624
44551 34594
16435 2415
21259 49763
44230 49627
29134 6317
7251 43796
661 36089
18516 44525
4595 42987
30789 38041
7750 43627
4058 42051
20762 35852
16740 28898
34830 10882
21479 39448
14217 49751
41308 37955
24136 21069
33186 34760
135 48527
41944 683
28435 24355
45935 13302
21829 7030
25730 30557
9649 30339
2804 27258
1363 4611
14156 28364
5300 32902
28159 47685
48654 2976
17566 13344
26040 16334
18627 34282
17442 23735
40866 2257
38284 49956
24919 13556
12665 31423
24318 1969
45649 13511
1740 45995
31591 23562
43265 22066
14000 22959
34363 18953
18382 1443
44051 34457
8981 20407
6731 6475
8249 11305
532 24404
39638 43818
8636 27001
24053 45854
2399 10565
12109 32392
27174 44900
47768 47408
36797 43595
7791 49149
37937 1901
42453 7507
6593 35235
8727 47307
8372 48652
43681 47930
295 11050
23977 13245
28889 32101
47714 8612
107 40095
45215 17973
5122 26152
27027 44301
10198 45254
48 38288
11595 34717
37733 31959
24657 7209
48008 13841
22755 648
16323 44870
29517 47149
20320 8433
380 29086
40571 53
17886 42324
14952 20078
47515 34445
16981 15009
45697 39640
33704 10300
12138 32119
2625 45611
21760 41257
25878 27987
28714 38545
24742 31326
38620 43521
29932 21642
48111 44342
2303 13489
15687 47487
7208 32501
15677 36961
19307 35313
19549 333
11723 49694
26883 33268
32852 26247
26685 27828
41735 21122
36273 42518
3948 30803
28657 30602
14219 31459
21553 20387
16329 35950
43306 5505
10641 17381
43100 26364
36916 14357
18477 32129
45979 9390
7659 20274
23993 37581
1648 37352
17913 14233
14769 17996
11109 19552
29556 37491
29733 20029
41599 49327
19473 13994
25588 38865
10344 21513
37927 26860
22976 24541
36132 48909
9423 10313
21977 23319
15422 10791
43189 33993
10925 21032
21500 42424
28730 3079
46214 27528
18375 26920
48081 40169
18933 16784
10990 15222
43950 43938
1241 6384
34282 4825
48412 31904
47371 40295
46146 28847
865 13700
43864 19014
39504 24691
35873 28287
23956 19630
30201 5417
11668 41677
4760 11705
41974 11002
15414 8228
21674 47371
40094 3445
22643 6837
46976 42166
44208 7960
42971 21622
13856 29982
15980 37948
41395 33940
5932 20631
15321 24908
24844 43483
5929 28406
32311 24925
775 37605
1575 28445
29080 24197
40210 20475
16338 1834
6544 6208
25519 45547
28462 32653
43700 47942
43535 22947
20591 35969
48820 22476
21700 870
20030 45817
3137 32797
32246 26057
17062 24335
26879 38485
14591 49492
17494 6895
3925 24105
49310 11959
47415 47584
46990 18171
26930 7824
32626 48631
41213 22391
22175 16168
10062 21470
3695 33449
39181 43295
5678 15248
10832 23614
28838 26153
49178 43045
2132 18204
32390 12378
45270 18346
11158 21873
40094 1253
24134 43762
14722 27432
8410 39682
8750 13908
30728 152
41627 774
14081 4013
1264 35671
39283 47288
7194 35556
33381 30383
1195 23991
15931 38474
11209 39316
37664 31486
44651 48559
15932 38051
25325 4609
19997 19446
29525 47967
9205 47974
14296 10038
32609 24459
38689 15007
19825 14899
39337 38399
48268 37433
35560 22899
27641 4884
26523 36274
29476 7006
16750 17048
25714 19681
21261 16209
32020 13420
22259 44280
11241 29593
6947 19449
44958 43033
5630 45244
46811 41069
12246 42654
42593 26005
42139 20055
19399 40529
8942 39470
4860 42955
14979 45562
19626 16159
19986 8829
11986 41727
6760 44068
26069 6142
30148 37470
10995 36015
41768 19485
22055 48377
6274 43249
16592 32582
7876 21225
13773 33512
15380 1980
5015 47555
1903 42454
46257 33985
31222 26126
11890 22708
36881 7594
7778 18960
4324 4945
10070 908
7368 26561
25920 6773
15039 39910
42241 46948
48360 27769
49077 40958
19136 42896
33004 34724
27043 44612
12736 4322
6470 11813
1380 22147
9902 21846
43759 38126
10706 18270
41997 49921
19982 36457
26456 41505
49762 36868
30609 3422
16941 17593
20756 24047
44400 16727
33591 43809
40674 13917
26297 38406
29411 34640
47290 31174
19696 31626
27306 49297
34302 37318
41875 45545
19414 20917
36417 6685
8353 9617
40645 18657
38579 45057
4171 37911
24737 19804
42618 17652
42508 4556
30440 25994
4172 24581
13622 30980
489 21250
9382 32112
20670 10556
43840 4321
37665 45435
6009 11587
37250 37893
34620 25917
29582 36
2358 7699
12813 26437
4084 46987
17807 33116
40557 48429
20589 13406
13175 20131
40153 48882
24895 2650
33897 31376
39731 10838
30176 38999
41829 18075
17566 21809
10814 21452
19670 35483
30984 39533
30620 28107
33389 40103
29709 11462
31991 8836
31126 535
32179 1952
14069 48338
23259 48401
34055 19073
5115 8024
24850 11859
5532 40312
31993 4577
32892 41750
21614 2919
17016 3743
40013 272
16541 23721
35396 13460
21034 10862
24932 37141
12443 17644
13897 7327
2594 12863
36359 19428
19773 588
49135 20771
11250 21630
34773 45567
39523 32541
27044 27586
46349 31628
38163 41474
7683 28783
48334 43242
32003 48028
27419 47690
35873 45246
42987 1799
684 39463
42481 31005
22555 29442
18924 21524
3198 38951
39126 26844
21769 24899
10887 34415
17656 43521
6255 17939
37347 3076
22273 37220
10988 10948
19991 45802
27773 38767
18840 27299
29032 23108
17331 45870
34368 19701
34337 3043
34003 7900
39105 47097
23604 17542
17755 32264
22567 3534
10378 10457
13868 29437
16995 45023
37590 9511
40885 47179
40176 23309
17506 45772
28117 29731
19434 12234
40508 26018
7378 29821
24042 41608
6087 18520
28697 3777
4981 15752
30466 18990
7994 140
1541 9650
1138 35089
20730 33897
6422 21590
49002 31600
47912 28747
35412 22794
20562 47356
3561 41198
2075 13043
32716 10337
37167 15277
3853 31402
47930 30957
31425 45366
35794 3855
2562 29340
49796 41480
8925 15454
6572 6810
30042 40236
21047 9210
28708 15630
5195 3842
37500 19305
47655 24610
23104 29348
27168 18612
27573 43182
18724 12256
35651 24597
8999 14089
31251 4726
15261 40583
41189 26627
29279 39253
11639 46711
28499 16759
41584 22191
4429 43813
3869 49768
41629 46620
45068 45374
8335 46594
6006 29
15144 23031
47950 31681
11906 14112
12156 20384
26926 17850
11603 35899
28250 7662
14753 47542
5507 24569
21641 35920
35084 22409
9414 481
33765 28747
17831 30916
49342 8827
34583 41300
41427 7305
42108 46949
20149 28480
27912 6585
39896 30230
33345 42937
25572 26019
12229 4674
13350 30912
36484 31413
1035 15949
18226 13629
34856 7927
46291 19133
46547 8727
35880 42512
45864 11943
4898 8405
9305 25241
5474 8375
14408 45280
32889 23040
9391 11032
46397 31723
23391 35765
17660 34169
16647 3999
16430 12030
26843 33065
30857 28563
16406 26373
7982 42716
24585 31103
30107 362
32378 24827
14682 41615
47596 12329
7101 34384
32471 10731
17813 40872
21514 17182
35617 9609
33121 14468
35043 14870
19966 44205
47940 44329
29864 17366
34912 17904
20606 44352
31181 31154
23345 37072
1732 28970
36555 10767
36142 17201
36654 17215
15267 28038
1931 30526
26781 8272
10809 880
35405 30993
39759 21201
5520 26071
31001 34062
24960 46886
40322 16038
27084 1450
16730 39002
5203 23191
42313 4531
34252 20514
25093 38589
34626 7399
28366 46565
16062 5571
38276 21402
4883 22189
32073 671
34179 8935
1329 12100
23211 1236
48902 18328
17862 18641
2996 18627
6790 8927
24796 34729
18176 49395
33077 37015
9415 26259
4669 25050
28176 44632
24374 14881
3811 1170
48070 19680
36270 19830
49760 41153
30045 1057
27867 36870
15281 16065
37804 32487
15730 5909
21306 39852
37265 6950
62 3865
15776 26646
18773 13826
21711 30356
47452 21656
33739 6879
13299 29697
31414 2000
27360 4889
5844 18327
20932 14349
44402 16171
19020 13559
44686 14023
11684 14882
14153 30233
44514 10108
19460 43251
43170 10195
41487 30690
41554 19889
11422 37664
10409 49857
26195 29994
38950 38173
1321 9647
30551 46638
37943 45474
28563 13008
25280 41449
18934 947
12926 11023
27711 15792
37782 18771
32190 13530
8943 47184
23509 18039
10280 11622
5821 46256
40298 37504
17829 22434
14846 14890
19120 35768
18930 7189
15733 31272
2132 18258
20089 43141
41821 42615
5540 8504
10190 37476
31288 6000
49198 42017
38921 35034
29201 28594
27022 42007
11767 39903
33415 41933
11521 28573
13426 27404
476 47752
42028 448
5294 7995
43645 5723
419 49012
37409 22167
27558 12191
4450 36350
12495 42072
15611 5106
49251 17165
29187 49942
19159 9433
75 18967
28335 917
32662 33914
47880 11175
8463 45904
37108 39050
12027 8932
37166 47637
261 10454
40219 9491
8465 31057
10864 49233
28582 36801
13517 37598
10728 4148
27439 35652
45858 35879
38416 23643
37893 5454
23588 37181
41982 46280
35272 10332
33591 9567
4612 45244
41502 2606
9818 19716
10261 22599
30139 36087
46415 21526
28916 14863
1176 49519
645 27715
3090 43289
45788 25654
23138 5977
25597 20030
37771 16547
102 46291
7447 35747
20232 43844
43571 48970
38384 39778
14424 1742
25205 15337
19627 48932
17653 9533
33186 45478
26003 16149
38558 10235
5399 36940
49824 40685
40544 33245
30441 34676
48406 21144
6867 10040
12527 19501
17078 40426
2654 47605
44019 5465
37939 45019
11907 20342
34252 11813
19821 16874
4995 6407
45683 12270
26527 27483
23153 24907
24015 17379
12157 17792
17196 546
15333 4393
27787 45623
36533 49561
29819 4166
33974 30025
4097 1562
29124 36525
27774 3177
1629 9199
17134 9853
34630 18050
28997 9513
40295 35822
45685 3661
29515 30007
48301 15485
27398 7017
15622 45362
27488 24135
39401 48525
26816 12181
3559 29631
620 8639
38407 39752
26229 41760
35782 31942
43384 32699
1688 33290
19421 17413
34054 39177
24762 287
196 41696
49690 8165
288 39784
29178 39371
32693 7432
17044 45808
5528 1380
9118 47742
29491 3672
7750 13375
35148 45255
45638 40738
37989 42182
3518 7579
7267 28772
26804 49935
539 33224
4610 23373
44927 30720
42218 46932
5499 12507
14493 49779
9050 33798
15472 23842
7335 1992
13742 20730
30646 52
6036 33739
3555 14341
9166 15223
19006 41488
27029 31143
25480 43990
25684 34764
45424 1927
20281 48433
10150 11157
20763 34545
23139 39962
28726 43057
12065 43951
30289 48429
11748 17671
32854 42551
47091 9956
10502 8138
28 45800
4264 11840
11840 6012
17846 19208
15462 24291
47881 17226
24352 19210
39521 28130
11478 22605
17842 49003
48619 34917
49896 28355
44919 18962
31709 32814
39852 21710
38435 28311
35397 2320
4352 4747
32192 28274
29005 9311
36222 47490
4480 4232
33988 1796
28518 39146
36033 23454
34996 38410
32684 46478
15061 35484
30835 44949
36482 44349
4999 29647
48667 20497
1384 36185
12525 29319
20749 12805
28936 11904
46297 16599
34805 20076
34787 37574
8531 28876
33825 42861
21909 33419
7263 4639
24871 36477
48051 44897
47403 4878
20578 924
36905 31618
25845 26496
48780 22258
19126 32213
33907 6953
46802 35853
45530 28769
10900 16017
45861 18135
43484 9573
33285 17126
385 36236
19660 1206
46779 46748
2112 15659
48075 15152
17224 46120
23112 10996
30216 25838
20108 41168
37446 40605
5470 44325
34516 21994
48708 34049
11858 2869
16747 42500
2866 13629
569 40063
34855 3146
37034 3056
26759 24635
49140 37316
40917 13074
28283 4483
14241 12223
20706 47966
10783 18652
16528 22139
2005 44387
11602 1511
6398 5012
2056 20749
5414 11798
12660 44596
41779 4655
17063 37
11655 44208
32491 48497
38764 47680
8710 25409
24648 27947
46570 7909
10492 14377
21741 15024
583 15508
34806 22248
24876 9602
17545 13215
29054 35166
7029 46240
24086 17409
6715 33042
45500 30440
323 20926
47093 14843
49450 47891
48723 37000
13250 26625
764 23502
29137 29181
9558 2319
35446 17708
4986 43852
17039 49561
24191 34526
32054 8682
24268 41922
23398 35676
11377 45075
20180 10241
18209 25465
33060 43266
9543 1167
39245 23178
7478 22296
38600 17433
31538 18656
43154 12547
37192 10865
16853 18388
23036 4116
38776 2011
31308 39202
37564 3146
17364 40203
14851 39718
11173 11378
22118 40869
21517 41158
14442 2556
31213 47529
41820 8707
28508 3365
38051 47489
35975 43853
44318 18740
29018 8957
41415 32375
39902 17652
24570 34653
32961 8892
44038 5869
39055 1720
13804 23706
22437 9686
5934 44283
47688 15402
8667 33912
28976 47798
28804 46939
14802 14686
27494 25971
35 17368
46375 31066
16111 36966
34518 48649
39012 27542
18146 27205
39925 48896
6902 22397
16689 35321
6055 22888
36579 19642
38361 25864
47916 29462
18175 46879
27160 15401
22944 32392
43266 2363
37142 27407
48373 2167
33824 29085
39163 28193
45918 7410
14762 245
3217 23686
14537 47334
40015 35282
40251 30737
45862 25636
36436 19870
29319 9248
31579 7656
37162 12509
810 22641
33141 7612
3356 10714
14745 49137
8841 37236
23055 25520
42336 12372
11519 18784
8637 88
18577 13397
3672 31228
2683 13856
40935 3797
23906 42031
43624 18533
39875 30100
5410 44133
44142 6735
38675 45395
16451 40411
29775 11048
35844 45335
48413 9346
31637 34667
10878 38134
33268 22055
48821 5185
1764 30044
36424 29831
2340 29304
36870 13927
9514 6371
6708 29859
35096 45912
6148 40808
23177 24781
9513 28760
38775 33144
27010 24362
37776 14893
45307 32522
18600 16487
28740 11247
18988 6665
33128 42339
1835 45443
15070 42085
14961 14068
20107 6259
41339 14846
35638 39074
16740 44786
20058 23330
42555 19855
19777 12938
422 46688
8786 36521
33931 34990
49728 10393
17368 15850
36708 47759
44039 20185
36695 9282
47504 22051
35735 42725
33949 18549
28136 8195
30512 41776
21073 33537
37673 42890
39212 9233
9224 46092
47503 1410
10802 7304
19330 40403
49691 35156
48280 31951
2775 44573
5700 40474
666 47894
2168 30841
25531 10322
21115 26645
15355 28719
14599 16598
10090 9058
7579 41112
24541 36564
32941 20511
35239 48589
48966 44533
17620 7026
20262 41470
671 47512
38311 7331
10087 31603
4568 6749
1433 3541
41624 49255
47980 26736
39029 18837
7945 19998
10522 14741
29541 48950
13680 48744
9785 47554
21852 26161
35939 42275
19980 32983
13277 25458
48584 31251
42288 31166
45688 38518
38955 23078
49241 27061
40941 30122
43448 45236
10245 9792
5298 5659
33491 27354
6614 24354
5624 35440
30768 22878
24440 9444
43390 48492
24745 40668
30872 29757
30549 42609
46224 25190
273 46966
33079 26449
2148 23583
37204 2262
21242 36182
3589 46517
23860 6346
33609 24902
37151 38269
41782 7577
48117 19919
27648 41656
11677 32399
42416 18958
39107 13811
31407 34441
13951 42658
44607 3961
47363 3471
30711 29546
2633 11998
27582 14045
41873 30304
34398 8547
34733 4846
19006 47106
49014 49669
25464 22536
30360 663
17618 45990
41707 49790
10221 18983
2867 42005
37275 49759
2574 20429
49398 36096
39957 40027
39266 12571
32992 30900
13837 22304
19735 27173
22076 36457
27208 27271
35968 40113
1821 22046
29336 31724
550 23024
42949 25951
15434 32721
12686 29584
48855 29581
21888 19268
32063 23038
45953 15772
39408 38105
46646 27953
44197 6983
27357 82
33166 27928
37843 49398
17148 34460
28706 12827
18696 4312
38524 33502
43672 15981
26252 11781
5064 23616
7957 44331
42778 42346
46938 28372
49708 1371
27133 33354
19433 20055
22853 43317
28310 34803
28461 19819
2709 38515
8892 914
36469 2218
11423 44470
18264 15777
11588 23443
29150 15476
29584 10918
14033 34103
4152 732
4248 9641
40759 49351
20234 28089
47260 21293
4259 15804
7745 17546
21844 2371
10107 26778
19009 1472
24233 22831
26587 14616
43147 42121
5021 8150
3971 29453
34154 43666
37107 31033
13717 18311
27626 1224
31214 24800
38870 7819
38209 11820
1997 31795
17457 19666
36924 42496
22590 39386
16953 41211
24240 21191
47968 34143
25073 42065
44468 37451
673 13575
15807 33636
15574 16819
34985 32628
49587 7698
15959 32490
4222 9484
41329 26334
11480 32316
12468 5809
43882 16397
1399 47568
48902 8805
40038 48570
42868 9783
40679 22586
32359 7150
44071 32205
37311 19951
37055 46512
22285 35356
21718 30687
44758 16764
32725 4737
28711 21298
3326 21701
28282 25038
48252 42010
14998 46063
49569 26993
31731 17187
18598 6508
30485 21671
43578 22524
12099 13021
10954 4619
16136 29905
16331 23768
26854 27567
29059 30496
48352 8791
44189 29367
9025 47850
7705 24228
34845 17062
7538 45485
23872 12426
47299 37928
45647 14563
44553 42581
18263 24932
6055 17977
37081 34008
41632 44352
32461 46004
36770 7727
22663 33455
11873 15799
21506 14403
15520 7272
26791 22480
38453 12388
1424 15480
28625 3679
24005 45561
16197 27277
49029 8940
7947 16366
43273 3599
23124 48188
27525 38754
18211 16793
24233 29645
10021 13665
6398 21400
859 18960
16348 40760
29248 37897
43285 37834
25724 45129
41285 23530
11001 22729
47282 48876
16728 39773
17901 31702
5413 41072
1542 10067
4918 22833
48295 46588
12663 14292
43609 25684
43204 34404
47439 18407
15239 9462
42150 19711
32589 42942
10688 21522
14809 10576
27104 1433
8380 2943
33913 18572
22861 42527
25786 36626
27843 36163
42626 30094
48879 32175
42244 29079
16973 40260
38096 33043
45611 27699
33591 9354
3941 1153
8028 944
45581 24406
19684 45174
26153 17270
31640 3450
21074 15038
23987 27093
40904 36035
33833 25286
11843 11134
34656 41983
578 28228
8505 779
9858 26053
19639 15301
14344 26450
30622 43675
15455 10306
47402 22536
33514 31156
48426 18076
33293 44109
24813 22770
41928 49898
7526 3279
24116 8354
15507 21370
34380 8559
16766 22980
1694 7697
13851 45090
31202 9088
40253 46455
29346 19019
24935 14534
39015 2696
41931 19367
42211 18378
29385 10722
4224 45633
28154 2360
32236 34024
28143 10892
34232 20482
5010 8820
43386 19926
40538 37473
38637 7203
29284 34591
6140 341
10302 47391
41626 6917
34089 16478
29896 1787
36868 23437
46272 17442
37330 48789
36710 42720
27044 36289
16107 31589
39706 34041
1214 38709
41188 42220
25943 2853
28580 34909
33301 43470
7505 2361
2193 18929
24244 5472
11113 432
18476 16770
36217 45288
8097 32959
25807 10794
37359 3915
11800 11420
21906 18831
27306 33062
11381 28202
13467 13786
38389 36753
46498 23224
36550 41601
6421 17744
9248 14682
21347 30072
35512 5624
47464 27234
10032 39465
31180 37404
42956 1197
32000 36858
34249 11603
3850 15666
29638 16206
7942 46236
29009 34710
2018 18288
46169 23924
11699 42596
19100 2217
19171 12477
24783 5380
49196 43573
33327 31878
38737 24106
14679 15515
21208 37159
14838 4785
31492 12328
2883 11595
36581 30488
23504 46487
24021 16359
27835 18136
20003 33970
24668 22020
12452 46974
49322 369
43851 20698
46521 39050
39342 45516
324 12572
23285 44271
23836 31866
6482 7012
45868 17091
11811 19003
15729 29569
3464 24064
417 11172
27301 6533
39505 48996
36510 48911
34935 3521
30855 42487
12111 7905
1525 1833
29758 47676
4498 31488
32419 22291
3384 5012
33709 20598
2141 31518
38220 19907
45683 27888
21190 25739
13149 36923
19208 42685
19981 15409
43848 23638
7623 48843
12724 27995
10141 43082
21308 11810
9360 32375
31193 37636
33166 17153
669 24069
7806 22075
49888 17766
9439 25394
17223 6012
648 6294
16686 27934
15368 39116
25580 39258
48585 35350
32391 21951
44911 6110
24248 18975
2135 35034
4775 44213
14749 30699
16625 26259
47551 24135
45464 36428
41668 44339
45880 26826
29384 24833
6140 34554
29046 18790
9664 6577
30728 18158
6523 7902
44260 19525
47453 20576
20660 22572
41762 31904
22700 10691
37434 47070
37574 25688
46455 33420
36748 9837
17767 12135
35477 5422
16372 6136
10347 35235
32397 3894
32024 44959
49757 14364
38849 19857
48322 40109
9454 44307
48920 14967
34808 35111
31575 48028
35601 13090
37917 19946
30452 35849
42379 37970
14804 34177
17674 1040
12137 25732
2205 10777
6657 49588
26572 8598
5031 17509
36848 4920
390 12438
6385 18534
46574 37936
12259 39590
23641 42605
7662 34339
21116 33950
34254 13246
15205 27047
49329 27136
4990 2570
5394 226
44322 4864
14010 22536
9798 7974
18397 30701
25505 24498
34949 3379
27660 30293
27109 37494
1914 26239
28191 22311
10885 535
26625 7146
47680 41834
29009 39478
38954 33122
22308 43002
31153 32092
10474 19528
40203 31095
42862 44022
34353 28402
9642 48089
20049 40112
956 26009
38559 15957
20787 48458
21069 48203
27544 42965
271 7896
5638 11425
28572 30641
32869 30116
30615 6955
43609 48985
44632 23327
12078 22851
20235 44209
33636 536
7632 16274
35070 31392
30703 23982
34957 14338
34126 43074
7898 22736
32110 13840
46751 49792
25142 47004
21020 18207
22121 44236
41001 36656
45877 46372
9617 4403
10547 24166
28988 43587
25936 42237
23211 36635
48006 16925
19510 912
11872 37559
33075 49232
10281 33171
22593 49968
17496 24287
7194 27878
42467 6384
35257 25390
16859 24094
45072 36652
34213 13048
33077 1949
23630 37909
38291 47147
21433 21219
28772 25980
42701 719
42521 36145
16171 23706
38454 47205
38530 15582
47336 34350
25539 49410
18966 36934
40265 48617
23259 12256
43819 8676
9295 35326
18164 8257
46598 12540
47540 20379
48718 31335
2571 43724
1674 28507
42162 25349
38983 8926
2127 4029
32231 39847
2346 47066
30592 42885
39344 24948
7301 6199
884 18439
47410 48656
25451 41282
29910 32212
27659 3683
43120 4437
32748 43491
4898 2780
24588 37511
31659 44807
18876 24490
44572 41824
17014 40128
47961 19633
42605 19307
25079 40624
840 24943
817 15645
15397 15315
14033 11341
44484 27085
6690 15632
15221 44011
15647 2252
12934 10835
40595 4910
43252 7863
15632 20365
25624 27081
23951 41973
14938 14875
3252 19220
47167 28121
34766 18803
24903 3702
9069 31726
16239 1382
21572 15479
33519 22675
11174 10650
20822 2254
17041 8596
28852 32408
6618 33568
43342 44155
36850 30825
16539 46247
23167 27657
46498 37267
27834 8787
524 49286
31760 37568
15246 3961
9402 6879
33960 28523
9841 18295
11263 49202
48734 22109
25205 45473
32445 22124
17661 49759
4228 5748
34395 27476
6747 15612
42750 45460
5995 39655
18240 43811
26602 42302
29747 3381
5794 3615
375 31744
7702 19334
44027 13840
25850 8088
42478 4661
39006 33625
40942 1742
27540 21959
15309 30243
28460 28239
35263 22341
45797 1391
16435 48680
38302 5034
5085 31407
3236 9356
41937 16609
38035 35372
13106 27121
6379 17447
27012 14442
44882 22291
34879 34876
20606 38228
2176 16749
17324 39737
20592 5786
40784 20664
31573 9437
39583 5144
44762 849
452 13362
48210 5436
35115 4143
34592 1424
14522 38081
2699 32279
8688 46114
16358 33728
25527 34139
8772 40075
44886 16105
23562 19466
29607 9738
20945 569
42732 2387
8343 782
19498 32414
975 33690
20433 44402
10356 46251
5122 31406
12773 34764
37392 22920
15624 8724
36920 38718
26037 38897
14910 442
39538 49606
17520 20141
37530 20803
22445 30975
35446 48678
41154 35801
42449 34628
47498 12726
45047 49626
3833 36576
11297 33586
42589 3543
26200 22209
2241 40704
40469 43091
27000 8453
9573 10707
5500 36627
42674 28226
656 32392
46777 24579
27562 25046
17909 19641
17422 47416
25252 5248
27449 4482
34398 3493
10657 1806
45395 29734
41379 2865
12553 34727
38945 12528
38158 30407
36080 26539
44974 47624
43893 5625
4492 38588
39369 18788
39223 9862
30923 2964
32168 46181
47907 27282
39691 17458
11072 28687
1544 47706
4948 417
11331 19047
47900 35154
27715 28795
36905 2147
10966 1869
29369 1021
47296 3457
36591 9272
14341 18397
46391 24884
12783 49658
33963 48664
33392 31564
14248 36395
49450 18866
46222 23604
19418 19933
23495 24315
8891 34427
38636 24907
48799 43301
42603 40147
43313 9461
4168 40871
47473 12809
28238 36120
17861 29686
35476 27902
10200 2210
17846 5083
3399 7522
10727 37944
38123 28043
36704 19071
43491 37983
2774 32225
2438 38007
43534 40952
17229 41929
12257 28625
33349 1758
9910 11762
19441 29361
7387 39312
7010 16279
1817 32209
40273 2322
25695 21766
21046 34216
30290 32908
22131 44340
2272 43843
49292 48516
39259 47190
25568 13358
26449 32490
28830 28309
33712 38277
35499 3476
1951 21765
44846 3536
49754 36799
27536 40814
4912 19039
35042 47105
25341 23497
6705 41503
26337 21698
8999 35378
17616 22814
47 20002
102 24199
27509 10054
853 29433
41479 8536
903 22491
42394 32910
29067 32486
31927 4433
10001 576
33887 19194
38178 14935
43535 30368
37195 21324
45222 45380
12743 19818
5851 48165
20453 31593
12139 5649
31118 14731
468 3594
41802 29021
23901 29016
38927 38311
629 34277
43292 27392
43040 26516
44497 1392
38087 23601
2047 1299
18513 27907
33578 40048
40748 11183
46973 25364
10736 17847
45920 35668
2986 23839
7928 524
29282 40303
19649 11422
35023 24154
34471 24906
4393 37122
21195 24976
6026 14174
29518 9786
3753 24068
36260 21265
5624 8774
6645 27317
38690 33620
15072 29489
3983 12035
29894 35957
29488 24515
47150 7106
7825 43566
31489 36027
31301 35075
18414 14288
23025 17651
43103 24185
8242 35637
38706 2285
45724 35242
48169 19476
25060 19244
15107 13513
12848 32458
17404 11405
38574 36267
37814 19722
20411 21817
29206 23813
20215 42383
8124 43282
17825 17138
46590 21587
6505 40808
41203 42425
40647 21691
16023 31695
9378 7747
41265 2784
3164 44622
28243 42114
43039 12396
40122 21805
4056 16005
11406 31978
43236 5356
39144 29001
21100 25662
48885 40445
14096 48228
39146 20256
11852 32328
33149 21849
46280 44622
45408 12437
3910 25190
39604 43007
48636 33886
8163 15265
21218 37356
11722 34686
11882 40053
27415 31446
20609 31717
39907 29997
8002 26247
25487 12344
44516 42836
19991 10148
4820 14792
18170 38928
6243 4426
43938 40757
4212 6527
49856 18338
48189 41627
18352 26263
44389 6358
2570 17713
14456 27745
17571 12941
20607 14390
36148 47698
29465 36758
48853 42925
46721 25923
4948 29930
21569 553
21077 12538
30177 6911
341 20676
49260 49034
32739 20930
22459 14072
30311 28580
18424 13631
7110 38948
8461 38634
14402 46285
18353 42217
46163 13083
27851 18501
26399 4487
16646 28063
18963 42090
14895 12985
515 29752
44452 35594
30579 48295
26917 46673
23978 25429
3641 29064
31119 21897
7874 22046
21842 3616
12167 28703
2699 12944
30348 22696
33572 4324
9786 8329
4522 25235
25001 37984
29754 26008
12867 34715
14019 23798
12172 10403
49354 30708
17496 159
40288 7493
13633 15673
34924 35761
48011 1883
6887 37484
31512 25760
5304 33486
5062 6659
21882 6962
35332 21385
37848 6830
49221 39386
31663 45126
28285 26376
32407 22995
30151 39947
4212 15428
6028 47869
38126 40184
4920 41337
38377 32538
47175 4671
45765 49814
20620 19629
16485 37115
20244 34461
45187 34968
14414 41329
364 7445
10303 14464
48263 7874
33685 19632
12507 202
29496 7444
45318 1641
27436 363
28573 10814
20316 3750
5386 17636
26232 9616
1140 8410
7106 20253
38496 11336
41053 22575
32042 37215
7292 11954
34596 11838
31877 30508
12679 9865
5814 921
9942 32572
40198 35006
14327 37953
22938 26730
42467 42726
29282 45499
39863 46698
17279 11933
39695 46257
18554 15195
25709 46458
32773 22370
37295 3697
20109 22294
2973 28587
47781 43458
1409 22490
3383 30115
43684 44105
35317 5729
15069 49615
2436 28324
40976 18478
29213 3967
7387 2623
38611 21130
46426 7649
9585 12491
23630 15647
11327 16626
40094 41714
23648 47864
37661 6281
36614 30420
45042 49356
33547 37138
7525 40275
19566 44816
37072 30765
35387 28056
15827 31789
29494 15462
14049 19751
8582 4039
11310 40443
15799 14196
35578 45865
1376 15689
1834 37496
7679 34484
39022 39552
1470 40434
6366 16178
40814 19078
16762 39314
11727 1384
39553 1877
2370 14823
38166 7378
13385 29398
7279 49776
26202 42771
30165 31132
4260 45046
39127 43738
40894 22138
39920 15171
21284 44006
31953 10054
36417 39536
33910 8379
45661 18114
37967 17298
9216 40572
2636 41334
32967 10895
4821 33803
39599 18644
12810 9513
11371 35068
23937 1871
1397 39546
31506 5539
7077 790
1985 797
7013 39829
563 26278
34155 42904
33920 36877
27572 34536
40465 32687
41652 38801
15220 47247
5314 41450
37694 10755
14378 44705
8790 45754
27854 35288
46698 38999
18210 15204
26417 3231
11629 22941
31884 33196
33574 43937
1832 17908
22387 4173
7234 2491
26649 47483
14641 27552
41204 16282
32018 28746
13269 37167
8441 38800
42871 10725
30618 18666
18596 19917
24835 42732
21334 34151
17224 18468
1990 24350
22739 14430
12172 35166
40667 12514
37994 32622
2413 22567
18843 26381
35047 12509
48633 32099
15250 14375
33046 14647
12267 39003
12973 32670
36825 8964
32635 20455
30409 49097
44404 21440
38255 3124
15347 15157
8577 3921
38806 19747
4679 16508
49389 11347
43238 13283
10319 9442
39240 48714
44837 44964
14423 18725
42249 22324
49750 3578
47612 19927
32749 37200
5329 674
27834 39592
28587 30150
25732 40595
47669 18420
38174 8067
13866 46781
11371 25048
31342 13313
43398 11156
1547 39434
13394 36446
23075 26033
2994 27296
42901 45909
49989 15758
43567 37349
6759 27860
33400 16676
8883 32717
21746 20169
30757 40012
23965 19977
33903 5026
15037 38591
31555 32588
26010 42217
23000 12069
11171 8092
2938 4571
21303 1618
49619 19137
5347 28582
22697 14365
31585 28476
1893 1150
9938 36814
33444 30152
46622 6016
16357 39347
39122 10702
17186 212
27605 39865
111 11515
4857 24180
8236 806
4679 6724
46902 40765
2837 18328
20197 17064
38864 23595
37793 46814
16382 3155
13847 17651
32787 45646
36789 13629
29526 5392
19611 28173
45105 34059
35860 32814
2927 30895
10881 41386
4684 33662
20088 21111
19961 29735
6646 40969
13249 40482
28459 20386
14471 4166
28601 28813
39108 14605
14389 20469
35550 47374
49006 30432
23528 30117
2111 33070
6271 23953
13304 48019
22389 23524
41527 4994
28259 14883
17328 44737
12326 20129
9509 22416
10337 2685
46010 3861
23062 41486
44566 28994
5044 42820
49468 17856
3136 44118
49453 48536
24272 1142
10513 25416
34773 7435
33252 2972
42169 23753
28409 218
10130 10507
20690 28679
36970 48857
5435 26384
11326 793
44225 10199
41048 26685
31640 22347
7538 12281
17976 12932
28160 40006
6417 33044
6233 28698
49594 8516
9881 39288
10650 24184
33167 18973
3314 26259
33066 24159
941 28571
4783 47526
19812 16921
5617 395
25500 35024
20581 39139
27876 35143
42122 9259
19828 29342
30610 4499
24509 3741
48988 19953
16520 11557
35892 8822
18968 28189
1744 18973
44473 30729
22828 32591
14639 22997
26985 28447
10101 13060
15970 5463
39266 11920
35342 28957
19795 6895
26454 12971
38785 32629
46050 12523
13972 14272
814 42610
1568 32648
49844 35052
13139 1218
8518 7607
47579 44851
8003 45637
12656 25410
17294 4099
17620 40985
29862 10887
29758 29061
42183 14401
17674 5589
3491 21761
37384 41418
27416 177
268 11515
29626 5167
18603 44503
26771 35987
9211 15408
16685 29568
10206 36378
34785 51
36007 16934
28899 36093
8037 5005
18816 35801
15542 13073
39063 15250
42262 48720
14911 20049
2751 21205
45695 4839
10345 13786
4845 46081
45041 17316
40275 11937
7471 9237
43097 26429
33475 33087
45706 23339
29149 47257
16212 49956
38417 14598
21246 24402
33427 7665
34653 25568
38858 8801
16084 35383
21896 7712
23958 26448
2764 49654
31352 1392
33480 31091
12162 44557
26452 22215
8412 14188
13209 3671
6865 49833
16154 49893
14481 7101
1164 48708
12714 47771
16235 18095
7774 43886
44418 33544
2257 36812
27015 8016
1665 39500
49574 23124
14275 4945
41271 37311
41682 25003
23921 1043
12862 1476
14877 20991
26256 12583
42052 6399
18696 49712
21879 20914
14950 28436
10314 9884
3927 20659
34385 24054
18371 17989
26713 27106
40679 35804
9356 11414
43993 30432
20462 43165
30015 307
12715 19955
8724 28788
22962 530
25182 39503
43680 9414
12460 5701
13332 22904
14174 33651
36525 18886
25928 44188
30907 24641
45241 794
13559 11490
25556 16697
15774 43806
31739 49749
46886 11178
4987 22677
47675 47474
43691 32532
44074 27826
33429 32094
31060 45741
14997 5932
5863 45133
7957 26108
49157 43690
39312 40579
35525 34991
16958 9264
33386 32575
10295 41243
33132 31532
1187 40080
9336 48935
49192 41892
24641 22472
207 5596
10987 7357
17172 46082
29202 21205
11119 5319
44867 17903
37240 9174
15089 1628
21486 35568
10907 47493
41295 27379
1176 13256
24192 32915
42164 17439
29061 18191
27866 10716
39556 11892
14459 37486
34327 44909
46380 35083
18404 21492
35797 42689
1074 22307
18372 29533
3030 28282
31498 9016
39486 6562
22582 36392
15995 36107
40671 45745
9176 20533
19170 41444
22028 29231
12522 16180
8924 9784
28146 28011
18617 37274
18994 7787
26341 40619
18521 30572
9878 10611
9102 16449
42444 25954
18465 41899
17996 49075
10640 26823
30278 17319
33668 28073
21619 48566
25526 14858
20870 18848
27701 13594
40994 17902
48293 1582
39418 33275
14604 808
43412 47374
47254 40129
12265 48511
13600 4019
21442 46718
43843 48792
29235 3143
26534 10204
39394 19287
38255 21771
23325 24684
1169 6409
25043 19748
49106 29430
5143 23859
25155 29189
43689 12775
9035 2866
37872 17328
9163 45960
39873 49707
14869 25894
15690 44455
40120 24679
16331 1105
15290 6625
36601 12812
32179 42211
43240 358
34038 5747
11944 36617
27664 9007
25137 38342
6173 32597
2610 12812
41201 46153
35574 27510
30581 16825
38197 9671
17645 13189
45773 21453
31432 25727
39556 43649
28563 37740
38711 49554
25132 32355
41048 40728
5229 14265
27238 30762
250 17588
15002 48901
49737 48424
43181 38375
23990 15884
4516 31384
18468 39434
12021 18657
18591 33658
12146 1100
45574 41463
40438 44996
2824 16957
42207 3283
4040 4275
24629 19157
22965 4060
70 48232
33842 49423
36481 27717
32927 11071
29156 34633
39920 42011
42071 41193
42404 32351
22640 37566
18614 47006
48873 48641
10458 42858
11290 23907
40844 3628
4166 2426
1423 43854
10119 21442
26526 31386
18435 9416
35333 22003
23766 48738
29882 42057
5703 16185
41485 42444
24766 42609
44354 44689
6046 24510
28792 1892
4229 43540
12785 29553
41723 34632
42880 24732
14464 22294
30009 15942
38476 42536
21661 14504
48945 22744
24684 35412
36321 20845
21563 25799
8501 2984
24487 12204
42476 41334
42702 6845
19220 7379
11424 9220
30991 13107
17927 25358
20603 18235
22991 8331
27843 23624
2814 27385
18297 27647
42345 16851
37338 31211
49007 28930
46327 30439
41034 20078
10511 37161
7467 6726
2068 49358
43572 22565
47337 20856
32282 40013
1590 43991
6243 20302
917 19295
38759 1702
25255 24369
27771 4388
11521 9427
41697 20443
36826 32668
39504 9171
12088 46807
42211 9318
42976 4416
19010 48093
6400 2099
32087 41876
45723 44110
702 8541
10066 28111
3516 7382
21521 17008
25693 39469
13336 44763
33573 4473
1772 4084
30931 35102
45494 32763
2794 48359
21894 14965
21244 1247
20846 49514
35076 4679
28764 26921
35342 16350
5724 34298
27856 35617
39467 28694
31167 31338
38755 31290
44691 46666
20734 11692
5996 48600
24121 13961
32125 7478
36679 11695
42910 48157
49501 34953
6381 42736
29453 10235
4599 35316
3799 32988
34428 20884
44442 36392
37071 45734
43273 2426
30272 15858
31300 39018
20565 43195
4143 34619
48202 33019
45556 30834
28719 30332
15210 19485
15447 1417
38853 35033
15370 36346
47960 28481
46216 43540
33935 25866
15893 35034
9524 47187
27172 17436
24139 21962
42046 16569
11872 45346
37421 44118
8427 42579
18870 28773
31107 49902
23680 19977
21323 12318
23055 19203
45404 41744
3111 39937
12614 49919
14304 23773
28290 14919
35364 14166
4286 31226
49298 31618
6119 42870
29447 10651
17187 360
38027 44227
43299 27139
23139 6021
22897 5457
25325 21155
20674 2766
46199 6592
46694 49801
23513 8566
6132 45785
44044 19545
18958 4108
42967 31897
18998 3701
41555 24501
27186 40381
29069 22644
5545 47901
32392 28421
27302 11221
34712 40269
17827 27745
48956 43690
39525 33442
38909 10651
11377 7031
17059 871
30389 1517
47501 11530
14762 24044
1237 2388
25102 15233
16864 37802
34026 47238
30776 44041
27838 43503
49687 12747
18369 48376
11234 10064
4764 40769
22030 23021
45594 41012
43281 38356
48091 5858
16033 10415
40344 21710
18010 27285
11762 23265
42753 46194
36192 43934
44838 28196
47939 11880
3874 32404
31985 38034
10686 4678
34428 36397
47789 11738
9270 38977
15032 5199
17240 35200
25636 15803
22104 2256
40912 6185
39794 36073
13694 4264
2545 33037
45781 44005
24100 28773
49553 40665
31129 1198
46831 25585
96 25187
45432 14457
37224 41846
45969 37498
26109 35715
16840 18378
36906 40482
25199 44202
49740 25309
42637 14485
22983 12543
14998 42883
39142 21682
29963 36889
29457 47121
41827 20235
6432 15229
48457 26751
21653 48600
10265 47465
12710 31905
28176 15645
27913 41354
13275 17994
19859 6366
14433 15046
106 45121
27621 14186
10725 28035
32655 31585
7164 17635
27415 15684
39209 24313
41088 6120
19663 13420
6229 4393
13881 22182
19804 35809
4719 8849
23012 5790
1202 15863
47779 20156
22831 49673
47879 11144
16836 25104
2473 28976
44167 44545
816 2883
13301 11813
10805 42622
32124 40634
13429 3836
34524 11423
5132 22897
22096 31652
39825 486
30000 1713
21241 37615
45767 30404
39959 65
43608 6947
41363 18266
27786 3625
49863 31882
10620 32574
46805 40545
17880 38504
35086 48814
7012 45789
34758 15384
44591 47239
44242 41701
17583 146
39277 31503
38235 5521
19881 32698
9236 24106
4616 10246
5120 30285
2961 48315
39496 22038
11553 12330
26071 324
1507 37810
30376 32188
33250 24811
20244 27628
46908 47971
11605 13382
49193 4866
49016 14265
15276 37331
49549 10777
44807 9629
9329 17516
8916 10195
44860 9181
49264 1166
989 25500
14731 38433
35863 11741
39423 18713
12795 21163
38508 15665
38550 16169
31298 23567
18573 21708
236 7689
44666 2244
14656 26695
20370 43751
49665 9358
42767 35491
37675 47906
11472 35637
24623 40319
17577 11819
43491 29417
7826 49
3830 27067
47900 17841
45419 23762
12305 42683
39177 19218
14536 21098
43826 20312
18671 8229
29859 18568
22874 13478
6885 13971
10580 48814
7595 16512
3670 39285
41165 34443
35911 30332
2097 33312
12099 48678
9869 42952
28702 38958
24732 38587
21094 37124
49822 21899
30243 1397
9614 16945
1034 23480
31654 5467
40189 28696
13701 41325
6106 12759
9622 46328
21611 46350
797 21566
42515 26055
36643 28482
16922 9557
39410 32801
31080 48288
34680 31906
23670 23826
43542 13974
18447 39626
3689 3013
20483 40535
41343 6834
13776 12342
30967 15882
43222 34992
30830 40448
46203 31444
25033 35724
38391 42916
511 34340
3142 40843
42680 35015
11555 1589
49493 16496
47406 40420
33437 4093
39689 38232
5000 42484
47276 45528
21045 16197
46846 30313
13874 38698
32997 46698
25359 33624
35559 44233
11396 43726
42658 2286
18362 28931
16500 40700
37578 1757
14847 22577
2296 16374
36497 17291
27747 21510
9149 40302
975 42969
35684 40223
21158 44323
12588 26320
49345 18787
45648 31934
46006 19707
6012 14736
44445 23875
32637 39172
8815 42977
38864 26515
31606 8373
41462 32597
32575 9928
22078 27246
42838 39437
28106 42053
14602 19791
6667 20413
37895 9583
34693 32145
22495 30828
26209 6192
9257 7095
25731 21593
37612 44658
1867 23323
32250 7375
4273 41213
22989 2601
46921 22470
6913 42550
24773 3742
6550 35673
24021 19912
42857 12759
10538 18730
49612 19086
44844 4978
27909 40745
43719 9270
37452 32413
16104 10082
25466 30144
44758 49095
2455 47939
48953 8140
9840 4772
43350 11558
34646 37743
4946 49365
14058 27542
4484 12721
9313 22807
36052 38966
27215 43489
23727 32860
36639 26967
31919 40023
848 17836
40855 41204
32149 14769
30331 5449
28880 11012
35186 40381
36289 46072
32467 8053
32511 1750
28515 33785
8474 39138
28922 4774
7164 31302
20566 9144
11425 31766
4058 27366
42967 35153
19211 31240
35995 33621
42442 19893
42651 32209
41254 21032
16596 40235
2400 42734
8945 39777
7900 11739
3692 36509
25707 21078
33166 32373
24702 44983
48286 20656
21873 47266
18489 5446
33920 16727
287 17270
35889 40459
18101 41345
37621 33838
32235 5770
36770 45253
1107 29120
31677 20178
33107 28868
41126 44715
41384 21483
10771 40787
21793 5975
19616 35200
47261 27227
35615 18651
16038 3869
13769 7417
25022 26038
42748 18107
3162 19950
33078 43682
28187 16935
48706 19963
4636 27115
31222 6921
34315 29157
32338 14194
45098 20022
38817 42541
4949 49377
47897 22746
37985 37274
14612 24589
3036 6786
21190 21910
18768 29794
33903 25259
32789 35202
18789 20812
47385 17291
25557 9615
14314 19221
6813 43883
24662 38358
5812 5851
43318 14165
9704 16384
49493 20545
40593 7420
15894 14375
21030 5331
30653 5393
6905 7460
36323 24482
11340 40450
3801 12504
33733 15009
25901 2609
39102 20297
43464 25928
249 49479
44929 1812
24542 21322
28599 8835
46513 26373
41756 19454
33061 38232
33405 22277
10529 934
6948 39291
7618 28619
11301 19734
33928 36056
7333 38229
49545 47134
29026 531
6431 43470
26381 5347
29620 34365
6303 21702
14413 37827
23742 48692
39955 44738
3210 30623
10655 40056
4813 24440
3727 47771
23880 40986
33353 3064
2557 11514
35014 17980
1187 43876
46873 29461
2569 36053
2886 42825
3218 35301
33896 37956
28898 41797
25153 27125
44995 33631
42687 41005
21260 22204
4457 27946
4862 25837
22453 11207
27289 45668
12296 1858
9712 32251
48668 13606
32543 42506
8889 58
38000 4825
28231 16021
32026 9423
6878 37855
23189 22625
7514 6574
2992 22129
41950 43896
1980 15795
9496 18309
31181 48203
21148 3645
9701 7292
44016 26604
42369 49429
6723 37585
12466 43289
5634 16900
17150 38138
40037 28871
46602 3592
1460 43796
1162 17555
15061 39257
355 20564
17583 14507
26975 13630
11249 43621
17797 27012
49063 33424
23796 44649
23200 1638
35237 37105
46526 33970
3937 44167
46233 34081
35302 36105
39747 24289
36330 13932
18409 15765
1613 16402
8767 47902
31480 20520
22226 3815
39801 1298
14969 39065
23874 14682
32620 47517
12680 39793
13662 27055
18819 15720
35208 21947
47137 45184
7481 6856
18416 36041
25774 48574
18880 44347
48492 37775
28803 5805
18239 20369
21657 20835
17187 43175
23782 16965
33647 36999
39763 12494
28983 21388
46713 48069
22688 47805
32369 24203
5005 6447
2883 17536
29658 39055
42177 13938
22335 18858
9026 14347
26645 4409
8016 25440
23998 42945
31248 21488
35051 34378
41581 12436
12758 11875
34060 10724
20364 27888
39886 1215
24722 35269
8646 11493
43032 17086
36892 4976
17650 39320
17300 2816
43141 29138
42926 33269
35974 34183
14331 29612
17105 26832
35683 4768
24529 26272
3933 4300
23501 17304
31667 33025
22444 29120
31221 18559
33077 33939
45902 17835
28552 32980
45117 7517
20207 31262
43259 49896
37607 30618
39862 9395
23436 26616
21323 46017
9122 15095
19130 30965
47906 6738
30895 30793
23618 6805
27960 47204
41556 7608
12741 39246
23778 41119
37323 36110
44583 37301
36736 29194
34406 6181
18566 4528
8240 8491
48632 18971
5249 18845
16313 38399
43230 49758
1176 43819
35377 45438
46747 49321
29854 28731
20042 33781
46086 18066
29971 45491
29762 27560
30140 29253
490 42294
21293 40691
11353 34153
9739 1628
15959 19939
30204 33185
10052 28780
34244 3430
8990 7116
3808 32544
21456 8136
10199 48635
27552 28865
16169 13420
17018 19708
36270 8788
2600 3954
19557 42338
3250 47825
4906 25280
10319 491
11634 12924
30113 5673
14395 49717
6397 42036
35097 46238
37572 23848
23535 4252
142 40078
38682 13412
12490 23349
19832 16131
37039 7970
11746 17081
12386 32446
1225 34821
24464 2630
43435 16973
18878 21087
28854 39297
47542 2104
39761 18731
24815 7000
40453 49169
31499 26929
38989 43026
41087 35344
10313 21862
34357 48576
32185 41297
39453 30695
6186 5459
16345 35851
13483 33766
45815 25415
5417 9159
36314 37727
27276 49930
3917 14185
6494 6311
21000 24969
48106 22044
49485 48184
18781 28244
16306 2564
27400 2294
49272 38066
46263 16115
35929 8544
4403 3530
29222 20901
17561 46183
42728 37916
26 39514
25355 47892
20335 28057
1537 39626
9360 10109
49430 3761
14383 16844
5211 20674
42555 7167
30506 41523
3362 34687
19132 19184
47740 12104
2708 17587
34618 7327
19277 14727
47808 40357
9356 30501
18604 41277
45600 47647
10673 642
19108 44045
8321 4783
32305 16319
3447 21895
11284 6715
13273 8378
49496 20245
48219 40306
41166 49303
46240 4692
24792 37900
40132 49633
15467 34649
29995 43335
15271 34372
23209 12729
3557 7434
32557 37228
6551 42406
18933 24891
35817 41331
45453 12779
28488 19119
14623 7360
31518 42423
4273 6336
19553 21558
7681 8358
42960 13098
49181 44411
3806 15114
15442 40055
11773 16275
23334 13374
24617 4107
10343 37079
32640 19317
24455 35977
37053 25617
48017 3390
25958 35427
20588 22433
21594 29967
20948 36575
33819 23902
38480 28844
24399 26501
47181 2872
18908 2030
49259 39968
18156 38850
25574 19014
17642 21718
2462 13683
642 27930
7374 39723
30381 5486
24748 31565
2786 32908
1082 43354
25542 4426
22103 43193
3434 10405
42320 28607
8771 26754
29961 47163
18813 20736
15738 4051
37987 47961
9128 415
2769 31843
26421 13922
9558 14022
4419 19213
27603 41119
9989 40140
31642 17642
11289 42568
15615 6417
45733 45971
41512 21513
21764 9928
17086 38861
48014 11611
6412 18308
14291 35629
46032 34257
34082 46549
46150 13005
42382 23249
36572 34335
26351 654
6547 35104
11119 239
33052 4712
4090 33241
5995 26047
36163 4683
20503 49844
9969 44478
18659 466
38268 20218
36853 39453
11928 7862
24465 36053
24521 17461
18277 17067
9982 44489
3856 40620
28876 6575
19169 23712
18807 44319
1410 20922
45212 31408
18169 49957
2475 49010
24595 47307
45327 35104
29393 41014
6272 30001
25318 32126
27071 6595
13344 7731
45332 22595
26136 28411
15989 40153
39189 43157
34224 10351
11103 16047
49310 28872
29965 47827
42040 31144
27873 18574
6381 26938
49404 5121
49233 31414
40479 44083
9307 26618
11473 26073
15763 31677
47541 32067
29661 45635
5403 20163
49054 27563
44572 15607
24771 13161
48627 20284
10368 3942
42523 25975
47271 9451
14593 44915
30125 23992
15522 42664
35012 36755
44858 5818
2573 6562
1056 7927
24212 26310
47629 27051
24817 32140
3717 26844
13163 34940
12864 9527
35281 7924
12343 17191
33806 5826
695 34854
21598 8242
44002 38608
48742 20484
17586 41498
3339 3236
12553 36789
10093 4652
35866 43313
29244 24713
29405 42304
19075 47394
38238 1954
15522 19276
45331 32367
19730 10919
21477 18362
12448 6561
13530 10708
30468 41333
18514 24633
13964 49905
1686 37926
32916 39321
15803 37470
31710 14067
37988 34830
6636 34630
13499 16146
31820 31722
15531 25540
9768 10123
38733 6110
33961 324
12328 37740
21503 27151
27455 23971
24166 17575
17423 32446
30400 26659
4683 10517
21224 47829
25983 7163
37090 39100
21669 40959
35045 45072
6815 7127
1471 6008
10717 8383
38345 41592
33029 25003
45544 30607
28018 3721
49513 1071
43900 1891
31940 23402
34102 2762
47864 49608
31029 23342
46288 18177
21115 36493
20914 29213
39840 35659
2207 36721
1561 3005
940 1461
19193 40759
45585 38988
13949 49382
18258 13792
3957 14743
22009 19140
3152 11177
37562 32885
29336 24150
10005 42694
27321 18332
42412 5940
31690 27602
45506 25494
37859 34333
17998 68
27349 35901
34652 32417
33280 20244
16029 47433
7778 6337
37596 7444
8129 31921
35176 5606
33589 14535
7534 9737
29101 1237
3640 12864
21457 41945
27377 6880
43249 23837
31038 9085
7698 46453
45726 22224
24731 45316
40861 33178
16223 43747
26500 30442
2870 36538
39672 41854
37619 25071
39519 33220
10029 28788
174 28360
7189 28681
19012 27025
20582 30112
45173 1531
33818 36122
6063 9531
7700 3972
36665 633
15941 32581
17410 16594
27391 32534
35389 4872
39011 36946
40179 25484
34966 29236
48851 26247
1072 32867
13328 3569
11019 22695
26910 41725
5662 47090
12320 4707
42378 18922
27733 17755
400 3832
14221 49636
49496 13961
25091 11835
11250 41322
31939 4463
20368 47171
22646 23751
11559 12080
8472 26605
35079 13593
1868 23429
49988 8076
46580 33716
30809 27325
22737 20618
23857 14181
20564 29899
42125 25837
23229 33680
31552 20419
5246 30284
30202 40800
36914 39952
11902 36124
2676 21786
35133 36502
27361 49475
25367 48873
13740 15127
42060 4954
25221 41773
17808 47774
37480 16583
46149 739
21828 13179
10147 7205
44389 40057
44401 23777
49848 11944
2790 40514
1721 11965
27471 14843
32041 8700
17215 14378
7207 39027
45354 35334
21251 25115
26714 11137
36927 11
34997 6951
16636 26990
31616 46899
12228 13827
38410 3902
3887 18509
47401 38502
39072 21943
3600 48807
22339 18582
45409 16356
12590 30070
34386 11229
43094 10597
36399 4344
30426 42701
26410 17366
32002 15328
7537 7745
10284 29511
34133 16499
24422 20982
20026 48977
39871 7292
19864 30068
28717 21264
45212 14168
27530 21657
13002 17131
6939 35092
12605 44822
4170 31665
48713 24190
18025 29162
8402 46768
40475 7411
49377 19200
14481 21876
32422 28673
29894 13727
12734 194
18336 1065
22994 27891
233 24382
8533 30820
31396 49832
39596 40140
45174 16573
6031 49021
6157 34768
43416 13046
15915 40791
20905 16581
4820 29872
20689 13775
29528 25996
38805 39189
24850 41673
43191 34403
5628 6214
23058 24227
4827 20181
877 14828
44040 8666
48279 49075
5243 21773
45861 5464
12980 44504
29225 3886
3165 20882
6325 37812
43718 46300
12509 46777
41409 32812
12167 16214
27838 29356
26825 952
23057 33210
23580 23981
17756 5113
25164 24808
4983 40699
48384 26275
45314 28144
7084 21161
24370 41494
20641 47155
18087 38302
32703 25270
39953 3179
17358 21211
48986 42202
32290 25229
2876 31316
35173 43787
39216 30676
9926 6263
26967 18859
16814 25686
25587 33667
31821 14910
21342 22816
27043 37910
48797 7249
46757 1125
13151 40681
46311 32997
37040 16487
26141 24498
20575 13423
10221 23690
8380 17060
3918 11890
24182 24291
35768 28402
38468 3912
30624 26972
19925 20475
33058 35543
40459 454
37000 47858
37690 21473
31275 3201
45629 35337
32980 2459
44280 3411
44427 31560
2325 11780
17434 6265
49229 14968
32591 28129
18933 12485
23766 35377
18643 30985
21974 17032
9335 1434
47102 35468
48464 49139
42868 46404
39643 17190
26553 15857
8255 40068
17078 48001
5851 46797
30220 48630
9196 20927
26996 26404
8490 19780
17740 8423
26447 29738
19277 46127
11447 19609
38495 19740
28684 17937
5400 18856
3840 47759
49580 20937
16030 4024
23976 39155
24758 29834
3504 18757
47616 44249
34178 27574
34258 29441
36138 38778
42230 31796
31835 2600
33974 29569
598 7423
33287 27288
27369 23539
19120 43644
16263 25747
22688 35965
34016 12883
48561 3668
35009 41613
43155 17629
8924 44479
45737 12361
30343 25617
34782 13849
9236 11768
18638 2786
868 22289
42399 46355
29708 47469
2702 25370
8396 25060
15647 43817
49543 34147
16314 18415
368 43806
27523 143
16465 36068
35532 18760
16117 29896
6814 4589
23968 18042
16677 19922
13848 2055
24413 19713
17331 49803
37719 12190
38447 39356
27673 46096
8029 41166
48586 48398
34128 14694
41025 47853
42125 31474
34627 5525
32233 3314
8221 42294
47589 47430
45620 44293
2927 49855
14222 15124
4623 31391
38700 34720
13951 9706
23277 29319
42546 36661
17359 6698
26958 15217
40459 12827
13006 6950
46065 27758
49271 18058
23496 28963
28517 7324
31480 46654
7520 34274
11952 837
24296 29575
44578 3535
38456 44611
13404 17192
9076 19813
42180 43590
35306 16423
5567 45552
38091 27274
49438 42128
41550 2411
9095 18063
38004 15414
38192 22951
25193 6212
12528 15077
13881 45499
40786 882
40132 41644
31486 18750
16355 39333
25749 30845
167 47646
9166 40883
40667 21383
44357 36796
43139 1512
13371 15467
40540 38342
3963 5156
23632 44138
22021 22543
27041 4167
17098 44819
44022 28727
47227 43684
37 30561
27644 17765
29555 27151
39778 38623
34060 25039
16417 36466
19398 40864
4346 10563
9059 18696
30859 34510
16880 3836
7710 43311
24101 22675
12240 44547
47876 17024
8056 1332
7431 48991
26061 30334
36118 1438
35196 21359
19729 14095
28356 43581
4959 1015
41455 45093
19076 28103
44435 37239
11656 40660
26503 27521
19127 32350
25357 40199
28781 15003
40791 26035
10841 20009
35549 43017
20298 30476
41712 8971
26106 39731
37370 11183
39662 9519
13162 48931
11444 20147
44302 9865
26476 32103
6708 11529
6488 26992
49405 15992
42990 38887
5193 25329
32946 43521
44903 3322
39477 37616
21166 20305
33515 27677
47185 46785
36837 13842
49049 46154
41026 39585
5337 23243
31476 25284
41538 10340
30937 19555
38742 31703
17834 26351
20453 4996
1771 27114
9329 3046
43519 334
33124 47336
24352 24233
50 13998
17468 36714
48218 40761
48099 42621
49665 21247
38746 10526
35163 22986
7119 3468
41637 38354
23079 33003
31343 29135
3291 33320
24719 39780
48242 32885
46566 8826
5655 44062
13494 35608
20336 43615
32429 40732
12910 2114
345 48835
31385 32673
48059 47579
36477 10304
44676 22537
49147 24893
46617 26858
17854 37217
13924 38793
17008 3326
2564 26633
23609 22101
13415 7051
24078 40375
7769 33210
38066 17057
9982 11407
23380 496
17072 18881
36133 40877
43730 1978
42550 33472
21667 28472
35696 24319
12854 22167
45915 3860
20135 36919
40972 28494
6213 23510
48554 46520
19349 7700
21774 10058
17059 4128
3241 32628
15121 45907
21795 15096
47073 23636
23081 42487
37882 2740
41748 5833
4776 48290
35806 43902
18035 1907
24237 6578
17696 46813
41631 48716
29111 3758
13649 21962
17952 17625
9527 45396
39414 42528
42960 37384
45296 46144
42450 31907
27013 10808
589 36876
9552 3993
35461 46341
35134 37969
42800 21705
20285 45261
6603 8281
21574 6156
33845 8917
44025 28779
41784 43763
42429 11210
751 22113
41038 35658
1830 29659
23000 5130
29920 2574
24529 15552
19768 32856
621 45944
44867 25679
23272 21852
10833 4561
5602 19558
6296 48164
20528 8934
29411 3866
40413 21297
5890 20031
28663 49342
27361 46570
29306 31025
24296 14172
5323 30722
41610 5730
26222 5823
17253 29196
35148 26434
41987 48084
47829 11516
16036 45858
1867 49795
49139 20440
21137 867
47787 45938
13315 7288
33833 25703
38905 319
35825 6467
42986 25290
27909 20213
44368 4675
32906 7406
14427 36817
30071 26789
17251 7846
46083 17351
25024 8201
14675 21669
14668 46071
35394 24509
21665 36328
844 27528
37341 20906
18687 18715
1035 15896
22448 9411
32339 11026
7084 41768
8127 13537
36980 49719
24648 37333
29788 23884
44933 22178
12484 424
48231 26467
22191 43865
23533 2500
31828 5003
4073 39733
232 31070
33503 26640
16883 41701
15332 32312
40827 40598
10311 48875
49504 14222
9310 1028
14441 38709
49543 14240
28716 4909
28646 18949
32635 11556
11640 12979
27547 48880
3366 23610
35893 9849
21141 41157
15687 37536
33321 39652
40795 2115
40411 17005
37060 47192
46713 21347
9253 26740
31608 35309
49382 41484
17299 21453
37096 33566
48103 27662
20416 4353
6756 27839
17464 11794
30415 13468
440 39275
43958 25143
48236 14073
49655 6757
41130 3432
26312 32196
7908 45431
40546 27533
40450 22399
14682 10713
43932 39195
15293 27846
19252 32384
11285 45820
13210 41145
39641 10749
39399 8549
36674 18902
42765 4787
22926 46991
1033 5249
12258 20964
764 16502
47499 20212
31963 18346
31185 21621
45967 39167
19725 29071
1454 31729
27470 2863
23863 22454
39412 32804
31878 46425
6592 30205
42582 2821
29316 27247
23835 31973
41133 44208
37817 4571
15587 27837
31723 25065
29802 2958
22096 11988
10216 36670
26110 13050
44667 20408
2920 24107
43709 48629
13836 15762
20293 1579
3927 29361
45258 699
41607 14216
39264 20922
33518 22523
2086 10870
11465 21853
26449 40440
19527 38999
10195 36148
9985 32089
38290 47495
35913 35156
10346 46110
25054 3095
23703 16121
26058 23494
45483 26722
45668 8934
35308 48168
30615 49656
31845 7460
44874 37204
44468 23820
16546 3999
16687 4974
37607 40222
3531 36063
15183 38686
22190 3461
8983 15299
37512 11708
32575 13366
10491 10807
11052 24210
37696 15369
28528 47124
6278 39356
30583 1458
38018 22832
2681 5505
17885 21516
11149 16322
31217 30556
49254 37331
31187 5506
28140 22069
11401 43026
7809 42948
37189 1109
22146 41007
22458 28467
2211 11132
4225 9529
10027 10657
6392 33744
35419 31592
41576 11423
1122 3947
29605 9303
28648 32100
40870 30860
32234 5885
2399 15542
23261 21317
9253 16868
7841 37906
44461 36253
194 18501
46390 44007
38701 2262
49142 5445
33978 42400
24678 7609
33081 11617
35056 48294
28056 9801
46658 19297
14354 28849
21320 8813
8194 31165
13794 25845
8348 39821
48503 10217
46952 1737
10320 29718
13158 26347
42943 32840
5753 17539
1846 18620
35237 49331
18291 44791
23069 19792
36033 31384
42841 42188
3778 43477
7413 42463
46832 7764
16117 256
49219 9390
17005 36974
581 43337
11721 8020
35444 856
10473 7747
12914 37439
41584 44783
563 26749
10155 20030
6640 21408
6701 22304
49325 34613
27752 1951
19408 38200
34703 17113
13493 31431
30099 49647
9746 18573
33320 11884
434 11277
11437 25563
11752 8632
5300 12467
2704 21365
14006 11204
16454 44821
15553 26883
43185 4973
19837 43331
16717 28344
34121 42937
38496 12222
1722 43534
39214 10454
21532 23110
4386 39718
25730 36375
40448 40658
48611 39069
22000 25490
7764 20632
47052 14948
49181 11302
37909 42842
38930 33148
21887 39936
37270 14045
34221 12697
9901 1381
27494 25832
8692 33411
24195 20269
19590 3676
36839 5385
36185 38748
25220 3015
18273 42132
10788 7301
33632 41992
20786 30589
34341 21029
29465 45775
7126 2993
22394 35989
22654 49372
28470 30552
35314 43330
9173 2837
23720 39971
5420 14378
40889 40804
19532 44457
7137 716
29865 10270
98 11995
43184 30331
49367 16587
37210 9185
1812 7589
14023 18841
21177 7937
7059 15222
12293 11151
38624 3846
1495 2465
14989 10240
30295 745
40701 27585
39331 43458
10913 14147
16855 32221
43877 5164
12112 25701
20937 31578
3976 46647
28625 6969
13521 5848
32952 21525
8745 36814
44319 21877
12588 44834
11724 41412
5477 5243
21732 30695
23052 9857
2396 28116
23603 23242
39959 11409
16215 19235
25150 3739
2704 34745
8025 24426
48170 41157
25435 34025
2217 18440
46503 1552
9243 20206
13849 18701
36824 9991
12694 23584
23354 16005
49178 9212
23378 42148
31417 18333
42845 38859
42290 23231
11915 18907
516 4132
13637 35941
21130 18781
49567 29559
1896 17049
48759 12000
7416 188
32647 14646
3694 11924
49401 33655
12504 48833
33607 14475
41857 27222
41581 12596
12247 47123
19133 28050
4791 20781
9760 1361
30492 26697
48955 12084
38324 30572
33706 29753
11535 22472
37583 48090
26774 31995
29750 7682
6438 43283
38322 40012
4979 30199
28836 39171
10203 32973
39516 5850
7372 45070
44632 6968
22437 46028
18806 17910
2739 33546
39175 47076
16654 35207
31923 13603
24337 41086
20499 11807
1053 44016
23252 41944
18726 43904
15650 10583
44885 35828
29109 9661
34083 30266
37058 8084
35735 5565
19023 11025
29387 17020
22432 15806
23190 28990
8278 4100
16318 5870
14336 20002
11494 16424
4293 35083
27584 37408
38815 14991
2245 9496
18396 4422
19961 30206
35001 4275
33090 17417
21746 17549
25990 7221
7265 24007
28418 5485
11022 42309
7599 1060
25806 45396
47234 31417
41804 47172
46588 5131
40821 17759
41051 37437
4293 13777
15971 38633
6173 6657
45369 43749
19793 31092
18852 9278
20134 29923
15029 49846
45140 32050
10499 35324
36251 35353
22804 36098
26288 13352
48577 750
15499 35189
1455 24691
15268 10051
19784 23689
22721 31615
36365 47004
5831 33966
35999 13898
24114 11224
7132 44489
1499 42332
22572 43655
49054 18693
49375 47515
24487 7586
11711 32281
25137 40255
36014 43316
30525 25083
23635 1607
34676 32232
6011 3534
2158 30828
37378 46020
31962 13189
22051 18569
44893 15754
22681 15844
32039 49386
16726 25518
3092 45822
49889 11080
301 49314
32435 31969
43997 2061
689 43822
44954 29042
10533 11359
23552 2450
23284 28008
10607 11815
18041 12614
2524 11399
24626 35376
34973 17792
38006 3557
23388 39751
40286 35784
42970 23578
43722 36494
46845 15792
25485 48800
34295 22186
46805 30464
34244 30273
15164 19736
5692 48356
44575 4668
37272 1697
49285 9213
2575 49340
37385 31942
3084 10973
1872 15902
45581 18179
43127 48015
3573 23391
16321 28656
42209 48657
41980 34232
38815 37825
45297 24005
24750 12638
34028 29557
10472 40193
22001 10607
44078 25418
5659 19453
1162 8241
12872 48927
22017 11023
9016 6434
49010 30793
10560 18446
48114 8465
36496 33265
23862 22781
46010 26318
10937 47801
19055 38570
20416 29145
28736 7508
46303 36808
27778 48688
25012 32235
19264 9774
13269 26634
11315 41983
42219 42177
6659 9713
19870 41329
18446 48507
14531 33180
40828 19338
15590 18426
36231 9558
21365 11571
28115 28383
49229 31582
23343 1698
36316 15976
45053 942
23262 43141
10153 5151
22627 43008
8772 30651
18423 19656
46801 4513
13311 47330
22313 19987
36176 47698
38496 13400
8024 2668
21603 6759
32478 31843
48948 6605
20438 9739
32624 39931
2347 24357
37761 34264
10972 49801
23399 25473
38028 35938
11348 23836
42423 18162
15809 7676
13757 17998
42755 101
4495 47818
40690 2469
12277 6041
23659 24325
24853 33813
42658 47499
1440 30214
49910 29510
3607 41155
16787 41608
8770 34971
32914 43220
9439 44758
13539 27918
10796 19726
924 40198
29876 22889
3210 28251
45923 35890
18444 45376
3547 20745
48157 42247
29846 20607
27880 8217
29330 7819
12635 8592
26756 18123
15444 18012
1161 9064
9946 34041
9676 14370
35332 22351
21196 45615
43510 38606
6474 30489
27492 15331
10334 14797
26773 49117
4691 43632
40320 30397
28961 1685
27014 39726
3663 24752
8254 45382
24970 14838
15785 31620
48809 45459
8130 12502
14625 27537
39962 38245
46496 49797
17951 42323
4860 41988
5824 45538
23244 24437
16248 29258
26257 37274
28960 5325
7306 21082
41851 45387
16081 11910
2611 4070
9126 662
11858 6044
32165 44982
40638 31777
3100 10509
16046 5745
13886 30373
7416 23979
44852 18338
45188 38050
21473 29400
25349 8469
35202 43717
24257 34431
33211 16269
42417 39375
13510 37923
4798 4103
35598 23884
3267 33073
30746 30566
42944 33188
8347 21935
39546 44531
5529 23911
3380 37288
44061 16940
2041 326
25643 35005
5550 33668
29350 26544
29623 32932
12883 42748
8764 49257
41075 15465
49731 25609
6338 33122
47876 30386
14206 26195
28657 38189
9712 40805
42769 31003
42945 20372
21208 17794
14641 44173
17235 33641
7557 22717
42516 13763
35817 19203
3595 5798
43948 19646
43400 24176
43254 37225
36992 18135
18632 43294
31752 16854
6615 44773
21931 27068
3510 14191
19596 21029
15089 28131
18275 27362
36986 39181
29558 31879
33195 28391
40769 5100
18183 18954
11 29928
46430 12578
28800 13229
45516 6615
45364 34575
44680 14421
5648 18072
40401 30392
37166 44830
39053 26115
2838 49767
48587 11918
48353 214
39782 31427
21799 48872
46657 26133
23456 27953
820 7249
36087 40961
32001 29652
31062 4674
20959 27308
20216 35555
35956 40187
20154 39709
7156 38420
3458 25374
23437 44259
2867 28207
37943 18879
22749 6742
30225 41607
40994 17771
32382 45292
32868 31269
34838 18752
26351 27337
15581 15221
4117 41752
27168 33393
6741 1958
28536 35743
14330 36445
23590 49728
31285 13264
8015 46889
17397 28587
12465 44593
22246 17868
42169 47314
44180 20159
23140 2004
37097 34413
36998 32051
48088 13985
8236 14161
12839 27956
18872 45449
23452 42865
47445 31725
11971 31178
35337 23095
21153 10438
41682 42532
33071 29058
38291 2401
5416 16115
42960 8948
38853 15262
25842 37184
25403 20305
29855 15336
28581 6935
29881 10149
20089 19264
21519 24961
3298 29372
44118 8804
38839 16421
49930 34210
6182 10311
11168 15860
3889 23747
35810 22547
38713 47250
48662 12044
30316 45688
31900 2507
37487 37742
29578 15998
25343 43245
11437 45924
16878 43354
11714 41924
14522 50
43541 4216
28081 38826
38172 41489
18934 6957
19545 27132
23690 14864
32453 6013
6521 23977
9652 36318
48933 32569
20986 8295
2277 17439
30896 34290
36714 36221
34457 20890
23778 27324
38092 31236
31285 30052
43358 10443
42794 3580
12408 37190
16823 43875
31972 11080
5884 30173
35352 28346
37011 17015
11702 16902
37992 19577
33165 26533
44078 36649
47488 30875
21497 36904
29430 43849
6514 33838
18583 39981
35709 7885
12666 48202
34687 44876
45945 10126
34844 17603
38759 29858
16153 2826
30532 3729
47920 7929
13270 46201
16471 6587
36331 10882
33781 14089
48658 8250
35533 27996
34604 45656
11492 29002
40381 31144
36410 26917
46008 2925
37926 21241
24085 47566
44416 22526
36201 30710
43961 37911
396 11983
48231 42714
37711 22169
38368 28108
16998 1102
41068 20257
35135 27206
43373 32997
8818 27176
26383 10045
30071 36555
47321 25728
35567 46018
18158 772
46855 35820
2667 11943
18782 15927
44131 25135
20501 9601
28987 34098
47880 23940
31854 39635
6060 11537
19889 17399
43708 27917
34133 47475
15821 38548
11315 19470
47938 295
40198 11501
37777 28191
10205 5360
17369 16624
25965 9632
21430 39483
19010 15903
16895 48097
23473 43444
15265 1864
29607 2565
49801 651
44978 48018
41609 21967
17874 34998
39518 40482
38048 17776
22472 10820
43374 23569
4785 35818
3608 45026
31141 12080
28805 39900
26975 1010
41834 4861
17324 39440
12223 45497
3043 48010
33160 37201
22828 23383
15818 8593
18175 27222
19244 18549
9448 13654
23219 48529
13911 11314
13538 9509
12773 18042
46530 45359
5303 35632
48103 34537
8320 636
28376 44890
41108 6674
15040 42689
22665 5114
4914 24943
32731 36700
33414 13242
32855 38463
48211 19968
15496 47939
2496 38579
18617 1168
28029 13181
29447 23514
26430 45999
16484 41930
38190 4466
293 17873
1695 8271
45281 14071
20957 32623
42322 36723
10984 3377
32307 2691
26059 411
9203 38013
4245 18156
3242 178
46867 17891
16647 18286
37613 47852
10674 44109
6304 15525
46416 19754
43203 35772
23977 33494
49167 26161
11447 3420
14996 2730
29230 24222
42897 20723
14571 24709
47033 184
48255 34341
30534 28345
34936 33718
37221 4551
2163 26223
6286 8968
30048 4378
10335 35843
15205 37469
8392 14529
13240 27975
43406 28083
25288 8088
44762 24601
38617 14171
22482 33931
33091 42613
11690 380
47508 15081
13141 44893
43673 10461
20822 47530
39979 6767
12578 45876
35119 49123
37873 41564
25756 6449
38601 37028
19733 37895
48515 26739
30699 35757
11831 2697
484 46394
41097 23211
6438 38535
11752 1138
14828 5728
45451 534
1965 17584
33747 18426
33746 25730
37039 34898
33125 23553
32260 23247
22383 22656
46872 25137
24756 14678
44807 29426
23188 3165
23865 37037
7373 10134
21112 49246
22776 2383
3584 46886
17434 10885
3747 23341
25167 30003
25730 19575
41505 43375
29818 18789
18120 26741
32291 40729
9757 10803
14293 20085
31272 31296
29312 35455
24985 17495
39450 23861
1261 8637
45678 48581
21996 3469
13331 32780
47006 12005
7044 4369
15107 19835
46509 6416
44220 2927
45285 31746
32351 48947
34621 1945
22779 46886
6749 24382
46593 47144
30641 33011
2768 41010
32450 14178
14080 45084
13416 34393
11730 24168
28387 29120
24284 32641
21667 12996
14943 34152
43868 2653
15773 18006
46614 40249
9429 25208
19965 3610
21476 15957
44095 2667
10590 18226
3074 31607
3538 42315
39394 12719
4138 46297
34706 1176
9275 22788
47919 40016
423 43438
16342 25716
17726 16240
15610 426
32383 40456
27517 299
35014 35553
7330 16914
16406 34092
23523 36161
39828 1632
2602 15029
10096 25022
26824 3162
3291 40211
5085 41910
4612 35411
25543 42988
29679 44159
19127 22083
27685 5796
45597 34442
35510 16214
18990 23656
23315 46880
31759 27706
46735 4321
48831 18362
35156 24196
17166 5175
45760 44465
28106 44069
14544 29808
11783 4995
2682 7204
44433 11593
37169 28932
7603 19667
367 46113
41726 36073
45507 2564
48919 26557
38419 10900
11351 23610
3954 11669
18692 19903
11448 44944
24875 18016
33430 31838
18278 14584
42951 16797
7992 46924
13546 22458
8662 37130
1279 35589
20585 38019
45679 6048
34865 15210
18414 8707
23814 34993
43683 36335
15816 7219
31527 34268
17972 36687
5652 26503
31306 32359
500 35872
24042 9464
31709 7032
977 22084
35862 8723
9959 49823
34027 19090
312 12373
30205 24629
14349 13728
25085 26717
31444 11318
43309 5011
9689 40946
29985 5911
37806 22033
40599 340
30977 28519
7042 23058
1537 16215
5544 28234
23212 228
47346 34209
42703 16161
45792 44646
36020 2747
27321 36329
9813 45110
42024 19762
160 20483
39014 41142
19295 42792
3845 87
42775 14714
10846 5621
26266 25174
43181 49195
26946 28924
14529 25698
13672 4450
2436 38431
1220 13682
15420 8399
2845 2865
47399 198
38912 28431
13859 27075
34533 32085
5201 8455
25369 33425
1743 36100
6251 25642
47446 2036
16754 17074
16083 28727
29687 48703
48992 19772
23632 47248
28475 2325
31116 40997
36220 18283
49058 2498
5253 11305
23619 14457
13681 4611
49330 48675
30560 12146
36754 21606
21128 31601
11466 13213
31553 33975
23433 30790
35315 16150
2530 7351
11855 6650
31746 15048
3015 35865
8765 27136
37895 31199
34831 40115
41497 43959
46989 2527
45961 25295
44365 14392
4516 23548
1196 18004
48006 2791
127 13536
6610 23195
46612 26539
22882 16233
9092 21127
32682 35798
38567 3257
44176 21584
650 28818
45501 11877
9897 25855
6534 17161
48688 3214
1354 15401
40967 46017
48475 37402
34178 44417
31822 15084
28426 47771
3416 2968
5375 20216
41230 44733
6430 38473
1411 28566
5122 20259
8914 1237
2805 42363
21183 32376
45457 1854
384 12401
114 23580
30787 22026
41718 43406
15454 27952
28568 1182
26711 27221
20217 27091
30193 49554
21147 14907
8835 48389
35992 31094
49975 9142
37052 20403
28197 13361
6289 17334
48413 674
29005 18424
21360 18787
10010 21021
8239 43182
49512 36880
45501 6202
8208 10342
18912 39312
25017 25992
32345 38779
23048 19845
38837 24957
44989 3643
8982 13911
27920 47349
27901 23938
26214 29015
30024 28998
48629 36841
49438 29318
19825 7401
22223 47187
9205 18032
30012 17510
9878 13406
46075 17223
11144 27326
39947 16646
41282 48625
3304 35623
34598 28629
42191 5524
42528 16391
46526 3174
13118 28672
22656 39722
42967 36637
9288 994
12592 18622
14192 16133
3878 34418
12353 3872
46428 21224
14677 37793
30776 12029
18883 4028
21196 13263
11690 13493
8168 1715
43258 28680
21965 16378
6595 13378
36071 21925
6611 24967
8818 10888
12399 24016
25975 1621
44145 40843
24945 1282
39126 21190
986 29510
43840 1833
39999 11390
2426 26578
20756 3485
31610 16865
41714 11129
18236 30053
28685 22602
25022 8151
30996 14039
40196 23135
24651 22998
47096 47028
9661 39523
16336 31300
11721 41052
31312 27845
49198 25687
24905 2488
20401 7111
10076 49169
24153 32717
47205 17475
37476 37132
30342 33643
43149 34442
28121 47657
8332 35020
4138 34581
43245 25364
34033 41337
10716 6309
29450 6602
37609 41274
13270 37266
4961 27300
16007 38794
18525 1144
36053 4683
20950 33714
3369 27506
24672 16389
30831 46503
1853 13778
23420 17575
9804 19239
14325 24160
27683 1183
17445 25873
17274 23717
22792 25710
32356 14964
27986 2850
12638 48953
29190 15233
15653 20546
40917 33859
35744 22473
24913 5626
36430 10531
7772 35013
461 46995
43005 28476
2575 47083
27315 37947
6787 28207
11328 17151
48788 8676
36279 47190
48261 25001
40550 7772
47733 23867
8860 9810
25265 22862
30012 31173
35354 42410
19518 33601
44072 31633
1218 34564
20068 47249
19584 14275
21447 21271
12998 19764
5673 20044
22650 9835
29606 2395
34233 23721
12752 20728
43326 9832
10415 6503
19427 32941
48926 46933
9100 31865
19119 28778
416 37250
11498 46451
22001 7342
24505 29991
19505 10702
1033 29810
46569 8686
23244 14233
18127 35616
22131 3948
12314 41958
28818 21921
6713 16977
26137 42989
19239 38850
35786 27505
46503 25518
32296 29131
977 25107
21831 38120
6170 20368
23025 40495
44697 4244
16119 45370
28556 47225
5957 48828
26161 18929
39267 38848
10395 8244
5390 28170
24263 7252
25408 27808
3366 5623
287 46704
30555 3419
26834 30027
7610 24460
37720 1158
34154 46191
2357 47887
33595 23695
5724 31858
37153 15284
16378 39318
32461 25328
47467 44411
32575 38848
10153 29023
8971 45680
46567 46466
36171 29237
37021 37619
40804 5514
1620 45647
39276 14342
5266 34007
43967 44715
43838 17078
11612 29803
36297 20261
8679 16930
7214 27989
35648 23710
35391 37895
48533 18979
44408 47086
48067 4243
24236 19316
11944 48964
43811 1234
41802 48329
45502 1039
21515 4265
21773 28528
40664 10778
47412 28698
2619 15463
36415 25311
476 47329
49521 8968
32663 15953
11980 42696
10925 46242
18990 36980
22955 11814
46697 37860
1951 33125
9058 16043
11883 21220
24405 49873
46821 15133
10719 38959
48992 45094
7168 43401
11681 23828
23088 19488
15577 17079
49375 17624
27742 42
18870 30817
19474 22203
665 27145
32897 43721
7264 40199
43538 39945
5797 29714
49700 49756
948 18653
31802 39661
36317 16402
27674 24419
15737 295
49219 29105
31650 22630
7683 35956
36795 48069
21639 42632
22938 24311
5571 3262
9216 41212
18479 20312
13149 40511
38375 26203
15023 20377
12607 9622
36465 42671
985 29339
26036 19553
40195 34262
33339 10442
17067 18483
23818 20876
15033 31890
46122 25533
10197 36274
20108 39816
34163 42768
47203 22041
1464 39147
8631 35150
23841 2254
35139 27846
44957 28307
34105 17952
41357 44810
18453 9201
38655 38557
34002 12607
21617 34521
28381 4534
29707 46976
13063 43049
30634 19012
10894 42281
20451 1827
28838 34403
9065 7307
8612 24901
21921 47251
43523 44476
4801 11466
29033 28219
48732 48513
36265 46421
38901 12500
43648 37084
29271 43086
48408 25265
40800 28233
29364 33038
15604 48062
34773 11749
36841 23553
5978 2567
19892 19209
11520 39086
36557 48109
45630 5070
47103 10403
23064 9870
16993 6828
6594 24362
43386 4233
7484 16868
85 39116
35305 17704
43889 12354
47286 18969
16628 5788
11568 31145
47726 6829
25919 43282
48029 473
41092 24249
12786 34505
36812 31030
36590 6775
20433 8072
3030 31335
6365 7566
44320 11970
12707 40365
32185 9904
40745 48933
22845 1571
40460 48671
22446 11203
39666 8414
6659 19890
45560 3267
28063 15598
13580 18551
13274 11527
41351 8079
19788 29874
31522 26924
11134 20590
18565 15361
49983 4453
40237 42407
5170 49918
45093 14804
26254 33147
26351 7998
15067 2596
10389 14435
23828 44515
39556 4804
7798 2594
31300 26400
3054 6672
4394 37492
47641 41114
40627 39171
21809 7687
38747 5976
22857 18332
47612 23280
29291 2117
38878 7023
45815 46983
24592 27565
23869 48659
45059 29416
14006 13102
21523 13993
12296 11805
9055 22763
15831 44578
24622 7400
26631 22326
22737 20082
128 7422
41428 13855
39395 9993
6833 16894
17432 18164
34254 26673
25491 23927
47414 482
24989 37391
3780 20267
37062 40244
16501 37870
16561 28690
4059 12795
28385 46794
32927 44837
42888 32073
40278 35515
26960 11728
37987 39883
5949 15829
34737 21927
17847 37140
25472 41441
44953 39704
30345 5217
19899 7423
42651 15450
2008 25563
32313 38961
40747 21696
21971 7312
29562 5251
4062 9086
14392 18028
40968 13400
2621 45029
44316 16373
32228 49154
35926 39393
32164 46578
23573 13654
1144 13627
7327 11564
34747 20135
1792 26634
47879 4815
38624 15057
31522 45031
34582 519
14971 22732
13006 21720
5673 30801
29655 7198
24529 15995
15015 5529
8616 18443
9220 47728
44808 12578
19050 25805
22532 44274
48421 16639
290 11844
35071 30394
17824 1801
33280 5348
48389 18044
39892 12000
38067 9471
12805 11201
8117 31271
30521 36443
34914 44736
18716 26382
39377 32003
44478 36235
39991 31509
927 47522
45321 24865
39320 46973
44676 32604
45243 20320
11735 20817
923 49390
15235 32212
7887 25226
13466 48883
39135 9118
43839 43200
46880 13057
7463 1871
1260 8808
10006 44097
20483 40193
24662 26622
13504 18687
43830 40786
35200 37031
11168 1391
35576 5239
148 43652
37209 11128
49162 7439
19822 32558
21543 4687
2767 18574
1225 14655
24736 27916
6551 14335
14359 22845
43083 48237
1810 21782
34385 19806
10748 18734
31957 39214
16065 15361
23277 36149
45033 34481
39247 15097
5436 11896
32328 42225
42041 5655
25305 7405
35764 12439
27307 5106
14618 15889
29325 27491
8531 9931
10825 48747
43334 9970
10685 7915
23859 29843
18505 23494
10251 8600
20081 16956
26768 17324
13306 30936
20901 47039
47211 18716
20180 892
40736 36748
13642 16685
15439 14453
13904 35623
37293 46707
37405 13603
18360 42557
28332 42718
9925 30856
18140 17890
15507 29482
16900 1222
400 47756
4287 9591
9863 45964
26306 15742
10013 35787
10485 9107
26301 26143
4347 29526
49934 37718
25944 34509
34224 11750
450 20297
47989 21331
6117 10247
40329 34654
19849 42850
24972 2784
45192 23051
22907 19832
599 30268
18537 33168
17355 4083
9966 11815
31514 9349
45094 22034
48840 41577
12456 7639
32263 27679
28015 23500
45713 4523
22815 44415
19625 12238
15917 8982
24328 17757
32636 46991
44489 27011
24859 18658
26160 16729
22125 9265
25435 13314
16098 29714
29697 14808
7391 46374
13180 33616
33948 16908
41150 14092
10590 25915
48353 13114
23192 4625
35313 28415
26386 24096
20838 14313
7427 2635
39364 2262
4583 3026
9125 3292
21610 34254
20699 46068
12622 4061
1887 18988
16275 40918
5136 3040
45066 32247
42580 46161
41694 38979
720 27944
31476 35870
16708 36705
6883 41280
27911 46768
41765 16550
30257 16688
40207 28041
39289 37429
2276 42795
15005 10443
22339 22093
14968 18405
23084 10414
36093 19932
5622 1635
32998 32022
38328 3371
15486 24166
47202 24854
20498 23630
41364 39549
18624 12581
5959 22203
38797 25883
2466 29045
10119 4144
28576 42430
47353 49039
27880 40632
20194 42623
11845 29086
38267 30327
27068 40272
49366 17587
14615 33012
37684 33875
43426 15201
28652 8149
30644 5097
14698 21776
43355 29832
8090 40025
14270 13989
25633 17757
30957 18516
18063 19591
2179 11363
28546 21055
3524 47755
20115 38355
4529 16674
16974 26136
17369 21486
21469 38554
49859 7696
29605 25114
11744 23499
48080 165
36426 19898
41660 23296
3314 22436
721 41214
12178 20132
19457 19955
32582 31618
57 15891
26223 13210
10720 25335
43615 2588
12589 21494
27988 39044
6869 31599
23720 41952
1501 32632
5028 38595
24926 40358
22107 32379
27564 37954
31966 13515
23544 17521
33079 2400
33625 25122
34117 40655
27603 47808
6974 27338
32639 9271
22412 38412
5959 2752
22439 4054
38679 41626
2955 5677
22764 4935
11823 25819
13052 37809
32202 13802
7890 38858
14598 3357
3303 16824
27206 13853
8334 22788
28717 6190
31904 23016
28235 18437
30614 3831
6057 43176
35558 33883
28464 3834
11972 4237
44197 30644
25164 25178
42297 27991
22325 4409
16859 8617
8229 30432
20258 17611
30465 10719
9791 3045
23230 40890
41072 36009
4317 30189
2124 37245
22951 14961
47173 37706
39030 26646
37889 45836
1314 15928
11567 21069
27252 17519
20514 40961
17663 44813
46995 2498
4512 11403
23832 16524
7524 15319
21122 28897
2688 27973
11106 37393
6642 34833
25459 25916
46868 14526
7013 8901
1451 14522
45925 2795
25349 39590
48309 46752
6677 45796
10001 5389
5577 2159
24358 41754
42566 44608
34148 46592
32375 45720
4994 21924
2366 5310
17225 20612
49769 3986
35722 23320
42713 6420
6631 15680
28520 1105
13228 32647
38828 11532
22539 31909
47331 8982
24547 29882
33263 41843
38705 21495
24467 1122
25242 49192
31643 25778
36028 36456
48627 29736
33921 21720
33278 30228
41962 29173
25459 14793
15255 4183
36347 37900
37107 48763
45177 28630
30884 36008
2873 49326
935 42618
28632 30991
46986 3177
37228 7865
49107 339
31114 34398
28550 37649
14649 47255
7491 27581
3522 22818
27252 15894
39525 32489
20891 34459
46458 1043
18286 18
2578 23730
2822 42974
21196 3975
29670 38723
31435 17723
15378 33529
26055 16989
41773 15661
47462 26559
12017 32106
42481 20895
30813 3433
33975 21737
10267 21887
45197 19053
33157 29726
34509 45330
35384 45263
13869 44937
12407 24325
26941 12008
49303 13057
33244 33340
33000 23534
12799 25232
34105 25981
28464 30508
46668 34769
35191 30186
39079 38672
39078 31181
31133 4457
5599 26809
37800 10328
17947 28697
49086 36519
34640 31303
44532 1736
17048 14333
49841 4801
44348 13820
36303 37584
37616 47345
19074 26515
28321 38327
7469 18523
23340 326
40977 42077
28358 24062
2622 47761
34329 38396
6088 38745
24883 9179
18223 27725
24933 15808
18609 22044
27058 34638
29488 18065
44554 18577
2003 37269
34210 8170
24950 2005
28894 36508
33725 17136
2082 6179
12992 13210
13871 1069
27297 1732
10108 48480
49236 2498
654 47108
35433 8389
9284 28200
44709 27461
42515 209
15218 10891
5209 32524
40827 13856
34817 35406
43170 19236
14626 29186
24401 38981
3291 28870
32392 15578
34688 1592
17525 9771
7870 36883
27915 7884
34412 42082
1615 26805
816 11270
46262 38781
40383 35880
39613 1043
22849 42957
46097 14623
13906 9627
4553 34112
8011 573
2755 6087
27521 3061
35725 380
48557 352
24945 21563
8643 14816
35057 43491
40834 12160
37459 16815
4373 10087
10288 42473
10881 28340
3608 20007
253 49955
29432 27784
17453 31629
31160 4985
27488 37767
41864 48056
28386 4066
3457 3317
405 10953
18690 29084
33083 30821
47195 4631
8233 22002
30763 5663
42842 34348
11218 24885
1491 38882
10663 26108
32239 19792
29784 37384
45407 4760
29193 24202
2338 38098
20711 41989
6188 18166
19484 26255
20295 14010
34201 16534
33365 37696
9016 28410
39102 17344
28911 13477
26955 48236
14088 41773
14005 20277
30160 19331
9610 5973
4505 48864
5916 41837
15784 18995
24053 36062
30586 4252
21048 2043
40681 47213
46007 33216
10717 34523
12804 44660
27917 23372
44434 43961
42113 31746
42455 28492
30458 27656
8121 27265
46645 42253
4572 31823
23169 39293
18268 18976
46984 10748
20235 11098
43531 20601
42965 47166
30561 31748
28478 24504
4867 20424
18047 13230
14048 48856
38948 41258
20642 1097
47758 10242
32171 43334
12037 27155
19462 31621
24759 44775
29388 2311
5825 13689
8982 39045
7063 2024
3697 42048
29525 20583
17354 28734
16590 22333
29725 39054
46808 19566
33332 4330
25086 9386
37123 6728
3662 46562
49912 49987
31568 6614
23338 42903
18059 2546
27556 20358
26187 20894
49044 25086
16066 22109
41448 39607
14044 46499
25668 40538
3929 16745
6832 42679
48502 31097
40034 18612
13031 21053
23856 46124
8075 44883
42906 3909
21460 1294
38622 36919
15893 3942
42771 46118
25429 9880
43840 22396
8174 17004
16216 37698
41123 44298
27234 16205
14856 18914
2727 9478
46623 46494
12646 40185
21320 19817
28858 49740
20928 26068
6430 33845
45958 18857
39645 17986
18837 4057
39052 23801
38101 43507
43828 5698
44079 44124
19967 31199
4307 6271
24955 28923
20217 43158
42978 34970
8076 39197
37479 20575
43777 22564
22964 28525
11803 970
46001 20472
37668 39394
47958 37390
35374 39453
29681 35612
8471 9294
48088 39770
5264 4353
42315 3221
33721 11835
23159 45715
39262 9163
41647 231
36933 18083
25052 46981
46243 38344
19878 16927
7203 8033
46021 10759
39708 3133
21514 35355
4339 31543
42016 45802
45468 29021
14652 8388
3597 26011
26389 1097
25301 33621
15336 22555
41841 34152
24847 21909
11746 20535
28976 43244
20602 33888
10057 842
31970 4179
45695 17592
34548 30313
12383 28916
11462 36451
26938 25916
44009 33820
24533 9166
15837 20639
36274 40941
2125 8753
20190 7565
29692 2722
18826 7800
6432 12945
29140 23623
39941 26715
8163 17724
24579 17926
18399 9751
18320 46171
11877 11196
36983 10720
36414 29404
33358 8364
3293 4494
13643 19832
35719 38815
5799 39591
33196 28733
19536 45852
2054 49524
32288 22562
19982 47321
20000 43329
34642 6774
21926 18108
41876 38184
27805 15172
39799 16554
16966 31999
25270 46905
23052 1727
35502 40585
27127 45137
11207 49226
7910 3560
1244 24395
14944 28364
15938 34576
41488 37974
28676 24052
648 12725
40535 7256
8875 42081
38364 26016
20513 20891
28064 18554
12499 10949
48649 26704
47714 14677
40600 8189
14935 35024
30846 44156
8567 8401
49493 32376
29698 42946
40476 46893
47098 36120
9665 12290
33073 13647
17202 42570
7806 35847
23243 348
31302 33340
6420 26488
33135 21417
22035 12582
44439 18905
2948 27701
11441 34901
15545 10897
24885 21470
48331 1654
16678 45017
752 36836
9387 963
9941 40223
35183 39238
35116 19777
31964 41179
44719 6437
31147 14094
34734 20867
34788 1848
33567 13003
38413 7265
33204 45702
672 9999
35570 3728
11207 43022
1527 11152
14314 35686
32760 31440
14741 43046
33306 44708
27298 18601
8952 12375
39631 40027
30060 13722
18431 2811
8561 208
5026 8344
7620 26467
7726 49254
7984 19532
999 18731
7327 34659
39486 25113
16740 12980
3180 36740
41897 7987
13554 6539
5565 10828
9122 43399
28576 47770
12529 22421
44690 26730
29564 41012
21862 20053
36951 25138
32004 31189
47294 32440
37239 36520
25220 23038
41003 49937
38755 2939
25856 28558
43504 29228
1545 14017
17572 1162
42146 10289
40226 21352
15243 11026
1659 6704
26896 39179
22915 8628
13165 4492
40964 38557
38592 12384
34096 43371
18726 6346
31023 1332
635 1255
7341 14036
29668 22108
35573 43584
33589 20034
24882 48206
34810 39306
34527 28574
46167 17110
21895 12440
46193 15912
27455 41000
48882 43287
45250 46221
28610 10222
41670 419
2309 42053
29484 13214
14131 5941
12252 11101
10903 27576
31913 25118
19085 32222
21673 36399
33794 15988
39010 31944
38653 7386
39176 8061
20825 17982
49667 44291
45095 36714
45361 34723
20750 47697
36504 18795
37814 6098
47240 46529
40005 11589
13320 43919
21357 30448
49701 22772
36626 23267
31320 13463
42304 4816
41825 3718
25085 14238
29767 13280
49628 36760
9864 24599
22732 47333
17860 49766
33984 47823
20886 10083
30790 44779
49776 24307
11694 1780
45360 33566
18393 43738
35337 38475
21318 47645
5911 33345
19612 34297
35013 45822
45759 11388
32031 38363
39876 2751
7182 40712
3707 12956
46716 42387
26068 924
27443 18229
43997 30028
33265 29555
34476 25039
21238 48428
19818 42141
15973 43831
4465 19249
20525 35260
4976 11139
25172 24194
39842 22163
43280 30791
36844 3783
23971 20592
35013 27320
48936 17196
3093 31693
49524 4845
39448 6053
46762 2219
1423 28375
36553 752
6273 31181
16322 6676
4787 4188
42204 14343
49832 36691
9173 12588
34577 15129
39669 1625
1239 32054
218 11236
5496 6172
23823 6309
6671 11013
39064 6900
2514 15567
45395 20409
38502 13192
13492 28679
48365 30359
43843 10711
5656 16589
12201 27088
30371 2088
25096 27994
15273 20930
41762 13395
4470 13273
48992 3781
30624 1115
30093 12155
9346 5458
27173 11008
16518 8560
49036 21062
35197 48221
5241 38016
23324 1046
32054 10166
9295 39193
11476 21668
28786 49975
14975 23327
26198 14080
18105 10332
6982 22245
41037 19683
10672 46178
26462 30082
2527 25330
17185 15078
19488 25536
3070 33207
32831 872
36490 24767
34133 36134
40411 19432
34212 37231
40521 18467
14428 8255
5259 43145
30232 13317
172 34017
38231 34189
41916 9085
45887 3944
17145 27320
44652 42804
5934 15919
26712 9799
39889 10530
8351 10635
40465 9166
28677 20997
33335 36156
49820 34315
45632 15897
33578 18905
49805 43895
32815 45698
34723 48000
46026 4855
24855 5840
48358 14253
12499 44689
12233 30457
41690 11801
31844 17356
42090 40809
22876 5341
38112 4798
46143 5444
20971 8100
26161 16297
20816 28240
5277 27724
29283 44180
49403 29240
696 1632
7311 36212
49465 28049
45237 32506
40244 31777
47575 11505
31488 38671
37687 30344
28874 35222
4699 26760
1267 29426
8688 19110
26800 49617
7963 48082
49701 23129
31780 47154
10553 49588
32932 38396
44463 26075
22491 49641
13804 7066
10716 12790
45675 37879
11175 24140
1658 35654
32280 11187
34946 19250
30558 38845
43185 20387
2401 26540
19310 24019
7729 38101
25652 48563
37175 40652
27537 1623
25317 30885
8437 23715
47150 22896
14653 12059
32203 31291
4015 47407
27609 7428
7031 3420
49286 5112
14055 1750
21080 41865
23238 40985
3984 22075
18535 43377
21770 47111
46986 25332
15290 12667
44473 38918
4922 13302
29268 9388
26764 16157
23113 13346
24649 45625
38302 21310
23702 43269
17159 4913
7028 13099
23792 7911
31629 1982
12044 5144
26164 32073
7139 13561
46784 7973
34298 38863
14974 1622
4920 13932
40596 4577
43969 110
34715 3814
35565 5662
42009 4662
36924 20680
12285 11671
20752 28999
37753 187
298 47275
18891 28617
28772 25797
24342 47222
47697 29327
42118 26363
36029 38469
2011 4962
16211 21153
25337 6687
49932 32295
2525 34027
707 47588
48997 18112
35333 13550
8816 36673
14041 570
40999 10483
13621 49263
28908 5402
48131 21394
11960 2954
46797 3888
20088 48490
49759 38876
34677 33565
12478 15260
34281 20495
6172 21458
35428 28534
42642 25199
5414 578
3265 4495
41777 43727
12692 35436
49203 28984
12337 16718
4721 25838
44363 40456
46870 22781
25393 35133
4273 22387
46248 12433
37475 17845
18713 44725
45286 23545
3760 5130
15908 29424
25799 4922
13030 2713
30143 23116
23965 27925
20096 13099
36795 22662
20842 25616
37632 14383
5995 14597
4448 44499
9899 44965
27296 7088
43583 17104
19790 40403
43227 44440
45310 27470
14159 36086
12989 7516
15613 22446
19853 10987
1658 28823
37941 22095
27788 43956
40657 2252
9061 27689
47568 2910
31250 6424
37111 26905
21257 10805
28776 13538
33292 28774
41532 2690
1881 31222
8329 5987
49992 13955
11359 17370
12435 35882
47614 29189
8296 30537
37718 22410
25645 28910
13865 41141
35695 9892
11777 36541
27247 19685
34083 19476
46477 15233
43057 5758
38351 14017
15631 23579
35187 31632
10029 27973
140 21938
34287 22771
4473 42556
49267 11425
30226 19311
45829 8492
3364 19817
8673 4058
19523 17998
1713 20457
18275 13641
46162 42791
2748 5096
30874 24256
19814 44543
3599 28603
17539 36471
27351 26940
27311 16632
5262 34302
6035 37166
44819 30951
37258 33107
23443 42768
22459 42568
9644 27193
19890 8072
43293 14717
43572 13297
39600 32615
30395 28130
39988 20541
28057 47353
42639 35597
48468 5308
13540 39233
1662 45660
34423 35050
31240 25224
12048 31345
38961 45829
13830 6057
27473 8642
10203 586
48402 31190
12668 15850
36176 838
5166 22340
4491 25000
32431 41151
15788 13309
23475 27449
17213 18719
19921 26394
44556 28380
27901 5754
13338 45760
45164 30353
26528 18102
1596 40186
42086 15490
6536 20269
3278 41228
30522 12221
10201 9758
26818 10850
37139 26995
31647 43715
6717 20358
32732 184
14663 11652
47355 16717
31111 41765
38732 40710
10330 27826
20759 27755
43160 42103
28998 37120
39233 30688
11023 9689
22691 5796
17653 35154
6972 29713
3079 18722
387 5978
30088 45424
49663 7745
34746 17843
9574 5055
24620 33272
18356 42202
43242 18180
49106 30227
12980 28175
47349 45900
43246 23446
35179 13928
14396 40918
41617 43003
2677 40662
13318 49537
5313 32939
15617 28289
42748 33771
49276 32012
35363 17899
11666 5351
31674 49796
12843 42173
15521 8617
32700 2037
47259 14952
15453 1795
39322 1732
27 4815
34422 16893
41545 7504
985 1287
26939 26303
31861 38806
24983 22506
44961 4637
15330 6744
35849 47591
39957 43292
35412 38186
25295 25456
9573 8188
13558 15150
13179 11332
49165 1248
25789 32890
14858 28786
3976 31379
34578 13144
29265 19429
44784 28955
47735 17510
41079 45750
21640 4278
11855 48866
10458 9391
37544 47567
35969 29874
39953 4645
34639 41403
17368 25886
26709 26261
42053 44709
48696 20374
9213 20068
15965 39045
15851 26622
33332 17732
45690 27363
44134 29223
48172 48791
12915 36677
48398 4890
6747 18657
33580 37586
21878 22247
36527 48186
11987 36571
21461 2490
337 21064
22184 27939
38211 13601
29779 10240
8220 12557
36657 8871
49927 17683
40553 23279
47751 21478
41509 5605
43926 16741
18449 21006
24617 47168
30178 25154
47335 39109
14034 41994
1529 14456
23319 1181
10466 16931
45974 16228
40195 17099
40962 47257
1917 21491
12 31675
30428 20050
19730 16188
25189 20154
2665 34869
48989 6406
39559 49452
20690 36015
48215 36761
38446 11925
10443 8101
24592 2358
12759 29985
46660 25523
41859 37254
13850 20840
45290 26421
36566 47894
16107 44117
12453 13215
34600 1353
47301 96
46533 34238
37316 43433
7590 29959
25513 37734
13407 31516
27884 1432
38115 12218
47348 8955
46106 43681
39286 31501
16663 48429
24336 22184
16142 9134
19495 45344
11691 24153
5621 43218
4894 19841
8404 4086
24167 1977
8050 34783
159 30552
41801 41085
10777 2680
19605 14540
11008 21613
39506 26630
47840 41332
26895 8504
31601 25760
45176 40572
5711 34129
31998 18968
11075 23508
18492 29509
40455 12443
35284 1616
31774 9838
48481 24044
15001 22754
6314 19180
461 18390
10376 1421
6628 33843
15361 16267
31656 7996
33336 38293
14338 22516
2073 36591
49468 16344
24946 1658
44968 8443
32329 41206
11173 23648
32451 11707
23793 30034
3302 3207
34875 30740
5292 35333
49740 40925
30204 24974
3851 48296
35937 1899
25902 42644
11115 34019
5720 40651
11743 38379
28727 14320
22934 12636
45537 28992
11655 4337
16398 25045
22030 874
31156 15300
289 36858
10091 787
37397 4646
10449 37175
4995 26101
2789 32699
3235 48418
42215 26815
12567 48900
21018 9963
41367 49369
39458 30334
22387 13941
43661 13249
34371 41448
11206 1767
37043 4219
33186 39498
7053 33605
4673 41959
29135 11465
40997 25051
5019 15870
21312 5337
14481 3154
8586 15431
13452 32956
43655 3325
7928 3646
31520 18677
36338 10419
10906 31607
23442 41683
45715 34682
24594 20330
44872 42961
48127 26219
48328 24704
17061 13122
34637 34886
17633 12123
34186 7620
31280 2765
48010 35988
14086 30661
31187 5940
3988 22345
38876 26445
36390 32734
7403 16021
8127 24797
1443 16691
38874 1494
40145 40546
20902 21792
14020 15140
41936 3838
19689 4171
1408 37790
39459 12235
9265 2168
35409 39360
20428 13510
45488 15602
26333 13672
24593 47727
41483 22445
49759 43443
6090 49860
25924 6543
30115 35465
3766 10702
21843 34957
38768 574
7984 47016
14478 493
45219 26883
37544 24964
30160 5012
28308 901
37074 16479
13127 33647
49255 30224
45738 4109
32005 24333
17325 24398
44351 30434
10863 39749
35447 48269
42923 27574
15707 45579
22035 46787
25004 12163
7220 6627
9334 27890
31369 4314
32984 43303
16751 7647
33799 12729
35600 35352
48019 4494
5539 42510
17707 49433
42566 33832
32317 20870
19566 20891
29842 49113
24304 4608
47288 8975
1700 15117
23808 22578
38363 10676
1975 36246
31061 21878
21706 32645
30099 7728
12155 38139
21872 9167
35119 5103
29604 44343
25984 43773
44329 43213
10856 14376
39582 3955
13420 21322
10535 39907
44049 33455
36444 47400
32364 42823
46522 18897
33351 38174
40057 23724
6650 7636
15469 41739
14887 33261
49448 36884
47687 9488
23035 48709
19097 986
7354 31524
866 38251
7904 27600
16114 15637
225 4921
44224 40935
25079 8735
41123 2085
6537 47048
443 1289
9779 8530
19496 43253
3859 24284
2337 34411
8967 35299
12200 37444
27272 32563
20962 608
21702 34834
14155 46334
10167 12308
14416 43733
26621 11604
27737 37090
47030 42750
3031 3979
2965 2657
44399 35691
47010 4466
35799 26375
48363 44887
28436 48542
27730 27867
43079 29
28190 43132
48024 38138
4002 33144
33749 1590
48433 33002
7512 33913
8396 15687
48497 48051
34959 41638
27107 38095
45758 1048
12511 23909
16905 46280
29991 36652
21246 31706
6313 46120
18427 15737
13449 40403
24463 20621
37667 29529
10824 17270
15391 38426
38896 37802
14649 14915
49774 12305
1307 28085
20748 23057
8868 44501
33437 13321
9796 8484
15762 12731
11748 13577
30200 25970
21681 43969
18496 19642
8269 40888
28776 48429
12157 12456
37438 40417
3551 7599
3627 6958
2863 15670
27450 151
7031 22269
36101 49949
11206 10105
31613 10982
11580 36905
26047 4839
42448 31914
20194 26209
24305 19057
10110 43757
38633 38218
8293 30185
42191 26652
1050 41040
3402 24064
34601 4224
20644 18647
19751 12550
29568 27177
10948 35623
46986 35692
22555 13189
5930 11452
33549 42626
948 12219
121 28710
46711 989
46877 46353
12293 7905
8799 24591
27125 47332
12255 37392
17844 22600
42297 29117
42384 49492
44376 9618
6869 19421
18707 30705
231 41267
45640 45116
45701 40342
38864 15200
26136 26976
42656 26157
14657 49477
12346 17838
36690 20546
27274 35289
11325 27048
3132 21381
6863 17580
49843 40696
4585 6228
19966 11679
7914 20655
39620 47007
32915 32896
15402 29036
28097 28656
9184 5620
35103 38797
19752 6522
9832 34181
21655 17086
26913 6877
12762 13860
24172 16878
12299 27796
45667 32285
26083 3910
24864 24903
36442 30365
21132 7491
36441 21570
35807 7111
39450 47631
40948 43412
17007 15172
22218 15388
47207 8795
42334 31593
38024 9433
36549 42411
13502 18641
28927 44235
22494 20611
25337 32297
3192 16666
10316 38909
35738 25345
19060 16513
38758 23400
29388 38447
11864 43883
18839 40689
25848 35824
14697 46373
30533 8248
1922 10385
5998 14374
43329 43750
22758 47249
32427 5718
44387 35023
14335 1991
21796 5205
2050 30892
21766 23919
44724 29193
1577 32953
4462 12921
30985 38514
49451 20587
30452 2063
893 30746
16018 313
46695 46943
38778 9037
24227 47973
47333 17521
31245 20179
17033 13606
6006 20411
42218 24365
25139 21937
39376 11534
28257 30762
10342 15333
20221 102
37732 15594
39169 24788
15366 33279
4592 19716
48829 18127
39171 26626
40802 37234
4763 18978
2918 29084
30114 1704
26284 44164
39282 49976
2616 31463
48153 3075
14959 4705
42236 49841
38476 6513
17838 850
12406 43028
40004 24005
15937 4110
45157 38637
38190 4859
14837 15635
3736 30589
42519 32232
37653 16654
32977 10515
42766 7060
7111 23508
38550 43239
13562 41992
8616 27516
18997 46139
33747 9804
1362 47569
44995 34825
36990 14832
678 13131
26460 38543
29781 48940
46442 2417
45026 38214
19720 30957
48451 10535
32382 1531
27610 9404
46587 16021
2383 27372
19195 38303
46186 13649
40955 3813
3717 38471
5950 36972
42913 9050
49712 21254
23619 30844
15864 40126
1383 42987
6889 26573
16721 19441
964 14849
28542 38704
24434 5196
23219 27502
39868 10040
1453 27299
23156 33542
24058 48644
45723 12808
37425 38787
42694 18510
37571 47671
48037 13073
30854 38971
1837 20640
36745 27700
43368 27796
49693 31119
15206 18125
48908 28228
31664 33742
22589 6411
15261 9788
20634 14733
30884 11830
26558 32406
42404 33311
14706 18742
18367 45070
23745 21951
21287 24324
5074 3748
14198 790
35038 4806
26905 47554
8772 14107
27888 10791
35432 39994
41008 13830
39020 40559
40564 24533
47296 19774
17134 15436
24874 46324
28082 25556
46251 30348
20889 27312
9368 20748
31767 40047
13462 21746
39174 15288
26724 3912
1377 13537
29309 43206
25948 24740
33892 21269
5381 437
39281 23580
21704 20724
29983 38495
23538 25294
42720 47405
42562 15687
5405 4876
39869 21086
20570 26292
4986 40479
49001 42650
28881 47950
41271 5267
12784 47432
27754 31734
30505 33392
13590 49704
48875 35839
44935 40023
27662 7236
27791 17830
22084 19782
32305 44805
7176 29187
34034 33663
1472 16764
22212 12636
10530 2955
5368 14079
46326 12536
26866 19039
24130 42655
36006 5993
37844 20824
15578 19514
17387 23582
35236 36916
36144 12794
15384 45938
27119 5686
13134 12068
13839 18494
14068 16706
25032 12760
531 10946
40578 30239
21547 37946
39293 47260
37956 25591
5319 48979
49576 9531
34923 22830
630 42833
2533 430
28024 47484
49744 24235
21195 6228
30871 21535
2649 27836
32082 30641
10338 22657
15911 22806
9955 19747
4975 24959
26430 21977
48374 18302
42629 42916
49995 4891
25530 28767
44672 18412
15918 11653
19769 12925
41098 45027
10569 8115
24593 3223
15420 14582
24266 23904
31285 14468
14167 16732
7667 43066
79 44276
35097 19682
38544 31546
1030 2797
14646 27262
41081 32867
26554 42999
794 48663
7795 2082
28903 5774
28196 31048
29635 33684
6546 29960
23661 47061
3201 36633
32047 39555
33877 22490
1522 4113
41776 16482
25752 19597
3437 19883
3575 27932
3170 34561
5351 35225
21432 40097
23472 46440
47067 5267
47457 1511
16025 3470
17816 23851
24428 89
39368 12253
28149 7639
42715 45012
14749 29286
27960 28108
14152 46522
28443 46534
42207 32372
15225 46745
27441 29960
10294 39494
6827 39449
7485 3534
37389 48290
19407 18498
5308 12445
23761 43094
14632 42214
37747 18608
35519 18412
11504 16822
46970 8051
15498 27867
16999 11333
4407 45500
31263 5060
40478 23443
12292 21019
10862 46546
33852 2623
36820 12189
11837 572
46838 19843
22870 49635
23231 41679
15558 44065
18516 8959
19566 26598
37996 19901
25788 37147
35427 31255
14568 25942
3039 5623
31727 33594
2248 10157
2363 25906
46840 15146
37963 39579
29321 37295
47305 23379
15116 46247
29638 43660
33165 38964
37138 22485
8794 33076
22407 21148
29742 16456
35981 49287
15943 47118
21684 48866
47587 23193
41888 26853
11365 23606
22949 12277
17764 40116
46897 10533
10819 3014
38083 26205
736 32779
30588 40402
2496 39723
31687 41782
22947 46277
41345 38352
47617 33193
14772 49512
36315 31575
47822 25744
35752 16977
38481 49671
7922 46018
23095 26856
34850 24505
47904 1643
4260 3990
49055 44887
15056 48908
16353 23106
30942 4028
1249 24600
26216 44800
20540 28371
28855 2446
16768 38010
42191 13729
24987 11041
34644 7992
16677 37598
35905 23882
16641 36754
15622 12981
6727 28341
43154 24244
48276 5801
3659 36313
49385 32111
8968 8836
26519 40068
22828 16715
43 28703
29415 7427
46396 11961
20865 5365
8042 10836
2367 44957
21812 24429
26595 11416
10246 9833
30183 29351
13637 22746
33541 17473
22486 27211
26454 45602
34219 8894
9503 48855
23966 48612
24659 3285
36792 31349
27360 20476
15399 11895
36252 31912
35312 41759
42722 26465
37733 27046
35055 27527
10036 16656
22247 7485
3405 776
547 25396
21201 18844
12417 30694
21501 17519
37253 18905
47996 49635
44109 3150
24472 2191
1589 15354
42861 17510
17221 30953
11119 36200
40242 43830
44013 41693
5076 13727
520 21826
32210 17540
49842 44328
25606 27085
14860 22816
36994 2119
33991 35159
7685 3665
20713 5716
40076 32991
20890 20052
581 35742
3014 23570
49833 48709
39457 16140
20515 35287
46572 30833
36705 35534
49445 37392
13229 30324
41126 11269
24223 43094
22305 18203
19719 24199
32618 17845
41480 39023
24542 20140
6508 46176
6055 22989
41819 23485
33397 23525
47707 42947
45267 18668
41893 3448
44956 16827
46963 21347
868 32711
8446 36714
49948 2641
34435 8741
41647 13795
26614 21123
14127 5713
28705 43181
14945 21188
16193 33327
19668 42671
49114 18888
35973 28812
36342 7060
22151 42641
5050 43470
39783 27455
49187 22534
33230 26188
45306 37076
48116 14723
43128 574
40987 5512
6588 14246
21380 49432
21163 12100
13897 25222
17378 42590
25552 43043
12001 25206
45092 28542
32187 18433
34640 433
17334 44882
9226 14029
16559 37936
9983 11291
114 49478
48980 21317
2735 42709
10000 28790
3818 40963
2376 44501
3265 8582
19683 42574
17120 30950
7979 49523
6434 37488
13381 33333
15293 7187
36727 32071
15134 16777
42541 34449
24799 23624
49398 35150
4293 39534
45572 38470
42428 14695
5377 8609
978 18146
3266 24530
43941 28878
20122 1938
3923 14430
42521 33840
38150 17399
32572 24130
26205 13946
43454 21315
4395 16279
26983 25497
41955 16175
12742 13418
25535 2359
24984 7307
9679 11182
24222 22531
21247 17189
49884 14628
4769 45717
45415 45819
42031 20438
46734 21782
24643 30506
10963 25537
30929 33225
4063 23623
47275 39257
18659 17433
33374 8890
23806 17231
5213 46474
3324 9967
1704 10858
28363 22053
36064 41280
40356 25787
9386 39695
41195 30177
25687 31743
37670 37638
14024 2187
4340 45284
23652 32615
2670 377
12918 1595
17211 5951
15430 12335
18513 42671
20322 24412
19162 34631
22198 37225
39361 2571
28196 7495
48833 19196
44661 13388
6726 8952
49427 32525
33920 29648
48053 2785
2260 13956
17063 44700
27246 12242
46805 14172
42681 26641
7988 22233
5488 19086
42874 5725
9399 28132
36668 33180
12901 20915
12207 7228
28784 29939
9035 5932
22982 39331
3138 43649
42302 37683
23893 8907
16598 36633
25080 37070
2381 36351
38163 5432
28645 7290
49393 17406
31524 7467
7833 39996
11576 4872
41584 41009
7140 23309
29104 33036
32615 12312
8326 33071
48218 44221
32245 9628
21010 3331
38507 12658
39604 33546
19495 12255
46634 43231
30800 27708
600 7711
34358 9791
7447 22104
14636 49464
35376 5229
12122 395
4460 2512
46162 13120
4150 21529
28902 14705
30428 25222
5989 5354
36605 6954
10875 7887
17147 5978
27020 29687
14024 47336
1540 15704
46447 9234
39260 48999
41189 40873
49529 39804
28441 19876
3545 10837
34968 35978
24968 16457
7219 3049
33212 22126
41145 11478
25332 26435
32480 7522
24502 35473
43817 1078
12251 14208
46529 4032
11915 19550
30626 5740
12233 34104
36601 40693
46344 43282
19388 43204
31144 2251
48513 26693
5852 45564
29250 32936
48363 17356
30105 40819
3041 40335
8010 48769
36809 22316
46143 22773
8841 40608
5862 32039
10057 27312
9830 28830
180 8646
37398 46098
4139 47226
46533 41980
26537 49513
32222 16788
13533 48435
48275 41347
19641 37941
11039 1040
49524 2363
10769 19113
44578 20010
16824 42377
19440 17461
39906 27382
43990 24208
23549 17663
25913 14587
10090 17311
43727 25719
7972 21706
42421 25640
10635 34726
2361 14087
48082 10539
20660 41639
49099 17769
45599 25152
49719 10938
46437 42572
24625 38283
42912 30031
16150 6876
5490 2787
48503 11608
47144 13858
49639 46360
25351 17885
18663 12278
32208 31685
11106 12128
2916 5587
10576 47566
11458 13194
19126 46122
16180 13344
7458 33898
18116 2626
13976 9250
40484 2018
11355 2469
16889 9241
29686 23855
30924 48545
38761 46126
43717 14350
29868 28632
11890 23400
591 33020
5988 12913
43116 41970
22157 27656
47937 12999
31434 11150
49823 30273
39352 21199
28995 28318
49931 4964
5930 31404
25252 1496
26382 40160
4672 33304
29262 28962
15462 22265
1317 181
28018 23178
29768 23039
26057 42970
8271 33327
22504 32384
27182 28572
14773 23827
24848 40021
14523 25903
17107 13831
16774 39861
44361 36200
42742 17038
13787 9354
29163 10693
3192 49782
28691 13440
2203 19918
8932 12321
41940 48553
6147 31256
21439 48317
23640 36822
5870 19522
46197 20848
4583 18686
44254 8441
28070 14471
29708 5165
43525 47733
25129 32346
3264 21075
45082 28087
41689 13134
9917 19668
43335 37604
16386 15781
24891 19873
8301 46316
17347 15149
3321 7357
29280 32293
32295 48249
47896 271
14189 22273
4264 47186
3407 38945
21880 34110
2962 40160
23478 49601
41051 33175
29573 43792
33085 22754
26615 20182
21382 27990
46829 21296
6784 21744
21889 30519
13385 30935
14818 12604
49498 46943
29275 35537
3001 27803
34917 13630
40946 9385
5468 4323
32601 38302
21732 43166
28902 5241
10978 18727
35673 41172
31827 16064
16992 10821
6216 3402
19652 3181
32545 35634
1654 11527
40591 19116
41865 19600
20634 39531
41774 37361
3122 17693
3984 28629
33521 29180
14905 35609
8536 2300
36825 16336
49264 45635
39802 7136
7989 28269
1470 7851
49025 43643
18803 9816
41467 46512
7276 34636
47390 4460
20067 41903
23251 10823
10182 31020
28408 32294
25638 10032
13034 16954
17710 36308
8870 27311
29468 33822
44801 2358
1102 19898
17370 35516
40326 1870
66 26118
32874 3210
37217 4489
28891 3742
6971 21002
30718 30217
46781 7885
2995 35386
12466 47100
35831 8174
9402 27733
453 26303
20378 8808
32322 8682
17724 27226
29344 20135
9381 12700
16510 18814
49537 41986
45051 42895
10205 4735
36151 34317
26168 39638
819 24307
36724 29901
17088 24164
6706 36264
23426 30172
31685 34947
23775 29481
32271 12563
10140 13321
28749 778
38145 38172
1183 48414
10052 44424
34032 22552
12143 22065
38099 31851
10664 20324
26093 49537
42104 7479
15525 39934
153 13982
18786 9797
39530 37460
13017 13000
33369 174
163 18963
7472 20555
19198 9478
32816 23165
11444 24752
29094 2741
44220 40435
6560 27379
6375 25774
37058 33230
11794 15746
34542 48344
10770 14505
1884 29430
7973 3513
2083 43072
42317 6419
11889 31302
23306 47976
29120 24945
7154 4739
16644 2469
2 10421
10857 41566
30473 33669
36128 2159
5869 44929
39508 18297
1005 11647
7563 30796
37604 27847
41721 31816
37291 28376
18198 29014
7058 34094
2863 18320
5040 46837
32429 2285
5318 2116
779 17357
35352 35061
27784 981
44643 15572
49490 29026
26212 39286
48007 49114
10376 1387
4606 20830
49274 27016
24648 43250
3502 33861
43617 15345
20171 36693
38163 10798
6734 28178
22089 15204
39439 45594
25127 26173
36643 13246
44393 2180
8749 14863
14310 9898
32354 44341
4171 38457
40464 51
35366 44179
27841 19055
17818 7925
37293 8493
2584 31714
29874 45717
35983 34402
49110 21628
15447 30028
12572 14040
28925 38175
5569 7534
24906 31663
28002 21611
49394 8477
27803 8851
26211 42243
21832 45193
35568 38660
47495 16410
42683 27090
29896 24422
4357 682
20119 39461
37151 45384
27048 44503
42149 43385
45544 1822
19231 37743
3768 27216
4637 6413
7458 46778
40168 40437
49473 27479
9166 39051
38478 19903
19468 36365
24541 8519
31431 19019
37495 49952
41304 27811
17442 31767
26933 35549
17530 44531
23764 6270
34360 14242
9204 31453
20603 6003
3964 13473
25064 12263
16106 49975
297 8936
40698 36114
14587 22976
16798 32698
27907 6768
26596 17760
15037 39649
4263 46365
42936 32630
34839 10531
44586 31548
33371 20933
7782 48106
15637 32361
33680 33408
44056 19723
34649 35233
467 7130
45325 31745
7809 14917
31672 46531
22879 1745
49618 19663
171 17889
191 16215
14374 4894
2729 10474
18111 29632
47277 34597
8234 10212
28511 24373
32200 5660
48761 5687
7031 30415
4425 41245
12648 35079
20683 36073
40485 1402
17361 19785
23953 26244
8606 32558
1065 45577
20277 34648
21913 44191
15171 10955
25880 46017
7911 14699
49209 16615
43880 13961
39903 26032
42983 48286
36346 14292
37681 25407
1375 9023
24391 27157
32328 20478
20756 18124
25708 41068
34190 25914
41266 37765
5252 5993
30438 40406
8968 6181
3486 1486
31774 31346
16109 9978
12848 32741
39263 39493
5379 7386
14785 34809
47819 42537
49026 23794
45596 21810
7937 40446
32462 39690
48149 12849
12205 26979
8508 39380
30515 4503
6417 19415
43280 24371
10199 17040
20637 20235
19722 45902
22991 9833
44432 35458
49659 2358
26289 19679
33347 27014
18422 12354
39076 34348
11299 47072
489 1746
18424 16150
34080 45436
33852 36226
32701 9242
1040 13158
23215 4406
49442 24953
47522 49639
46169 31383
40648 10011
13364 14261
34445 2801
44255 34610
2103 33223
6473 13441
34639 44712
14796 18999
19003 47683
24882 38292
3190 9087
20656 6443
16257 24837
13715 23742
40816 8892
15304 11145
27794 14122
42671 41508
20567 22236
28016 48905
25800 25743
36055 4233
38346 18875
13204 38385
41204 10714
6709 13342
13314 27927
35494 46161
44918 12748
41506 37408
16181 46397
39221 12824
9674 31349
32061 4648
12232 24222
38707 28229
27665 14124
19666 22834
30178 33975
4912 14821
18226 49892
29492 23599
20463 14869
31601 22161
36790 17945
41110 16622
38370 33154
32988 14159
6781 15099
5975 26507
942 31108
48448 24370
19762 20757
12935 10852
21316 23221
18601 36678
39852 4259
17034 41236
11694 14277
43745 47500
36256 21268
17888 46975
21336 7332
16328 33860
10998 15239
31106 25148
13613 13784
42484 35040
10863 34898
8527 32719
26118 22504
27885 609
31743 32060
10772 28699
36592 31504
45544 24290
35741 3024
30311 21884
6421 21728
26173 24324
38621 30755
8666 22251
409 44041
30478 31459
38736 32265
21162 5303
49996 24949
7859 3122
3257 15549
31554 7701
25621 24154
23394 37109
41917 4579
34766 38877
6670 33210
34295 7261
31889 26845
45642 17297
9868 19223
46910 45242
43794 17945
12909 30160
18640 36755
33702 24800
3267 20898
10604 36130
23903 17940
15320 39634
44756 49622
13445 23957
30454 20387
29349 7900
13730 24720
35620 28350
30779 29904
44166 5484
37513 8540
43909 2226
31619 49121
19563 29420
433 283
49274 21838
21440 25380
28457 14602
48156 30774
34294 19950
10149 29937
23961 47740
10554 5168
15205 32812
22153 6043
42594 39556
22327 29914
22391 15197
49115 11763
29465 25360
16144 20525
6186 4875
39492 11213
33300 30314
37961 4570
16223 20208
35319 37370
14285 30997
49192 32039
16342 47338
2577 25365
41930 40610
17750 30835
40918 229
18069 40644
9803 2802
31444 1420
6251 15493
43721 41746
3984 42128
16822 36522
24892 5955
31005 28934
40485 30954
32473 35351
19477 20312
40564 2117
28218 201
25924 16989
18636 30094
21679 41231
33344 44448
21957 35212
21318 17085
2247 30803
12941 5057
13771 47691
36559 2944
37519 2174
14917 5231
18601 35620
36015 30132
14228 46142
26320 9516
13736 3572
44776 9729
11900 47740
21350 43165
20345 26879
18845 11427
32805 43797
3062 18458
46550 8785
8891 5641
41202 8211
11826 47514
5742 36390
44240 48525
6375 19645
37174 13413
34485 5880
14782 21850
33323 23007
19835 32772
45417 34123
49374 36708
15792 39600
45109 8543
16350 23298
38729 39710
1890 35664
31250 46825
8396 42638
49553 26399
35877 49701
42242 44475
1199 43583
28895 7266
39984 42393
5229 3679
49464 40569
14381 6970
12467 23497
25745 26469
43803 37172
41510 29392
9712 35941
5925 30520
4529 33076
38862 45497
40808 42663
19504 31782
15995 22602
46321 35401
24092 38705
8727 37710
27381 28652
2575 16296
49017 30655
48159 6574
38161 10153
11169 43491
33506 49068
33425 47848
16172 16797
2572 9126
40296 15007
9538 18658
41753 7265
3608 28726
44590 4400
11604 29624
856 13621
23086 10861
31038 16927
25513 14273
26541 32420
6860 19216
25332 15001
29418 2608
3095 25921
25951 24857
34690 38264
68 43048
4135 19661
22016 47218
42259 39220
39700 2297
15314 36735
28686 23085
635 18855
34458 31039
27944 48913
20968 45578
42776 12598
1086 1207
18904 21955
11385 44066
17431 19499
17435 217
17124 45608
31392 20355
46787 21874
12845 48247
1319 2251
22599 15675
25625 37247
31709 42430
38225 47732
32808 45877
18914 15922
27202 3583
764 5522
31351 11966
3814 9755
36784 13252
33110 10470
20933 2514
46567 29773
38387 43654
7962 34172
47692 9962
1982 10981
46109 19087
38567 44538
47806 31346
32536 18809
6840 34520
16059 20258
17085 13939
14368 35996
8965 37511
19498 30061
7483 32226
5211 14772
27561 10973
21228 15011
7948 4030
13468 41095
828 20697
40594 24357
21913 41932
35787 42306
11804 37480
38312 14755
38242 15644
47181 49486
31396 38641
35409 24219
11731 18817
37004 17945
36423 43591
12712 11958
15590 35002
14534 74
46252 11775
37180 39723
29948 14403
39635 19067
6882 10203
23337 3274
11219 27526
5614 22336
23707 18781
13786 43703
40572 49618
28533 21296
41018 34483
2634 32841
22915 14194
47668 34869
22329 6838
31688 19839
20787 30033
25746 48048
8033 26108
565 29819
27265 33913
46493 5521
45005 42006
43688 7266
37024 21603
7168 27474
39891 23358
16075 5578
5862 10275
38889 28013
3973 28684
44397 5501
12457 3550
896 329
12420 4033
23438 14012
31798 6435
44665 20544
44970 31431
21361 45197
37017 36355
35021 38721
7791 25996
23240 43995
47154 7219
31250 14562
38983 16221
10259 3392
6154 22327
34797 45654
26284 14728
31487 7037
8944 9109
2650 20405
10715 28124
4969 1111
23008 2722
38517 18371
38859 39866
28068 33089
6273 28051
23140 32385
22097 26113
27795 1425
44921 47893
25268 41530
9459 26723
38179 18277
2626 21499
12340 19003
19294 16560
6095 48306
4181 11642
40962 33710
14329 47845
17187 14932
24038 13278
45298 19622
24851 22837
37180 13836
11658 1463
49335 10872
40464 47540
15230 32309
24922 23959
19335 11322
48349 39475
9378 39325
26658 24705
40936 2665
30760 21860
6180 14234
1283 16882
32357 20677
39950 1097
34849 46303
20583 14833
15501 785
23811 15237
229 31812
21732 16607
31131 39890
14766 16005
21769 6904
45522 48890
30249 15644
35266 8075
10292 26527
39395 44897
2457 29866
5867 13582
16986 16915
46534 34753
25483 33758
23466 19830
34442 39730
41955 36848
4834 34890
10363 9670
20731 28577
32930 35291
7646 38907
46430 26131
3111 11960
20040 16691
37889 34653
10964 14010
42838 15574
12400 35000
38376 47273
17221 11608
22328 21833
30826 35503
7493 9364
24464 23934
24031 35646
19706 8174
1971 7011
21020 28916
9493 13800
19250 35266
37307 28847
566 19582
12779 12600
24235 34116
10751 28232
7975 48683
31675 9649
1736 11390
35814 2475
10506 30759
28590 41730
28780 20237
44213 27002
5299 8331
32929 12966
4662 11428
32568 26812
32195 13978
9279 49934
47111 8032
32078 9056
39620 24475
35142 15804
23924 48461
17849 30951
35533 14048
38324 26050
42775 24255
26789 41501
4089 22874
31259 26871
34609 14390
18046 36946
36109 33446
49867 23685
37399 15000
40789 46982
21543 23016
49181 16929
20606 49835
3099 32231
21338 21005
34083 44340
30033 21101
41807 34092
26437 10977
36772 13376
24540 35071
19884 26996
26164 39002
27632 34803
3928 33531
14614 45157
27107 29921
41710 4903
27348 32984
29316 45522
8026 25880
33636 33850
27305 44950
21463 48932
28404 3934
1852 29510
30803 13820
42374 32600
18267 45905
49244 33389
328 32214
27387 39956
15196 8890
25068 17270
39312 34022
33367 5911
48267 45822
28519 21179
28938 12263
33658 34548
25708 7764
40067 15410
33716 10638
46614 15667
1087 7798
9943 33907
23176 28007
13267 44309
33093 43626
21292 2318
11104 44095
49419 12606
38507 22825
23359 44516
12323 13650
19032 48305
12004 48932
1788 45690
27707 5644
26105 39324
43470 25835
30976 10272
20132 38867
1881 23433
11447 5180
31302 9649
27485 49182
25262 29805
21438 24890
33612 37522
1121 35936
26898 45320
42010 6975
12157 3041
38066 37969
34477 10405
4078 27696
65 113
10437 30094
21851 49429
21500 49813
5873 18702
43087 4974
46715 6221
2406 49912
16353 852
18961 30208
38686 48669
2289 21725
36252 1747
22242 13059
24349 46761
6594 20783
8260 33053
28367 13357
36759 33110
24642 18419
37185 5995
44015 41390
47406 38873
2441 48839
31166 47105
2308 29666
18318 3672
37036 42047
4678 48715
43259 31152
44569 24774
24178 32096
41483 23742
44144 25991
21441 10650
43300 27086
2840 10512
27404 33095
32888 29536
21808 38321
16613 16491
35916 39772
6506 7582
29387 32595
13519 35796
5986 43937
10033 33710
10048 20415
22101 45407
7035 4503
14696 20388
24381 27982
5799 17468
31826 14801
3528 10054
19538 26966
21494 45410
14316 47289
35745 41929
11663 10423
26956 40774
27791 27378
45372 46010
43350 43149
2738 7243
18209 30200
285 22043
11157 26117
2287 48895
11994 32028
31538 45036
48866 36415
22879 13080
18846 30933
12450 18365
47348 34717
17428 43437
38943 48064
28893 14119
4086 3312
36465 8706
424 402
30603 24989
6744 17385
49153 29253
29097 9298
34028 28212
3001 24924
26794 40704
26278 14649
5751 8449
681 26561
32885 43968
23830 17630
10408 37191
38144 10536
45485 19585
6723 39996
34213 28206
31635 23524
45889 17311
41496 41042
44935 28231
3711 29970
14918 43635
9954 35853
6136 48593
18205 10964
47899 27635
29513 21660
24881 3996
39155 6067
17929 27978
6431 36366
21473 16498
24160 18402
34261 44341
34624 37182
37648 32950
33588 48287
48151 12581
21703 22296
45809 15967
40879 28575
38827 24924
33574 24553
42049 12826
17567 47348
19175 4020
7179 5293
8487 21433
15348 15122
6724 13560
47780 37742
43703 31857
1593 38184
19067 33981
34536 4465
34932 5676
1069 1739
16676 1589
27282 48983
22967 49226
25118 38763
725 11492
24156 42043
39586 2350
8493 1440
45584 21515
17753 7303
32360 42387
26119 36508
3130 22256
38106 42219
46208 16988
39777 327
23653 19043
17686 18410
41722 30172
3134 4211
11300 11418
19750 15595
544 40301
29864 41569
8816 11179
43533 25998
38733 13282
32387 43113
18672 41252
16268 46078
17251 7381
6795 26855
17977 15518
29027 40870
30518 29852
21326 36403
46473 25041
39527 37905
32513 12904
49364 38564
38579 43015
27240 13134
25385 41103
37452 25385
24244 21527
45031 42055
34388 45846
7888 18965
22693 14268
13333 22763
35159 21545
31131 16801
17275 23759
8992 29679
5596 49703
17364 32990
13079 39370
5337 6785
19127 22053
18093 19467
8781 5393
21279 43309
2691 13781
29528 21662
48287 17492
25771 47796
39450 41449
28191 808
32941 2428
28247 18082
30637 11325
46795 18326
9378 6793
39213 24923
36687 29277
49917 2656
35901 1888
44760 43912
27315 19238
25996 20510
860 46236
37641 2213
31442 35124
10223 15883
48497 31028
28304 5129
37903 30408
25634 37553
9192 7580
46350 41226
2910 47280
12881 43789
24208 11846
5310 43364
38787 47862
44662 14477
20530 24724
20905 46335
46802 24686
3645 9444
7909 3879
26599 34503
43052 10406
35680 46375
23478 6969
47948 17025
37783 12597
40343 21137
42241 38695
8888 21355
2551 24050
19982 12424
27022 36703
17375 2907
40146 7505
33004 3067
32603 45538
37769 12065
11255 26092
20098 37755
47463 49548
15694 23608
4050 47886
26984 4974
13406 37160
15404 28460
39955 3503
14167 4574
34794 35828
27711 36407
4518 21242
39725 22453
27942 12620
49185 37207
38092 14514
4877 26228
22152 32026
24607 9760
42709 49272
14639 25808
26068 8888
22950 15478
32888 20222
16912 26458
4777 7062
20293 28887
27242 49474
21273 43145
23197 5604
23513 29134
26270 17008
8529 7394
43780 1353
26611 18392
20262 44624
24553 30399
35955 49939
46054 37267
41633 17144
2282 24647
40431 23527
19368 39447
12954 31819
48057 49069
1428 9887
40420 5177
30462 37564
38151 14315
26635 45131
9814 13450
30831 41176
19283 23978
28860 11141
46147 26942
39622 21608
43511 8592
13546 7296
1852 27340
10436 28951
20867 30684
5413 26298
37167 27812
6888 39749
45323 45349
16060 27700
28530 47011
9244 3594
12732 44368
42984 33883
26204 26134
29550 49989
2434 25860
44558 13290
42193 37421
10340 15704
9782 1412
29798 27066
44873 25713
28455 37610
16027 39092
2945 24256
17045 4425
6509 28274
30755 3836
8943 16728
9572 46084
32765 18206
24176 28790
5869 1727
6435 14832
43331 47235
6793 2300
40330 38919
17481 34126
7348 3655
40226 32324
40250 6669
35103 37061
15294 41641
14610 13082
43289 33317
741 2052
1204 22128
18546 15020
37566 26304
827 18734
30050 34938
6998 3438
29541 6359
20113 225
26798 11201
19019 42910
14017 11836
8943 1700
9392 37212
34013 39627
22012 12409
3115 41265
15580 30827
16076 26060
38233 27444
35325 29643
14321 15839
42533 9560
49140 29093
39578 24937
29767 1591
36463 41774
28383 24879
3236 20916
49235 16279
4985 17198
44438 10503
30614 49654
20927 49468
28864 28432
31151 16064
38387 37122
38583 5104
35717 43929
13706 30043
42875 38578
32940 28780
7435 46070
27702 24383
38531 39859
32511 47417
18240 34682
3783 38588
29058 45854
4129 39747
43446 44351
15284 6049
7354 24359
19138 11431
41217 47818
32409 39190
35876 6682
42727 32305
15023 29113
46478 39128
11283 7588
47293 6161
9705 9558
867 31924
17052 35571
24595 29454
13258 23620
3824 21999
27244 38786
33619 32078
40506 34245
29209 33420
13877 1712
41169 37465
28139 6367
34800 3289
23539 35201
42295 47806
40031 10273
1812 4040
20819 27376
5875 29022
31213 1665
19203 40716
30057 40468
38560 44024
10301 49408
1697 48450
19777 3549
18343 21499
20235 283
11410 4182
41706 41373
22033 37704
26928 9082
19390 17936
5111 42077
7916 29598
22293 10225
49804 21153
39344 49174
46285 42696
22259 12266
11761 39591
24956 20633
43368 24128
41735 42790
32427 8222
13028 34273
41430 39299
48538 38742
31377 33039
5787 4333
30679 23191
46432 45685
8847 7737
23690 47917
6443 49045
1128 12855
12595 29126
17127 18632
33969 9160
12546 22994
15204 26920
3309 19931
19157 3945
23214 42095
16488 34464
16463 9076
2510 6421
3051 21239
22083 36436
24381 12502
31790 6675
17770 10566
17917 47119
26750 32327
43223 2822
5908 29447
49777 43110
20829 38230
21511 21053
2764 30515
15669 13560
19227 19000
36406 18327
7426 34206
24639 9170
11439 2209
4047 11246
46877 33511
28246 38276
9740 27246
48318 45126
15612 3756
22234 23231
14217 16226
14395 1762
39223 27826
26085 43829
36931 5472
18325 47250
16346 9769
10366 40059
27280 7830
40357 1605
14591 46049
47232 22597
37375 42213
12057 26290
42306 20175
47020 36540
29130 36794
7374 20494
14339 22458
39744 45649
13556 49837
37977 8096
24082 1387
25927 37891
48174 46602
42937 19303
38332 44169
39094 46791
9406 28131
44989 29889
30298 40996
20325 30467
43671 38214
26420 49687
23322 46130
49512 43109
34030 14188
48017 17732
31419 18748
49911 6614
29815 43975
1499 19833
32833 42295
26782 49346
4659 916
29483 44182
20703 15799
48315 38671
1478 21429
3157 15066
42060 4767
49550 35511
20399 44331
29804 19077
33673 8032
39344 12581
45521 5474
21585 30298
48126 22068
46828 40718
32157 20206
10166 49800
25130 37073
1024 11726
38629 42926
24588 40130
40795 41943
8138 24282
31543 31746
42927 45192
37932 45844
48191 35359
11360 12723
2503 30856
9944 46495
30240 24074
30483 5231
24998 24009
19334 32051
48269 48110
24424 32351
22999 28996
1097 36850
28372 40527
32999 2508
39882 18995
12185 31496
614 41286
34564 1442
2212 19420
35645 29156
44857 32236
42327 36594
14662 4016
7269 8398
36011 25616
33548 2539
34957 27711
46604 47818
1435 41639
42422 19440
42635 474
25183 10694
21252 8291
26245 41261
29825 19278
4598 45141
17057 24675
6905 40950
38442 37169
41755 29475
24709 49529
13843 27100
36922 46403
4997 27585
12806 34678
9396 46154
2099 30461
14442 48545
20907 21994
16 21601
25193 43252
35211 20510
49011 34373
11170 4847
42613 15762
45679 2444
26776 25088
3571 26204
8505 18046
33469 48119
27444 45139
30168 21325
48101 19289
42263 19785
28226 14423
4808 49222
45258 12051
15646 44057
66 33574
43250 6423
18725 3050
41416 44335
15498 14398
11974 48945
21575 38392
19165 48089
35672 32141
1200 8453
10135 41480
11850 2089
42862 32903
41544 12248
43980 6620
39793 47804
23573 32647
8029 2812
11882 31523
28405 17867
37641 43625
18635 1214
49408 85
17077 41476
8224 37802
38539 21726
38845 38634
2728 22952
19039 49760
1273 40340
17619 37145
37317 38560
595 5645
28647 31726
45648 32397
39281 3831
5637 20597
1006 16483
15193 16503
44797 18667
1855 17668
45160 35651
37053 38725
26540 48592
7841 19893
42940 29842
47000 43124
45984 23498
38907 40811
49539 18606
14339 34640
22081 40901
12280 9148
29400 2541
48791 3276
4308 40004
17057 30729
9353 29640
38513 11536
48043 3327
1529 33728
6336 11507
9152 9877
40781 11049
7987 13676
15241 15725
45009 46386
49666 42403
13631 30091
37972 40599
8044 16169
3476 6071
32979 23151
47889 45699
8480 27545
4904 22907
15717 2298
35485 8543
1158 1508
23887 27801
37280 16796
42740 5263
2834 28345
35951 32836
25885 37584
42574 33132
1771 47300
44492 13837
16100 44849
21167 42612
46014 8639
37124 29908
38106 38016
28425 5289
17296 34159
41659 30069
40775 15053
13649 42606
32381 31899
21082 14749
20514 7360
42620 3818
36570 33612
12974 15479
37192 48118
10148 6212
44128 3488
4525 22244
20524 9575
44314 33354
48591 18297
20104 23144
17440 18761
39617 38466
49448 38268
13819 6182
34677 33039
36029 31156
33065 38861
47511 4341
299 956
46130 4892
7603 32445
1999 36111
18378 44007
39902 13451
17604 44439
31694 37343
43667 43275
14126 17171
5628 35179
5172 25343
35272 5184
24195 34681
34495 23826
49898 26332
34665 19161
42552 466
43309 5131
21552 45043
1150 26595
49600 25298
7409 2833
29017 35822
33073 29168
17332 47135
35442 30744
18003 17006
21350 12479
24064 24916
48733 20841
9507 10433
39163 40173
2068 11480
14731 30632
30287 2267
46979 39803
34967 40792
29989 47172
24613 16742
7105 23653
12102 19522
40179 30094
14960 1763
31793 344
3755 43180
34564 3426
46851 16864
39543 11470
26419 31293
7288 48081
44578 34001
43013 19497
18642 30296
29286 6144
1789 28454
47157 31569
13581 39212
46541 46721
8791 7785
10240 32361
48975 30061
14524 35091
37342 27392
37802 30388
23588 5969
18081 1755
16186 17051
48872 19434
15326 34636
25809 37269
7000 20572
18573 30540
47439 27936
3001 43032
17504 30154
36913 26037
28142 11611
3718 38666
256 37887
13576 34088
21342 25038
15719 42521
37394 21271
20723 5534
30559 38739
24260 26492
17206 41083
34061 4344
30309 6114
23093 18742
10690 31036
12482 2461
20729 35439
8578 32081
26496 30689
6054 40508
40513 34702
10787 31700
26258 30221
30043 39732
7084 20785
39449 41604
39755 1690
41490 2660
15370 4566
31744 2886
44144 6813
5753 3439
26136 37519
9267 45487
1031 29790
6227 3349
27242 10708
42300 44868
48468 27772
27753 14710
9340 44604
37 12914
19777 40772
21034 43486
24187 22253
23481 4328
44360 35195
23958 1802
22153 15459
43403 37002
26695 32443
33976 37309
49956 5676
713 8504
36692 12089
23821 148
19411 30940
18045 19507
37939 30470
42137 33330
14492 17607
2126 23717
24195 33506
19248 21665
45666 19582
2884 15916
39060 29439
38785 21072
26136 42581
7945 47087
30266 799
19288 19437
25912 19787
45787 22155
18487 44434
28097 36409
24551 20641
16850 26757
13714 15305
44411 213
31415 13374
35789 11674
11412 31898
28534 35147
16615 40041
44410 16648
24854 44226
28947 22663
25855 39790
16585 198
13980 36001
47490 44187
27768 40288
6206 40562
48233 14422
6202 3997
35215 4702
18262 23279
10265 49440
5657 36465
30156 39479
39133 2513
14187 11025
1413 2841
8809 36997
41790 49404
1765 17198
11973 12080
35481 20439
33302 7947
9043 2171
19543 19828
6891 23326
26004 34966
33016 17519
31786 33366
40197 27316
38622 1564
40943 15684
35875 15287
22102 45206
13517 34582
1410 32374
20674 37715
21927 13539
24482 37481
29570 22434
11483 42147
5559 14531
7476 27541
17175 5882
5262 7929
34021 26017
25133 24443
37713 37428
36673 12645
6114 19657
19090 11611
15524 46251
24058 13079
36206 28913
1761 32936
10543 24053
47550 47769
11635 3365
47332 13398
11893 22341
5659 4653
46565 46369
4352 1317
38895 23072
14671 13640
1342 22528
22080 10386
34985 47845
28382 6964
47596 15633
49936 21647
21448 6615
31221 37765
846 48976
36495 23653
31351 2046
8037 34962
47048 22425
48008 45641
27496 25724
15205 20886
49771 24563
15140 49677
46064 15291
49161 38120
23911 9904
37148 25435
40425 25683
29710 5494
6149 42714
18069 10214
7907 24690
1033 14941
10001 43284
21309 46511
22873 25357
2671 11709
14351 31561
5731 13592
389 21397
49498 42028
12095 3214
6162 7944
9659 27001
19183 13389
29017 48220
15816 45605
6248 30227
12637 13617
33054 10306
19359 1774
27283 8183
39306 4966
7548 5302
10200 19593
17982 32853
1248 43381
25700 23810
10788 24613
25053 49752
19966 19761
23111 19594
48164 21449
716 15532
14330 49468
39526 41846
45193 2070
41618 35062
872 19069
12795 46145
44708 34112
15374 17389
13915 29077
10402 25799
1451 15747
5258 28420
27730 45683
41819 49483
47497 38094
38956 3812
33848 5067
45081 17953
1264 17693
22499 37508
37183 36983
26872 41970
19014 22326
19153 15274
37114 35167
18529 42481
10557 47580
28861 46693
46610 27900
15938 3179
27023 18516
46678 21540
8988 12239
13768 9264
9564 7903
29377 16122
1871 18150
8225 6158
47427 43229
25011 10390
5 11141
45013 45317
2228 45148
14818 7231
28590 8970
15980 29292
35153 4111
17649 17123
25866 7137
49995 46669
23558 37077
41369 11206
49222 22457
23757 37204
8499 1315
19394 8720
6896 48424
41747 10518
4230 41707
27983 8580
34998 44609
45463 31982
36526 42054
584 5366
14340 19215
38349 6547
17166 36081
17947 6449
23475 28429
6644 16089
25186 21066
36934 24119
33083 21292
3278 45732
29924 22429
40653 48034
24426 43420
24639 42015
16176 14755
41895 1123
32349 35745
30713 1053
23113 42303
32185 8453
37218 18127
39824 49252
33752 1475
23438 12514
49786 10903
45839 42443
14511 18917
7786 20718
30781 47006
24352 12096
47748 6704
48949 2875
19620 37353
607 15126
46572 9490
6342 41181
23342 21797
17866 36440
28654 20120
38982 44188
34356 34579
31485 14321
34066 7481
22917 41985
4766 15641
16159 32855
43810 46490
1476 46127
33115 18783
26009 2593
577 48403
37288 3408
5187 13452
44631 7092
21039 42647
42729 46310
32375 42876
10325 3431
2830 8015
47421 47833
10388 25175
28829 17982
4191 24380
24733 45781
21080 36916
19020 9860
30043 26017
35077 16287
7881 14494
17069 32590
39456 44042
2466 24196
35032 30125
44806 8567
21373 3897
35676 34450
43330 27696
1485 6005
23726 39312
36145 36135
19579 30117
49724 46599
22767 41063
22744 20927
35641 30155
25105 48332
48730 48624
48667 20377
12047 38071
29373 1428
15529 21352
10629 2697
35084 9042
36250 46245
38299 16417
14171 24030
5526 19258
36233 1466
30023 37451
22664 38426
19295 47648
33288 10036
9131 47438
31437 12030
13383 31325
42620 20741
17167 18038
23320 5778
42208 39961
38021 32550
45058 22125
24945 7761
6874 13143
32473 11316
38433 9715
46138 48612
48627 15582
46434 7112
33842 29871
19536 7284
40312 29320
12860 3997
35895 38321
38008 15357
5518 32341
12615 8538
1148 36292
21603 17395
650 48110
45659 982
38967 18740
2526 17649
9814 16403
373 4271
353 34845
2799 40768
23635 14408
20694 42442
13220 44742
24272 11319
37883 9190
38089 1953
41555 19478
15457 39746
36383 36938
26172 13696
46864 23009
16815 21469
32424 32442
42786 15770
6771 19757
11250 8242
15448 47764
27369 15245
40492 35544
27065 11100
4151 1682
25671 26559
28413 35882
13389 42655
26935 26701
19001 33096
42799 26481
988 11840
7556 49227
27713 36657
43392 34780
11247 5158
26617 20542
30088 9794
13554 16347
11485 21986
7111 15715
