200
40000
35 98
177 184
68 46
79 124
73 74
140 45
50 28
61 119
186 93
7 122
141 183
11 31
156 145
147 160
58 91
86 18
48 194
93 8
183 177
45 26
169 117
40 69
191 94
58 187
9 127
141 81
130 39
2 169
102 89
122 114
99 16
150 61
89 122
91 48
114 152
10 177
29 45
171 61
166 33
24 137
159 189
157 41
32 44
190 160
136 24
35 43
104 156
89 127
23 45
122 124
5 112
191 56
97 195
88 157
82 156
116 20
179 21
51 198
104 84
115 121
71 74
65 97
189 186
2 195
120 128
1 129
100 7
189 123
178 83
131 47
65 136
20 53
103 20
171 121
131 3
184 136
97 156
23 104
115 13
70 17
142 159
125 149
117 125
137 54
173 40
71 150
158 10
157 86
22 60
118 91
136 119
26 10
71 76
73 107
47 81
41 94
47 27
12 185
57 112
93 146
155 52
86 128
71 37
129 81
79 74
198 51
124 94
199 45
89 190
12 78
120 136
114 27
9 24
140 13
52 53
169 90
30 16
17 191
34 31
176 63
154 163
142 93
144 49
89 8
96 151
32 61
103 194
46 33
152 177
195 98
44 37
171 2
29 177
121 42
118 20
164 142
134 41
189 33
107 17
130 1
147 168
159 11
188 176
114 162
71 97
192 134
113 181
196 10
32 11
187 12
60 199
193 34
7 168
51 168
176 9
179 4
171 154
188 199
57 29
7 143
166 30
182 31
7 154
173 66
112 42
183 66
23 170
110 34
194 131
33 129
81 191
55 89
49 167
174 95
179 96
105 139
10 95
175 75
115 155
156 83
138 193
100 81
124 73
33 28
27 190
136 185
16 127
54 40
174 145
111 171
161 112
52 176
61 65
32 56
30 99
85 5
13 135
166 18
62 71
142 18
42 120
139 159
62 97
122 93
189 93
167 117
3 174
99 87
166 96
143 188
98 127
156 94
97 66
80 21
158 88
56 165
142 136
145 24
31 120
105 85
75 9
48 182
165 73
144 88
156 102
134 59
151 21
191 91
112 193
73 141
41 122
49 73
166 16
49 45
100 171
183 37
99 183
179 64
136 176
100 90
163 176
108 88
163 105
31 138
9 26
51 156
3 74
13 66
163 190
50 7
62 49
189 173
81 105
137 42
147 85
66 166
137 37
60 187
126 133
129 128
31 141
173 89
168 113
11 48
33 138
78 126
84 28
74 45
84 19
56 165
117 169
2 62
171 38
83 70
139 63
182 123
144 47
149 98
160 147
44 167
177 88
156 79
118 63
145 119
123 88
109 136
16 192
105 198
70 169
37 52
91 26
151 42
20 8
47 13
51 113
35 119
6 82
73 128
82 9
163 126
196 158
155 18
167 44
159 152
188 133
166 142
172 19
23 61
106 1
182 50
189 52
2 123
181 33
93 82
92 172
88 62
157 107
139 49
107 174
108 197
192 150
68 141
15 197
70 154
139 185
43 142
25 59
184 164
71 18
76 129
47 88
12 92
115 178
86 112
23 174
193 190
95 89
108 121
159 24
54 196
192 195
134 159
148 191
16 133
118 106
147 134
15 34
160 49
88 41
124 177
125 85
14 35
123 23
33 117
157 149
175 89
177 79
132 16
108 68
171 117
71 4
63 177
31 157
52 62
3 54
193 83
63 160
88 63
68 198
179 164
137 1
95 15
176 86
69 130
15 45
164 115
145 34
92 124
142 24
158 65
52 8
36 167
156 197
187 174
104 81
13 53
24 145
8 3
125 161
153 193
55 49
17 25
166 44
119 178
198 174
20 77
32 114
140 104
132 45
123 41
191 189
54 189
13 31
144 176
140 55
54 14
13 137
137 90
115 173
118 194
36 28
149 101
40 79
136 17
157 50
106 112
113 41
51 151
182 77
39 111
121 82
21 145
17 78
9 92
70 16
46 9
118 91
107 4
14 61
140 179
30 64
20 59
116 32
49 35
33 108
108 107
88 31
198 109
86 55
28 124
76 11
32 199
193 19
177 29
127 57
139 63
41 9
189 16
38 136
67 125
25 93
130 83
14 64
53 44
35 75
139 188
58 86
80 186
96 155
141 112
125 48
56 26
54 97
136 11
120 169
5 132
109 189
34 136
89 86
109 6
92 168
39 0
191 146
32 87
80 136
192 39
152 28
117 137
133 177
109 191
28 145
37 179
109 5
189 43
151 25
49 157
79 60
98 42
30 193
172 152
100 122
19 49
130 18
55 78
22 33
176 146
131 16
128 36
12 35
117 135
91 183
17 43
126 44
73 177
31 61
171 29
179 140
163 100
25 32
65 77
73 55
96 126
12 131
153 18
59 112
25 42
138 67
107 51
92 45
13 152
41 149
91 127
3 23
195 113
154 168
136 9
86 2
103 126
84 159
11 179
94 183
162 17
46 75
131 0
2 142
44 116
97 132
155 30
173 25
4 25
19 10
166 97
43 68
23 100
13 184
45 150
11 122
115 145
29 37
178 195
102 140
50 88
109 83
27 99
186 184
49 105
161 163
175 116
62 80
113 22
194 34
89 196
106 98
69 142
61 12
59 70
16 166
40 47
159 133
177 69
97 74
5 0
75 46
33 178
80 97
97 132
89 167
151 88
54 58
38 160
43 167
86 158
18 4
37 20
95 108
76 104
122 88
63 119
150 155
89 1
115 92
133 176
172 32
73 173
133 3
94 49
40 124
105 173
198 106
134 119
93 8
74 83
21 194
35 176
128 87
79 188
142 166
7 172
113 147
95 149
62 177
47 15
20 54
68 81
196 58
14 158
83 183
29 196
16 2
23 184
99 79
65 30
150 162
193 29
18 2
68 114
58 83
57 26
40 35
168 173
50 6
4 91
89 25
39 58
100 42
17 149
171 166
127 122
76 119
171 89
52 63
1 84
12 103
191 106
156 30
96 63
72 10
132 0
156 183
145 95
117 101
62 20
60 162
95 18
105 159
91 12
193 23
16 150
59 113
117 101
123 62
80 27
146 90
156 28
192 113
110 65
67 137
56 190
1 69
29 39
31 1
76 34
120 179
106 93
177 128
196 177
132 46
124 193
195 66
173 65
94 166
20 49
122 180
189 76
20 53
132 93
42 68
46 70
154 184
174 181
35 45
122 124
27 24
112 188
195 139
190 193
19 111
175 13
154 177
174 71
128 149
138 151
147 68
9 71
61 135
56 24
106 151
38 168
90 151
113 185
71 20
148 185
94 108
181 1
68 20
57 55
26 118
21 104
177 193
156 67
146 119
175 184
159 153
129 46
136 198
144 58
118 161
49 13
138 43
1 123
151 48
161 174
62 37
172 19
105 194
154 75
139 107
81 59
178 162
186 153
19 10
60 27
56 120
180 171
14 64
36 71
73 184
95 34
178 142
62 13
195 20
178 81
77 78
156 25
160 123
130 18
29 163
130 184
79 47
9 85
109 49
27 184
69 63
133 7
126 19
6 130
48 137
193 145
54 158
167 183
18 161
141 130
163 74
171 117
54 48
111 174
79 154
165 25
39 37
32 99
157 14
158 97
39 147
150 2
2 20
22 39
150 107
87 47
92 103
193 46
178 138
2 184
23 135
183 99
82 66
75 27
32 36
72 146
105 34
18 167
148 58
12 169
173 70
144 33
184 193
121 113
172 156
1 50
86 92
116 77
95 125
123 169
160 103
92 171
36 170
109 114
162 131
121 0
92 180
178 96
4 199
114 134
98 22
20 196
82 123
169 119
192 55
192 53
85 81
64 77
190 192
146 49
118 73
101 170
134 142
74 31
155 22
195 124
74 154
183 30
84 52
52 192
123 19
178 88
159 90
101 51
125 43
69 187
56 179
97 57
51 180
89 168
119 158
67 149
105 142
86 75
180 97
139 165
130 61
44 113
156 35
80 140
69 63
143 13
184 164
18 190
105 188
42 140
8 65
123 113
166 176
148 188
68 160
113 47
143 39
44 37
91 142
152 117
136 141
166 76
172 114
14 34
3 153
124 97
81 18
89 170
121 23
55 190
72 159
92 175
16 181
58 48
26 134
137 137
142 68
149 149
187 64
166 5
17 46
103 21
37 167
160 24
122 62
52 196
190 90
82 113
156 121
138 139
137 196
61 196
26 169
189 92
141 68
111 176
120 144
69 10
165 117
153 96
125 181
98 136
72 84
15 83
37 101
54 79
10 9
184 41
105 168
81 193
104 138
174 15
66 78
5 97
112 76
81 39
177 97
26 7
193 80
7 154
124 32
157 87
76 147
131 198
70 50
168 148
138 136
137 121
125 28
61 182
138 75
31 10
182 73
89 6
179 178
3 16
15 93
184 111
78 6
6 48
199 196
152 30
94 18
172 34
64 8
64 112
121 25
45 123
68 123
51 58
35 76
89 62
0 125
71 42
181 178
131 51
192 58
101 8
187 67
30 154
186 99
95 107
124 116
198 72
12 199
6 100
128 17
141 65
61 79
184 2
9 127
46 83
104 103
10 32
72 103
46 33
68 62
49 119
57 120
13 45
105 163
16 14
175 122
67 46
45 49
172 190
30 60
39 80
33 28
99 112
99 124
41 150
109 179
163 182
51 173
170 8
70 134
194 18
112 28
129 191
42 150
146 185
136 104
37 60
98 81
139 46
166 75
32 197
188 75
43 193
85 50
134 22
104 10
150 152
194 139
175 167
94 48
115 58
103 150
169 9
162 23
62 54
4 167
52 94
167 87
96 68
178 172
112 82
145 145
33 115
3 49
90 32
157 166
158 33
111 149
194 111
185 52
53 64
48 52
157 106
86 125
132 49
135 48
182 172
114 74
92 71
7 66
117 188
39 176
109 5
105 171
96 121
199 160
136 21
31 78
102 93
26 143
48 191
135 81
68 45
83 92
103 182
190 189
172 19
29 107
162 6
151 35
62 76
175 97
32 176
36 14
125 194
105 101
133 21
132 81
97 189
150 93
56 4
130 33
32 76
117 117
58 21
181 61
149 12
92 185
167 111
2 48
144 126
153 43
131 191
56 82
1 113
114 54
41 21
154 14
114 62
46 124
148 39
92 106
78 72
164 16
169 121
29 176
34 51
77 61
15 77
144 91
149 153
172 102
102 44
22 47
99 17
30 170
100 159
130 121
61 52
182 29
83 65
133 19
114 154
159 71
13 131
27 44
195 125
57 19
139 76
173 50
174 113
181 26
0 159
119 168
28 22
85 115
158 45
136 21
26 197
87 0
31 117
159 150
33 16
144 137
139 135
173 197
76 143
177 75
199 101
7 41
31 30
68 106
54 110
19 30
22 116
87 18
76 125
172 85
141 170
96 83
80 35
198 25
26 131
36 4
17 101
53 139
11 99
191 55
171 187
177 128
69 4
70 195
62 59
194 129
39 51
46 127
3 59
75 146
53 98
184 47
92 93
140 49
72 51
92 40
166 64
127 192
83 115
191 198
100 2
189 117
5 142
95 152
158 83
113 165
17 9
30 161
110 134
178 82
109 104
129 197
153 165
109 137
162 169
52 150
8 130
106 0
31 4
172 68
140 184
157 196
33 28
32 117
44 149
151 133
87 185
47 19
43 135
0 19
12 12
194 83
196 26
96 175
77 151
53 137
37 51
54 59
101 141
140 197
136 29
47 52
147 35
139 58
98 76
75 42
172 89
23 51
199 26
20 114
128 125
195 197
170 7
71 182
55 191
187 86
11 15
116 165
31 123
48 16
172 145
118 56
52 61
94 122
110 27
66 31
116 129
196 142
145 55
167 97
67 55
3 51
5 144
118 104
51 120
44 176
80 92
81 38
187 117
167 50
175 11
165 88
29 174
78 148
153 28
60 161
111 13
62 17
153 94
40 146
62 139
187 83
107 156
38 77
140 168
17 157
93 172
86 107
152 155
180 24
7 176
15 104
16 34
79 175
124 166
90 54
125 54
182 124
49 44
86 163
121 90
193 0
179 183
169 160
52 99
114 10
66 102
76 11
177 62
89 92
156 180
62 111
79 106
38 181
127 105
27 174
24 114
176 31
70 136
3 184
7 6
23 120
122 62
12 51
170 98
84 50
69 7
107 103
14 100
148 85
80 85
148 68
67 157
99 90
24 80
146 17
88 186
32 110
159 36
91 22
132 96
99 37
49 30
144 120
158 16
53 191
81 149
31 132
149 160
150 10
131 25
11 169
52 47
184 173
108 95
162 118
85 11
131 131
46 111
13 89
32 136
65 56
15 174
100 31
193 92
130 155
49 122
154 59
58 119
53 30
171 12
55 68
199 43
167 105
18 104
88 139
193 195
124 39
170 162
103 63
107 0
121 103
158 128
183 69
126 136
171 57
196 75
7 83
170 25
70 142
13 78
175 46
55 199
96 38
93 157
6 46
143 46
57 95
23 29
35 94
180 116
18 89
22 133
49 124
70 48
150 60
30 15
104 112
0 28
175 190
115 185
62 59
157 186
34 88
158 111
18 5
174 177
138 177
167 10
96 117
56 83
137 14
124 13
34 96
142 59
119 147
165 104
145 50
166 132
29 41
10 170
195 120
114 121
143 109
7 197
116 8
65 84
7 149
18 26
115 63
163 141
29 95
185 5
192 162
122 57
165 23
174 144
181 114
166 21
55 50
104 158
24 67
22 171
77 121
27 117
46 40
66 20
10 87
50 164
124 23
148 46
18 23
112 153
135 138
109 125
86 139
122 130
164 158
159 83
33 184
170 178
145 107
67 43
29 98
76 186
181 79
36 14
166 48
148 137
49 80
195 113
171 77
22 88
145 136
199 5
84 28
128 152
7 65
112 157
102 173
181 1
197 0
100 110
91 189
135 186
186 199
75 29
118 86
46 43
56 59
60 98
176 61
119 90
91 158
57 87
136 184
15 78
130 154
102 163
104 92
97 27
93 62
112 182
102 120
105 180
137 74
180 17
18 43
1 106
81 63
128 16
176 193
150 96
41 3
18 90
105 143
134 33
55 161
140 177
130 95
102 9
24 167
196 149
157 50
188 7
36 160
14 186
62 176
161 8
147 135
33 142
176 69
165 163
182 24
6 164
134 110
165 176
82 174
177 118
75 111
63 132
20 115
9 141
40 83
31 24
94 168
183 149
195 15
23 3
159 56
61 126
100 161
67 168
121 75
127 41
190 138
45 53
124 104
156 139
149 141
112 40
63 26
158 147
11 12
77 184
145 94
94 49
54 79
72 100
19 77
185 104
102 17
27 157
130 160
91 138
27 38
187 37
118 31
174 38
25 155
126 156
49 169
55 14
138 159
169 53
55 50
55 1
159 3
61 155
31 132
160 60
34 30
22 158
41 67
38 83
57 70
125 39
151 37
104 99
123 113
122 168
125 167
20 190
135 126
128 6
41 106
38 18
121 94
169 80
170 77
140 137
66 121
195 23
51 25
79 68
195 197
33 14
121 149
128 123
53 163
70 71
164 139
153 128
107 149
72 99
92 155
101 35
142 46
192 105
70 71
122 86
34 131
133 195
163 101
42 56
179 92
118 160
183 163
184 83
16 132
118 162
22 166
73 128
177 161
73 7
78 153
83 160
126 12
42 143
167 45
149 86
54 193
199 169
146 78
93 149
69 163
18 108
132 122
105 13
29 188
105 44
0 50
171 108
52 72
1 5
50 177
2 182
41 154
173 165
183 190
55 57
37 60
40 79
76 118
197 141
147 98
91 74
31 75
53 57
46 151
193 43
20 160
16 68
60 188
160 116
192 110
99 150
198 151
182 0
109 59
154 116
150 49
33 184
38 99
138 109
93 155
198 135
14 169
20 66
134 135
51 23
142 147
90 81
95 182
187 45
168 116
8 89
22 91
182 64
62 80
189 20
147 52
4 191
144 67
40 35
15 182
197 26
149 81
159 137
76 197
64 140
107 138
177 92
20 34
147 182
53 95
25 7
36 53
15 122
112 198
34 33
127 22
101 72
146 22
120 12
115 103
152 77
53 105
42 118
25 87
173 182
19 67
150 108
98 51
66 190
165 185
96 158
105 82
185 122
192 83
2 61
170 175
83 15
184 120
164 118
198 80
29 131
67 61
183 123
74 83
193 7
39 37
5 152
164 128
51 129
122 148
72 194
182 129
102 23
8 152
124 57
84 24
128 168
188 9
147 51
85 53
120 52
125 112
186 114
66 34
107 76
105 1
77 42
8 49
5 47
166 111
115 172
173 127
3 131
112 96
113 198
112 94
71 77
186 15
15 112
46 36
139 194
121 64
79 108
105 29
32 11
54 132
124 35
2 125
144 165
98 133
48 99
27 21
170 176
101 88
50 138
30 119
67 10
80 173
45 12
126 34
163 115
12 188
153 196
148 41
159 9
121 2
95 100
76 122
175 139
48 153
22 11
29 190
76 51
86 1
60 123
91 56
185 84
15 136
112 91
187 41
62 196
53 178
123 71
23 106
108 44
134 106
198 17
78 186
163 131
139 61
83 136
46 198
143 181
167 152
51 166
89 26
137 173
169 94
132 28
113 153
14 25
36 6
28 197
45 67
112 123
30 66
33 80
167 159
157 124
116 132
136 158
119 134
3 76
148 100
149 140
57 23
120 49
133 32
95 29
128 145
169 115
56 98
53 193
22 173
190 176
143 46
61 93
11 150
110 148
55 48
97 185
133 21
96 184
93 18
188 23
28 56
193 87
146 50
110 178
154 48
197 71
168 20
170 188
185 11
139 183
66 25
82 91
72 44
21 59
14 127
69 49
109 138
110 17
48 65
32 159
162 139
22 133
155 62
104 163
183 29
162 19
140 0
96 101
173 71
24 12
109 120
166 59
120 192
178 134
83 56
186 111
121 122
186 197
39 186
157 119
183 48
18 116
165 131
108 107
20 111
100 21
78 111
141 160
114 101
190 60
14 89
145 136
133 0
135 142
53 122
83 2
71 131
70 29
153 195
132 81
102 179
74 68
107 153
69 180
100 55
21 59
158 171
56 79
102 36
37 161
10 187
76 20
64 158
40 13
90 166
76 193
177 99
47 156
183 88
68 141
95 28
144 174
183 180
92 196
51 96
138 88
91 105
56 138
105 137
168 46
106 192
108 80
172 191
86 94
62 189
6 51
9 134
73 0
19 185
143 64
157 14
120 63
58 185
75 41
23 87
16 167
164 109
70 43
142 144
109 31
75 59
41 154
1 149
148 143
140 143
10 136
55 106
147 55
4 87
68 180
77 180
64 137
198 198
39 12
34 84
131 22
166 61
157 34
10 73
196 193
147 88
124 95
151 2
96 174
116 58
41 54
98 58
106 71
110 9
114 28
27 85
173 197
144 80
70 137
94 38
34 60
102 20
101 86
57 80
93 134
127 181
186 64
181 148
90 128
154 111
74 103
67 136
150 16
65 56
180 17
129 169
5 157
0 193
61 35
145 10
39 43
82 22
15 45
195 58
49 72
118 170
8 123
155 171
179 20
41 182
67 32
195 136
34 153
34 100
190 124
128 94
55 15
67 84
73 7
75 19
181 95
12 76
68 136
169 129
4 153
118 103
120 71
73 109
159 63
175 75
8 121
59 80
28 10
126 189
118 159
109 15
126 180
103 48
152 160
74 3
124 122
105 51
11 53
106 38
51 61
103 79
1 171
107 73
155 122
32 75
111 16
101 92
39 135
2 195
138 176
162 142
147 179
38 76
72 177
35 189
157 119
37 74
191 38
93 17
65 9
173 150
63 85
169 143
125 113
43 70
40 123
1 82
28 50
124 30
51 41
83 31
156 63
121 23
15 187
55 80
101 152
24 80
63 91
15 36
52 10
156 114
122 80
178 12
149 184
92 176
132 148
69 104
110 49
104 133
34 173
97 156
164 169
156 27
191 45
54 118
7 96
52 20
27 184
192 175
10 122
123 79
95 29
106 34
176 125
80 28
117 114
135 1
15 2
119 195
69 147
106 171
146 18
42 126
118 76
51 10
125 48
109 93
82 119
7 22
112 90
160 182
142 157
13 165
18 181
5 174
136 63
46 91
49 24
3 47
137 0
163 117
132 1
44 18
52 92
163 169
140 152
130 136
191 105
147 8
70 55
137 53
84 84
199 51
113 113
168 83
85 143
30 172
175 177
16 137
154 107
169 192
131 70
20 98
173 27
65 74
141 49
184 149
164 131
109 50
104 2
174 181
192 119
48 178
45 72
35 32
21 28
125 153
57 30
88 18
79 115
57 192
182 178
75 35
19 134
130 1
113 182
110 105
195 114
107 131
1 30
57 48
73 146
89 117
31 161
40 108
2 31
176 154
10 4
169 158
120 126
93 191
115 18
140 62
30 65
70 161
125 144
40 34
157 40
98 30
38 19
176 191
132 118
69 173
126 46
187 155
150 61
9 139
171 33
65 41
126 91
118 21
7 83
155 26
140 194
35 21
122 60
7 71
10 111
58 84
186 114
94 124
162 156
194 131
76 51
115 157
45 97
59 61
190 71
4 73
12 115
181 75
150 100
23 159
194 65
124 143
95 8
109 56
62 165
153 102
82 170
122 183
116 157
46 131
41 90
68 172
25 193
50 49
40 178
33 154
144 127
82 79
149 62
41 153
187 20
70 146
161 105
135 84
48 51
194 33
32 192
22 3
145 43
10 93
199 25
136 54
126 148
118 128
162 34
165 110
139 107
127 16
104 4
135 169
61 96
16 54
181 76
26 17
108 85
119 39
125 130
128 173
87 6
76 46
45 128
126 87
26 168
23 61
167 107
64 183
195 64
107 81
45 44
121 91
23 63
7 44
128 172
116 159
155 49
70 5
192 148
189 145
18 67
21 156
107 184
45 135
3 179
120 66
47 168
154 196
58 177
64 123
113 90
15 92
95 71
121 135
49 26
76 100
105 57
108 151
75 182
184 22
15 45
23 53
80 57
26 176
11 15
36 91
96 117
2 68
133 118
101 172
66 194
182 75
199 100
124 80
159 181
145 168
104 14
58 130
92 158
55 153
112 124
126 9
24 94
161 49
105 52
151 105
170 194
127 10
114 147
140 163
124 77
81 193
4 14
145 121
72 72
49 162
13 194
20 76
80 39
177 185
153 125
155 78
160 128
106 185
52 123
99 65
70 81
3 36
177 90
119 109
7 175
17 98
93 194
180 133
196 112
162 132
177 174
166 120
175 18
149 125
118 61
96 179
74 113
168 62
137 155
53 57
95 181
97 77
152 102
115 169
72 135
47 73
140 155
138 64
175 44
93 79
2 177
85 190
62 48
24 197
155 4
132 130
100 21
124 11
163 1
13 49
186 110
163 65
151 172
42 128
93 81
191 92
74 105
25 33
28 31
15 68
38 181
116 150
30 82
75 51
52 138
100 25
10 130
160 189
167 172
42 123
10 70
166 62
191 13
64 132
165 182
23 129
137 144
100 124
128 2
112 17
26 103
68 28
136 70
94 100
41 19
170 76
137 134
195 130
1 115
164 41
163 91
187 24
97 69
74 96
104 17
50 35
48 56
182 147
156 86
7 58
185 155
60 166
90 154
149 59
134 55
35 145
152 75
86 43
109 25
109 57
169 173
172 92
193 72
149 32
122 56
103 156
193 59
150 67
195 159
182 136
37 166
104 100
59 153
170 36
188 47
81 136
11 1
83 176
81 77
91 19
7 73
74 41
83 132
7 185
38 86
86 5
153 182
164 149
75 112
186 82
122 96
14 110
27 177
79 137
40 141
186 31
178 52
48 123
13 72
179 110
71 4
179 164
154 81
47 4
159 132
60 63
144 124
65 65
106 39
65 8
54 133
108 51
24 169
2 73
159 44
102 67
47 10
95 134
39 87
72 128
101 150
131 25
16 99
148 24
125 96
89 164
120 2
189 134
180 63
143 114
64 110
39 199
71 144
159 38
84 60
51 126
52 6
34 110
100 152
151 144
91 65
181 91
178 195
153 141
169 158
157 22
2 69
162 151
161 23
0 128
70 24
152 40
81 70
16 62
176 188
189 195
17 84
90 82
95 142
158 78
87 29
32 60
61 66
174 196
159 110
67 128
148 69
185 144
87 150
167 167
69 112
141 21
180 72
150 186
65 158
62 107
162 24
17 101
49 153
177 17
158 53
10 179
81 77
78 115
145 37
116 37
189 77
16 179
10 153
144 147
4 11
146 35
57 121
31 71
26 199
137 134
64 59
162 123
1 109
91 12
119 198
194 82
89 45
90 171
83 136
175 81
187 178
169 57
18 23
185 69
33 123
138 46
94 162
158 161
104 169
193 54
61 65
98 174
23 23
96 21
20 197
13 38
26 60
190 138
106 28
137 23
42 90
23 45
52 141
138 50
111 115
18 145
141 9
189 7
75 192
176 142
151 169
15 175
18 31
152 10
11 108
61 50
86 39
126 149
57 93
124 184
83 3
88 106
31 7
155 160
164 39
192 47
61 101
121 5
7 133
177 152
42 20
156 89
91 11
20 61
111 123
116 58
177 91
144 31
51 197
73 121
65 60
163 126
159 119
115 92
197 141
73 15
60 75
184 3
68 173
50 180
180 28
129 177
111 194
137 59
76 171
95 122
179 96
72 192
100 38
93 34
10 47
66 143
146 149
198 26
67 159
168 23
119 37
98 110
131 82
112 7
143 125
46 88
110 101
118 59
112 143
38 99
57 12
148 174
6 104
136 121
125 59
10 89
78 7
124 75
194 194
62 139
145 14
130 191
107 160
167 198
73 39
91 120
152 187
9 155
151 187
73 135
87 177
44 138
87 196
37 63
45 1
105 88
32 112
137 41
110 74
164 57
85 187
143 196
157 102
21 131
98 1
102 62
72 94
159 116
43 150
12 35
129 22
131 62
58 143
86 140
159 191
147 55
149 158
194 106
163 10
134 91
143 97
113 41
165 184
1 121
14 149
123 24
83 16
188 43
85 13
120 94
126 14
68 171
82 20
123 102
195 123
144 178
194 62
108 47
138 33
62 73
9 103
158 119
17 199
93 165
76 180
76 182
74 144
8 68
153 163
31 152
140 68
101 123
73 67
28 38
74 112
97 89
146 39
139 97
152 86
197 143
23 106
74 0
53 184
72 25
133 66
165 187
150 61
42 185
158 167
110 162
146 103
187 48
189 156
146 173
185 32
35 27
193 157
63 1
111 153
87 55
84 193
76 1
65 195
61 57
81 100
62 116
15 148
2 113
42 60
118 10
127 119
131 72
170 155
159 49
197 53
184 42
34 155
130 39
21 175
0 50
68 85
96 165
82 185
108 150
191 77
105 45
19 110
99 183
3 97
131 2
32 110
185 135
107 174
158 79
60 94
132 131
192 90
23 133
134 123
152 86
109 170
30 161
111 83
126 169
176 142
79 126
171 81
159 15
195 113
144 14
158 86
149 126
1 169
79 77
198 169
122 181
85 109
111 26
19 30
102 49
90 190
53 169
157 163
8 76
112 5
150 10
154 175
148 189
141 54
125 48
187 151
95 128
125 56
72 99
122 140
5 156
159 21
57 11
60 140
117 43
48 97
115 122
84 138
86 145
179 58
123 26
129 36
70 177
167 71
160 68
25 133
150 75
94 16
85 159
60 118
27 62
167 180
136 152
78 11
154 106
138 119
33 116
48 121
99 109
82 113
193 32
84 75
198 136
151 32
2 184
187 181
66 37
38 186
159 183
57 151
33 181
188 4
186 53
129 10
114 8
31 176
92 39
23 1
3 108
13 162
177 17
75 35
114 26
129 180
173 164
106 37
137 76
19 151
100 16
22 143
79 113
74 122
161 41
174 61
103 45
91 142
41 85
166 159
46 141
199 175
104 20
165 173
42 176
139 171
141 17
55 92
178 189
76 6
80 155
29 59
18 180
74 184
138 148
22 148
113 20
76 100
14 90
180 191
91 22
196 177
189 52
182 104
195 34
191 185
103 46
145 89
170 61
79 99
79 4
48 23
98 117
125 80
82 195
38 130
159 108
125 59
54 68
199 51
147 148
144 8
67 187
171 39
85 5
135 4
12 111
12 102
25 109
40 189
72 89
112 115
165 54
198 165
46 2
77 110
184 167
72 179
15 126
109 170
141 160
26 122
47 90
150 59
116 167
75 126
180 17
1 76
58 159
3 95
88 54
143 199
57 99
57 21
27 5
115 80
40 193
42 120
78 4
154 160
155 154
196 125
57 163
134 130
171 105
111 49
121 180
89 165
155 61
129 49
120 163
50 25
18 41
30 161
65 178
164 126
122 77
140 181
78 0
133 17
131 196
39 10
58 110
113 40
97 21
77 154
117 135
188 121
67 100
199 119
163 107
19 175
80 102
56 105
106 90
166 122
108 146
53 4
141 50
3 107
99 140
111 117
71 1
176 56
122 102
157 34
118 17
160 144
125 88
86 137
83 49
183 103
107 137
50 72
94 156
145 31
22 80
160 68
156 26
163 154
159 87
159 170
32 55
99 107
134 4
2 20
4 114
85 199
11 57
76 24
99 194
93 75
59 133
137 150
122 136
61 40
50 59
75 161
97 132
113 102
98 50
13 72
199 52
25 90
11 115
134 66
170 64
133 14
24 159
175 158
68 145
140 102
175 190
148 17
58 140
54 10
160 45
76 110
7 170
142 162
48 41
3 111
191 99
160 120
32 86
67 189
77 29
61 193
67 104
134 166
55 85
19 134
81 11
177 167
43 32
79 180
73 178
14 166
187 121
18 117
51 96
85 36
5 199
160 110
110 59
48 16
151 134
40 140
94 105
10 168
55 100
39 102
103 168
165 89
84 0
152 165
66 33
139 88
156 78
140 120
64 107
143 100
7 174
104 86
71 35
165 44
6 145
76 43
186 176
114 152
123 33
133 144
130 79
61 58
159 128
173 111
193 63
155 172
129 96
16 180
108 137
109 108
33 30
14 116
9 94
21 30
94 148
18 114
144 1
2 11
42 175
156 137
77 8
124 63
160 26
144 150
121 23
8 159
6 157
71 151
162 154
8 107
114 186
152 71
35 184
174 147
109 4
106 159
36 132
55 31
86 189
169 47
30 22
24 120
20 152
86 184
183 106
36 155
18 60
65 38
132 121
70 12
101 172
79 3
16 88
58 123
188 46
186 36
151 89
92 60
108 10
31 60
186 113
181 54
23 172
142 10
7 166
54 160
176 153
135 195
168 164
72 86
110 94
68 194
84 105
38 115
54 146
118 135
1 49
146 94
182 58
76 9
169 138
26 179
129 84
122 59
117 92
79 17
184 102
163 151
54 148
36 50
181 172
173 88
1 135
45 95
147 139
128 148
104 182
86 192
135 132
133 52
77 116
67 132
23 182
31 28
119 2
172 17
196 162
152 75
154 86
171 106
198 140
70 118
20 198
121 7
4 0
60 67
129 18
155 129
142 36
126 173
129 47
145 159
56 151
175 109
196 168
151 144
99 168
158 108
199 168
123 50
71 192
48 130
54 128
46 147
3 25
168 113
167 125
55 194
72 141
10 69
112 34
159 37
41 27
161 124
21 178
21 104
181 21
63 146
60 172
82 143
145 197
0 161
151 178
172 184
1 37
171 9
49 112
3 71
26 5
163 148
191 181
45 57
6 192
146 111
183 23
162 176
21 189
148 4
80 37
143 13
31 174
7 94
173 43
47 2
106 105
61 113
180 43
117 169
126 121
183 141
108 60
191 143
105 37
79 194
37 136
49 25
191 90
47 120
83 71
124 12
48 118
112 175
186 126
152 71
40 85
46 96
196 176
0 95
135 62
29 92
121 36
36 119
42 11
58 35
74 123
124 87
97 110
115 117
190 140
142 175
85 98
93 66
31 46
96 52
170 76
15 106
65 48
9 115
113 167
151 107
25 190
88 132
124 60
190 134
16 32
7 86
42 24
0 11
135 163
153 31
177 132
5 59
64 102
179 14
194 74
171 88
101 154
6 34
35 158
41 122
19 31
31 57
58 36
35 110
17 98
181 183
134 12
120 15
103 2
104 6
97 20
3 28
134 135
172 97
155 157
180 119
194 37
13 143
91 61
16 53
174 96
155 103
102 97
55 23
130 137
15 78
32 154
10 157
39 15
157 142
52 159
199 28
154 148
124 123
178 78
35 185
142 16
111 55
47 79
8 162
169 168
72 31
196 92
135 14
179 173
94 16
15 32
107 2
160 73
139 25
147 199
113 127
78 78
102 103
4 6
20 148
16 61
8 69
119 55
86 12
140 180
120 192
33 113
163 171
43 185
148 4
56 127
29 105
166 94
21 31
128 11
61 176
137 53
66 144
41 26
125 91
186 86
88 11
113 114
76 115
131 4
55 177
40 115
102 98
17 162
146 161
43 112
60 36
52 100
118 141
75 175
78 180
32 4
84 75
19 111
121 115
34 116
31 6
196 27
173 71
106 187
84 103
53 154
71 79
14 82
139 70
172 108
151 187
16 17
8 183
75 47
109 82
17 86
25 104
7 139
118 17
160 42
185 66
53 127
158 144
97 37
94 34
58 126
1 82
9 89
38 177
87 146
71 149
48 73
90 132
13 37
106 18
170 182
94 26
114 107
195 165
188 36
142 196
152 79
10 177
102 159
35 11
183 130
165 11
22 176
27 7
195 76
106 148
193 25
140 36
145 128
81 146
87 167
168 78
5 20
174 18
19 185
85 50
108 144
41 172
16 175
88 121
97 122
111 117
151 63
123 67
154 95
173 152
113 125
69 101
5 118
189 30
116 16
183 123
68 46
2 126
117 148
112 36
36 169
138 24
126 137
183 91
93 54
15 163
2 81
1 119
170 192
170 152
71 147
54 38
163 111
61 112
150 109
177 134
22 37
3 151
135 62
162 77
128 186
122 194
140 159
66 111
8 19
121 62
159 18
52 22
24 42
157 167
136 178
17 165
79 108
64 143
176 60
198 71
108 186
114 7
184 68
34 27
188 7
69 1
92 3
151 142
146 131
33 113
172 127
21 76
159 77
197 104
147 106
143 91
141 77
183 26
184 95
98 190
188 151
112 16
14 79
198 163
37 118
100 176
90 129
112 127
160 35
31 67
46 39
107 148
52 59
113 161
164 63
190 159
39 130
32 75
56 119
129 24
155 170
93 60
149 67
21 178
9 2
90 12
112 4
71 37
7 199
24 49
130 130
10 66
36 33
46 183
113 193
142 1
128 163
39 77
43 85
172 35
131 78
147 172
50 142
151 93
11 160
88 96
19 122
26 12
161 23
47 76
0 15
95 128
115 112
73 120
73 101
20 84
100 194
172 76
12 108
57 45
121 8
155 85
17 124
106 180
95 178
43 19
92 87
16 87
167 177
152 159
79 11
129 83
55 41
185 8
171 110
23 152
147 18
13 152
149 105
192 92
62 186
90 80
117 49
26 175
114 89
65 77
190 83
148 134
9 193
169 108
87 150
128 67
56 20
123 55
15 90
158 170
127 21
89 126
120 55
94 83
70 129
169 122
112 38
164 120
6 142
171 70
184 25
26 40
199 64
199 104
41 64
51 48
40 65
120 8
164 110
108 82
59 165
197 56
196 106
172 177
106 197
22 47
155 68
177 176
1 132
70 41
112 199
142 185
140 58
5 163
121 3
79 148
163 142
67 107
63 16
57 75
72 64
155 198
31 107
156 110
70 2
106 32
108 63
93 121
55 113
107 72
42 44
168 183
181 34
115 194
67 102
9 163
80 140
46 105
86 11
161 114
118 93
130 125
8 31
23 134
60 30
148 111
4 82
159 55
32 125
33 63
141 34
16 31
168 101
143 119
30 69
3 47
132 190
13 154
69 20
156 151
91 115
166 90
185 54
59 139
110 140
166 195
88 26
40 29
75 139
1 80
94 60
110 129
196 33
162 104
125 81
35 10
164 133
11 32
77 198
61 102
157 11
31 121
117 38
126 103
190 166
45 55
190 132
153 20
196 52
194 46
111 95
144 137
19 33
161 186
169 29
33 121
66 123
13 158
81 149
157 89
152 74
140 26
124 100
151 70
70 181
131 116
37 21
66 14
56 100
167 140
159 86
74 157
147 134
42 12
118 13
51 152
101 52
24 98
182 23
136 167
91 148
192 178
117 133
60 193
86 14
11 107
115 188
172 77
89 35
162 141
127 136
54 102
127 105
135 93
10 155
7 109
136 141
2 72
157 101
76 102
91 196
6 105
130 194
61 150
68 72
111 186
44 63
153 158
47 197
134 166
117 2
71 51
25 3
20 140
137 83
4 100
0 54
59 196
138 147
40 151
34 148
104 55
194 182
129 116
68 61
0 68
155 32
42 166
33 165
100 35
124 21
82 67
191 146
61 12
28 131
111 47
154 24
55 8
54 94
95 163
67 21
123 133
24 39
167 40
78 111
2 69
9 122
159 88
29 46
32 98
107 26
89 50
172 24
104 81
14 152
106 176
166 11
139 93
97 147
45 121
135 176
175 71
111 65
136 68
119 173
22 108
183 38
124 133
23 149
57 61
89 120
148 36
37 36
81 114
146 164
63 191
117 3
45 5
144 175
108 106
73 132
103 34
115 187
40 102
60 108
58 133
90 175
3 123
78 60
58 81
110 8
92 113
138 13
151 71
70 121
80 154
104 81
107 23
71 158
155 20
50 13
181 31
149 32
103 150
122 2
90 144
183 128
19 113
198 130
133 150
64 9
147 52
41 14
0 182
86 137
156 62
188 42
79 160
122 97
26 10
174 165
7 94
178 0
55 135
39 158
73 65
7 152
54 46
34 105
58 71
100 83
59 30
186 79
80 185
141 138
32 106
89 84
84 114
42 19
173 173
186 117
184 150
112 134
38 78
22 69
63 61
47 165
77 61
68 194
40 65
113 176
70 168
15 108
1 41
170 33
38 38
104 3
19 84
34 49
12 39
178 141
167 124
151 37
118 52
35 6
65 138
34 45
85 170
136 100
190 0
140 98
50 15
155 87
138 171
159 140
31 186
34 106
64 115
96 175
141 168
94 149
138 165
164 125
100 143
135 45
40 18
90 33
12 19
157 18
10 25
167 29
191 110
129 65
34 7
57 198
199 57
112 131
152 8
190 137
124 76
130 16
40 25
105 194
14 195
95 157
145 159
182 0
75 60
118 196
113 157
163 4
83 149
135 15
66 34
112 129
168 9
142 180
173 123
108 16
107 21
131 43
134 175
164 66
46 94
169 56
146 190
51 4
15 106
181 181
91 199
135 180
24 38
73 179
127 129
26 52
18 127
6 114
148 20
38 25
33 56
91 69
67 35
116 92
129 195
187 43
184 105
193 133
178 103
93 136
80 93
167 157
49 190
115 147
110 39
199 145
2 46
146 183
183 69
134 115
17 97
100 155
42 29
72 98
111 92
162 123
38 51
108 191
118 11
35 142
37 86
178 45
32 120
96 100
98 136
151 153
26 8
123 115
123 47
43 181
77 52
169 154
111 128
43 22
142 170
96 55
63 21
70 154
123 116
151 179
14 125
145 130
92 99
21 116
147 6
16 149
14 161
70 9
133 183
122 152
100 41
118 139
65 78
53 16
137 62
103 46
110 75
77 28
149 49
61 9
68 171
98 8
104 142
30 114
53 56
107 94
23 135
30 51
164 166
5 108
78 123
87 51
151 23
195 170
143 13
157 144
35 34
30 100
104 192
185 129
12 18
190 104
199 185
125 12
14 98
116 168
124 0
112 7
83 199
111 148
87 173
63 83
193 154
154 9
57 112
197 100
114 2
164 175
13 143
82 83
196 175
155 145
11 117
104 188
6 42
175 26
192 22
84 126
193 113
81 139
64 48
103 156
88 62
73 152
127 178
72 125
146 38
191 110
95 45
141 49
117 47
199 122
102 136
174 42
30 126
137 111
75 35
71 177
94 123
66 176
131 53
61 30
73 138
114 37
164 102
81 100
94 186
1 50
134 86
147 125
117 9
101 159
151 32
63 158
10 125
46 48
17 17
3 4
103 146
123 22
103 101
127 107
96 140
63 168
143 110
26 18
84 89
85 172
73 63
6 159
1 177
150 67
53 142
81 22
100 130
80 162
110 91
64 96
69 15
98 48
54 133
138 149
151 177
37 90
56 38
172 11
51 91
35 184
43 179
97 142
63 18
106 119
63 199
140 17
160 140
92 59
31 53
142 7
121 21
75 68
73 66
173 191
114 20
15 140
45 146
51 113
153 193
95 163
165 105
111 68
39 60
156 147
120 85
45 56
22 127
187 20
170 21
162 57
84 197
164 111
137 8
103 98
169 43
44 139
7 8
13 170
188 71
46 130
26 161
75 104
181 55
76 139
78 139
114 119
184 82
3 186
64 22
21 118
184 60
78 127
34 56
69 187
144 161
158 197
102 30
90 104
3 24
91 58
77 107
196 103
189 10
14 186
168 31
84 38
12 106
24 95
76 62
7 6
27 12
147 161
181 20
80 152
119 139
97 41
47 109
129 57
185 11
123 32
167 79
25 68
126 172
169 59
0 136
42 144
110 168
58 76
197 17
76 31
105 121
146 172
120 69
127 152
71 161
70 64
125 198
27 20
83 163
14 7
87 114
101 160
131 14
49 160
157 156
109 129
26 102
132 118
90 145
22 110
180 114
27 27
154 183
181 197
86 168
184 17
79 89
131 67
81 128
196 141
134 11
133 4
166 190
126 176
38 155
88 139
2 70
178 137
147 94
158 97
189 6
129 194
133 166
20 62
94 8
161 90
25 63
174 27
73 92
91 4
28 153
41 95
21 181
15 119
79 65
72 183
172 23
74 168
192 115
19 117
162 48
39 79
159 161
97 49
110 20
86 13
117 18
57 27
147 46
131 36
22 75
6 4
17 99
132 136
93 17
72 110
118 181
121 79
183 135
171 130
11 160
30 150
54 195
103 29
173 78
61 19
128 8
26 191
43 118
176 139
152 24
177 72
109 136
163 10
13 110
185 113
65 84
73 31
63 165
16 198
76 101
85 112
63 133
50 88
66 4
115 8
149 84
177 82
173 31
15 167
14 145
64 79
30 197
79 165
23 8
97 59
29 167
24 99
158 29
27 80
132 165
64 150
109 88
38 176
59 77
63 136
76 51
59 25
139 29
127 140
195 195
116 99
6 160
170 112
8 168
141 148
187 90
199 126
129 150
183 129
149 94
89 165
90 181
26 156
127 176
86 142
90 141
87 194
159 97
9 86
75 14
61 32
141 18
21 19
23 196
188 58
7 128
128 3
141 62
36 92
69 14
136 144
165 133
132 192
95 149
152 113
182 182
180 104
63 80
149 107
176 25
10 88
84 196
71 151
69 167
46 94
97 52
103 180
111 135
8 57
100 119
140 96
32 154
61 35
67 27
99 194
108 196
7 198
76 176
156 11
58 171
25 144
6 137
195 185
157 78
86 177
6 10
49 76
70 40
187 177
147 170
11 78
169 35
103 185
95 186
143 123
106 65
152 164
191 8
1 178
105 22
92 97
43 26
182 108
144 8
180 113
1 61
25 52
2 21
72 50
123 73
72 166
129 191
12 95
9 91
120 157
137 9
164 97
6 41
127 163
104 36
32 25
102 40
13 77
147 86
187 12
28 193
4 114
32 103
105 112
45 48
25 58
167 130
18 157
77 14
131 59
12 156
132 121
84 160
173 97
178 80
16 9
160 178
127 95
77 138
146 121
4 90
153 54
193 48
39 109
81 85
97 24
164 155
21 192
88 168
105 190
181 18
119 129
24 143
77 83
109 147
162 152
130 196
34 53
152 158
189 38
165 98
94 172
156 180
133 68
115 64
42 169
125 111
76 19
53 153
182 66
160 187
193 127
66 38
23 91
25 111
178 19
107 77
0 11
178 114
15 113
38 6
3 184
186 124
181 164
16 197
84 137
175 48
168 40
100 22
63 26
126 23
195 107
174 49
196 152
109 142
131 194
149 122
39 93
119 8
160 62
167 58
46 83
150 19
75 176
116 179
189 56
145 87
44 89
178 112
161 127
44 148
137 114
24 64
191 55
129 86
107 127
7 187
191 110
36 134
3 199
192 190
168 33
130 158
84 72
148 132
5 112
113 117
26 68
71 196
56 105
139 101
57 26
182 25
166 24
166 147
71 57
118 197
154 80
161 10
29 126
138 170
75 6
116 126
39 71
100 193
50 15
166 96
124 53
49 152
85 139
144 128
186 104
86 166
104 152
26 189
63 47
194 180
55 59
49 102
86 130
103 175
116 181
81 69
163 5
52 180
171 197
116 101
37 74
59 43
170 50
143 29
9 14
123 82
176 2
104 127
168 175
29 178
39 126
133 170
82 113
92 140
70 46
34 5
28 59
81 199
197 13
194 25
157 69
119 171
68 39
61 119
183 102
143 80
172 38
191 139
147 66
100 177
80 179
91 78
40 133
185 11
185 38
87 186
86 186
61 58
25 115
135 55
148 29
47 87
4 192
150 89
151 193
187 137
99 84
38 156
96 116
11 98
27 77
102 71
88 178
129 75
113 167
11 191
129 14
171 66
153 41
17 77
71 72
29 155
102 136
187 141
140 120
92 21
35 180
97 26
118 176
165 27
116 105
122 83
199 131
162 68
144 73
128 169
86 128
47 138
164 82
164 197
75 90
180 48
137 53
160 118
130 142
172 130
78 162
2 188
183 109
156 26
187 166
6 179
71 147
146 50
72 47
2 115
162 134
199 162
34 157
69 157
118 168
25 163
47 183
146 63
33 9
191 106
143 16
107 69
82 111
59 18
142 72
162 84
50 132
92 10
39 190
191 34
23 160
55 11
112 47
198 62
77 191
114 40
45 123
184 81
10 141
130 95
7 69
168 187
117 111
199 151
92 184
78 74
135 109
38 129
183 84
73 184
4 2
56 41
6 93
14 3
103 149
130 197
160 192
27 43
68 158
173 19
69 83
90 128
99 57
137 21
55 170
163 32
160 15
158 54
63 161
111 171
135 144
7 151
70 45
170 49
24 113
12 89
24 141
96 51
178 115
37 125
160 101
192 106
33 171
113 134
118 0
94 119
185 15
181 154
113 69
68 116
192 166
138 126
194 180
89 99
93 82
13 170
115 24
32 127
131 18
158 84
143 1
160 96
118 186
177 84
66 13
17 129
16 135
166 52
54 46
115 53
30 136
78 10
131 30
88 38
177 80
123 69
38 60
30 33
109 69
145 118
60 175
184 28
61 124
105 16
144 40
58 114
195 148
49 182
40 198
45 163
124 138
49 170
78 25
157 71
153 126
75 192
169 118
156 157
110 6
110 102
110 46
19 92
31 67
45 70
37 34
59 85
52 106
139 72
136 154
43 64
3 2
37 131
7 65
192 25
60 109
137 162
51 191
23 174
147 26
181 158
131 97
158 141
15 50
80 34
104 115
164 43
77 196
6 8
189 194
72 145
186 110
98 38
29 78
168 95
16 191
7 15
131 0
57 49
195 191
194 46
100 22
151 125
31 68
95 152
43 123
162 64
39 126
83 21
4 165
54 4
59 54
124 18
175 11
171 196
68 11
108 88
39 55
185 106
116 87
96 138
65 162
81 69
95 146
111 193
141 80
120 25
44 13
21 26
125 69
57 0
14 131
71 8
197 81
110 17
73 83
134 149
54 65
93 163
108 72
85 97
134 182
52 39
35 168
129 187
151 1
93 182
145 187
161 11
103 96
154 126
69 168
189 52
116 108
34 11
111 85
148 11
159 89
104 51
139 94
44 148
151 27
21 44
128 183
40 58
154 132
55 107
145 181
84 139
75 180
135 193
47 64
172 101
25 120
88 184
187 194
111 156
155 47
107 148
101 68
174 90
153 123
88 96
111 189
78 6
104 66
104 101
85 121
25 94
26 180
39 133
20 63
44 16
78 77
159 99
53 182
119 181
6 48
193 61
160 100
91 121
75 128
81 41
10 127
199 91
58 96
131 152
69 139
143 83
161 19
66 160
187 118
116 82
189 110
179 71
108 146
79 166
113 108
3 71
125 28
140 77
195 186
66 91
135 107
51 108
45 79
14 85
19 157
159 65
96 134
173 19
53 162
92 47
121 137
160 167
91 185
180 143
46 52
87 63
28 130
11 75
81 67
176 131
113 167
89 58
137 91
99 15
188 52
110 112
24 114
163 127
82 175
111 33
147 56
181 111
16 185
158 164
78 34
80 185
35 93
104 26
91 138
172 40
7 105
166 55
149 93
192 126
71 25
171 112
140 189
163 140
35 125
189 107
88 125
191 124
103 48
114 24
52 80
173 195
145 130
68 110
196 11
189 4
23 112
166 95
107 61
157 121
9 165
100 59
154 4
97 187
21 131
38 135
23 44
169 49
162 26
75 132
72 54
73 49
94 85
61 44
116 42
93 57
28 62
119 140
53 122
37 84
172 0
79 117
129 164
80 57
70 147
196 49
52 98
73 43
44 164
43 5
64 16
63 105
112 42
78 67
28 157
18 88
84 182
111 190
31 178
40 6
51 30
45 57
77 149
117 26
150 125
193 70
76 54
5 57
32 169
107 42
19 138
128 192
7 104
22 177
36 39
187 69
22 114
28 69
42 80
123 11
4 163
62 22
188 114
89 34
52 92
111 5
110 82
144 140
27 34
117 73
169 37
115 81
119 99
51 56
181 97
78 131
176 192
78 21
68 102
26 90
36 99
24 166
105 32
195 27
31 194
120 25
112 115
146 3
64 84
192 102
81 163
198 82
105 98
38 108
32 95
66 106
61 192
73 182
167 168
60 56
20 170
152 29
38 94
89 154
76 92
34 119
162 76
29 150
75 72
83 137
133 197
71 98
143 108
174 57
193 37
81 124
134 79
115 172
165 92
61 97
121 31
105 108
198 9
60 150
96 99
54 147
146 21
59 120
71 44
31 126
80 171
48 177
166 191
134 199
131 155
56 188
59 107
67 151
41 195
159 152
154 11
191 51
36 80
77 46
58 198
12 22
100 81
108 31
20 166
81 118
82 66
199 75
94 167
191 4
146 106
65 143
6 162
189 151
106 86
44 51
30 5
75 21
112 198
187 34
84 128
71 111
85 181
118 112
100 77
135 75
142 138
36 120
65 30
77 46
25 169
25 135
95 146
116 14
35 39
91 4
15 133
157 136
57 49
69 128
57 156
54 174
34 143
154 88
143 181
5 159
17 123
39 78
54 89
185 136
151 35
132 129
19 159
0 126
123 49
187 33
171 167
193 67
47 161
23 36
129 127
113 3
132 180
53 42
35 103
44 101
26 0
17 89
132 160
155 10
29 128
22 162
97 170
78 64
138 46
53 48
91 172
174 4
36 144
47 133
1 99
69 71
79 194
19 57
56 120
51 53
59 71
153 168
93 109
178 65
37 31
63 3
152 86
199 57
179 151
112 38
36 121
70 152
117 136
127 177
115 56
123 82
47 157
28 186
115 138
55 8
36 132
5 26
102 46
45 88
42 136
183 192
190 105
88 119
165 8
198 17
132 183
14 16
95 128
82 19
137 43
128 45
152 22
60 16
19 2
119 78
151 160
42 70
150 62
122 77
103 119
69 139
64 166
62 138
153 154
95 139
121 118
172 30
121 30
120 81
160 121
134 151
67 45
2 64
98 57
66 169
142 74
142 89
24 55
38 135
34 130
181 7
175 33
171 182
64 71
17 149
69 33
105 71
129 158
86 134
45 168
127 65
104 31
84 0
81 166
2 136
109 55
40 181
121 46
198 150
159 198
7 77
125 169
47 16
181 34
43 98
25 181
149 175
186 127
113 104
126 165
174 116
158 15
179 45
116 158
35 172
45 77
151 80
25 66
4 101
59 69
186 150
13 98
189 118
95 40
197 60
78 99
46 75
129 90
161 128
71 43
8 36
194 41
60 44
74 77
73 57
11 150
133 128
186 173
99 7
26 156
181 123
173 105
18 118
28 56
16 138
55 137
24 48
185 177
157 121
122 4
4 31
52 172
148 151
56 100
141 192
14 46
0 78
149 145
46 143
87 144
64 177
155 59
72 119
0 10
41 28
171 39
63 183
13 106
183 66
69 58
47 11
52 48
99 41
3 165
143 156
158 57
27 51
169 17
78 141
46 157
38 27
100 100
114 115
147 39
80 77
40 134
128 78
136 91
150 45
4 147
178 121
42 124
43 42
108 61
59 103
195 146
184 53
86 127
186 141
75 176
17 64
92 93
86 33
77 57
196 40
31 194
145 140
48 195
118 146
94 82
14 127
6 16
125 89
95 153
183 62
163 172
81 22
9 20
57 102
142 72
0 12
23 109
49 113
61 80
92 85
33 152
166 152
187 27
161 114
61 77
154 9
115 39
12 17
141 21
49 69
153 103
46 164
118 156
164 111
82 4
34 197
126 56
63 21
154 11
198 118
48 8
171 79
63 152
35 30
52 191
137 94
83 67
122 33
185 23
62 194
39 1
134 118
155 115
138 71
82 7
162 54
95 195
106 146
14 94
195 185
77 91
141 195
45 7
43 35
151 149
41 177
70 197
35 126
99 80
130 118
2 11
9 103
16 92
44 137
34 18
156 100
12 182
63 184
198 102
62 133
4 87
28 23
42 189
172 24
44 15
85 44
52 194
114 21
21 143
141 158
112 19
139 96
27 157
181 5
43 176
41 108
47 73
196 130
55 160
155 95
197 172
124 91
50 109
139 172
121 39
157 195
140 172
146 88
119 113
107 67
185 34
21 48
177 108
147 86
154 146
173 172
111 175
134 130
45 110
162 180
26 92
106 156
170 37
75 129
117 101
73 192
48 46
162 45
99 44
143 172
24 68
182 168
86 34
15 164
96 152
49 12
163 98
107 14
55 118
158 49
105 125
166 42
185 118
123 51
172 34
122 96
189 55
57 0
87 62
198 162
113 120
87 52
23 46
69 47
13 142
35 155
118 85
131 169
70 169
4 113
52 183
184 30
155 74
61 144
163 132
115 116
101 169
106 130
158 103
25 37
176 182
48 135
175 151
26 161
156 54
164 32
11 133
152 142
116 0
10 106
142 41
156 85
171 179
8 142
105 138
59 80
156 126
114 24
65 172
98 130
123 44
33 20
27 167
193 90
31 195
194 151
35 174
67 192
180 26
17 57
36 42
153 60
124 184
111 93
32 138
92 94
171 144
136 90
171 28
73 115
123 32
97 102
125 117
74 178
80 24
89 139
105 104
117 22
26 197
91 59
135 89
171 83
155 83
194 133
123 145
192 37
131 141
195 159
142 196
10 129
95 77
25 196
92 16
75 99
179 54
168 154
33 127
57 119
14 102
124 195
189 139
102 65
171 66
107 18
191 96
112 113
50 195
199 187
162 1
20 110
133 91
42 197
199 173
183 39
60 67
48 109
132 94
123 110
39 135
193 44
182 139
137 6
45 187
198 84
179 143
62 29
22 12
46 70
11 77
110 187
78 68
199 59
151 99
128 57
112 179
193 28
101 87
97 95
174 193
9 159
34 150
176 38
90 15
31 38
48 25
96 166
57 62
175 7
58 196
106 74
12 85
12 156
120 63
139 146
96 15
189 44
21 134
11 126
162 49
72 81
102 89
131 132
198 181
167 70
33 44
153 157
193 12
94 135
115 178
3 100
68 45
73 151
31 81
157 102
3 67
5 32
162 188
117 85
60 121
137 57
67 199
92 7
138 170
28 48
133 188
47 168
38 65
84 73
132 189
155 58
52 182
157 31
85 38
155 117
91 181
30 120
51 139
75 130
61 31
163 186
69 100
81 71
85 136
59 59
15 79
172 107
165 68
135 14
88 53
133 140
90 118
25 124
6 112
169 172
105 160
59 47
41 105
139 119
126 13
111 125
76 174
152 48
41 4
105 187
105 103
0 171
168 58
44 86
132 141
92 62
27 191
147 146
190 19
76 173
2 193
180 147
147 23
82 190
69 73
122 148
140 105
172 27
86 108
5 103
191 112
71 16
133 155
147 21
83 174
0 124
83 137
187 165
181 79
125 67
175 35
115 160
19 2
89 147
38 189
114 77
104 88
105 3
186 45
102 112
141 43
175 21
57 55
41 175
108 67
16 110
117 10
113 195
66 10
197 43
185 41
80 122
11 46
160 105
104 41
4 54
70 115
94 75
129 45
16 168
150 166
99 163
37 121
141 161
183 113
13 123
50 81
134 11
162 34
15 65
124 146
59 8
104 115
43 154
0 184
145 72
128 103
71 121
114 185
5 97
47 151
39 95
30 157
145 158
9 105
62 9
53 68
109 121
125 59
69 159
153 173
128 65
74 65
87 48
94 100
137 174
20 41
126 112
99 181
150 2
185 84
173 191
112 157
189 66
98 66
117 67
76 76
10 187
170 34
37 47
170 174
95 125
47 3
88 95
26 199
157 90
61 173
56 175
199 148
187 196
125 143
43 169
53 31
117 9
60 51
104 50
37 187
11 68
54 26
11 170
98 15
166 47
2 188
89 134
40 170
55 174
32 41
0 31
137 88
107 183
13 186
107 187
85 74
73 76
77 79
116 195
53 166
74 14
120 108
114 112
179 14
27 80
51 75
39 135
22 27
69 113
84 115
60 93
172 185
184 81
110 16
18 6
133 180
116 113
167 166
15 184
139 173
50 104
2 25
122 140
182 112
138 176
13 1
54 105
71 185
2 159
7 81
59 112
73 197
131 99
44 167
40 88
26 146
143 125
71 74
125 92
31 137
85 84
7 42
45 68
2 106
141 8
85 88
38 153
32 22
113 165
198 130
184 124
40 135
140 143
179 158
178 106
126 133
13 4
154 154
93 94
142 28
99 167
106 164
8 161
141 90
35 168
58 21
132 69
158 195
29 168
119 91
183 148
143 128
125 165
54 114
29 29
68 93
26 137
15 42
198 128
136 35
181 67
156 73
65 114
190 71
147 137
38 14
188 62
163 81
138 99
101 92
143 34
144 101
74 2
81 20
1 36
168 58
9 118
30 122
44 78
28 24
131 38
31 75
49 35
191 156
5 38
0 54
169 61
151 171
173 133
135 16
125 181
109 93
17 136
152 147
175 63
145 64
106 102
163 192
6 0
57 119
171 55
77 8
62 108
139 88
104 186
9 120
63 157
163 164
159 15
48 75
34 78
87 69
140 106
193 102
192 198
178 29
91 106
144 0
34 126
180 20
116 68
82 63
182 15
136 198
4 82
103 89
77 106
72 79
118 125
21 30
9 152
82 137
124 107
72 67
124 30
145 113
8 101
162 192
33 141
175 82
14 123
14 122
22 179
96 23
179 38
136 68
156 33
195 41
89 126
87 115
47 96
95 92
6 157
95 112
70 61
129 100
181 177
175 123
2 72
113 130
43 72
134 44
149 25
173 54
88 162
187 19
65 52
129 102
42 3
20 186
74 56
103 186
104 91
98 79
195 189
110 36
123 174
120 69
100 15
51 97
186 57
33 161
135 190
17 46
150 165
143 178
199 110
150 107
103 39
14 101
64 137
43 153
194 167
6 40
177 147
109 87
58 151
94 146
101 142
150 105
88 168
115 31
145 176
121 133
199 56
137 91
107 38
118 27
159 129
49 68
30 113
58 144
49 106
179 51
73 162
57 57
197 147
138 25
106 23
1 82
89 71
193 142
53 47
77 7
74 124
194 14
62 29
152 10
18 56
90 107
125 97
123 76
178 95
10 66
188 75
33 123
170 194
120 22
41 174
187 151
67 42
76 21
23 29
40 91
168 39
136 10
33 94
104 181
198 86
150 103
77 149
123 20
117 70
182 104
37 1
102 12
141 3
171 148
40 71
29 14
180 118
7 6
51 167
103 40
1 145
101 62
81 20
153 33
159 64
92 21
162 171
101 131
92 56
78 3
39 116
104 85
29 75
30 69
71 86
76 120
21 25
108 133
84 109
43 194
103 20
166 116
51 8
62 142
124 72
11 143
162 103
139 93
68 198
108 90
149 70
42 184
187 98
81 131
179 63
59 97
121 92
24 167
42 103
121 123
156 139
167 146
66 178
47 12
26 25
95 47
189 104
117 44
109 18
57 75
95 22
9 131
54 17
151 167
123 184
7 39
195 123
24 162
91 86
105 190
11 19
122 114
50 41
0 117
43 31
161 3
49 30
44 45
21 25
16 11
83 8
40 112
189 114
155 42
194 12
164 86
69 175
43 39
69 40
161 111
100 58
3 2
46 83
97 150
156 177
156 167
3 43
162 48
115 39
8 127
56 100
43 151
99 112
74 153
104 14
9 4
142 195
145 167
154 139
186 197
26 178
135 90
125 8
185 130
89 193
187 128
154 42
51 149
16 159
6 105
171 121
19 34
60 11
161 3
152 50
25 125
107 136
74 103
105 33
140 194
79 92
163 96
123 149
36 132
69 176
30 171
84 114
198 31
169 134
8 137
160 7
7 162
161 5
152 63
146 24
169 27
75 65
57 45
46 146
30 28
95 54
170 64
185 180
118 163
166 191
173 91
181 50
155 130
199 37
70 21
50 66
120 7
17 61
19 55
119 107
51 84
191 173
86 39
74 184
132 89
56 118
77 144
50 120
168 5
64 164
171 34
19 156
76 166
165 135
44 38
111 34
54 141
198 53
192 36
132 118
183 9
151 137
21 181
157 191
59 8
174 79
161 99
76 16
155 98
56 105
62 4
84 171
32 184
46 148
14 81
172 137
180 37
156 51
40 102
146 42
187 58
87 192
26 75
46 101
4 194
89 163
132 17
111 106
174 62
140 133
58 46
2 199
168 95
170 180
128 94
189 112
139 77
83 66
35 197
188 168
197 99
125 112
19 147
7 140
186 78
98 119
13 87
41 16
49 153
105 21
140 61
34 109
194 120
181 38
124 174
22 80
175 118
75 139
69 181
194 138
95 144
110 37
41 65
193 68
21 199
33 96
14 154
19 137
64 52
41 54
113 65
187 89
103 37
156 56
123 113
33 2
140 126
23 16
14 105
125 0
148 53
45 57
99 186
75 186
199 116
184 184
80 164
46 12
51 83
165 152
156 160
39 143
8 186
105 20
29 112
153 154
123 154
187 92
109 191
62 185
106 112
80 93
72 195
154 165
108 173
119 23
83 133
96 193
110 66
102 163
47 135
123 148
58 112
33 178
144 34
118 121
115 61
107 57
140 94
152 13
177 175
8 111
61 120
172 192
79 125
56 142
99 109
161 43
178 36
50 13
105 154
30 140
58 111
198 142
106 82
73 143
123 18
154 17
130 3
153 26
56 38
29 65
140 54
107 111
67 117
10 0
163 141
49 125
5 159
132 118
126 0
190 159
195 163
197 52
44 198
109 171
56 57
48 85
53 148
188 79
152 66
185 189
71 31
141 109
41 83
46 83
66 130
71 123
193 152
97 39
197 155
179 67
170 94
77 123
78 195
49 43
21 199
143 70
150 137
86 114
155 138
160 93
1 104
139 185
55 67
115 121
69 105
167 122
44 93
22 6
8 189
170 27
168 66
164 119
10 197
126 170
43 42
138 162
52 142
79 92
57 63
188 109
30 43
3 0
83 86
174 61
6 176
153 159
73 73
11 13
24 92
139 42
131 179
186 62
77 13
145 101
54 74
6 193
183 73
156 118
134 167
55 177
199 85
77 35
36 50
125 68
158 37
9 93
4 140
61 2
174 5
49 114
193 19
148 141
54 118
28 90
135 91
52 28
34 143
149 33
167 35
160 77
9 92
33 144
33 8
168 110
106 16
14 22
93 77
109 198
16 106
14 127
7 109
166 190
65 129
98 120
61 106
37 84
153 104
33 67
173 169
199 124
138 25
129 198
37 156
153 159
77 179
32 29
32 83
8 191
31 136
71 1
75 163
33 12
110 13
179 137
5 20
106 118
62 11
109 82
12 164
96 141
84 146
129 125
27 183
176 49
11 63
45 83
189 143
1 80
89 12
196 95
5 165
87 56
31 17
51 98
145 18
37 162
85 77
30 197
60 62
131 25
191 68
108 160
56 79
11 75
199 7
154 22
150 135
57 67
181 53
183 94
165 101
119 180
170 54
61 179
114 187
143 13
51 147
48 41
10 11
166 195
146 114
41 47
157 82
69 21
51 170
25 176
99 122
49 83
21 82
12 185
127 196
74 155
2 153
112 58
136 133
189 73
80 143
130 177
154 53
97 183
174 195
69 60
51 147
89 75
71 45
70 70
8 180
179 61
28 115
71 162
194 105
0 68
188 94
141 47
28 121
186 97
178 130
166 53
120 1
161 185
143 113
42 118
179 168
86 175
159 94
111 3
125 117
46 190
94 88
74 20
51 189
155 61
112 173
136 165
109 29
75 199
117 64
74 57
198 87
95 165
69 20
4 72
155 163
165 139
188 194
9 147
188 115
140 180
143 175
43 136
94 148
5 179
52 82
137 32
98 135
183 85
145 113
182 36
98 73
150 182
4 80
122 109
139 175
80 7
81 69
162 78
173 125
21 182
52 50
191 189
121 13
162 33
22 91
34 122
122 61
103 170
133 67
8 132
43 25
159 155
100 198
177 196
154 99
80 49
43 108
95 175
161 88
123 178
129 164
127 144
137 82
62 86
176 71
62 128
24 161
20 74
103 191
12 62
73 152
81 198
119 184
191 89
8 78
182 104
15 17
60 52
54 45
192 41
97 182
170 49
95 27
60 127
45 40
57 50
1 145
192 4
25 34
180 22
124 192
59 191
104 187
95 47
43 41
3 3
169 46
5 98
56 130
152 183
58 25
116 0
15 25
71 199
160 62
122 166
47 15
177 11
49 44
49 149
170 99
35 73
102 149
66 55
153 98
161 141
73 197
64 107
171 133
98 144
64 144
129 163
198 90
101 15
128 142
159 199
77 95
151 9
68 138
152 76
104 161
181 145
82 98
80 166
62 140
189 54
103 81
118 80
121 93
48 70
37 108
31 71
39 123
79 28
43 38
116 63
168 38
9 96
17 82
100 85
124 101
38 117
166 136
62 94
54 62
112 85
49 137
149 68
28 89
186 144
191 186
37 57
107 0
73 71
106 16
147 126
35 173
158 50
14 105
10 38
149 176
146 177
82 136
171 59
130 125
7 181
67 67
184 35
73 20
125 169
94 49
149 51
118 160
53 11
177 53
175 52
176 130
197 182
6 155
67 78
83 198
42 12
93 162
180 119
5 155
141 55
80 43
168 98
141 148
22 193
115 58
43 103
99 24
23 71
14 75
136 189
168 95
164 173
80 188
169 82
150 161
55 166
173 96
186 37
149 184
81 150
83 46
73 87
144 111
78 45
138 183
130 173
120 172
159 15
86 50
165 48
13 53
178 146
192 22
44 25
188 71
136 149
47 19
72 121
151 53
157 53
177 37
52 56
17 93
179 93
93 63
136 22
79 88
138 44
74 17
52 72
161 163
76 30
161 133
107 85
198 151
82 27
170 22
22 83
77 71
6 194
122 64
135 121
184 30
34 153
138 123
124 61
147 195
89 19
42 26
29 173
120 155
118 58
41 96
126 124
106 16
175 28
24 14
139 67
19 2
74 74
60 82
21 164
179 90
174 86
131 36
28 198
21 136
95 64
18 169
107 172
55 38
177 140
182 124
101 192
132 166
96 10
43 45
130 83
44 28
171 103
146 113
5 112
77 7
42 105
121 127
92 144
70 192
158 11
98 49
99 139
119 134
78 133
21 158
86 125
4 1
44 65
84 40
5 12
39 69
36 84
148 47
163 16
18 150
113 171
63 47
100 106
52 166
173 65
83 74
183 13
76 94
27 117
171 100
109 63
9 171
23 22
186 22
8 166
192 21
40 153
133 90
79 130
95 18
153 61
45 78
32 148
115 73
102 62
127 133
149 70
66 76
170 79
130 136
27 155
158 137
189 77
192 113
24 40
58 195
55 147
196 19
99 138
145 165
3 115
84 39
186 165
13 34
161 178
138 190
87 35
71 37
122 193
12 35
22 199
119 112
90 12
22 166
81 169
145 153
167 41
62 145
82 168
126 37
125 142
83 11
131 169
20 52
123 172
65 164
10 164
174 119
34 47
62 121
137 156
59 138
69 182
114 171
107 45
85 28
78 185
30 11
168 104
158 187
27 51
127 134
86 126
35 174
44 58
107 42
83 79
12 87
42 94
70 16
132 26
159 116
118 52
93 41
54 62
20 199
81 68
41 97
86 151
69 185
103 126
137 73
142 116
178 14
129 129
108 91
85 164
178 180
99 165
82 182
6 33
137 121
114 46
71 83
132 173
9 100
0 48
186 58
35 40
195 181
35 181
53 74
39 30
183 44
157 38
194 136
116 77
22 71
91 83
46 137
131 22
156 165
57 102
32 150
76 165
100 156
117 20
160 137
189 172
108 18
101 159
172 40
18 120
177 72
93 49
40 38
81 177
140 42
74 47
64 159
174 68
9 160
189 140
73 192
99 129
141 172
173 125
35 38
142 33
43 58
120 176
38 63
116 159
47 10
75 156
42 179
10 123
181 7
128 8
101 138
58 172
59 38
84 103
0 123
144 117
162 107
109 172
140 62
102 181
153 49
114 145
145 64
41 199
28 72
23 52
150 137
53 19
183 159
117 144
145 80
39 2
89 25
32 109
13 53
13 61
70 150
43 70
102 100
124 51
65 182
80 70
135 126
129 57
42 119
46 81
99 22
117 184
7 190
21 162
89 70
98 148
120 56
60 129
111 1
37 195
129 113
16 82
187 174
106 131
52 173
23 36
17 159
11 159
171 105
171 128
46 54
48 167
69 57
181 7
77 177
97 79
35 37
123 155
179 3
175 119
143 27
125 181
113 36
19 73
39 98
37 154
10 162
94 77
143 112
157 120
198 77
139 15
91 124
98 93
75 127
138 20
106 66
19 148
84 17
95 198
124 105
180 45
191 33
164 143
10 173
88 128
199 174
22 146
145 17
55 148
54 89
163 99
91 15
23 188
143 79
11 189
94 36
175 146
79 175
176 139
84 119
22 196
141 106
196 5
100 26
94 60
145 182
77 116
97 44
107 159
34 81
22 148
99 88
94 172
149 25
14 35
150 198
98 15
38 43
151 153
1 75
139 170
120 148
164 159
192 25
174 189
187 100
64 79
133 21
173 4
77 35
112 129
178 40
59 60
197 9
52 161
11 104
60 128
57 69
68 149
78 99
174 184
14 115
166 182
171 16
185 89
99 173
34 20
181 177
185 15
52 38
154 71
67 42
162 82
188 29
192 100
160 66
124 110
159 144
1 94
174 55
125 25
158 162
25 53
43 25
26 158
152 161
35 31
122 35
132 64
55 56
106 157
148 5
128 21
154 130
163 101
32 34
186 159
166 58
50 143
66 198
151 38
60 157
136 130
188 129
174 72
179 20
119 59
31 111
82 101
54 177
88 86
190 79
96 144
161 106
89 95
176 49
171 6
121 150
130 100
104 49
10 113
199 160
42 165
144 126
166 134
163 138
141 161
64 73
198 144
14 94
181 163
147 54
167 34
182 177
179 192
52 64
185 35
140 137
0 53
198 79
151 20
53 199
19 37
21 106
8 8
167 109
54 101
141 124
51 189
3 34
133 86
188 23
18 181
63 58
143 67
169 177
120 187
36 51
59 90
122 108
108 65
36 164
6 160
29 68
30 104
136 58
129 125
139 97
59 117
189 189
165 134
14 177
149 160
71 100
153 91
130 67
77 23
123 0
39 35
128 113
150 47
63 86
18 144
91 28
78 25
108 95
82 5
93 155
149 128
72 102
178 67
72 87
52 93
79 49
13 184
110 112
120 153
81 28
196 137
145 111
192 153
139 136
61 135
18 172
42 97
149 67
119 12
156 70
50 166
162 120
88 28
102 49
30 18
92 94
52 4
112 41
180 42
118 173
186 155
99 71
70 68
73 147
172 195
123 167
145 162
185 59
60 121
99 120
114 142
132 57
104 10
12 156
150 97
168 41
192 174
15 171
72 88
131 10
135 15
100 51
8 197
132 23
2 156
125 65
145 125
4 63
60 188
178 178
162 96
162 74
178 147
147 30
142 119
56 123
194 10
101 110
139 33
87 141
31 135
182 87
57 89
148 169
131 73
12 140
150 12
68 76
102 104
188 191
37 65
195 80
48 30
112 0
98 61
111 38
105 184
69 157
99 24
87 182
153 78
38 199
39 165
3 133
18 76
198 195
193 153
140 124
170 192
159 5
2 124
43 46
165 178
76 79
196 173
118 170
9 40
177 162
113 26
123 163
196 182
135 123
105 192
51 130
15 39
2 12
45 18
37 79
57 22
7 142
198 31
117 102
12 95
151 172
5 169
103 103
66 48
29 91
59 87
111 133
160 113
12 41
16 39
9 72
137 49
140 75
41 19
59 162
67 14
95 116
10 182
30 97
144 163
121 129
70 114
50 136
23 141
132 129
3 6
66 123
115 175
84 51
100 150
35 114
183 68
181 73
3 56
90 165
94 106
97 46
102 32
138 146
63 176
100 54
172 64
47 17
133 154
183 151
62 101
158 129
80 108
107 58
167 165
64 103
72 184
183 122
160 43
45 108
192 178
53 153
84 132
113 95
0 172
16 96
26 181
97 34
130 88
121 5
119 112
39 144
107 164
114 149
62 170
95 49
133 67
29 174
138 117
128 130
48 170
139 170
164 66
34 91
83 140
72 182
44 97
111 148
147 123
83 1
168 188
35 160
29 25
35 103
67 42
101 24
127 17
93 14
86 163
132 84
173 31
135 166
23 133
114 198
84 19
89 45
39 89
170 75
25 191
125 140
38 166
162 178
47 69
36 195
196 4
177 190
118 82
134 145
163 9
100 109
60 60
116 55
24 143
159 134
47 32
20 84
155 58
20 130
178 32
73 38
66 25
192 85
76 61
143 188
193 25
131 6
153 61
103 105
116 107
21 180
139 12
140 66
196 43
55 188
113 100
180 100
154 9
80 188
34 198
99 145
29 52
172 166
139 77
176 177
159 49
20 32
143 85
176 64
154 5
60 109
54 120
178 109
25 40
55 85
142 169
103 60
172 30
64 61
77 65
84 134
11 52
88 69
91 133
106 17
189 78
160 160
15 194
188 130
8 96
170 169
161 127
198 23
24 194
117 31
151 167
199 184
6 153
68 168
73 45
184 79
185 64
172 115
169 128
135 25
81 9
45 93
148 167
60 157
10 39
55 103
179 87
186 176
43 50
128 53
136 183
17 189
69 112
141 65
2 69
111 95
103 9
56 47
114 58
159 68
121 83
38 142
184 56
170 196
120 141
57 158
77 114
76 137
42 196
41 101
192 160
199 85
42 186
116 178
93 17
43 112
174 196
58 43
111 142
0 169
34 13
182 158
144 119
93 125
161 163
161 76
125 169
56 22
34 155
19 91
121 105
96 108
68 119
179 77
94 190
124 98
104 21
35 128
133 19
23 117
153 24
39 53
193 24
181 188
134 72
61 3
19 123
92 167
130 15
179 93
191 142
114 134
61 127
13 81
47 172
153 4
64 83
127 83
191 92
24 130
172 61
61 100
9 147
112 25
187 188
52 130
68 20
190 81
68 88
145 161
192 30
35 140
158 54
108 25
17 50
47 52
174 58
93 111
193 83
179 179
81 104
126 90
46 168
75 65
93 81
105 59
0 190
101 52
1 14
72 112
162 177
50 188
1 119
190 51
70 13
86 91
116 126
140 24
183 29
15 157
2 10
144 112
58 119
157 110
140 179
154 25
16 127
135 29
124 0
14 81
141 110
10 195
131 46
117 9
161 75
106 78
139 72
73 13
114 147
174 136
167 194
50 110
61 120
178 88
129 15
150 185
147 33
86 104
130 4
168 42
171 72
9 68
17 33
122 190
168 9
16 126
157 52
121 173
9 196
30 90
199 65
78 10
65 127
142 199
120 123
53 65
163 183
179 122
54 40
144 149
57 151
20 131
21 184
163 13
95 32
170 81
143 191
107 97
60 160
127 144
93 109
123 88
90 188
175 74
43 156
152 116
148 192
104 52
137 170
166 197
91 106
115 120
103 17
1 25
161 121
56 108
191 137
111 35
89 73
89 8
155 42
128 62
14 44
112 28
192 159
134 150
139 79
63 101
13 45
148 34
177 112
34 51
170 137
114 45
187 23
62 15
103 0
47 190
41 70
61 141
124 198
91 28
13 84
3 19
183 115
147 124
118 154
47 188
120 39
57 134
47 31
63 73
43 197
106 41
64 139
186 127
35 34
47 192
126 134
127 174
113 96
145 76
102 64
27 190
152 196
139 101
190 84
115 194
87 18
25 99
196 125
86 105
87 96
195 31
78 172
193 56
127 154
37 53
15 184
93 186
53 71
94 50
136 80
0 63
168 146
61 17
59 198
163 11
129 173
101 34
18 29
11 130
17 23
77 10
99 27
6 143
54 147
98 136
72 60
168 61
173 13
79 61
119 102
28 61
172 109
191 64
110 8
124 122
111 69
72 69
116 124
60 79
11 153
10 117
135 66
98 142
118 74
118 106
134 6
176 65
151 44
133 108
181 70
103 189
87 48
42 165
53 66
19 18
123 189
117 101
16 10
189 184
14 75
168 195
129 18
126 78
116 30
38 149
49 72
52 180
12 90
135 97
164 75
50 155
10 3
163 41
186 139
115 27
187 101
49 42
137 35
189 42
91 32
11 55
35 22
56 171
174 71
12 156
151 50
186 129
134 20
14 24
103 0
191 86
155 165
172 14
75 171
141 193
31 20
146 93
113 193
133 24
97 170
163 93
69 16
196 3
145 176
143 94
197 55
98 141
179 76
176 4
126 159
87 84
182 81
86 58
107 111
178 136
133 57
105 165
182 163
104 199
97 99
56 115
85 187
43 68
59 194
42 28
188 3
27 153
75 12
148 22
27 179
47 190
92 10
132 87
35 84
67 37
146 89
114 74
99 38
39 167
117 33
84 116
102 35
172 23
165 28
77 125
143 173
9 156
56 41
168 31
35 198
21 64
179 50
155 124
146 174
57 68
54 147
164 177
101 163
38 94
7 7
76 24
179 105
199 146
60 54
141 27
41 86
146 128
57 80
35 195
147 163
8 146
139 45
16 69
158 175
120 13
47 16
17 136
124 176
142 168
13 150
6 8
77 181
161 66
98 42
192 35
126 20
188 118
78 172
143 190
27 187
124 14
125 25
20 111
116 111
53 175
6 165
161 90
109 137
47 126
69 11
171 25
98 154
26 169
17 20
178 99
128 111
21 117
59 74
97 116
84 81
143 176
34 138
166 129
149 48
180 111
166 64
135 57
145 164
48 115
171 59
154 24
75 193
8 100
144 169
156 68
31 154
70 103
23 33
25 177
88 121
142 188
49 105
96 180
188 89
156 188
70 87
178 178
18 66
78 28
35 186
133 136
8 161
166 129
11 141
130 103
174 157
188 146
48 82
20 158
31 183
100 101
132 101
89 120
139 187
184 110
54 108
10 8
143 167
144 0
103 48
90 72
198 18
195 10
87 155
136 25
182 155
17 136
24 20
140 90
174 106
89 187
23 28
67 21
134 76
168 93
113 17
27 41
169 50
153 87
138 173
160 187
110 50
158 85
155 161
76 110
174 51
130 148
5 156
10 87
111 81
138 143
81 132
155 120
26 62
142 136
95 132
37 13
87 18
141 194
127 124
68 0
144 24
112 65
19 170
198 175
0 150
121 189
154 48
153 101
189 134
180 3
116 131
57 29
139 117
170 122
30 99
100 193
84 63
68 147
18 130
163 140
6 146
134 163
127 28
177 3
52 151
148 10
84 63
71 149
139 69
92 64
113 179
43 70
167 27
165 139
174 83
178 148
3 192
93 190
8 6
198 191
129 157
53 193
156 88
18 186
49 190
170 91
114 186
86 61
145 190
9 187
189 52
8 39
41 69
21 122
32 1
157 65
187 9
152 16
193 174
176 181
135 51
122 146
50 101
94 33
55 14
94 130
49 88
64 185
61 71
86 83
133 51
160 50
129 44
87 41
92 83
141 122
103 106
67 142
63 0
61 43
136 164
29 54
32 104
31 51
25 150
145 143
108 170
134 161
15 41
197 189
27 129
35 110
155 83
94 19
173 190
89 52
168 43
92 104
48 120
139 126
166 75
60 29
100 117
76 20
127 18
194 9
107 108
148 188
150 7
108 132
60 192
74 70
8 25
123 128
126 171
39 143
175 43
21 14
133 151
166 103
96 13
138 6
116 172
49 12
142 124
24 95
74 179
164 156
183 158
40 101
6 104
146 193
154 161
174 103
47 12
169 99
130 164
91 41
157 117
99 122
153 24
110 142
86 125
147 156
104 53
60 53
84 187
148 35
68 159
95 119
88 77
112 53
164 126
174 62
57 92
31 162
129 70
50 18
35 32
14 25
38 72
141 80
95 149
106 89
167 149
21 181
18 57
92 196
109 79
78 115
114 112
47 167
9 54
118 3
145 61
128 25
41 164
35 173
12 165
85 106
143 6
95 79
113 193
191 173
90 17
37 182
22 21
90 199
150 170
38 135
145 101
13 88
169 68
12 13
5 81
146 103
99 56
92 104
131 74
42 69
44 40
62 177
141 158
147 36
71 168
26 157
98 70
73 76
118 147
141 109
159 147
41 45
120 34
140 179
58 13
30 168
23 34
50 187
158 12
102 188
96 141
103 82
160 150
81 33
53 128
52 85
166 129
150 112
11 35
107 154
195 182
56 51
49 86
37 133
175 146
20 117
86 52
20 167
159 190
18 149
139 110
32 120
121 19
21 30
37 119
121 81
176 130
199 108
184 48
136 102
76 93
147 88
57 49
83 20
161 33
129 46
37 16
186 169
68 141
57 55
75 94
124 185
167 120
145 23
92 13
42 73
170 192
15 67
104 188
18 173
177 134
56 32
62 199
154 118
102 195
21 110
40 90
41 51
21 117
150 129
8 169
157 32
162 155
142 22
145 95
118 182
79 70
115 138
172 105
74 22
56 7
130 45
120 34
34 101
145 127
170 154
92 12
24 186
103 62
163 10
99 120
110 4
129 152
114 128
85 7
183 148
177 23
0 120
96 48
55 163
101 191
106 14
167 100
134 38
93 66
58 49
194 14
183 131
53 150
129 25
126 166
101 56
128 165
97 57
16 175
22 106
186 146
119 196
48 199
25 21
173 139
0 162
196 78
86 30
17 84
32 59
74 96
167 117
10 29
197 187
166 38
39 138
64 65
18 58
191 42
106 152
65 50
22 114
75 97
129 193
43 126
7 191
192 75
194 152
77 75
52 73
23 130
110 164
147 134
180 139
29 160
191 68
24 147
157 91
66 122
54 31
5 44
24 127
198 185
178 5
19 48
98 135
58 8
18 48
57 31
14 162
95 24
66 123
100 112
170 138
116 189
182 17
102 84
167 176
154 14
6 129
72 82
19 77
52 159
149 164
138 199
194 68
144 15
24 172
120 142
31 108
192 43
45 143
102 127
96 131
185 181
109 171
18 61
110 20
109 175
42 12
42 182
98 177
69 27
158 178
51 6
132 90
173 95
112 115
163 64
116 96
149 196
181 29
88 33
9 119
148 165
71 98
185 6
79 89
18 55
49 54
100 120
35 113
114 186
186 143
96 34
84 111
43 10
155 132
9 124
62 198
109 118
6 178
127 60
179 69
84 136
186 21
19 9
106 79
93 171
4 66
129 116
124 17
24 125
85 160
166 138
16 16
133 45
195 114
101 53
86 54
89 139
67 171
55 99
3 29
114 77
3 21
65 104
50 127
180 20
103 185
10 96
139 34
195 139
100 65
150 35
80 65
129 20
97 6
79 87
154 52
27 94
94 177
197 177
101 99
143 161
96 191
7 0
170 158
103 122
108 35
32 84
162 188
64 4
144 134
89 46
96 94
79 119
87 184
178 178
43 93
94 27
143 199
51 127
182 170
16 13
6 129
129 61
32 145
46 107
193 29
91 17
86 133
19 86
65 8
137 138
74 36
26 150
153 101
13 75
194 73
147 185
42 154
64 73
94 109
78 168
141 158
178 13
82 91
72 192
114 86
172 159
164 102
83 145
23 64
21 64
117 119
43 117
68 145
143 103
164 42
57 42
51 162
180 46
141 46
84 4
96 32
174 112
191 44
70 81
160 116
112 176
71 136
17 93
58 93
143 181
178 121
134 13
3 96
54 165
82 186
16 23
106 97
148 185
151 66
117 12
105 17
73 106
76 113
166 152
76 135
195 14
119 166
129 134
3 163
134 58
3 182
14 6
77 51
83 117
157 148
85 123
156 186
175 185
64 168
172 158
102 49
76 12
198 91
71 172
178 37
59 16
118 145
3 180
64 187
120 104
99 55
106 34
13 36
5 23
178 38
102 94
198 37
176 23
128 110
79 48
104 37
23 175
186 42
9 86
154 11
24 158
81 81
92 176
36 111
60 33
95 70
145 168
7 196
172 98
177 75
177 136
60 148
60 4
44 19
198 140
164 190
131 58
15 17
161 148
176 60
110 75
21 128
135 35
47 195
127 151
107 103
169 184
148 155
189 189
75 60
155 164
1 118
42 53
198 191
35 73
79 97
133 92
109 112
67 79
78 173
190 166
180 172
50 26
90 33
125 138
99 145
125 53
33 137
3 84
172 6
88 38
163 148
102 110
38 177
74 80
153 10
168 176
165 24
178 95
117 189
26 147
183 125
138 169
125 46
59 132
101 134
62 77
22 63
84 146
188 67
40 68
127 178
8 8
74 164
59 182
166 119
69 87
75 41
88 152
100 30
136 132
126 73
108 152
177 0
8 42
185 67
199 79
73 160
140 103
173 134
81 156
3 158
46 173
74 173
65 115
23 153
10 49
129 62
76 51
23 65
171 17
50 98
148 55
151 102
185 35
190 6
1 71
84 178
184 33
2 32
167 78
64 172
67 158
80 138
43 3
35 6
23 33
111 181
76 24
103 29
155 5
72 153
196 26
148 38
187 64
93 118
182 130
127 82
78 92
137 167
117 46
72 100
172 29
38 118
107 57
44 49
40 97
143 39
64 58
112 64
139 89
163 35
160 37
199 32
24 192
24 27
168 59
39 143
140 89
131 57
165 84
80 2
155 63
184 101
132 125
72 10
79 180
99 83
25 107
55 90
196 50
195 198
135 63
111 3
101 147
78 151
161 28
121 182
85 114
133 172
159 197
3 54
145 100
188 6
80 154
179 93
33 85
100 164
57 17
127 53
109 146
177 90
184 161
181 112
41 155
153 171
127 67
98 129
36 73
60 91
4 48
138 90
0 0
152 125
43 59
18 175
94 65
20 154
78 101
30 108
142 58
109 175
56 197
27 98
138 171
175 128
152 175
113 175
98 50
47 199
84 192
106 58
20 81
107 129
52 156
71 33
117 179
39 47
5 118
43 70
199 30
5 89
83 177
14 92
129 128
171 147
86 116
2 89
174 57
82 16
144 152
166 137
16 49
18 53
136 148
135 36
34 82
194 72
174 166
161 113
135 12
195 106
46 128
34 126
23 85
158 54
162 76
89 27
151 149
166 114
150 88
83 5
122 91
189 91
122 156
90 184
198 67
193 6
6 49
161 7
8 42
159 176
183 136
68 54
60 139
33 165
69 81
148 106
198 145
125 62
195 21
3 122
30 105
136 69
63 25
18 106
114 28
148 161
2 132
86 40
42 99
7 68
71 33
65 95
31 122
91 96
132 99
83 85
72 55
95 65
44 66
156 195
62 188
126 29
79 17
89 83
62 114
25 83
34 159
107 161
108 120
13 116
84 178
93 42
92 42
77 38
12 87
192 36
98 59
90 170
59 117
4 137
105 188
13 126
29 24
25 93
32 149
43 100
135 140
82 14
85 195
84 142
135 106
138 132
172 3
173 179
83 105
92 88
4 172
105 102
59 100
175 193
65 131
68 4
120 28
105 11
131 158
39 139
154 83
28 123
54 161
178 80
83 122
195 72
41 109
31 18
46 2
169 158
168 165
120 17
147 153
146 83
150 158
5 62
107 195
9 82
151 19
79 87
45 143
74 49
44 66
188 189
33 143
30 90
117 138
21 107
174 16
184 150
114 174
140 7
74 108
152 60
174 18
195 60
58 88
57 165
33 155
74 182
86 26
192 109
160 142
7 196
131 4
154 13
79 64
177 16
117 147
20 128
61 144
144 134
67 127
91 58
67 6
42 30
33 63
32 174
22 70
29 85
175 16
22 13
163 5
108 19
69 149
148 192
106 50
22 6
34 5
195 71
49 75
90 7
104 142
180 69
66 33
24 71
92 156
61 76
68 64
29 57
116 191
178 185
125 21
169 30
70 90
58 154
162 44
20 102
132 68
54 156
154 158
66 189
65 123
67 83
85 190
41 152
27 130
164 169
95 8
159 61
62 93
143 87
20 153
47 143
152 179
90 128
146 183
81 124
126 29
125 64
157 117
180 19
185 152
134 41
168 127
110 157
125 85
120 130
41 83
17 120
92 2
129 68
78 120
122 43
129 153
71 93
22 109
68 164
42 173
192 75
103 5
50 193
178 114
168 59
60 105
186 146
153 199
2 165
120 58
75 106
102 123
85 7
53 137
103 65
53 109
58 183
116 17
144 192
42 17
143 62
160 142
88 120
166 125
90 148
69 114
57 134
23 5
41 191
165 69
41 13
185 176
87 147
129 150
192 34
136 175
186 95
6 20
196 181
108 168
163 183
113 68
46 131
77 78
27 182
144 11
179 134
135 70
191 120
75 196
98 115
24 53
139 1
29 153
21 190
145 84
197 95
69 128
112 127
172 41
123 50
20 120
42 129
167 140
197 44
93 105
64 113
119 122
48 38
125 43
165 161
143 103
92 63
61 26
183 40
44 81
192 118
27 199
16 127
125 44
116 11
191 133
92 167
163 7
171 68
14 129
69 136
188 122
180 127
194 192
168 103
147 117
166 62
163 54
190 70
3 72
67 27
122 150
61 59
172 16
155 51
34 109
148 98
181 0
151 88
75 8
39 156
9 8
196 160
36 74
174 41
39 53
38 171
6 170
182 166
47 177
125 139
18 185
19 6
70 66
156 163
46 185
95 140
7 30
28 33
65 150
47 15
46 148
140 136
99 46
110 145
190 137
191 22
175 62
178 43
96 181
43 190
55 94
11 38
111 83
27 122
153 174
5 22
127 63
185 124
76 197
25 6
90 81
122 163
177 9
149 98
163 94
28 43
112 150
121 109
166 0
65 2
65 86
154 116
83 52
20 163
103 30
178 105
113 28
109 117
52 59
179 195
35 35
164 199
154 100
124 83
34 188
68 121
12 47
156 130
132 34
75 29
102 53
88 128
108 136
101 185
161 91
154 32
80 158
81 151
4 8
198 22
130 103
154 106
189 57
110 38
157 62
194 133
174 189
196 23
26 58
85 43
50 83
127 66
54 125
182 61
30 99
197 43
35 175
62 122
145 6
109 45
195 12
165 163
148 41
52 185
89 175
69 133
76 138
38 20
7 12
195 32
105 154
160 18
41 94
72 110
54 2
94 79
127 81
182 59
117 39
123 81
70 170
32 68
42 8
89 123
141 164
105 73
95 12
117 7
168 121
5 20
103 144
32 89
61 196
184 62
93 123
2 112
19 15
51 75
163 144
128 161
65 43
15 84
69 66
123 125
80 12
192 43
10 125
143 73
36 176
189 22
4 49
100 82
190 82
41 195
92 15
192 180
48 150
175 190
38 179
151 188
196 98
6 101
126 103
112 117
138 189
98 42
26 188
46 127
10 139
145 81
45 33
62 153
11 139
161 163
134 33
187 24
82 105
176 159
110 181
185 199
183 171
185 164
92 32
65 44
154 158
195 109
188 116
3 68
54 70
57 164
191 132
40 136
124 132
27 115
57 197
197 45
80 42
138 65
149 128
175 158
25 29
20 121
5 196
111 191
41 146
40 170
122 72
194 193
155 195
92 111
134 149
173 131
55 144
70 69
102 4
174 36
69 30
81 68
95 177
31 24
1 79
68 65
161 35
196 14
195 19
119 105
62 173
135 168
140 10
1 174
89 68
153 71
122 108
157 189
147 179
14 174
148 80
90 149
162 189
198 9
126 58
93 161
135 155
76 3
107 59
105 77
101 111
82 21
51 93
102 74
146 156
172 175
143 45
84 149
117 98
180 43
137 17
72 180
78 26
25 34
156 27
168 96
2 69
157 163
120 95
172 98
115 168
25 116
31 118
18 17
107 15
152 169
72 65
43 47
40 197
23 59
197 180
114 177
147 34
67 64
55 4
194 89
120 90
79 109
70 105
19 141
192 101
6 61
140 190
46 167
69 183
64 131
44 2
92 79
164 98
199 12
22 197
128 15
51 130
137 80
65 117
167 129
193 152
177 25
140 61
51 188
157 107
99 39
105 47
28 199
18 125
29 99
127 51
8 2
27 107
166 136
140 173
19 183
20 56
71 50
78 163
96 113
120 169
183 48
66 88
34 87
111 197
89 154
12 44
195 123
184 112
8 88
19 147
148 25
124 103
22 137
29 61
103 8
69 114
129 199
53 93
58 5
153 186
122 76
183 71
165 41
9 122
70 108
57 53
120 149
100 5
154 75
70 182
176 143
113 62
49 98
54 147
147 4
156 38
197 121
185 97
97 110
162 104
194 141
194 65
189 97
66 123
7 173
16 117
137 10
181 172
155 158
9 75
53 47
137 42
111 195
27 30
66 11
138 164
154 181
10 64
34 68
67 37
70 21
105 149
188 131
37 27
183 54
41 154
27 58
25 126
190 130
155 109
34 68
196 124
194 115
74 131
164 138
65 180
37 1
167 114
135 81
189 38
1 178
18 127
7 65
28 57
86 156
19 63
190 72
160 154
178 148
92 175
76 163
128 10
102 13
19 155
70 84
5 128
137 69
128 117
174 192
132 171
130 52
103 34
154 146
85 69
126 83
81 119
49 121
114 9
133 196
178 139
120 161
21 22
48 31
86 54
88 15
16 127
124 4
50 80
51 176
62 136
166 193
150 95
3 9
105 174
150 158
38 129
11 51
179 82
195 159
133 55
163 198
153 87
192 143
133 161
54 32
6 128
184 51
30 73
25 83
188 120
50 0
97 120
124 19
66 98
66 34
143 140
180 106
72 137
176 79
29 12
18 182
147 39
54 185
33 8
141 185
180 15
71 106
184 60
58 173
160 66
175 38
100 49
39 46
189 87
59 69
140 25
179 130
185 63
70 144
2 148
161 194
139 180
35 52
159 145
175 194
148 72
173 118
163 98
133 100
122 59
5 83
31 8
145 24
24 199
49 136
65 169
41 83
162 152
91 119
192 57
151 16
56 127
108 129
59 2
109 161
197 38
141 174
194 13
91 66
84 31
55 183
175 157
45 79
57 110
56 164
65 0
143 3
64 166
32 191
192 33
4 112
19 67
79 5
80 154
10 43
148 159
102 193
60 199
76 1
5 10
137 37
3 101
111 160
40 41
32 143
18 77
178 183
48 45
96 175
123 19
68 23
198 196
120 195
181 8
166 187
41 41
72 66
103 116
65 83
71 19
89 121
29 97
13 185
199 135
37 183
118 116
48 26
42 89
53 108
150 193
117 86
61 47
148 191
155 73
0 199
57 79
12 183
51 159
38 85
6 190
129 169
22 56
193 37
63 119
23 52
104 161
165 18
109 102
152 102
94 1
166 28
156 68
169 101
29 37
39 191
51 60
168 121
96 23
181 55
151 67
6 91
158 78
85 189
100 89
102 58
115 4
60 61
82 17
11 108
1 157
171 76
178 138
113 73
122 168
119 199
38 92
41 147
7 26
192 197
107 60
94 146
156 10
5 5
74 194
187 185
120 158
28 32
32 182
38 148
9 3
31 115
68 162
84 76
36 192
181 19
117 10
185 143
38 177
62 13
75 0
177 186
182 193
131 0
137 121
16 128
187 106
148 123
98 177
6 94
82 50
143 145
158 124
59 115
79 29
106 184
163 1
106 179
178 5
117 29
24 78
33 188
144 184
140 117
129 118
118 22
133 140
23 76
171 113
136 36
193 127
113 181
91 71
156 77
123 43
47 87
104 69
189 138
76 34
171 101
122 125
42 43
85 164
146 147
96 20
17 38
159 161
193 138
144 45
12 5
53 123
92 66
183 93
4 72
90 172
74 136
38 102
168 19
39 41
149 122
176 194
62 51
75 92
180 77
82 44
138 26
93 9
178 47
50 129
58 17
159 115
189 136
33 37
82 97
69 74
73 134
104 140
35 139
30 130
144 70
199 38
166 167
19 104
0 156
86 191
31 51
181 73
43 167
163 58
134 115
89 68
131 127
138 128
7 47
51 26
192 51
144 16
111 69
110 65
86 155
72 131
20 40
161 85
85 164
11 44
106 78
12 28
149 9
125 34
69 187
174 152
192 67
94 65
110 72
95 58
50 192
40 49
86 107
37 47
191 192
120 144
73 51
84 180
175 156
105 63
19 179
121 19
52 151
117 56
45 22
173 88
61 20
63 122
33 43
190 178
62 144
117 143
191 37
180 125
189 161
161 129
180 80
170 25
185 79
4 30
143 112
75 122
39 176
36 20
110 74
168 154
125 4
125 88
173 99
197 114
160 165
169 62
110 5
62 125
158 112
132 76
114 113
172 173
37 17
45 81
161 50
119 47
59 16
77 52
121 92
66 82
12 85
40 190
85 97
95 134
173 23
58 134
48 141
140 111
28 93
111 148
97 131
89 124
108 147
170 176
120 39
63 97
30 75
129 116
175 142
31 129
94 22
182 118
172 33
144 153
8 25
59 111
162 139
38 121
3 147
151 172
62 120
31 5
24 8
83 184
172 172
184 160
44 177
168 5
12 106
188 66
175 89
40 133
87 115
5 140
92 58
26 76
147 118
41 37
97 15
140 41
142 47
26 147
77 7
74 167
64 70
75 40
193 41
128 189
195 188
44 162
65 60
121 198
26 54
197 162
104 91
181 14
196 81
139 71
123 172
5 36
117 64
89 63
113 39
117 12
80 135
42 110
82 128
139 87
78 11
130 114
43 128
171 69
105 32
103 92
21 100
181 74
49 47
178 176
47 146
0 8
51 108
18 183
148 166
61 149
12 88
104 184
16 40
57 25
74 79
164 90
1 40
125 42
6 48
104 48
73 61
1 45
151 103
55 117
65 71
61 107
67 179
148 143
154 71
90 80
31 39
59 168
71 122
155 12
13 152
181 160
117 178
158 32
32 162
117 78
19 121
142 86
49 9
69 96
167 56
39 154
151 139
34 42
94 88
134 191
163 185
29 197
72 151
24 93
9 172
1 28
113 134
128 190
14 70
120 132
179 37
136 133
127 187
79 165
35 186
169 163
60 23
198 56
144 53
35 166
52 64
34 158
73 143
69 81
122 76
113 66
153 105
156 148
49 77
147 8
197 60
145 179
39 124
103 195
57 29
128 195
31 21
21 64
104 21
123 110
95 78
59 73
167 91
184 27
26 80
134 127
2 114
104 139
0 82
85 60
90 152
193 156
26 28
85 8
58 139
176 41
142 146
114 49
37 116
4 11
12 71
43 145
62 142
180 63
121 107
173 54
112 153
3 150
15 4
115 132
87 73
48 162
178 160
4 190
80 123
166 195
118 71
108 46
91 174
58 89
106 190
61 134
96 62
187 75
164 60
163 123
4 175
29 78
76 123
7 20
125 159
20 58
109 68
16 89
23 165
59 24
153 44
79 27
128 92
81 63
197 175
191 166
35 129
65 92
116 0
159 190
43 177
174 156
183 51
118 196
34 119
36 66
148 139
86 27
62 54
135 156
34 45
191 90
192 43
146 92
7 151
125 105
175 74
115 3
133 28
84 3
168 78
78 58
39 103
164 168
188 148
166 156
186 190
139 140
67 53
109 31
197 139
71 130
86 184
122 163
62 32
28 186
103 117
34 198
115 12
181 28
164 74
136 90
32 182
121 170
87 35
22 106
130 132
192 148
163 165
164 188
118 167
60 174
130 131
160 57
44 13
152 112
16 161
144 154
188 77
71 87
177 124
110 189
11 123
24 132
120 5
1 64
30 55
48 123
94 64
122 16
68 107
64 108
114 81
56 68
44 151
2 111
157 49
85 154
191 74
108 86
69 50
0 66
91 170
62 1
33 86
116 78
165 148
25 9
48 101
137 183
53 42
15 10
130 162
195 99
76 40
174 105
156 145
151 24
11 33
123 133
150 11
73 59
137 58
16 3
27 54
180 189
195 12
64 145
155 93
12 28
35 154
188 4
132 105
166 47
19 188
92 178
54 49
141 178
38 58
3 46
88 169
60 161
34 181
179 86
149 33
57 84
197 175
173 60
88 1
175 185
189 149
157 45
124 135
108 142
170 80
126 183
61 14
173 80
59 192
116 169
35 180
114 186
168 160
28 137
108 17
93 162
134 152
122 91
158 32
163 145
102 170
61 52
72 90
113 186
87 174
189 125
128 23
128 3
48 176
44 14
177 61
197 151
39 116
137 1
147 184
71 108
152 60
161 156
95 128
102 175
185 126
161 64
146 18
16 66
199 105
14 96
67 161
161 55
62 192
82 11
187 181
172 24
187 71
27 111
130 170
183 47
116 44
88 55
4 196
96 5
172 125
6 65
96 21
173 47
72 135
32 51
69 21
195 26
136 142
6 21
187 143
175 156
174 171
70 4
18 86
47 195
35 47
136 188
178 69
80 147
115 0
118 162
129 91
14 126
63 32
179 184
124 98
16 30
101 134
199 8
156 43
58 184
169 132
82 108
112 172
89 14
9 148
99 61
45 139
168 78
181 144
71 136
62 113
55 140
82 138
167 109
166 59
146 41
102 179
158 25
60 32
141 87
72 191
145 129
170 177
194 101
58 195
27 182
115 180
150 43
65 105
23 63
86 166
88 105
192 31
150 157
197 99
77 194
4 96
128 98
64 108
3 79
19 50
43 171
74 37
128 144
158 78
115 73
124 161
34 81
84 28
30 171
62 141
162 120
147 193
98 12
24 172
156 18
56 46
128 178
66 100
162 108
86 196
139 180
79 5
30 147
198 95
80 187
17 131
160 25
124 15
95 115
168 162
62 109
46 126
35 197
64 86
80 103
138 128
132 25
165 144
34 128
161 96
17 101
34 33
86 151
32 109
135 130
78 6
59 160
43 76
104 193
119 167
130 90
25 46
174 47
169 81
122 117
102 134
142 94
165 26
138 131
117 148
143 94
191 95
105 7
117 89
121 151
164 102
89 158
59 199
115 57
6 103
19 70
7 49
6 58
40 133
58 44
9 84
115 92
54 183
13 1
43 1
96 154
122 119
87 131
173 10
117 98
172 63
142 97
68 46
11 13
145 66
120 108
21 101
44 138
3 12
132 184
97 112
91 174
158 62
74 57
168 30
33 157
34 101
151 94
155 13
85 90
37 165
57 186
18 18
109 179
143 165
131 184
67 94
147 169
157 110
183 118
149 43
168 38
98 21
28 109
25 1
66 28
100 189
2 16
40 145
18 151
75 72
170 18
128 103
51 176
105 71
143 12
57 41
31 47
94 164
17 113
131 159
160 17
196 183
161 145
169 127
40 14
19 2
86 4
107 153
37 188
106 21
44 75
66 124
23 180
171 154
89 118
24 43
67 30
167 7
81 149
160 47
116 36
96 25
80 144
33 31
133 88
193 167
137 197
30 195
105 178
78 90
15 67
115 198
58 172
54 27
98 133
31 91
128 118
99 156
171 113
126 85
92 181
43 155
28 185
38 28
28 56
114 88
131 84
161 32
129 133
51 137
176 114
81 193
168 69
148 105
32 7
171 147
162 121
161 183
148 137
192 187
27 33
155 191
45 11
185 174
157 176
63 8
0 163
56 32
85 82
145 154
197 188
106 157
121 174
188 33
116 64
20 195
33 177
99 84
129 46
189 26
72 141
70 8
196 102
72 106
94 1
114 152
111 185
195 179
93 16
35 185
165 86
78 59
68 79
105 9
119 78
194 156
173 13
154 164
35 27
85 51
32 29
124 38
99 9
45 161
6 183
50 68
136 64
151 53
122 37
129 164
190 88
168 26
45 147
8 139
163 26
36 110
144 44
69 142
32 195
163 108
105 57
128 20
84 141
121 122
179 5
179 27
46 47
117 147
39 25
71 34
158 10
176 136
24 132
127 42
44 134
86 171
7 114
163 110
102 10
115 69
93 148
199 17
164 97
19 83
193 97
48 190
102 143
17 128
179 93
101 172
38 171
165 34
131 151
196 13
185 122
69 93
32 6
156 62
57 19
102 152
21 5
171 152
16 30
11 17
166 8
116 41
6 47
69 113
99 73
18 199
39 134
6 166
13 191
65 116
64 11
120 21
33 167
24 30
61 137
180 185
73 75
67 112
135 74
136 26
167 47
146 120
43 44
5 0
140 31
30 170
193 123
87 141
163 140
86 98
109 124
56 151
188 3
163 85
199 28
72 101
142 12
159 178
85 96
110 99
4 193
40 82
153 31
94 138
121 111
186 40
83 189
53 162
62 44
30 8
1 151
158 116
181 177
176 167
49 112
138 193
186 106
197 189
144 56
95 22
42 6
121 49
77 157
165 189
128 193
40 147
15 73
37 196
140 1
175 163
118 12
88 21
33 185
161 11
134 50
99 19
66 164
108 110
145 42
118 109
177 113
81 9
195 137
196 46
46 31
184 138
43 189
195 137
87 93
100 32
178 42
159 158
79 10
100 31
24 121
1 55
144 85
83 3
2 55
192 137
33 104
100 176
19 150
19 70
38 46
145 0
118 137
126 48
14 106
133 12
88 85
68 81
81 80
41 90
49 188
159 11
88 58
149 180
67 49
198 127
151 171
36 93
67 70
26 179
26 152
90 185
164 108
186 16
62 141
124 183
99 119
175 22
5 133
3 25
100 135
174 193
100 60
85 8
184 198
116 48
127 65
187 15
55 109
31 182
9 199
23 79
158 114
192 150
68 30
18 43
124 172
9 131
139 172
160 74
77 105
197 8
103 151
104 81
156 96
119 117
107 152
187 22
4 21
47 41
28 85
115 4
118 190
29 167
69 162
34 183
16 38
70 90
56 157
42 123
56 160
36 141
146 104
120 132
87 108
136 36
83 156
31 134
57 97
124 157
1 91
196 40
129 30
94 127
14 85
160 191
109 85
177 122
199 51
167 60
113 126
145 178
90 89
168 167
168 155
109 135
135 198
149 133
65 78
15 165
20 113
125 26
180 127
112 75
87 43
175 166
173 69
115 130
144 60
15 53
170 97
119 165
156 82
170 144
158 147
166 117
159 49
100 23
175 26
95 106
131 42
190 40
174 57
167 195
82 159
161 63
58 65
8 21
186 24
163 0
28 25
70 89
6 164
35 147
72 139
8 19
68 89
199 177
128 108
149 180
55 83
144 72
143 114
151 111
1 153
73 115
11 126
136 42
23 26
21 111
169 93
103 120
160 131
113 58
189 67
162 138
47 5
41 140
48 178
126 111
72 102
160 77
48 1
17 162
153 60
178 199
22 41
134 121
175 31
57 194
182 161
92 168
70 199
72 96
1 100
21 155
198 55
109 72
150 89
160 7
191 12
34 139
18 31
76 196
43 194
137 97
103 68
26 59
77 125
157 100
37 110
68 176
188 161
195 76
105 174
162 88
93 125
165 10
34 155
103 16
138 120
191 13
46 95
145 42
164 141
182 165
175 171
174 62
169 88
194 150
182 45
24 197
192 115
66 15
31 45
49 87
188 16
41 80
133 119
11 84
169 138
72 118
20 42
193 56
147 40
117 161
185 143
199 107
186 94
35 76
60 133
116 151
168 147
164 71
140 116
141 168
24 80
165 65
75 130
173 166
95 143
58 9
60 16
2 122
30 46
140 8
96 103
147 56
177 23
163 146
176 108
18 27
88 119
59 159
6 93
129 150
113 44
101 40
166 60
167 115
86 166
135 46
169 65
94 74
190 39
129 188
141 112
89 115
133 73
113 55
86 173
73 58
185 77
157 171
147 52
199 104
9 160
148 153
199 124
118 2
65 71
129 127
124 138
104 1
55 171
32 139
45 22
154 179
109 126
54 198
130 178
67 176
144 136
131 54
75 168
23 63
8 14
131 102
55 174
62 175
74 168
115 39
11 9
199 184
197 35
24 120
141 21
168 86
86 156
8 74
17 163
96 18
133 69
117 188
135 167
66 0
0 179
29 37
106 84
173 23
133 144
164 3
147 192
9 133
96 63
71 25
125 79
149 76
96 20
35 120
66 135
2 1
63 173
55 21
62 128
196 151
183 69
135 147
161 135
190 195
39 189
94 147
8 2
15 49
145 22
137 4
73 157
110 182
107 199
18 21
112 80
85 78
96 8
12 58
186 16
130 15
195 75
124 56
127 123
189 112
86 55
90 26
28 189
122 181
178 125
146 100
33 50
164 183
178 117
28 128
26 125
124 130
140 126
25 63
115 137
154 7
137 121
33 121
193 86
59 184
127 134
110 171
62 148
74 119
66 93
78 118
177 166
139 174
83 118
150 73
179 180
172 148
168 86
95 45
25 178
155 61
167 139
131 97
14 153
102 62
114 31
63 66
99 77
164 59
51 18
91 36
73 114
92 18
75 119
115 153
177 153
10 168
97 156
78 111
53 74
8 93
134 44
103 163
64 167
144 8
125 32
103 170
179 164
76 162
33 113
32 42
100 146
4 146
116 155
81 70
64 69
149 72
121 12
117 103
192 146
93 187
27 150
89 155
51 154
151 64
74 25
11 51
114 193
3 153
37 130
42 3
97 1
165 54
118 62
171 111
58 102
0 97
116 73
145 86
173 53
188 99
44 24
14 85
149 163
41 143
186 18
115 189
63 91
123 179
194 145
21 167
87 194
112 193
52 179
145 57
33 83
12 126
27 58
128 151
164 30
18 175
49 168
42 79
17 42
144 157
1 104
6 134
135 131
5 23
191 67
174 176
154 62
127 170
22 101
18 117
16 106
148 64
28 79
140 40
45 182
16 83
43 151
122 174
8 33
192 186
147 162
43 29
195 20
45 66
165 68
96 45
110 116
98 181
131 151
89 32
75 193
193 3
49 2
190 112
189 195
41 56
158 158
40 45
147 92
129 125
23 83
44 189
109 70
50 3
142 3
132 135
26 80
53 167
121 178
111 124
20 84
67 82
126 45
92 188
71 179
142 77
198 152
74 111
63 53
41 175
167 63
17 30
86 75
183 119
130 72
22 64
132 79
192 34
40 187
97 174
101 173
9 50
151 101
46 127
84 60
82 187
183 130
11 28
161 151
73 160
182 0
44 97
47 29
144 54
73 127
120 119
105 99
7 103
135 6
102 71
124 75
156 186
108 62
167 86
175 81
18 82
69 168
113 143
49 31
144 198
24 101
80 150
44 29
158 4
133 91
160 80
174 149
161 26
78 172
16 71
44 38
124 146
128 148
105 115
31 6
23 51
89 101
37 22
138 178
153 55
12 75
158 2
192 188
173 132
182 196
191 76
98 116
86 16
127 198
108 7
153 182
130 78
115 123
8 21
173 19
61 44
182 131
30 133
34 194
38 103
109 139
55 26
152 187
195 70
88 68
188 128
82 27
78 140
99 28
142 89
137 129
79 13
148 70
16 45
34 154
90 93
69 188
172 144
71 94
197 10
189 73
36 196
191 29
11 113
82 102
89 16
114 109
150 77
12 123
140 192
199 123
3 184
90 80
181 80
62 166
195 156
170 158
193 194
169 62
66 123
141 0
156 82
95 81
82 83
44 177
31 5
70 63
163 195
5 180
114 160
13 122
195 49
95 169
177 30
3 140
93 171
141 182
147 189
195 104
192 14
2 8
11 180
142 175
40 178
36 140
150 71
9 168
112 122
154 177
109 32
87 64
143 190
108 85
14 191
6 78
94 103
86 56
121 156
172 50
170 26
39 106
41 119
89 68
137 185
135 112
35 35
37 121
109 62
88 45
56 151
20 145
80 192
158 55
142 113
63 24
180 2
182 85
91 34
84 67
151 150
121 58
115 33
29 117
15 114
175 34
136 195
55 38
27 37
133 131
98 184
3 123
133 63
135 98
87 186
147 198
25 68
185 88
17 199
183 118
66 100
0 25
175 100
140 69
110 66
181 57
55 77
193 197
178 74
107 5
142 127
127 122
62 179
155 83
51 166
16 144
129 154
144 179
99 34
41 8
82 107
15 154
132 154
139 146
131 181
57 74
66 33
34 196
117 167
63 139
196 163
76 171
18 116
135 146
55 17
173 151
44 5
128 8
118 140
21 63
124 15
110 176
11 77
129 93
88 69
158 75
0 8
157 27
130 140
89 186
116 21
161 195
19 96
136 116
64 197
58 3
4 62
167 107
146 87
0 28
37 86
23 126
160 163
88 15
10 15
118 118
80 184
82 152
96 151
78 150
13 153
44 105
47 128
58 125
130 113
134 91
101 20
24 9
119 180
2 47
128 66
5 145
110 94
86 100
34 148
108 187
40 81
77 96
196 159
74 129
79 194
144 118
88 58
109 181
25 133
53 121
134 145
45 57
13 133
80 196
64 141
35 134
46 86
181 177
120 23
193 3
186 5
183 154
90 160
11 120
79 94
57 165
83 64
101 128
125 189
168 99
154 15
171 119
193 199
58 160
173 132
7 110
28 12
76 117
118 123
10 1
22 164
70 82
61 71
26 82
2 15
156 79
43 184
124 30
192 113
80 129
64 146
47 124
120 30
136 128
180 11
77 151
191 90
64 141
43 71
154 85
80 32
59 191
108 97
135 187
148 167
90 78
41 19
143 183
57 179
7 114
106 198
55 129
104 175
155 184
118 142
115 135
14 119
179 69
184 145
37 136
39 119
136 58
77 1
96 166
192 104
181 94
31 143
133 113
178 107
182 71
49 14
123 153
103 166
192 9
193 182
170 139
32 160
158 81
47 182
127 161
173 67
180 68
85 159
21 21
120 115
166 52
63 147
155 190
63 118
186 185
30 56
148 49
163 94
96 84
22 5
93 55
161 41
96 54
138 9
37 17
139 129
0 84
85 21
52 147
49 158
48 39
9 109
54 26
181 186
122 150
108 73
33 136
39 174
112 184
79 27
31 178
46 72
37 136
79 81
182 94
58 189
89 176
76 25
56 14
177 98
175 111
145 43
153 161
98 41
66 129
83 195
99 77
76 185
106 52
151 111
70 128
80 149
199 42
50 161
104 4
182 11
185 134
197 120
82 196
85 22
101 143
55 92
73 129
113 45
158 165
65 171
120 63
196 132
106 137
115 44
96 140
72 190
175 152
97 93
162 61
94 74
34 127
11 187
38 94
18 5
45 75
131 183
0 112
36 193
75 31
151 104
150 164
65 141
33 58
67 119
183 141
116 13
11 199
42 162
15 57
96 103
28 172
147 171
48 168
32 87
192 129
87 137
49 55
64 3
67 164
176 16
65 73
165 126
169 164
92 99
62 150
0 0
88 153
19 115
118 187
198 131
139 153
21 76
100 136
124 7
180 124
90 161
152 176
97 198
77 111
114 150
6 117
162 104
151 55
110 177
36 81
151 3
37 196
136 116
57 5
106 100
152 30
32 163
187 132
19 163
68 79
96 154
54 27
65 39
76 14
186 83
191 47
190 156
103 128
36 95
79 8
170 82
150 183
166 11
71 15
8 110
153 156
5 99
66 105
39 177
199 166
69 185
49 49
93 169
168 101
4 192
66 103
35 52
20 108
103 7
77 162
5 186
64 111
167 54
90 63
52 154
153 93
0 33
182 140
95 172
192 183
185 79
148 17
168 62
47 18
35 169
32 97
125 131
79 20
56 34
86 67
148 179
88 107
111 52
130 179
70 42
77 110
168 68
117 89
48 191
34 58
153 48
128 102
132 77
91 27
15 191
7 58
53 24
130 134
1 4
179 132
151 74
49 186
175 108
95 152
88 22
193 162
84 73
130 83
37 21
131 20
42 117
188 147
46 18
19 109
80 110
0 135
162 58
172 130
23 49
63 25
42 195
6 137
120 83
100 30
191 55
134 76
141 31
119 30
79 175
41 198
133 23
193 141
145 162
77 123
199 92
132 94
25 89
165 165
24 94
188 150
174 108
33 188
27 199
194 196
74 23
158 36
160 2
88 65
159 69
38 0
121 70
72 70
177 105
135 132
78 197
170 96
176 132
14 54
63 100
78 46
89 70
124 158
50 50
79 11
102 59
46 60
115 9
27 145
98 148
96 162
196 129
166 96
67 41
158 188
56 84
91 199
149 172
197 153
104 112
144 76
127 170
180 92
193 89
163 32
90 185
6 92
189 92
155 190
73 21
164 22
82 108
108 197
88 108
199 192
47 76
29 163
65 188
125 66
54 56
186 159
21 187
59 129
195 42
108 16
44 156
42 63
70 114
135 189
139 94
132 86
57 102
196 111
108 100
181 114
179 18
77 123
14 90
58 37
160 1
85 5
60 134
54 96
134 117
196 86
23 0
170 86
109 22
192 135
122 80
80 174
141 184
24 20
143 193
194 185
65 149
108 124
17 121
89 154
169 6
152 45
186 146
40 189
63 42
143 6
177 183
101 93
90 11
117 106
31 176
107 1
157 33
112 38
135 77
199 119
133 118
120 68
116 82
48 77
98 26
85 189
59 14
39 58
79 158
123 9
78 190
187 103
183 98
32 80
177 14
98 6
192 83
162 66
19 7
4 91
14 106
74 168
188 42
2 16
39 120
68 133
39 8
102 40
27 43
114 178
166 118
59 157
183 38
17 155
174 30
124 91
149 27
124 10
166 113
195 55
130 152
195 186
119 131
181 138
160 189
46 166
102 146
21 50
6 40
53 171
96 93
197 39
91 112
53 40
94 161
27 188
73 104
153 29
59 34
143 165
138 42
70 5
80 198
187 10
23 29
168 42
41 38
77 62
10 97
21 107
20 5
21 130
91 20
142 29
51 173
188 124
8 56
164 21
31 54
40 119
154 73
17 115
38 184
192 174
23 97
115 38
29 48
1 4
33 39
155 90
158 20
116 34
112 173
66 75
146 25
134 84
96 75
89 145
190 193
138 80
68 36
128 82
143 3
178 68
196 58
99 94
180 117
35 112
49 181
34 152
35 32
117 117
140 99
43 66
199 39
85 82
153 54
189 181
91 129
161 104
54 189
158 199
184 120
5 19
148 24
1 73
127 16
43 45
126 90
118 187
28 116
147 9
0 34
100 21
35 193
7 18
23 52
188 85
100 183
81 8
97 124
130 128
71 12
110 31
28 22
3 173
91 119
73 199
79 95
176 68
49 8
32 11
114 32
33 149
157 8
104 1
3 48
97 114
106 178
150 160
155 192
98 17
179 142
37 62
172 149
42 31
96 152
88 141
1 17
60 115
111 29
131 63
177 77
92 131
63 56
74 84
135 165
53 65
154 86
54 53
106 198
47 159
21 54
57 109
112 184
86 157
77 2
146 187
88 115
142 111
178 140
149 142
73 92
164 197
150 13
103 73
158 64
105 130
155 169
89 73
94 181
88 55
198 150
182 18
189 126
115 124
26 133
69 35
59 79
189 185
118 17
152 86
118 146
150 13
110 50
116 10
6 171
109 95
67 102
183 18
84 84
129 25
82 124
83 54
98 163
176 56
27 8
5 81
42 67
151 27
181 14
122 175
40 23
190 47
156 33
177 72
18 53
58 73
124 16
194 25
23 27
79 175
139 145
6 186
53 170
100 163
66 173
113 160
25 171
135 159
19 166
176 33
94 128
167 7
149 20
63 1
52 81
109 189
26 171
37 18
100 173
84 174
151 59
129 114
180 190
172 157
111 70
137 182
140 50
108 29
8 151
165 183
172 151
152 41
42 143
133 104
79 178
27 95
98 173
84 137
186 62
83 58
131 108
107 34
161 191
112 158
115 103
58 174
62 123
144 193
75 49
146 180
132 189
121 138
188 38
57 55
154 127
104 122
31 14
103 61
61 110
150 101
44 26
10 52
106 113
84 48
185 65
155 131
159 77
2 54
35 129
83 40
132 155
167 110
148 146
199 97
5 123
94 59
169 31
145 154
135 11
56 57
86 19
97 123
38 8
92 195
4 169
2 114
2 194
25 2
55 107
65 1
193 64
195 161
41 114
67 12
144 135
92 93
87 174
192 49
66 19
25 151
196 31
80 156
96 134
30 105
23 10
41 77
53 97
84 103
172 180
188 98
6 88
33 62
80 48
33 150
135 103
37 114
168 185
9 96
132 81
13 97
48 109
185 44
144 157
7 83
104 101
199 2
173 29
109 31
151 150
3 140
162 179
34 180
133 189
53 177
164 90
57 48
136 194
28 162
193 30
49 145
18 196
197 70
75 76
23 97
99 153
186 80
195 28
199 25
10 95
115 61
106 199
6 115
95 112
48 9
39 171
147 16
108 133
95 75
153 98
141 159
149 16
65 111
189 143
199 126
178 138
64 51
173 16
154 168
96 56
137 65
104 117
38 73
59 16
58 187
118 85
46 82
144 39
199 110
26 182
161 126
90 52
11 164
95 6
23 20
66 10
145 86
9 114
142 128
129 83
33 121
43 129
15 141
37 82
137 192
68 51
62 104
93 179
192 165
10 134
64 30
17 127
83 60
99 28
166 50
90 89
196 97
70 179
155 149
58 174
84 145
118 26
73 53
149 79
54 108
194 69
116 14
91 186
14 28
60 10
9 183
127 98
53 116
177 155
114 46
104 37
140 6
149 193
46 163
34 150
162 47
54 194
36 6
153 115
196 80
10 183
131 178
30 112
21 12
74 106
179 13
72 172
81 8
96 157
127 76
125 101
136 67
144 73
193 27
14 53
129 102
1 155
130 143
165 115
171 161
38 160
123 180
14 5
108 161
3 91
96 150
106 89
93 175
34 59
52 144
70 22
118 144
127 178
173 131
3 56
74 12
188 19
191 186
118 48
118 133
129 131
179 18
114 70
96 81
196 128
175 98
162 58
182 19
22 5
179 42
128 123
133 137
57 64
90 198
176 99
179 11
182 151
22 33
155 191
7 87
34 59
55 103
8 41
154 69
97 32
146 1
43 50
79 78
113 69
9 159
166 100
100 171
2 118
57 51
89 93
67 175
29 161
156 161
1 136
120 84
141 27
0 15
190 101
159 151
64 139
195 44
44 51
62 166
81 40
94 175
88 181
111 125
30 193
134 68
169 72
183 145
48 136
21 164
161 154
165 119
66 179
153 86
158 86
87 135
71 105
178 1
127 174
28 184
188 120
174 64
88 117
90 145
68 14
89 90
43 52
162 4
171 133
193 185
75 119
152 36
170 58
180 52
78 44
12 26
59 73
158 66
56 119
82 132
195 194
131 18
19 60
172 146
123 33
194 128
198 44
97 96
115 23
186 80
179 66
154 27
47 154
74 12
132 108
4 59
100 166
0 130
71 74
78 128
154 187
87 149
96 179
174 90
155 138
40 145
161 191
34 87
165 117
147 124
69 165
44 56
165 126
158 160
76 57
25 142
170 54
30 72
157 173
5 5
24 25
149 43
178 94
78 35
26 14
79 152
10 42
88 148
14 71
10 74
160 183
166 166
52 48
10 123
187 5
27 141
133 28
167 72
178 14
29 154
183 194
21 14
107 196
143 64
140 197
9 19
174 124
29 93
160 142
40 118
111 64
148 170
16 141
67 151
141 51
39 189
175 131
95 92
180 167
101 78
11 164
127 85
142 12
65 163
137 21
91 45
108 29
115 16
0 32
176 137
34 21
147 59
152 175
11 197
152 194
152 75
63 190
165 94
81 129
122 12
197 180
172 29
13 41
135 177
91 110
27 107
38 70
138 3
108 132
183 9
40 182
122 158
37 25
38 23
156 158
101 18
179 41
164 51
158 148
134 5
69 59
177 186
111 13
4 9
87 4
132 75
167 169
138 75
145 153
35 143
119 1
4 100
84 59
195 145
84 75
16 41
139 121
191 169
33 136
31 56
2 24
28 172
96 93
40 159
193 157
158 190
144 130
152 99
80 192
7 146
95 98
64 170
5 144
141 161
60 67
52 184
135 21
23 94
45 127
122 67
118 10
93 139
16 23
46 50
24 181
54 84
13 161
0 143
141 165
149 11
152 126
2 98
0 22
149 197
106 17
32 57
130 159
121 138
139 183
11 162
71 142
153 178
30 198
170 83
64 19
173 31
162 64
116 57
95 128
54 148
118 9
63 86
76 54
57 91
150 173
170 171
50 133
178 14
82 124
109 72
59 104
172 10
21 132
119 160
110 50
44 183
30 121
70 87
13 142
158 188
171 106
23 65
4 122
4 40
146 192
122 58
138 33
185 155
116 55
121 161
39 64
185 127
41 175
117 128
167 88
20 148
147 111
92 162
108 113
122 67
193 191
67 57
92 59
127 140
38 192
49 172
182 177
74 31
12 184
82 76
1 32
26 162
198 181
78 62
98 185
3 138
105 8
24 179
108 191
74 125
88 189
83 23
70 154
82 81
44 39
59 131
187 165
160 106
193 125
38 178
72 152
177 163
3 119
179 41
162 174
169 59
65 57
171 4
39 7
14 159
50 93
78 78
145 32
144 85
172 184
77 96
91 83
103 8
161 152
79 68
102 164
76 91
34 192
21 86
7 133
164 4
20 24
114 190
104 71
48 108
140 31
65 193
63 45
80 65
183 146
172 167
36 161
2 189
73 50
152 109
125 65
136 190
143 120
89 125
193 17
152 39
110 178
134 58
121 31
124 54
154 163
187 128
110 126
60 132
192 177
102 123
53 124
50 43
127 137
6 170
115 89
35 31
131 95
50 155
143 18
88 141
175 174
93 126
114 20
26 21
49 161
50 166
18 0
52 163
20 41
143 47
20 65
62 126
94 127
163 175
107 46
191 13
38 45
134 67
120 195
50 57
115 121
189 121
167 176
80 126
180 151
156 125
150 28
0 1
79 24
7 58
131 25
30 133
109 75
172 97
63 60
175 113
16 96
51 112
170 20
83 147
153 107
100 67
116 123
145 147
77 130
166 98
53 187
14 121
185 193
129 72
135 89
75 88
74 128
53 59
79 60
94 62
101 86
159 81
40 59
68 18
65 40
169 150
9 20
34 196
65 63
163 47
164 29
30 137
79 22
167 131
170 15
30 133
15 169
25 178
197 179
193 197
1 145
60 77
93 170
73 142
117 16
29 168
193 117
5 29
129 47
54 20
107 130
20 138
20 114
103 61
85 41
198 3
108 135
51 79
94 194
199 75
95 187
5 88
173 9
57 25
160 94
151 171
165 139
83 24
169 18
4 106
152 73
122 52
100 190
148 93
141 18
49 25
150 4
90 178
52 187
154 110
134 183
179 177
106 163
45 154
12 107
0 41
10 113
126 165
110 104
77 183
81 100
99 171
178 62
56 22
156 187
147 22
94 49
24 47
4 70
32 148
188 192
89 62
22 82
106 47
186 143
97 41
187 104
38 99
116 173
48 191
198 81
54 57
117 84
55 136
83 128
129 56
107 12
158 11
137 111
98 94
33 180
59 89
140 63
174 96
9 63
86 192
54 70
196 53
108 157
177 191
192 86
44 87
5 165
122 111
194 6
158 34
89 123
43 73
83 149
110 53
31 49
71 2
12 99
189 102
15 198
70 95
92 148
11 109
41 70
118 194
55 186
144 177
120 135
163 14
10 163
111 61
185 58
0 62
137 44
103 178
85 27
196 108
163 93
153 184
35 186
74 97
90 64
104 190
21 188
10 7
39 106
180 93
34 26
180 76
168 61
50 37
137 35
197 177
145 157
155 153
76 64
15 28
139 91
7 43
114 48
7 6
20 92
137 137
94 85
171 87
38 46
63 126
17 18
195 55
179 41
126 130
20 110
5 67
158 172
174 83
98 165
48 24
198 14
176 168
22 69
59 97
149 12
73 78
160 33
71 142
172 64
77 65
19 87
167 65
199 95
101 33
78 147
112 177
101 39
64 172
91 125
90 104
69 0
4 8
29 194
109 103
21 171
31 35
158 31
5 54
90 42
8 196
2 190
143 47
175 166
72 40
58 45
58 23
150 164
44 97
100 141
11 142
19 191
188 42
101 64
183 49
37 172
153 155
22 197
190 168
6 51
182 142
163 155
133 149
27 195
113 144
112 94
18 126
182 139
139 120
184 32
79 6
176 135
115 121
101 160
172 118
71 75
81 29
191 174
174 90
183 16
32 81
153 124
143 56
164 157
136 8
152 106
25 84
148 169
41 56
26 126
23 77
114 175
85 150
45 76
87 139
5 190
100 29
104 52
164 165
167 175
10 90
178 193
53 72
183 85
75 80
163 62
160 178
19 72
196 43
189 198
78 92
53 37
4 11
49 0
27 4
177 35
49 156
58 60
74 177
120 153
179 68
155 36
198 100
42 180
145 183
41 36
106 183
20 181
34 35
68 167
81 15
44 55
168 91
138 13
97 1
35 161
30 168
142 186
72 128
50 44
91 47
38 49
139 155
94 87
112 179
160 113
115 153
7 71
78 11
99 95
185 15
186 74
156 89
185 11
86 175
162 94
159 138
144 138
100 107
134 173
30 93
64 155
108 130
29 172
122 194
66 139
87 35
12 173
101 62
115 118
93 72
139 169
178 145
24 44
8 29
10 70
194 34
161 36
193 27
45 82
88 24
173 175
112 164
75 90
197 135
48 93
79 169
35 100
52 168
38 192
180 184
35 65
132 188
125 188
94 61
163 52
33 165
81 69
15 129
70 31
112 75
15 180
156 163
153 117
21 45
92 21
132 193
32 174
36 110
155 111
192 152
172 146
179 192
5 91
111 64
194 131
67 71
90 75
17 30
41 128
162 153
79 128
108 69
48 118
162 136
81 158
76 158
79 3
124 193
36 136
115 127
153 102
63 176
47 113
68 160
1 186
180 33
135 43
172 199
135 180
69 145
38 155
96 137
90 166
38 19
184 11
199 143
3 64
163 35
75 188
155 127
13 64
31 26
84 127
89 29
199 138
193 124
90 176
147 53
7 69
107 79
48 110
33 17
22 43
180 153
82 165
116 57
22 62
113 129
152 110
174 126
43 81
77 123
128 103
74 24
54 86
82 196
126 21
45 13
29 119
115 191
84 154
48 85
45 182
71 151
79 139
32 146
79 97
30 141
54 1
68 70
147 30
67 8
191 137
187 94
174 52
175 86
151 58
29 179
182 10
122 58
82 152
184 38
96 158
55 121
139 85
174 45
182 114
101 90
42 161
42 77
144 169
74 147
140 80
132 185
151 148
71 106
145 154
186 6
87 111
66 51
40 77
59 32
82 97
198 15
15 116
181 141
43 36
72 98
20 112
187 113
95 25
60 4
63 7
118 121
38 190
55 69
170 134
146 119
124 141
101 189
196 18
86 8
98 9
124 109
103 145
61 108
166 34
194 143
78 63
134 43
35 77
184 177
82 154
40 63
108 68
17 52
192 67
158 4
132 6
189 53
139 131
40 74
100 68
184 80
193 84
82 137
51 67
146 102
197 198
130 35
74 169
199 137
151 27
187 109
198 150
177 58
107 129
149 56
169 12
5 148
161 6
197 87
146 135
196 44
137 109
30 171
35 30
56 194
123 3
30 80
54 131
184 44
0 92
46 55
165 184
118 49
193 160
144 172
140 165
78 30
15 168
37 90
181 190
164 124
76 130
31 168
197 89
139 23
10 173
78 80
117 46
193 58
17 1
96 5
106 60
81 143
30 109
53 152
198 38
104 196
171 21
123 2
34 148
99 166
178 162
155 33
47 155
29 102
76 45
147 133
151 38
172 36
50 36
31 87
34 88
37 142
193 108
112 48
7 49
68 137
182 18
79 3
123 148
199 131
101 125
65 126
26 133
10 98
131 98
128 6
57 74
126 69
128 175
68 101
19 124
0 71
119 94
11 105
186 143
21 178
170 47
188 10
73 108
149 48
73 29
41 63
38 62
79 126
181 86
162 137
116 47
172 117
196 178
96 172
35 121
73 172
158 102
136 122
15 163
128 6
129 182
183 194
71 60
86 192
51 100
40 19
142 50
126 132
26 154
112 17
153 46
165 15
76 190
9 62
140 138
15 130
47 189
19 81
52 15
36 195
80 131
157 39
134 169
64 117
96 27
58 122
180 38
96 193
65 170
194 39
135 132
2 66
26 78
6 35
194 111
16 156
30 145
99 129
125 23
119 56
48 190
22 188
112 89
69 186
98 28
69 143
153 159
117 106
134 62
92 85
175 21
16 62
65 0
196 156
82 181
19 4
144 15
194 181
113 25
182 50
80 131
132 26
128 133
148 42
142 12
1 168
41 162
42 42
182 140
123 125
65 162
180 112
57 180
98 31
58 105
32 146
104 11
194 151
46 111
146 60
115 167
52 57
152 48
46 121
121 88
38 168
197 17
107 19
31 188
90 102
104 139
8 88
30 114
154 120
158 44
150 8
95 36
151 100
146 28
180 195
48 61
162 152
155 146
38 138
135 130
36 141
137 62
42 12
61 65
72 66
178 188
178 26
185 45
154 91
127 156
112 195
42 44
116 115
95 141
68 11
155 53
148 50
198 72
70 125
119 29
72 140
149 150
34 122
183 43
94 108
55 124
109 173
152 141
88 139
129 105
107 92
1 65
53 186
163 151
101 83
182 23
187 148
7 111
111 118
83 0
146 104
196 93
147 13
161 165
194 83
14 190
105 189
47 34
97 109
23 110
109 170
136 171
147 126
154 117
63 190
103 117
133 42
44 17
49 91
188 35
40 120
181 20
178 124
71 6
32 44
64 189
151 136
81 89
162 158
125 61
112 127
10 104
157 164
2 23
128 154
74 105
58 62
102 55
199 151
90 192
109 5
123 65
132 90
24 192
86 89
140 24
184 37
92 180
104 119
131 108
69 117
95 106
195 11
98 106
51 134
97 102
87 143
97 58
147 83
160 194
110 7
37 137
120 50
198 171
195 114
61 53
176 64
144 53
73 2
12 3
189 67
183 16
75 78
41 146
126 65
63 75
190 143
185 170
9 29
81 17
160 129
2 29
51 46
155 56
158 43
124 73
36 181
155 107
40 131
90 129
105 131
88 101
46 168
121 131
13 152
38 192
10 170
128 105
75 195
152 29
32 192
151 78
139 179
28 182
27 5
62 29
45 100
119 131
13 151
186 12
37 88
65 100
50 156
196 33
161 199
63 55
145 35
155 153
11 48
103 198
35 31
184 90
192 175
32 199
109 156
55 24
105 51
64 158
166 178
12 137
117 138
65 138
49 155
16 15
16 11
147 109
19 169
79 146
74 81
127 187
149 190
147 174
0 9
42 20
105 166
3 21
139 95
8 13
129 48
151 7
177 88
96 138
138 46
35 39
122 196
30 150
76 7
156 172
151 9
126 92
34 57
194 192
114 167
120 117
84 113
104 179
34 72
105 41
157 26
33 130
45 129
4 163
178 77
4 164
6 123
42 66
119 103
192 83
163 100
164 70
134 86
49 55
99 88
85 118
25 21
12 97
55 116
139 134
187 90
192 14
122 168
50 136
12 180
78 9
137 36
71 179
23 153
186 197
183 187
124 99
35 167
96 162
175 64
183 110
53 62
40 172
72 69
155 57
34 56
14 39
66 167
47 160
161 125
186 128
124 47
29 11
144 52
136 100
114 77
20 167
35 124
101 28
81 164
106 9
22 158
173 193
172 18
157 182
93 14
175 22
184 118
16 12
109 127
185 66
129 169
123 92
62 163
6 120
78 35
12 27
194 71
90 44
111 113
194 71
112 196
120 4
83 78
35 127
177 122
182 171
172 89
68 40
104 21
58 55
194 32
163 117
115 74
161 91
81 13
158 65
62 110
174 169
167 101
175 146
109 58
101 106
180 173
123 196
55 166
40 39
133 1
81 163
185 129
99 25
6 167
8 90
150 118
146 197
166 136
8 5
107 16
112 182
20 106
156 100
35 73
177 0
66 142
121 176
16 8
21 122
164 10
44 24
114 4
86 74
33 36
55 54
132 80
30 75
103 182
39 15
79 187
198 102
118 29
199 89
1 61
7 177
192 108
95 114
98 138
123 181
21 60
165 86
144 29
7 194
85 114
84 10
168 12
38 190
47 86
38 194
23 77
141 195
98 2
12 72
56 26
5 41
59 167
53 131
130 161
26 110
108 147
190 115
186 22
135 181
191 100
121 81
118 193
35 147
160 76
106 80
131 150
186 166
16 85
60 38
67 21
31 78
0 31
172 42
19 194
29 175
44 14
73 112
148 178
102 90
138 8
11 163
76 147
192 137
187 158
102 160
46 147
94 111
85 82
55 88
54 183
138 74
22 98
27 83
77 60
137 28
16 47
121 194
69 140
13 138
86 150
168 193
183 66
167 112
165 97
119 73
83 102
67 43
21 182
50 179
71 199
168 153
24 47
111 63
160 114
103 185
154 91
142 165
93 60
95 88
77 182
0 156
79 51
145 76
21 65
52 15
51 65
47 57
177 195
115 91
85 169
174 167
30 125
135 168
173 75
99 17
121 25
13 88
136 95
80 90
127 158
9 92
197 69
50 152
181 29
24 55
143 27
41 12
28 139
38 81
53 45
58 105
1 97
135 31
123 66
183 86
75 104
137 101
148 179
55 144
32 79
110 102
116 22
149 142
87 174
80 34
192 49
162 27
194 195
81 144
121 184
35 24
180 32
8 106
174 118
128 94
168 139
77 39
27 16
40 179
35 114
115 101
106 54
156 121
177 181
136 50
172 80
135 128
90 115
77 81
87 160
102 29
191 24
85 109
128 52
71 26
44 99
120 163
94 94
192 18
189 5
77 5
139 112
43 112
12 152
111 140
136 153
149 162
3 5
35 66
190 83
84 106
59 50
151 88
162 96
171 187
16 197
153 135
188 131
197 121
37 109
101 169
127 64
145 49
48 51
159 70
138 76
90 138
65 124
164 19
54 77
88 131
14 141
135 199
184 190
187 34
63 131
138 4
179 0
121 157
17 142
47 101
159 107
92 163
12 157
182 73
65 165
70 178
41 33
158 45
140 192
50 90
72 175
129 116
16 74
193 5
185 53
109 187
63 17
119 99
130 168
23 33
179 181
48 135
37 119
153 130
14 199
53 131
173 40
53 22
118 10
65 81
97 9
30 196
150 115
79 71
39 38
110 105
5 32
135 188
135 105
103 106
64 8
147 97
20 138
16 84
198 16
40 131
49 49
134 58
45 61
165 105
2 191
119 67
5 168
170 75
56 45
122 143
155 160
192 57
157 101
193 34
99 31
91 10
131 49
51 41
60 35
37 83
25 24
78 166
171 66
174 150
108 94
149 176
28 94
155 22
18 95
150 81
171 45
93 60
130 87
166 144
122 1
21 55
125 85
93 35
43 138
152 60
77 14
84 87
193 129
174 2
196 14
34 186
21 147
108 47
179 75
108 6
27 73
94 192
162 1
113 147
61 160
101 156
135 17
132 138
103 167
46 172
95 61
97 155
114 79
167 45
70 15
147 111
126 120
120 85
99 4
21 26
1 9
129 63
98 150
28 112
166 112
43 58
173 97
112 20
182 118
7 124
102 29
59 42
3 184
91 181
155 75
93 10
0 164
102 40
173 83
185 150
149 88
32 168
87 14
167 158
176 100
106 69
77 145
3 88
10 74
31 6
175 156
52 146
146 12
45 31
84 96
49 30
120 122
40 54
101 135
133 162
50 101
113 170
55 146
5 1
155 50
74 54
126 195
149 64
45 152
22 166
71 142
34 170
41 22
171 157
11 135
115 84
112 91
160 109
164 103
137 140
24 177
111 19
104 185
169 153
87 174
28 130
6 45
175 115
121 142
24 133
48 6
80 30
189 192
173 116
78 173
140 108
194 162
182 68
136 83
175 67
5 183
34 175
172 63
139 64
159 4
186 186
22 35
149 132
53 127
118 67
51 114
21 177
112 126
60 150
195 50
16 38
21 44
117 66
148 36
77 67
99 175
157 86
14 163
109 67
158 195
183 75
44 88
36 114
169 50
101 110
10 57
8 34
75 150
183 66
34 189
69 42
122 52
149 9
33 103
187 123
125 42
67 147
188 163
9 125
185 75
86 52
113 103
122 177
197 57
9 68
181 56
12 97
59 163
55 42
166 86
17 20
53 197
60 198
116 114
164 133
146 46
159 93
21 152
0 152
91 57
138 44
104 47
45 142
145 101
89 185
19 165
76 79
186 60
8 113
27 109
71 113
9 114
173 72
153 183
74 95
159 63
27 172
163 47
65 37
14 91
156 15
183 148
175 125
159 63
41 30
22 15
31 65
111 117
20 101
24 13
55 17
66 74
154 126
153 151
32 64
21 82
33 158
109 74
28 135
37 124
150 13
38 4
113 54
10 107
17 16
13 18
23 179
188 107
144 0
166 184
94 84
77 30
75 109
185 30
166 2
91 103
19 104
128 194
66 158
24 81
148 54
33 58
97 163
24 103
199 124
50 108
123 80
133 114
138 171
88 14
19 64
65 122
24 19
96 15
161 112
0 30
136 130
155 182
164 8
151 184
86 58
26 84
188 48
193 10
20 84
88 119
178 49
191 38
46 32
82 114
144 51
7 131
76 161
167 39
187 71
166 99
170 43
112 92
17 132
196 20
9 127
170 186
13 179
50 195
134 113
14 93
45 28
27 137
115 55
79 180
51 93
72 118
139 1
173 194
161 65
115 0
17 102
25 109
97 36
99 25
73 158
113 29
106 86
115 39
3 33
158 18
77 51
158 96
179 112
2 77
3 83
66 0
40 95
0 109
11 1
73 69
85 37
176 106
186 134
18 35
87 8
98 174
145 187
127 161
85 196
191 176
184 145
163 192
104 87
166 140
25 89
20 178
111 107
53 147
100 62
33 113
165 4
192 152
131 20
66 97
54 105
78 87
39 197
27 103
128 176
156 56
152 155
26 6
82 196
17 82
46 116
124 108
109 108
153 197
69 64
34 7
121 162
47 12
0 63
21 129
181 30
181 131
39 39
53 47
75 42
78 162
36 159
138 183
42 0
101 193
65 190
110 124
37 162
156 188
90 91
90 72
187 85
79 4
94 61
84 162
86 134
8 181
184 180
144 27
134 50
184 18
59 112
55 56
14 28
121 22
25 3
121 187
69 95
162 178
142 118
148 95
174 180
177 171
78 67
62 39
17 41
29 112
90 198
172 5
32 126
15 125
173 25
88 0
83 96
160 149
116 167
152 164
198 104
132 75
148 12
33 104
5 173
118 167
104 118
110 92
149 88
157 147
25 9
48 108
175 21
55 65
115 7
81 89
168 83
191 195
14 46
82 93
25 67
57 43
63 78
112 51
13 141
198 42
24 2
100 22
2 97
14 157
128 156
111 4
84 142
109 111
51 141
72 186
175 113
21 189
157 102
96 10
16 148
142 152
173 20
173 65
134 190
82 188
40 158
171 108
21 165
131 71
157 87
56 22
180 129
13 56
191 4
25 10
193 2
127 141
144 186
59 163
89 35
73 46
84 60
160 44
28 25
199 69
102 158
83 193
48 175
93 199
34 70
121 148
98 140
40 157
64 3
136 18
168 169
73 176
135 169
59 185
63 64
38 168
189 138
140 5
195 104
68 90
43 56
9 132
58 179
43 118
139 190
99 132
4 28
51 40
17 94
109 9
96 36
78 94
160 93
103 29
50 40
154 138
95 169
101 78
29 46
169 139
109 82
4 48
54 22
119 161
19 114
159 7
133 5
155 165
39 193
49 73
167 58
56 166
54 51
104 14
196 3
121 83
2 92
73 167
125 48
34 101
94 133
135 54
106 122
133 187
65 26
145 44
82 6
177 181
5 107
175 83
11 182
131 162
131 128
93 113
109 185
54 110
178 152
32 9
138 93
71 159
160 96
174 93
38 25
53 198
183 137
152 166
85 116
128 70
16 119
3 72
120 27
112 99
24 20
61 196
92 171
140 100
158 95
132 21
46 120
88 30
30 66
119 40
82 124
116 74
167 194
21 75
67 119
124 118
36 75
133 169
101 189
168 107
162 51
141 85
106 151
128 107
71 193
157 38
59 21
182 19
32 58
117 41
121 19
21 6
73 4
144 149
26 57
153 156
80 26
186 118
161 108
86 182
9 143
109 41
91 53
64 77
4 167
68 53
148 19
17 93
71 138
127 66
145 27
41 63
34 116
17 28
157 63
160 59
76 19
145 145
197 50
8 194
6 8
97 11
127 67
131 169
137 136
83 80
32 109
19 122
33 62
199 131
71 187
81 143
13 29
198 87
169 5
152 71
85 50
174 39
1 127
185 188
188 177
171 60
94 126
78 25
87 121
23 157
82 58
2 167
87 61
153 49
8 94
15 53
85 168
151 127
55 120
41 88
112 142
17 18
69 165
148 190
22 140
94 132
14 41
45 59
113 18
80 199
178 79
137 45
105 21
66 23
129 78
42 38
178 188
96 57
191 9
160 26
113 45
90 120
65 47
172 153
176 8
67 75
109 42
138 115
171 59
3 159
25 199
93 103
72 136
76 12
63 23
80 58
29 61
195 184
58 23
59 58
68 48
19 89
47 158
165 39
68 156
83 2
59 27
160 109
59 46
5 81
141 17
26 94
113 148
39 145
64 130
176 133
105 72
94 167
183 121
75 38
42 150
41 64
132 54
175 193
81 10
191 194
150 37
119 66
32 62
149 29
87 73
122 91
187 8
143 102
171 127
176 164
76 133
86 175
181 41
8 138
39 178
11 164
194 36
57 194
64 52
189 9
101 147
102 108
118 170
133 8
151 89
92 194
149 190
72 189
33 139
180 172
160 153
90 7
194 59
77 117
133 104
186 130
116 167
42 65
116 183
152 6
93 69
119 103
31 80
135 155
175 59
50 0
65 123
54 6
144 69
181 28
192 197
92 2
71 65
7 140
63 35
110 191
162 184
167 141
4 146
130 5
173 127
44 153
31 11
81 94
98 40
88 162
12 33
172 100
32 156
74 23
123 199
75 162
129 199
136 115
109 65
195 23
69 170
39 179
46 131
181 50
55 10
163 133
199 145
136 47
129 140
71 45
95 195
71 169
7 159
49 86
174 199
29 76
100 113
98 104
106 13
170 130
184 111
181 59
94 74
20 140
14 19
99 110
181 165
15 183
50 15
138 67
144 60
144 63
0 182
10 179
171 114
159 131
145 89
8 93
31 13
133 51
140 27
120 43
16 174
188 180
96 147
87 126
65 129
162 186
147 96
25 23
171 7
169 131
23 157
155 156
42 20
143 151
196 190
151 157
34 166
175 174
104 195
56 70
185 36
123 157
44 48
153 173
135 171
18 59
7 112
100 145
69 129
22 13
45 79
105 95
104 64
3 138
24 65
43 70
75 120
47 143
60 87
58 128
160 33
175 109
189 92
106 190
18 147
198 65
134 172
125 33
122 92
80 152
46 164
191 60
146 105
188 96
168 131
189 71
100 25
41 60
58 58
13 157
125 22
24 40
42 184
190 137
13 20
44 183
63 191
108 57
112 7
171 2
5 112
22 56
187 163
46 85
22 107
180 175
78 64
107 87
104 46
67 191
41 71
83 168
141 177
75 55
45 195
83 133
138 133
13 10
42 188
146 183
56 155
157 24
173 80
88 195
82 118
77 123
94 91
147 7
170 176
128 145
19 187
186 155
87 55
197 70
146 175
61 87
116 74
155 88
114 76
100 195
122 78
90 177
199 159
176 112
91 196
146 24
170 32
12 15
182 142
148 71
137 198
184 134
25 92
23 191
52 0
37 56
20 58
53 125
166 198
32 40
9 182
6 60
173 162
16 72
42 171
96 114
136 112
104 192
169 131
70 132
55 179
75 140
161 153
136 133
50 70
172 67
35 116
190 117
40 108
43 71
89 123
113 156
101 104
102 97
162 125
50 2
85 79
188 88
165 86
72 45
157 46
105 151
97 69
0 158
91 153
181 38
193 3
54 147
29 185
155 189
190 3
117 44
55 129
164 2
123 182
124 171
193 185
59 93
2 94
6 7
122 109
89 176
12 187
141 116
61 76
112 13
12 174
3 37
184 3
146 20
19 57
32 5
104 198
81 162
188 72
149 198
58 176
54 162
47 61
171 125
117 124
7 23
79 185
109 30
19 125
141 25
59 19
115 118
43 18
131 187
97 88
56 91
110 195
65 100
69 27
152 61
81 79
73 151
33 99
52 182
2 80
107 178
50 60
116 130
57 71
3 28
195 175
91 146
47 92
55 126
196 90
57 39
31 14
186 17
104 175
195 115
19 193
179 154
196 130
199 84
99 148
180 24
115 3
22 39
35 162
13 44
163 4
77 193
71 146
120 4
15 156
18 98
135 173
65 64
193 141
20 73
107 92
162 193
106 86
139 1
136 12
122 194
150 175
64 43
94 7
139 41
159 144
177 150
13 11
184 59
164 40
194 77
95 101
10 91
190 187
113 93
153 87
165 147
107 126
105 185
181 173
169 43
52 169
104 175
89 162
0 24
86 151
175 122
36 19
66 170
2 90
10 46
106 97
98 177
72 198
169 143
5 56
85 189
81 132
162 9
27 177
75 24
4 25
16 29
152 5
28 54
140 125
27 185
30 104
22 194
169 6
90 125
150 57
15 80
76 101
19 34
34 116
105 76
89 69
49 77
119 15
193 28
54 78
146 131
29 54
196 104
129 89
114 26
77 50
13 195
160 76
168 113
26 187
142 102
84 108
159 131
84 176
16 159
163 174
168 29
79 197
88 119
59 183
3 31
94 65
20 12
68 182
170 71
101 197
131 158
24 148
99 7
116 167
141 47
76 122
32 11
158 96
79 132
158 16
171 7
68 11
28 153
198 113
186 103
44 36
148 103
46 99
111 84
141 138
172 78
72 176
185 107
125 55
4 83
83 162
90 194
6 111
93 9
60 68
121 192
110 141
33 174
168 87
162 51
146 187
185 160
182 16
136 137
144 55
33 104
8 45
16 37
195 133
148 37
87 156
4 66
116 5
136 49
17 183
187 193
181 3
143 51
37 65
161 69
40 12
199 62
107 4
47 131
130 173
26 175
112 187
182 141
73 195
69 7
148 14
30 196
0 10
62 121
126 15
146 28
6 11
131 128
133 11
121 27
45 2
155 96
21 30
153 184
72 169
40 136
157 96
176 98
188 127
92 197
87 55
41 38
72 174
147 184
154 50
135 128
98 103
71 98
119 111
147 36
44 155
83 123
165 150
9 90
169 16
171 52
159 65
178 115
15 112
59 133
23 34
92 61
198 170
15 80
43 75
187 160
3 25
146 112
189 165
98 17
134 142
199 88
106 115
78 108
175 134
0 74
18 60
44 179
181 21
65 33
150 46
165 188
133 122
63 107
47 139
112 54
154 153
101 98
159 119
99 99
170 77
67 124
70 124
143 174
79 79
133 11
15 145
3 24
84 87
10 103
190 0
157 167
178 69
69 161
38 149
81 169
144 89
51 67
173 24
92 161
75 83
66 33
163 198
133 27
25 86
158 149
120 154
171 77
56 74
108 167
186 121
76 80
44 71
37 176
44 188
149 189
121 31
169 180
82 158
105 11
149 101
57 121
80 76
138 96
136 165
182 185
140 157
25 114
58 168
39 96
29 128
57 160
88 100
7 193
157 3
137 6
109 44
110 65
71 183
149 199
131 158
28 45
79 70
27 46
88 33
95 175
70 39
14 72
20 117
81 102
159 94
178 31
138 177
13 141
20 165
151 117
81 24
22 163
45 122
58 121
183 78
145 58
102 153
48 30
170 127
128 28
181 1
14 160
72 1
82 7
149 80
43 30
63 198
25 73
121 77
45 164
179 196
106 87
70 163
180 67
42 46
171 65
13 21
199 89
116 199
80 7
86 117
25 191
37 196
9 169
199 10
78 95
79 190
125 50
38 92
148 84
197 7
113 81
92 157
109 10
171 198
29 112
90 39
92 185
88 193
105 77
77 67
26 149
7 174
30 106
113 42
189 85
105 89
53 45
147 6
41 198
54 78
117 194
89 66
159 5
71 171
65 103
26 107
40 105
162 158
4 134
35 169
192 198
21 95
139 47
196 166
127 113
18 158
159 103
113 53
83 104
116 165
31 159
94 139
93 15
120 55
49 54
85 40
24 130
60 42
132 10
53 40
165 163
101 25
181 193
11 10
87 133
167 58
87 167
86 11
149 28
194 174
80 128
108 68
50 104
132 64
149 175
159 5
73 73
62 74
88 120
97 69
40 46
30 75
53 146
5 184
166 113
30 84
109 172
151 104
23 154
186 143
170 18
24 178
158 139
164 34
77 156
141 8
30 81
38 43
16 128
136 129
128 21
143 25
2 136
64 166
194 61
198 167
170 118
8 38
188 151
191 5
29 1
198 87
109 0
25 170
37 104
174 122
156 177
22 20
140 10
4 26
150 35
148 155
127 149
173 156
29 79
4 70
48 63
13 145
181 23
99 137
82 17
77 13
129 93
7 45
42 130
64 124
139 104
26 128
117 13
8 177
76 164
45 91
32 21
152 107
91 65
151 181
61 60
7 165
134 15
171 17
61 160
46 60
183 16
13 10
28 6
108 184
92 153
122 53
190 115
116 42
187 127
177 3
42 85
59 163
104 160
129 93
83 65
146 131
39 197
18 147
118 199
102 146
144 110
180 14
107 79
186 16
30 38
96 143
167 42
7 58
102 37
130 151
1 128
119 136
176 60
186 192
156 147
185 192
180 165
24 160
147 183
154 90
194 167
14 190
74 100
12 50
88 69
124 81
161 19
117 177
181 95
5 76
131 18
150 50
199 110
59 84
1 103
175 61
0 163
93 36
112 11
39 163
172 89
119 121
147 85
181 196
101 135
104 185
5 40
154 100
57 126
7 108
46 89
150 74
111 72
119 109
88 120
102 93
1 146
58 126
71 47
153 31
163 147
196 106
124 151
6 136
193 183
102 82
66 161
119 142
157 99
5 156
17 19
82 174
32 11
122 114
44 107
12 135
111 108
40 120
188 183
81 101
21 9
113 38
55 173
96 39
44 163
25 15
114 80
102 106
77 43
104 0
124 35
136 45
138 162
110 155
103 176
117 95
31 102
156 115
46 30
111 162
12 163
140 182
151 126
40 116
7 177
13 174
80 61
22 65
141 82
175 177
171 117
183 186
4 19
187 92
184 152
63 37
167 148
120 184
52 187
32 191
92 99
4 44
171 2
162 79
117 128
173 172
31 95
111 112
125 142
26 106
86 115
36 48
61 73
103 107
160 168
76 10
115 20
123 50
168 124
192 89
125 156
161 114
76 104
195 74
127 158
56 148
92 60
67 1
99 118
11 173
181 6
25 167
167 153
13 151
190 178
183 144
85 96
114 184
45 160
72 131
90 65
57 25
36 121
143 49
117 4
80 84
101 167
49 22
83 85
84 28
124 10
60 57
93 61
164 27
187 152
190 81
140 35
7 113
69 35
148 94
93 151
165 160
124 28
46 135
166 11
100 193
69 31
5 102
124 32
115 3
119 15
158 48
72 186
159 180
145 5
162 50
15 163
19 187
91 159
195 169
117 109
152 12
28 150
38 186
174 61
183 85
195 16
84 90
24 117
176 111
182 87
46 114
84 18
93 98
123 110
104 152
123 161
85 180
36 182
192 87
91 121
33 147
166 49
59 194
158 72
81 128
160 106
167 80
193 170
60 152
5 47
27 103
132 85
3 13
104 181
124 168
181 123
88 182
39 43
47 187
157 33
191 52
33 18
13 77
67 120
54 145
140 39
152 97
134 61
28 117
38 125
152 187
158 165
3 16
165 5
132 56
99 161
196 60
184 83
48 47
185 82
159 138
139 11
73 165
33 14
5 35
165 87
36 8
14 161
84 185
109 126
197 184
109 185
16 160
136 24
127 144
98 180
24 169
155 55
119 120
31 110
106 127
175 172
112 109
86 40
133 108
33 114
47 20
111 150
98 21
178 148
84 158
25 33
176 50
70 188
176 184
74 98
93 46
193 41
14 16
121 196
129 78
161 126
137 22
153 195
11 97
183 142
17 152
64 182
26 36
28 53
139 62
144 14
75 78
140 89
107 37
71 142
79 179
184 16
167 188
122 38
81 154
35 132
33 118
181 77
164 31
132 25
73 148
195 193
121 115
149 49
23 75
85 177
181 67
76 24
160 65
137 128
48 52
1 4
3 148
86 112
56 143
132 166
48 42
192 82
147 169
34 53
73 153
183 115
135 42
199 147
77 198
168 195
72 47
178 165
36 157
196 118
52 162
130 133
149 158
81 123
59 59
61 67
168 21
60 28
38 95
11 57
20 72
121 18
157 115
27 50
22 11
172 114
93 29
94 157
30 149
0 30
169 164
133 4
144 169
146 185
152 46
135 176
52 36
176 136
195 32
6 37
153 178
168 61
64 181
59 100
119 55
28 75
111 173
39 21
142 103
85 184
53 95
4 118
187 3
44 53
183 182
159 111
157 159
84 180
145 149
82 151
113 138
77 56
78 188
146 45
127 95
89 143
84 110
177 142
188 41
30 58
54 185
196 166
130 77
197 13
114 146
130 37
148 197
159 126
107 56
96 134
44 126
126 79
47 6
188 78
174 15
129 63
129 62
156 180
42 180
92 161
120 72
132 36
61 61
108 18
50 165
5 44
56 92
81 7
28 95
31 46
104 71
115 73
115 35
40 114
54 106
121 180
199 103
73 194
186 49
139 157
28 191
96 41
79 109
144 95
142 48
55 22
40 88
83 9
153 190
11 10
178 141
16 115
182 146
14 168
195 151
181 192
60 122
145 92
26 126
52 153
178 32
165 158
100 8
108 30
51 45
110 10
151 153
94 199
58 173
191 170
66 94
20 134
123 73
35 139
84 0
0 70
53 48
121 141
7 188
17 10
92 6
191 152
144 187
158 180
86 139
49 10
65 94
94 86
92 132
100 59
152 66
122 161
13 193
199 175
86 94
107 107
109 143
82 59
47 105
12 195
60 52
60 122
141 23
114 198
131 131
51 130
91 55
51 96
85 21
5 105
75 26
105 8
129 78
173 18
51 140
47 112
106 20
182 116
165 102
129 29
12 158
4 199
45 61
86 138
78 3
135 68
14 104
106 192
75 129
179 85
172 60
144 2
179 98
149 123
132 88
39 190
198 59
168 32
152 64
119 12
194 160
136 97
197 180
31 188
120 86
128 71
64 56
77 176
26 169
6 47
45 163
61 72
60 67
55 103
139 24
72 166
113 188
93 106
106 126
166 186
28 197
135 171
72 119
110 38
181 196
123 62
169 124
131 70
105 74
98 162
183 115
151 193
19 185
104 182
14 199
197 0
76 142
129 79
46 20
120 173
128 158
77 92
3 47
182 140
79 17
71 153
127 138
197 120
94 107
162 143
112 172
169 136
88 183
186 198
148 49
83 31
104 2
185 112
166 122
135 113
107 180
118 128
82 74
107 133
99 43
49 103
5 30
139 96
48 17
105 108
167 176
142 181
141 188
26 106
155 23
45 18
0 58
99 64
30 82
29 61
72 10
122 30
49 172
167 131
83 87
101 112
153 81
191 52
117 123
85 125
192 22
71 171
158 43
62 24
105 9
73 196
189 193
125 16
155 134
127 15
4 59
62 51
111 148
167 12
108 75
3 50
79 164
75 95
158 1
186 60
124 122
77 50
90 172
15 110
28 158
194 155
133 11
124 120
46 23
34 165
195 3
195 151
83 107
41 17
8 149
70 5
65 88
105 181
164 49
46 189
46 47
60 127
0 86
165 121
122 33
163 100
9 34
41 194
52 94
187 149
58 134
159 80
158 156
38 7
60 136
146 193
84 33
139 198
133 55
68 72
89 78
89 179
151 163
134 89
193 166
53 190
59 63
42 44
162 123
162 150
7 13
8 194
55 29
175 33
26 143
137 49
186 103
36 115
177 192
47 119
79 119
114 50
172 112
1 141
140 78
16 135
135 81
140 139
36 190
75 76
127 37
70 90
43 62
61 76
136 12
34 170
93 155
20 34
184 69
132 48
123 112
44 192
175 34
15 70
102 52
3 151
137 98
165 10
99 183
9 164
53 74
139 168
179 87
182 126
120 122
82 169
160 174
150 5
110 145
33 172
55 24
1 37
107 25
48 184
21 46
59 44
58 199
168 118
7 59
61 157
120 117
146 4
92 100
46 93
134 97
88 77
192 152
145 175
139 176
56 3
148 115
73 118
45 28
134 106
93 134
83 174
137 140
122 183
138 15
59 21
89 28
0 183
16 191
146 146
75 88
120 179
59 15
112 41
108 101
120 70
178 151
45 71
175 37
139 91
23 158
36 24
193 79
126 98
186 44
68 156
98 145
195 88
115 5
26 103
2 196
67 71
62 10
154 181
118 8
132 44
179 43
197 171
54 53
86 190
50 189
156 78
79 95
197 119
187 59
98 155
35 19
63 6
100 58
113 60
2 174
84 60
33 28
158 42
93 74
40 50
180 151
184 135
99 40
156 77
121 159
82 42
158 2
5 28
109 31
5 101
61 48
20 160
29 59
79 151
59 76
27 6
59 44
9 144
120 87
175 68
195 146
146 150
121 158
113 123
0 172
102 56
122 165
4 26
163 83
128 61
56 1
8 134
71 17
14 14
26 190
184 56
190 123
53 170
138 149
49 77
190 144
37 35
24 2
109 1
120 47
80 121
12 30
193 173
94 9
56 140
98 138
64 92
63 58
150 190
29 12
22 36
53 101
111 83
82 9
25 101
61 73
169 20
109 25
148 64
165 9
176 87
66 152
183 70
26 39
108 129
64 84
66 122
116 174
93 57
159 123
81 152
182 107
39 27
79 90
108 172
65 48
57 43
13 69
177 109
114 79
132 180
107 60
76 101
97 67
35 36
158 41
146 26
81 59
59 40
183 184
69 194
76 62
108 5
59 169
132 82
142 22
153 12
52 91
88 129
64 99
149 143
138 142
126 104
28 87
56 103
32 74
95 169
100 142
124 198
44 76
146 109
2 44
87 39
36 164
181 96
144 131
129 47
54 88
194 32
77 128
103 16
5 96
72 69
61 108
154 83
194 138
9 63
32 124
154 79
183 142
50 142
14 80
9 1
86 27
81 124
175 7
2 32
48 138
46 182
16 4
19 167
91 61
21 122
40 143
137 38
169 184
172 136
141 80
11 186
63 95
100 194
106 153
103 81
133 30
39 168
28 166
173 58
67 89
174 65
116 90
90 69
180 175
29 137
131 159
161 121
188 86
34 27
162 183
177 69
101 184
91 112
8 2
8 185
20 160
186 31
163 104
159 198
140 48
198 182
32 37
60 164
94 96
89 16
32 110
180 108
110 161
178 74
16 23
48 77
49 110
140 156
22 80
132 72
178 190
49 2
163 23
10 162
0 30
136 120
33 126
112 26
112 33
36 160
152 59
47 135
26 153
192 124
183 183
127 67
188 131
109 21
112 180
82 6
156 161
134 123
75 192
65 67
64 185
186 15
2 39
150 82
38 35
91 42
17 138
11 39
10 91
145 149
43 139
154 22
114 70
78 134
19 108
64 38
10 111
30 5
4 151
182 62
135 57
111 69
109 31
79 33
194 7
181 64
100 178
140 63
65 141
168 167
157 138
131 160
187 105
108 32
98 172
151 120
23 138
138 41
117 145
89 44
138 80
111 195
99 182
116 196
156 34
162 133
149 169
139 24
6 160
76 149
150 79
26 198
33 190
102 87
115 72
76 48
23 152
146 113
73 132
30 138
182 196
4 64
65 141
115 18
68 128
90 81
165 192
158 86
163 170
88 39
132 65
49 66
43 37
183 76
141 123
112 77
164 13
78 194
143 137
62 29
158 117
157 9
79 198
124 82
72 3
9 173
4 92
48 179
81 46
49 176
71 177
196 195
154 1
33 70
9 98
144 129
142 51
186 138
67 98
143 58
85 74
96 126
84 129
173 140
114 125
42 100
165 39
59 153
174 8
123 69
115 84
95 137
132 104
133 72
28 162
35 199
184 138
192 59
199 105
43 137
31 156
90 15
108 105
11 184
47 104
189 74
94 155
146 171
180 10
60 46
14 135
169 84
158 98
92 146
175 139
136 74
91 51
191 178
31 68
103 197
1 171
15 155
124 112
59 27
31 31
70 118
190 16
87 122
115 31
99 28
71 50
154 174
112 10
67 185
16 94
111 48
138 95
25 180
14 100
28 59
31 110
160 93
102 23
120 62
19 46
30 162
50 152
26 80
101 143
39 164
105 141
64 91
159 15
24 136
65 83
5 57
130 57
172 42
53 187
126 68
14 50
108 72
136 67
113 135
44 74
67 52
0 86
68 57
133 45
154 181
113 127
171 63
69 183
115 177
85 190
55 134
39 73
74 73
35 46
168 188
97 59
121 68
29 17
124 108
141 24
49 109
15 148
72 120
156 106
183 135
31 177
145 174
126 154
97 54
21 135
82 56
176 43
17 188
55 125
139 158
9 155
120 22
157 89
51 6
23 162
164 124
184 80
5 98
6 140
194 79
27 91
72 11
58 182
11 171
25 106
10 83
105 113
137 61
191 4
199 66
157 123
129 157
20 32
82 32
2 37
107 64
181 178
107 178
128 124
170 193
108 118
68 143
196 52
14 3
97 112
74 121
106 142
78 116
31 44
70 88
137 27
47 137
75 79
18 42
198 49
133 105
58 153
85 124
67 170
36 156
90 194
126 165
52 176
46 198
55 168
70 139
97 30
127 140
15 148
57 159
158 54
41 74
121 79
182 170
98 82
29 162
159 46
29 139
90 29
8 85
79 157
48 146
130 199
13 182
121 59
181 66
26 70
188 11
197 97
165 45
117 78
78 186
182 156
170 160
20 20
150 174
182 88
140 17
147 84
159 125
47 149
47 75
64 4
190 21
196 83
31 112
128 25
136 1
77 164
86 87
132 44
165 121
101 126
158 12
24 46
126 5
120 111
133 5
160 18
149 62
106 192
104 70
183 4
119 172
34 166
143 58
154 178
73 132
91 127
94 128
101 59
93 177
144 120
54 114
51 182
152 163
153 137
133 151
169 199
32 112
51 191
62 110
81 143
186 111
158 131
39 62
14 108
133 52
167 92
35 111
131 172
198 32
90 188
41 188
37 13
94 17
98 172
50 113
190 70
180 29
116 182
198 37
13 142
7 132
12 71
176 9
98 104
94 15
68 54
194 191
39 149
171 73
142 146
52 191
109 111
151 179
128 31
8 84
49 23
14 73
31 77
62 138
127 44
73 181
43 42
103 44
180 68
199 199
152 82
55 139
180 24
194 103
154 13
32 100
59 18
122 20
130 80
54 153
18 86
0 95
198 130
162 130
151 79
191 24
198 83
61 42
5 117
13 162
87 126
26 185
43 165
53 175
92 114
1 77
187 101
104 2
97 145
167 23
86 34
40 112
131 62
175 37
33 111
170 74
169 1
55 184
33 58
6 85
10 68
36 112
151 61
185 53
106 178
124 184
69 144
17 153
5 150
58 127
175 123
17 85
41 190
158 127
106 112
176 114
155 127
137 0
129 61
110 174
39 11
9 192
96 38
184 179
96 48
179 55
109 29
47 138
6 87
153 138
59 23
143 95
147 32
76 112
147 167
41 88
151 86
160 179
141 134
68 61
137 33
156 75
27 160
158 157
108 161
10 181
174 81
163 188
111 91
94 119
40 69
128 170
198 81
188 169
167 169
12 138
77 183
190 42
155 153
55 189
185 116
74 67
169 86
67 48
48 184
167 135
186 59
6 98
91 94
171 113
139 103
158 164
148 1
112 149
167 10
82 151
74 195
96 21
41 24
34 6
121 159
129 33
43 162
189 188
158 189
65 164
144 95
178 25
172 133
16 49
100 24
72 126
122 106
113 50
47 188
122 196
55 27
47 165
158 85
137 180
132 26
184 73
179 88
82 55
195 12
94 123
29 167
126 87
154 74
29 112
40 194
8 44
12 110
161 45
96 102
102 104
152 132
88 196
95 11
144 53
75 78
149 66
134 50
172 77
14 106
68 51
135 63
196 10
32 16
9 6
26 31
86 132
175 182
20 24
153 92
126 26
49 8
97 194
68 138
110 34
154 19
36 77
48 154
126 86
97 52
37 149
192 32
159 158
103 116
189 131
77 179
94 175
48 118
62 33
103 107
0 184
199 153
117 163
18 66
192 56
153 118
86 133
161 116
2 78
174 19
122 12
81 172
2 142
52 198
87 137
155 77
16 58
146 93
134 93
180 15
43 60
40 60
76 92
35 11
107 58
178 73
194 197
10 138
44 102
139 58
9 148
93 79
134 191
109 145
199 67
38 59
25 177
50 58
41 20
115 108
67 179
144 113
30 96
62 27
67 70
120 106
133 186
56 144
34 123
180 6
9 92
96 183
132 38
69 112
55 89
179 125
194 0
169 87
6 0
106 105
154 168
165 62
110 52
54 179
22 15
7 109
17 109
173 30
134 187
110 131
144 101
24 140
112 70
108 108
101 108
113 98
86 110
186 116
137 87
32 65
64 35
182 142
71 14
47 23
88 36
195 42
34 59
59 163
44 39
10 107
73 85
111 172
56 146
151 6
182 39
3 170
198 91
24 58
118 134
88 199
26 31
18 76
105 148
50 192
27 164
76 181
40 40
85 171
37 39
145 151
69 41
65 66
26 60
162 65
184 117
95 136
14 64
114 69
125 176
140 33
152 23
63 75
154 187
26 148
175 94
128 24
48 174
168 40
176 57
26 146
35 100
49 189
108 60
159 110
19 146
147 50
146 56
181 111
152 144
147 58
48 121
188 167
68 140
160 96
46 148
162 27
89 72
139 118
24 180
151 161
109 158
32 117
45 80
16 97
96 79
73 67
162 193
98 19
126 70
195 78
112 89
88 104
143 100
138 7
117 34
6 18
150 60
139 12
22 63
116 28
84 19
118 103
91 123
85 174
40 86
122 129
177 101
78 78
92 154
31 155
197 83
174 106
96 82
29 127
70 132
190 176
146 20
19 104
8 40
26 162
53 39
70 109
71 173
95 128
28 179
95 100
35 4
166 48
117 20
34 43
189 102
24 106
98 187
33 51
97 126
187 147
36 45
10 130
188 137
115 173
2 106
177 99
157 45
39 113
130 26
55 174
40 34
122 150
107 102
35 191
140 85
1 127
149 124
85 89
45 168
83 130
184 165
118 174
64 31
122 176
102 116
87 141
185 128
76 12
66 18
102 37
40 187
47 115
183 194
0 135
141 70
137 181
49 93
29 105
160 149
177 136
145 49
176 139
30 121
92 95
55 198
181 160
78 103
163 142
50 48
51 135
10 16
155 27
147 12
175 7
195 60
101 54
116 159
96 7
1 81
122 27
98 37
120 21
36 199
122 178
86 194
62 136
180 146
150 64
16 45
41 41
142 68
150 80
13 116
124 144
104 81
61 85
33 122
67 156
176 174
82 186
163 11
59 131
187 1
39 72
76 45
137 102
30 185
113 23
60 124
16 121
87 18
34 59
165 87
40 149
58 48
160 154
149 53
183 168
15 20
2 1
183 197
91 49
171 35
122 22
196 133
176 19
116 1
160 17
135 196
59 158
121 145
198 74
96 190
58 51
37 30
142 33
24 172
111 169
117 170
119 59
71 1
148 121
144 139
64 112
100 161
3 45
7 13
54 162
95 4
25 182
194 149
75 194
69 72
48 73
18 181
14 16
133 67
8 182
150 88
176 21
27 11
144 48
14 103
50 112
51 96
114 193
174 72
132 171
25 177
109 84
172 0
56 156
87 41
101 30
151 162
46 156
87 80
172 113
175 171
199 132
59 154
65 43
10 80
165 5
21 59
36 165
194 176
38 27
16 131
42 6
21 9
164 5
96 49
121 79
123 13
70 121
64 51
33 97
144 60
179 100
72 28
104 31
114 41
66 3
108 106
109 3
173 100
95 96
73 160
177 87
173 140
33 192
25 31
84 36
16 103
38 149
2 192
66 113
160 165
159 190
65 30
183 21
57 74
147 64
10 157
189 155
52 117
110 124
8 114
132 189
130 61
182 29
96 169
108 148
90 68
6 151
66 107
125 165
40 120
94 171
196 116
91 188
33 15
73 20
188 120
15 172
7 99
160 26
120 120
13 113
7 106
87 143
94 91
141 27
14 39
31 86
20 38
138 34
168 178
137 158
69 149
116 124
180 83
57 104
136 97
1 154
148 143
65 98
173 152
20 114
149 145
161 172
190 130
20 75
134 40
66 161
104 103
61 150
39 29
30 113
71 4
114 126
22 175
109 32
9 193
136 21
78 12
174 194
124 179
100 57
108 193
147 63
44 146
158 174
130 32
111 26
78 199
162 140
103 25
2 197
86 180
63 157
177 68
84 140
151 112
150 104
65 8
65 48
134 105
139 148
7 176
152 137
118 182
15 95
120 81
3 186
79 37
33 119
91 116
171 124
131 197
50 196
93 172
124 50
21 138
144 20
36 27
112 118
142 177
139 8
143 65
72 96
176 105
190 194
87 176
42 182
175 149
18 50
153 1
85 157
110 194
88 144
17 22
51 184
3 120
34 20
196 68
81 32
117 12
158 51
129 128
127 1
89 92
82 7
130 106
145 45
105 27
48 185
63 25
178 46
76 100
52 122
9 36
86 28
178 127
75 171
116 15
177 190
86 66
54 93
92 65
72 51
112 187
186 167
8 185
122 79
55 182
15 18
54 6
133 155
6 170
42 184
196 113
32 120
144 159
198 171
110 196
43 76
40 93
166 198
193 65
168 19
189 10
52 115
106 164
109 30
111 191
3 46
179 89
50 136
19 4
39 95
30 15
130 18
94 132
115 135
80 143
169 97
193 99
108 182
89 40
124 127
101 73
95 109
31 139
130 182
190 93
79 114
109 11
55 78
65 61
129 28
51 33
34 145
8 150
37 133
152 72
91 56
190 133
25 1
112 159
76 197
2 91
167 68
126 35
159 78
182 111
142 40
104 0
43 162
136 53
177 10
6 155
88 57
196 49
194 136
132 74
146 119
13 55
185 142
79 72
36 53
107 187
119 189
54 31
130 123
13 170
163 38
15 171
150 98
23 0
129 126
117 101
186 116
110 130
61 76
127 169
141 45
197 32
11 173
192 108
166 185
75 121
122 79
44 188
81 189
181 61
143 45
116 43
102 15
195 58
180 196
73 83
33 39
19 50
63 140
51 171
188 39
191 196
195 170
37 190
43 149
139 154
6 69
138 146
7 101
122 11
198 171
84 12
61 13
53 46
140 129
171 157
39 16
197 10
107 53
5 41
48 150
123 85
52 7
169 156
49 163
56 134
52 157
55 60
182 103
136 85
178 173
12 15
168 178
117 55
13 167
162 23
0 90
64 2
66 109
138 165
99 25
146 47
128 182
168 9
32 43
69 133
1 183
154 14
104 18
3 23
153 130
133 72
144 181
182 10
21 114
168 7
197 161
192 150
94 156
141 13
90 36
84 83
178 90
100 52
50 2
145 80
52 147
6 121
175 67
141 9
21 106
82 6
154 178
41 93
135 109
6 194
166 33
14 79
68 112
109 197
123 105
123 195
1 169
157 19
4 115
188 15
63 183
168 115
120 190
43 101
96 136
14 19
39 4
188 128
37 130
174 107
112 198
37 80
11 2
109 40
154 48
163 141
64 53
112 86
73 128
189 163
190 53
12 178
19 5
35 134
43 186
168 169
29 91
124 151
13 192
7 148
164 108
195 195
175 103
139 69
19 13
32 181
174 147
21 44
148 118
113 141
49 126
4 4
81 15
122 56
17 74
167 100
165 94
136 185
144 151
102 9
123 181
12 71
143 196
75 193
24 181
44 125
24 159
74 69
111 72
144 123
130 157
86 24
75 142
16 192
163 162
6 170
112 44
165 3
50 23
87 120
133 28
70 109
159 68
34 7
70 157
118 66
152 80
77 156
124 169
170 197
23 84
3 128
59 159
100 140
43 45
153 152
166 182
133 195
128 166
107 110
140 59
190 26
177 165
0 162
143 81
186 81
133 25
33 117
11 115
168 142
183 60
135 85
183 56
14 134
94 17
109 23
96 62
120 156
21 117
21 32
100 177
127 51
69 138
145 126
131 120
190 129
177 141
188 170
47 80
5 18
103 45
192 115
6 188
172 99
70 162
134 36
158 92
146 91
98 107
172 160
53 134
152 20
76 150
113 3
92 70
119 134
90 153
31 129
142 131
119 37
119 77
101 13
18 185
83 33
26 81
102 103
7 76
32 7
33 196
182 43
116 198
46 104
73 82
119 22
68 135
53 121
26 13
57 23
191 156
156 185
170 176
9 78
172 77
183 179
173 69
75 191
143 58
182 180
197 70
141 58
120 99
169 54
40 166
120 74
81 80
114 136
188 187
62 182
32 64
180 126
85 116
190 135
93 31
1 127
84 118
20 38
78 103
82 22
161 161
18 157
71 56
140 2
24 199
15 5
85 56
21 107
71 55
191 115
198 27
182 54
10 104
38 52
117 38
42 22
47 99
34 183
143 161
133 106
34 8
35 199
132 185
125 1
30 99
10 169
36 136
24 15
184 49
189 42
68 168
94 65
17 10
124 151
194 187
141 166
81 20
142 52
69 151
172 105
69 59
61 199
190 168
11 35
18 120
129 194
92 124
67 45
62 122
141 24
13 25
167 111
181 76
45 82
68 134
63 94
147 128
111 147
35 181
52 93
150 109
196 152
197 184
74 2
97 115
104 14
93 35
179 47
147 32
199 137
163 161
114 149
191 10
133 27
141 159
188 14
45 169
94 194
124 160
145 162
134 166
148 96
183 25
157 72
53 72
93 152
185 154
74 29
21 143
157 195
4 151
64 65
25 9
106 73
187 157
116 91
47 53
15 71
149 126
175 11
64 151
187 180
136 140
3 2
126 169
45 183
150 77
150 182
85 25
87 180
154 169
59 177
20 175
119 139
181 165
13 26
115 117
134 58
23 91
72 112
190 17
137 122
67 82
87 136
78 70
80 102
166 115
20 103
68 85
130 79
12 128
32 139
26 110
156 86
98 43
45 47
13 178
182 140
6 8
189 34
111 175
182 84
104 182
138 19
173 27
117 164
59 197
85 26
179 63
103 187
101 166
86 89
152 83
12 130
179 37
101 33
195 17
14 106
57 186
95 164
137 167
164 70
67 162
47 155
185 103
10 186
14 9
19 183
10 179
52 94
87 67
156 117
86 68
128 98
24 4
3 94
59 19
20 150
101 89
108 48
184 178
87 25
54 195
83 131
60 83
123 58
101 27
190 182
54 81
177 87
21 82
40 98
57 12
109 15
178 125
144 57
51 1
97 37
152 126
22 86
133 178
36 44
100 116
87 117
7 25
194 191
110 22
88 140
60 60
174 27
187 14
119 17
105 88
180 16
61 114
78 188
12 33
104 106
131 69
190 198
27 76
157 50
60 35
52 73
1 186
112 75
73 38
69 34
93 109
38 182
82 95
18 30
1 82
8 5
42 154
54 98
194 152
92 30
162 71
170 75
64 73
158 143
158 179
11 64
20 161
139 68
73 32
141 55
131 182
61 181
100 129
198 141
102 116
6 178
86 147
194 97
192 34
190 76
117 171
132 189
16 45
151 65
29 44
114 70
129 125
195 59
71 31
35 107
34 120
194 13
171 170
50 105
32 52
198 69
120 125
116 119
76 22
136 128
199 64
70 99
56 42
86 129
181 152
161 172
22 93
45 133
62 190
24 100
129 118
58 10
11 11
185 38
18 54
127 4
6 113
44 61
101 180
126 101
105 23
162 178
129 101
147 155
88 96
65 154
10 0
93 16
109 140
138 102
183 88
140 137
131 73
179 189
178 11
124 180
69 128
105 76
37 32
69 135
91 9
30 46
42 155
153 152
100 9
42 177
133 15
121 15
68 43
187 56
110 29
16 164
94 129
90 116
191 34
73 153
191 148
149 195
158 135
173 101
132 167
98 62
31 196
94 120
103 19
19 171
92 66
71 143
10 169
62 44
17 110
125 82
46 162
118 63
90 107
113 116
24 20
46 125
38 171
173 169
19 72
39 12
108 116
60 138
178 129
56 87
176 124
194 86
60 16
86 83
149 188
105 132
50 111
32 38
43 194
136 15
83 103
102 147
62 79
110 162
51 43
164 69
37 1
128 168
118 140
105 82
123 38
123 15
132 166
7 127
52 21
117 116
162 121
140 0
32 194
170 80
110 92
81 186
1 59
53 117
27 25
8 131
138 162
63 78
88 43
63 91
138 166
26 158
139 188
43 102
3 132
2 53
10 163
139 127
190 36
117 71
152 7
5 93
4 167
182 182
0 95
70 188
26 12
30 0
79 81
150 116
73 59
148 167
144 172
151 37
140 0
35 157
5 192
4 71
110 42
121 24
185 33
122 196
172 3
127 110
41 84
191 1
44 93
79 47
87 70
22 116
12 81
44 114
199 159
61 103
27 72
76 134
112 100
163 155
150 18
133 104
155 102
133 179
184 194
26 176
98 123
173 138
44 21
190 91
77 100
53 174
191 37
29 132
127 116
194 5
64 43
92 71
124 0
17 58
89 1
110 83
62 93
33 94
179 40
69 105
28 10
2 92
141 198
169 168
73 118
6 156
124 146
177 131
150 5
143 74
32 184
172 41
139 192
185 108
111 121
63 101
9 52
176 17
5 189
149 59
5 74
152 140
180 53
95 124
6 135
181 13
149 67
25 20
125 167
112 94
189 55
162 27
123 137
158 25
107 111
119 153
159 38
97 113
34 61
3 57
147 93
81 58
165 114
83 46
178 132
72 109
188 8
7 51
41 146
157 66
23 73
16 39
192 109
105 120
97 177
155 176
49 120
155 9
93 136
58 88
0 94
194 157
148 165
56 19
142 59
149 78
76 194
129 104
62 110
182 164
116 53
51 101
97 26
177 17
12 8
134 91
64 127
34 190
130 75
72 95
138 52
76 131
14 137
176 31
173 197
199 27
71 39
112 14
28 59
93 3
37 195
93 153
148 105
1 179
169 199
80 37
178 40
142 150
141 128
149 19
124 143
128 198
175 176
197 105
88 111
178 198
147 110
164 142
116 154
189 48
37 105
80 190
3 97
84 65
23 127
154 129
180 10
91 0
185 62
24 44
157 37
61 183
89 93
40 135
92 117
24 172
83 146
25 0
36 74
107 43
40 37
106 170
55 71
83 103
129 106
113 23
36 106
146 157
46 137
113 35
73 161
92 100
46 46
105 115
41 25
81 23
191 59
167 181
54 109
106 161
14 94
153 112
93 73
48 115
32 168
166 118
115 0
177 171
187 171
89 135
120 189
36 113
112 12
127 190
47 184
177 70
15 61
10 118
142 112
9 63
109 64
101 131
188 130
10 95
82 52
132 182
166 119
170 7
179 146
50 14
187 38
136 96
183 60
128 48
109 98
22 144
7 111
88 46
32 130
93 52
118 79
147 5
155 129
69 180
19 131
132 164
40 194
183 159
27 173
188 187
110 163
166 58
49 186
188 192
81 182
65 145
3 57
34 178
139 112
179 17
27 73
136 121
32 83
153 158
47 62
158 51
109 136
46 70
120 184
49 78
171 123
29 38
87 198
150 49
170 46
180 28
67 145
163 80
150 52
114 139
183 49
121 196
47 139
0 195
62 191
86 15
179 60
181 136
40 183
185 135
170 116
117 172
168 160
31 23
98 87
106 119
8 115
79 10
123 17
58 133
144 163
26 31
43 62
178 40
70 54
107 58
0 98
67 166
134 80
72 162
10 44
36 30
179 178
13 11
9 71
112 181
114 40
17 119
131 199
155 94
185 162
2 102
99 116
56 133
45 199
71 85
18 184
75 138
136 163
134 38
3 78
131 93
33 161
199 9
100 130
37 46
116 185
119 36
105 192
26 138
0 3
161 21
37 15
196 21
77 170
155 163
3 21
28 35
30 148
9 185
102 108
183 43
20 70
144 37
166 64
177 80
39 20
26 111
139 159
92 37
79 16
27 50
52 150
57 109
179 138
121 101
4 35
128 142
181 182
18 37
141 68
173 144
25 186
124 100
119 25
90 199
175 30
74 32
137 192
82 115
105 101
84 115
189 8
27 185
115 86
134 150
182 197
67 61
131 160
131 147
5 3
93 14
52 69
114 156
40 114
93 185
29 37
78 182
92 59
8 72
80 58
45 105
169 31
155 177
102 196
182 81
40 61
18 96
120 163
161 62
89 76
135 83
182 138
127 73
179 156
151 47
48 77
91 183
163 85
7 188
92 92
165 30
18 25
53 128
190 11
87 198
82 142
167 182
31 111
142 21
125 187
74 88
181 156
96 135
33 141
89 188
25 106
136 169
192 101
26 76
9 186
126 33
72 181
63 50
139 180
198 105
182 177
141 199
160 52
147 12
19 170
135 36
40 62
121 173
156 159
45 50
179 105
94 199
60 4
145 26
78 128
142 194
2 159
62 32
180 10
23 15
30 21
191 140
164 79
142 133
157 107
147 133
119 144
34 153
37 88
187 117
96 44
146 51
42 62
67 158
146 7
150 110
144 104
178 65
44 119
131 76
80 117
8 121
63 157
76 86
68 61
199 47
46 70
165 96
90 157
73 190
133 38
130 70
166 6
7 111
26 163
15 1
1 138
120 37
105 29
109 111
89 114
194 165
151 64
160 109
62 22
113 154
26 139
152 123
25 87
148 63
5 119
194 21
11 147
48 79
91 114
191 158
96 0
130 100
14 192
59 158
146 144
58 121
167 171
154 10
127 100
51 72
39 119
2 35
152 90
56 160
143 90
39 29
95 174
47 135
150 158
140 13
33 187
195 12
91 80
61 41
135 61
140 30
134 71
197 106
65 99
100 177
60 13
117 18
141 25
83 137
68 119
180 117
66 87
30 176
87 18
68 120
151 161
106 31
78 49
62 49
127 14
105 50
56 141
112 113
50 163
37 27
173 191
55 172
56 124
97 198
133 193
71 145
132 118
152 22
36 104
37 31
132 105
129 184
184 171
90 166
54 183
170 81
158 23
194 71
21 172
190 139
54 168
47 3
11 146
106 134
87 162
166 112
106 56
17 157
118 35
27 195
81 16
0 111
107 182
7 27
150 14
99 49
136 66
182 157
152 2
160 85
4 115
103 131
5 155
165 140
21 27
85 134
154 88
149 4
81 37
187 105
199 182
45 9
143 157
151 109
4 3
82 101
46 132
45 127
188 53
128 31
109 17
174 83
164 102
5 47
80 115
175 140
85 30
143 91
115 17
39 73
181 39
30 125
103 114
166 35
184 92
36 173
71 105
54 188
49 84
131 103
0 121
163 56
6 185
113 102
88 46
21 144
190 172
147 150
97 162
103 85
93 14
54 76
156 149
128 34
171 91
141 92
129 154
177 189
108 37
57 43
20 171
178 104
178 13
96 31
108 188
62 189
98 183
41 142
46 145
108 141
37 174
38 190
185 115
29 63
130 15
55 191
10 57
185 189
24 5
118 37
173 24
106 44
112 40
73 28
129 191
193 49
6 152
170 195
156 50
115 96
38 172
162 63
39 8
188 23
77 164
36 12
174 73
93 44
76 176
69 184
130 23
172 161
33 158
30 11
134 150
133 193
97 167
123 73
39 128
91 176
157 157
59 147
144 14
26 142
69 6
47 196
175 128
133 12
152 184
139 159
42 169
199 36
186 133
81 28
179 189
144 188
37 118
53 113
88 62
176 180
108 67
6 120
2 135
16 101
58 138
122 31
82 21
49 153
123 34
106 105
44 56
49 114
78 46
53 174
137 37
73 3
37 109
16 186
170 69
197 117
170 6
8 72
79 50
81 95
185 42
80 175
122 48
79 49
84 177
62 199
88 113
22 155
25 182
151 154
124 180
52 196
84 114
103 55
186 102
128 85
104 192
154 178
4 78
72 160
186 32
103 80
26 136
102 115
162 162
26 104
182 147
4 175
5 117
37 164
71 10
48 50
146 93
177 20
13 103
81 183
121 48
113 155
178 8
97 176
167 154
149 97
180 72
46 74
119 75
166 103
45 21
135 98
165 146
127 50
196 61
8 51
194 17
69 71
163 76
143 113
15 78
151 142
94 26
56 12
169 85
129 197
38 190
10 185
103 193
94 18
198 136
135 87
136 104
159 90
44 158
45 120
123 13
170 64
187 4
98 21
165 192
197 26
141 150
46 198
1 57
18 14
187 73
61 70
97 128
27 2
167 84
26 176
55 38
52 119
90 75
58 163
35 156
41 63
73 14
100 147
26 139
11 44
112 177
127 61
66 151
188 131
55 76
83 56
148 60
193 107
150 105
36 127
8 32
154 25
159 121
188 160
91 160
137 119
56 143
38 189
42 94
101 33
53 125
95 10
199 87
181 188
71 81
138 195
9 198
35 179
10 133
162 115
91 20
146 45
46 33
78 198
27 89
173 81
35 49
35 174
14 42
162 44
189 42
14 34
50 143
32 56
90 171
35 20
191 81
107 70
0 6
103 194
67 134
162 82
47 42
58 199
192 124
38 171
198 118
107 94
193 94
28 147
19 166
85 73
183 99
141 48
180 164
61 123
191 25
31 188
49 16
158 74
187 115
157 85
94 87
108 151
75 176
164 174
156 61
52 171
138 41
98 26
37 197
124 35
163 81
54 76
76 154
148 122
158 4
91 161
161 125
170 178
44 34
73 189
99 197
162 35
88 79
14 74
76 46
184 52
52 29
143 41
156 125
138 63
4 89
101 112
49 52
122 41
127 145
79 26
62 111
0 147
53 76
82 67
195 100
132 56
171 187
65 132
73 44
108 106
78 44
176 84
177 76
170 114
22 176
31 129
52 93
197 38
187 4
84 72
20 64
183 45
171 171
153 193
77 168
56 170
62 64
190 111
81 8
69 18
135 125
28 28
85 187
33 78
15 186
25 95
3 77
43 115
190 186
15 144
177 63
84 11
139 64
182 53
45 25
81 31
48 8
174 113
89 142
4 185
52 142
183 92
190 68
82 162
109 55
60 111
4 149
123 157
153 171
24 64
101 58
149 32
178 173
198 176
151 139
155 84
175 116
103 55
138 124
72 11
118 175
60 66
32 133
77 60
49 116
199 68
78 73
104 104
86 193
78 30
20 164
60 167
100 122
98 159
138 195
199 9
143 174
30 56
74 52
117 177
159 151
126 138
90 140
174 159
16 143
141 128
81 48
156 90
190 63
94 163
34 189
13 94
44 107
84 145
54 8
114 181
23 79
10 118
50 193
139 199
89 30
59 35
159 55
197 194
131 109
81 119
100 183
32 103
167 197
14 169
168 150
190 83
28 19
21 123
57 34
190 31
58 143
166 48
80 83
10 5
196 145
192 76
12 101
55 38
106 171
191 25
15 138
2 61
13 53
156 71
165 136
149 105
107 122
196 115
196 132
41 124
79 1
197 156
133 197
50 117
135 166
164 98
5 112
112 71
93 108
2 54
158 45
81 67
50 64
61 79
37 97
124 124
91 168
35 36
174 1
3 155
168 158
179 81
132 36
31 3
97 139
185 67
107 113
19 157
158 85
104 64
146 151
120 174
114 3
162 26
1 130
185 85
144 15
42 70
7 132
87 81
153 22
0 96
12 46
105 193
59 55
94 4
37 18
149 194
152 94
151 139
152 193
127 20
101 99
79 146
73 34
114 160
78 63
122 33
48 165
69 167
51 110
81 83
24 14
32 36
34 120
34 33
87 159
63 141
190 106
164 94
23 136
12 181
4 5
160 169
43 196
134 134
115 190
45 151
12 55
168 106
158 4
196 78
151 114
10 171
189 104
184 162
11 86
150 134
96 84
140 154
159 102
144 26
127 48
116 54
11 0
15 15
118 110
88 113
151 126
30 184
15 144
57 78
154 75
192 127
72 171
155 191
164 26
188 156
149 44
140 73
181 119
119 125
26 118
137 131
135 106
146 121
80 11
73 191
96 189
149 58
41 127
199 38
89 35
122 139
146 197
144 97
20 65
5 143
57 191
0 111
198 68
178 118
3 122
10 34
178 160
7 133
137 118
173 175
172 38
121 172
168 89
178 123
95 0
199 101
127 77
199 125
27 71
137 190
85 139
168 187
182 37
117 166
148 177
181 38
118 167
88 186
122 22
173 163
48 110
157 109
5 107
171 82
115 118
23 154
92 68
57 44
140 62
151 70
29 95
22 54
44 145
43 4
193 28
45 163
29 1
20 190
164 176
74 158
168 151
135 146
84 76
196 179
115 155
77 123
36 142
122 133
143 49
112 13
53 144
132 49
144 141
189 89
172 114
148 160
158 148
74 39
163 159
134 138
177 175
194 195
126 143
86 167
96 171
78 46
73 192
187 109
152 192
76 158
168 193
89 100
181 45
57 129
142 123
23 30
60 110
30 3
6 86
139 13
38 30
78 143
76 14
1 120
151 50
41 193
87 45
99 0
135 198
44 19
7 102
100 159
25 196
116 92
1 37
63 100
141 73
170 176
95 76
9 135
80 53
87 144
1 65
111 140
193 138
137 90
50 186
125 18
173 7
140 96
86 64
63 52
59 116
89 163
164 1
25 78
33 26
43 65
116 17
132 164
193 144
71 109
111 128
103 157
70 77
67 32
39 179
149 150
182 74
72 80
182 84
71 14
87 133
5 180
195 53
59 75
37 66
28 72
187 86
31 5
97 104
96 26
115 64
10 84
27 154
116 192
149 102
199 165
187 68
25 152
38 62
30 22
37 114
74 177
53 192
185 57
91 128
199 140
49 42
143 66
177 0
33 122
191 91
135 92
63 92
39 24
139 149
88 178
122 156
61 142
11 143
129 126
128 133
39 110
12 110
31 155
176 97
12 144
35 86
11 16
47 123
15 105
185 160
127 47
29 150
58 3
55 186
44 120
83 13
67 7
106 9
137 93
39 92
167 79
199 112
53 75
45 2
195 107
147 71
50 113
180 21
125 110
78 53
181 60
51 156
92 24
159 107
18 104
87 56
196 78
54 82
103 190
103 58
173 86
19 84
162 114
80 163
55 160
191 181
93 85
9 12
89 138
93 98
99 132
16 118
129 110
31 125
185 16
128 25
40 179
56 0
77 154
64 16
132 122
141 109
124 30
32 180
13 47
57 112
124 166
9 193
43 135
147 161
163 147
106 92
154 154
179 167
168 128
159 2
191 195
168 20
96 45
83 135
80 129
28 164
194 199
21 133
187 49
113 175
151 50
151 189
36 15
176 131
172 109
67 76
78 55
151 55
14 155
111 117
83 166
125 181
2 181
113 108
159 107
13 29
112 167
105 71
165 132
63 95
60 199
168 19
97 23
76 156
193 51
66 63
190 143
11 47
114 135
11 166
135 174
96 183
162 6
3 26
26 54
35 143
72 13
2 179
25 10
18 153
66 130
112 62
98 94
29 53
34 89
26 106
96 96
155 138
183 75
180 68
134 75
12 27
141 36
42 156
30 11
181 51
101 141
17 189
103 18
70 194
185 86
199 152
82 101
95 105
185 132
54 49
166 183
166 135
24 17
123 3
85 33
120 40
111 193
147 109
44 134
53 197
47 90
75 80
159 79
85 119
154 94
171 169
149 119
116 15
176 159
128 146
52 126
70 164
31 44
111 21
4 50
122 183
114 30
29 140
75 183
44 146
48 182
15 109
80 178
27 181
107 53
24 59
47 50
53 92
34 190
102 162
142 75
142 85
169 53
97 192
100 77
157 111
87 1
25 10
139 176
190 85
188 53
86 184
132 38
189 54
167 128
18 49
166 55
43 186
11 65
160 162
190 115
195 10
180 130
46 173
39 78
52 100
189 191
138 39
56 58
82 185
108 186
160 45
63 41
45 17
33 149
95 168
20 76
51 108
126 112
193 107
90 37
78 87
27 171
142 185
182 5
52 63
134 53
1 163
108 131
126 44
82 186
25 20
182 129
19 184
159 83
192 71
65 62
181 57
120 107
33 115
24 75
59 95
146 194
80 167
144 70
93 24
65 26
33 141
118 153
150 100
97 162
5 38
118 161
66 142
25 191
55 146
180 112
196 76
5 91
156 143
17 190
22 168
129 113
25 34
43 120
137 68
112 72
19 192
154 4
125 46
78 157
106 132
192 170
10 67
155 93
99 159
173 117
95 117
41 73
66 83
29 30
48 151
55 126
44 104
192 148
29 13
6 23
199 47
81 49
158 158
129 124
154 103
198 83
50 77
104 7
80 151
82 115
122 137
43 169
112 12
153 147
30 171
183 81
0 74
165 22
18 105
41 189
36 27
35 21
192 197
136 66
96 19
189 7
84 159
63 160
65 146
199 159
165 113
190 137
52 2
38 18
114 62
69 44
8 126
8 75
98 174
127 91
100 191
104 170
195 23
24 157
38 8
163 126
108 14
184 25
132 31
73 168
56 146
49 157
157 38
44 82
131 6
199 41
182 143
25 174
127 122
116 159
106 141
74 71
195 143
165 96
89 164
148 176
80 141
170 71
177 122
136 191
96 75
153 134
47 4
31 199
14 35
134 20
72 35
0 166
169 103
96 44
9 152
6 72
166 17
109 158
74 39
73 73
112 58
58 46
49 125
93 171
126 45
89 185
52 11
199 164
96 117
43 52
137 74
58 193
197 41
82 187
103 145
7 42
63 199
169 155
58 41
28 77
166 147
173 175
170 198
180 106
131 48
51 58
23 58
147 190
23 126
197 91
158 86
134 150
64 151
160 178
33 52
164 128
170 166
31 184
79 94
30 147
149 197
178 17
32 178
170 25
41 164
122 58
46 76
115 128
74 8
18 198
110 119
134 39
51 197
125 84
113 57
85 88
59 159
80 24
75 47
135 173
16 196
108 120
62 162
84 156
3 61
145 160
14 168
159 69
43 88
60 52
157 95
90 56
36 143
174 161
195 47
79 6
150 172
29 52
195 148
152 89
11 15
125 58
0 140
7 197
109 126
21 55
2 139
141 40
167 94
117 17
186 108
114 45
35 75
105 163
86 14
48 113
109 100
58 7
156 3
136 47
111 108
29 196
50 127
192 30
89 117
187 8
29 0
104 78
92 171
140 1
0 49
167 47
199 155
118 125
108 3
54 178
176 94
172 197
162 132
42 59
187 197
149 96
55 169
14 147
51 84
122 94
82 149
26 7
13 149
12 69
31 104
30 182
176 138
19 91
198 142
175 88
147 119
48 18
110 56
170 141
130 197
182 93
80 36
25 37
57 150
143 187
5 178
65 1
108 151
21 26
37 140
182 51
7 146
167 28
17 68
53 182
190 77
10 179
177 169
3 87
130 192
83 148
17 127
128 129
29 160
31 66
82 64
182 160
80 147
173 10
128 7
100 37
178 22
148 84
13 36
125 165
174 19
174 50
141 51
149 14
81 88
78 36
105 184
6 133
9 34
62 155
113 152
124 131
49 194
104 114
20 42
13 51
172 13
155 13
40 22
27 171
102 165
45 112
159 181
51 67
188 52
169 98
185 19
32 143
136 37
171 15
88 117
195 61
31 185
96 6
4 35
185 69
182 72
166 64
177 34
89 13
105 151
94 111
45 34
149 28
72 72
150 12
81 43
194 33
189 89
21 37
119 101
100 47
84 109
186 145
153 85
117 158
177 105
131 17
182 109
189 17
30 137
61 141
7 41
166 4
129 184
7 131
145 42
88 60
48 97
58 0
168 162
113 67
172 72
187 113
91 186
128 138
193 161
60 37
188 194
116 159
117 190
118 162
38 181
171 30
169 191
109 60
141 69
162 169
19 122
36 113
24 179
138 126
167 102
178 155
178 46
60 11
172 136
17 129
44 111
14 1
134 114
116 26
44 20
67 156
170 36
123 50
123 158
148 170
73 16
68 96
116 102
144 45
61 198
130 54
0 39
176 194
22 47
53 174
60 72
175 5
96 56
9 110
94 45
148 124
63 50
70 176
72 192
51 92
16 165
172 1
49 187
38 55
83 158
26 191
95 62
84 5
129 48
157 51
13 61
98 30
155 61
166 86
16 186
28 175
12 14
175 116
110 108
93 188
100 189
67 58
108 10
78 29
139 193
159 31
120 173
42 82
51 80
6 110
87 68
176 24
148 132
160 190
137 37
165 113
198 104
53 71
194 111
143 2
142 185
81 100
128 55
137 39
74 141
168 111
59 32
49 140
173 141
150 147
167 115
60 140
22 87
3 35
115 137
98 71
136 187
14 131
35 148
121 136
16 5
79 42
159 177
38 191
60 74
154 93
168 71
88 62
38 192
73 60
118 145
87 187
120 20
67 82
6 183
186 160
168 17
162 62
124 147
82 50
55 113
150 110
60 5
188 90
150 101
77 152
11 133
17 20
143 154
195 96
35 165
116 77
64 124
156 14
72 162
71 137
170 107
162 59
115 78
28 100
198 125
14 12
110 9
54 25
147 77
145 69
113 69
118 189
109 143
186 174
9 18
39 142
54 1
102 64
175 181
159 165
44 173
91 34
198 171
2 34
76 174
6 179
199 111
153 123
122 146
140 190
15 135
9 35
91 68
3 174
160 104
134 142
47 141
21 77
159 194
11 148
103 198
157 116
187 72
187 90
184 16
3 56
56 53
73 17
56 146
42 69
194 167
145 133
52 87
39 20
115 183
27 117
181 166
37 12
134 89
171 122
168 60
192 153
31 105
3 97
27 58
103 22
137 143
189 162
43 145
53 158
84 78
188 169
58 169
102 132
136 118
155 134
159 26
38 197
180 46
134 111
162 141
72 175
62 99
116 73
70 157
160 134
198 53
198 19
92 54
92 80
10 28
140 39
109 91
71 20
85 157
120 94
143 27
58 95
50 161
86 22
102 66
31 149
129 162
143 25
28 73
30 85
75 132
36 69
173 194
87 61
77 189
5 44
120 167
107 41
108 47
189 108
70 63
164 1
86 127
58 45
73 79
144 179
33 79
85 162
11 134
14 194
155 115
54 191
123 88
166 49
80 5
30 39
43 84
52 85
147 27
80 84
23 29
19 111
167 117
121 78
86 56
164 181
19 8
112 184
135 20
120 39
57 100
164 3
74 74
33 112
20 56
41 183
13 168
7 143
47 147
171 48
30 191
33 20
174 65
196 48
175 195
138 0
80 105
99 144
109 65
170 103
0 128
31 53
145 148
69 83
58 131
184 33
50 64
94 152
137 83
80 145
191 111
146 10
164 89
159 132
105 25
120 159
37 184
173 110
72 1
166 75
144 196
102 117
10 81
177 104
172 143
128 100
11 156
64 166
120 162
20 52
194 13
92 90
141 103
121 87
108 5
133 45
94 77
193 142
99 5
145 85
114 84
0 153
185 46
115 60
184 151
88 188
6 25
167 154
8 8
99 9
185 65
144 152
199 30
129 118
32 176
165 194
51 49
7 99
19 143
153 43
54 126
25 108
180 177
129 17
76 6
21 99
122 178
148 194
155 198
53 90
62 100
17 109
23 102
157 145
60 103
40 121
108 2
39 30
79 116
142 193
7 129
162 2
33 75
126 108
55 50
64 132
155 197
94 79
90 126
26 124
129 115
15 117
11 135
116 8
109 97
35 39
145 74
7 57
125 97
140 162
112 86
142 32
42 20
65 98
86 137
193 156
44 140
119 60
75 130
88 75
6 40
148 8
73 36
63 159
25 71
49 141
138 22
31 62
73 33
112 76
10 106
31 125
192 143
57 180
101 168
161 113
96 146
177 148
146 88
56 137
1 5
126 12
24 125
151 144
174 16
38 164
158 114
71 114
144 184
135 149
16 72
148 108
135 160
5 82
72 59
78 125
151 101
175 26
84 20
10 21
163 63
77 159
98 154
10 182
125 62
170 49
176 185
24 5
116 177
68 60
90 129
94 32
22 144
85 10
169 154
141 72
145 107
127 130
107 170
100 58
7 90
6 3
95 71
175 79
183 145
58 172
27 162
10 171
187 92
130 78
130 48
49 51
73 183
9 95
69 139
70 34
20 18
14 164
76 179
152 130
6 29
55 197
118 87
136 184
11 21
85 148
22 44
128 145
155 141
196 55
135 155
191 92
109 86
161 20
88 188
159 32
55 42
160 60
163 58
30 110
65 142
7 140
155 118
90 1
7 130
23 64
191 103
176 76
129 9
188 197
111 132
49 72
57 143
137 85
137 3
167 195
93 181
85 48
25 91
134 70
45 163
119 168
162 81
8 92
180 132
88 152
5 35
65 170
47 5
56 199
198 169
80 21
180 90
169 181
92 192
164 58
195 34
22 132
81 35
183 66
36 3
198 42
61 185
59 169
95 31
149 17
74 136
85 122
82 12
34 114
114 0
41 137
134 181
32 160
10 42
17 169
14 42
117 12
180 64
58 100
10 65
2 188
9 190
4 109
0 9
157 39
46 194
5 158
38 103
110 79
147 42
192 177
77 127
5 14
68 141
172 162
132 198
50 121
44 45
158 118
176 43
91 108
126 156
64 78
93 193
39 174
191 19
174 183
167 177
100 33
11 79
90 11
6 124
119 120
142 4
130 140
16 124
117 102
147 192
20 25
69 40
129 94
38 12
153 182
193 115
27 135
127 100
6 142
81 176
38 50
103 16
1 133
152 165
153 196
189 69
148 175
125 173
18 49
34 164
159 55
96 57
104 94
164 45
34 119
104 99
44 102
44 71
27 90
141 10
187 8
38 190
26 193
83 44
194 48
50 90
17 84
75 30
51 52
80 46
48 72
50 29
77 42
155 106
98 196
113 138
74 140
116 176
115 97
146 36
198 181
100 177
196 117
41 111
3 33
33 151
48 66
70 197
107 53
183 12
40 182
164 63
94 104
111 114
44 40
66 18
49 104
68 69
154 173
21 55
72 38
57 11
82 7
180 26
134 137
171 118
148 90
164 4
170 111
0 125
94 44
169 156
58 54
176 170
122 92
32 151
56 163
44 145
46 23
174 181
198 36
70 109
103 80
117 90
157 93
21 182
139 70
62 169
166 92
68 56
165 22
22 55
65 178
158 22
150 89
92 148
186 91
134 75
52 14
31 47
185 158
32 186
105 191
159 73
180 120
39 177
58 58
70 118
132 110
187 106
12 113
63 17
24 182
19 25
178 162
21 80
96 14
44 160
18 115
138 168
104 28
189 51
92 40
170 139
187 31
96 59
81 163
56 68
60 135
73 48
95 78
10 169
129 68
114 86
198 39
42 86
50 185
187 77
21 180
154 44
148 30
137 70
150 173
109 18
146 177
177 1
35 11
176 191
156 142
18 180
144 160
40 179
38 75
107 118
69 118
82 71
23 29
198 49
77 96
78 134
3 139
164 65
158 52
174 128
162 125
1 3
115 70
175 42
146 28
17 191
194 186
64 185
167 199
51 165
146 110
22 66
65 113
55 44
68 149
120 9
165 20
178 91
173 91
136 24
149 70
192 198
29 18
94 41
120 41
127 140
180 134
44 107
157 26
68 50
193 152
13 93
65 58
20 78
42 76
80 127
54 98
23 140
34 179
165 43
21 110
148 79
162 197
186 114
52 33
73 69
84 186
55 106
0 133
48 127
193 174
123 35
194 16
169 6
50 5
180 172
60 117
149 56
76 69
153 15
97 163
189 171
54 194
19 7
185 71
112 123
36 127
108 82
169 147
95 94
97 81
36 41
33 121
15 176
180 129
30 56
155 132
52 169
71 165
181 107
89 180
163 9
187 27
48 76
179 103
85 170
168 115
103 106
99 132
184 182
90 179
88 129
180 68
194 129
138 58
7 175
66 58
113 163
182 54
120 128
23 104
113 113
57 43
182 93
65 111
59 41
142 149
24 140
52 16
14 140
36 36
61 152
179 172
93 13
173 177
157 192
79 182
94 1
99 72
117 85
176 38
87 127
118 47
186 28
6 131
136 183
188 87
129 72
24 27
122 47
3 78
153 98
167 13
161 139
31 97
10 136
57 12
158 35
52 21
117 127
48 64
19 170
122 125
170 44
137 163
82 168
192 189
182 155
199 105
162 24
142 117
157 198
131 26
34 157
58 11
24 69
61 87
180 118
191 114
186 130
177 146
180 60
65 9
90 168
174 64
185 113
117 83
20 14
2 20
64 46
71 108
147 117
14 110
54 185
71 98
23 131
127 69
0 97
123 147
65 51
148 106
22 67
54 35
30 5
14 79
76 118
86 117
174 45
51 146
127 63
110 127
109 165
107 11
81 190
139 158
76 181
54 106
162 164
126 117
12 163
14 145
115 194
162 30
131 6
187 58
11 52
112 175
143 175
199 130
44 26
149 72
65 149
189 113
98 136
0 129
122 85
65 17
124 186
44 173
181 82
62 29
159 84
20 107
130 51
101 129
20 46
157 141
82 110
152 55
96 65
107 130
73 128
89 154
99 53
131 112
89 168
73 73
4 187
136 28
159 165
80 111
134 151
199 93
41 132
173 24
122 151
147 177
144 6
150 55
182 93
47 194
87 173
47 148
146 103
128 30
48 111
119 6
100 179
34 41
171 128
186 192
196 63
61 5
72 87
61 148
19 13
193 77
197 20
58 9
196 141
37 69
3 190
69 47
56 150
28 115
95 84
114 183
177 161
7 162
24 48
194 18
60 12
134 19
13 194
174 185
13 67
78 145
5 171
55 179
158 168
127 133
183 68
68 16
138 82
128 121
22 170
62 44
147 24
9 42
92 168
171 64
41 95
94 89
6 142
19 17
184 6
51 6
93 83
99 104
185 39
15 121
131 124
94 158
141 11
109 182
7 122
36 59
116 153
17 95
83 93
198 31
154 61
39 80
142 171
119 47
86 52
57 96
138 142
172 56
161 100
74 138
94 118
63 43
146 173
46 75
94 104
109 172
96 66
172 98
51 146
103 34
199 187
157 16
60 182
150 178
62 6
10 15
106 56
93 149
191 169
53 132
138 86
23 11
124 5
135 25
158 177
30 184
118 39
179 107
119 62
157 128
23 116
13 173
181 175
164 10
54 80
30 156
189 156
109 188
158 156
63 141
130 145
103 198
178 108
10 51
198 69
95 135
193 127
0 44
14 120
122 1
111 179
13 181
114 16
87 10
166 44
115 186
55 150
88 14
163 60
151 164
92 19
27 67
77 164
162 186
158 159
93 34
65 82
38 65
196 160
25 184
18 114
19 38
73 147
125 13
169 33
113 148
116 123
133 106
175 32
88 23
160 19
173 134
152 191
13 128
97 57
47 59
71 51
14 198
73 187
166 128
91 98
50 171
148 182
196 87
86 186
68 5
105 156
168 46
0 8
72 178
116 81
49 70
96 191
110 36
158 144
126 173
11 169
73 59
191 15
189 197
70 19
195 160
15 105
143 180
152 40
52 173
117 111
159 16
184 120
109 68
196 59
1 37
101 111
116 131
139 145
45 130
195 75
66 195
10 62
107 183
182 168
117 5
58 179
103 69
148 61
22 152
48 158
175 172
102 32
148 6
80 170
70 198
131 160
97 171
192 172
168 135
165 198
137 3
120 181
123 4
92 67
56 102
1 18
86 55
27 91
99 23
180 27
52 25
33 39
76 16
190 45
98 182
165 9
28 102
5 21
193 140
154 76
36 52
48 53
62 74
40 83
140 114
133 99
150 119
167 105
155 153
44 146
198 15
40 162
163 81
70 66
31 92
180 31
150 160
142 103
13 69
152 13
113 182
168 61
30 12
83 159
131 137
117 19
127 100
77 116
185 128
165 164
2 166
38 88
74 155
45 57
80 80
70 60
187 26
105 147
161 2
67 48
13 95
161 25
49 107
141 50
159 144
95 4
144 130
31 167
145 56
175 111
120 26
57 140
169 117
31 197
170 194
11 74
74 128
64 46
156 12
77 153
78 55
157 188
85 5
20 38
137 5
183 52
23 8
182 39
82 56
17 45
95 17
12 176
97 55
25 146
46 81
107 150
78 53
21 133
0 15
17 17
179 98
107 113
130 121
91 82
98 119
128 182
114 41
193 122
191 24
111 101
107 34
62 183
124 138
18 147
21 18
48 15
169 50
8 161
53 101
69 116
69 188
56 161
112 17
132 124
8 188
55 151
174 21
176 154
157 84
76 8
44 1
33 177
170 92
86 31
91 103
50 197
77 100
111 42
3 100
24 197
176 70
74 65
121 148
192 161
158 132
19 23
19 0
82 74
59 76
132 96
178 180
142 179
63 33
178 166
13 66
72 45
52 167
15 26
159 62
76 194
177 81
94 190
125 37
27 101
125 29
174 148
148 154
133 39
85 14
49 157
57 129
1 83
30 186
15 23
174 177
191 182
163 180
79 183
6 138
95 102
147 125
131 16
146 131
125 127
31 29
147 166
52 82
136 6
106 104
130 186
121 81
44 72
44 14
1 87
20 71
67 138
193 161
166 1
75 15
68 142
63 114
38 101
19 163
71 39
196 122
80 166
71 193
49 3
174 138
93 167
143 190
14 104
93 44
78 133
171 197
168 45
31 78
175 132
45 148
9 189
81 76
37 7
150 106
113 48
133 124
178 48
94 139
126 172
11 64
100 113
121 134
114 8
127 144
101 194
165 66
130 91
108 44
112 51
62 121
27 111
187 178
121 4
59 114
138 168
124 59
149 162
57 12
167 16
128 183
14 57
65 55
104 115
74 40
101 168
46 157
105 145
41 185
119 28
78 4
102 152
33 99
132 33
173 107
171 165
133 98
52 151
160 18
198 164
122 26
180 85
138 156
79 113
45 160
10 92
76 51
179 15
135 133
9 90
177 110
145 119
78 165
40 10
80 117
64 5
157 0
155 123
174 61
133 101
92 192
190 88
126 5
73 5
122 43
87 93
9 41
57 3
150 109
23 146
45 131
85 52
158 194
137 41
150 118
103 13
161 9
26 149
103 41
181 151
101 149
127 49
150 115
176 185
111 67
60 195
118 66
93 67
143 12
171 190
36 118
197 16
60 77
71 125
124 37
144 65
149 15
46 96
124 148
104 122
14 166
157 161
182 6
150 45
112 110
52 193
151 148
188 88
125 52
162 177
67 90
114 82
147 13
191 51
128 121
136 90
0 29
7 82
24 195
135 6
56 24
18 165
62 164
146 140
8 53
195 65
36 28
20 12
3 175
167 119
135 40
163 178
82 83
58 16
160 30
50 168
58 93
110 132
159 183
151 154
129 76
96 142
98 167
138 80
165 139
33 2
40 30
100 187
11 137
107 187
52 182
45 95
57 1
47 131
89 185
9 63
55 77
127 98
25 139
19 16
104 0
188 23
58 144
95 63
46 172
172 131
64 124
187 192
135 111
127 134
196 166
41 161
111 189
146 2
135 121
69 38
129 166
166 114
75 5
182 133
57 60
0 98
94 63
21 149
176 51
47 57
187 30
22 73
31 42
187 104
66 129
16 9
138 145
77 198
63 30
130 22
39 175
128 70
198 54
144 29
51 87
15 83
17 135
8 35
125 98
181 80
188 58
75 12
192 134
151 126
72 24
4 76
161 184
186 124
36 49
187 24
41 31
47 37
165 61
155 41
21 132
104 73
18 198
139 174
67 173
136 182
51 195
130 102
133 23
7 180
172 132
197 131
5 175
191 162
88 69
152 127
77 135
194 48
4 104
175 154
173 187
143 123
177 197
49 179
160 41
147 83
107 123
113 184
154 135
3 38
43 190
97 65
107 122
5 10
65 106
46 74
192 143
125 19
84 198
9 72
191 178
125 158
187 24
183 19
147 61
87 164
172 73
2 120
185 81
108 154
142 40
51 86
137 34
183 7
89 136
112 178
165 120
51 127
52 124
117 165
48 95
83 100
81 89
170 193
66 180
132 1
19 91
155 187
187 188
116 119
12 20
167 92
89 13
124 180
2 61
134 4
161 184
97 129
199 193
193 49
143 17
50 36
199 132
122 5
150 168
44 137
10 139
102 42
161 115
116 166
185 186
21 134
86 14
69 157
131 186
14 11
126 20
29 81
172 75
94 196
84 11
104 76
11 158
170 109
148 37
130 116
146 43
51 80
183 125
194 134
1 79
91 118
182 6
119 94
155 120
8 180
133 138
123 187
82 42
130 127
111 65
152 109
188 10
166 36
76 54
180 103
89 74
165 51
181 77
161 187
154 11
160 14
43 37
7 82
3 108
108 194
126 155
143 63
43 150
136 36
91 60
168 165
78 134
174 192
2 80
21 29
147 167
197 91
90 5
62 167
68 122
167 170
28 192
21 157
144 18
140 39
142 72
84 108
82 49
47 79
111 127
157 195
95 145
47 115
36 32
62 75
199 160
110 81
120 6
70 162
17 167
55 144
77 28
135 27
152 194
94 99
50 192
179 134
138 4
3 138
186 192
98 42
36 162
150 14
19 164
21 82
120 12
45 21
62 80
83 197
61 156
104 158
60 146
164 117
59 175
31 150
190 40
116 192
188 14
60 48
67 153
144 126
65 151
135 36
149 158
149 133
13 29
143 28
64 128
132 148
54 20
188 5
67 143
73 160
57 89
10 36
29 36
56 172
192 151
55 159
33 170
71 99
138 119
145 149
183 181
15 134
58 59
103 108
181 38
17 160
177 29
158 192
40 76
195 154
54 121
188 40
100 191
137 60
162 193
7 144
67 68
72 106
9 133
123 24
64 142
70 31
28 186
194 108
97 142
23 39
69 164
160 150
175 132
55 23
126 142
82 86
24 56
190 113
154 95
68 74
134 8
55 23
197 11
1 99
19 89
185 136
133 139
93 43
84 135
181 97
35 11
53 16
117 112
14 46
78 52
57 57
161 71
0 183
142 197
35 114
83 68
176 115
69 183
147 36
109 139
129 111
161 98
29 180
18 148
42 163
59 29
113 190
6 0
14 117
175 131
34 92
135 109
148 193
118 99
25 198
94 73
149 137
160 74
120 176
65 94
91 94
11 125
15 130
72 16
125 44
196 40
115 70
90 153
18 149
33 181
6 136
179 192
16 125
102 71
105 64
126 82
106 53
81 97
131 158
42 16
192 23
11 97
71 155
120 75
93 53
89 21
48 41
151 90
19 109
65 157
21 142
68 146
138 95
149 138
73 155
31 199
8 64
77 156
156 102
92 25
188 104
10 189
114 42
83 31
44 195
144 17
139 199
179 148
135 122
124 32
164 194
86 88
194 81
27 139
169 171
96 90
73 45
81 0
67 21
29 25
155 160
48 12
153 75
36 55
40 86
18 47
88 7
76 142
82 156
100 136
6 104
121 27
64 102
92 30
110 177
136 28
175 180
5 0
95 100
127 70
162 133
142 70
135 142
51 161
22 146
71 146
126 3
92 171
188 4
178 198
181 27
82 34
70 189
26 27
72 192
138 156
62 109
36 41
84 117
192 11
26 28
53 120
38 85
60 125
105 94
162 17
157 47
175 97
166 64
60 185
16 86
10 37
151 192
37 127
179 52
49 171
128 95
192 106
42 154
24 49
53 112
33 20
49 118
190 167
175 145
56 168
43 15
30 121
22 96
139 80
77 165
186 123
5 29
78 18
156 66
158 101
138 23
179 197
148 69
103 52
110 120
187 153
36 170
89 137
170 173
195 183
168 27
120 118
193 170
162 24
186 188
25 24
50 85
171 70
5 1
2 184
78 165
38 82
125 130
49 99
159 38
56 11
52 112
192 147
115 89
0 68
131 104
97 96
155 106
137 188
128 196
155 40
108 5
82 23
185 10
111 122
77 51
79 198
97 196
102 17
153 19
86 88
39 9
174 170
56 190
76 165
15 67
36 135
162 171
134 173
142 118
132 178
89 89
43 148
13 102
40 77
9 164
16 197
56 115
74 173
74 66
185 53
119 65
98 131
37 111
38 64
120 31
171 174
75 58
156 0
85 44
189 176
198 108
197 129
144 9
92 169
54 165
67 43
163 109
136 30
164 3
165 87
100 17
118 194
16 5
119 50
131 106
176 172
93 180
113 143
143 197
61 113
3 159
31 99
30 2
131 39
8 194
164 111
144 64
66 91
9 144
192 21
1 123
34 150
188 67
111 132
61 85
167 153
64 11
90 61
63 172
181 117
73 155
184 127
75 56
151 168
65 120
18 21
179 17
67 2
50 72
194 142
165 71
185 20
52 23
155 153
133 163
135 45
153 65
55 112
30 122
26 13
50 139
103 130
38 52
78 23
153 129
8 135
184 120
5 189
87 72
103 172
31 6
181 172
121 17
48 156
166 101
37 13
34 74
111 76
20 142
140 82
197 167
191 42
59 107
195 180
147 192
21 61
174 154
63 12
52 120
153 123
167 118
23 107
123 8
25 44
147 24
60 145
60 89
36 92
171 172
185 188
86 42
42 98
66 138
166 124
105 118
35 23
32 161
87 174
196 198
66 176
95 130
73 28
9 50
120 114
94 67
90 98
116 15
91 107
183 97
81 188
149 77
54 13
113 64
138 118
181 10
135 183
0 46
107 186
102 167
60 67
61 87
128 77
67 22
185 180
167 107
60 2
113 109
196 167
97 0
15 120
178 164
132 143
160 81
29 51
186 138
62 13
31 147
62 123
36 149
24 126
73 164
170 128
111 131
131 150
87 34
3 4
136 118
138 161
192 3
158 160
9 5
134 176
182 86
91 147
199 8
181 148
12 36
43 75
181 97
66 7
55 0
75 49
143 100
157 23
148 21
153 90
135 108
137 33
68 102
72 128
197 167
196 66
34 51
195 110
77 72
67 34
185 137
136 99
184 122
115 131
134 76
167 18
11 145
95 14
177 127
27 71
152 79
59 59
195 7
79 103
113 57
133 59
151 78
38 32
52 191
194 164
144 153
196 69
162 165
77 77
155 87
112 104
104 103
36 65
143 40
148 99
14 43
79 142
156 17
151 111
40 61
143 53
135 192
182 192
40 85
17 52
195 132
166 170
6 102
82 141
132 126
145 85
81 27
66 71
82 55
22 109
64 161
86 13
174 188
43 194
101 1
28 191
146 5
74 185
126 119
179 37
70 98
147 163
38 145
106 195
93 174
31 186
59 16
102 166
118 48
158 188
162 105
45 92
197 168
86 59
196 36
51 104
16 178
54 53
195 140
117 185
50 29
32 74
3 83
100 107
82 110
119 70
40 112
162 140
1 175
199 42
166 53
117 175
56 120
85 167
196 56
8 37
149 11
88 52
65 117
52 180
140 37
26 63
193 55
61 170
58 71
84 47
178 108
83 64
50 113
85 182
88 65
71 133
140 22
29 80
76 197
163 138
20 140
183 178
186 134
93 96
154 139
40 38
127 68
153 15
135 166
68 6
6 50
42 130
75 132
97 106
85 1
84 105
130 30
182 129
190 183
124 131
172 22
134 35
51 91
124 113
53 100
139 32
199 150
159 53
125 61
183 51
31 0
127 9
102 172
151 16
121 195
79 24
161 14
157 43
82 71
188 116
7 106
52 58
81 178
166 92
157 134
161 61
96 199
142 83
139 114
109 155
87 27
49 56
139 30
139 199
166 193
99 195
126 177
70 108
92 49
162 154
176 133
179 104
194 31
140 44
169 132
103 37
190 141
11 193
182 132
135 147
10 38
13 125
28 38
62 83
79 107
80 74
90 40
85 119
171 167
35 191
13 58
90 175
159 175
59 167
111 73
47 151
9 4
173 77
41 32
97 77
81 195
190 161
1 168
91 195
29 178
105 57
157 4
74 199
104 45
20 23
87 169
60 19
167 28
98 160
34 84
130 69
126 0
170 167
137 28
107 107
72 42
72 190
149 168
6 83
142 78
31 131
55 169
128 166
156 21
160 13
58 165
73 190
68 42
179 24
147 157
194 41
98 121
189 13
48 79
173 199
53 133
154 142
78 32
99 8
195 150
103 39
74 105
122 134
86 43
164 157
115 36
68 93
62 165
50 114
148 178
159 65
54 177
9 38
124 196
184 183
0 33
145 83
183 183
63 7
137 9
106 85
28 76
152 55
108 156
62 56
184 111
61 166
128 55
152 112
128 75
79 90
88 56
179 7
124 153
115 159
91 74
56 32
119 41
18 96
25 135
139 21
141 42
10 26
73 45
198 52
42 34
193 127
21 34
99 115
149 173
67 130
189 68
86 26
63 192
94 32
5 111
144 199
36 73
71 22
119 34
190 19
73 75
131 152
167 131
190 74
99 142
5 31
137 89
53 94
15 146
111 146
123 54
79 128
161 101
186 143
142 187
179 95
134 108
125 87
12 177
105 94
78 78
21 29
143 199
70 77
193 51
134 108
101 78
185 96
55 178
164 54
91 149
134 85
185 30
59 76
11 32
136 65
40 153
115 166
3 173
187 196
163 135
27 15
98 28
74 149
153 138
59 160
4 159
81 140
92 114
95 142
134 46
83 2
28 120
92 182
11 149
12 22
63 164
76 153
197 51
109 125
5 12
122 32
120 12
106 130
76 88
117 65
17 87
19 92
134 172
143 196
60 47
156 101
80 5
164 117
72 19
167 149
7 60
107 33
181 3
140 12
173 57
22 152
85 61
57 48
21 61
140 182
29 121
38 173
80 126
100 1
131 150
73 61
135 154
140 178
148 12
128 58
59 139
11 60
100 87
99 90
69 59
117 91
123 92
181 193
184 69
40 195
57 32
173 120
168 105
141 36
199 168
48 161
159 198
190 99
74 76
82 134
111 114
159 121
194 101
138 155
138 198
100 82
106 98
174 164
128 33
134 149
135 23
141 123
44 173
173 74
121 199
56 90
55 194
104 173
166 162
30 35
32 51
119 5
161 6
125 12
34 41
74 29
93 60
120 114
158 73
87 39
53 119
113 154
54 74
60 158
103 27
139 157
9 154
33 42
149 13
30 73
126 71
26 21
196 42
57 57
105 71
128 135
55 81
19 20
173 148
129 71
170 19
22 75
147 146
178 66
162 191
141 10
129 171
149 89
22 16
75 173
46 125
66 43
44 20
168 118
87 117
64 50
137 191
137 125
120 146
86 52
10 168
68 188
162 116
88 123
42 178
119 118
5 180
150 164
59 115
106 99
45 13
30 144
181 40
8 50
91 123
91 141
196 72
17 165
192 65
90 107
144 180
139 8
188 158
108 35
6 49
148 48
45 75
61 183
108 193
29 177
172 66
53 121
100 100
72 146
27 67
65 46
79 185
55 49
24 44
85 0
123 139
105 82
133 88
38 145
43 13
31 98
11 187
34 94
187 120
4 142
88 150
175 6
115 28
83 3
15 125
73 57
10 190
41 182
31 89
177 108
130 8
182 151
78 174
132 8
57 96
19 135
165 106
72 187
8 128
173 76
125 84
132 154
127 142
2 13
165 195
67 129
39 150
9 22
30 68
190 173
142 32
187 191
180 20
119 173
172 39
190 160
188 149
9 83
97 114
119 121
41 64
98 140
110 149
16 181
99 59
84 43
77 141
77 111
108 180
115 7
70 99
177 112
87 66
70 179
142 51
191 64
79 22
43 108
195 55
169 2
99 116
141 164
121 124
1 106
13 135
25 53
80 184
104 172
155 43
9 38
92 150
46 34
182 88
148 28
19 94
41 39
194 192
45 15
21 109
43 60
34 43
99 52
60 120
42 4
188 90
144 160
12 106
199 184
189 185
17 63
174 123
146 131
85 40
12 98
46 107
27 78
2 51
104 119
121 181
192 108
172 49
49 68
9 39
148 76
163 99
145 34
187 11
126 85
77 58
156 3
97 70
22 184
71 193
98 87
72 125
148 26
156 25
37 199
16 63
47 64
95 84
199 2
133 177
171 115
2 26
61 63
176 80
2 44
185 3
188 107
160 150
191 141
161 179
121 175
123 155
69 166
87 135
182 49
110 190
122 51
70 32
14 4
175 51
144 34
156 167
51 98
188 92
12 86
149 66
32 48
75 131
77 87
147 37
17 17
92 171
82 193
117 166
19 196
67 52
18 176
118 90
185 87
194 24
12 113
172 62
139 133
107 59
148 141
87 71
94 97
141 121
140 15
170 109
140 21
183 131
187 15
90 176
118 10
89 35
9 10
170 108
100 20
135 87
91 119
113 75
51 18
146 48
134 150
6 135
133 120
23 35
167 71
138 167
52 60
194 156
76 169
115 7
195 55
133 173
84 117
86 25
50 78
72 15
191 62
127 58
105 13
123 68
58 154
138 142
122 185
35 12
84 9
193 33
98 90
106 182
83 154
41 137
184 103
158 135
149 86
44 67
11 10
177 38
104 132
6 189
84 57
8 180
81 176
16 13
68 180
136 159
157 75
67 65
35 163
19 91
75 118
120 180
60 37
83 10
121 41
69 130
178 31
142 2
93 29
146 25
73 47
7 145
105 55
178 4
199 97
197 92
126 9
119 180
19 39
199 141
109 1
105 83
126 124
114 139
69 173
38 18
186 168
93 20
86 120
125 83
22 78
117 58
110 132
144 34
191 11
58 177
6 23
13 43
195 135
72 170
12 63
9 138
110 51
9 138
192 142
4 169
13 112
194 188
196 164
128 141
169 145
73 156
114 169
184 85
152 129
107 155
118 132
183 147
92 160
90 57
98 101
198 137
57 53
156 128
154 87
42 43
117 4
196 30
52 2
119 23
113 91
48 24
67 1
142 185
175 82
163 118
139 88
66 54
98 103
132 120
69 156
16 198
130 92
36 36
139 185
173 103
187 67
61 33
30 6
121 107
70 21
102 138
62 196
110 93
6 121
42 176
54 149
87 186
4 173
104 83
107 56
52 194
72 130
159 177
8 132
108 141
117 71
46 27
104 152
141 10
177 5
5 25
197 187
34 38
171 2
64 142
73 137
88 182
36 141
12 105
170 39
177 64
102 26
85 149
153 165
37 79
89 24
72 192
95 195
120 148
71 127
48 14
72 78
44 186
128 174
77 125
68 149
27 90
101 110
107 194
185 106
53 70
145 21
179 164
193 181
67 17
15 19
33 167
61 44
183 123
57 147
82 84
112 17
1 99
182 102
57 134
32 124
39 79
81 75
52 42
190 36
4 109
188 33
62 198
48 73
195 41
11 90
135 148
106 199
71 79
154 41
64 105
56 17
33 158
135 99
148 167
24 151
5 91
75 44
41 54
162 150
46 170
25 123
33 190
8 56
157 168
45 185
121 70
188 150
34 178
17 16
139 172
13 31
44 159
14 12
118 43
93 59
80 5
8 185
5 68
90 162
39 197
176 139
123 56
177 172
24 92
148 101
193 6
127 183
54 91
26 176
102 173
112 69
32 163
68 6
163 130
97 126
168 143
34 1
64 113
154 95
176 70
134 141
39 123
166 177
75 53
84 143
0 134
7 104
34 188
30 11
71 65
125 83
183 15
64 172
111 56
139 177
63 145
94 96
66 36
157 34
128 180
111 178
35 140
72 4
133 41
33 170
125 194
126 145
191 21
119 91
179 50
117 47
108 165
129 7
85 105
93 55
30 150
104 14
37 50
27 186
188 106
22 4
14 39
133 46
199 115
26 72
31 37
95 91
103 126
32 186
112 159
88 164
72 101
89 124
181 46
90 75
108 84
37 23
185 99
136 173
74 41
171 113
92 197
48 196
153 112
155 139
21 182
81 56
110 9
50 192
185 32
7 143
197 16
67 5
181 47
126 31
175 110
36 107
14 25
97 143
153 99
124 2
168 174
190 195
155 38
198 21
89 103
46 28
41 196
152 71
97 136
54 80
31 195
89 104
116 146
65 17
103 5
199 101
94 27
85 136
101 28
150 138
0 76
66 182
189 86
35 7
45 137
28 187
71 149
35 137
70 182
31 57
31 12
57 170
142 184
155 71
41 60
0 97
93 137
136 183
13 169
3 3
76 43
79 48
142 53
169 31
58 75
39 94
108 115
42 7
88 55
72 55
82 175
49 13
4 129
106 171
87 76
19 102
87 184
186 176
35 158
54 169
104 152
139 19
33 14
185 70
149 175
134 52
140 70
138 138
98 120
130 120
16 146
22 184
50 81
26 86
79 172
52 171
30 0
154 10
189 42
17 144
58 98
90 111
124 51
10 126
155 172
188 166
186 67
85 27
180 171
151 116
127 168
127 19
172 87
98 66
111 51
188 162
21 155
167 54
173 105
190 150
133 85
88 103
20 79
159 33
80 38
71 0
29 77
107 11
138 23
142 165
5 69
105 192
65 169
87 195
40 130
161 15
159 142
47 141
169 177
158 103
193 1
67 161
119 119
7 186
154 115
124 33
59 84
74 132
137 194
16 169
132 196
85 180
116 193
108 97
148 5
133 92
198 98
28 15
95 194
109 2
122 34
100 168
110 57
142 61
72 137
199 36
13 13
26 187
76 155
192 117
30 179
44 160
73 46
2 54
3 187
54 130
116 168
45 194
10 68
16 49
55 30
30 31
197 141
123 93
17 153
159 31
15 123
146 17
165 178
119 126
81 141
40 195
190 31
49 95
18 87
122 68
129 42
144 145
70 196
120 1
3 62
0 67
99 42
66 1
189 158
188 160
69 110
173 181
103 178
96 23
112 174
70 37
98 193
123 30
193 3
109 16
58 195
148 142
96 66
167 55
28 175
127 191
153 94
115 104
22 159
17 100
15 122
148 158
53 79
63 104
153 18
131 176
199 55
82 136
54 176
77 69
115 35
87 154
88 48
5 54
171 154
173 104
6 116
86 151
125 172
131 0
59 188
113 49
41 112
153 37
166 21
114 173
122 124
36 109
126 177
55 135
138 60
64 93
135 50
139 110
71 199
123 20
154 80
123 45
70 53
174 14
147 178
23 15
130 79
146 78
61 44
73 91
38 129
158 179
152 115
110 60
133 196
39 102
131 109
38 110
95 32
31 79
85 187
134 75
180 167
169 28
36 24
158 22
95 59
171 13
45 78
86 124
32 119
117 56
103 3
178 75
78 192
130 161
7 110
142 88
123 105
81 171
115 175
178 98
138 138
89 24
38 76
176 93
46 114
28 126
123 33
161 1
113 72
82 2
37 88
138 93
27 168
152 112
109 154
70 122
21 22
132 174
82 11
101 59
192 122
61 136
135 81
178 126
108 174
149 74
98 159
173 40
100 2
34 133
57 197
81 64
95 16
102 87
63 24
109 106
197 76
97 181
198 129
54 33
188 125
105 50
70 63
188 165
2 77
105 143
84 36
56 118
3 92
165 62
135 48
100 77
158 186
64 160
60 113
39 167
128 183
45 72
84 12
58 114
118 160
169 25
162 63
44 3
7 7
189 38
31 86
199 118
198 178
25 170
196 151
123 25
8 50
53 112
112 78
57 35
2 105
87 96
168 77
128 60
81 12
16 96
150 149
39 1
93 86
156 65
187 5
19 25
169 165
194 194
9 185
94 24
45 4
149 190
183 49
155 82
21 164
57 182
189 46
110 102
79 98
93 75
138 15
116 16
65 152
108 91
150 92
34 71
180 132
6 107
30 183
89 68
38 43
60 39
2 12
32 19
37 6
154 173
25 170
31 162
112 34
42 59
51 152
74 101
158 82
54 13
157 89
104 117
106 1
156 101
19 70
86 3
112 120
22 147
191 32
97 100
22 90
41 199
152 114
179 18
93 118
109 38
192 131
191 124
10 139
63 175
165 185
14 194
154 149
54 105
43 27
28 11
153 41
102 47
92 187
60 85
132 145
32 106
39 129
115 190
1 39
57 177
95 151
194 104
5 57
90 13
124 18
183 7
23 111
196 7
1 98
82 128
174 180
186 23
62 133
171 34
162 21
169 196
65 136
112 118
183 125
62 58
118 184
11 114
181 2
85 15
7 121
14 184
195 93
57 151
199 12
124 24
173 77
66 164
73 31
159 179
117 51
145 14
11 128
145 37
138 150
8 126
45 54
15 83
51 182
34 60
135 90
91 147
31 95
80 33
45 161
87 60
58 20
64 171
113 128
112 137
52 29
149 86
124 128
69 124
124 53
31 28
48 24
47 105
64 33
139 0
30 10
56 62
136 46
20 29
37 28
135 126
95 134
131 51
25 157
75 151
111 101
179 155
15 65
152 175
32 184
79 44
74 192
175 52
162 116
26 56
125 101
82 41
182 173
31 176
149 49
33 95
84 176
180 89
77 21
156 7
103 125
116 24
15 76
94 56
32 20
73 193
112 94
51 24
10 148
52 14
3 164
148 11
103 8
13 101
84 147
32 46
41 39
47 182
67 106
124 156
163 104
164 96
125 23
178 164
84 194
115 40
134 184
105 180
159 12
133 138
9 20
83 14
122 105
14 134
153 155
165 143
54 196
107 188
171 100
129 184
44 114
145 17
193 50
42 108
84 129
100 17
117 100
106 182
94 129
100 92
187 99
95 43
55 118
120 163
8 53
178 8
93 13
97 44
78 29
167 78
6 111
195 196
42 155
27 150
143 123
28 7
92 21
96 145
104 29
131 141
196 32
62 75
129 83
97 142
120 160
75 93
32 36
145 92
185 104
39 64
31 124
121 190
35 198
146 115
81 129
48 52
114 156
180 170
43 4
176 182
195 183
77 131
192 106
184 105
86 196
0 124
126 162
152 70
49 161
127 63
71 15
160 30
186 174
84 44
184 52
192 178
114 86
172 21
38 36
68 38
150 36
103 1
139 53
120 159
5 36
15 7
105 82
118 170
102 9
76 24
144 97
129 154
73 180
161 27
62 145
168 70
124 171
169 159
186 69
7 157
198 87
189 146
49 76
164 101
86 177
140 106
179 130
174 153
190 80
184 156
30 164
41 150
167 3
67 79
199 58
76 8
176 4
82 147
171 108
49 28
90 60
119 60
136 112
181 119
80 189
116 53
185 15
112 70
16 31
87 40
194 178
197 170
30 86
71 144
105 142
101 106
98 10
151 28
98 17
15 78
39 113
62 11
106 49
18 133
71 89
29 60
198 111
145 168
67 73
151 23
50 129
31 12
86 156
129 24
105 64
115 11
159 48
141 39
128 65
58 144
27 196
166 146
44 179
38 170
186 175
150 190
64 86
125 8
179 31
43 48
153 57
150 58
167 125
142 177
3 18
4 89
89 25
167 180
7 101
120 101
107 83
87 124
26 172
15 25
180 39
158 68
43 157
125 185
98 76
22 52
103 50
135 189
196 51
86 62
102 53
2 44
0 120
98 36
172 138
7 171
197 70
14 161
136 167
188 170
150 88
39 114
153 166
94 193
47 124
52 63
150 145
77 121
110 43
45 81
176 72
38 91
187 101
36 121
3 156
195 149
133 170
45 46
194 199
185 66
94 11
174 191
190 178
31 122
29 150
71 141
118 29
134 128
43 157
108 25
86 12
133 96
41 4
12 90
0 154
168 115
145 10
100 172
38 124
124 65
123 154
37 104
23 89
154 23
172 69
170 171
6 123
20 120
142 94
20 176
87 61
88 44
69 17
34 99
115 27
182 15
117 28
48 191
184 158
35 33
91 23
191 2
102 93
196 173
179 94
136 98
166 188
138 100
167 158
171 140
184 117
134 195
123 177
169 191
117 127
147 48
80 58
50 198
139 120
47 133
103 117
169 63
116 21
106 42
81 117
142 174
182 106
12 91
185 113
75 166
162 189
140 95
89 20
129 23
61 126
97 146
0 89
130 20
156 196
22 123
134 142
181 38
54 148
179 9
130 148
170 190
187 49
81 190
12 183
90 108
167 98
84 180
160 28
179 135
105 129
156 136
161 110
162 96
161 127
120 111
80 79
83 125
140 136
5 118
55 7
92 28
153 156
14 49
170 150
6 65
32 39
56 11
91 196
175 35
11 38
75 191
51 64
168 35
77 33
147 81
14 122
62 49
120 88
111 3
163 51
22 176
50 113
115 63
46 190
11 151
165 79
92 112
143 150
198 65
81 160
26 13
66 14
158 184
108 170
117 53
28 96
153 10
24 136
97 153
62 113
11 191
54 109
42 76
64 146
70 15
120 101
196 19
82 74
91 39
178 92
150 155
25 115
45 186
73 153
86 7
48 144
94 79
117 165
105 146
35 122
119 132
62 48
142 191
148 133
198 50
20 43
66 155
82 89
197 12
138 41
189 178
47 131
17 83
127 182
197 179
68 111
88 114
2 142
28 2
191 55
166 165
157 39
128 181
68 195
162 75
49 38
160 66
30 133
81 139
134 159
129 41
39 7
149 47
145 149
128 61
148 153
61 11
87 89
126 43
67 172
117 185
117 50
1 168
46 56
94 116
84 135
183 176
50 36
172 135
170 4
58 163
135 159
164 46
157 50
79 84
74 186
12 47
145 92
69 46
190 78
60 139
84 33
46 56
153 35
177 176
79 171
37 176
192 126
98 116
190 104
181 115
28 26
4 123
139 92
157 156
67 64
68 144
170 142
146 20
189 174
169 184
164 156
10 180
76 23
61 194
181 114
83 65
169 44
181 128
144 25
63 131
174 36
73 94
59 190
189 166
163 64
13 162
14 187
8 93
133 10
117 39
16 2
57 184
192 51
18 35
21 130
56 42
16 137
101 168
166 53
125 77
30 93
120 120
117 75
61 62
25 93
128 3
142 95
44 28
71 72
61 89
117 145
106 3
103 70
165 74
95 188
175 166
60 38
0 28
91 169
174 44
50 154
182 181
125 22
142 185
34 23
120 193
102 67
106 40
43 183
160 136
0 78
189 111
91 112
151 10
59 63
85 21
81 147
78 184
116 139
198 104
1 23
152 19
29 22
191 199
50 61
63 152
21 186
196 79
120 1
118 126
67 51
141 164
145 165
82 170
67 95
22 70
68 194
48 114
10 83
134 17
45 159
89 145
166 14
92 168
79 8
113 142
112 111
155 181
13 64
36 182
53 182
68 7
88 178
166 17
62 179
96 14
150 13
26 21
132 180
131 130
62 32
58 180
113 120
8 115
142 173
49 26
180 199
35 104
148 23
190 68
99 69
104 57
180 132
28 94
20 197
77 182
16 121
193 103
4 152
114 161
30 90
3 199
120 37
29 77
33 164
126 64
87 163
190 92
141 70
167 133
61 150
31 143
162 180
196 47
9 189
9 171
150 21
59 100
157 117
108 28
115 187
2 158
177 38
182 162
107 33
56 10
29 101
121 114
61 100
118 131
56 69
188 144
159 103
166 26
138 43
155 114
187 110
60 29
139 176
146 174
21 141
50 38
103 72
41 168
78 25
158 108
116 62
171 114
181 140
48 47
155 152
1 37
113 94
0 113
29 144
89 19
72 38
96 69
72 141
180 124
97 32
42 56
124 165
137 191
169 22
0 195
55 96
67 31
146 16
40 7
176 66
97 72
176 158
170 1
88 175
88 61
138 15
104 64
127 69
15 56
136 8
151 81
119 164
9 82
168 181
98 54
15 5
6 116
61 45
164 60
89 130
156 6
108 12
57 117
118 182
141 56
168 5
138 76
180 91
2 172
103 96
40 52
100 97
173 187
197 194
67 66
140 61
102 56
164 172
120 197
2 16
118 94
146 140
108 50
146 63
11 176
183 33
167 96
31 155
53 145
137 184
68 6
192 158
94 72
12 198
95 65
117 96
36 164
52 3
102 42
198 182
46 56
24 103
12 106
122 17
41 152
191 153
57 102
28 198
192 142
89 143
85 12
22 38
48 69
96 59
29 39
116 191
17 82
2 48
153 134
148 161
134 15
128 100
91 43
171 29
42 95
144 69
166 154
198 135
30 133
175 155
51 171
133 34
40 183
133 61
177 192
66 109
131 119
122 163
10 76
87 161
97 155
152 165
106 160
28 104
15 92
125 136
78 102
158 193
122 87
55 4
188 150
17 45
193 79
151 103
81 189
76 193
151 103
88 0
143 132
122 23
17 108
66 151
7 89
24 9
183 173
132 146
13 143
144 107
90 86
27 166
111 64
51 163
67 83
35 195
7 162
20 142
120 160
42 92
186 120
42 4
130 149
188 179
64 85
64 191
196 63
110 78
183 174
130 89
3 132
143 58
51 70
109 102
156 115
109 166
68 110
128 47
156 171
44 88
136 75
112 51
179 158
169 17
192 1
176 87
168 31
95 118
59 45
71 169
174 196
136 13
105 113
11 54
148 161
185 50
58 97
174 127
161 112
0 100
19 89
119 94
69 148
115 78
149 36
195 38
181 60
92 92
92 120
1 31
179 179
146 165
69 150
180 43
141 95
87 9
74 180
152 126
22 22
103 99
69 19
71 25
58 170
88 91
81 28
78 8
160 141
151 29
114 156
59 156
61 140
190 57
15 110
144 72
176 17
167 9
47 170
10 81
195 43
175 49
185 76
63 95
102 188
156 50
16 155
107 167
47 138
22 90
185 4
48 102
137 107
36 18
17 149
180 197
161 14
166 31
197 139
51 27
139 55
26 83
12 61
111 94
179 150
125 2
130 74
8 142
99 93
197 96
16 198
59 137
180 94
190 11
14 182
120 112
31 83
52 81
159 187
21 177
50 24
148 110
152 197
66 167
150 142
71 180
40 98
14 9
59 118
19 138
21 37
92 192
170 26
31 119
144 179
44 179
41 114
141 33
27 41
163 178
166 50
194 173
154 142
13 78
154 112
38 70
86 96
195 156
175 154
24 63
165 64
27 41
167 151
1 23
32 100
186 12
125 173
72 175
94 182
82 178
144 11
26 183
113 27
100 82
49 64
174 171
185 95
64 43
43 14
41 85
111 190
32 117
192 80
132 35
118 99
37 134
143 61
194 40
152 40
7 160
74 136
113 57
189 69
135 51
75 186
71 115
145 92
64 107
83 160
51 2
134 83
45 135
115 194
98 92
156 1
178 162
154 160
91 89
185 72
199 137
69 186
105 194
125 158
174 13
42 53
161 96
129 166
56 68
61 35
82 70
72 198
122 55
50 100
139 154
41 96
176 33
99 171
124 78
194 137
70 197
182 23
90 198
8 138
35 17
157 35
82 26
95 20
48 124
24 155
63 107
33 187
20 167
51 70
67 18
133 47
108 9
128 18
67 112
63 162
119 191
15 108
183 50
88 139
29 59
44 42
4 53
35 118
116 40
83 193
164 39
23 80
131 126
29 118
179 140
129 147
147 22
19 79
98 172
80 2
44 52
122 100
198 50
23 184
91 47
140 196
71 94
170 172
135 199
48 34
99 192
0 194
170 112
165 83
188 179
181 132
121 164
46 74
52 30
57 140
89 94
26 152
11 89
165 168
92 56
35 81
116 90
157 160
1 67
97 150
70 74
71 77
102 137
159 25
140 2
126 190
76 84
171 188
40 194
149 86
191 99
42 93
115 108
108 93
107 196
97 76
60 145
111 46
126 20
153 32
14 92
173 112
198 99
30 140
104 173
18 171
99 92
14 138
159 4
58 107
188 163
148 12
43 17
93 18
94 135
189 167
126 190
195 44
54 55
92 148
166 126
21 134
7 74
73 45
70 129
109 25
40 54
75 11
59 62
155 113
162 84
160 80
3 132
188 26
127 105
114 144
151 38
97 141
171 78
5 70
54 178
121 25
29 83
72 4
121 156
170 171
83 79
136 110
21 135
7 116
17 157
28 79
42 42
74 175
73 102
191 117
5 37
187 199
174 19
55 20
42 138
186 4
82 57
198 169
160 0
197 111
102 158
3 80
60 167
148 178
192 169
91 77
118 129
159 5
13 137
155 141
100 188
181 58
66 87
153 138
151 73
107 134
87 61
104 9
83 127
82 120
116 139
63 114
191 66
133 37
165 44
161 55
177 183
6 180
86 126
67 174
53 21
196 31
188 4
78 180
132 150
30 156
6 37
30 49
187 133
7 102
174 80
5 186
178 140
23 115
180 111
34 56
91 173
13 107
114 192
186 15
195 165
71 88
48 130
47 126
99 143
61 166
36 30
76 53
143 9
26 80
174 88
179 146
49 56
21 122
169 50
75 115
31 139
5 116
64 4
175 43
106 28
98 38
149 125
52 181
84 185
56 88
97 165
78 150
96 70
160 160
50 3
31 166
105 53
148 195
81 165
111 75
105 73
136 32
176 30
10 170
76 148
131 49
196 54
155 144
63 179
74 54
183 191
176 23
14 104
33 103
193 143
117 63
174 37
49 193
136 53
57 27
134 150
158 55
189 11
114 160
191 148
87 120
120 49
135 158
89 195
138 82
176 164
77 161
44 116
150 121
46 163
66 73
121 94
79 157
135 3
89 190
1 8
170 135
169 63
63 70
183 5
7 63
102 103
177 90
160 1
52 43
109 100
90 61
16 161
33 71
13 144
115 119
114 146
104 71
160 83
157 172
17 68
174 141
198 76
77 100
83 123
95 178
135 40
89 29
163 8
100 187
38 76
85 194
52 91
63 180
70 116
28 84
36 194
108 142
199 199
36 46
135 141
116 134
160 199
104 14
8 84
105 72
24 138
196 29
173 14
9 57
87 61
14 1
54 140
136 58
125 162
114 11
85 183
88 9
103 105
18 137
148 26
71 83
75 9
135 10
41 12
163 98
139 78
83 76
193 25
193 28
68 149
6 101
118 0
96 139
69 103
37 110
171 156
116 85
106 199
8 88
53 118
13 192
191 182
172 184
130 117
41 24
164 164
108 20
28 94
111 64
16 176
13 89
79 124
104 173
40 162
22 99
120 116
9 199
115 192
31 165
156 92
72 149
58 0
124 14
9 122
100 80
61 87
66 173
58 77
31 174
195 46
112 62
56 12
137 152
93 79
166 17
152 174
197 34
104 117
62 110
33 12
96 141
85 85
123 66
121 40
52 35
17 92
28 113
11 148
76 82
157 85
134 54
163 95
166 124
26 182
111 167
131 114
66 85
161 156
0 62
132 184
168 87
137 10
121 111
154 2
56 39
108 180
120 40
161 48
136 110
42 104
129 14
8 115
41 62
181 35
55 3
90 112
84 119
59 38
86 27
54 94
65 188
118 23
62 135
132 140
54 47
3 148
91 53
131 98
126 1
184 25
95 102
77 29
29 110
28 194
134 182
94 17
134 148
69 127
193 152
160 67
123 84
187 70
198 130
174 34
146 131
79 10
172 192
140 117
16 111
185 94
60 54
63 184
142 99
5 152
57 31
130 175
162 56
92 124
7 10
139 11
54 67
7 34
194 168
194 115
158 34
159 111
38 27
55 169
16 197
18 23
198 12
197 167
43 4
5 13
161 68
89 86
25 10
175 140
57 69
139 86
97 149
148 145
173 165
178 144
2 59
189 145
105 108
109 86
26 34
34 73
63 146
27 151
18 175
154 16
17 85
150 176
11 78
32 13
127 13
56 189
90 107
122 41
23 165
151 47
94 160
144 102
183 174
145 38
134 17
45 68
48 130
44 13
93 161
87 31
65 90
196 73
150 182
92 11
179 107
55 34
100 21
9 144
164 130
196 10
147 22
38 23
41 160
197 149
127 55
22 175
119 172
58 90
174 51
131 180
96 71
20 183
178 63
48 150
75 118
13 191
152 103
87 155
137 162
62 112
40 26
16 175
26 11
35 4
13 16
168 143
149 28
10 109
63 84
145 14
103 163
10 171
40 175
32 63
89 49
36 1
74 107
119 120
174 20
79 142
61 35
163 181
134 82
174 182
99 100
162 74
8 131
4 198
74 185
192 187
134 14
126 187
18 29
180 47
24 194
164 28
191 72
128 126
62 89
194 128
185 84
32 15
92 129
134 19
106 21
58 164
74 26
145 160
149 167
98 129
74 146
121 77
26 4
36 64
142 111
6 60
109 25
185 114
53 8
87 38
145 48
107 16
114 156
152 29
43 112
183 77
147 114
61 106
165 191
146 185
159 9
156 44
35 114
101 42
50 81
4 107
68 160
60 180
61 66
42 59
145 51
57 59
176 171
42 78
132 105
49 138
130 2
151 125
19 72
55 191
26 97
154 122
89 113
140 122
47 108
99 45
20 91
105 46
168 119
87 32
55 59
100 137
8 104
31 54
90 154
17 70
118 76
123 171
46 108
127 0
114 139
46 196
197 196
83 49
143 131
23 33
169 180
12 50
31 78
55 90
92 84
74 164
185 126
168 66
134 89
157 195
95 125
80 17
13 181
153 161
91 62
81 48
77 47
138 37
79 196
178 173
116 62
16 14
57 135
95 101
51 44
198 135
6 194
122 120
190 105
22 199
45 124
15 136
34 129
96 97
26 31
182 106
165 69
112 147
19 144
6 138
130 6
176 101
62 133
22 7
172 45
138 95
116 116
175 112
173 181
106 162
199 143
65 11
104 119
47 77
81 146
100 75
121 132
106 91
183 181
162 46
56 139
97 131
111 73
13 198
87 34
6 187
6 144
98 39
21 163
10 38
114 93
49 127
42 7
143 77
122 17
31 173
148 50
93 148
46 163
151 168
171 47
108 57
138 55
87 30
47 131
194 197
166 175
84 66
26 5
184 88
143 137
53 25
147 11
34 92
146 36
131 167
114 0
169 120
119 20
196 50
71 180
28 11
187 158
129 191
121 45
80 46
98 33
84 72
73 119
45 158
136 173
161 125
39 2
21 146
15 167
150 129
101 88
71 22
116 162
112 114
177 26
25 42
55 153
195 12
156 14
113 161
146 192
75 91
70 92
125 7
42 137
177 94
79 16
7 160
152 41
187 199
76 126
123 82
185 64
40 33
42 45
161 140
196 70
6 32
127 191
70 146
58 103
3 107
52 127
125 149
143 194
184 72
174 95
191 110
63 40
56 18
59 62
181 0
172 87
174 158
28 107
156 161
31 39
4 85
111 186
138 103
121 188
155 183
92 151
185 138
103 104
103 49
103 147
172 133
188 178
196 26
184 91
181 168
122 36
107 90
107 139
136 19
185 116
15 71
33 151
198 199
73 191
91 186
147 112
123 151
31 103
57 90
149 168
166 136
56 62
27 113
130 60
86 60
44 114
187 54
57 122
43 135
196 172
35 68
130 45
89 169
194 185
132 148
186 72
116 171
193 26
144 103
26 99
131 162
77 73
11 39
57 55
79 27
70 13
16 191
102 77
193 113
181 176
191 24
131 47
22 193
44 93
164 119
136 40
111 180
129 48
73 92
108 3
99 57
16 122
64 114
95 10
161 35
99 26
140 25
47 194
110 55
88 111
117 86
17 150
98 137
88 189
4 71
167 127
62 167
11 95
117 158
83 23
57 52
120 125
176 155
106 155
185 98
76 17
3 101
12 63
22 36
77 162
168 160
81 8
127 184
117 92
92 94
152 117
17 71
21 115
157 126
79 95
122 199
135 22
120 117
10 172
183 161
56 94
153 167
86 169
57 90
80 95
155 143
43 0
92 198
196 84
124 107
108 174
136 32
7 16
44 178
12 13
130 142
58 139
133 143
67 72
173 21
65 58
29 93
34 24
163 122
11 89
12 56
178 59
111 21
50 172
83 113
133 25
63 16
129 151
4 145
197 142
158 80
164 133
60 130
4 123
195 17
24 175
76 47
14 198
128 66
187 103
17 140
3 61
10 61
183 103
144 195
64 49
46 168
108 191
84 197
195 104
171 104
153 17
112 126
89 163
162 193
198 175
145 63
29 184
150 54
48 151
75 145
82 166
79 116
67 31
94 96
19 90
35 139
18 89
159 198
13 47
11 26
135 48
98 78
24 28
72 164
68 74
180 45
18 94
53 14
191 101
132 88
52 60
154 32
53 104
66 167
72 74
13 104
46 96
3 45
15 49
198 79
130 56
42 114
12 34
141 187
29 116
187 70
83 56
0 72
54 57
103 179
140 25
38 130
95 112
144 89
122 186
170 141
88 135
160 33
67 54
108 113
196 3
135 112
31 60
55 70
7 105
97 42
154 71
174 115
153 38
155 81
186 56
177 121
163 75
199 67
161 155
90 76
22 86
39 133
82 64
3 112
34 46
52 71
67 127
176 49
174 74
195 55
111 41
169 48
104 115
69 155
48 67
62 63
7 130
3 170
108 4
189 109
194 199
195 165
126 4
5 95
142 173
1 132
169 100
84 119
163 136
35 107
31 22
66 108
114 66
115 173
195 113
144 66
54 137
78 138
43 111
70 184
112 126
26 8
22 155
47 181
159 13
38 72
74 144
19 97
107 18
145 135
57 77
8 90
72 1
80 58
143 2
169 98
60 136
1 114
46 156
108 98
86 140
104 125
42 8
188 29
70 171
75 82
47 186
41 176
11 174
47 16
30 77
26 127
38 40
73 182
115 169
12 52
151 49
96 45
23 28
156 92
190 174
86 159
8 79
49 44
11 2
71 9
110 5
63 104
186 37
40 92
169 161
14 143
101 192
191 38
184 162
178 121
85 35
124 115
164 23
81 161
9 39
28 68
76 43
137 83
41 40
60 199
131 49
197 130
76 74
86 91
188 190
57 16
34 157
195 75
134 107
158 78
83 84
58 57
189 89
187 124
113 189
186 171
52 19
81 157
135 37
165 192
177 7
11 125
25 143
176 134
131 41
51 183
192 141
137 80
197 119
155 188
154 47
8 118
65 14
24 64
182 25
44 194
122 100
150 7
80 180
78 133
185 105
34 152
125 171
111 41
45 57
85 42
47 159
31 139
119 123
27 73
94 42
64 96
46 58
168 70
150 77
116 172
84 1
14 90
56 132
74 195
94 176
47 68
190 68
116 89
185 190
189 51
135 28
39 155
26 32
24 25
138 117
13 158
127 89
45 53
22 131
174 48
99 193
137 58
35 106
136 14
180 51
38 146
75 166
50 184
89 124
33 172
184 44
88 123
22 53
95 65
70 194
32 150
62 176
157 38
70 86
136 74
94 149
92 108
58 144
82 90
197 86
118 108
5 121
158 111
172 137
3 88
145 37
57 41
139 105
153 38
104 87
55 105
196 171
16 142
63 5
13 29
191 156
39 49
138 40
129 69
71 104
45 64
46 188
13 185
106 13
44 85
69 62
51 59
10 74
119 125
175 96
115 192
94 131
112 91
11 178
33 85
115 150
189 85
83 53
95 1
24 25
88 92
36 103
114 99
168 65
109 178
59 172
50 141
199 85
111 14
192 116
146 2
161 124
188 170
168 8
5 151
7 72
196 31
197 7
104 23
61 185
71 68
58 187
70 40
49 27
96 23
75 132
115 150
90 127
124 107
2 59
186 107
143 87
47 87
3 114
83 199
58 117
144 64
96 56
0 149
159 146
157 113
26 8
41 22
7 141
76 17
33 44
59 22
177 159
36 138
165 22
85 134
8 24
117 83
56 189
104 99
136 119
108 58
83 114
16 86
104 17
66 152
160 39
98 14
76 86
43 62
34 94
177 180
59 64
111 110
72 54
111 169
122 33
100 188
183 129
141 85
29 31
32 25
171 45
96 15
74 46
177 126
93 58
86 174
77 17
176 172
31 77
112 140
24 45
179 34
125 72
85 70
167 134
176 129
188 182
46 62
157 3
100 24
155 90
85 156
192 110
172 76
166 57
77 115
185 146
28 10
187 125
123 123
128 157
71 88
17 125
58 191
142 114
53 151
36 11
71 3
61 135
94 90
169 59
101 40
153 64
134 156
40 81
73 198
188 101
194 108
83 66
172 151
4 51
36 72
170 63
176 12
66 39
196 65
105 0
55 167
100 141
47 72
136 86
156 23
182 70
159 106
98 18
80 55
140 24
11 175
49 118
163 179
28 193
162 20
8 124
166 78
0 145
189 157
67 66
0 25
179 40
187 142
93 73
174 90
32 146
150 96
55 102
52 32
15 178
33 142
108 92
57 107
85 158
49 19
107 179
2 151
119 59
84 154
140 197
42 14
175 105
67 28
113 179
79 156
26 32
195 5
91 87
190 88
163 46
186 170
48 21
122 139
165 109
80 71
85 2
55 35
114 113
32 30
46 74
88 172
185 43
108 89
124 179
150 55
174 82
88 134
32 98
178 41
72 117
1 42
132 101
109 99
74 45
84 195
35 21
163 140
69 178
27 51
99 25
96 64
10 0
69 53
55 190
22 84
147 130
154 58
190 116
156 191
52 84
112 66
13 86
164 190
2 31
91 7
4 157
137 88
97 46
130 67
195 167
111 185
38 173
103 134
99 190
94 57
63 102
55 186
132 189
84 21
187 148
113 70
141 119
185 177
11 187
50 91
165 103
9 114
72 121
173 50
41 178
196 81
112 130
27 154
134 194
171 14
72 4
108 19
193 150
59 16
114 182
154 194
109 146
51 76
165 33
134 175
195 74
16 161
169 33
56 127
44 197
20 177
181 131
195 162
14 125
194 162
80 15
66 104
145 148
92 33
67 132
148 126
127 71
196 65
161 87
35 115
146 114
42 197
151 37
47 61
52 189
91 18
18 168
94 168
176 187
14 38
172 136
4 173
34 179
103 4
16 19
132 41
163 127
11 93
30 138
138 199
81 168
24 170
71 7
116 43
127 193
74 138
126 17
49 86
100 77
134 24
194 192
175 5
162 139
27 71
56 192
160 45
123 47
164 12
112 150
60 88
98 51
75 88
77 96
132 69
41 156
18 154
47 137
170 129
73 22
36 6
14 38
158 48
185 144
23 192
37 13
164 171
195 19
135 162
42 76
14 12
33 99
180 53
36 91
151 8
55 127
93 187
185 3
150 151
81 81
81 155
186 139
141 113
184 145
97 19
72 28
45 72
159 131
71 113
17 15
75 89
0 83
145 177
51 119
57 73
33 54
199 94
164 38
186 42
140 37
90 95
198 2
63 145
42 152
95 13
88 65
108 188
60 54
141 139
28 99
153 176
5 11
37 5
195 64
104 92
5 118
124 20
72 145
93 22
186 178
83 48
179 8
35 134
143 122
29 192
70 158
161 98
184 175
175 69
183 174
171 153
169 4
19 41
160 68
33 68
24 166
158 183
171 0
122 39
69 122
71 159
160 106
74 8
155 170
112 99
50 75
36 59
54 198
66 78
109 36
76 67
164 165
153 66
143 32
22 171
56 181
167 57
12 39
18 25
99 81
140 26
122 12
28 13
145 185
190 146
59 40
55 173
125 29
149 135
66 36
128 114
171 3
22 170
102 4
174 109
0 38
156 169
195 188
78 18
183 116
151 82
14 97
131 109
143 164
81 21
113 14
164 102
57 99
34 107
138 56
185 71
5 124
121 131
16 68
142 155
147 181
117 111
130 61
15 24
147 172
32 19
8 15
97 15
109 195
70 7
73 140
139 162
146 16
102 170
55 13
45 43
23 60
140 188
120 4
100 169
104 192
180 107
150 141
191 181
35 77
42 41
110 24
177 32
143 118
41 112
162 169
185 52
108 153
78 11
78 44
143 171
50 88
22 64
36 145
99 15
164 177
48 115
142 170
164 120
168 4
115 42
129 57
35 111
53 166
95 71
120 150
156 94
36 111
192 16
93 25
103 4
102 187
53 29
156 103
115 83
154 30
74 147
76 76
63 116
75 40
133 182
152 19
129 78
82 71
87 107
111 63
146 7
92 199
28 117
12 114
193 86
103 170
144 5
158 94
16 152
108 130
199 140
62 0
32 159
45 171
55 138
97 171
162 72
117 53
151 93
49 181
156 61
13 12
56 107
104 63
47 66
0 7
141 137
160 66
36 114
178 192
119 102
199 98
44 43
165 86
81 148
91 8
131 152
180 46
183 56
165 40
152 71
53 82
153 96
62 186
129 20
189 85
86 2
81 174
88 22
133 54
69 38
38 193
109 31
99 26
117 182
175 2
157 64
64 32
154 174
91 127
0 136
134 60
27 190
26 120
71 196
41 46
71 62
124 26
64 162
4 197
180 82
146 184
161 160
80 173
109 180
159 5
9 66
107 157
195 193
136 97
62 41
84 51
150 91
109 194
44 143
116 59
73 43
79 80
35 34
74 14
48 87
145 36
28 176
178 34
25 165
132 86
75 164
76 139
115 101
32 136
8 36
60 91
21 111
104 23
38 173
163 149
165 9
144 47
163 129
6 15
154 169
84 167
50 32
176 106
96 109
129 105
87 132
34 165
4 150
25 192
162 42
150 166
96 118
69 92
165 189
110 195
25 46
194 190
178 173
24 84
95 187
122 60
108 48
139 47
27 138
67 34
126 117
132 71
55 76
62 8
73 83
23 161
196 93
69 58
158 81
162 27
78 46
71 26
164 186
48 43
179 129
179 126
104 123
67 7
89 117
136 51
42 89
177 12
96 175
177 18
42 181
60 78
86 77
23 110
124 121
139 189
171 81
173 40
67 79
165 63
191 93
166 8
18 103
86 102
196 180
131 189
129 90
72 117
195 10
99 53
48 66
41 155
20 199
78 176
140 118
177 124
165 97
0 1
39 115
113 195
176 134
87 14
160 103
142 45
76 120
117 26
125 158
79 37
182 135
39 141
76 163
131 35
111 53
81 95
189 13
166 113
31 173
140 160
132 88
56 75
61 78
114 79
151 153
77 22
103 82
82 129
111 151
171 20
116 108
95 155
141 140
21 137
34 5
95 100
11 19
142 127
12 18
148 138
46 6
13 177
111 87
62 69
107 73
29 78
34 75
164 88
147 65
56 23
61 44
172 38
135 11
34 60
56 71
71 141
45 109
21 67
110 68
170 66
45 36
85 143
186 18
43 27
148 65
166 41
42 58
125 79
142 140
98 84
147 51
88 116
15 49
193 127
88 92
20 190
33 120
30 71
116 39
152 188
110 102
46 8
136 79
119 92
125 72
125 104
139 98
117 125
166 155
48 43
23 86
83 126
125 165
76 128
167 3
33 64
143 136
64 58
68 53
100 116
186 12
167 66
132 125
114 89
19 86
79 131
140 39
12 2
74 8
40 94
52 116
46 4
176 47
105 125
25 141
189 72
51 2
37 100
33 29
47 188
169 171
61 143
151 35
12 25
55 34
135 33
17 91
173 159
174 165
165 171
81 15
22 68
187 51
36 123
117 86
183 198
79 18
143 117
118 83
149 199
122 30
116 61
23 123
162 130
138 100
44 18
159 193
63 163
149 169
1 20
120 21
86 28
37 130
44 111
22 156
87 138
15 41
63 141
133 199
114 73
55 11
178 0
18 111
63 198
77 150
187 143
44 16
73 150
148 57
90 5
68 28
158 133
115 136
80 113
78 90
71 47
51 1
69 47
188 156
124 82
43 161
68 190
90 165
184 108
56 11
54 2
190 29
66 16
33 177
7 95
48 105
5 189
53 17
93 154
110 117
47 62
86 110
25 133
138 185
117 85
95 93
109 114
43 79
135 82
84 133
107 189
158 181
135 150
139 142
144 40
9 88
186 42
39 42
155 118
54 186
193 43
35 21
186 17
36 31
27 105
165 49
80 97
153 7
138 153
111 163
1 110
142 150
102 198
146 177
44 170
33 146
167 70
155 103
162 81
192 69
172 17
162 54
21 67
12 4
165 184
163 53
173 128
146 183
121 76
41 92
60 16
160 119
192 55
51 187
34 56
196 67
23 8
49 187
150 59
6 82
195 162
104 82
110 146
172 145
169 49
47 195
36 91
81 168
195 55
82 105
48 32
84 79
91 197
21 67
112 143
128 77
82 187
62 45
59 198
171 112
170 69
154 110
67 53
154 17
74 178
144 102
94 189
129 11
96 144
31 126
137 164
16 52
35 65
110 164
61 24
29 127
165 0
151 80
56 4
177 135
12 48
2 175
38 178
168 186
11 116
111 46
126 9
87 140
115 32
196 125
14 15
174 51
39 65
197 101
143 141
187 13
31 37
132 6
171 74
157 107
16 120
181 62
89 5
114 91
93 180
21 45
131 113
65 54
186 6
14 111
31 91
8 61
52 93
17 27
185 153
8 137
189 190
199 64
123 156
98 83
68 17
51 110
93 2
36 100
89 189
42 44
23 154
144 71
136 109
132 179
49 52
119 102
28 159
135 182
125 80
84 134
40 171
56 149
89 180
102 82
165 71
51 182
37 23
162 145
101 182
139 175
26 85
177 193
49 2
98 164
13 178
41 188
43 17
126 44
82 70
32 187
32 191
95 178
151 185
11 13
86 127
88 67
74 10
118 117
181 64
115 70
168 143
80 8
128 106
66 81
83 96
164 17
179 120
130 184
100 41
95 67
15 50
177 198
155 59
103 137
181 104
131 180
55 10
76 114
55 14
122 114
188 65
192 22
12 108
65 2
138 63
81 194
152 19
108 21
188 94
56 40
199 72
7 151
86 53
194 160
30 64
13 43
60 22
86 33
52 197
98 176
82 157
122 136
35 159
39 164
101 194
135 7
119 174
97 35
94 59
141 189
86 174
27 34
84 8
124 49
41 71
13 122
31 146
195 175
93 168
173 117
128 20
199 103
150 82
52 110
140 98
0 34
164 106
181 50
66 105
63 16
177 21
170 76
119 124
69 43
8 16
141 183
75 191
22 54
122 189
133 52
196 77
167 176
182 38
190 176
79 128
68 124
19 85
83 176
21 179
17 114
64 57
116 135
139 155
119 49
24 3
81 9
149 182
102 107
118 111
97 115
187 184
179 91
100 171
142 90
180 32
199 146
82 86
143 21
124 181
130 168
126 79
181 174
177 28
109 159
65 8
182 148
71 30
93 91
3 2
14 178
2 13
105 78
190 86
158 58
39 40
186 161
18 31
70 66
147 147
98 140
191 130
173 26
56 130
92 9
128 184
93 30
64 125
122 109
117 125
41 69
110 3
54 98
68 134
55 168
103 70
160 195
168 162
178 141
154 2
35 131
126 199
35 40
17 71
111 131
52 0
188 81
14 88
109 198
186 60
122 167
190 177
171 144
30 117
164 25
77 68
87 35
11 94
66 140
80 114
174 99
68 133
194 146
155 146
83 101
87 64
24 90
153 146
117 148
116 85
97 105
160 89
181 37
138 67
75 65
189 194
16 161
69 172
51 44
157 68
56 125
194 171
23 190
24 100
183 32
37 193
79 183
159 176
60 12
127 94
103 81
22 18
32 120
80 84
106 134
41 14
165 75
135 104
36 93
55 110
49 51
21 134
36 192
153 186
199 135
157 34
80 82
182 92
122 103
76 138
171 111
85 6
88 84
75 108
120 17
183 181
137 185
75 160
127 188
69 27
158 71
4 42
185 6
146 197
145 59
60 136
154 131
16 28
47 178
13 104
148 29
170 88
30 51
84 100
153 59
155 64
95 23
28 120
133 168
22 170
138 113
129 88
34 154
3 58
6 84
3 89
163 96
73 23
63 171
15 190
112 150
101 107
19 45
22 95
154 63
176 181
8 22
168 111
129 166
2 57
71 63
189 137
66 174
62 93
102 55
179 26
147 172
120 95
119 147
83 76
34 69
150 15
96 124
85 32
4 1
14 20
25 127
41 129
138 23
69 6
52 74
177 84
39 117
111 131
32 12
174 63
24 145
91 139
159 17
175 115
165 53
134 99
87 41
133 121
62 171
178 29
180 19
104 126
52 55
171 14
37 63
16 23
106 190
102 24
3 57
166 112
197 9
129 3
13 11
146 36
73 140
117 56
74 182
6 153
43 91
53 177
197 138
73 61
73 8
62 161
169 169
14 144
108 147
116 13
13 28
134 108
121 108
126 52
170 93
25 161
172 14
156 134
69 118
48 81
57 195
189 87
34 81
20 23
33 6
119 166
179 26
39 2
178 7
7 64
137 81
31 29
93 20
17 164
40 157
104 123
123 115
182 16
55 149
52 134
16 40
82 194
20 39
100 96
110 147
141 48
51 195
90 122
62 18
149 56
165 183
128 73
33 197
30 145
139 189
126 67
176 14
24 158
180 66
166 1
194 59
53 148
10 193
81 147
5 47
126 107
107 11
13 95
27 116
127 47
28 168
158 96
164 190
34 156
65 182
188 21
172 180
171 8
156 43
29 197
86 152
73 60
134 129
177 147
7 50
86 167
35 126
87 150
46 89
24 150
181 22
143 144
37 70
162 126
155 13
149 63
169 38
63 102
94 79
152 47
101 155
81 165
164 73
9 29
113 126
89 46
9 42
197 130
197 130
4 125
72 67
199 96
108 56
70 126
163 31
170 5
153 45
95 181
1 127
47 30
189 110
198 85
86 34
52 157
102 43
44 148
61 71
65 5
38 35
55 141
104 157
94 180
20 117
113 63
156 25
194 5
42 24
91 179
28 89
5 178
186 193
137 78
88 181
11 106
56 151
118 190
2 90
73 92
88 139
26 99
116 189
95 146
152 164
123 58
106 196
104 49
89 155
69 111
192 19
79 69
121 41
163 13
57 108
180 126
36 161
4 164
196 145
66 144
32 114
95 178
53 2
9 167
77 91
139 8
127 55
66 93
110 100
196 185
111 48
137 94
9 99
198 76
128 102
114 116
92 62
140 104
141 145
65 159
151 184
153 51
58 86
133 176
18 23
187 122
27 185
149 164
52 48
1 177
116 184
51 134
64 187
162 69
12 188
176 157
81 119
10 130
3 76
92 60
66 128
163 23
185 168
126 187
99 21
128 122
185 140
40 175
140 52
24 13
141 87
6 78
185 125
188 122
170 121
16 66
155 149
136 36
78 93
87 76
105 197
11 109
21 75
99 195
117 28
118 158
63 48
25 123
34 71
110 161
107 14
99 109
50 15
5 112
58 25
9 33
109 113
71 135
29 83
69 91
130 78
0 38
26 179
101 45
121 172
118 40
156 102
153 22
145 4
77 1
55 20
144 198
10 182
115 129
106 17
34 70
85 39
190 180
78 184
183 51
199 81
169 158
84 67
19 17
53 113
108 3
196 58
60 173
96 67
169 71
120 32
160 141
144 21
164 109
55 125
191 77
11 4
1 1
8 164
183 169
168 99
47 0
190 119
17 43
166 125
78 150
31 151
4 20
154 20
74 23
42 23
105 4
154 26
152 168
14 126
114 149
146 118
44 85
141 115
134 50
26 166
53 128
61 93
15 20
166 129
5 25
130 2
34 94
178 24
179 143
135 132
35 89
73 187
112 196
92 142
21 128
118 55
7 160
43 4
15 79
199 20
189 38
43 111
7 17
138 13
31 23
119 89
39 137
115 116
184 4
45 82
72 16
175 49
131 0
198 90
34 53
100 47
18 87
134 13
0 119
56 50
175 93
163 138
120 45
148 184
76 57
17 35
109 79
116 49
117 60
168 70
176 108
24 157
136 85
122 136
124 134
164 78
117 190
189 48
133 21
87 81
142 142
96 178
194 151
100 187
46 100
144 119
195 56
111 62
187 142
11 53
68 187
155 118
27 120
155 18
128 11
115 64
123 117
124 73
47 153
159 40
56 106
135 115
44 8
179 67
2 36
63 173
170 75
93 32
31 199
74 95
45 88
101 80
13 131
178 50
123 63
35 24
110 15
144 19
87 64
194 119
104 152
91 44
101 145
71 139
177 175
6 84
15 9
184 97
87 88
77 180
33 167
59 168
46 25
73 81
145 104
47 88
175 147
125 113
113 120
188 44
154 170
142 46
114 122
98 113
137 35
130 27
84 41
65 169
38 122
155 31
50 181
37 2
61 160
152 175
45 110
145 25
158 11
1 192
25 75
106 188
117 34
197 43
123 87
124 191
159 30
190 187
12 194
190 182
170 62
142 74
35 199
115 100
190 75
117 110
32 103
114 13
78 75
189 114
66 67
4 51
103 146
142 175
100 117
83 54
28 56
22 20
69 64
171 34
50 126
28 19
167 174
93 154
194 153
29 149
60 193
168 166
156 172
47 26
136 184
155 11
153 23
38 34
8 154
30 124
126 181
164 38
31 43
49 75
106 145
88 105
78 133
18 51
43 74
197 46
115 98
59 21
84 119
19 137
144 78
90 105
120 14
117 159
89 101
47 16
162 157
146 105
152 102
66 26
185 188
176 4
77 11
55 41
20 19
89 103
114 24
139 66
14 160
136 14
11 17
125 51
74 178
121 39
49 5
156 79
108 110
174 18
116 104
191 4
68 50
195 153
167 82
156 90
45 41
113 198
49 194
15 150
169 97
191 82
49 167
104 3
99 66
44 181
71 101
194 85
103 66
25 132
127 182
21 100
76 162
58 9
194 107
3 84
106 121
58 31
25 195
157 17
159 59
2 94
137 147
21 18
139 42
131 52
106 111
101 20
42 133
169 42
42 14
116 167
189 90
51 15
75 180
146 105
182 171
183 32
145 127
31 174
30 78
148 116
78 16
167 152
2 154
3 119
179 41
93 101
105 57
144 150
81 85
161 101
21 97
196 123
119 31
44 134
124 164
53 10
91 86
146 99
183 190
146 119
17 88
127 119
130 151
162 58
32 66
165 140
23 159
122 65
79 133
125 168
28 199
154 70
147 79
129 107
170 136
11 138
139 106
85 11
49 115
178 6
40 197
17 58
74 146
3 55
97 119
190 9
34 36
43 142
132 162
89 93
135 0
156 100
44 105
167 46
147 42
180 83
139 134
77 55
9 46
189 69
175 130
47 165
60 178
121 3
53 143
124 15
75 90
44 63
160 196
64 50
28 56
80 2
185 155
144 38
41 139
77 75
65 166
24 180
1 42
52 83
150 181
194 123
79 177
41 35
176 132
39 43
157 76
106 156
158 31
76 198
101 123
129 21
31 83
175 136
31 173
128 171
91 25
158 27
68 78
184 55
77 49
20 153
0 192
144 20
171 96
112 12
41 56
28 122
171 125
26 185
66 64
29 198
115 110
165 110
134 131
22 0
99 32
135 108
9 165
23 2
76 106
8 178
8 88
60 182
46 37
41 76
198 129
144 127
78 110
153 150
119 194
51 68
86 184
51 112
63 136
62 154
106 54
191 15
179 85
0 97
14 164
140 63
102 96
17 18
19 21
5 38
35 116
41 142
50 190
113 2
13 158
39 177
75 27
94 6
10 189
27 177
178 132
145 156
44 168
105 90
107 93
57 11
165 14
137 171
163 84
141 190
163 120
159 100
196 62
90 96
138 71
160 183
5 89
8 80
1 58
149 6
6 190
184 81
127 86
185 21
34 163
27 67
79 33
146 186
193 91
81 60
121 11
1 138
176 117
90 99
40 4
158 114
10 115
160 129
187 52
93 73
76 116
66 177
37 78
123 59
143 163
111 127
80 194
124 124
84 155
167 199
196 87
94 145
54 107
60 113
146 168
14 117
173 42
67 180
175 121
193 171
168 39
0 179
62 107
137 149
129 138
22 76
64 79
75 56
115 139
116 14
23 145
121 69
181 98
11 120
9 76
83 136
43 179
104 48
182 9
31 177
58 192
28 171
84 185
56 85
54 20
116 6
144 23
121 83
147 112
13 133
2 22
42 56
36 140
119 158
55 195
170 23
174 8
198 92
167 192
162 18
88 66
36 109
153 133
119 101
167 38
26 19
78 187
17 86
54 19
176 52
10 188
71 5
63 8
107 3
143 166
126 102
106 163
161 5
154 81
125 168
119 112
8 29
158 174
69 0
173 176
57 115
8 74
138 56
136 41
41 31
87 190
1 120
49 5
138 29
85 119
72 156
192 184
174 75
197 95
169 127
157 133
111 143
7 139
143 95
32 102
190 164
32 169
176 151
154 59
191 5
62 146
138 122
142 69
176 81
4 170
27 92
131 20
198 172
38 46
88 43
106 42
41 92
22 104
120 116
108 154
66 30
199 20
53 46
71 133
27 132
134 159
96 48
135 77
99 89
77 177
144 26
101 141
186 138
195 166
7 196
194 113
162 44
107 147
68 150
122 84
197 7
45 105
138 137
194 99
143 171
102 67
185 69
99 103
98 175
121 120
136 123
46 25
67 102
135 71
57 67
182 185
132 127
176 21
163 154
83 75
37 10
165 31
48 126
136 181
55 82
138 196
195 34
131 29
72 45
9 36
34 173
177 63
56 120
64 184
114 175
89 127
84 167
135 72
21 131
130 102
60 195
100 6
64 163
173 9
38 93
20 112
49 94
71 123
125 44
157 120
13 123
145 198
37 18
162 115
29 113
82 126
145 108
85 84
180 14
112 139
117 122
127 33
90 126
28 119
120 16
196 23
143 83
20 30
153 176
103 149
65 148
103 30
117 68
86 104
47 18
117 189
11 116
33 58
86 170
150 199
27 30
184 78
172 98
35 168
55 97
154 112
78 29
156 71
67 159
102 137
199 83
22 37
63 132
148 183
131 136
137 56
128 177
181 143
29 154
156 47
120 10
91 126
20 103
43 164
64 188
19 69
156 15
108 10
6 97
70 115
67 99
135 171
21 1
161 2
196 99
7 193
186 181
88 162
26 189
70 182
184 46
6 119
127 71
152 5
81 140
138 120
193 8
115 139
87 69
32 112
63 65
17 143
162 182
79 162
150 73
87 58
42 26
45 43
163 64
129 159
7 55
26 196
70 41
109 161
132 79
183 139
78 190
13 67
157 60
180 124
111 114
129 124
57 128
69 137
181 87
19 49
114 3
100 153
92 197
125 152
184 41
132 77
29 153
166 160
37 144
67 30
155 38
178 99
135 72
4 31
91 155
107 106
103 79
151 114
105 3
142 76
155 139
126 103
137 149
148 164
197 152
12 180
149 16
114 160
156 103
102 5
166 76
183 25
46 82
117 68
157 69
81 196
72 194
96 52
183 199
15 148
90 172
85 25
196 100
182 1
23 49
101 197
190 75
108 73
5 48
181 36
175 154
153 167
35 21
158 93
182 69
28 53
120 160
27 34
96 145
121 196
113 60
35 9
174 26
42 18
10 133
123 107
181 108
31 189
178 20
141 195
195 54
85 46
130 76
160 105
73 49
0 40
89 197
130 131
175 199
26 198
62 126
173 109
191 145
98 118
99 119
90 172
18 108
146 179
67 89
169 110
11 151
136 199
113 124
157 52
38 148
144 132
54 134
98 55
160 155
114 18
8 41
134 110
115 142
112 154
152 11
87 79
197 117
43 106
131 151
193 66
25 181
110 133
67 164
192 51
4 135
7 45
63 174
144 89
186 103
99 102
191 116
129 135
176 71
64 136
63 150
160 187
144 10
118 111
153 105
106 17
89 56
11 135
124 126
56 57
29 122
173 178
139 30
147 109
52 137
157 132
50 163
121 16
166 109
132 101
84 169
102 145
97 196
36 72
65 189
136 194
122 168
24 139
99 99
197 36
176 93
56 24
180 91
179 82
184 100
50 121
136 22
159 12
129 175
158 170
1 140
117 158
34 62
162 190
24 109
35 156
187 190
107 10
87 104
135 33
110 190
63 126
140 71
144 49
66 64
20 37
181 2
69 102
43 170
152 11
89 167
28 138
0 7
60 62
151 118
154 11
8 110
27 155
137 165
67 117
75 165
39 163
151 33
37 74
92 42
155 177
85 185
37 182
173 178
194 100
136 43
165 5
115 96
6 122
165 140
84 197
58 46
184 40
175 116
185 48
66 87
34 107
23 41
56 119
37 171
137 144
98 16
157 91
149 171
118 176
132 90
104 137
98 165
127 149
104 51
109 178
110 192
39 117
41 146
31 162
135 190
154 89
95 153
192 107
135 123
100 11
97 1
111 136
141 46
61 199
173 10
53 87
77 4
187 85
160 110
97 8
171 41
182 192
193 39
13 169
178 148
43 94
6 167
164 139
194 31
65 10
136 35
141 126
189 164
123 24
18 156
51 170
18 115
74 85
117 36
199 131
188 2
88 151
50 194
129 130
153 136
16 131
35 12
130 19
136 173
80 66
91 196
111 35
16 156
23 118
23 44
11 17
189 129
2 20
18 99
84 0
128 22
39 173
61 20
11 118
122 148
135 53
140 174
184 167
162 49
83 182
3 130
155 61
190 55
125 79
62 17
137 175
44 93
4 13
87 55
109 86
169 79
138 154
131 44
133 159
25 100
107 38
175 68
67 55
72 178
92 196
91 8
182 5
93 113
175 150
40 111
177 104
189 173
25 37
22 143
93 197
158 136
35 37
159 10
165 135
112 19
127 163
47 100
193 125
168 82
132 7
35 156
192 102
12 146
74 128
177 14
36 26
128 5
23 69
155 6
3 75
189 43
79 70
191 145
45 135
88 74
44 198
12 12
194 102
84 40
152 15
21 177
129 119
187 177
31 74
24 85
117 128
194 12
101 199
93 131
57 16
119 14
66 67
155 125
88 3
144 16
12 24
158 69
25 157
171 90
131 133
73 87
174 54
130 54
197 60
161 114
5 151
167 104
195 148
194 171
3 183
186 163
175 85
117 38
136 81
25 75
104 17
24 169
162 190
118 80
3 1
147 103
130 160
49 11
118 90
103 43
68 98
6 142
116 143
140 25
123 105
112 84
58 98
96 6
34 94
67 141
123 24
145 199
89 79
165 80
120 3
107 174
116 49
84 37
90 19
82 38
33 89
13 114
139 60
145 16
28 53
160 152
116 31
195 196
82 131
22 24
183 133
174 50
23 25
176 24
57 93
12 7
18 93
56 98
97 190
71 57
145 109
12 26
74 156
43 134
18 16
120 11
196 3
156 158
119 25
51 125
57 50
71 101
51 9
192 194
27 181
2 9
137 199
8 99
80 197
94 196
101 27
116 16
23 55
7 36
124 172
29 120
75 52
82 153
52 136
8 129
30 61
69 142
25 180
106 34
155 183
137 32
6 90
122 184
118 46
18 124
63 197
46 51
166 60
66 165
118 20
138 166
116 66
66 50
102 38
10 53
119 14
86 14
141 35
1 97
69 76
48 56
42 98
136 37
0 4
179 116
63 50
113 76
75 37
176 171
145 32
86 107
152 39
102 25
99 19
80 97
109 61
138 26
14 128
19 99
157 89
159 181
141 32
141 156
125 183
16 182
56 177
106 168
186 74
72 114
184 161
156 131
8 49
166 132
92 84
106 71
162 78
138 74
91 104
5 10
15 98
90 85
137 191
152 148
135 27
0 76
68 152
136 104
131 114
139 192
29 72
47 182
119 73
67 152
62 32
137 111
17 63
141 149
145 132
198 106
72 168
168 106
120 91
73 154
187 192
116 90
170 67
126 154
10 51
44 143
121 166
69 72
109 168
18 52
13 48
161 162
51 171
170 107
134 19
142 115
113 18
127 6
155 48
69 97
128 2
165 138
133 125
177 165
42 102
176 136
39 28
12 157
80 140
192 166
50 68
1 163
197 58
38 125
186 54
139 96
96 144
141 2
86 33
183 85
125 48
68 153
37 199
181 62
123 130
97 36
128 110
38 71
21 41
16 52
62 20
104 164
177 185
0 36
53 166
46 163
18 187
150 58
83 56
95 177
115 135
153 78
173 108
30 113
106 109
84 81
0 105
71 111
90 129
44 54
117 88
13 192
10 179
90 74
113 96
57 5
79 25
165 98
29 66
181 148
25 21
125 112
156 87
77 146
81 108
106 8
90 179
39 90
58 185
166 47
142 66
10 22
55 45
90 99
176 175
71 161
73 175
45 148
168 81
149 193
105 116
190 84
102 164
184 12
187 23
130 171
64 180
121 37
72 193
185 189
84 135
114 21
58 93
133 125
54 169
141 82
47 171
45 58
197 144
100 26
178 186
42 198
146 167
12 48
179 130
83 44
92 138
45 183
191 42
118 76
167 28
89 78
44 163
176 118
13 178
47 6
17 137
176 176
89 178
68 81
45 159
83 117
17 150
152 149
65 10
198 3
31 188
163 92
128 73
112 134
30 89
88 110
143 198
178 117
43 168
169 94
148 117
159 152
134 180
195 135
151 123
15 184
159 47
102 152
140 105
153 196
40 110
38 164
81 103
134 112
119 106
44 47
128 84
100 0
76 122
130 109
0 178
41 92
25 168
30 52
49 85
136 29
64 100
40 145
158 179
144 145
23 20
163 76
134 132
184 26
41 96
38 52
72 65
108 155
198 80
166 80
81 103
194 112
183 97
157 102
113 93
23 44
31 134
191 169
19 11
6 160
63 154
89 64
159 101
105 69
32 31
100 75
100 81
41 25
172 45
188 84
63 186
193 65
67 10
154 115
55 91
89 29
87 97
115 182
82 183
74 124
149 71
98 6
46 176
72 1
130 79
178 31
157 140
58 19
2 148
18 16
41 25
176 27
128 45
2 171
139 166
74 112
110 145
34 108
15 113
53 23
28 31
88 28
119 54
70 35
105 134
126 107
14 120
39 112
179 17
56 22
59 171
106 156
62 187
13 21
137 4
51 92
127 59
139 42
164 123
61 189
155 106
107 132
1 163
103 193
46 11
119 16
196 53
14 98
78 37
131 151
25 188
19 27
43 22
122 189
59 199
199 151
143 70
95 78
44 134
138 123
153 182
95 58
168 21
56 76
174 97
85 74
150 31
46 11
160 154
155 83
70 11
78 46
28 61
124 191
142 9
168 60
168 115
150 123
16 2
162 11
126 175
172 108
184 143
29 117
20 25
178 34
83 16
41 148
16 53
25 7
85 131
132 51
82 128
40 109
122 198
54 44
127 168
35 66
38 196
151 173
72 39
122 183
30 80
101 42
183 32
37 19
2 164
121 138
187 17
192 182
3 143
137 3
47 98
78 166
74 129
23 104
52 186
107 130
20 15
151 37
51 40
128 78
128 145
104 29
152 123
23 130
130 51
150 194
106 27
134 191
120 101
130 75
66 131
157 30
33 174
193 76
197 96
66 13
63 134
100 27
7 160
68 49
23 192
11 137
80 77
30 0
16 86
158 8
99 137
158 108
26 160
56 127
80 199
1 66
63 137
161 43
67 91
40 134
99 188
20 8
111 175
180 198
162 31
51 114
54 168
29 89
115 49
98 80
73 58
173 177
34 195
120 160
116 46
116 112
129 130
47 55
123 47
36 169
142 24
158 3
145 76
137 33
82 136
146 131
177 61
21 41
82 196
160 185
81 22
93 172
152 187
116 164
86 109
25 37
186 107
31 28
56 56
56 74
16 137
105 26
35 78
33 17
161 186
170 55
78 9
81 46
154 183
110 8
3 123
88 35
177 15
53 5
46 47
149 186
115 133
36 125
49 89
14 49
73 98
149 83
146 84
41 7
154 115
192 42
78 120
68 160
196 154
110 136
173 189
0 103
53 0
41 44
102 136
59 185
63 76
16 29
0 139
102 43
109 38
60 161
56 23
17 170
40 117
193 1
109 35
157 135
199 149
7 141
161 66
102 42
166 61
149 161
2 91
32 107
127 150
12 156
15 132
70 181
157 109
3 199
97 108
45 175
10 42
104 27
92 80
36 13
31 198
185 5
12 38
142 135
94 110
107 95
23 59
40 8
39 153
113 110
182 89
127 46
99 42
77 50
52 3
187 197
156 124
180 47
109 187
192 21
77 42
180 53
81 137
140 50
26 42
177 146
0 92
80 156
177 198
38 55
161 14
114 120
63 187
45 184
122 122
13 196
166 77
162 140
100 104
152 79
128 183
83 112
181 73
69 181
9 179
194 188
122 61
188 192
47 100
145 69
23 3
106 69
169 148
165 144
195 24
93 87
97 186
38 112
84 128
198 183
121 118
174 60
90 168
77 135
57 58
95 63
177 154
115 191
188 156
91 197
5 15
91 47
23 155
59 32
181 192
169 173
93 98
49 8
105 4
183 194
155 51
1 169
58 80
97 199
129 199
124 107
122 38
95 82
48 30
70 15
32 151
51 166
32 66
179 14
105 50
35 141
114 162
184 174
147 39
45 150
167 67
137 124
30 26
45 132
61 7
142 132
165 22
70 48
104 58
63 125
18 0
170 170
123 186
188 116
8 176
144 49
175 131
27 101
154 196
89 52
81 116
94 39
44 183
13 144
73 65
88 66
2 109
35 130
61 101
118 81
19 86
120 141
36 124
198 192
124 154
145 126
179 8
152 26
167 162
104 3
117 159
57 155
175 13
193 155
139 27
167 90
103 118
77 28
170 189
58 20
95 142
185 190
50 48
58 8
170 119
111 152
140 188
171 129
111 91
197 32
105 184
170 162
102 14
174 157
55 22
5 61
165 133
166 175
126 80
41 33
110 97
51 44
72 58
21 86
34 182
81 198
144 170
153 199
130 79
25 144
10 16
0 120
7 66
52 170
39 83
155 164
54 104
41 106
172 158
9 64
43 127
140 64
9 39
99 80
134 189
112 162
127 81
156 84
109 177
138 194
154 107
8 23
70 2
99 102
53 15
161 124
57 11
88 79
87 84
50 188
58 40
43 48
157 119
37 133
13 186
176 132
91 138
103 112
1 170
30 161
51 30
166 20
119 143
52 62
142 158
134 0
181 160
159 122
107 17
131 112
192 173
147 74
144 22
75 119
80 73
111 91
74 149
52 49
139 109
25 117
63 158
40 189
100 175
87 108
88 70
10 120
33 35
47 198
90 13
136 165
35 24
105 104
115 6
38 153
186 103
19 151
177 182
122 49
164 178
84 25
108 11
74 122
72 116
13 88
176 138
25 170
143 24
81 164
60 177
149 72
106 80
109 36
18 153
108 179
37 16
93 183
142 158
131 116
192 107
166 177
42 65
75 35
111 192
142 152
145 64
93 136
97 28
2 19
176 81
165 119
94 46
74 141
112 189
74 165
113 164
29 95
14 31
109 123
79 84
53 83
190 62
37 103
71 196
188 8
92 97
56 15
196 73
129 65
152 85
125 54
65 170
44 167
146 144
104 72
163 98
92 81
143 98
167 61
18 127
30 41
153 29
71 115
4 37
33 137
196 136
38 71
199 56
12 13
35 74
66 89
45 67
139 110
1 179
152 15
184 37
72 151
114 27
132 62
108 174
113 20
64 150
125 196
135 45
35 62
151 83
93 127
181 197
57 144
154 1
139 34
120 77
149 184
81 38
97 2
6 184
86 23
67 41
29 93
195 109
73 85
4 134
135 96
78 45
162 34
80 33
47 64
2 125
93 144
149 107
28 189
126 76
192 123
0 137
99 145
61 49
73 133
133 7
158 67
84 185
33 48
198 32
177 26
120 182
133 149
25 19
183 62
106 5
37 143
142 91
31 14
37 197
173 83
71 114
73 189
17 35
68 99
158 3
130 194
137 18
37 82
79 151
36 92
97 76
166 160
100 86
105 89
84 23
84 152
97 181
2 198
7 144
94 111
138 13
149 88
47 73
75 125
11 139
73 162
111 105
69 38
123 111
132 72
74 40
120 181
194 21
62 104
122 0
132 163
108 105
186 4
198 133
155 2
92 150
76 181
22 66
172 134
129 181
127 166
96 71
139 114
85 79
110 176
70 21
105 131
142 108
129 101
8 83
191 27
138 54
173 31
99 107
45 148
92 112
78 103
4 42
129 24
24 72
91 73
170 30
133 154
161 144
75 84
127 194
183 130
27 78
18 96
74 191
79 7
61 190
40 175
82 44
22 40
59 88
39 107
67 183
166 83
122 165
145 161
110 5
51 181
127 184
70 142
50 186
129 117
148 133
35 117
28 159
10 163
147 125
64 25
135 66
182 111
56 184
111 197
113 177
132 74
52 112
54 58
74 21
75 196
60 56
129 16
3 75
134 60
106 183
135 54
121 138
15 29
83 91
66 115
120 185
180 112
26 125
15 90
85 35
185 184
84 37
196 66
136 25
161 137
9 163
147 157
190 10
49 155
6 59
28 104
163 89
162 181
82 81
92 111
94 5
88 26
7 198
139 16
63 73
107 90
10 51
103 132
94 189
24 130
122 16
181 144
133 181
63 45
145 137
156 97
78 131
188 141
61 49
96 77
29 43
142 49
103 93
122 125
159 110
124 147
114 79
79 98
83 89
63 54
156 90
41 185
70 24
149 77
112 103
13 146
101 25
177 103
73 38
22 106
71 77
195 145
100 185
119 24
97 138
94 63
188 13
127 188
3 139
196 71
67 22
45 123
133 190
191 85
10 66
187 181
62 53
179 119
168 169
92 53
185 170
116 108
66 185
78 136
14 20
49 44
87 2
12 175
100 78
87 34
5 51
114 34
64 47
179 151
75 126
107 121
160 0
70 138
89 39
82 120
98 191
84 179
24 1
30 175
70 53
73 36
139 184
136 2
64 143
176 6
116 94
34 189
122 18
72 4
28 172
97 30
97 91
85 95
81 183
175 124
112 53
104 160
15 144
61 96
68 75
134 67
79 106
111 144
88 64
150 132
55 59
54 179
165 37
133 2
9 4
155 41
95 83
74 103
162 35
19 52
163 177
29 127
184 49
164 110
6 74
72 192
191 26
70 116
7 193
25 73
167 40
164 19
154 88
95 7
107 93
105 11
130 178
69 55
166 79
88 28
161 121
32 196
130 164
57 3
68 72
103 123
41 126
10 105
198 106
133 127
39 17
30 29
108 164
177 69
92 146
55 78
57 10
90 65
186 83
9 108
34 179
94 182
138 107
15 111
77 90
93 122
10 161
72 93
70 16
161 65
97 0
58 128
156 58
147 108
91 73
11 134
119 5
4 91
22 90
41 81
37 182
190 192
66 178
30 67
176 40
40 151
161 26
93 49
24 167
72 148
64 23
69 195
7 152
101 23
13 72
90 44
62 44
100 1
114 71
160 178
69 23
101 179
44 2
48 163
187 110
76 163
139 70
177 155
93 14
44 24
141 41
65 62
80 41
72 173
27 170
162 177
179 176
127 141
105 157
12 156
18 148
107 118
196 183
113 131
17 120
121 98
13 58
47 110
57 126
42 67
62 35
20 63
115 49
53 145
26 94
135 3
122 171
38 197
181 105
127 64
101 111
182 91
58 112
72 152
45 93
106 161
76 145
48 143
59 133
10 7
9 87
35 104
117 191
16 139
191 133
194 41
138 172
3 153
177 116
61 121
79 90
134 128
162 13
49 100
80 4
100 17
24 1
28 60
197 151
32 1
186 139
198 90
172 198
25 132
9 132
2 185
113 184
7 84
165 179
121 6
78 11
35 78
68 110
53 164
63 194
58 133
93 145
10 32
119 158
72 142
132 157
84 28
49 61
170 61
80 65
33 38
6 150
135 4
42 149
135 182
63 19
126 137
196 184
142 142
33 40
5 90
195 69
163 150
9 53
36 135
21 154
6 71
163 69
188 98
135 97
105 149
40 157
175 147
1 128
113 96
179 97
86 53
137 135
16 8
14 129
167 144
57 101
114 88
169 183
115 33
11 63
46 98
131 134
140 160
199 79
166 48
12 143
197 187
97 25
142 146
51 125
116 181
0 59
155 116
195 196
133 80
42 184
92 117
99 95
109 114
116 132
151 46
117 196
107 1
142 173
46 104
2 193
99 48
46 105
18 59
183 138
35 131
174 37
73 160
143 27
30 153
176 112
87 137
43 157
104 113
32 151
175 169
62 176
192 19
18 38
167 131
114 142
3 92
157 74
79 103
115 170
126 85
196 148
146 142
70 63
188 94
185 35
8 130
189 62
59 42
70 49
108 34
123 139
57 35
197 190
175 34
79 164
109 29
86 181
129 7
167 137
31 166
23 97
183 107
10 89
18 2
175 18
41 48
94 193
85 127
195 135
175 20
123 156
12 187
159 27
137 4
4 16
183 136
25 15
10 164
113 48
10 108
38 143
93 22
59 153
191 172
179 121
72 177
1 79
20 101
169 93
25 70
149 55
150 183
105 179
40 41
9 118
36 3
88 11
8 167
112 111
191 149
90 127
31 3
6 80
90 99
13 95
84 78
115 97
188 57
180 32
138 2
17 21
199 194
79 106
167 80
72 55
185 112
111 179
22 42
199 194
81 56
68 91
18 101
45 111
78 27
17 27
14 184
117 0
163 43
167 57
23 176
190 26
61 57
129 83
156 67
147 178
168 124
37 29
144 190
7 159
163 35
66 172
199 69
44 195
40 98
85 154
189 46
37 140
159 46
162 193
116 66
81 54
123 20
81 9
115 27
192 102
124 147
82 179
3 106
62 103
111 150
42 0
186 26
145 162
91 196
165 187
190 30
30 2
89 184
43 160
191 45
164 21
27 26
66 12
5 104
187 134
100 101
18 128
6 72
107 120
53 80
198 197
129 157
169 193
149 185
184 142
50 90
136 171
39 94
50 178
173 136
114 109
36 139
142 100
92 70
76 80
7 163
85 34
117 167
105 13
42 143
1 151
73 55
78 72
114 140
42 181
161 143
187 1
179 160
195 179
49 98
190 138
25 99
25 70
70 89
123 177
3 18
86 124
13 181
144 185
38 36
11 128
57 169
100 104
171 198
169 148
132 22
127 4
150 121
117 4
72 107
198 110
31 79
169 143
161 179
25 165
91 41
183 183
147 10
123 182
12 93
71 66
56 46
155 111
159 121
159 26
137 107
198 187
133 150
36 187
165 119
22 87
37 194
91 135
21 67
125 88
122 0
20 18
161 105
126 166
87 180
3 3
137 108
6 176
85 107
22 162
30 21
193 27
130 83
24 192
48 123
67 98
10 190
93 8
1 124
9 29
34 122
132 91
183 66
160 115
23 51
117 51
28 193
84 41
108 159
57 7
53 77
178 72
150 59
54 89
74 139
165 74
22 90
68 74
141 147
163 14
94 105
195 46
68 131
47 199
161 170
193 85
108 103
184 189
58 40
61 125
130 11
81 84
99 166
7 61
35 47
190 30
128 189
163 39
93 181
61 1
103 17
1 126
198 33
124 63
87 140
42 37
164 129
72 0
50 8
97 177
15 156
41 163
149 170
143 155
136 27
60 162
54 146
42 105
59 112
105 139
26 183
41 20
52 40
43 108
187 31
149 45
137 18
35 174
98 197
183 113
172 130
101 78
38 12
19 77
44 167
15 57
64 149
122 76
177 41
178 127
134 22
186 34
12 5
18 45
47 181
17 181
82 135
173 2
179 133
9 15
60 18
49 118
48 124
184 7
76 180
41 188
54 178
16 43
162 23
33 129
85 0
70 144
77 72
5 132
40 42
49 80
90 93
108 164
1 57
197 150
143 188
138 194
174 3
23 91
189 82
181 153
197 105
106 100
164 28
91 134
63 77
49 161
77 135
114 127
148 166
58 88
23 132
35 64
95 27
27 129
175 40
156 26
11 162
83 109
102 6
92 50
186 14
187 108
66 175
72 28
55 98
183 50
6 94
190 62
66 45
130 40
36 5
19 177
1 28
128 81
152 109
84 148
9 182
191 135
41 126
115 158
49 159
90 94
194 82
17 118
19 74
82 81
126 50
86 132
91 46
103 132
86 50
138 195
82 126
95 69
64 14
83 52
15 77
112 102
31 69
11 125
102 115
26 65
125 53
159 69
27 194
126 30
100 124
93 196
60 20
85 170
82 69
63 176
94 51
9 22
69 20
34 93
134 112
48 29
160 125
133 130
174 130
118 83
40 176
97 138
149 1
127 197
24 42
121 92
42 106
9 176
175 152
101 141
6 136
145 188
199 78
113 46
156 189
2 69
174 116
147 172
188 129
182 43
187 34
17 5
62 142
136 122
63 87
18 117
118 183
164 75
141 57
87 69
173 39
68 142
96 137
53 66
180 114
60 46
155 133
146 185
82 74
134 89
155 7
105 16
46 120
12 143
145 128
127 185
75 147
30 7
128 66
30 178
15 165
40 175
173 194
23 162
103 144
93 14
22 25
155 113
160 121
131 149
61 53
169 194
163 88
91 59
44 156
1 146
99 97
122 178
180 66
162 42
116 123
64 145
107 1
96 171
106 123
56 132
110 81
172 92
173 48
108 133
154 91
2 139
102 70
4 52
36 65
9 37
170 130
178 71
164 165
50 195
57 182
127 50
22 4
136 131
55 148
36 25
36 83
136 75
153 193
64 132
187 83
33 98
97 8
75 177
14 129
29 157
117 138
10 184
163 97
106 29
179 164
125 44
169 138
18 72
195 40
139 75
82 73
10 7
100 65
175 79
39 82
146 6
104 126
197 24
162 40
166 77
74 90
32 109
46 80
187 158
0 66
137 86
161 147
150 52
80 183
156 41
118 99
85 84
173 26
115 43
50 105
167 69
142 50
97 161
115 153
17 108
177 9
175 114
160 59
84 32
48 37
11 80
160 194
129 139
144 97
161 149
84 76
155 95
159 130
5 43
137 199
173 145
103 74
48 170
174 32
156 33
162 190
183 122
148 21
19 61
181 53
65 74
32 69
173 196
6 193
59 189
122 103
80 94
21 106
196 51
160 60
20 177
76 71
181 2
106 179
57 199
132 142
32 116
171 148
174 150
91 21
146 138
194 14
156 137
56 171
148 71
31 42
145 98
33 14
171 75
34 116
109 145
149 139
180 148
22 185
13 104
24 142
78 28
131 47
123 60
147 78
55 131
35 101
191 80
113 52
74 111
82 168
96 87
88 30
24 41
142 44
83 136
30 75
152 132
39 126
107 135
36 131
139 10
160 26
151 172
52 44
69 129
51 71
196 58
62 113
125 95
41 186
17 164
98 145
126 158
35 162
124 161
150 181
87 11
72 161
38 175
9 71
3 110
125 85
21 145
186 90
31 1
93 124
127 124
128 3
156 134
86 134
53 130
198 46
61 166
36 102
150 27
22 159
162 154
117 116
10 175
164 14
117 75
45 166
189 72
118 106
133 109
192 14
131 84
0 48
71 92
89 96
82 89
184 112
141 46
132 197
167 168
102 124
126 82
186 148
69 104
162 130
141 199
54 56
174 14
195 37
32 151
79 91
59 145
153 142
41 80
66 24
36 177
152 134
87 140
127 32
30 135
154 60
103 12
137 86
16 199
118 55
120 51
111 47
94 75
48 3
110 171
187 128
51 110
153 103
83 48
180 77
99 29
123 162
13 126
110 135
197 28
71 22
47 105
104 62
14 184
147 62
50 127
94 176
127 182
191 101
90 149
156 32
6 29
106 167
134 146
174 16
195 81
180 39
32 33
121 113
1 2
159 96
100 72
29 25
84 79
25 101
122 131
148 109
151 35
190 2
80 6
36 23
118 130
44 175
148 102
2 168
155 113
52 135
77 42
149 104
63 129
125 85
197 155
49 25
190 156
50 72
70 191
11 114
118 152
148 178
9 193
140 3
40 70
128 147
142 65
192 199
69 35
106 36
191 177
116 124
139 47
60 82
80 11
101 101
55 98
70 164
19 132
127 28
189 156
37 69
142 167
75 3
97 51
144 167
137 42
145 161
8 88
187 119
116 33
149 80
169 30
152 154
24 119
153 153
24 140
170 22
171 74
38 43
35 71
197 143
21 37
0 187
91 48
196 74
138 2
83 40
110 65
143 18
111 14
122 24
58 39
1 102
73 59
40 107
2 188
50 119
58 148
174 195
90 162
106 83
15 179
185 156
78 68
142 7
69 12
86 125
5 168
13 185
76 101
198 110
161 122
102 160
15 88
8 181
65 111
103 172
163 28
96 86
73 8
74 170
130 24
47 30
13 67
160 84
79 62
32 47
63 13
158 65
98 89
46 139
190 189
134 76
37 12
108 182
102 76
189 156
33 11
166 152
41 88
67 175
167 166
54 104
97 32
116 164
193 110
69 130
83 91
130 47
33 135
30 90
173 137
34 13
34 151
77 24
21 185
28 59
2 17
86 62
108 159
109 88
111 18
128 187
134 157
138 168
64 196
63 24
20 174
160 73
60 186
143 15
4 12
120 59
40 6
196 38
121 117
47 76
54 131
88 79
51 115
25 1
43 35
160 170
64 40
79 44
31 1
155 42
142 105
73 28
69 139
185 182
165 2
120 73
41 5
112 90
75 146
3 86
186 190
45 66
85 32
62 113
195 90
30 84
56 194
129 23
132 140
197 149
138 190
139 99
102 169
115 44
39 159
26 164
12 96
158 145
87 80
89 4
141 163
190 164
178 129
78 23
45 61
156 52
187 119
14 16
123 3
198 139
185 17
156 120
60 121
16 185
61 94
194 87
145 72
11 137
155 175
93 196
198 4
61 19
166 64
148 49
168 26
196 196
65 142
182 181
176 190
70 159
27 188
18 85
31 118
17 59
51 161
190 192
67 27
194 158
152 41
50 194
108 171
74 135
91 185
70 176
112 102
183 103
180 157
7 192
89 173
23 158
142 2
126 75
55 109
50 67
99 169
178 98
94 192
187 109
90 37
85 20
44 45
52 30
199 27
165 118
63 183
47 57
63 18
53 194
96 33
181 17
22 95
189 0
43 32
3 54
149 6
52 187
12 125
95 175
114 16
172 58
84 9
150 32
104 92
88 24
100 188
137 154
130 57
68 64
24 123
88 123
171 99
176 73
110 45
27 7
91 79
135 74
74 189
64 141
181 0
131 0
40 161
153 101
185 118
152 68
112 119
100 144
128 15
67 176
179 76
89 147
12 186
192 199
52 134
85 163
1 157
46 33
85 77
5 187
167 47
53 107
86 124
84 96
15 15
199 117
160 72
7 52
130 53
132 30
134 161
64 110
74 73
158 51
91 26
19 170
85 86
49 22
29 155
191 66
67 16
35 75
35 27
114 143
73 165
175 186
72 158
49 116
124 191
142 15
0 188
178 127
4 109
113 26
18 196
88 142
196 64
79 172
117 10
94 6
21 177
130 110
15 14
35 135
161 101
177 98
53 173
153 102
100 136
140 124
141 142
101 43
102 10
108 172
78 47
181 0
17 110
5 44
186 175
122 98
93 100
110 18
17 2
35 31
54 28
42 5
156 124
173 179
12 143
126 123
172 178
96 100
33 47
60 152
78 39
172 40
73 4
34 49
192 152
82 88
164 126
62 23
26 181
47 12
104 177
39 189
104 66
32 196
14 52
77 18
144 20
7 25
28 11
18 193
26 119
85 59
42 72
155 146
149 181
123 138
100 129
29 129
41 136
17 150
113 44
118 176
57 117
77 58
78 76
81 18
64 128
183 95
84 126
16 73
171 68
136 14
35 41
92 152
196 14
131 103
97 185
49 37
62 124
167 188
17 6
28 126
155 25
115 141
34 194
174 51
183 74
185 5
170 8
44 18
165 98
98 47
180 144
42 155
102 89
29 92
157 29
35 181
64 104
114 190
76 1
99 98
66 154
31 173
136 101
49 100
152 130
112 83
166 61
139 50
40 0
92 183
88 187
136 84
184 119
90 126
3 198
181 135
186 77
92 157
173 74
167 161
81 125
163 41
175 86
78 189
48 54
108 87
194 113
102 1
158 83
172 29
48 169
46 87
34 191
158 159
147 125
170 86
199 82
76 106
12 78
196 40
71 92
168 75
81 193
155 48
148 1
140 40
120 80
192 7
161 174
122 147
173 30
140 159
89 143
14 102
8 3
94 30
34 98
149 62
177 106
195 102
2 19
23 29
78 35
163 56
45 174
74 129
69 149
52 164
67 92
172 108
99 67
49 69
167 30
196 46
38 124
107 4
101 160
59 90
116 14
81 167
87 109
112 135
100 21
75 178
138 119
115 61
170 160
69 168
26 25
50 188
135 130
62 123
46 151
172 144
111 7
7 80
102 163
55 154
166 150
160 23
97 149
77 35
146 79
65 108
191 136
0 63
92 10
122 179
159 197
42 155
24 52
72 29
157 172
139 183
85 10
74 157
153 98
110 103
189 145
188 86
171 107
96 173
104 82
60 33
84 36
174 169
65 179
81 137
107 57
113 134
42 169
84 48
152 153
134 76
167 141
71 197
57 99
85 112
183 41
156 41
128 151
2 172
191 26
112 199
87 20
91 11
6 90
170 78
150 153
126 35
43 172
60 189
75 7
73 8
40 64
146 149
140 89
14 191
74 74
109 180
119 21
158 33
197 16
125 157
156 138
87 178
154 13
19 165
105 46
74 188
87 5
123 87
183 52
68 127
176 194
69 176
134 184
197 35
94 186
48 151
19 152
85 142
10 67
135 44
141 145
186 59
110 52
42 115
23 0
150 106
139 194
71 84
104 124
59 15
197 12
183 112
40 167
146 116
55 179
163 139
128 87
81 86
50 52
194 43
91 70
101 122
153 168
162 94
150 29
137 191
101 199
15 111
35 87
20 41
157 40
33 169
60 100
105 3
158 37
2 163
104 19
33 46
190 121
40 126
128 186
123 136
135 137
122 194
196 49
101 80
131 88
16 165
117 52
107 174
175 75
195 151
13 187
33 175
11 2
79 23
53 31
99 131
29 139
95 79
7 28
52 33
171 47
84 189
42 69
88 45
90 28
75 42
45 83
107 25
183 85
128 34
146 123
195 133
170 86
118 98
137 46
104 104
145 46
105 148
134 108
12 137
22 164
52 62
55 9
79 154
66 89
176 75
120 53
0 148
12 44
178 199
160 80
37 79
36 16
100 94
140 70
69 111
157 150
173 26
13 138
68 160
120 179
196 93
19 195
155 76
61 80
84 198
66 155
40 14
38 63
55 173
7 150
193 80
52 99
7 58
57 38
154 190
183 131
58 142
96 86
185 117
2 20
157 180
52 153
45 144
60 4
152 91
184 76
58 173
137 13
120 44
103 48
76 121
52 121
77 168
118 6
78 105
74 133
54 17
149 40
108 141
183 149
10 30
59 157
196 147
110 87
105 186
175 135
26 53
36 183
75 54
156 98
11 49
57 75
114 96
170 47
46 141
144 60
46 8
34 144
104 136
63 65
60 110
178 155
127 142
178 66
162 58
133 7
50 106
144 35
80 184
124 89
69 139
68 160
165 123
159 44
126 197
165 61
85 59
85 103
18 167
136 178
92 38
168 43
0 165
133 158
40 80
166 196
12 115
83 168
10 192
75 154
2 50
110 189
148 114
4 138
155 128
2 25
158 189
10 121
66 151
173 16
151 18
179 62
151 180
110 11
105 177
162 10
1 112
15 95
74 80
178 194
146 162
1 38
31 75
59 14
165 183
56 61
70 118
90 176
173 92
109 76
94 147
13 83
118 118
142 45
183 119
4 5
109 164
158 80
136 111
152 79
89 31
81 106
95 166
59 11
174 80
86 93
170 140
85 36
181 169
92 32
9 140
188 88
162 171
150 144
127 172
183 20
129 17
19 185
44 154
68 44
14 90
167 143
109 155
20 87
156 70
48 185
190 93
102 12
155 135
77 40
152 166
115 142
24 43
145 174
122 46
72 0
195 155
130 7
55 138
142 31
65 189
20 186
134 194
141 164
22 70
163 166
67 144
39 130
31 130
143 152
162 161
189 84
185 128
110 78
100 63
83 10
83 5
177 63
125 97
189 61
104 94
115 8
125 91
172 33
78 93
193 196
89 88
47 117
142 106
52 155
30 135
91 188
103 58
77 27
152 68
109 141
85 109
80 46
29 183
36 36
66 151
145 197
93 106
109 16
18 174
160 62
47 197
154 77
78 17
124 10
166 172
109 3
186 179
59 51
119 28
176 30
76 37
172 28
23 23
126 191
80 18
53 164
95 15
147 143
154 108
1 197
27 160
188 86
79 106
42 53
153 127
29 79
179 17
70 173
119 149
5 22
155 95
191 27
113 159
134 26
11 76
72 183
109 179
161 17
145 71
155 158
199 144
63 1
151 84
164 13
7 106
34 109
172 132
26 85
128 180
98 193
12 28
0 64
67 53
71 18
5 154
149 68
164 170
163 19
158 5
88 92
8 185
122 59
126 189
159 102
60 155
66 187
62 15
34 165
4 62
19 41
69 32
62 112
121 83
109 153
75 66
136 42
85 180
95 104
19 141
36 49
119 85
99 184
36 61
33 82
191 138
177 8
18 21
154 180
170 176
94 125
141 32
167 79
191 161
3 46
196 36
9 165
8 67
156 128
24 103
156 41
145 116
30 75
129 32
147 10
157 20
153 160
81 167
99 150
64 151
131 77
170 18
108 84
37 44
197 2
20 155
98 128
103 167
37 24
156 96
34 111
137 8
0 104
42 5
45 53
131 194
22 173
94 54
130 78
53 199
40 72
128 136
168 189
156 151
164 97
51 89
103 57
172 63
176 7
143 143
4 13
11 132
66 96
143 3
11 122
172 123
75 187
186 46
8 167
172 63
13 189
183 45
184 47
139 110
132 73
18 124
114 52
8 102
7 169
170 27
191 5
43 158
91 112
184 107
79 142
182 44
107 90
13 25
83 138
141 0
57 190
3 136
62 121
68 171
193 171
138 47
155 7
73 48
5 31
192 132
189 81
163 142
94 181
195 11
195 66
167 35
138 63
121 29
61 163
101 195
40 101
14 126
143 105
0 140
176 182
143 189
15 51
71 147
137 135
47 15
64 36
4 177
58 131
155 128
166 60
70 162
147 146
87 97
79 147
140 170
68 172
53 113
122 79
116 43
1 17
16 196
199 145
100 62
93 68
9 83
30 19
107 90
151 75
74 42
40 190
80 15
115 44
14 55
8 39
51 48
180 138
129 158
30 178
150 42
105 173
2 153
98 157
147 4
182 48
115 64
45 106
162 0
84 114
150 88
106 106
144 192
62 74
185 187
24 126
158 88
24 170
80 134
16 53
117 109
15 151
167 27
86 108
172 100
83 5
159 57
153 190
107 47
188 124
184 30
197 142
169 166
7 187
127 179
41 186
13 64
23 29
119 67
176 57
147 132
178 12
181 81
111 79
33 176
111 170
92 8
47 40
52 96
197 156
68 91
85 121
192 28
44 86
196 45
158 108
114 67
144 109
45 80
120 171
171 32
120 157
22 60
50 152
167 104
156 187
121 158
145 84
177 73
77 165
139 165
173 12
149 109
44 61
23 1
121 64
76 121
50 189
6 13
106 157
138 78
36 14
98 195
140 49
163 187
11 190
137 86
123 62
72 59
26 184
10 92
4 28
163 145
31 22
87 69
52 65
187 198
47 42
118 60
110 97
105 199
21 23
6 21
37 36
162 180
61 184
132 58
17 187
29 185
90 185
152 161
77 151
40 105
163 126
187 114
90 168
38 53
110 193
48 85
3 110
101 43
31 86
16 83
125 172
44 66
97 1
24 147
130 155
58 183
36 121
191 83
74 64
87 130
81 79
25 165
78 90
197 174
119 170
68 80
134 198
174 50
174 166
191 152
129 179
28 48
7 19
72 54
106 153
162 144
177 47
179 50
194 82
33 80
54 117
20 111
15 151
141 67
35 171
110 42
159 54
16 188
177 108
146 149
138 195
118 169
34 175
44 44
79 156
179 99
128 10
72 85
155 31
130 186
39 143
198 155
12 144
107 25
103 149
91 89
44 24
146 104
121 21
29 7
13 119
147 4
16 22
104 148
175 21
65 167
29 49
29 74
71 113
91 197
149 44
133 87
157 26
150 115
133 1
70 199
12 13
40 194
39 2
159 176
113 162
103 99
95 136
67 173
125 128
29 112
29 51
144 61
76 9
76 160
199 46
31 121
189 20
168 96
196 39
116 197
162 67
175 3
77 142
9 44
50 74
31 96
20 16
17 143
138 161
80 40
8 86
158 114
89 194
71 157
193 179
79 161
45 120
159 99
59 47
7 120
177 3
177 36
47 43
185 183
45 124
178 64
22 20
129 117
162 105
182 124
191 160
158 128
187 28
61 48
86 150
172 146
93 76
82 35
88 176
48 166
14 190
18 161
88 146
67 40
102 185
152 117
20 33
48 49
192 122
58 126
114 156
128 74
35 183
158 180
17 116
187 166
15 72
28 180
42 66
13 106
174 77
99 179
122 114
162 30
176 189
25 69
118 165
108 82
33 177
143 74
103 158
104 173
125 154
137 65
194 65
51 188
147 26
125 175
101 193
85 26
132 173
168 192
40 191
47 27
159 134
118 172
160 184
172 50
97 155
69 146
181 96
121 14
166 53
54 83
186 25
185 111
146 114
34 23
134 89
119 3
16 147
12 116
74 8
183 179
154 101
186 132
0 71
189 63
108 9
31 25
126 172
149 103
23 55
184 161
79 14
181 9
110 22
55 154
118 87
67 99
183 85
68 178
88 15
135 194
186 194
82 182
165 58
40 151
40 135
153 57
29 21
139 161
3 29
177 63
194 194
188 110
187 57
87 111
55 171
172 131
195 99
83 31
105 72
11 38
172 77
136 100
43 135
151 25
154 164
179 1
177 9
8 98
90 124
95 186
9 167
60 122
29 55
144 147
140 128
46 110
63 198
166 38
128 168
169 180
163 175
94 187
132 154
78 38
189 10
114 125
129 0
88 68
18 151
111 175
52 150
15 60
89 186
104 87
91 130
122 17
197 161
6 110
124 132
29 83
131 76
170 48
191 42
176 96
106 81
196 21
93 57
186 132
153 57
17 18
153 72
168 7
175 73
20 79
154 0
154 22
135 169
66 74
159 172
188 132
13 143
29 30
142 1
69 118
113 168
5 169
0 179
146 32
173 18
132 69
120 193
36 45
93 29
32 199
35 99
153 178
141 194
192 103
90 101
66 160
3 185
147 137
198 93
3 13
29 186
110 145
31 69
104 88
144 196
67 70
86 60
173 75
39 123
63 181
22 134
125 46
12 180
86 4
159 57
17 5
74 18
194 69
31 121
13 23
61 59
81 100
10 45
179 119
99 12
113 166
42 81
187 80
5 182
79 64
7 45
68 132
7 104
103 195
149 167
147 60
171 132
11 6
88 3
54 57
115 98
139 138
32 16
2 81
103 100
59 8
119 97
98 36
157 36
135 170
51 123
179 31
136 156
29 198
96 65
171 7
132 195
138 109
42 64
180 53
144 146
92 98
182 36
21 129
197 139
90 17
22 5
127 135
30 115
113 189
6 157
94 59
121 46
144 145
193 190
1 43
29 29
6 105
99 182
38 142
36 36
132 111
98 98
184 130
170 177
18 62
98 186
119 189
0 102
92 64
45 4
94 35
116 43
139 61
100 175
45 74
98 199
30 166
21 64
36 80
136 88
101 65
123 196
3 38
32 48
132 142
163 62
103 164
144 92
20 166
135 65
188 0
144 48
73 22
111 43
108 32
23 0
48 84
70 8
119 167
69 170
57 54
26 174
184 160
63 70
73 28
177 50
84 62
135 82
122 109
137 96
138 162
30 31
4 50
25 183
15 38
19 29
119 141
8 77
55 78
173 108
120 168
49 118
29 82
29 27
119 51
17 42
27 102
167 121
74 52
119 64
146 95
25 175
156 103
99 9
75 194
55 152
100 74
179 101
4 71
50 194
173 91
16 81
99 138
49 106
6 7
197 185
94 127
4 35
102 129
51 7
37 163
93 165
154 26
2 110
70 40
56 164
158 104
150 75
65 110
136 99
120 36
158 126
138 35
35 152
50 78
182 110
131 129
184 24
107 113
196 113
154 9
113 52
56 38
21 58
83 74
11 107
164 67
91 117
101 173
192 188
44 196
174 186
54 167
38 6
30 124
199 164
18 74
126 186
177 125
120 86
175 27
17 161
7 193
136 154
12 188
152 63
177 125
120 176
14 186
47 80
131 151
29 124
156 46
131 150
64 145
119 157
0 56
31 157
191 121
4 24
133 71
22 23
37 10
72 116
73 70
195 1
82 178
26 124
22 1
72 36
22 28
112 117
140 180
48 145
189 60
163 108
45 198
10 135
60 72
58 195
178 146
67 136
143 41
193 54
73 129
172 180
71 39
153 96
173 62
113 78
53 81
179 175
116 125
60 91
11 98
27 64
88 77
184 192
31 98
24 50
185 96
176 138
64 152
123 10
106 157
119 174
149 119
174 22
63 137
48 198
133 96
175 35
76 11
8 117
105 0
48 164
117 160
187 112
6 76
6 85
17 137
140 28
59 168
8 79
28 18
15 191
47 195
41 181
94 156
72 83
104 18
144 171
182 128
29 46
47 26
51 94
8 139
51 14
1 49
25 50
182 88
90 136
17 195
151 3
163 35
106 52
70 107
2 183
113 127
25 147
37 20
125 118
23 159
192 102
146 98
113 174
135 156
82 34
44 78
163 126
71 29
158 6
47 142
146 130
32 54
62 132
9 74
36 60
99 38
183 49
71 186
184 35
175 139
107 100
133 95
11 109
168 116
58 157
30 179
162 111
180 116
44 20
88 180
135 76
152 68
61 105
91 143
100 22
147 134
78 137
194 1
13 3
4 81
91 42
192 185
160 88
188 58
103 8
140 150
15 23
52 8
122 186
119 116
49 124
10 2
30 159
72 102
106 166
178 120
76 20
90 147
134 57
27 60
42 105
74 71
192 31
149 47
30 116
107 16
192 50
113 96
122 43
191 176
162 17
156 102
196 199
87 126
143 41
15 198
94 160
125 78
5 67
95 56
115 158
43 88
23 152
135 166
67 64
90 187
132 82
129 96
75 155
159 21
4 122
1 24
53 133
168 135
167 38
189 112
112 132
121 184
92 191
68 172
63 168
19 16
67 59
187 99
166 192
155 143
135 24
62 149
186 146
157 88
26 81
152 11
197 132
168 26
187 65
84 43
187 15
7 191
133 141
117 12
160 89
129 82
188 27
183 175
167 185
56 3
177 93
69 85
14 197
128 85
40 94
28 102
43 0
16 179
7 110
81 175
4 155
139 80
110 86
9 161
149 38
98 20
96 135
105 127
188 86
18 171
121 74
158 52
162 139
86 176
86 120
26 36
159 32
61 185
104 123
169 152
73 15
99 12
64 127
52 80
180 172
97 23
26 15
120 23
158 162
171 4
135 22
43 128
148 156
54 50
42 86
38 53
164 16
187 28
58 192
108 193
108 177
105 157
91 185
169 12
174 57
192 139
15 185
51 121
92 109
39 58
135 90
19 130
24 37
63 160
58 69
156 141
30 97
131 109
93 43
17 79
24 147
49 61
8 133
146 134
160 64
128 118
70 196
25 63
137 147
154 54
81 51
178 169
163 145
89 60
65 26
175 141
73 71
114 152
101 167
115 50
176 197
22 180
50 66
34 36
159 186
134 118
18 5
187 167
16 79
19 149
110 70
88 37
130 88
152 60
85 108
0 123
114 90
192 180
11 70
175 159
130 121
182 117
8 140
3 101
27 195
120 62
65 21
139 22
17 182
54 110
46 12
141 158
158 191
25 130
164 16
65 100
37 146
197 186
71 102
123 50
140 25
76 163
131 86
133 88
175 22
6 197
123 58
133 124
6 161
176 74
38 196
157 0
169 18
118 163
140 189
22 141
83 126
28 156
50 159
78 190
6 154
161 85
97 189
196 166
74 18
125 107
36 134
64 70
12 173
41 192
140 40
87 142
94 32
32 147
31 0
123 46
56 197
19 182
107 53
78 107
106 51
42 56
97 127
31 29
56 40
144 162
80 193
41 194
21 195
107 61
63 120
107 114
22 176
18 79
190 185
189 85
55 162
157 63
129 187
112 135
165 160
142 113
123 90
38 120
25 149
40 128
145 105
115 38
157 20
197 75
135 55
89 70
174 190
122 21
75 157
20 32
167 55
26 64
112 135
156 176
70 173
145 176
179 63
188 172
57 168
101 165
177 4
69 49
111 116
192 82
192 15
118 16
180 56
158 140
141 35
23 189
26 170
135 40
106 66
55 176
97 74
134 187
65 36
0 42
25 114
29 185
31 179
9 37
152 68
22 79
60 44
123 105
67 119
7 54
187 78
191 171
170 55
97 135
105 137
158 128
199 124
182 163
58 46
50 142
67 162
31 48
28 172
177 66
87 189
4 147
50 172
101 195
89 93
6 161
53 5
174 94
33 127
178 185
177 126
77 195
179 34
108 75
18 125
1 123
23 147
50 59
102 82
161 41
62 42
81 91
22 50
81 44
114 64
42 87
87 82
33 188
10 148
157 48
5 42
61 107
166 158
66 181
142 49
50 7
41 61
32 11
6 139
167 173
127 164
190 146
75 102
182 36
172 150
164 192
176 187
17 25
17 41
14 173
182 114
20 41
78 173
175 39
33 155
17 157
93 8
22 14
143 124
108 167
66 159
196 6
147 26
68 196
169 115
80 184
19 56
95 28
165 180
107 25
110 41
70 187
141 184
166 19
165 95
135 73
82 73
133 183
197 44
162 13
166 199
129 177
47 125
198 134
102 113
60 93
174 170
68 64
96 198
33 60
81 143
148 137
100 156
153 117
25 186
120 29
175 139
138 91
140 69
56 115
5 29
155 26
186 125
9 173
0 44
96 33
101 18
183 199
132 46
64 128
134 108
199 63
124 90
134 14
26 114
116 81
176 126
121 122
33 150
146 130
79 163
53 32
55 151
56 113
91 194
44 52
5 119
64 46
99 45
116 20
171 4
23 143
77 89
198 166
45 62
51 176
29 146
88 113
74 178
7 35
70 181
48 100
183 159
170 68
2 103
14 120
95 72
76 129
74 162
111 196
122 191
162 28
159 157
107 164
100 42
116 50
29 42
0 39
171 102
123 124
178 83
36 48
104 104
22 175
86 131
7 149
93 122
159 15
1 192
58 151
27 62
106 97
117 80
182 156
153 198
92 21
173 101
96 127
19 167
145 144
113 144
190 197
8 8
86 56
137 74
47 163
11 151
138 0
107 118
129 20
111 153
42 159
175 71
70 29
125 142
182 45
192 70
79 128
86 9
178 2
189 102
186 61
164 7
135 76
145 62
59 73
53 57
158 146
31 145
39 40
31 195
58 18
186 108
171 100
81 100
166 18
71 178
188 142
149 154
176 23
159 42
51 146
156 165
84 18
188 166
102 120
26 40
174 144
81 113
145 196
104 90
33 133
144 49
134 195
115 102
190 94
78 73
132 154
177 138
144 171
11 119
77 24
147 130
127 97
158 178
44 100
9 35
187 162
179 112
132 99
181 156
124 29
62 191
88 86
138 139
119 142
187 171
72 5
90 172
34 91
37 87
33 146
120 45
21 165
173 195
73 156
15 85
127 102
42 156
53 157
105 8
126 74
164 13
187 39
184 76
84 148
79 50
118 124
60 167
108 88
138 60
98 115
16 136
191 26
119 82
134 132
154 85
159 123
134 44
92 125
148 10
26 22
159 90
149 116
163 75
79 111
171 65
6 131
103 143
121 40
59 168
109 124
194 183
161 93
0 174
47 27
56 152
143 63
29 143
108 28
83 18
165 15
78 8
196 30
122 56
0 87
119 179
186 43
103 112
119 18
25 169
168 199
63 4
126 168
161 146
7 187
124 87
51 21
24 153
106 89
97 122
82 127
16 192
177 3
163 165
134 40
48 55
138 25
130 144
180 133
110 56
76 171
116 25
119 177
182 181
0 177
141 186
158 54
91 157
68 143
133 170
69 117
166 78
55 163
74 131
79 164
131 111
102 175
47 180
178 121
166 158
19 140
145 80
97 189
81 7
5 142
147 164
196 13
182 185
103 175
104 152
191 96
72 121
120 65
124 138
101 43
88 168
17 180
163 151
184 10
57 76
7 5
132 113
161 88
128 141
117 137
183 137
157 99
188 117
171 70
176 140
147 89
78 139
53 34
46 8
69 92
122 60
131 183
88 35
126 53
169 180
133 112
172 18
30 172
101 124
170 143
142 23
16 73
163 31
19 140
113 167
124 31
137 119
143 143
126 93
42 147
11 184
7 71
71 194
113 168
8 155
69 162
170 59
29 41
156 43
41 118
186 33
48 115
171 167
26 82
92 43
169 110
30 103
161 168
135 146
135 169
169 93
27 19
133 195
158 22
64 69
73 67
121 115
11 166
25 57
37 92
167 134
47 30
180 29
115 26
103 42
128 35
184 7
146 170
186 183
52 92
196 91
13 170
24 181
109 166
154 192
195 27
182 44
156 1
124 182
118 31
83 191
164 6
27 103
133 22
62 177
52 16
21 176
53 33
41 72
96 188
77 195
29 86
69 62
166 79
13 36
60 122
198 187
180 197
184 65
152 109
119 0
18 112
17 166
138 185
136 109
38 46
100 5
99 193
152 27
173 166
54 140
65 187
80 128
154 107
47 107
88 197
124 12
129 147
93 50
132 176
177 163
85 163
173 21
165 183
167 195
189 72
122 8
78 183
135 190
128 179
44 27
177 56
81 168
177 17
52 51
87 163
87 193
120 63
71 184
27 44
191 43
87 92
89 7
199 109
168 138
70 131
52 93
113 35
163 4
67 152
27 171
20 50
192 199
178 106
140 173
38 164
95 120
60 81
31 128
78 113
137 147
146 49
63 120
49 109
173 156
110 22
196 135
176 143
116 192
18 65
137 165
156 43
30 83
66 41
10 168
57 121
197 71
171 23
160 54
105 172
84 137
129 121
144 91
14 151
81 169
10 12
102 191
27 62
25 197
197 180
184 8
41 132
44 30
173 159
47 179
161 149
170 7
136 178
23 35
159 58
35 19
48 167
84 75
81 163
13 38
167 88
175 80
1 48
64 143
143 73
14 42
194 95
64 14
175 164
129 39
196 127
28 197
110 96
93 25
118 105
51 102
176 109
94 132
91 154
102 94
7 121
30 79
97 175
176 133
87 126
195 121
174 91
17 153
11 166
0 57
141 131
102 171
93 37
199 70
164 125
110 87
179 111
7 17
117 179
175 109
139 198
20 2
48 2
135 164
145 116
168 44
82 152
144 110
120 153
80 68
26 130
58 95
179 85
145 83
35 1
97 22
173 132
89 81
121 141
56 86
49 10
134 114
188 28
141 184
183 75
21 142
22 73
191 113
118 151
51 112
54 158
33 135
189 191
171 106
134 52
106 158
69 69
184 62
102 199
196 61
94 148
176 183
161 103
85 145
56 99
197 43
91 110
154 175
167 77
136 27
53 156
7 46
76 43
49 5
29 180
52 100
172 148
190 49
149 123
174 10
185 54
192 76
58 112
175 164
126 165
96 186
161 103
137 168
149 156
0 89
153 36
45 156
147 135
118 38
125 3
177 32
170 176
77 150
124 104
22 121
132 3
60 188
175 71
156 160
5 76
142 21
24 168
112 1
6 41
18 107
171 155
110 54
17 189
149 39
138 196
88 174
97 131
38 88
191 165
154 153
140 169
116 28
194 192
170 62
46 44
26 33
116 84
3 103
53 173
101 111
189 113
152 108
108 147
193 102
38 4
91 71
61 190
138 103
115 1
197 177
101 103
183 113
140 92
169 88
94 65
169 168
168 109
130 190
58 119
115 28
74 87
107 160
26 186
11 61
5 164
120 102
121 178
192 154
157 149
141 98
172 46
77 154
149 9
64 0
68 194
104 122
100 34
161 82
141 108
78 15
191 192
192 177
16 65
46 134
170 58
13 89
44 155
177 107
79 28
185 172
148 25
159 112
192 28
60 171
40 103
22 66
9 77
154 61
97 184
162 185
185 5
42 1
114 194
177 39
22 7
192 94
165 159
142 51
47 68
77 30
162 191
125 152
57 169
184 105
44 103
119 158
175 162
188 128
42 65
15 22
150 123
83 54
28 179
183 14
186 191
51 132
104 12
101 96
164 99
192 121
150 11
52 15
9 137
15 86
94 97
7 99
102 22
124 63
133 169
42 138
67 128
13 156
50 156
2 97
68 111
173 49
187 151
199 0
123 115
72 58
62 108
124 59
145 39
112 157
38 130
12 49
185 34
37 11
113 48
195 163
121 70
197 198
165 82
160 56
174 0
164 63
53 136
176 54
26 143
50 89
161 46
3 153
3 175
13 48
59 169
99 21
194 190
176 186
169 57
128 55
194 110
25 56
9 77
94 44
8 179
134 117
151 180
37 54
112 45
160 66
178 151
47 179
1 27
194 93
47 197
68 176
196 108
23 76
0 120
93 70
117 67
84 75
92 150
44 184
96 97
3 178
78 122
80 33
188 44
47 133
188 63
119 49
129 154
172 108
53 90
30 162
127 94
93 196
36 111
147 54
15 109
4 114
148 93
29 140
30 196
182 0
23 62
197 23
114 178
152 41
11 145
100 38
54 125
109 33
87 114
197 6
149 9
4 21
62 123
190 20
79 91
107 82
189 29
33 59
79 176
117 66
172 68
77 161
87 132
35 46
28 73
76 23
161 85
53 111
78 156
166 26
151 158
5 90
168 188
64 190
79 141
122 73
36 43
147 188
131 172
157 151
85 33
22 58
129 66
73 182
186 184
5 95
80 195
189 95
4 38
170 36
182 53
22 77
26 21
26 9
144 40
61 22
101 73
135 137
148 95
66 8
40 51
117 2
73 109
42 122
91 180
9 3
16 25
33 68
82 85
11 151
120 174
33 24
91 135
138 16
88 40
13 103
143 118
180 82
182 47
86 158
123 146
106 109
179 29
14 92
113 167
140 26
0 119
106 39
90 187
172 174
116 199
1 80
180 104
34 6
9 124
46 18
47 61
145 62
130 35
93 81
65 146
124 76
62 22
140 35
7 186
147 55
163 131
166 141
30 6
8 173
170 199
82 93
63 50
24 159
1 179
35 168
145 100
122 177
170 150
102 16
85 135
76 128
15 100
22 133
105 108
95 113
189 139
86 81
173 5
47 32
171 26
175 140
68 81
160 73
101 185
158 59
143 8
190 152
99 116
63 42
151 74
159 197
112 76
110 40
128 28
116 43
101 186
147 98
17 169
29 88
8 170
113 77
182 8
57 39
88 97
45 166
195 31
141 187
148 33
37 197
12 61
13 197
85 10
76 46
184 181
181 30
13 139
129 11
2 5
104 70
145 67
168 57
100 191
32 93
104 52
187 163
96 67
124 177
165 186
8 79
104 171
94 87
88 8
157 188
84 135
42 62
34 182
170 17
75 71
31 168
173 99
136 43
121 63
180 152
105 65
16 81
178 190
76 188
68 51
129 198
182 67
189 179
90 17
96 9
196 147
82 131
111 128
192 86
26 173
91 49
112 36
158 13
40 193
156 23
145 149
198 180
11 161
140 176
152 129
132 78
124 131
146 178
185 162
117 101
15 73
118 119
192 60
160 179
65 35
166 81
2 43
33 126
88 160
43 32
106 128
164 135
144 62
35 62
160 138
64 44
108 23
180 82
89 65
67 15
157 173
75 67
151 37
157 72
84 155
156 132
118 144
168 149
10 107
96 155
34 58
1 23
47 14
33 121
39 185
108 184
65 8
44 150
138 179
192 86
73 44
173 62
171 141
153 16
171 170
13 167
153 78
79 124
65 196
145 73
185 43
82 120
142 197
161 107
120 196
154 148
104 108
123 66
35 86
65 13
81 167
64 130
133 7
1 85
132 110
2 133
76 68
101 173
120 101
182 174
94 0
138 154
174 189
126 71
170 21
155 31
131 141
1 124
171 85
68 114
104 115
61 27
39 182
38 16
79 176
197 1
34 29
158 179
35 177
186 42
28 52
101 152
125 16
9 1
63 162
26 12
135 145
10 27
31 198
101 65
188 116
66 98
119 165
90 160
141 166
129 169
181 3
0 158
1 108
120 90
24 148
77 96
22 88
96 194
145 69
2 84
100 124
142 105
0 139
131 37
2 60
87 69
133 176
74 10
98 92
68 31
190 49
74 78
154 114
141 52
66 119
161 92
57 44
110 171
7 109
5 22
26 124
165 137
64 170
157 18
130 69
53 181
178 25
96 143
189 126
174 189
88 131
40 99
59 34
53 127
157 83
39 181
59 164
10 8
58 18
169 68
8 179
92 176
16 174
61 71
131 133
94 52
155 48
152 25
196 72
25 3
63 94
99 26
162 97
116 20
14 105
80 96
34 199
15 97
21 18
121 101
106 160
147 107
52 26
77 122
96 105
141 6
21 146
4 137
171 154
178 122
23 115
196 97
187 50
100 165
184 177
73 78
103 100
126 126
182 164
121 68
116 176
47 28
174 112
92 154
118 135
53 158
27 36
194 64
150 128
90 145
176 54
67 50
85 96
92 157
11 31
156 20
193 68
31 78
98 35
129 195
74 151
174 118
14 78
114 46
22 177
26 1
194 134
101 85
96 145
102 72
170 18
100 15
74 68
156 0
160 13
78 30
23 185
41 91
2 40
133 183
52 70
137 153
160 30
16 110
28 178
26 178
65 103
159 123
172 108
112 55
198 57
162 174
191 55
191 101
43 178
58 129
122 159
148 110
59 136
150 115
43 46
81 2
153 161
133 165
157 176
95 184
198 130
115 70
172 165
100 143
93 32
134 111
156 110
121 63
107 182
13 114
180 179
123 111
0 127
160 20
89 50
76 150
159 107
148 121
42 122
43 46
25 163
84 171
14 4
39 151
85 128
194 160
137 49
163 149
81 142
144 11
37 88
35 109
76 124
37 75
103 198
112 105
56 0
179 128
126 59
85 129
107 193
66 192
50 46
165 90
47 199
137 47
38 90
113 167
54 145
74 47
96 152
89 98
73 87
187 43
120 58
131 37
129 74
18 17
144 32
186 20
189 108
110 184
80 50
139 78
183 109
193 20
180 48
119 92
32 88
191 92
137 49
173 83
67 192
57 166
187 51
72 171
27 86
104 162
42 178
15 136
149 19
104 101
191 33
132 28
66 157
49 106
46 49
49 111
48 145
111 27
138 102
83 160
150 153
137 125
30 155
113 91
138 188
1 193
174 194
118 62
15 199
14 165
63 123
65 157
94 39
96 56
3 127
155 108
66 63
171 29
20 58
131 59
185 40
71 22
43 68
164 93
179 174
145 83
162 141
130 70
125 177
48 115
135 72
54 15
55 37
41 148
53 151
139 42
195 93
125 122
194 168
110 73
76 79
66 112
46 37
105 2
30 103
41 21
140 67
181 68
134 17
81 79
154 197
89 184
108 67
51 7
25 130
155 4
27 19
136 35
67 174
163 89
14 189
166 104
142 197
6 53
169 123
141 23
146 45
8 88
112 105
63 54
60 141
175 80
161 38
35 76
40 18
159 108
121 11
30 91
74 80
176 96
1 139
119 95
115 100
150 85
101 170
179 199
2 107
103 4
8 62
190 181
72 52
28 179
134 55
96 135
178 52
75 175
7 3
57 37
1 16
182 127
105 9
175 162
80 181
119 28
136 72
167 87
164 150
174 29
54 152
154 175
111 158
38 14
117 21
126 168
91 191
136 54
147 60
118 130
109 71
144 102
16 191
161 182
188 178
66 75
182 182
15 15
66 171
197 141
181 82
111 136
77 116
189 78
47 106
105 129
149 91
90 142
177 131
106 100
115 129
169 42
124 40
15 142
108 99
44 22
160 117
91 162
173 109
189 172
115 166
92 121
61 140
64 17
128 4
161 61
142 157
139 5
21 52
105 67
115 124
175 193
165 154
159 59
105 95
138 196
22 26
194 180
83 37
112 48
64 156
112 117
171 36
172 11
151 138
49 89
37 45
170 26
7 150
33 91
111 69
17 25
34 1
45 172
142 171
25 31
11 59
171 135
171 134
132 121
49 168
177 161
77 189
166 183
37 97
10 193
164 173
53 39
16 172
14 114
57 22
166 106
53 54
27 162
49 61
115 125
136 110
18 52
87 15
176 80
131 168
117 51
57 60
59 7
96 75
153 128
60 107
69 56
144 7
29 40
42 13
121 8
165 72
82 136
43 151
188 155
137 190
79 80
158 86
168 150
74 81
113 96
54 2
131 119
127 57
136 178
197 186
127 36
198 44
116 25
21 180
123 131
83 6
192 75
112 89
25 182
127 6
136 10
147 5
74 146
91 148
72 127
21 191
24 135
153 150
83 141
121 106
37 186
162 199
181 115
136 152
29 71
101 129
139 157
122 162
186 158
130 90
10 175
35 178
121 71
197 68
161 30
115 151
23 172
86 134
131 85
186 55
52 143
110 162
129 2
120 106
110 185
154 144
154 118
3 192
101 0
70 29
26 146
180 93
69 148
60 187
130 126
23 149
138 15
83 77
43 66
95 47
180 45
12 70
191 101
80 13
10 27
128 20
78 104
18 136
159 106
34 76
102 109
145 180
64 185
143 194
14 30
199 179
170 24
9 15
61 193
29 108
47 147
64 42
140 7
26 64
181 195
34 146
151 44
173 103
85 93
39 13
51 173
192 160
179 35
162 163
43 68
149 150
186 194
187 131
33 84
169 81
64 188
198 75
135 141
15 83
59 153
194 116
58 53
97 162
185 186
146 182
151 199
156 167
110 162
8 53
75 118
42 49
35 13
13 129
157 196
196 73
112 190
83 88
48 64
133 106
185 22
109 176
22 3
39 181
89 130
55 83
67 7
82 78
29 86
174 135
17 129
84 124
196 122
199 176
26 75
20 94
183 51
98 43
99 36
170 23
109 155
175 194
91 142
29 173
70 92
195 125
183 153
161 34
111 61
79 182
107 90
153 152
131 34
168 126
188 4
25 9
155 143
7 134
94 24
21 29
172 190
178 111
44 175
109 13
190 89
11 160
166 155
123 186
150 177
12 79
147 98
75 184
10 47
29 69
39 1
166 136
34 159
20 5
80 161
155 135
16 159
101 191
173 43
14 96
31 89
106 44
169 195
165 98
141 17
158 105
81 33
160 13
138 164
20 80
51 2
61 170
193 24
33 148
128 191
68 172
3 167
16 184
193 185
103 16
119 7
150 129
32 42
116 27
144 17
186 150
175 191
10 42
98 136
149 93
133 164
72 103
135 161
123 120
154 92
155 99
108 96
106 108
94 101
63 47
170 18
65 140
0 101
49 22
93 176
79 52
114 130
119 27
160 140
158 17
150 157
121 66
8 57
104 24
145 154
88 165
50 136
62 161
186 67
86 84
57 55
68 116
173 24
95 170
102 138
16 153
124 133
140 178
76 99
102 11
41 28
54 148
72 10
146 89
173 14
168 198
42 180
1 23
170 100
109 143
156 109
139 175
153 90
39 156
20 124
115 108
72 60
155 43
127 77
22 154
160 123
62 19
18 1
49 56
168 19
125 135
107 162
6 110
91 111
77 127
50 129
123 3
114 24
79 100
114 28
98 35
80 76
57 57
12 82
189 3
44 127
33 89
97 22
0 29
174 123
164 116
194 147
142 195
46 31
164 198
88 133
23 130
115 56
83 61
50 66
70 21
85 12
188 62
3 191
89 178
47 6
161 183
10 96
136 163
37 86
46 198
75 39
47 123
83 26
130 63
196 13
68 135
43 59
39 31
129 70
135 156
164 55
0 69
177 131
85 26
83 86
199 66
52 85
121 188
102 63
169 198
36 63
31 32
137 184
195 86
40 87
36 41
172 189
20 179
21 164
126 121
68 169
160 111
149 164
120 131
170 169
83 74
145 19
101 48
56 1
195 68
7 86
98 16
117 145
168 10
34 23
48 70
112 192
150 77
113 54
47 58
67 3
54 155
56 179
52 102
67 68
114 54
4 121
1 10
138 109
10 180
16 39
162 81
160 134
12 74
124 100
144 69
104 51
137 36
49 141
25 109
159 106
193 119
50 43
49 152
89 177
151 54
43 164
59 34
169 32
78 62
34 107
78 38
49 99
185 99
175 140
194 165
155 108
12 85
15 33
78 5
175 52
74 84
66 118
18 82
198 57
157 158
184 134
102 155
33 63
33 38
88 160
18 153
121 196
108 96
109 7
152 112
179 10
118 168
133 162
192 192
91 137
138 1
53 30
62 81
138 5
167 177
130 64
14 161
163 172
84 91
161 142
28 28
118 192
146 11
99 125
14 11
48 3
34 129
16 189
105 39
186 195
135 36
96 8
157 189
97 56
22 102
70 21
115 48
115 154
106 53
57 87
94 140
72 112
62 138
170 104
59 89
118 193
183 81
131 147
77 50
82 125
8 46
113 87
32 76
10 177
163 54
166 65
46 198
74 91
45 81
7 175
149 135
119 87
37 46
98 144
159 122
7 94
194 90
42 126
59 137
5 50
63 122
149 70
168 111
31 20
93 26
183 86
190 142
97 70
154 138
103 104
46 57
66 81
103 39
150 14
7 74
96 98
44 19
120 5
189 132
199 140
47 182
93 50
41 66
83 130
29 135
160 156
63 184
165 11
117 172
174 63
161 45
93 141
53 159
52 108
8 188
90 170
1 57
73 79
28 8
188 194
128 19
56 51
138 176
177 134
61 151
129 75
72 70
174 36
114 35
183 33
17 60
198 177
62 23
105 172
101 165
36 146
69 127
109 115
93 164
132 41
62 164
173 49
67 30
120 86
6 83
69 88
109 66
59 82
121 150
18 182
26 18
102 123
167 35
31 131
178 160
61 18
42 127
69 99
133 38
120 96
72 117
0 76
122 112
97 26
117 32
77 20
111 102
57 54
78 50
4 41
67 163
84 78
48 176
150 61
162 149
134 137
95 189
69 113
70 173
192 1
33 86
173 159
108 95
187 121
84 16
56 84
11 133
51 177
104 56
147 176
137 198
194 153
143 24
109 146
21 58
46 14
71 34
75 194
70 110
188 62
21 53
198 118
92 55
191 11
140 113
4 130
102 152
19 86
92 156
130 55
189 149
193 69
132 139
16 57
129 138
188 46
148 47
113 180
86 10
28 195
142 4
160 160
6 193
74 166
89 8
94 171
141 127
83 56
93 141
40 114
104 170
156 171
30 162
96 112
15 173
0 139
42 119
75 173
117 12
185 92
67 6
41 199
161 141
171 104
162 17
171 84
47 42
48 80
12 83
72 158
35 124
69 156
173 20
91 104
11 148
70 86
98 35
142 21
10 13
0 11
12 23
34 190
67 188
127 148
167 95
13 128
169 127
48 72
198 170
22 141
78 139
180 16
16 130
36 18
16 155
173 153
32 1
138 139
159 95
90 64
124 152
117 82
2 16
14 177
179 131
39 106
177 143
9 81
44 85
25 62
54 23
94 141
141 24
187 3
113 158
98 107
154 38
187 68
143 116
109 88
52 159
22 160
102 89
19 73
15 39
118 22
45 28
115 75
2 193
77 79
39 69
42 75
77 180
30 185
155 179
56 135
66 196
34 27
81 164
28 143
8 46
28 20
163 159
168 78
68 101
170 64
143 39
12 71
110 17
10 6
166 80
21 171
162 9
45 131
158 164
168 15
53 144
76 85
45 129
111 168
0 103
190 174
154 67
154 58
186 118
16 162
114 137
36 132
18 80
130 168
39 146
169 59
45 131
103 84
165 164
151 123
20 108
21 92
190 116
190 51
189 85
1 165
39 114
133 109
70 89
32 98
112 93
115 164
176 45
129 154
196 23
41 36
98 106
73 66
183 167
16 191
33 31
114 47
183 2
56 80
156 110
190 37
39 4
106 180
14 115
94 51
174 54
36 36
54 46
175 30
57 150
181 113
82 55
122 32
22 178
96 136
153 9
109 196
50 144
56 81
110 92
124 101
181 62
119 37
118 178
79 107
178 94
1 170
144 146
185 113
181 16
82 23
130 147
180 93
30 152
11 117
131 152
59 35
133 125
60 0
96 127
64 136
39 37
47 13
153 171
162 94
114 68
57 77
114 90
138 103
69 22
53 55
117 47
105 117
89 65
45 83
92 99
75 4
184 18
159 21
116 185
137 91
7 48
55 52
34 122
113 179
199 70
94 70
187 50
187 148
192 141
177 11
63 148
115 2
67 126
83 115
7 155
58 27
149 96
187 186
45 50
176 35
20 172
101 162
70 107
104 78
168 49
87 163
85 146
124 178
158 105
29 120
74 17
194 183
69 80
190 49
51 21
76 70
174 57
11 32
185 195
23 170
135 89
159 11
16 143
71 58
56 192
30 51
74 164
80 110
164 158
197 49
55 73
129 53
118 112
114 41
101 17
184 105
62 56
188 118
98 14
180 9
76 125
98 95
47 139
189 197
153 108
166 85
95 33
185 90
177 129
41 109
28 70
170 156
118 5
100 89
108 66
1 132
44 90
83 22
70 199
195 41
24 163
99 182
6 37
190 134
68 141
112 73
30 187
29 162
74 150
129 74
153 104
80 44
199 117
187 39
55 64
71 25
124 102
73 153
40 188
189 152
178 129
145 147
105 11
87 89
193 113
10 75
142 117
122 142
1 29
184 44
48 186
196 105
47 167
122 79
60 7
160 45
133 74
139 179
150 171
145 77
131 193
79 180
60 135
159 196
159 164
171 102
134 48
161 137
149 188
47 88
123 46
88 2
61 1
113 126
0 4
111 148
115 103
34 147
83 82
86 51
192 49
175 87
134 193
10 173
21 110
67 57
90 97
0 71
196 99
10 12
135 153
39 52
39 36
47 134
33 76
22 82
9 118
14 136
193 104
84 115
92 186
155 59
147 167
70 6
145 189
165 52
0 13
188 49
114 167
128 151
70 196
85 154
160 129
197 27
70 30
109 183
101 91
163 63
88 180
36 173
160 100
58 14
39 70
24 41
106 76
199 10
74 89
181 124
99 132
8 133
132 73
53 2
187 199
161 107
58 122
177 6
24 103
7 88
26 177
136 148
21 139
131 19
52 82
45 165
170 31
29 61
198 25
152 160
14 146
45 146
51 175
24 163
67 192
20 193
21 6
72 63
197 0
18 35
59 19
64 169
101 118
77 66
32 183
182 162
168 189
96 111
118 89
125 190
1 100
13 166
98 81
10 3
13 121
183 105
181 191
104 21
193 112
53 29
63 181
153 88
96 125
165 62
155 123
197 166
188 80
104 99
146 74
55 184
168 47
36 92
42 140
190 48
37 165
198 159
102 63
55 5
195 99
98 163
185 6
167 36
184 48
112 75
35 64
36 70
185 104
37 57
43 130
81 82
189 182
187 121
171 76
185 190
56 152
197 16
63 64
60 188
92 7
158 105
170 83
45 177
95 188
93 157
14 176
104 41
86 169
7 70
38 8
65 195
112 135
199 170
32 39
148 76
111 86
136 183
194 49
123 38
64 198
161 188
93 6
40 11
176 82
55 158
103 66
46 153
112 190
127 14
119 71
94 187
8 192
46 52
187 126
7 108
108 50
182 48
61 193
50 138
103 81
162 180
155 51
51 165
48 85
108 81
80 10
32 28
144 10
177 5
34 20
87 9
3 104
5 137
175 164
99 192
94 196
123 5
28 106
62 120
147 190
133 171
112 62
154 24
67 92
149 9
145 132
93 63
3 164
136 89
70 168
95 35
143 14
15 20
183 35
25 10
103 161
67 162
168 65
197 103
127 73
164 49
151 44
130 166
157 195
52 62
173 132
95 153
2 161
91 167
165 188
128 9
134 176
6 90
116 184
126 79
102 67
98 174
155 127
118 69
117 137
29 164
110 44
97 83
95 61
17 105
38 177
180 121
167 169
66 19
32 194
34 148
96 2
3 189
106 145
0 30
80 87
21 51
125 36
98 2
140 6
150 103
25 76
57 95
170 110
64 53
85 51
94 50
104 165
6 51
68 83
34 64
55 14
117 64
49 110
54 55
41 182
2 36
115 168
100 92
115 164
30 63
6 176
122 3
64 147
71 78
43 127
115 47
92 151
109 136
197 11
173 165
84 112
63 120
121 148
156 32
13 83
168 65
64 157
138 192
123 30
75 82
95 158
70 196
199 186
66 84
22 13
111 121
180 63
39 140
23 55
41 10
127 59
158 149
151 167
32 145
53 159
138 137
151 119
129 20
93 114
8 163
28 89
128 18
5 188
197 133
141 140
190 132
40 72
67 180
7 157
74 162
1 19
131 98
122 15
157 5
147 77
193 150
180 140
10 132
112 63
161 149
32 90
39 35
195 184
62 180
165 145
54 94
172 98
115 107
172 94
54 102
66 8
192 165
55 10
110 174
82 21
38 7
19 91
96 157
120 77
164 15
130 82
74 57
46 169
144 152
143 121
136 174
151 147
64 114
36 16
43 105
180 112
113 26
167 182
35 196
113 55
82 149
133 9
98 159
167 178
154 101
134 46
113 168
150 67
146 106
191 101
18 30
186 47
98 81
137 10
106 32
106 61
100 135
163 13
167 41
18 126
152 1
189 44
83 13
183 164
123 174
147 178
60 153
4 134
130 198
165 101
18 113
66 7
9 151
12 140
75 116
1 35
55 149
169 89
131 171
20 7
172 132
60 76
76 139
10 0
131 169
38 121
190 161
79 88
30 39
166 145
50 196
31 86
124 141
135 59
39 153
81 104
91 93
54 6
169 81
59 46
187 120
66 49
195 90
157 89
155 173
19 79
56 190
127 161
31 28
126 156
54 106
52 34
80 81
170 25
111 131
49 158
47 32
194 151
157 143
152 166
88 169
111 9
28 130
58 129
10 167
137 54
109 30
95 37
34 31
19 91
104 45
25 90
180 183
99 40
59 73
177 20
156 1
15 89
99 194
183 30
90 163
139 112
106 158
44 30
24 79
79 6
80 171
194 60
30 182
27 125
166 66
165 162
45 163
77 168
41 123
178 196
56 70
27 100
73 194
7 68
163 115
82 26
68 51
69 53
176 115
166 114
84 142
197 44
150 123
41 141
15 51
113 13
36 181
161 131
179 144
42 53
107 149
144 0
24 147
54 76
24 167
103 98
162 101
89 86
166 79
23 63
143 45
37 161
90 163
197 176
139 12
145 118
100 133
63 125
149 105
128 59
158 121
21 92
185 146
146 52
4 116
157 137
38 76
153 180
107 137
136 83
196 2
199 84
161 32
0 134
76 95
60 115
196 34
54 133
197 153
134 53
60 89
12 125
84 87
80 26
187 48
158 49
10 55
81 25
11 31
85 28
93 139
192 34
10 26
142 33
58 28
102 174
176 193
133 92
131 13
109 197
173 75
67 1
145 122
5 113
18 173
183 18
15 150
83 164
77 128
97 61
104 44
88 83
154 113
28 168
152 143
179 158
132 81
105 122
19 151
164 114
121 12
53 150
137 22
128 195
14 18
64 102
12 198
133 157
194 136
102 138
144 3
123 192
177 14
102 96
43 66
65 126
108 51
10 146
158 199
102 151
154 41
145 15
28 59
198 83
18 101
89 135
39 119
53 97
130 18
107 82
115 163
84 62
69 11
60 147
80 4
64 119
172 187
98 170
158 90
122 49
129 90
23 5
134 154
111 181
160 5
163 39
179 47
100 100
196 145
17 124
44 52
121 77
165 70
114 168
22 15
90 104
151 94
90 101
38 79
95 96
139 154
148 143
121 146
140 132
110 166
71 130
108 66
148 76
47 8
40 35
126 161
192 176
168 197
103 69
130 183
79 81
82 25
20 140
49 103
98 178
30 119
177 27
183 99
182 53
85 8
12 19
53 126
196 152
45 124
149 35
56 63
70 115
40 126
32 110
15 135
115 179
147 159
11 21
180 62
169 151
21 112
116 71
69 184
150 16
88 175
198 6
167 74
12 180
137 106
104 134
20 162
180 59
90 72
138 104
141 168
121 124
14 109
8 119
105 162
175 112
58 163
53 58
105 77
133 68
12 34
97 164
6 143
126 14
122 57
158 19
8 47
136 27
176 47
162 169
4 39
64 54
98 140
77 84
23 85
71 156
137 189
170 32
84 187
46 35
20 103
155 167
55 70
37 20
38 3
68 37
71 146
162 139
2 3
75 3
187 193
48 95
124 30
74 87
45 146
188 31
104 77
151 127
55 103
67 7
191 189
81 144
9 82
131 36
39 12
135 71
23 127
109 16
114 131
0 145
2 36
34 3
139 16
106 137
33 111
104 173
126 9
166 38
55 125
53 180
152 37
175 62
42 114
76 35
71 171
31 110
94 109
172 92
165 17
9 1
46 46
184 169
13 159
95 52
94 7
8 37
55 10
69 96
176 38
188 45
137 104
12 14
163 161
81 107
101 188
65 50
162 155
7 100
157 56
52 44
33 173
187 63
104 9
129 87
75 85
83 199
93 45
33 12
129 70
181 132
97 127
6 110
73 43
187 65
152 112
61 135
140 186
140 31
189 148
130 67
186 81
167 63
182 35
69 177
13 83
176 61
179 72
195 136
22 176
93 47
190 112
51 50
139 156
85 125
23 168
175 72
84 121
6 4
23 24
199 123
65 183
186 43
70 116
173 87
55 48
163 197
80 138
111 158
42 110
27 19
126 181
125 6
68 198
75 98
144 98
63 5
23 182
8 74
97 66
149 120
138 146
108 80
81 178
47 185
93 69
166 101
51 58
151 96
29 50
31 148
171 138
38 119
168 15
84 110
197 46
83 98
172 41
183 124
178 5
182 161
115 3
86 105
171 167
135 197
137 198
63 19
148 38
15 116
27 115
198 50
29 5
171 21
130 143
117 162
51 177
177 96
166 26
193 65
112 191
144 77
66 83
4 25
179 130
173 164
158 143
112 68
134 36
7 57
3 51
162 172
51 169
100 134
188 9
65 51
183 109
159 120
125 171
50 116
187 169
89 41
180 69
23 96
68 127
129 198
21 31
101 8
150 47
159 141
29 92
124 2
103 76
72 56
98 53
153 185
50 136
74 66
67 11
146 54
190 26
133 89
102 53
132 142
16 35
178 113
57 37
41 97
52 7
75 37
105 157
137 141
114 164
17 90
135 90
156 77
69 122
72 129
97 25
148 70
39 74
17 112
7 59
142 126
83 129
52 179
58 93
169 152
121 156
14 19
141 13
119 61
81 175
193 197
127 163
166 12
90 134
131 45
180 190
101 9
195 49
149 127
192 154
26 10
95 38
186 62
15 167
133 43
70 181
10 188
79 57
133 123
119 153
15 168
150 37
81 144
174 182
185 91
38 142
151 111
1 111
18 27
116 33
143 180
66 75
172 10
149 143
91 37
168 199
105 59
16 70
174 63
180 176
11 182
175 6
163 75
6 13
62 71
183 75
74 45
60 69
161 36
185 22
87 181
48 43
29 39
169 57
98 157
37 90
113 190
156 83
132 17
196 19
40 159
48 139
138 91
74 13
178 192
150 26
178 157
136 177
59 172
171 31
69 83
33 64
175 54
87 39
171 13
95 13
119 40
21 42
121 49
147 5
76 70
110 22
187 28
67 140
183 151
110 123
49 26
150 160
67 63
15 102
47 101
98 184
182 158
68 71
144 129
89 13
32 24
166 159
30 28
146 95
20 80
162 178
1 4
54 169
35 24
1 147
82 104
4 54
28 167
197 50
88 84
104 20
51 18
6 188
144 181
22 164
185 43
50 171
63 179
109 52
105 111
130 113
76 33
106 190
182 29
133 196
96 166
175 132
1 14
75 63
114 141
73 178
166 76
178 169
108 97
128 162
61 97
142 21
173 23
118 162
54 14
54 67
108 110
162 110
62 90
170 170
196 185
53 171
98 29
4 117
199 95
28 72
9 73
128 118
167 191
27 7
184 184
25 93
163 84
145 135
61 53
120 65
136 95
98 79
97 162
3 48
73 99
58 93
29 20
55 126
95 172
19 104
97 46
148 76
127 132
105 14
39 11
174 6
117 32
186 112
