300
90000
284 81
213 22
147 227
247 252
32 245
145 275
97 13
203 25
145 211
265 149
288 11
127 18
124 129
275 205
129 185
64 82
3 65
62 232
196 27
6 193
63 268
212 111
24 239
45 173
53 142
61 275
102 159
192 138
59 99
218 269
297 127
229 288
94 260
279 70
244 121
140 278
77 244
74 289
125 138
67 3
72 158
44 4
117 293
253 154
235 224
97 289
95 113
229 68
133 290
74 221
150 121
111 0
82 253
56 38
128 251
290 290
215 83
22 273
23 63
119 212
177 126
282 95
33 9
163 53
123 188
126 271
23 61
68 165
148 125
3 152
275 233
142 208
57 240
242 259
195 154
67 290
107 78
142 268
202 67
63 177
139 21
274 71
76 290
270 258
218 169
112 4
293 191
209 175
183 107
93 173
181 251
240 286
273 0
246 214
127 218
194 202
217 141
173 76
285 50
25 199
121 104
188 182
106 284
51 212
190 12
23 266
146 268
163 22
213 164
15 264
227 16
175 29
60 278
162 114
118 208
290 93
84 38
208 159
94 187
269 292
243 67
189 18
147 175
227 226
173 214
97 214
149 16
97 62
171 88
20 29
174 47
252 108
129 176
11 296
97 148
31 161
291 296
239 20
97 1
5 210
253 226
68 1
53 274
106 151
68 287
170 163
189 69
58 173
138 38
257 157
241 70
213 222
68 48
149 10
129 150
0 269
270 180
4 198
131 184
150 120
181 90
78 172
81 69
275 191
78 23
272 212
7 200
265 43
246 243
94 41
115 53
167 255
65 227
81 122
263 160
76 256
292 229
118 240
181 107
187 283
250 15
292 113
108 239
18 174
131 237
75 120
174 31
53 0
95 88
272 292
285 282
61 103
143 293
220 98
31 21
32 234
42 87
134 125
59 124
79 177
234 277
244 248
224 160
128 249
211 276
230 182
298 117
245 43
147 274
120 28
11 106
120 247
32 177
171 243
127 129
157 223
15 2
155 277
138 119
0 106
220 258
255 220
290 211
222 248
209 267
54 126
251 75
299 122
55 232
92 250
234 179
61 130
143 42
280 271
163 175
77 13
206 131
225 114
88 211
199 161
199 226
277 210
252 26
278 271
271 228
221 8
225 191
194 62
189 76
238 291
80 53
161 156
64 127
51 15
117 156
254 50
20 142
12 96
116 292
187 167
190 269
201 299
64 229
100 212
167 229
125 182
100 93
260 257
157 115
146 268
285 255
184 16
25 96
194 215
183 297
101 44
192 211
42 218
64 91
202 201
137 57
274 227
255 290
148 22
177 127
212 88
149 122
23 102
2 55
28 221
165 256
83 242
136 224
24 59
99 3
248 11
147 287
102 185
282 207
54 32
291 274
272 116
291 85
211 201
230 125
242 38
185 196
233 254
283 5
150 137
245 72
286 198
105 233
221 79
42 145
161 36
223 68
157 24
151 150
111 119
196 152
249 169
187 57
159 76
227 69
290 36
94 106
138 209
80 24
250 136
256 152
33 7
57 216
43 91
1 273
122 69
293 193
72 145
143 195
97 156
62 10
166 52
91 108
182 41
111 283
60 127
211 286
131 87
275 121
189 171
199 73
284 130
243 221
20 259
60 10
32 220
144 88
47 77
64 181
293 268
24 139
79 148
18 117
286 20
19 215
42 279
171 270
249 245
2 90
194 3
44 0
86 77
248 152
57 223
145 91
178 135
278 11
290 153
130 141
226 194
157 171
120 79
23 101
157 118
252 122
41 136
82 297
286 160
161 196
128 206
106 135
27 154
149 122
156 64
21 228
30 215
295 139
274 56
102 211
162 172
64 38
148 128
124 129
127 175
244 133
65 135
80 144
57 0
5 151
143 49
188 177
204 200
46 115
64 134
34 144
253 85
76 141
84 37
184 264
32 95
208 7
36 242
99 55
140 56
299 230
92 66
76 104
123 158
281 253
65 19
251 140
250 118
11 235
132 140
210 133
132 15
181 68
137 274
230 261
51 167
84 75
142 140
147 203
124 52
68 62
9 276
136 112
51 196
1 54
132 78
110 199
198 78
209 114
119 61
53 31
214 280
101 214
6 92
100 214
289 175
280 157
97 218
53 23
128 106
288 273
282 279
18 62
205 158
268 274
86 242
262 164
51 192
138 245
4 43
146 100
121 151
97 235
85 140
222 138
272 255
272 74
140 37
97 103
117 154
117 35
41 68
121 50
61 134
236 286
75 141
136 12
266 94
5 209
38 59
17 195
20 155
132 50
72 275
174 66
35 288
121 13
245 236
235 190
285 230
161 100
236 31
144 108
214 58
102 262
145 262
103 249
188 251
46 258
15 81
1 107
255 194
80 281
228 100
154 208
192 265
142 203
220 289
246 294
160 1
219 66
236 233
114 265
290 294
251 132
225 234
254 0
37 14
132 210
49 65
201 129
106 98
111 101
146 275
125 223
9 243
132 240
42 22
280 100
99 3
213 241
22 109
116 52
157 104
285 264
64 207
215 108
197 88
152 177
49 299
153 31
176 34
106 156
83 48
229 160
84 258
81 105
198 27
285 222
208 276
116 42
278 263
165 144
44 86
65 78
193 269
220 228
99 46
24 101
72 15
98 21
45 42
106 234
278 189
199 263
114 61
113 32
200 264
28 59
234 136
70 44
176 188
153 153
178 297
222 154
126 261
212 98
210 142
11 4
153 255
267 184
197 23
139 131
20 9
50 90
38 46
278 183
64 144
142 165
149 172
277 172
13 57
106 290
133 181
274 124
209 215
133 209
161 99
133 89
170 73
283 196
270 203
56 202
70 216
193 225
91 94
113 281
129 146
114 288
40 142
285 47
130 129
0 115
296 208
16 21
212 185
197 64
135 77
108 282
144 276
137 84
213 100
267 202
289 241
157 198
262 27
31 173
70 130
2 270
132 293
5 235
199 73
292 84
43 264
10 119
171 14
243 236
88 232
208 106
93 140
249 58
31 129
47 229
131 161
247 55
82 211
270 45
250 161
40 34
20 102
28 104
248 137
189 132
203 19
251 258
163 270
68 16
244 267
234 61
60 170
161 103
104 64
100 33
207 273
292 294
123 16
142 134
110 227
100 162
154 16
196 13
244 121
5 79
55 239
126 146
51 253
129 33
282 207
259 26
165 6
212 169
196 89
239 255
70 271
81 51
70 230
299 94
275 101
233 298
217 294
58 186
72 184
168 283
216 205
9 180
274 213
144 95
42 243
160 251
148 281
199 124
46 299
78 109
75 187
98 272
42 210
94 14
188 49
164 286
102 74
136 260
221 140
1 180
259 268
73 41
202 257
131 91
186 282
176 111
88 149
105 249
279 39
252 173
67 79
267 17
15 152
292 143
265 142
229 26
48 37
13 241
276 177
1 189
92 72
70 260
115 233
196 102
287 73
15 25
256 264
118 31
131 173
137 121
6 53
0 204
200 189
173 160
43 238
63 173
298 277
215 63
131 78
174 146
8 292
29 160
33 131
45 188
56 261
271 29
158 215
196 105
253 263
243 44
63 204
198 55
231 170
19 281
264 46
194 124
33 181
230 76
163 39
46 286
64 176
143 248
287 253
206 75
277 101
220 248
18 70
155 94
232 68
170 154
25 199
212 210
236 245
178 78
31 59
108 235
290 268
275 79
3 76
34 144
199 260
265 274
187 5
109 218
90 230
84 229
4 171
218 210
299 51
92 37
17 161
199 20
43 47
114 84
70 56
292 146
250 154
113 232
154 194
71 138
150 14
80 278
270 25
10 274
72 48
169 148
50 136
234 107
161 209
155 194
262 140
209 24
249 153
220 67
47 220
176 162
284 48
77 111
205 232
111 187
25 128
65 173
152 82
233 151
109 194
105 246
74 264
235 111
258 97
115 46
218 179
234 209
15 251
161 232
28 200
66 112
200 235
281 250
178 138
188 266
265 245
22 79
164 154
235 276
95 110
41 81
228 196
150 22
66 34
236 158
276 288
62 30
207 102
249 207
8 170
170 76
85 206
33 26
63 92
131 24
223 13
298 35
14 155
71 242
27 104
272 180
11 19
62 22
71 110
148 170
203 259
17 189
250 150
92 102
96 257
165 169
150 137
280 145
284 25
205 254
209 273
208 241
284 152
288 249
39 57
39 259
39 120
193 93
233 255
135 246
171 266
69 82
46 41
164 182
103 36
45 218
183 43
180 76
157 210
112 74
103 6
196 128
30 17
175 93
102 166
281 128
77 145
101 293
93 191
207 111
135 66
63 169
10 133
147 215
138 72
292 11
273 51
252 228
45 186
195 159
77 173
258 137
250 63
195 266
194 268
14 215
120 173
27 40
148 192
218 97
78 220
28 116
251 125
8 289
258 241
176 242
155 237
137 133
243 7
164 100
5 149
284 185
30 28
268 22
56 159
203 221
194 296
73 48
152 236
212 83
9 105
265 269
276 101
19 247
20 5
233 47
274 245
141 23
193 197
30 61
129 81
143 260
31 202
156 298
20 208
284 66
212 145
121 178
11 251
294 19
152 182
148 95
118 249
38 176
68 23
87 207
78 160
108 9
122 115
75 27
45 234
141 32
251 189
195 60
120 152
293 299
166 126
292 155
202 169
72 99
221 6
276 246
192 43
298 288
106 230
211 257
105 133
112 250
128 212
69 239
39 123
8 223
148 11
271 243
26 66
102 154
227 259
39 294
91 190
290 176
140 248
266 122
213 4
132 105
289 100
177 291
109 240
252 253
130 221
220 160
109 3
194 74
194 98
21 240
19 18
15 177
65 266
185 218
41 264
170 218
218 52
50 247
78 280
299 47
239 184
136 198
49 96
18 97
94 253
237 208
207 65
51 146
81 216
6 143
267 195
33 270
45 66
143 20
189 21
225 164
244 96
229 77
184 272
272 71
77 282
104 234
99 51
169 237
218 182
133 228
0 253
261 105
72 282
264 222
152 42
145 171
95 53
231 75
35 97
253 217
282 170
133 291
259 186
129 279
17 12
158 79
27 2
143 135
94 104
25 227
59 180
173 5
142 137
258 203
23 237
243 274
193 94
15 0
153 139
294 282
209 249
6 150
234 83
266 145
150 191
265 123
188 289
267 180
296 9
199 54
199 9
96 15
42 256
6 30
100 111
186 278
72 48
72 188
62 122
71 89
106 179
221 132
255 170
209 277
66 163
118 289
73 91
245 189
59 201
98 100
208 60
4 173
282 94
247 125
270 116
248 48
88 299
299 122
287 160
42 15
64 8
56 189
66 100
210 187
249 37
124 68
142 186
207 124
145 248
91 224
90 51
14 169
105 53
188 168
137 58
152 95
225 232
132 36
294 210
228 143
82 170
149 155
191 202
172 128
23 257
177 136
233 276
298 142
15 96
239 262
219 245
68 229
228 166
120 158
145 39
218 63
84 292
195 0
235 150
168 224
50 124
36 122
225 84
29 188
229 295
156 46
109 240
244 240
74 180
235 255
74 197
45 180
270 288
79 228
253 58
52 255
62 188
47 258
89 155
111 244
177 222
41 20
96 231
34 261
146 277
121 235
262 160
133 9
108 222
154 59
109 219
33 43
68 267
134 188
75 295
211 18
29 57
228 11
175 114
145 213
97 289
26 129
257 128
14 19
128 19
31 45
130 192
284 233
87 118
49 138
44 158
107 33
110 21
152 147
60 102
238 173
133 259
104 202
73 174
1 227
17 130
252 87
17 206
11 73
90 153
299 161
218 22
172 52
18 164
187 247
68 248
211 256
62 291
144 245
49 283
179 285
165 191
293 204
246 241
47 202
80 39
280 246
18 74
73 249
131 155
289 228
127 59
91 282
251 89
34 280
8 62
94 291
152 251
239 235
256 252
246 241
256 136
258 164
185 69
48 92
37 279
245 185
184 258
101 253
138 199
133 48
122 87
174 219
3 114
9 28
166 183
214 4
127 208
274 179
42 181
102 60
177 2
149 147
189 40
89 113
208 193
7 230
184 101
73 299
217 61
158 62
22 210
87 4
18 223
27 112
139 294
7 52
159 126
243 14
204 292
32 181
50 293
159 246
204 135
275 124
296 252
280 276
222 202
140 70
225 281
225 69
6 70
187 199
210 252
101 158
296 188
55 48
191 272
215 14
224 4
265 237
231 185
241 222
190 195
108 131
276 99
6 6
8 92
229 36
170 280
33 105
182 175
245 7
294 144
216 152
145 283
166 188
289 113
34 213
254 98
234 70
7 64
258 133
33 44
249 102
35 102
294 160
89 76
153 248
214 75
23 189
154 31
205 289
193 21
99 163
157 38
46 58
67 261
158 283
63 154
299 216
72 124
27 236
84 238
133 299
257 177
155 153
103 244
168 237
20 70
276 268
128 134
89 95
236 124
107 176
9 146
113 2
26 38
39 37
27 204
195 169
271 36
140 89
98 298
43 280
144 181
297 16
76 53
75 205
103 293
49 64
202 163
188 246
122 217
245 246
208 16
176 207
190 161
48 109
255 196
13 57
140 51
255 81
4 65
19 225
146 204
236 122
112 236
237 108
281 91
33 18
41 248
66 12
219 71
293 254
161 127
53 179
261 269
220 240
164 197
145 8
207 221
78 41
218 272
38 123
151 54
36 211
61 107
154 283
49 112
96 19
294 143
186 68
208 213
91 147
95 192
165 228
281 136
206 8
65 137
289 30
231 175
122 211
13 212
128 291
172 163
174 248
109 56
276 44
294 156
162 248
236 132
57 7
3 90
2 145
133 109
272 105
272 98
183 161
55 0
99 76
145 162
33 285
84 266
169 42
166 245
254 177
263 224
222 65
191 63
288 209
248 50
46 0
133 122
179 18
167 260
110 113
218 209
268 275
180 138
30 252
4 34
77 275
245 247
157 280
155 60
145 131
260 91
86 253
205 175
168 88
280 111
23 267
63 160
16 36
198 217
84 193
264 188
293 257
145 98
142 271
254 298
266 245
200 45
165 171
206 158
123 213
183 31
39 152
126 50
186 56
90 114
58 52
235 203
214 258
200 59
76 187
203 57
158 195
216 294
175 175
94 42
197 147
283 118
107 119
232 129
85 249
2 224
289 137
157 250
29 280
237 101
11 52
35 106
282 174
125 162
31 257
221 6
124 131
137 221
72 186
177 23
235 206
196 127
200 297
210 154
174 170
92 270
18 99
49 235
261 10
180 131
14 243
83 208
278 288
21 110
85 143
273 197
230 290
116 51
234 291
274 139
86 57
221 13
257 283
201 251
272 37
75 283
153 245
130 210
297 84
70 10
260 129
38 28
42 104
276 202
291 291
189 2
146 187
294 54
85 234
79 56
264 116
92 9
230 28
299 291
61 33
210 270
30 266
238 86
137 202
248 180
270 245
45 160
126 166
245 138
178 81
0 265
66 256
130 33
19 58
230 161
256 200
157 253
106 107
127 157
135 230
69 79
80 172
125 278
166 128
140 81
111 177
141 112
260 14
186 156
48 161
201 30
132 245
205 151
243 129
286 23
69 50
248 171
209 189
176 228
237 219
175 253
169 204
107 216
26 10
65 191
27 256
129 138
208 62
22 258
160 36
169 228
229 39
150 40
119 139
254 191
87 215
280 90
37 143
97 145
115 255
253 258
181 287
79 12
5 143
81 176
165 143
176 108
39 230
9 8
129 83
145 219
38 235
127 148
82 221
83 80
204 118
115 25
29 40
226 92
43 87
143 48
253 298
66 52
194 217
278 154
210 139
35 274
130 187
271 290
124 147
263 40
32 107
145 231
99 213
10 134
257 233
172 249
172 103
43 82
9 292
33 17
185 9
104 9
175 118
163 271
175 12
79 164
1 37
6 185
121 83
120 228
104 290
297 273
162 17
76 240
160 291
205 161
257 250
219 18
203 201
95 85
45 197
2 60
167 99
234 299
121 249
230 191
297 166
270 201
192 107
241 148
120 166
77 134
290 264
147 291
236 130
211 179
46 214
83 56
211 169
48 154
135 249
155 28
287 136
183 200
114 182
77 289
212 24
4 113
223 93
86 170
134 127
265 80
156 178
44 80
59 243
262 48
121 106
254 244
135 226
45 280
0 167
43 109
75 203
6 130
74 97
64 221
231 251
261 138
283 204
264 209
210 151
192 77
108 49
285 38
140 215
158 123
210 254
60 286
94 7
291 158
190 37
274 55
143 280
278 137
198 19
89 277
42 263
177 17
240 69
71 30
152 93
123 44
17 119
109 0
166 53
195 89
77 233
154 75
223 133
86 17
42 165
101 85
97 124
113 269
145 261
63 229
30 111
282 48
144 248
279 46
227 33
92 180
212 148
132 69
290 40
14 141
135 228
143 259
260 167
76 190
183 246
168 11
112 61
249 117
32 287
271 34
286 227
99 247
161 287
262 4
96 279
225 148
26 194
3 205
110 37
167 231
183 52
285 232
176 28
135 273
11 115
237 45
189 79
17 254
226 225
210 141
222 112
247 170
11 137
36 278
14 105
81 104
61 53
184 109
109 42
272 99
216 146
39 226
164 271
161 49
173 282
282 57
275 118
156 258
62 247
146 182
221 150
258 121
72 189
250 32
141 251
64 96
45 236
100 265
35 281
16 247
104 94
79 295
160 119
134 209
159 122
237 1
297 127
249 49
285 142
30 141
141 125
109 88
129 179
266 146
162 83
55 82
285 86
125 110
159 26
150 73
58 203
66 170
129 39
285 298
162 186
44 190
277 206
126 259
207 193
271 16
227 171
200 76
168 11
113 224
162 4
150 263
201 272
185 68
173 23
12 214
173 57
59 56
60 149
133 213
92 184
93 140
19 9
256 87
168 244
67 299
3 180
23 143
198 28
233 178
97 148
257 224
93 41
57 101
46 270
45 250
172 37
27 131
81 92
216 172
54 276
142 219
109 178
134 112
269 207
150 271
138 245
36 112
51 145
132 58
225 63
196 117
238 25
227 212
58 288
70 120
254 40
84 15
105 15
4 71
243 198
217 173
295 88
288 47
0 10
73 133
243 117
126 114
52 268
214 126
135 110
222 24
114 151
230 248
40 259
155 119
251 94
295 196
197 60
237 248
34 124
159 118
58 171
249 131
121 190
223 242
52 158
10 94
266 134
42 135
52 279
48 74
54 57
114 290
104 190
174 32
194 3
295 83
29 254
49 64
120 124
87 163
136 232
79 249
54 143
143 174
296 1
238 153
70 139
13 62
261 126
132 168
296 222
226 120
261 140
286 52
23 203
216 103
156 231
264 215
168 129
213 58
281 296
139 137
144 19
85 199
192 154
249 122
197 280
263 52
288 206
69 67
176 136
259 71
240 26
70 195
6 112
9 186
234 232
127 11
48 58
68 68
186 267
197 92
48 223
179 292
242 117
268 47
107 150
197 81
101 9
89 291
85 136
97 141
229 237
268 155
8 204
63 59
12 126
280 226
139 287
17 4
203 248
82 32
172 101
262 109
5 79
221 96
191 75
117 173
105 2
234 257
82 182
190 133
88 89
285 56
103 119
254 294
83 279
203 98
111 158
46 146
77 18
95 225
100 270
253 107
44 259
55 146
195 184
162 108
291 23
35 168
163 168
62 241
249 148
151 105
237 142
180 14
64 213
297 98
229 294
19 244
170 118
257 189
95 1
207 246
272 1
139 50
139 183
270 178
95 92
11 52
141 258
176 9
255 152
98 25
214 34
210 134
205 214
243 125
66 147
104 219
94 267
7 36
45 74
93 144
15 191
260 143
149 118
288 276
191 87
24 87
160 196
188 76
55 184
16 197
208 85
172 150
233 244
164 7
105 244
189 217
246 53
226 222
82 297
229 95
136 254
164 77
237 282
31 247
140 2
237 12
243 262
192 259
114 85
200 162
183 213
70 116
181 22
150 154
154 270
29 161
287 58
94 23
186 38
171 290
93 252
137 154
287 45
109 244
30 260
133 103
272 149
244 165
121 287
213 196
231 163
17 150
265 277
0 68
209 226
227 103
236 0
198 189
146 216
123 84
144 41
297 111
127 286
193 185
171 8
95 56
172 153
121 54
69 60
252 14
191 122
70 201
295 183
195 32
248 243
203 239
163 216
220 150
156 200
38 55
281 267
23 32
1 298
85 27
277 224
114 60
192 233
297 230
133 22
197 110
119 275
157 194
114 296
258 296
273 102
32 72
56 136
104 227
226 209
33 220
205 184
134 158
55 240
81 3
62 67
81 37
250 243
194 201
76 245
278 79
158 33
6 125
262 281
263 64
143 139
38 194
255 102
223 257
228 282
161 146
150 278
33 39
153 139
247 165
105 256
66 174
244 291
134 158
113 31
247 17
252 271
171 95
79 81
157 220
190 280
143 266
75 104
50 158
261 67
159 275
285 218
266 240
99 68
41 211
60 264
97 6
91 239
24 180
27 2
198 158
112 127
174 258
196 5
282 9
81 88
18 197
98 191
88 229
132 196
248 73
204 275
51 78
231 38
165 206
121 25
84 17
196 28
79 262
162 162
131 145
162 188
11 13
294 175
126 164
287 263
58 96
232 172
223 150
29 2
207 123
191 214
144 86
228 258
210 238
274 207
99 120
66 127
149 43
238 92
206 200
186 14
242 163
153 13
269 189
8 243
72 236
156 109
270 106
221 3
50 39
167 213
130 259
19 66
236 115
117 267
235 217
100 140
157 239
57 178
205 220
174 120
78 8
216 273
15 83
230 294
267 169
279 40
180 53
192 281
207 75
243 297
70 193
286 221
192 146
298 3
46 261
115 190
65 193
139 229
29 167
43 267
272 232
269 24
116 57
246 82
47 190
125 2
83 171
194 32
68 51
268 263
139 50
87 112
284 138
120 212
259 283
14 141
183 66
224 49
104 194
286 128
243 150
200 251
18 149
54 243
247 13
125 158
256 45
32 277
27 274
230 269
157 36
73 282
91 168
74 47
205 276
288 211
273 241
278 83
131 239
214 251
192 220
26 265
148 114
127 218
53 288
161 89
16 101
99 253
33 197
178 181
183 157
264 258
251 26
249 119
88 241
72 271
38 240
176 102
262 250
37 277
240 231
87 86
260 132
10 58
162 109
55 170
194 145
164 44
202 86
244 54
175 68
122 298
123 137
281 238
273 166
42 219
175 261
142 71
14 181
10 31
37 223
156 16
13 183
246 268
98 90
76 72
192 204
105 52
246 250
169 182
40 20
72 214
138 37
78 15
62 50
110 179
232 198
108 148
177 15
289 103
156 192
162 26
232 134
201 18
215 220
223 31
65 28
127 201
33 83
89 251
204 37
187 172
229 93
62 142
266 135
265 175
225 248
11 236
279 221
191 205
181 293
158 214
167 153
213 210
138 268
241 8
204 237
188 206
196 134
233 246
212 254
1 137
253 118
74 130
19 257
164 0
82 69
180 209
248 207
180 86
128 151
61 35
278 285
113 295
172 91
12 34
182 139
109 206
59 21
129 75
12 173
243 98
191 255
102 47
120 49
144 254
264 28
232 156
55 230
195 39
104 62
91 35
224 164
25 142
247 27
133 274
188 125
241 190
224 39
120 209
125 197
64 57
24 55
0 75
129 109
213 167
95 192
174 80
192 254
124 26
228 43
82 59
226 59
203 161
195 173
215 233
47 4
241 14
51 250
60 232
81 75
6 110
165 27
180 237
105 264
44 223
266 50
194 197
237 260
111 154
28 248
293 47
68 200
231 263
180 37
284 202
184 17
48 292
94 89
181 15
234 207
95 120
290 154
270 196
289 228
290 20
205 280
289 18
37 217
252 55
105 87
153 122
288 6
113 26
111 98
151 30
63 18
105 75
184 41
130 67
100 185
220 107
214 201
112 299
66 177
124 263
127 105
83 90
83 292
70 296
222 184
217 167
206 72
41 97
1 76
200 199
169 108
85 238
94 172
48 275
248 172
181 274
93 142
133 30
285 267
97 63
263 175
214 79
223 283
147 114
109 235
251 240
56 132
242 81
52 166
121 8
236 50
154 153
135 117
226 232
49 299
166 175
207 203
30 291
120 154
279 135
142 45
268 242
170 134
291 83
179 223
89 70
1 201
1 49
213 3
201 31
93 118
240 232
67 198
150 33
19 144
84 249
169 261
213 94
277 92
122 131
282 289
142 171
268 46
224 125
283 194
287 91
90 264
87 58
92 35
82 157
81 181
6 212
16 249
194 216
284 143
118 62
35 198
2 219
176 205
34 186
234 257
151 46
204 280
7 165
296 198
81 64
49 125
281 296
294 98
287 129
8 72
297 235
239 156
197 137
282 250
205 298
39 209
83 210
222 109
104 248
163 88
250 70
45 206
41 258
195 286
34 116
106 275
214 54
105 225
252 279
33 134
50 81
207 243
258 145
281 22
128 118
209 292
81 281
137 295
297 173
133 2
129 31
192 74
107 59
205 60
215 82
223 270
169 289
171 45
257 160
240 279
8 0
88 40
94 22
207 51
189 83
86 92
235 225
210 137
177 270
205 281
15 254
5 54
206 96
210 53
264 77
288 95
180 85
212 44
61 138
21 192
119 102
151 239
49 157
234 31
263 45
294 239
167 147
292 171
130 227
209 205
78 164
158 184
201 164
295 295
168 199
175 37
277 6
31 254
116 276
52 270
115 246
241 173
235 234
211 130
94 171
32 278
156 189
106 298
158 15
130 72
242 81
232 5
88 299
184 59
179 190
242 247
206 159
99 282
71 56
90 138
192 200
199 5
30 268
66 71
158 115
23 113
296 178
232 33
266 8
86 255
140 1
43 113
179 272
207 76
61 140
59 50
11 152
100 222
143 165
57 208
293 52
206 95
7 202
54 275
237 49
90 194
260 201
264 280
75 211
22 156
256 76
30 281
122 208
195 10
45 294
129 228
50 204
40 222
149 127
178 199
257 55
129 194
224 281
177 286
58 119
157 24
254 34
24 228
250 294
85 264
33 147
263 18
247 262
14 66
157 204
18 168
153 273
212 114
88 179
211 290
87 281
24 188
78 17
228 40
153 69
57 133
141 179
153 157
222 219
30 184
43 215
257 229
191 95
105 148
49 238
166 179
252 45
168 178
270 148
89 150
240 157
296 58
29 98
235 116
179 195
297 18
239 196
15 216
265 123
43 126
134 178
164 84
284 284
54 210
168 191
92 113
236 267
210 104
153 161
298 89
181 185
66 12
74 24
30 255
118 172
194 238
206 76
265 46
37 133
74 139
197 38
58 192
247 56
171 185
102 246
254 210
138 37
44 80
197 157
282 289
202 31
118 71
49 169
13 184
87 34
122 110
149 273
169 66
10 18
151 42
128 245
56 117
252 177
223 108
248 235
75 171
196 263
172 44
208 35
235 267
24 57
189 231
266 95
202 5
238 268
87 51
229 189
255 103
256 292
254 283
139 276
253 111
174 255
134 116
61 45
261 275
130 229
93 178
187 108
107 261
292 44
18 273
237 144
78 247
135 153
290 123
267 253
35 179
68 66
26 66
10 200
25 142
2 9
253 262
164 219
216 253
62 182
167 194
28 280
233 213
223 1
226 229
86 179
58 56
31 232
267 295
294 103
101 44
67 238
36 267
154 36
272 58
49 129
126 11
119 223
252 161
239 157
111 140
65 163
220 136
191 283
201 153
208 223
115 12
236 85
14 125
55 187
85 187
92 261
77 284
96 243
204 282
144 228
164 41
47 52
42 159
233 288
290 94
231 194
263 92
275 85
285 277
199 288
133 179
187 289
122 161
223 212
175 96
176 65
186 182
10 89
210 34
180 16
77 3
125 109
77 88
294 282
288 215
287 13
71 68
57 113
99 41
285 126
67 23
243 146
143 83
190 20
241 218
95 142
254 191
196 235
178 17
182 124
141 190
141 294
139 185
65 202
103 238
101 173
23 45
45 215
21 199
125 110
264 11
173 105
106 260
208 256
58 103
13 266
121 197
299 21
56 100
270 188
99 4
90 253
51 44
204 70
105 49
189 260
262 181
9 41
6 68
182 226
88 163
286 287
76 268
281 133
157 69
86 266
68 216
159 153
173 181
176 187
286 189
159 160
18 256
89 80
196 40
73 24
186 127
287 281
237 101
110 100
88 290
242 5
11 282
220 144
206 173
134 270
270 87
61 143
263 288
277 187
80 253
81 165
154 250
99 276
176 14
185 233
281 159
77 254
102 109
124 222
56 134
243 293
239 44
217 211
212 24
178 291
43 82
229 279
258 7
13 296
206 124
294 115
255 266
131 68
144 182
156 129
233 129
271 133
17 158
77 97
41 80
1 236
254 227
102 273
157 148
80 178
47 288
143 158
105 298
79 161
110 171
1 197
97 273
31 160
1 110
146 160
62 114
100 283
163 194
159 33
222 296
93 165
149 269
61 49
144 167
281 139
5 233
182 84
86 47
234 49
243 251
170 165
42 188
129 98
209 164
33 64
68 99
91 3
217 126
267 201
189 62
79 66
277 174
262 235
245 97
150 120
151 166
68 54
179 238
118 218
204 199
102 194
46 57
270 179
84 265
16 210
64 242
78 290
251 283
153 79
4 174
198 57
161 29
225 161
112 81
287 217
247 238
258 121
84 138
255 149
171 294
58 170
60 232
189 84
298 160
54 158
60 43
223 75
58 132
257 110
212 197
203 207
100 289
160 113
165 165
161 23
224 246
93 109
241 258
170 119
236 65
200 86
192 35
40 92
87 286
81 3
46 229
157 140
125 295
110 46
290 232
151 103
23 202
24 40
292 288
101 88
211 171
119 297
238 122
37 128
230 172
66 95
42 285
43 234
30 127
224 256
129 91
158 82
176 106
157 211
264 125
119 43
38 239
154 99
230 111
158 15
118 121
293 39
286 154
276 290
239 228
94 200
60 146
72 185
162 249
35 165
2 268
212 228
257 189
104 122
270 39
38 19
15 112
202 171
158 124
48 228
164 160
158 33
118 87
123 215
221 16
62 30
114 20
163 5
225 14
141 37
257 114
244 183
117 200
69 29
287 143
220 193
144 227
176 142
89 264
55 29
78 243
32 213
251 244
32 282
184 227
223 255
111 79
235 295
183 97
99 283
165 246
39 2
179 290
103 152
155 61
208 6
44 128
41 210
65 92
84 57
248 37
77 297
139 102
31 53
39 154
149 115
164 63
39 118
188 61
211 170
159 105
40 5
134 225
179 235
81 11
41 257
259 95
138 76
235 254
140 27
13 6
291 59
247 93
10 140
151 97
87 264
110 35
150 48
267 218
127 288
110 106
82 115
133 25
16 183
209 126
280 182
136 280
111 203
26 24
18 66
258 137
166 228
88 295
214 108
220 224
128 190
23 121
161 265
284 145
211 15
88 162
159 259
27 43
116 47
49 207
202 293
1 14
174 172
283 122
192 9
273 191
206 272
292 98
297 90
116 58
230 234
82 279
79 198
139 134
212 53
288 266
173 156
178 55
226 227
18 295
1 232
74 13
49 129
4 74
251 136
184 237
62 10
112 191
210 191
88 92
119 74
137 293
263 133
72 283
94 65
269 149
21 179
113 79
66 271
162 282
22 173
77 195
197 103
114 246
58 145
279 169
72 277
193 126
133 247
169 260
189 198
50 82
219 230
285 45
32 57
223 236
299 228
159 213
41 19
202 57
277 134
199 228
161 82
22 140
134 136
36 194
121 273
87 192
29 60
228 167
237 59
73 181
273 293
287 67
73 159
286 36
85 17
166 93
22 21
249 243
95 243
156 294
256 199
273 298
34 125
256 288
193 235
203 190
26 184
183 229
42 14
164 249
299 173
93 46
163 87
269 151
244 152
196 188
140 2
219 96
259 131
109 12
9 94
192 49
37 181
239 41
115 91
104 180
282 79
272 149
246 148
92 135
190 51
276 2
240 158
62 76
85 51
58 0
24 41
221 175
155 263
84 255
236 132
100 0
8 236
91 41
265 262
181 195
238 267
274 96
69 109
54 139
244 89
98 192
208 137
5 179
124 173
191 215
184 49
122 284
9 170
198 289
284 128
119 27
282 93
172 131
197 54
243 238
196 295
109 288
207 79
64 86
118 124
298 183
218 82
119 121
263 135
138 103
59 293
137 217
77 191
96 252
163 194
292 24
271 232
250 45
128 150
208 271
53 279
152 51
232 260
83 117
239 279
72 49
230 133
39 264
163 148
46 1
20 17
254 243
11 98
57 169
204 187
249 152
132 61
96 73
280 116
89 136
53 222
0 226
48 28
298 39
223 234
20 207
110 153
110 171
261 274
141 232
239 79
124 67
141 203
82 252
263 41
52 238
38 89
31 259
249 39
186 116
91 120
3 14
172 96
233 50
186 141
239 162
152 146
121 89
200 11
290 138
104 138
164 21
157 265
144 79
251 107
273 250
133 150
15 86
220 114
135 61
272 193
94 123
171 123
107 85
84 247
2 44
90 62
262 184
30 60
260 241
114 272
258 192
163 23
81 23
262 240
279 164
46 216
43 296
37 92
141 164
297 36
83 161
61 74
62 288
185 223
288 17
71 184
44 271
243 50
40 255
223 109
24 44
279 125
253 187
77 246
55 25
37 288
160 145
169 224
273 72
128 111
268 88
107 152
156 185
67 267
255 226
263 238
219 261
158 97
199 267
24 209
3 192
201 288
236 218
285 179
272 238
98 299
173 78
213 100
245 17
246 148
275 176
60 168
168 39
221 40
240 123
117 132
236 39
151 40
157 264
173 268
12 167
102 109
241 62
10 202
158 242
229 158
270 182
231 117
207 278
250 47
88 159
69 27
293 69
283 229
207 253
282 58
100 90
28 118
267 48
243 87
220 192
259 48
217 118
299 237
223 124
299 80
88 7
283 63
137 214
81 203
28 120
62 173
229 104
75 255
272 258
181 65
289 157
97 7
296 5
89 227
164 280
87 34
224 15
214 104
233 159
272 147
5 147
199 8
158 47
161 145
236 99
250 73
70 286
26 296
158 12
194 145
59 259
50 195
152 224
109 132
215 143
132 209
79 123
115 270
198 186
72 25
88 155
118 166
89 240
42 31
166 182
164 62
210 83
192 276
298 252
111 284
222 122
2 157
97 186
26 285
20 244
23 95
64 127
235 297
205 202
166 16
47 188
45 92
15 252
283 209
223 176
1 118
240 126
227 73
298 87
223 287
266 36
36 104
131 170
111 291
42 107
184 43
285 98
155 276
207 44
158 214
36 124
204 32
117 88
189 191
142 42
292 275
25 260
158 118
34 28
212 292
259 6
180 85
50 285
224 173
198 235
192 92
200 112
159 298
16 16
134 20
138 21
36 215
8 65
8 24
89 39
256 132
184 249
165 98
240 228
201 76
265 176
100 9
147 134
168 91
259 22
287 184
90 222
145 199
39 132
114 281
75 65
30 247
38 163
118 7
229 63
169 208
114 81
101 146
173 34
198 285
164 15
190 42
174 126
272 139
227 24
239 175
257 54
277 153
66 64
183 147
21 117
261 265
217 0
164 269
238 39
247 228
107 299
217 175
46 284
249 225
109 150
6 249
271 184
265 195
96 247
116 37
35 94
266 225
58 282
69 175
142 148
0 212
20 108
29 13
192 57
263 17
270 110
285 275
103 136
146 239
252 91
13 35
117 131
279 265
55 195
260 86
37 57
291 153
276 178
117 296
99 63
71 201
181 60
91 57
231 43
66 3
191 203
75 78
0 214
68 231
20 208
82 275
210 90
9 299
212 178
149 230
205 291
254 78
34 278
82 196
92 41
167 83
154 41
21 38
290 290
122 20
31 245
156 132
251 169
173 253
203 50
115 284
8 250
258 270
118 16
292 84
60 197
0 178
43 226
155 54
176 226
260 267
77 43
190 156
11 45
276 234
288 127
43 294
29 36
92 34
79 253
9 36
63 102
286 245
175 8
46 171
158 177
192 2
264 131
102 21
160 166
76 208
143 148
200 80
42 117
154 92
185 124
105 285
146 158
110 199
70 19
25 260
160 95
108 43
196 29
82 181
38 233
269 273
69 115
122 109
163 270
217 37
10 171
105 155
267 274
264 84
27 257
13 137
19 169
138 17
264 139
175 139
122 182
270 38
279 289
124 40
275 228
94 118
65 2
52 112
138 53
119 201
13 241
233 45
226 232
290 23
262 198
119 57
283 63
22 160
95 114
230 69
119 154
193 109
227 57
42 259
37 167
53 236
24 72
70 189
222 289
19 185
181 40
195 13
164 204
191 211
220 152
92 242
194 197
236 138
31 5
201 94
108 215
194 236
38 154
111 18
263 287
214 222
256 104
66 114
100 172
255 178
237 97
241 159
275 291
99 2
18 187
273 8
28 26
228 39
276 232
173 259
95 236
8 56
167 198
199 277
109 276
206 273
38 211
90 124
44 273
194 144
20 219
67 35
182 98
47 0
92 105
289 144
134 148
133 71
151 224
262 256
204 299
133 2
184 232
211 117
116 99
244 113
8 258
227 154
212 184
220 172
77 99
94 210
94 138
216 227
299 48
85 285
77 202
282 89
296 260
86 285
238 40
193 115
86 216
130 253
119 185
225 32
241 2
256 233
179 150
62 21
70 109
167 213
102 123
125 174
164 208
35 134
280 174
96 59
5 98
94 125
30 293
279 254
32 57
234 91
141 55
290 16
251 45
164 258
126 189
105 254
12 58
83 144
33 279
91 51
168 255
260 81
43 207
248 136
162 267
204 75
86 252
7 296
118 112
246 173
236 132
119 112
218 179
24 17
240 285
244 219
116 191
197 286
269 28
107 210
161 73
288 24
293 127
200 13
295 274
144 245
12 63
213 231
212 5
213 165
72 230
269 172
0 169
96 150
32 101
276 184
39 78
36 152
23 10
117 193
62 106
0 174
201 185
23 247
134 236
118 90
52 225
107 194
80 237
56 237
198 268
235 191
76 90
220 235
73 127
245 237
239 4
227 280
31 86
30 78
25 152
106 252
173 124
272 186
68 237
287 32
130 216
16 201
279 118
245 44
121 3
219 279
194 13
191 75
58 74
11 55
242 158
257 91
158 36
174 99
211 89
243 149
154 222
103 249
250 281
33 137
263 21
297 15
251 199
133 22
163 213
55 215
45 11
189 80
251 275
297 225
214 286
51 253
42 281
245 192
58 41
133 201
29 27
36 247
46 171
285 84
83 60
62 246
120 270
281 245
121 50
169 213
253 261
179 245
181 149
98 112
246 51
33 276
8 43
78 297
226 41
31 84
52 60
138 244
231 69
101 170
107 132
84 145
133 232
100 277
261 248
37 171
36 165
167 38
215 117
207 288
61 53
53 113
142 26
230 278
70 204
128 2
275 229
152 155
29 249
65 156
254 185
271 68
72 15
252 210
239 65
297 186
44 3
141 182
25 293
273 181
288 267
237 70
40 202
74 170
270 57
4 171
36 43
123 77
57 87
21 192
189 99
183 149
281 171
221 225
96 277
118 53
277 242
133 212
65 60
298 52
121 242
11 185
284 18
195 52
177 194
150 197
268 132
63 30
144 141
205 20
143 29
172 168
278 69
282 38
27 267
214 221
200 0
176 212
166 83
91 248
191 3
53 40
155 169
232 139
41 213
60 54
65 182
9 2
175 42
86 55
101 244
116 253
53 192
118 198
52 61
139 248
55 158
86 263
67 51
280 154
272 261
177 238
51 112
134 270
43 134
204 123
49 104
57 213
194 186
190 241
291 229
102 102
219 101
244 58
30 128
39 12
134 142
209 38
36 259
93 50
199 35
221 236
52 9
89 238
169 241
140 213
279 109
183 272
214 131
74 50
297 196
37 107
78 243
158 74
191 244
146 216
208 238
96 246
55 90
149 62
2 36
236 73
7 3
185 230
228 82
24 56
193 5
151 88
178 280
59 202
198 176
128 126
62 84
240 14
209 35
262 211
125 199
4 28
140 159
137 234
267 255
172 56
39 176
119 134
195 20
275 38
15 129
202 82
17 269
117 153
264 39
139 166
22 276
207 68
159 160
172 231
112 128
63 284
20 221
297 94
95 85
158 132
131 176
120 150
108 272
179 289
93 178
0 53
211 221
18 187
293 154
63 64
106 288
53 71
238 73
170 211
171 15
243 205
145 157
156 242
294 231
152 191
202 180
116 256
9 173
41 295
116 209
164 147
266 7
270 100
13 234
18 282
233 49
72 188
279 205
198 154
138 168
241 104
246 191
263 227
141 32
109 296
78 77
129 13
259 0
145 86
286 221
106 39
10 42
181 182
48 264
147 205
10 14
124 107
184 58
202 155
24 23
290 7
152 247
295 111
262 1
272 147
285 201
103 198
75 250
64 237
85 24
116 84
66 269
136 70
151 191
241 119
149 282
180 119
256 22
145 52
10 17
87 197
7 290
176 136
180 214
241 186
42 155
10 83
264 247
105 243
143 91
38 271
189 29
186 217
143 106
107 57
65 219
245 266
86 110
210 243
214 172
71 203
44 278
179 175
49 285
31 228
1 108
133 183
180 106
118 93
126 91
244 210
248 258
203 112
105 167
133 225
98 105
299 148
215 8
132 35
285 188
212 263
221 203
268 259
291 73
58 109
125 186
124 19
123 91
165 10
68 57
140 233
24 201
83 22
299 197
167 128
138 149
216 64
58 124
104 285
75 191
176 211
62 93
262 61
191 66
237 210
280 215
270 192
272 125
247 121
38 271
4 119
140 1
74 81
160 38
165 94
26 82
99 181
174 254
242 146
54 6
160 61
201 214
2 118
131 192
204 280
44 81
259 271
262 292
195 268
173 118
228 252
48 283
218 256
298 104
252 83
242 137
106 265
32 114
55 98
243 67
83 253
135 81
249 24
261 170
43 159
205 197
259 157
218 279
95 186
207 121
233 277
247 152
27 248
39 57
93 178
256 156
94 106
69 207
207 238
207 98
103 193
174 99
280 144
171 107
280 73
208 88
228 192
18 233
117 21
196 23
299 29
62 241
262 180
80 252
147 42
58 129
210 266
55 240
109 95
8 282
281 71
188 118
219 71
184 135
94 254
156 143
4 196
144 1
268 202
118 60
297 264
278 208
277 199
29 205
218 159
139 196
184 8
273 141
98 161
149 248
51 173
252 181
100 171
233 169
194 97
267 77
241 92
114 102
231 72
197 289
24 171
264 272
286 29
168 192
147 159
137 72
25 260
282 47
25 123
177 66
272 280
143 263
143 209
122 90
28 160
107 45
145 82
290 187
220 295
144 52
296 13
5 275
33 115
16 44
210 134
119 103
208 78
136 213
36 264
230 277
68 160
197 106
185 283
195 249
159 0
106 68
234 120
276 84
76 120
163 83
175 186
88 189
266 234
233 175
184 52
149 281
33 146
38 260
136 293
39 130
205 221
296 262
185 147
67 104
252 181
75 67
268 205
61 78
159 206
137 75
230 293
131 9
187 224
53 14
28 293
299 25
247 244
188 14
228 290
231 201
124 76
130 270
227 140
177 183
54 236
21 139
298 117
231 161
195 18
115 165
38 240
39 206
56 147
145 278
33 147
193 150
127 256
23 90
41 61
184 114
207 179
113 50
184 61
275 24
135 24
31 120
127 77
252 69
14 113
229 75
209 115
179 181
125 171
163 177
173 14
34 100
89 126
285 283
219 212
3 231
141 289
120 230
68 142
266 257
194 15
145 283
232 244
124 50
213 55
283 267
172 259
262 9
62 138
79 104
285 238
108 104
184 162
8 237
194 38
269 188
169 169
217 62
178 26
234 170
18 164
177 20
119 89
252 273
202 23
54 140
99 154
208 296
141 214
71 33
64 41
211 261
250 96
92 291
223 238
263 233
174 238
118 207
22 151
141 294
143 249
9 168
38 10
161 16
38 132
135 55
100 235
147 172
0 284
119 233
292 127
233 92
238 151
125 61
262 59
116 242
1 44
12 254
182 109
110 231
288 101
28 28
35 296
61 238
201 189
249 216
209 140
290 219
16 99
82 282
192 18
99 271
99 261
76 82
109 206
77 204
66 110
255 76
28 17
216 151
267 77
94 63
200 282
271 253
169 172
68 33
255 207
137 203
27 169
4 146
128 232
266 30
37 183
5 174
84 276
248 263
135 34
260 124
266 51
251 226
238 286
211 292
10 33
123 88
34 130
49 225
64 218
117 250
273 232
16 215
126 191
174 167
206 220
128 130
262 233
19 159
7 211
203 216
173 26
121 69
113 13
144 47
255 178
72 121
116 150
22 204
180 132
136 168
123 203
157 286
196 188
180 52
236 68
108 88
51 71
8 71
122 43
125 215
30 280
93 86
222 92
128 105
204 251
64 287
141 274
256 242
73 112
16 274
217 149
138 114
4 104
4 70
48 151
35 211
79 218
21 253
270 198
39 157
247 201
158 299
229 55
23 82
281 114
129 74
277 109
268 75
162 180
113 10
64 137
95 0
293 68
216 63
209 218
99 27
76 138
95 112
176 101
198 113
107 58
98 52
86 285
142 173
103 203
284 258
271 231
54 263
263 1
162 1
196 270
54 46
238 208
185 149
36 57
113 111
78 278
40 151
294 130
295 251
246 80
191 204
52 73
219 155
47 175
255 258
152 137
30 190
130 259
219 31
233 15
276 46
250 234
259 50
113 68
214 258
60 120
269 284
154 279
123 226
62 261
276 44
236 63
270 21
26 109
69 133
121 255
11 35
283 113
92 145
259 177
146 126
28 8
3 282
234 202
192 189
52 76
86 50
194 32
185 33
85 296
118 298
124 38
255 229
177 178
37 115
236 99
50 244
161 19
83 209
25 81
76 23
80 251
40 198
226 5
239 162
16 277
93 96
242 215
178 133
270 222
48 105
227 241
150 90
14 191
288 114
220 255
226 50
46 295
275 194
251 23
42 166
274 31
179 36
122 129
282 127
109 169
47 69
26 180
180 252
11 3
204 267
74 274
1 225
86 104
228 35
9 31
83 10
170 222
166 185
52 117
225 103
65 108
15 148
120 144
214 278
150 196
81 269
164 173
263 69
3 236
25 194
151 146
118 211
83 232
92 205
100 117
31 9
284 40
239 259
12 268
24 143
61 262
271 38
234 257
265 236
181 114
1 118
259 128
252 160
261 105
208 245
207 39
145 294
86 89
102 31
269 242
267 58
258 251
288 140
287 214
176 164
115 210
74 17
57 296
113 183
235 63
120 42
98 275
252 3
196 55
18 89
9 48
149 291
52 267
10 181
35 151
56 148
84 225
215 122
26 150
214 184
139 230
8 63
45 298
261 119
70 261
150 194
290 124
33 186
9 241
58 126
236 216
172 155
262 210
48 17
109 262
103 298
183 87
276 203
120 86
27 11
165 115
198 105
249 275
178 101
0 182
64 202
153 151
213 272
145 122
51 51
167 234
220 152
115 144
64 274
193 165
188 212
23 159
291 249
156 104
2 185
87 60
107 2
293 117
70 169
171 34
178 211
119 52
159 44
194 168
16 258
230 45
19 268
73 73
114 140
49 77
199 6
15 137
87 283
11 43
44 111
109 68
15 134
245 199
194 243
114 210
58 208
145 11
9 174
198 206
117 56
246 116
150 191
147 140
230 186
175 229
156 147
104 136
106 27
162 237
42 23
68 162
299 11
124 53
133 157
139 198
43 234
202 162
76 296
4 152
229 73
54 124
39 90
5 127
4 203
17 69
282 179
64 58
277 233
258 33
151 55
7 156
151 63
70 189
13 263
268 75
249 280
25 135
163 298
144 99
95 87
181 109
205 48
133 180
177 233
34 55
154 159
35 94
145 230
146 195
212 231
88 137
45 144
228 191
117 283
90 182
43 288
9 201
83 234
283 122
195 215
72 235
226 63
84 297
144 118
39 162
138 138
166 169
54 202
264 166
186 14
191 96
224 25
58 21
268 157
194 237
42 167
251 241
58 94
258 269
146 196
167 255
29 186
103 2
67 19
77 92
220 141
90 142
193 98
188 136
187 297
152 40
44 240
283 260
253 238
202 245
5 225
158 260
132 86
197 206
197 120
30 47
213 225
273 39
138 4
161 10
249 18
181 41
13 114
129 10
182 76
23 19
174 181
169 10
243 99
127 63
192 92
276 135
174 38
275 118
136 283
118 206
60 275
58 143
287 283
222 190
95 216
81 194
256 246
150 129
175 131
178 204
195 36
251 197
252 45
46 277
24 156
37 234
209 105
187 154
223 158
0 178
273 278
69 193
232 9
255 218
223 66
74 31
260 165
254 138
268 129
283 299
171 108
59 239
100 200
157 162
15 135
86 273
23 66
98 113
112 69
274 281
11 36
204 244
199 150
259 165
48 84
61 47
270 45
68 116
71 123
51 74
191 216
107 270
150 61
166 137
22 64
80 83
118 294
207 54
268 233
65 30
145 210
189 34
215 58
193 70
287 116
290 183
250 94
194 153
276 192
241 291
218 279
103 274
48 183
253 159
12 99
183 165
110 169
233 115
172 7
199 270
147 27
192 167
210 207
11 113
6 199
166 219
50 114
164 296
298 123
120 253
187 259
41 89
99 164
99 271
98 284
220 233
38 267
241 10
209 249
284 207
73 0
85 29
136 110
195 11
202 82
75 205
7 196
256 175
246 289
235 57
23 268
200 240
144 299
166 266
59 36
197 214
234 299
78 250
25 165
243 135
212 240
153 283
130 15
26 96
44 200
155 79
208 213
214 191
30 197
103 65
24 299
76 249
286 292
36 97
9 275
13 276
259 239
71 85
161 72
145 63
95 105
47 183
172 157
95 134
186 298
135 114
58 210
123 176
14 193
153 267
245 161
126 215
284 31
76 168
36 92
124 257
4 81
285 261
72 270
117 133
218 293
42 39
23 256
244 71
221 105
209 205
175 120
124 258
76 274
98 115
241 171
132 231
48 71
293 256
179 190
86 274
130 102
174 101
181 290
289 167
101 103
280 153
293 257
249 20
283 225
105 195
179 8
247 204
60 55
146 62
168 283
37 132
222 71
171 132
193 20
18 238
20 220
176 189
140 97
162 185
287 100
28 285
153 197
234 221
82 254
244 6
67 101
91 117
78 101
46 120
280 138
2 232
237 67
33 271
218 131
41 118
1 285
89 137
25 125
236 92
30 18
234 120
22 280
258 198
167 250
77 27
73 34
177 98
260 281
274 157
245 72
88 140
82 290
46 183
149 179
73 85
296 116
274 262
92 161
171 96
190 284
104 65
264 71
152 45
65 168
24 297
44 150
73 166
120 74
203 50
268 145
53 187
21 106
173 71
177 97
152 287
257 115
82 33
90 175
251 87
9 128
254 241
27 179
241 254
104 18
163 115
114 269
286 173
166 122
258 32
161 53
110 90
20 57
56 106
265 25
93 103
235 74
160 134
236 287
222 189
62 22
68 259
214 115
283 111
159 67
165 3
148 228
59 251
258 170
136 26
162 116
117 132
157 79
103 25
272 230
33 141
80 163
6 299
60 27
148 206
139 142
18 249
283 135
110 246
284 189
93 98
86 264
228 161
241 252
6 269
251 270
293 53
207 143
299 260
53 101
180 44
289 22
214 62
62 92
188 15
80 202
53 16
90 260
169 127
234 83
112 227
226 135
162 12
116 38
286 170
76 43
130 124
278 299
173 282
64 92
30 85
200 92
69 229
6 94
295 181
4 197
224 199
142 78
228 212
80 34
223 237
207 252
241 89
93 124
258 256
71 246
64 44
114 283
12 10
33 100
130 127
145 121
161 69
32 202
150 172
199 24
225 183
253 167
147 53
225 162
238 96
181 203
144 115
290 142
100 122
234 262
58 191
148 0
282 11
85 134
227 281
82 97
250 100
5 124
153 249
43 76
28 9
292 57
218 246
84 44
231 122
46 62
276 34
57 147
259 178
3 56
164 226
236 5
107 94
149 4
284 270
97 53
15 142
46 113
172 146
94 119
41 278
96 13
132 285
35 242
214 252
260 183
151 227
260 70
183 14
106 184
85 228
79 262
266 44
105 224
257 280
225 80
22 124
161 249
281 104
141 224
155 148
165 171
102 184
241 111
269 2
226 44
58 68
18 12
295 54
87 282
194 202
258 215
72 198
168 238
222 235
145 100
195 291
243 259
212 207
8 152
221 46
166 13
297 99
99 25
42 244
47 57
59 98
295 32
299 233
140 170
110 198
85 208
65 141
250 176
189 150
97 2
225 285
46 73
92 227
58 274
42 212
271 78
208 166
111 212
184 35
37 148
221 261
38 37
157 81
265 6
207 78
186 25
81 1
144 253
220 176
281 273
245 166
16 274
205 298
154 117
220 240
34 197
193 232
78 215
80 229
133 187
123 28
192 234
12 40
89 11
212 256
109 280
245 125
205 290
161 10
135 22
60 98
40 228
215 214
165 205
254 247
43 272
62 268
268 108
44 99
240 246
163 46
219 116
118 6
154 236
259 121
236 269
91 92
246 93
62 77
160 182
64 125
208 25
62 144
99 169
203 52
291 29
147 130
113 242
250 54
34 167
281 161
175 171
230 220
47 162
81 44
91 9
230 0
176 125
107 214
1 40
150 75
7 267
222 264
156 68
277 70
26 138
283 150
192 33
254 269
55 129
22 240
49 288
136 292
268 40
187 213
67 263
291 78
14 142
247 22
289 254
148 273
20 90
96 242
102 146
271 144
64 55
171 52
7 299
52 174
86 2
220 46
188 258
212 47
173 267
13 95
44 92
210 44
293 46
27 75
115 188
118 176
125 74
168 127
162 147
281 130
133 77
58 50
284 89
275 169
129 209
263 141
16 152
133 164
167 196
219 19
93 37
113 295
140 256
287 296
108 68
170 114
88 197
21 102
287 194
168 103
210 216
60 67
64 186
47 57
206 229
264 18
269 134
278 214
173 258
187 88
252 101
112 43
140 91
33 208
159 182
124 93
110 160
173 253
44 288
260 71
14 105
138 151
138 151
67 290
250 139
116 27
195 55
98 181
65 173
122 75
171 73
236 279
19 39
282 189
185 273
113 51
57 97
230 119
191 261
181 290
105 182
81 79
103 212
110 66
255 174
181 259
277 173
194 162
211 285
157 1
295 188
188 6
149 159
58 272
31 246
215 50
247 21
285 184
251 242
81 33
106 25
297 278
8 100
286 40
172 237
256 27
46 110
272 2
200 81
121 90
67 123
281 89
140 144
208 78
116 157
30 108
83 43
104 17
86 91
92 287
275 26
151 128
52 255
128 205
81 19
190 54
103 170
110 45
237 177
26 62
247 293
224 111
233 48
47 56
60 125
284 290
124 238
206 121
257 220
121 198
96 52
184 54
113 127
209 176
289 218
195 219
244 119
39 250
266 218
2 23
48 33
205 159
137 90
249 128
295 231
297 218
203 276
35 54
274 201
194 74
26 5
253 95
162 72
277 108
69 297
208 188
232 146
131 92
58 297
88 156
274 27
35 277
45 181
22 128
279 143
186 209
84 285
131 131
42 191
97 89
70 172
249 45
46 139
256 210
116 80
42 93
153 49
93 49
125 85
19 268
189 223
291 76
294 163
275 92
90 208
38 98
154 269
119 37
62 111
184 129
279 296
37 172
138 132
243 189
296 238
46 115
93 273
157 270
262 46
55 15
80 123
258 221
111 143
166 24
51 175
145 185
229 245
18 273
17 157
242 270
295 231
8 277
204 21
247 204
22 288
273 104
104 30
252 74
229 57
98 207
43 53
164 212
121 250
294 265
140 0
289 64
84 47
160 181
73 143
126 291
106 224
242 124
195 293
252 241
139 188
84 136
119 37
242 133
12 281
130 54
289 182
77 85
133 238
214 281
75 52
215 223
176 133
181 277
133 32
291 208
77 151
29 233
279 251
86 156
254 74
155 1
47 203
267 132
211 250
156 285
71 59
121 240
123 187
261 201
14 164
297 258
275 170
195 145
240 137
54 98
79 228
163 30
1 168
150 65
34 274
214 179
36 3
36 34
3 268
18 118
269 90
244 221
155 194
27 274
179 153
284 290
158 186
86 295
194 238
226 128
203 254
190 116
47 242
94 284
111 138
238 123
169 8
272 297
5 133
119 256
214 163
134 225
21 67
270 182
25 254
106 240
205 156
168 197
94 50
68 89
12 98
260 30
153 208
85 7
215 263
39 201
177 289
124 154
250 131
99 83
119 190
108 268
67 92
27 157
202 161
85 247
131 194
41 102
125 66
73 170
288 117
298 258
157 220
54 96
266 201
107 78
213 75
121 60
245 1
90 79
270 214
8 10
287 251
180 53
226 143
141 218
40 5
129 289
90 279
116 94
138 251
0 52
261 30
80 82
265 209
103 168
141 204
94 60
230 136
81 59
163 85
222 282
236 209
174 173
86 202
214 162
3 186
90 17
87 100
184 297
16 180
215 282
78 169
3 289
8 36
244 31
248 104
122 288
247 46
45 266
117 119
135 92
128 214
163 259
225 70
22 251
170 161
175 75
137 220
262 270
127 264
30 241
33 199
177 15
13 264
105 64
126 173
184 157
242 124
80 98
183 149
172 68
86 137
69 57
105 250
61 287
225 186
123 174
289 24
6 9
227 124
263 160
274 294
148 137
5 146
192 129
232 101
54 60
299 195
40 147
19 27
40 131
63 58
204 230
29 175
188 215
152 195
240 229
144 153
2 286
227 196
129 154
40 41
205 246
283 77
17 256
286 231
214 103
222 121
190 235
122 99
183 22
126 268
126 269
20 51
47 116
157 110
283 178
297 270
89 7
17 1
102 177
263 51
33 128
35 109
230 15
219 29
43 39
246 163
9 15
1 237
17 42
125 258
14 137
95 227
260 284
41 13
113 288
22 125
60 104
185 153
69 164
106 125
155 229
207 198
22 79
234 220
226 237
176 101
92 153
62 0
31 155
12 238
166 222
35 84
33 58
179 124
224 239
21 236
258 259
117 62
69 261
64 42
170 42
54 186
122 27
187 242
140 113
38 220
11 275
159 285
237 210
61 39
179 285
216 28
282 82
225 144
237 23
20 124
178 70
248 78
92 30
135 26
28 131
4 250
109 21
197 84
68 77
10 90
273 139
98 277
240 157
296 143
118 99
4 253
220 239
174 33
240 12
272 39
150 83
155 142
133 34
297 7
212 263
280 28
136 184
135 185
83 93
273 98
255 264
67 25
253 98
262 40
248 242
14 55
114 216
239 37
246 247
78 246
58 207
19 277
58 31
92 132
233 51
34 194
95 94
49 37
49 119
274 116
241 223
39 99
137 255
234 183
120 158
211 110
187 186
143 171
93 60
274 45
8 209
24 243
228 283
89 10
104 88
242 98
63 253
10 200
268 51
58 187
174 100
220 213
187 130
73 44
130 281
16 132
179 136
257 220
105 278
210 86
106 152
116 83
41 276
217 168
135 251
42 117
67 199
214 53
284 216
291 157
229 227
104 66
215 205
68 169
145 298
271 133
272 175
161 158
239 24
20 101
59 209
257 257
53 285
40 83
227 157
39 30
128 164
291 213
91 253
44 196
280 206
214 259
200 155
133 116
95 234
62 220
93 288
26 180
31 111
152 257
14 171
266 38
10 29
248 35
121 261
136 262
93 260
70 30
232 288
191 61
270 35
134 255
234 114
81 78
139 75
109 234
132 59
287 74
237 259
173 236
276 51
23 159
253 238
296 131
256 169
207 145
77 235
55 95
174 245
284 263
70 101
259 236
21 242
76 9
283 228
88 187
123 108
193 0
205 6
2 105
204 149
23 62
49 209
233 20
227 156
178 22
18 135
52 176
60 244
234 218
57 98
173 136
78 192
241 155
229 57
55 231
241 142
105 128
220 166
13 199
138 220
177 161
177 245
113 6
135 12
34 141
105 134
91 165
6 248
3 13
109 161
199 254
122 34
233 10
16 84
52 242
263 289
235 262
12 25
292 182
118 191
209 288
172 47
3 121
23 208
73 173
112 221
147 185
72 81
186 115
145 4
297 0
203 162
169 79
256 275
21 121
211 68
154 28
105 204
183 84
287 202
12 141
30 16
0 192
24 129
36 36
23 32
275 147
176 26
273 68
157 152
61 190
144 229
124 272
220 73
137 43
284 127
71 59
16 130
159 144
242 170
85 29
262 295
186 194
271 157
11 18
79 141
67 52
63 164
92 26
39 272
62 2
5 105
173 49
275 193
283 26
123 75
50 113
278 18
135 8
257 22
93 145
137 284
222 247
239 131
108 188
162 180
55 176
31 25
128 94
38 245
286 120
152 52
82 169
250 237
99 280
36 46
161 148
122 8
70 58
95 117
133 127
258 279
3 104
60 168
279 143
14 21
17 104
245 244
262 168
178 137
228 18
33 28
54 45
70 57
175 0
27 252
299 238
166 111
242 294
92 38
19 203
120 67
102 94
182 33
299 278
293 91
298 80
110 102
295 286
274 226
33 32
210 26
3 252
110 203
75 203
17 182
263 67
205 113
56 123
251 187
4 110
250 74
260 191
187 11
88 82
127 158
116 46
281 15
234 151
40 286
25 222
22 207
18 266
262 23
145 45
216 234
296 189
225 265
247 169
242 52
130 107
102 19
87 56
167 48
165 242
97 252
204 267
3 219
168 81
207 243
126 282
113 292
257 139
287 83
217 144
243 111
161 229
259 20
4 5
251 24
160 226
271 32
7 54
196 298
197 5
265 219
241 6
47 214
22 263
91 48
217 106
172 236
31 26
46 215
144 267
264 104
289 102
191 191
13 240
44 245
245 226
46 284
68 74
183 207
9 221
78 176
141 76
100 224
56 165
127 181
237 174
224 67
272 45
219 29
142 49
239 41
71 99
158 256
150 16
138 80
18 221
79 45
201 92
10 113
270 132
110 223
229 210
258 61
150 148
197 80
180 245
127 108
109 291
202 274
276 130
67 0
200 0
144 36
126 211
43 294
229 32
193 222
181 230
73 182
157 283
213 220
186 264
131 131
96 284
270 205
5 119
244 276
293 281
247 286
26 224
168 282
116 166
4 231
90 20
279 208
176 253
50 194
222 56
80 167
14 134
98 249
217 35
61 176
279 41
229 180
164 294
161 215
209 155
256 109
8 234
101 16
173 257
80 174
198 48
295 214
130 68
5 32
224 96
193 90
115 91
176 142
201 296
238 104
206 66
240 171
121 165
79 291
152 263
281 153
103 186
163 184
10 138
228 232
114 56
146 238
149 48
276 204
192 157
175 129
36 149
163 130
248 45
72 201
189 132
246 176
283 1
276 227
270 20
19 183
119 175
18 73
128 262
231 227
193 151
280 187
263 30
98 59
40 272
145 100
271 171
77 245
56 111
47 39
97 154
279 183
17 15
143 82
175 218
64 218
170 60
25 192
152 274
101 20
130 174
292 1
98 294
1 21
43 138
15 256
40 70
97 26
63 248
227 151
289 238
245 277
48 156
234 224
264 137
180 186
93 29
247 267
83 159
92 132
101 79
116 197
289 176
21 125
134 116
97 227
38 38
251 206
38 194
168 211
143 211
272 150
89 164
199 295
138 236
296 80
69 247
236 13
19 220
267 239
171 84
42 85
71 255
89 260
194 106
284 46
79 20
20 207
23 289
151 28
283 63
195 30
277 20
166 126
9 157
98 154
212 278
228 103
213 266
112 69
136 126
52 116
109 176
66 70
97 74
220 159
19 226
100 213
30 232
13 91
226 31
59 292
117 104
210 63
132 190
238 36
86 284
266 115
155 238
182 125
265 31
12 253
209 196
131 242
147 48
60 231
256 279
220 13
218 12
83 38
198 55
87 90
225 101
191 239
236 92
40 290
87 0
240 46
220 77
145 196
111 150
157 85
57 131
281 60
113 60
16 191
92 265
198 275
17 44
275 208
144 127
155 56
13 265
155 228
164 163
199 198
178 250
57 38
276 153
172 237
20 265
119 151
63 64
77 88
103 148
116 14
247 236
255 132
261 0
279 112
32 224
253 99
50 239
125 56
80 245
29 155
35 42
234 266
219 147
158 209
38 158
100 4
96 32
161 293
264 297
277 244
148 242
35 42
243 106
250 37
210 146
220 190
294 166
262 209
89 121
147 24
64 136
269 19
226 97
291 92
271 15
234 296
24 125
174 57
2 155
35 69
271 62
18 200
95 223
265 148
7 50
25 212
234 189
150 285
43 74
143 217
266 143
6 39
111 128
69 89
242 272
74 145
231 175
29 116
286 147
66 220
220 5
248 46
9 292
247 181
165 287
114 52
50 106
20 74
238 124
122 178
140 216
244 220
204 40
101 164
97 18
19 104
202 1
271 259
28 252
291 220
78 108
113 65
176 82
235 61
30 99
55 143
126 24
194 68
179 64
205 170
287 18
204 149
136 44
68 125
125 4
156 283
159 7
3 272
104 65
19 98
126 123
273 145
40 170
141 58
268 240
212 236
233 152
82 152
148 7
222 67
226 139
272 91
61 92
166 47
141 106
83 98
137 193
44 223
209 172
48 78
78 228
84 109
161 244
203 289
146 122
13 10
186 82
140 11
183 168
192 262
139 261
117 121
36 272
15 221
70 60
113 258
69 288
279 98
113 127
121 172
291 258
25 62
188 179
148 200
213 114
204 9
279 211
127 46
78 274
80 159
45 190
149 217
273 45
290 298
246 232
26 170
25 84
139 285
69 263
91 64
46 33
37 290
69 93
117 4
177 96
108 136
298 279
153 103
264 261
185 286
142 125
69 92
190 215
244 86
97 149
95 18
22 170
250 140
52 89
251 148
287 264
125 135
252 298
29 238
97 132
177 122
166 279
197 10
10 141
204 194
135 167
208 286
115 164
225 0
6 123
66 202
122 259
248 24
276 231
145 202
239 18
16 253
292 136
228 280
95 242
26 32
137 26
46 138
45 15
106 261
193 235
284 212
266 136
144 282
85 113
147 136
272 42
294 165
111 44
65 27
196 183
246 87
165 178
42 205
280 63
157 164
68 35
5 41
286 39
142 199
134 72
75 76
27 210
150 149
160 149
237 276
249 80
232 200
205 110
133 207
132 124
271 186
237 102
117 268
26 163
262 10
272 298
23 248
249 174
107 25
297 116
177 194
267 26
157 249
260 201
184 113
44 29
149 118
218 271
198 267
43 14
188 121
265 12
7 151
40 84
258 282
220 160
269 82
272 125
212 247
196 130
87 140
257 83
246 189
95 297
116 277
196 262
97 99
0 30
18 237
145 268
250 267
273 98
67 204
224 183
272 12
201 116
278 25
171 31
285 264
41 194
255 213
132 239
129 48
73 165
33 117
37 189
180 22
181 156
234 289
248 261
64 272
124 282
289 134
293 207
248 161
272 100
299 91
67 172
251 180
276 105
279 298
238 29
232 210
12 78
194 277
152 205
21 168
287 72
193 156
41 31
0 214
280 119
88 167
249 109
124 91
199 118
263 248
97 273
136 175
253 126
48 84
167 122
51 225
228 122
228 202
60 287
99 226
199 20
295 88
8 172
273 6
159 233
291 204
212 102
232 156
235 241
180 90
240 161
88 163
294 267
131 177
146 199
17 299
167 181
26 260
275 223
275 265
256 114
224 239
58 81
195 221
86 246
236 183
68 52
116 295
243 43
216 178
36 117
265 296
282 42
195 191
246 52
44 129
89 242
151 287
7 62
151 141
68 106
216 254
4 181
17 217
119 152
151 67
164 28
95 214
211 270
4 73
133 142
1 88
104 17
160 6
182 236
193 116
155 235
87 124
57 37
168 261
80 149
79 206
157 110
72 41
254 149
128 176
52 128
188 131
155 123
68 237
241 259
44 130
3 130
2 185
289 249
267 201
144 299
104 51
76 98
30 111
239 173
72 199
59 47
275 237
178 2
234 26
263 104
114 87
116 193
268 83
85 80
64 45
120 244
3 180
54 105
201 225
9 105
127 33
44 186
136 290
194 280
150 87
94 202
95 121
157 136
135 293
168 244
114 130
79 150
256 254
236 112
95 78
216 63
5 254
87 14
171 187
131 212
93 252
269 249
137 157
267 125
291 30
280 99
167 81
44 131
171 21
224 87
91 178
64 120
128 212
93 219
256 56
88 80
184 144
91 262
90 42
163 54
24 191
26 129
99 260
226 44
44 83
11 238
196 233
5 188
158 226
266 64
168 81
143 234
36 186
252 57
64 92
167 270
129 40
92 148
231 275
257 2
39 288
267 220
214 57
271 267
263 131
137 294
81 19
115 47
63 152
271 265
269 142
278 48
117 187
51 70
103 110
224 170
252 186
147 94
277 126
265 231
43 244
258 178
259 55
194 216
113 177
203 270
242 94
263 174
92 19
6 259
230 154
272 42
295 81
54 62
83 174
147 219
72 188
232 159
224 232
297 219
51 265
18 139
38 299
37 123
161 3
84 124
201 0
175 22
107 102
108 48
39 102
94 235
97 146
43 222
11 210
158 211
93 64
277 224
184 246
100 116
129 74
165 220
248 89
157 209
58 232
69 260
255 268
93 296
20 131
29 221
22 222
57 158
217 144
216 112
260 250
3 25
154 44
294 15
245 136
226 270
214 195
1 13
44 196
267 251
237 207
274 207
149 204
55 214
19 12
95 239
234 181
84 284
236 286
229 285
19 173
124 283
52 125
100 118
116 202
239 114
2 286
270 262
146 224
104 20
143 270
116 202
159 80
199 104
62 198
147 10
187 137
71 169
153 198
244 96
212 105
110 104
225 127
114 254
96 62
18 202
187 116
295 44
77 77
199 35
62 295
70 107
239 238
28 80
95 1
209 195
126 235
167 74
94 254
280 211
277 143
62 98
86 169
13 185
202 42
279 4
198 155
78 36
160 256
103 89
242 210
115 217
223 49
297 79
214 288
265 9
277 250
113 131
291 62
146 209
88 227
211 88
187 119
132 229
181 28
198 58
231 203
115 16
42 101
223 182
64 211
167 118
119 294
126 12
208 178
206 232
173 32
41 11
194 48
252 121
77 280
211 248
45 80
151 131
49 132
279 241
66 155
69 82
18 82
107 47
118 176
55 128
113 262
70 36
255 131
252 151
147 22
97 209
13 113
278 180
273 156
71 220
54 262
53 8
276 100
99 228
288 270
13 229
265 260
245 30
2 72
232 173
208 244
293 49
67 123
22 170
210 74
71 285
172 0
283 170
75 273
16 52
35 227
39 100
154 188
75 6
180 155
105 227
263 109
136 283
40 64
201 298
57 93
27 71
64 80
2 0
218 215
174 280
49 202
183 186
32 68
293 84
47 6
26 269
213 47
245 257
140 278
218 253
128 126
226 24
262 220
108 210
209 13
78 66
276 282
168 105
36 147
85 177
191 202
6 169
28 299
143 131
88 246
185 187
73 249
294 73
180 173
273 217
62 106
260 10
185 182
287 254
213 259
220 163
94 205
40 100
217 117
23 235
228 260
240 134
163 57
91 69
24 40
85 57
62 141
273 277
281 156
133 83
13 25
182 119
120 184
15 280
183 65
270 100
60 68
119 194
79 275
77 79
235 249
127 136
171 86
0 16
124 206
260 224
142 171
241 118
189 60
120 10
222 21
289 181
258 216
266 246
264 7
34 279
103 68
80 289
5 123
257 28
4 132
156 130
282 6
37 80
142 207
110 97
79 296
292 283
245 135
144 131
271 146
110 275
231 294
133 281
283 254
113 210
216 164
71 125
89 39
64 197
297 47
133 110
220 76
234 110
52 109
249 85
109 282
58 224
10 269
177 282
184 225
181 66
88 101
196 14
89 7
229 83
266 158
273 133
195 67
106 211
27 262
3 263
47 57
237 210
33 92
88 250
294 55
147 117
187 80
63 155
162 33
244 287
238 172
99 296
289 262
282 90
287 208
95 285
53 86
287 186
116 183
212 192
67 47
7 50
118 209
266 281
43 237
132 262
79 204
248 214
155 149
88 32
201 241
199 46
122 253
53 165
100 290
253 60
252 110
254 263
178 199
33 93
101 184
90 96
175 119
3 167
84 197
250 41
164 89
252 257
77 142
158 153
185 250
169 261
238 24
253 145
50 254
186 285
24 288
78 79
151 95
229 208
243 18
275 221
70 216
26 159
239 174
215 224
4 121
251 294
215 122
118 128
171 209
108 147
297 1
39 81
46 78
298 11
282 14
291 26
199 119
96 174
229 116
182 215
125 256
239 275
143 281
49 230
184 148
227 255
286 215
73 68
191 178
171 221
225 271
184 61
166 211
204 254
166 159
165 277
158 7
76 42
61 251
65 25
183 135
31 31
230 145
149 103
198 49
81 10
130 170
70 39
5 269
56 177
17 227
0 142
130 119
239 11
240 69
126 109
231 142
20 53
291 190
30 115
162 7
166 119
214 291
280 263
45 204
176 5
180 135
131 120
109 208
177 153
7 209
73 80
220 252
47 21
252 52
178 218
256 174
117 150
146 211
124 299
69 184
80 201
267 4
133 263
292 117
12 85
177 259
286 157
242 270
66 37
11 26
212 104
174 202
42 16
38 173
12 36
81 196
278 171
293 189
161 241
263 217
162 83
60 246
269 95
190 184
70 48
31 17
231 46
234 270
294 129
79 117
86 219
242 152
264 68
117 189
34 66
247 244
214 134
192 148
14 287
30 284
274 158
85 274
102 233
43 262
159 0
143 58
18 163
281 228
298 211
23 123
129 50
172 190
237 135
127 259
270 4
18 298
282 146
178 6
265 238
254 181
126 105
40 111
232 75
19 133
17 82
86 130
163 162
241 191
224 110
215 90
164 204
119 152
293 3
14 291
93 40
104 14
250 107
174 215
122 224
197 16
171 131
67 227
139 216
153 38
92 241
2 82
173 193
266 142
232 84
149 235
86 142
140 63
27 179
148 123
181 137
19 3
223 252
35 64
154 31
62 64
52 176
77 86
30 7
236 121
36 284
41 65
282 107
154 35
38 21
237 33
37 85
130 277
216 217
37 244
262 21
148 222
160 77
45 33
289 147
22 47
196 134
177 163
221 197
9 220
244 190
208 281
117 198
275 79
70 248
271 284
291 278
115 61
194 119
142 16
11 244
150 116
150 279
259 57
230 46
127 207
207 207
271 79
132 251
183 138
33 192
16 12
163 228
23 27
118 181
281 77
166 92
174 20
246 241
289 3
14 144
215 123
171 44
198 294
95 179
94 25
50 105
264 156
86 58
119 174
41 283
216 218
156 129
289 3
97 94
36 148
128 146
204 67
39 44
102 148
26 6
201 41
143 64
80 270
16 197
97 63
149 256
24 109
114 132
258 246
223 191
170 285
74 247
24 167
244 228
238 229
168 234
35 17
107 284
281 4
94 62
269 86
266 220
139 64
59 256
24 276
40 52
179 94
79 276
176 288
234 162
9 167
279 83
98 227
130 21
262 162
242 83
268 279
282 264
146 34
244 75
239 220
31 155
189 166
73 95
260 10
194 50
140 242
68 31
209 23
245 296
78 157
258 281
139 171
257 292
259 184
107 12
263 219
67 295
31 145
5 192
99 156
236 269
190 135
176 276
176 178
216 99
288 26
265 79
251 183
234 154
221 186
76 199
129 174
267 205
277 114
242 246
224 158
64 206
189 84
118 202
229 191
180 279
242 277
13 81
63 233
74 108
149 82
73 177
288 116
290 171
280 81
282 82
240 255
244 274
171 78
265 38
30 160
41 189
234 283
193 225
238 236
287 44
130 160
85 84
225 155
148 277
191 261
119 74
186 10
205 272
230 77
289 75
292 153
265 291
212 176
144 182
190 173
152 74
123 94
147 29
217 67
261 38
91 216
255 228
199 50
67 32
79 76
273 298
177 57
82 44
109 70
241 16
34 84
99 40
181 139
139 57
20 59
136 243
138 83
297 171
245 163
86 190
214 49
274 293
145 223
24 169
52 26
173 170
298 237
256 261
159 211
261 260
78 232
260 91
278 204
121 89
20 262
293 100
56 195
87 129
188 158
19 73
23 271
172 95
75 298
107 295
17 166
89 107
298 182
19 132
60 189
49 206
119 242
34 286
190 258
153 19
263 176
70 281
160 173
272 221
36 186
57 18
226 191
85 206
196 281
194 19
255 141
14 107
119 128
291 196
149 131
140 76
23 136
156 269
103 36
166 34
81 167
296 197
10 210
7 165
170 52
181 129
298 137
172 218
64 46
120 138
295 78
189 266
230 112
25 45
189 181
186 25
38 213
180 206
262 118
116 3
176 89
88 269
244 221
206 59
10 124
135 270
120 258
187 132
206 2
5 6
193 254
258 111
247 9
22 206
64 79
109 221
272 61
192 174
164 145
44 112
88 167
243 47
246 168
175 253
5 227
232 30
48 293
82 107
109 147
37 48
147 291
262 284
31 271
130 226
262 61
68 23
35 113
99 45
139 12
281 286
41 65
75 245
294 201
44 72
130 232
235 92
14 183
98 72
127 224
126 173
142 225
58 112
224 299
250 102
253 95
123 272
223 224
211 174
223 254
2 39
260 22
290 93
202 70
222 82
51 36
62 288
233 43
139 230
269 260
50 179
121 196
261 206
216 49
245 75
73 275
152 145
61 20
64 264
71 167
171 100
104 216
112 201
261 271
150 126
147 117
298 129
211 93
251 299
235 297
102 153
50 156
21 219
171 125
77 229
66 71
221 132
174 298
35 26
267 216
17 109
101 148
122 206
152 52
94 166
37 26
68 224
161 50
48 248
1 156
111 234
15 0
94 269
159 65
222 121
286 41
35 239
264 90
48 156
127 297
157 215
116 152
100 177
271 52
151 122
102 235
231 48
194 87
161 151
211 144
150 236
179 209
266 119
16 174
13 153
82 165
74 291
213 82
191 264
299 153
128 247
266 111
162 119
271 96
152 7
129 212
190 56
160 210
236 10
220 279
97 74
88 105
157 256
83 79
131 39
258 239
133 186
153 164
52 294
277 90
59 133
244 194
221 214
226 251
64 100
85 296
24 128
22 150
247 131
189 151
20 139
194 163
125 152
121 39
87 279
100 18
239 248
198 203
32 69
256 93
68 13
282 65
279 10
72 169
33 255
100 116
117 201
222 122
45 202
3 16
245 157
174 53
254 50
90 209
87 98
289 138
165 148
8 152
280 35
143 91
85 278
68 76
142 152
160 23
6 86
37 23
156 1
194 236
113 196
120 199
60 192
235 228
86 64
21 77
77 84
180 92
254 155
130 64
257 48
35 176
5 262
141 228
141 180
259 257
163 209
69 231
139 167
283 290
231 169
232 142
158 158
284 74
233 134
148 136
227 160
284 91
29 112
12 201
279 141
160 226
236 180
155 241
133 100
204 186
124 45
179 119
157 270
8 266
11 225
100 77
33 202
187 38
269 61
286 224
286 16
277 274
127 195
291 103
275 269
219 245
104 203
271 226
106 81
124 287
49 145
167 27
89 97
101 272
126 223
90 244
270 281
219 174
146 133
293 262
190 211
50 108
158 251
82 229
180 41
298 113
247 164
296 107
92 147
15 173
124 140
6 62
141 233
150 37
113 119
16 206
137 236
119 243
261 56
187 203
154 280
272 86
216 6
50 279
236 60
75 121
139 53
249 33
28 252
41 283
16 265
231 51
110 100
178 221
270 131
219 18
1 209
27 2
137 164
70 120
22 165
25 286
73 236
171 267
6 147
86 79
146 236
47 190
215 165
41 60
209 237
30 196
31 248
162 28
22 82
168 156
62 27
149 284
227 114
173 52
212 209
286 122
43 40
34 67
257 84
22 199
239 158
141 32
172 212
191 85
86 200
194 298
5 212
153 18
159 294
280 243
12 272
117 44
167 43
82 88
217 77
277 119
236 259
16 54
43 232
128 299
147 262
109 150
272 277
17 44
276 79
248 63
100 5
153 172
94 261
43 43
34 48
45 96
49 163
277 275
61 55
143 105
86 44
293 168
2 289
227 219
104 218
9 17
171 169
89 251
211 225
24 122
217 246
25 223
109 136
294 17
82 285
60 18
234 149
177 269
15 118
95 283
103 245
43 65
220 235
237 23
31 103
63 51
225 209
26 84
219 236
0 263
248 87
70 196
77 112
172 258
236 239
241 181
239 88
242 64
275 148
86 50
42 241
93 265
277 81
268 150
215 2
22 235
63 9
247 162
91 69
212 18
221 169
75 245
144 28
174 80
221 228
240 146
88 201
91 6
280 148
139 184
202 76
19 282
199 194
49 75
233 299
294 16
168 211
76 203
101 283
78 247
65 206
39 110
241 27
260 271
207 202
133 14
298 36
106 182
76 258
186 50
9 165
195 134
64 273
286 165
60 274
183 199
258 172
261 27
87 270
30 22
102 7
115 183
27 165
49 129
26 37
189 240
35 50
294 4
235 51
106 145
82 223
8 227
240 109
227 25
151 177
137 116
138 149
296 16
246 8
56 249
202 64
291 175
110 155
11 210
295 298
273 76
85 226
136 243
44 162
101 204
99 154
50 249
15 212
280 293
153 83
5 145
141 96
47 147
277 13
78 141
42 239
196 16
266 74
298 195
256 284
107 243
247 241
121 298
223 298
45 49
39 136
277 246
126 291
292 36
71 231
288 245
109 169
96 180
50 293
28 27
205 273
5 259
49 269
29 285
62 30
171 254
161 14
219 259
37 295
36 283
279 241
125 182
37 24
256 282
276 164
267 253
140 241
86 124
264 135
76 281
63 15
289 42
45 122
252 127
184 43
116 25
270 249
216 242
42 285
49 11
42 63
202 43
136 39
247 57
111 149
272 195
297 107
231 99
18 68
192 95
32 171
250 5
273 0
150 153
172 227
150 142
173 269
284 80
58 147
111 9
261 54
28 182
172 125
41 267
260 281
244 186
168 43
176 183
265 95
53 163
193 260
144 15
103 184
92 94
62 2
261 295
89 214
3 42
145 100
26 98
243 184
92 5
284 247
176 194
130 226
65 3
45 211
68 108
5 55
97 234
127 15
233 109
13 202
297 25
52 186
217 246
144 58
114 228
294 89
230 222
281 232
93 49
279 36
112 264
107 258
258 263
204 167
28 13
26 82
72 7
272 6
284 97
196 122
191 266
261 206
0 120
26 272
10 54
125 246
117 148
50 131
128 198
231 117
54 256
154 252
47 183
104 290
55 235
121 62
272 43
247 56
67 232
242 107
93 22
7 189
74 114
272 11
51 7
238 197
30 240
29 145
186 164
286 247
34 281
23 167
204 120
7 97
191 48
143 140
146 270
87 92
34 279
248 52
80 173
85 128
240 187
33 60
268 89
292 132
23 49
85 62
123 74
279 125
298 187
157 185
183 242
230 101
67 71
28 204
13 17
270 118
30 170
283 286
188 205
156 202
11 47
160 138
226 65
63 234
44 256
85 206
206 52
280 17
251 202
286 172
201 170
259 74
80 236
26 150
197 115
216 290
49 276
281 18
62 25
57 120
246 38
31 220
40 296
34 223
207 278
218 249
138 94
86 209
273 106
283 226
153 6
201 17
261 220
209 9
184 35
133 229
64 33
237 207
70 189
253 161
187 92
178 11
1 257
92 38
36 250
12 297
238 146
184 123
227 47
223 172
65 113
134 180
6 263
142 52
195 112
112 177
277 22
142 153
7 117
220 142
153 193
236 220
200 61
226 129
87 254
201 21
62 140
58 161
136 59
86 203
287 228
115 138
173 201
64 37
47 234
153 74
172 208
74 63
10 171
18 202
289 129
123 274
29 180
175 250
245 82
224 0
116 71
97 136
288 154
214 42
248 119
208 181
21 277
108 49
78 45
108 88
58 13
92 56
188 165
171 195
42 263
196 216
183 124
20 236
219 40
69 104
0 231
158 23
61 267
228 74
48 216
149 172
159 233
66 10
39 238
106 128
277 107
89 199
256 76
91 196
10 160
248 129
148 154
262 124
78 296
169 73
224 77
208 236
291 194
127 179
71 230
244 136
23 153
54 115
296 261
129 280
68 297
259 61
182 33
223 280
0 213
80 35
155 276
253 10
30 81
68 131
66 36
66 150
167 241
78 153
61 225
177 37
201 91
140 240
121 50
286 174
48 279
165 250
49 114
145 198
289 51
145 175
248 116
159 229
257 74
50 122
51 38
67 295
80 75
111 209
178 124
198 273
225 202
188 94
181 184
111 202
295 259
281 8
161 172
195 255
259 211
270 86
173 200
161 215
266 236
165 42
4 265
259 125
111 173
228 196
186 39
50 127
54 128
62 144
204 75
3 32
86 299
97 161
64 68
201 1
204 179
102 74
274 186
34 245
102 109
28 79
143 209
78 268
187 207
271 217
244 248
160 201
194 272
83 187
257 295
180 54
204 255
40 209
143 18
242 175
140 132
43 39
48 203
297 7
109 218
162 120
153 6
274 262
224 253
69 38
220 298
282 54
224 270
287 103
0 27
262 112
1 225
212 198
64 95
104 94
29 128
283 64
199 107
71 38
187 121
172 123
290 255
11 2
212 213
55 106
5 211
213 176
152 59
167 13
141 275
163 86
250 221
104 162
170 81
232 231
122 112
276 271
10 185
207 270
24 39
52 177
142 200
238 77
155 267
267 47
293 132
56 279
135 251
166 14
233 41
92 22
183 160
261 113
29 142
213 141
284 154
202 65
285 116
267 267
152 76
32 297
122 269
113 266
240 30
292 256
293 5
37 26
96 174
20 96
150 143
211 78
133 119
171 217
75 2
257 23
101 296
14 73
239 64
162 274
142 18
11 157
96 3
217 1
89 63
120 74
50 11
158 28
95 258
110 286
232 179
122 233
231 205
223 77
60 45
211 2
290 247
14 87
263 24
246 7
281 146
225 150
204 231
226 68
152 289
215 184
249 167
263 36
135 107
36 52
204 107
98 9
13 43
185 186
191 48
166 262
186 177
11 69
63 70
194 214
295 192
272 8
37 112
44 196
141 183
286 220
264 137
172 63
44 49
121 214
233 105
221 290
82 194
93 124
8 148
95 295
226 261
108 23
7 27
233 31
177 245
180 115
143 172
31 139
13 104
200 251
91 49
174 47
155 159
141 94
98 35
254 267
168 32
74 253
269 54
235 94
186 5
194 198
121 103
42 70
162 276
17 166
185 221
92 163
58 22
220 124
172 256
51 171
221 176
171 136
49 77
72 97
44 72
269 93
86 257
62 166
212 292
182 226
80 85
102 105
126 286
29 264
183 206
56 144
159 92
109 82
113 23
158 7
189 204
81 81
282 58
152 213
67 182
232 259
133 274
96 50
259 221
239 101
125 153
261 251
95 241
107 149
134 268
161 168
144 251
288 12
0 149
51 234
63 297
280 192
275 220
31 39
135 178
267 267
17 95
47 274
236 178
205 122
202 170
77 207
82 87
263 235
32 160
233 218
257 144
204 112
169 43
63 18
40 150
106 167
15 9
257 153
2 3
4 42
105 156
6 220
59 2
80 74
53 230
250 23
88 140
270 117
135 131
237 208
41 146
130 142
212 260
185 166
280 63
266 214
273 61
94 234
15 67
168 123
240 221
66 58
210 67
197 284
235 176
210 221
48 225
256 92
59 294
291 231
130 259
258 221
229 295
22 202
218 266
38 276
106 235
197 208
109 204
58 189
98 157
255 87
106 129
42 235
243 143
121 263
172 140
173 110
264 159
106 168
280 94
235 227
110 10
3 48
269 65
100 81
280 177
216 292
80 154
69 55
113 116
287 28
189 275
240 140
86 64
28 222
282 128
289 0
234 267
184 284
81 275
13 212
254 22
237 291
71 50
263 17
283 178
298 20
287 280
111 28
53 184
156 160
174 26
262 135
249 220
184 240
98 15
96 116
259 17
42 219
23 115
167 262
133 89
76 254
287 239
19 252
111 126
277 94
279 183
68 265
234 294
191 99
9 181
149 287
66 34
110 197
221 50
81 95
40 235
234 150
26 90
38 173
168 87
77 289
80 146
87 267
298 77
285 95
84 61
34 119
272 68
286 173
281 79
143 193
203 199
178 180
175 157
180 228
176 146
167 198
186 186
200 201
169 226
227 230
188 191
94 196
84 220
208 82
124 28
280 277
273 67
145 229
23 181
177 254
147 244
7 43
153 18
165 64
263 47
236 66
218 77
147 72
187 84
55 217
54 158
279 242
77 160
140 255
137 27
221 222
284 71
239 181
263 64
228 231
121 283
283 154
207 158
176 116
138 121
256 136
34 142
175 291
188 174
288 174
269 177
66 257
39 152
29 175
82 18
23 30
20 219
165 193
167 91
268 47
210 59
104 49
102 65
12 182
218 82
48 207
195 150
101 219
52 40
33 261
208 90
75 220
158 252
208 258
36 183
129 175
76 99
174 229
218 82
149 201
84 108
276 190
44 280
72 244
225 134
119 240
140 288
226 243
23 22
40 26
166 17
179 149
24 266
204 24
127 201
240 250
147 140
31 241
279 150
237 211
237 16
293 224
259 184
288 34
14 254
44 244
294 211
192 166
259 190
160 213
117 15
213 1
98 61
74 129
97 105
213 282
191 254
93 191
256 123
279 268
42 126
101 254
132 94
270 85
298 84
71 91
264 284
240 182
162 225
236 157
265 138
184 3
195 282
61 9
131 12
26 84
261 244
89 46
287 124
191 278
140 250
71 201
208 8
211 100
157 205
241 198
94 190
141 125
40 299
85 252
44 164
288 244
241 254
265 114
97 8
196 169
149 222
128 59
85 222
207 68
106 108
166 56
258 281
176 98
142 208
47 268
137 185
266 205
207 24
74 111
241 94
248 67
171 2
191 72
28 270
22 133
266 33
293 214
190 284
40 202
229 199
79 295
86 69
195 120
221 157
92 44
134 234
172 220
139 95
121 61
146 78
160 15
34 207
204 191
193 148
263 290
81 226
262 240
112 281
47 220
87 73
190 32
261 156
49 29
72 165
213 43
5 292
203 107
202 258
243 92
83 107
279 156
50 286
235 160
96 254
154 230
120 148
287 172
120 5
208 285
13 276
269 15
173 258
184 215
257 12
37 265
28 207
215 163
29 201
286 80
242 59
257 68
221 77
88 112
129 93
25 43
96 112
193 198
242 256
21 185
160 4
241 82
115 137
12 29
233 95
84 78
215 112
44 225
266 116
67 233
249 173
44 39
152 168
151 283
61 131
203 234
279 248
90 76
88 204
137 223
189 25
39 293
265 76
141 214
223 257
207 55
80 127
13 246
291 281
3 284
97 39
26 286
127 246
129 19
285 233
288 247
167 254
124 176
186 155
211 275
118 297
277 263
221 49
282 125
229 135
198 291
44 249
216 144
112 183
72 95
47 282
45 293
146 252
140 228
269 260
233 19
217 286
147 126
81 227
22 16
280 218
100 67
152 229
85 214
123 158
214 173
152 126
145 264
189 152
97 47
230 44
192 136
90 124
275 233
228 148
174 20
275 85
72 15
8 92
59 238
71 85
66 202
95 191
265 122
72 39
290 62
63 262
175 32
20 230
112 277
168 74
297 201
279 33
274 96
114 6
204 35
64 58
93 43
82 120
172 255
4 42
109 109
187 167
72 74
61 116
55 270
98 295
281 84
230 55
14 232
214 198
60 282
37 52
43 178
145 134
178 42
268 242
222 157
208 184
193 21
182 97
203 8
26 149
161 266
189 7
160 130
173 164
62 37
143 227
179 218
106 26
111 8
273 44
110 1
38 86
164 256
113 175
200 120
196 33
28 249
99 269
28 82
232 289
45 207
157 132
24 96
4 159
3 0
272 184
225 152
47 218
160 90
203 59
84 243
14 233
26 13
26 119
268 254
214 33
253 207
187 208
95 167
28 220
84 275
59 32
57 42
234 224
179 41
137 13
206 273
4 47
133 114
92 86
29 123
274 200
95 3
133 168
93 86
182 36
162 8
45 27
229 239
72 147
68 202
219 75
133 193
0 277
293 78
286 36
296 198
179 192
216 39
111 226
289 264
51 193
46 12
198 183
93 154
256 235
227 250
62 93
229 140
128 166
190 233
1 264
178 89
279 267
159 128
295 192
70 74
219 227
272 104
166 264
13 252
176 265
15 259
267 33
135 0
40 258
95 123
217 258
12 175
107 143
192 75
89 252
267 104
39 72
229 155
54 200
208 296
100 251
178 160
298 108
276 148
128 246
219 172
217 67
12 239
292 167
113 55
288 210
277 198
180 100
246 27
245 244
6 86
189 140
95 126
120 290
52 273
169 3
274 163
45 114
291 61
153 6
114 108
85 180
140 116
148 56
256 90
122 126
288 230
132 288
188 242
204 41
150 232
298 140
219 264
50 154
218 158
127 104
2 195
153 280
178 87
71 227
263 83
291 62
138 28
84 219
237 82
286 91
204 20
235 217
208 121
244 237
199 15
245 209
175 207
139 63
54 270
133 206
269 56
175 282
80 93
175 277
144 0
49 235
123 73
142 178
65 87
190 154
39 298
233 240
220 196
82 221
45 197
185 36
135 56
37 273
223 142
263 180
192 250
137 169
8 40
231 235
34 38
1 146
129 135
244 188
25 226
222 121
15 218
9 64
1 149
116 120
67 68
74 170
171 100
114 270
223 288
161 11
194 190
217 49
283 167
178 231
279 233
55 219
276 42
56 61
30 91
113 223
195 215
223 90
285 177
78 194
130 48
247 176
175 238
194 63
181 226
269 226
261 155
11 292
174 45
3 244
64 126
237 73
155 232
228 236
188 292
200 126
166 81
185 43
121 215
237 130
208 142
25 17
120 172
16 239
247 216
172 228
274 12
214 30
33 171
142 233
218 265
109 147
218 57
265 107
27 48
195 54
147 278
290 115
1 195
27 296
80 5
9 271
44 261
298 73
215 78
242 284
178 242
154 12
56 173
197 173
56 146
246 233
85 57
2 267
274 189
9 15
37 88
78 76
94 265
281 185
235 99
145 53
194 272
1 85
139 265
130 294
148 158
73 226
211 78
265 178
52 70
100 121
113 171
189 241
259 184
290 248
197 187
204 9
74 168
13 221
266 122
16 137
296 273
203 290
207 220
51 116
263 167
227 71
3 162
33 86
43 273
279 92
280 94
151 230
186 60
201 158
2 192
177 47
288 221
135 278
187 49
193 257
129 209
99 87
10 55
1 114
22 30
34 166
66 173
47 121
165 49
34 149
168 256
238 131
138 252
254 246
243 122
210 20
213 171
117 128
107 18
236 285
77 60
195 182
269 14
247 257
115 185
111 80
165 205
234 207
137 179
115 53
48 199
174 140
107 85
223 241
101 40
293 153
162 128
76 10
42 83
10 52
127 233
224 203
174 23
214 78
175 126
29 200
289 23
40 61
96 52
294 194
35 75
7 191
206 204
166 18
193 288
95 273
292 47
27 128
288 162
27 179
277 9
276 38
286 15
5 37
25 114
149 82
168 68
194 144
15 144
8 70
28 31
7 111
258 214
76 8
133 143
275 253
26 196
104 170
163 183
253 157
119 131
181 7
163 242
25 269
135 176
241 37
5 68
266 68
81 98
165 283
53 238
262 61
49 277
233 60
13 129
165 180
258 198
95 265
272 75
174 195
282 204
32 262
277 294
234 276
272 21
256 247
106 192
155 90
284 117
162 113
216 99
24 85
209 193
202 174
49 152
27 70
102 2
249 146
299 48
162 297
228 193
124 100
10 31
50 31
245 32
10 281
18 259
115 251
208 286
95 111
291 267
223 33
185 236
244 203
197 82
272 68
193 269
183 97
120 159
76 244
114 275
11 48
152 223
219 31
135 30
49 268
62 169
247 143
226 59
99 226
129 93
271 263
200 71
9 5
35 33
2 208
200 277
158 222
149 176
65 84
93 51
196 261
62 140
132 256
14 114
7 234
114 30
153 292
155 13
127 183
178 202
24 59
116 278
230 144
200 91
189 255
277 154
126 13
149 273
202 272
227 267
156 78
79 136
299 141
100 250
244 248
125 211
43 180
200 134
2 219
243 183
227 20
56 282
124 135
294 15
173 115
118 115
43 182
227 30
0 124
103 82
247 277
285 252
209 200
158 191
111 115
49 241
186 288
25 215
223 253
172 36
209 30
2 32
28 31
116 276
76 228
65 42
76 64
257 243
26 186
59 124
111 60
248 41
196 207
20 79
235 153
250 271
234 41
279 34
188 20
2 83
209 296
294 39
100 177
224 279
64 43
81 213
186 259
191 64
49 261
43 159
63 102
197 17
287 176
149 57
10 14
175 64
234 94
10 16
42 242
225 190
80 10
78 60
248 122
246 166
203 227
137 217
163 204
116 138
212 171
147 86
137 217
75 275
83 52
168 177
30 224
116 194
22 181
138 96
141 80
163 225
44 289
163 120
19 121
277 8
191 231
33 161
113 84
230 285
191 158
168 30
5 255
291 259
2 21
242 203
203 9
139 128
99 201
274 173
82 254
17 126
45 10
181 112
55 241
69 177
225 214
231 236
285 7
203 87
96 164
288 145
13 249
182 99
158 144
22 4
64 268
55 265
274 259
291 155
130 245
84 168
40 106
182 101
98 222
30 140
65 56
160 192
48 201
176 177
284 247
191 270
244 11
22 220
7 127
132 93
44 22
261 58
264 220
184 91
193 202
231 282
204 173
211 86
276 134
32 19
27 135
293 233
200 54
104 96
252 258
117 47
225 274
54 150
282 290
71 238
284 271
215 236
228 204
6 158
37 229
168 186
106 223
221 178
2 267
166 262
1 12
111 290
107 73
84 4
151 105
257 33
64 278
79 224
263 40
121 208
37 133
182 163
210 134
252 262
140 75
28 276
229 284
58 274
298 92
230 45
75 86
193 275
212 266
105 98
16 212
78 28
182 273
61 257
41 170
120 175
298 58
158 53
48 42
46 130
39 33
159 189
143 150
178 79
47 204
295 172
113 105
232 172
288 91
91 205
221 21
117 270
75 201
13 195
191 263
116 90
177 147
261 79
114 8
155 97
108 32
33 68
135 232
90 89
59 87
182 293
180 100
104 262
297 88
201 71
59 270
286 64
269 272
177 204
177 241
103 145
271 178
119 126
7 176
226 275
279 112
290 94
127 120
56 53
257 292
258 192
101 135
1 212
54 156
185 59
42 117
150 83
254 225
234 69
255 245
225 58
162 271
44 65
118 131
110 295
124 60
54 189
167 171
78 280
293 220
10 123
148 211
28 78
215 47
118 232
271 45
272 130
215 248
162 51
8 153
74 183
255 182
243 13
291 94
244 102
105 109
70 26
181 297
274 261
237 248
262 145
123 123
193 231
299 211
1 137
81 110
123 113
13 56
124 137
221 270
250 218
154 289
283 170
237 195
109 47
233 227
35 292
163 33
39 203
49 27
0 165
89 244
198 149
86 186
40 79
104 29
190 179
96 132
41 272
150 11
84 294
145 70
207 207
291 267
226 286
98 162
102 88
128 274
46 5
172 118
0 206
134 215
108 247
268 37
183 174
135 111
7 19
195 170
130 28
23 14
0 293
297 249
79 231
59 251
283 99
94 172
253 128
245 38
146 270
2 242
192 176
257 79
187 149
221 206
134 80
219 154
284 117
203 94
18 279
237 66
210 28
81 17
204 144
91 36
286 215
15 73
60 175
247 37
88 227
281 124
171 230
48 26
115 170
249 90
158 68
283 226
141 22
297 116
149 227
186 272
112 252
35 94
266 111
220 130
113 279
178 295
112 288
274 166
292 11
55 206
213 188
175 177
109 298
1 225
249 246
194 223
45 22
92 111
96 88
25 48
145 71
174 137
238 62
0 148
203 133
222 127
154 158
121 141
286 183
166 151
209 295
235 290
200 139
129 209
141 280
70 178
48 238
25 122
213 177
58 18
149 179
283 90
16 285
295 45
40 255
273 244
192 81
132 238
135 94
231 23
214 218
101 251
248 3
31 166
261 49
97 77
24 45
195 270
284 105
267 41
127 127
183 78
61 108
285 264
233 6
230 224
220 206
56 157
221 164
260 117
7 145
277 233
93 77
154 196
173 108
88 124
256 297
39 295
114 22
276 285
35 40
179 21
162 155
232 167
95 253
133 4
262 269
165 25
121 154
281 196
173 291
294 29
216 204
282 171
200 238
19 159
264 23
54 67
126 98
218 271
40 195
233 152
55 37
39 2
102 219
266 47
105 221
214 195
211 122
253 291
281 242
91 186
188 178
157 234
56 232
298 68
112 263
297 213
127 3
206 190
101 50
119 264
70 38
254 140
260 23
229 246
150 83
90 158
292 126
252 276
264 95
123 88
14 218
291 224
223 124
27 299
3 205
86 211
205 240
295 169
213 242
136 132
113 123
171 48
133 16
229 111
146 50
240 93
278 28
235 115
215 213
142 42
119 94
113 139
203 244
219 243
38 217
27 201
3 161
181 104
63 101
259 13
210 237
62 277
221 72
1 136
58 239
146 285
218 195
75 106
13 196
70 25
176 68
36 18
162 207
122 94
12 52
237 239
114 259
230 245
237 225
295 199
52 224
161 80
75 33
83 249
137 274
145 68
215 123
134 86
106 222
111 25
107 8
151 275
177 238
139 194
292 149
129 130
192 161
256 183
237 295
42 212
184 163
8 128
127 190
222 219
29 44
111 293
266 169
251 179
22 210
58 143
186 29
100 21
9 129
13 49
190 20
121 93
270 263
161 76
17 263
75 128
170 105
150 198
29 207
192 66
82 203
289 176
106 115
122 247
178 35
240 50
129 166
39 77
169 52
42 36
292 2
104 141
37 107
115 233
192 286
116 97
186 222
14 196
72 284
123 272
38 23
169 13
46 72
277 19
79 165
221 259
182 269
200 184
183 2
158 66
231 70
164 249
17 45
107 147
170 181
147 21
70 22
219 127
219 104
76 55
279 164
180 1
71 207
209 181
38 277
141 100
5 95
59 75
211 128
247 213
89 93
107 276
266 213
143 295
290 8
268 207
18 8
36 25
103 294
140 230
29 66
281 268
193 71
192 172
123 228
260 268
258 273
238 257
54 263
233 262
266 87
201 279
154 109
189 146
166 197
212 30
94 130
283 292
279 158
41 90
287 165
142 204
198 217
97 184
72 64
105 117
253 102
227 191
51 149
68 185
10 184
214 166
44 237
200 111
5 182
7 283
142 223
107 164
284 198
50 110
136 63
156 2
183 136
192 267
299 126
245 142
219 116
293 251
293 237
271 267
291 246
46 236
284 192
224 171
169 77
86 47
92 204
209 31
235 87
139 210
180 75
164 38
69 233
168 142
134 170
299 69
80 151
155 19
77 243
281 19
74 140
204 140
80 9
284 66
157 267
132 247
134 202
240 201
144 141
33 66
153 273
284 94
158 13
151 110
203 214
270 162
95 63
13 184
25 124
123 99
192 97
14 267
199 161
11 113
46 150
179 298
192 183
69 58
288 204
10 264
78 21
88 205
38 3
1 66
35 288
142 198
207 284
9 269
189 147
204 52
31 2
212 149
135 203
110 85
130 148
163 22
243 230
16 254
98 140
156 45
22 270
38 267
13 156
199 280
241 77
135 227
16 8
87 242
277 280
117 65
211 22
37 124
105 35
42 30
220 47
135 118
168 77
262 99
243 264
267 54
127 170
20 179
241 116
89 281
288 281
187 294
272 291
125 54
54 40
140 158
171 145
204 49
291 273
274 249
205 235
121 172
260 80
205 146
236 10
230 55
271 188
203 97
208 203
252 212
10 17
107 14
135 38
145 22
84 217
107 199
75 35
81 260
141 5
64 271
99 203
205 21
129 103
238 14
82 20
150 124
220 35
296 124
174 281
187 67
17 27
175 277
120 296
270 205
157 232
222 80
285 3
235 54
91 266
39 244
106 187
205 12
236 226
24 188
272 299
45 10
226 44
271 191
20 259
9 271
249 237
248 80
70 11
32 298
285 22
216 159
113 86
147 149
253 35
80 191
125 234
39 22
176 224
295 67
273 116
247 116
24 150
147 1
217 112
38 7
3 279
226 171
66 212
297 106
202 282
274 39
13 296
266 205
133 67
132 136
244 27
184 278
169 88
112 193
51 4
183 272
163 240
106 42
56 291
167 105
50 68
262 100
285 249
121 116
271 295
199 149
142 68
204 151
206 206
13 204
221 156
31 240
75 136
148 89
277 194
170 234
244 107
294 107
104 171
146 201
72 42
27 195
128 260
270 38
215 88
280 211
39 163
65 143
194 277
65 263
256 293
267 84
209 281
262 79
141 62
112 14
32 106
211 67
35 36
241 156
219 3
216 91
136 177
23 26
89 44
71 274
36 241
119 202
264 27
289 211
64 204
88 115
15 257
93 143
199 6
34 123
161 159
156 261
208 12
258 198
259 9
50 161
213 126
186 277
271 72
89 97
120 170
5 163
138 223
34 268
282 42
293 97
134 61
124 246
30 235
144 88
253 219
9 82
72 146
270 176
32 298
219 213
219 294
139 75
292 168
36 247
278 218
291 56
286 230
83 11
168 182
261 204
76 190
216 143
261 32
89 219
150 50
236 29
267 188
254 234
165 29
81 92
231 70
257 261
75 36
60 171
167 44
249 215
38 114
120 130
133 21
113 30
21 16
273 247
248 62
109 7
167 204
180 70
275 224
272 187
105 205
142 270
47 106
161 107
55 211
8 190
107 138
92 101
237 98
298 272
102 216
299 62
63 260
129 169
111 126
123 3
68 262
42 295
26 277
249 96
70 242
242 142
177 229
37 179
58 207
71 222
156 58
268 67
88 293
263 160
270 15
272 289
74 152
276 251
179 290
84 145
149 229
174 189
277 130
27 82
1 67
7 218
58 120
45 105
9 217
47 179
223 19
207 288
45 175
183 5
292 290
282 185
282 16
141 279
115 133
100 130
260 264
230 159
206 93
130 247
80 214
235 151
299 168
232 85
99 3
41 174
52 107
124 234
52 290
199 112
197 273
3 82
82 280
120 238
138 31
93 234
148 266
179 78
21 16
111 238
57 150
231 235
220 265
48 214
250 127
210 159
33 206
174 265
39 193
141 64
53 147
82 285
267 1
171 103
117 98
225 295
171 141
36 176
63 5
10 66
277 149
91 247
184 254
181 148
44 285
145 175
69 165
92 267
62 254
178 296
185 40
246 274
185 158
42 149
298 292
198 31
278 283
92 105
202 81
16 31
129 89
74 114
159 159
245 2
85 118
236 279
216 219
206 228
28 260
256 260
78 130
113 51
296 287
163 120
91 47
41 37
24 156
9 38
292 107
254 170
128 3
223 270
198 170
285 105
240 127
115 112
169 265
286 18
10 78
178 299
149 136
194 187
6 264
227 17
67 243
204 145
156 245
198 35
56 84
256 17
108 269
23 263
83 137
72 149
213 170
95 263
198 9
293 68
274 281
272 153
106 11
27 145
265 182
280 224
274 134
106 151
264 115
249 251
244 64
139 19
213 294
192 277
274 264
44 262
106 59
95 158
19 94
152 209
49 78
288 144
260 11
202 136
274 297
254 59
56 69
127 42
27 152
220 223
148 104
96 131
95 45
191 55
150 291
108 3
212 81
85 158
31 153
249 194
253 286
43 175
276 284
90 25
252 123
241 49
193 74
32 161
144 18
226 226
273 34
172 233
193 280
140 22
254 253
293 29
174 292
41 88
229 296
68 144
113 240
73 110
78 286
172 209
172 32
53 160
14 132
41 171
7 284
173 140
193 57
181 285
16 98
58 245
42 248
257 119
37 261
48 47
39 139
45 164
19 274
10 73
204 215
243 151
156 86
138 198
256 155
256 34
115 148
7 21
265 59
193 259
274 105
75 166
134 112
272 89
282 297
10 189
244 250
166 266
272 227
141 226
13 59
65 245
229 161
216 245
208 214
16 86
136 106
217 219
68 150
268 281
28 46
158 194
278 24
240 126
92 228
81 216
298 61
154 103
272 107
201 191
27 150
166 45
14 224
234 207
239 252
171 146
107 261
236 19
235 224
257 253
174 259
299 243
116 172
0 32
286 249
88 298
229 9
32 254
162 160
207 121
219 225
101 201
204 125
223 106
286 294
200 229
63 73
221 119
9 203
254 299
145 229
222 112
124 36
185 86
274 50
58 256
5 86
149 168
57 53
227 195
204 86
255 204
112 78
151 181
17 149
83 63
67 28
90 144
137 108
264 197
0 136
113 150
173 13
240 134
283 182
53 21
82 297
27 47
162 62
252 27
203 83
171 78
185 204
14 147
292 77
230 0
230 120
292 124
23 177
128 237
18 121
97 167
29 127
121 132
250 85
194 206
120 29
230 202
170 298
187 73
76 187
276 271
24 98
245 199
282 62
226 100
202 172
24 178
38 33
270 285
39 66
46 196
113 235
26 83
140 247
223 194
249 152
80 187
171 111
103 296
238 6
181 122
84 146
191 231
75 200
51 176
193 282
122 97
98 115
83 34
164 101
225 118
189 293
115 106
215 284
111 195
10 279
175 152
45 292
196 20
159 156
187 37
292 215
191 112
11 176
76 217
85 29
259 59
284 277
19 73
78 114
293 188
269 41
39 247
71 112
285 123
64 21
168 162
97 108
122 267
46 149
293 133
223 268
149 36
15 228
243 288
133 12
245 167
129 259
23 66
276 207
207 214
266 276
115 283
84 36
85 85
59 25
276 42
198 11
257 228
288 103
173 7
218 60
275 106
103 207
199 275
87 230
34 295
155 230
42 135
252 284
172 5
57 200
246 82
260 255
74 169
272 177
148 127
193 160
33 159
18 114
289 257
225 102
49 112
40 224
298 0
182 30
154 43
256 44
151 169
42 78
166 182
195 252
43 160
41 61
296 284
117 126
199 154
128 29
157 236
13 229
167 82
109 170
229 270
223 202
202 172
211 40
252 69
13 20
289 171
66 55
80 35
126 110
276 190
285 164
55 65
18 247
251 91
29 16
160 204
239 274
104 271
65 41
165 87
66 149
48 46
91 103
238 134
243 240
174 31
165 277
166 258
98 164
126 230
42 182
223 269
163 37
215 259
207 11
5 85
245 6
296 34
241 144
40 154
155 38
129 200
135 236
176 73
92 125
195 280
180 48
109 103
262 165
232 249
115 169
258 138
219 179
126 62
291 249
213 230
185 14
1 61
114 103
19 293
99 215
239 110
101 28
254 133
270 196
188 109
51 67
259 119
259 244
111 289
89 281
196 164
21 147
15 135
137 105
295 237
271 113
137 219
270 4
81 58
106 99
236 222
17 97
214 209
270 55
36 269
215 135
233 142
252 81
191 59
93 15
122 201
123 112
280 42
256 44
102 276
95 250
73 22
70 299
268 296
234 84
236 286
253 42
210 21
236 102
119 74
163 136
250 217
155 249
276 83
238 142
24 289
91 56
161 142
266 123
32 272
271 8
146 24
264 86
184 166
208 23
128 220
229 224
122 207
122 229
79 125
235 7
206 60
174 283
142 260
176 220
184 226
142 133
273 236
125 122
138 135
212 42
1 118
278 43
249 44
163 72
59 17
141 219
130 97
236 185
62 240
59 230
217 212
223 90
248 282
57 277
287 263
103 293
214 81
228 220
10 221
129 249
197 103
209 195
252 133
65 67
114 23
156 240
170 152
174 216
122 186
265 135
111 264
165 173
42 135
124 36
279 95
266 206
171 11
44 8
56 45
231 221
107 235
19 102
91 228
143 109
59 202
14 252
170 50
218 176
204 96
177 203
147 240
221 279
201 74
296 296
241 204
15 262
279 287
76 204
227 6
235 6
117 23
98 51
203 221
121 59
112 196
297 190
101 44
131 10
72 219
94 0
189 233
114 73
176 140
127 83
277 0
9 125
75 263
30 281
164 37
123 177
54 257
11 134
219 275
217 192
210 21
285 119
222 232
95 228
9 100
109 291
291 156
11 7
223 88
236 18
148 139
64 78
118 208
140 257
30 202
235 141
107 98
64 96
118 107
245 290
4 286
174 126
16 103
236 194
272 266
32 205
75 272
150 264
258 57
75 217
99 54
40 255
148 248
57 244
49 99
241 116
241 87
299 240
242 27
60 81
266 260
56 284
80 203
297 145
22 278
20 92
247 295
49 89
283 177
222 148
74 88
165 26
89 258
46 204
5 144
109 250
138 97
258 104
66 272
76 170
278 85
187 30
163 32
198 156
142 138
162 121
143 170
273 8
107 238
14 28
70 195
140 92
124 199
286 240
252 215
228 112
238 18
29 163
98 241
81 98
27 277
96 147
19 147
109 107
288 256
65 295
282 232
250 213
95 82
7 140
130 106
193 276
51 102
263 220
56 237
186 168
64 286
42 36
30 156
25 52
232 75
27 237
135 56
41 146
252 123
255 196
99 61
234 263
279 293
259 180
218 205
242 165
66 231
219 88
66 292
201 232
38 115
293 8
260 234
218 190
41 93
297 239
110 267
80 118
117 23
224 41
55 167
113 150
109 201
219 100
260 210
36 45
21 192
16 298
234 18
122 199
270 226
135 253
295 175
82 189
13 82
219 256
221 92
222 214
64 170
11 43
186 194
235 26
260 231
180 294
90 161
50 220
261 79
92 290
115 243
94 264
7 30
60 143
104 230
266 17
35 40
75 265
128 31
84 43
297 85
157 291
268 73
197 108
256 195
174 49
82 78
153 175
243 265
278 124
93 260
206 106
276 293
255 31
201 100
249 163
106 273
159 251
36 142
166 194
297 244
154 51
178 244
148 142
76 171
76 203
249 65
56 25
108 74
106 126
226 292
224 279
245 160
140 273
50 264
151 124
26 299
284 203
251 122
260 61
120 185
66 114
252 113
75 263
65 5
256 186
125 115
192 220
292 56
107 131
117 109
87 183
242 89
119 186
11 136
106 182
7 86
255 219
297 137
43 291
184 269
86 143
109 27
225 75
143 259
156 214
8 193
176 144
32 97
220 189
293 277
185 171
14 23
38 123
170 38
256 200
228 225
73 217
226 68
157 261
130 88
41 43
23 281
112 181
213 22
78 97
38 294
170 287
97 83
124 292
235 153
29 59
149 29
89 169
151 120
82 137
14 271
102 113
198 138
233 155
192 136
58 147
43 230
17 163
270 76
129 98
59 50
296 212
225 141
221 50
156 89
56 76
260 265
91 39
229 42
268 247
172 72
81 85
90 54
270 135
179 280
101 286
181 243
204 236
93 82
195 242
288 87
266 71
164 118
233 126
255 296
58 80
58 287
24 294
154 78
0 84
232 273
146 142
142 28
149 48
187 87
265 250
142 134
26 81
118 136
46 190
235 151
153 148
83 216
281 279
220 204
158 267
115 111
35 255
135 277
147 238
20 293
190 263
172 111
203 169
245 54
52 260
291 280
219 137
257 26
149 194
183 297
247 71
77 23
273 287
197 128
238 74
99 191
8 70
210 37
265 165
208 202
104 252
50 195
143 138
29 95
127 124
169 298
240 124
161 57
56 211
222 210
210 122
99 136
23 293
225 128
221 252
260 200
249 157
89 165
45 280
36 184
44 50
270 39
18 267
203 151
14 266
250 36
16 11
192 173
204 250
121 85
254 187
266 282
280 115
178 196
185 135
63 134
85 264
251 13
131 255
286 79
234 160
212 80
274 173
260 206
153 276
53 181
42 262
209 287
92 97
60 281
244 136
122 159
184 27
12 125
138 134
123 137
49 70
133 249
286 9
189 146
70 110
68 131
60 211
39 47
217 296
21 22
270 97
158 75
122 260
159 191
128 203
260 175
72 45
1 201
6 166
81 227
28 219
215 91
224 144
108 94
187 93
62 217
97 285
133 229
188 57
163 286
128 74
63 42
294 237
31 31
260 262
241 125
141 269
154 39
114 88
264 4
22 153
117 72
199 268
84 295
259 59
112 38
38 140
97 19
165 97
198 150
254 88
159 265
84 151
283 144
290 99
151 39
279 98
233 65
132 212
130 45
205 287
114 99
174 172
164 252
217 39
210 122
193 263
27 9
256 48
253 212
296 298
209 240
151 267
87 77
146 185
224 124
160 148
195 143
161 135
95 253
38 104
7 28
76 92
157 283
29 85
48 268
289 28
95 203
107 85
264 224
130 205
64 85
232 223
198 245
14 56
67 269
253 228
29 157
98 67
227 110
138 71
43 26
199 191
298 181
30 94
101 219
61 296
92 63
85 225
235 69
188 233
245 55
184 294
52 235
283 42
206 283
91 135
233 121
149 93
150 147
154 64
18 198
36 23
176 183
149 212
191 293
295 174
170 171
18 14
39 284
214 141
82 2
253 72
19 188
189 77
243 153
147 65
263 254
157 94
140 166
25 191
251 191
179 252
70 120
63 56
223 187
6 148
242 296
149 83
267 216
112 170
144 23
133 68
144 102
217 276
164 293
185 121
106 172
208 87
117 80
109 108
76 47
238 86
151 69
185 29
58 257
6 265
162 229
249 225
148 130
193 113
106 49
148 264
57 292
125 286
214 47
47 70
16 241
54 47
89 30
108 143
39 134
181 254
141 69
0 221
212 159
275 82
152 70
71 274
111 143
163 212
148 169
290 42
196 150
7 108
196 97
220 171
24 151
280 122
143 126
123 289
116 288
93 272
153 26
256 39
94 222
62 242
214 285
44 49
62 294
217 204
100 213
189 243
31 13
133 72
239 63
89 108
79 177
159 162
10 94
198 202
199 88
102 106
43 272
194 43
197 198
269 32
170 18
39 242
91 106
240 2
249 160
226 81
85 126
233 55
3 193
280 258
115 54
91 206
115 178
159 62
9 299
145 245
198 235
158 242
8 263
47 288
166 279
52 175
262 144
156 289
162 57
131 226
27 218
179 288
128 144
248 228
155 84
91 208
18 237
143 26
160 139
230 42
291 256
134 32
78 259
174 83
145 99
10 225
31 295
45 260
161 264
60 72
241 229
256 205
11 129
266 10
41 293
125 19
156 6
84 71
259 136
218 58
241 114
188 69
90 231
23 151
170 129
29 160
265 90
224 85
131 13
151 30
259 48
113 133
291 250
90 49
241 159
193 15
54 263
126 73
242 21
29 225
212 132
144 228
59 254
81 26
27 19
24 18
256 26
230 38
51 68
48 149
44 202
127 232
220 15
33 89
74 219
1 197
108 83
29 73
180 13
158 200
222 232
87 22
101 62
177 247
279 279
235 139
134 165
170 185
241 167
238 257
138 59
129 28
7 225
192 41
284 121
2 171
99 104
232 171
230 31
48 291
250 280
11 239
261 26
193 157
204 90
66 18
191 253
2 269
278 264
162 17
100 294
59 146
299 76
53 280
67 152
144 142
159 294
284 37
153 44
150 278
100 137
106 105
88 150
287 223
186 17
85 151
197 68
295 65
157 231
268 55
110 151
224 4
39 32
81 280
126 28
117 21
70 237
203 57
239 202
26 203
58 10
120 237
78 209
293 65
105 182
20 142
197 294
279 56
51 298
287 135
144 187
198 275
92 120
164 53
43 200
274 229
31 74
114 222
246 257
139 73
139 49
90 187
51 264
50 105
168 31
126 266
113 7
50 263
277 25
171 88
117 115
275 38
262 279
210 268
53 11
287 21
293 49
224 209
288 75
229 148
100 237
59 281
24 1
139 211
82 102
149 120
3 91
7 102
53 86
279 210
8 56
28 121
89 0
192 234
158 264
172 96
7 253
136 80
137 194
38 16
37 163
207 218
187 88
108 131
18 193
158 177
239 183
131 211
74 122
73 27
115 146
267 164
216 108
233 214
186 215
226 123
94 213
79 202
122 6
164 106
106 262
282 180
78 245
47 26
204 236
175 187
184 239
273 130
7 97
41 100
53 25
242 211
111 28
187 86
129 17
263 168
141 85
8 222
275 12
52 129
90 247
106 109
193 152
184 209
245 161
299 87
78 71
28 162
99 119
166 60
55 179
18 119
98 138
2 240
53 85
26 2
192 290
95 279
58 124
73 105
109 37
35 26
162 298
6 295
262 184
30 95
34 133
70 110
232 129
245 217
54 33
280 0
83 16
129 108
279 13
242 207
148 42
233 81
262 109
104 121
289 45
108 210
174 154
85 283
94 177
147 234
199 19
215 196
30 86
152 115
118 268
211 192
287 240
236 279
129 221
267 106
255 221
147 186
106 178
75 75
124 114
116 192
9 292
13 8
55 158
43 296
234 85
34 291
247 139
272 191
269 218
37 109
76 106
120 53
193 154
147 16
241 83
235 32
29 136
201 241
63 2
114 285
164 139
150 104
269 12
175 206
260 254
229 201
97 122
282 114
91 229
95 211
117 1
251 118
236 264
78 258
48 28
150 207
91 226
248 80
298 172
76 235
192 151
155 80
276 266
247 139
297 162
299 69
271 157
256 196
291 14
173 36
295 223
242 289
49 278
283 146
17 50
282 247
61 269
269 105
7 90
259 177
289 18
280 7
26 103
114 13
48 233
78 276
272 288
240 216
219 80
82 138
214 106
21 2
256 131
64 172
31 172
233 88
155 98
5 116
43 286
102 162
174 127
2 290
244 176
72 143
68 187
211 186
212 111
124 127
255 228
216 210
72 143
80 63
6 46
49 170
161 82
101 263
1 110
34 241
152 100
123 141
7 177
272 105
126 286
248 217
98 193
81 47
270 228
89 96
23 100
177 272
61 7
210 258
94 4
167 167
8 66
150 91
175 187
281 88
166 187
177 150
195 243
86 237
297 253
165 117
135 131
117 202
171 210
15 294
199 169
55 185
180 198
64 213
272 66
71 184
236 196
81 94
131 14
198 92
147 171
135 287
101 260
257 153
142 88
188 173
296 128
124 88
62 192
57 215
220 159
190 287
247 220
144 86
117 265
59 135
226 188
255 66
167 112
224 106
8 28
178 56
16 70
270 148
157 153
101 161
231 157
27 51
62 68
87 41
271 254
41 258
102 288
152 100
225 8
292 121
65 260
186 142
88 138
156 286
142 275
131 226
177 59
232 49
76 256
164 41
239 8
33 102
166 269
221 204
205 229
36 43
23 116
118 244
5 17
208 298
229 89
118 107
54 217
209 175
6 244
3 241
192 95
186 1
265 193
288 243
221 42
65 206
281 247
93 67
195 271
141 295
161 141
38 175
84 79
205 141
210 17
17 271
209 93
278 20
181 116
20 163
232 160
57 266
262 89
204 28
37 201
108 224
152 220
97 0
56 139
158 269
43 201
258 13
182 232
274 54
80 149
125 7
36 67
170 148
130 193
98 230
130 255
136 162
251 145
204 133
257 242
211 234
220 68
171 281
286 143
238 160
131 90
87 110
102 133
298 259
242 259
191 97
179 152
265 67
148 100
148 171
66 294
35 244
175 90
199 293
189 100
35 47
245 221
281 3
71 218
83 147
160 133
72 133
38 46
194 86
85 70
101 217
138 183
147 111
194 246
67 104
232 203
169 83
242 260
296 99
5 93
65 287
159 71
96 51
217 79
200 15
84 298
33 254
71 143
234 235
128 283
216 207
14 54
125 104
95 97
77 28
140 30
4 32
234 180
267 262
49 163
46 121
92 138
157 167
233 9
164 220
243 202
61 206
157 267
295 91
223 290
286 117
99 237
258 110
296 49
3 89
182 25
197 289
72 74
285 283
105 92
277 76
104 168
118 248
167 257
96 17
255 15
74 243
242 167
76 253
157 26
62 214
61 294
133 56
73 244
99 64
162 16
93 61
280 87
96 84
33 91
8 112
175 259
210 231
223 179
20 260
263 151
286 60
135 47
198 208
292 197
197 10
126 249
290 200
290 248
249 107
58 116
139 66
187 288
14 238
248 18
98 298
188 106
175 44
276 145
246 278
158 140
61 57
283 246
148 225
86 258
242 166
229 93
102 275
42 7
249 295
263 127
149 282
28 65
261 245
143 196
19 170
35 107
38 68
223 189
247 94
293 167
274 166
94 87
219 61
275 159
297 214
281 27
239 98
10 76
30 158
73 277
221 10
194 239
288 256
73 110
294 297
48 64
155 276
110 223
239 244
43 11
268 284
115 5
76 297
44 19
161 57
34 230
292 156
110 175
213 140
48 36
235 281
57 29
34 154
143 131
133 126
61 128
11 257
21 263
135 154
2 255
53 249
139 265
177 282
123 252
74 165
106 86
290 195
237 160
163 79
18 246
258 283
239 138
247 107
125 169
157 10
237 82
217 245
133 97
29 128
91 104
247 207
230 134
272 26
42 15
278 256
67 202
78 281
199 113
280 154
136 119
5 28
258 107
142 21
178 187
233 59
50 155
225 46
80 149
129 231
165 98
90 277
41 232
127 123
15 295
268 276
204 248
106 111
5 173
194 44
208 232
61 272
64 230
42 49
23 296
267 82
35 5
51 256
31 58
30 68
8 9
248 297
28 40
107 204
262 72
33 61
96 25
111 219
253 195
88 13
246 263
79 237
290 255
143 205
38 94
268 165
136 75
152 269
7 226
265 85
247 183
139 101
120 133
83 213
209 45
139 196
267 74
153 156
234 191
72 174
195 179
293 72
187 119
132 83
204 36
79 92
133 262
265 157
98 102
1 282
175 2
186 253
184 237
98 290
199 285
111 219
162 130
241 101
225 274
299 37
100 121
299 115
163 13
242 191
4 88
177 56
37 111
176 251
70 198
288 206
258 39
173 258
233 134
192 49
68 118
205 207
112 127
79 157
209 239
19 224
10 266
79 199
188 213
235 212
85 48
86 69
55 86
214 276
115 62
49 31
26 88
114 125
264 105
263 251
262 228
233 8
290 74
280 260
230 88
54 164
93 217
83 222
177 127
220 154
84 57
23 221
50 142
227 66
160 173
271 214
160 259
42 274
172 133
224 199
294 167
64 45
210 27
193 128
161 150
63 241
31 60
107 29
114 243
227 261
167 193
209 43
227 162
43 214
174 240
235 45
124 1
272 151
107 234
288 225
34 121
293 173
126 156
177 298
194 74
195 203
154 247
204 90
46 173
235 190
296 288
235 293
197 25
264 1
130 275
66 268
179 211
70 85
47 250
57 237
290 136
295 40
250 171
208 228
121 28
186 94
44 285
292 116
296 194
196 1
27 57
106 111
71 244
230 248
57 215
289 214
96 253
289 186
297 175
240 94
242 30
46 207
108 121
247 279
150 23
34 11
116 255
67 185
140 178
85 251
243 197
196 101
284 72
223 157
95 51
243 139
197 254
131 120
284 218
5 35
79 272
188 61
11 64
186 112
15 292
219 12
30 64
212 148
37 246
259 159
117 290
32 71
83 64
275 22
177 182
281 45
20 78
181 168
115 256
136 105
183 72
84 289
118 216
168 231
22 61
48 185
167 43
186 271
168 208
205 232
24 225
271 77
134 190
298 138
188 198
58 115
88 48
116 276
259 139
166 1
66 87
294 101
294 210
35 50
29 151
133 179
22 207
193 180
187 230
76 237
282 252
195 61
69 82
61 207
262 174
216 11
82 108
179 45
67 200
9 117
7 289
214 43
109 234
18 286
88 126
126 185
168 18
161 263
295 64
220 234
195 116
123 287
64 278
142 269
75 197
253 223
201 167
200 141
137 72
295 264
98 58
166 49
33 271
149 83
252 172
226 142
73 46
281 98
295 9
163 216
65 119
31 268
56 277
0 84
33 189
22 185
76 20
216 98
52 274
149 245
104 16
206 213
151 38
70 179
102 40
195 262
122 171
131 39
133 135
217 19
45 94
202 151
226 207
255 170
16 215
105 119
93 20
23 69
59 136
65 2
142 37
9 128
204 296
167 153
282 65
268 7
95 203
25 73
204 91
81 92
257 288
3 25
86 17
241 206
82 117
37 299
119 163
218 231
26 286
139 243
126 292
61 15
63 54
225 144
200 9
285 198
285 66
142 197
289 112
240 94
149 198
244 161
236 184
63 75
212 206
241 50
62 268
238 92
175 225
168 142
171 281
248 174
45 62
226 247
133 113
169 8
278 274
291 159
241 149
261 23
295 14
69 256
283 82
142 269
291 212
74 34
187 264
8 164
170 298
266 270
165 122
132 234
221 195
119 46
84 227
294 43
277 157
76 72
294 179
35 128
12 135
155 148
204 79
231 191
236 11
192 217
185 106
213 146
269 295
174 139
151 258
298 268
43 128
266 144
180 225
130 130
64 6
249 182
142 122
297 162
100 117
203 168
138 230
2 56
166 247
69 43
118 78
104 60
9 31
62 198
23 99
242 272
168 139
273 41
231 103
144 231
78 256
195 33
118 38
238 170
294 123
260 287
227 245
111 93
265 210
3 271
21 170
24 233
14 273
135 281
263 214
232 293
146 149
33 198
118 116
275 75
112 13
228 193
22 169
45 2
104 267
77 241
56 13
45 121
104 57
52 99
83 188
8 126
77 224
84 103
133 134
215 169
0 267
247 123
132 53
7 233
39 177
264 147
209 289
168 195
81 140
258 76
129 162
128 72
21 105
211 234
18 171
238 86
251 133
221 149
175 281
128 291
71 87
77 286
133 130
8 296
117 56
240 85
208 272
112 60
30 59
41 24
191 40
255 93
8 256
226 247
284 108
126 163
105 179
207 226
202 155
294 88
191 93
288 56
2 73
167 239
117 123
213 151
10 62
95 63
277 112
69 254
76 282
140 293
243 187
41 152
9 40
68 33
275 224
296 82
132 267
52 252
46 57
193 149
139 277
271 53
178 163
270 143
161 51
247 8
7 286
63 97
107 183
172 235
40 134
225 40
160 144
208 181
109 134
183 93
199 134
110 53
278 60
200 31
92 147
18 177
193 172
255 156
175 53
284 30
192 12
104 91
172 72
179 77
7 251
119 129
87 265
242 37
263 98
79 167
133 217
28 232
211 105
54 131
157 194
227 219
40 175
237 207
294 129
93 284
152 26
192 79
113 84
276 77
102 133
229 224
102 133
168 78
94 81
130 71
129 149
126 174
298 111
269 53
117 21
59 274
188 54
56 71
72 163
24 144
273 216
151 79
174 164
91 209
266 69
169 147
8 208
205 230
206 76
25 244
69 203
280 191
223 245
289 270
45 292
49 183
297 170
187 262
127 147
226 46
128 23
256 46
59 283
32 112
129 215
54 255
165 268
192 249
253 41
128 176
266 66
61 139
158 126
122 296
260 133
59 46
172 190
261 210
57 117
180 238
156 277
131 273
86 71
137 284
237 94
143 134
291 4
97 77
125 248
131 70
264 164
104 55
35 33
278 83
283 270
116 196
249 237
159 289
47 248
216 238
274 152
51 299
149 56
272 150
97 281
9 127
97 11
146 126
125 215
207 219
134 244
297 140
166 276
40 5
244 92
59 244
139 200
106 233
115 280
57 71
16 220
157 187
127 233
149 159
80 274
218 255
26 58
269 181
82 291
296 120
50 204
202 26
188 198
233 161
173 271
4 292
226 243
225 7
197 279
274 289
59 170
174 144
2 133
1 121
208 0
194 257
255 123
142 286
254 211
251 148
176 119
128 93
123 213
119 137
238 191
168 189
272 182
234 85
266 183
105 158
9 248
170 216
14 62
219 126
246 87
186 256
1 248
0 234
177 220
202 235
279 126
144 207
230 223
232 276
22 55
250 270
203 272
268 109
244 170
241 125
82 53
45 38
19 181
35 183
30 158
120 298
149 229
260 258
167 177
26 254
250 176
38 101
215 26
232 168
211 195
182 59
61 246
50 190
36 123
208 134
114 46
31 82
197 276
23 264
107 38
93 96
264 142
43 28
284 224
28 72
211 251
148 197
169 78
8 199
179 264
11 29
293 157
219 170
269 256
201 42
180 292
112 176
156 32
177 60
243 110
21 80
71 274
168 254
141 192
141 159
199 202
25 149
128 244
93 248
175 209
193 208
252 225
41 193
228 145
273 14
205 233
232 231
151 49
28 154
268 173
95 88
9 229
188 60
297 48
98 193
135 148
32 113
71 212
46 78
286 184
198 203
172 221
285 94
220 210
256 161
110 145
137 146
130 286
107 168
299 25
134 114
20 236
177 271
104 199
80 91
298 221
274 14
60 88
136 33
142 194
59 75
108 112
149 180
55 87
231 116
92 206
20 18
115 72
27 145
184 144
121 230
98 291
272 8
74 200
257 241
25 179
137 79
88 165
41 124
30 218
13 241
230 196
295 170
197 284
126 188
234 2
254 95
186 295
20 49
82 106
12 94
26 73
220 294
268 116
253 130
104 99
243 129
116 129
125 221
189 24
92 140
237 45
59 8
206 149
283 41
241 291
233 115
148 49
148 77
265 197
148 162
5 46
78 38
84 207
111 12
166 34
227 270
46 257
203 27
157 250
124 180
66 250
281 44
178 136
100 160
102 90
240 282
11 171
178 242
133 229
30 178
232 94
16 18
197 199
21 47
123 176
120 227
21 256
113 204
162 127
203 73
132 214
229 14
26 111
201 277
62 248
72 98
207 236
43 291
248 156
223 173
179 289
239 6
271 67
272 132
272 21
157 289
55 154
147 90
252 251
218 179
78 43
261 231
16 190
245 189
47 147
239 111
180 232
95 48
115 144
144 17
195 180
13 219
99 217
19 186
132 214
15 297
50 219
271 56
30 46
144 150
152 138
204 263
286 36
144 298
299 187
136 222
91 48
162 124
127 247
117 118
175 90
224 161
219 126
4 267
200 46
66 138
2 246
217 84
188 260
35 231
18 287
250 116
99 51
141 278
167 124
59 235
170 155
16 44
25 120
79 106
107 207
211 204
20 55
9 132
185 131
162 140
103 50
241 119
8 23
194 199
84 281
164 49
187 238
193 290
299 83
220 139
132 230
49 129
35 17
177 289
144 142
246 256
196 245
240 26
293 290
140 220
93 113
257 148
56 89
198 215
51 264
77 118
194 291
81 194
4 160
137 66
95 74
143 35
200 69
174 187
92 51
221 5
147 127
230 257
237 223
248 68
115 21
2 27
256 272
61 43
165 199
168 283
121 42
155 125
116 193
251 298
78 159
11 91
32 219
257 237
255 218
241 26
69 136
68 169
57 38
0 16
172 46
30 173
6 164
155 52
154 98
94 117
153 208
172 205
242 102
146 66
209 224
226 166
156 295
115 240
106 128
216 133
154 269
6 233
289 282
171 284
184 219
242 217
244 171
100 103
84 235
293 203
66 258
142 36
8 128
225 213
223 227
116 81
128 96
118 38
155 279
17 64
224 199
135 273
235 191
261 52
33 0
145 154
95 176
68 93
114 130
109 298
35 262
73 68
253 2
258 36
141 207
259 55
116 267
80 94
180 42
298 179
48 214
5 254
146 253
238 267
254 203
212 260
261 284
237 248
58 21
77 7
15 128
100 171
188 31
265 200
68 265
55 74
19 284
267 244
65 105
249 200
15 238
182 231
171 112
69 132
281 273
64 246
157 93
260 244
189 161
283 158
50 253
33 196
109 41
276 215
246 267
120 296
247 64
6 180
230 229
5 11
133 50
126 236
242 62
83 21
296 98
63 138
56 195
258 120
295 95
269 230
172 137
100 159
75 269
20 139
74 188
283 127
234 64
15 256
45 146
227 235
105 44
127 19
25 128
296 291
141 35
48 238
3 38
291 2
119 54
218 51
106 100
108 195
102 185
63 221
51 74
1 135
189 5
14 34
78 49
272 122
107 145
202 152
196 207
163 66
153 235
111 223
19 16
196 279
234 132
76 9
94 101
241 178
287 50
110 294
77 178
50 269
128 251
126 160
222 86
65 143
226 55
193 240
183 89
225 261
165 202
187 263
239 278
22 279
225 90
75 0
150 154
119 189
48 144
223 54
168 48
112 198
137 68
294 232
129 129
187 4
48 27
250 270
158 37
118 165
15 110
1 85
180 239
81 178
240 267
184 53
77 274
225 135
132 137
143 275
299 40
194 108
17 262
177 68
135 188
97 258
26 77
46 120
119 52
232 248
96 17
186 291
244 293
130 169
42 257
155 17
212 139
128 172
1 279
206 255
259 114
7 289
82 55
258 52
236 94
7 16
254 162
205 246
181 184
209 105
187 24
138 294
228 227
10 41
234 26
91 79
46 24
105 23
62 31
221 61
237 98
143 270
250 288
189 224
61 220
22 231
151 215
32 139
172 167
126 42
238 241
9 258
247 295
122 33
121 265
113 63
143 135
59 54
265 257
178 205
278 296
267 176
93 84
74 121
64 230
298 271
122 204
87 253
48 5
289 213
37 160
7 282
31 186
277 203
148 49
65 18
74 283
289 87
205 31
280 209
40 264
292 121
297 236
207 117
166 37
164 66
86 75
29 34
123 244
206 252
146 266
24 18
275 192
140 130
136 26
125 144
295 234
156 5
77 273
53 46
150 93
232 14
213 106
287 296
197 56
1 10
235 253
206 215
125 293
144 270
147 292
94 31
129 250
290 214
162 150
30 145
208 36
257 206
167 173
116 51
235 276
70 287
215 181
85 25
155 294
274 223
264 274
131 9
118 92
277 225
61 101
291 83
174 78
73 234
194 203
267 15
253 202
12 148
210 109
90 92
0 15
58 173
11 8
268 179
111 280
273 47
274 55
157 2
34 135
3 91
251 187
178 133
210 294
192 39
31 238
2 214
11 87
129 13
134 37
164 5
280 54
110 13
29 84
142 225
171 32
127 129
149 126
170 12
241 102
92 11
104 117
216 70
143 162
39 75
294 215
100 148
128 16
36 168
131 234
172 36
8 30
100 17
122 7
267 142
198 91
98 9
56 245
296 260
78 54
144 102
74 123
85 254
275 200
254 114
291 126
122 71
201 274
33 61
95 6
111 255
2 29
166 39
175 236
142 264
34 261
270 82
3 223
6 63
265 50
43 137
165 206
141 286
189 250
196 217
165 33
75 28
277 223
263 93
109 111
149 188
264 100
27 174
252 218
95 9
168 9
107 123
126 80
223 30
194 289
208 228
62 190
155 132
20 129
7 5
99 75
88 150
146 180
55 296
55 165
280 52
239 165
16 281
109 63
22 299
240 221
170 115
120 62
67 210
104 8
240 151
164 122
60 118
145 255
189 166
99 129
173 197
218 298
213 136
286 174
119 147
207 110
182 134
138 219
295 263
28 268
78 83
88 147
81 242
286 135
163 83
3 102
113 223
230 140
294 254
236 90
249 232
198 174
236 188
23 235
154 219
204 71
267 180
260 297
87 158
77 257
297 47
226 56
112 203
54 34
242 199
93 177
36 73
270 236
57 212
144 42
44 49
62 120
141 168
104 47
9 245
163 17
278 25
141 66
176 123
62 52
280 65
192 182
170 10
146 179
154 285
4 298
129 232
13 76
94 132
219 239
147 60
232 293
79 242
150 206
223 201
143 224
82 156
298 189
49 134
97 206
244 150
186 144
56 77
58 204
255 113
258 8
184 272
167 211
15 256
286 129
80 129
206 42
253 128
226 100
109 108
183 244
262 8
206 272
141 25
230 289
42 197
119 190
196 255
117 186
25 141
109 211
112 1
171 237
49 40
273 240
155 135
172 174
170 95
161 94
4 200
87 219
271 247
112 49
127 83
221 117
268 152
116 265
244 143
164 271
66 67
103 176
68 32
186 107
161 131
187 185
53 25
72 223
170 170
38 253
120 146
229 112
297 72
299 271
283 298
253 120
80 194
28 9
264 168
56 189
174 277
55 109
282 46
60 52
220 82
233 238
271 260
188 112
174 171
233 60
179 156
65 60
264 74
80 119
133 210
293 196
242 21
161 208
126 164
83 63
99 123
53 258
192 228
198 41
276 92
7 81
54 3
79 254
124 61
221 239
162 133
87 34
7 72
234 121
274 287
98 178
119 223
28 284
257 260
263 168
216 205
120 64
216 7
4 243
60 257
189 213
201 51
49 52
229 133
203 103
158 74
212 236
58 52
0 12
147 201
60 93
86 291
179 83
194 224
25 81
65 217
131 292
255 14
244 105
25 278
192 121
126 278
149 122
91 224
38 72
122 242
121 213
193 231
178 87
296 232
297 276
7 80
27 197
76 266
70 130
255 81
51 295
99 164
137 105
250 3
213 123
161 281
211 106
293 288
234 37
201 115
272 246
183 55
272 143
149 28
229 298
33 21
41 43
249 154
278 62
71 73
163 156
34 241
29 165
134 127
184 18
228 113
168 170
106 47
238 186
109 252
25 19
250 18
58 168
123 292
221 220
59 291
204 275
160 273
248 250
260 148
271 203
120 66
262 45
230 196
65 10
252 204
250 218
79 109
281 206
223 299
156 263
230 298
137 298
160 154
229 137
52 112
7 236
6 150
52 200
291 93
1 40
54 176
10 156
138 196
70 232
70 186
239 238
260 98
171 252
173 131
279 292
83 276
202 173
286 189
67 179
235 165
104 51
50 58
75 125
104 188
232 7
147 61
275 15
250 203
193 198
159 283
157 278
214 70
230 43
23 221
132 191
85 170
230 130
129 218
60 109
82 104
270 298
215 9
286 40
67 95
214 108
29 209
279 46
60 104
250 124
57 58
64 140
167 158
198 232
196 31
95 140
165 298
160 17
261 284
23 258
112 17
56 131
76 260
299 25
92 152
248 58
182 205
19 136
262 104
48 180
98 65
134 56
16 45
241 213
80 253
177 180
205 26
144 81
51 15
1 247
23 265
101 248
238 269
231 38
86 119
222 6
224 291
83 275
259 99
183 93
145 266
257 75
246 240
144 205
298 107
156 30
247 151
53 299
285 32
201 83
114 281
46 118
59 269
44 197
189 105
140 147
87 206
32 247
279 130
10 248
150 45
109 213
298 162
159 188
195 158
92 127
187 231
64 123
21 274
202 21
90 252
150 133
141 139
177 174
106 78
255 229
145 63
226 281
176 4
279 42
200 212
40 179
213 24
59 109
45 71
99 50
275 211
50 207
250 138
49 142
203 218
53 21
43 270
31 243
113 32
199 241
28 45
257 105
138 219
294 141
229 35
60 96
67 218
102 221
167 276
290 283
58 95
231 281
28 84
74 135
73 81
248 100
273 78
294 229
86 174
71 265
135 299
43 172
1 238
96 112
46 278
244 143
232 103
90 236
165 25
260 160
89 23
97 157
51 198
47 20
162 8
207 194
53 6
30 204
66 36
231 172
57 292
267 157
18 155
98 126
174 138
150 2
49 67
252 169
252 141
139 165
274 55
110 32
193 176
274 177
97 107
18 55
287 120
176 134
297 128
67 77
120 140
241 167
3 36
214 53
169 134
245 18
247 8
82 67
207 201
170 96
121 46
237 291
257 208
91 8
193 128
99 159
234 250
116 218
129 38
2 186
159 56
187 234
33 107
182 126
194 183
130 73
268 208
290 154
209 83
32 199
135 36
282 82
186 63
268 122
231 286
12 261
168 218
207 60
141 55
170 41
205 119
270 29
42 210
68 212
70 59
55 261
298 106
11 299
18 79
147 7
39 173
192 138
130 109
230 166
78 259
6 112
103 159
282 226
42 3
17 28
235 259
81 60
293 47
86 97
69 251
202 118
113 212
49 72
52 261
287 159
204 154
103 84
189 65
224 221
40 164
226 219
262 192
290 298
12 194
201 57
296 218
9 12
84 195
227 196
281 281
169 234
234 179
104 127
238 87
82 22
12 119
273 183
218 69
226 11
148 7
28 100
50 262
62 161
251 127
38 194
228 153
285 214
96 171
294 21
112 288
112 186
224 47
229 266
271 73
250 243
48 243
92 211
108 167
57 295
290 171
186 107
293 271
245 273
11 19
208 280
129 296
127 62
268 31
251 99
202 286
211 125
232 239
119 268
133 59
181 181
289 80
251 280
24 57
25 283
120 244
120 56
38 252
51 49
140 291
130 248
208 163
73 218
241 161
240 178
214 84
183 5
103 43
23 195
27 122
111 151
5 171
111 18
275 147
249 131
253 106
109 58
167 132
276 287
65 210
226 125
179 93
10 153
201 176
101 247
10 242
254 133
204 227
16 95
256 205
69 4
80 295
140 120
167 154
157 230
4 31
25 228
128 154
167 201
249 48
279 131
274 67
141 142
89 191
49 151
59 179
14 283
104 202
54 296
130 185
161 14
88 33
85 234
128 156
49 9
35 267
170 30
274 8
176 27
62 217
297 66
209 232
292 189
45 269
231 125
214 200
107 116
269 148
281 261
261 183
91 221
299 212
77 148
156 71
7 89
116 132
11 79
22 41
203 299
189 219
153 220
235 6
47 219
285 86
196 188
101 149
26 244
254 191
132 104
245 3
176 81
255 252
145 66
151 282
217 290
159 221
141 27
43 189
84 13
13 76
16 261
266 295
201 78
241 147
85 259
273 81
4 213
32 58
228 236
251 232
145 285
126 44
157 111
32 55
107 160
99 11
120 63
64 277
34 156
272 158
252 20
233 169
140 172
60 38
192 140
61 221
208 163
60 146
148 222
278 231
86 246
95 247
296 114
5 275
35 298
42 228
197 52
50 231
204 124
51 224
155 130
21 281
61 93
1 223
158 44
147 205
272 275
29 202
123 17
206 110
23 192
161 37
175 124
248 202
155 12
129 54
297 147
183 283
68 75
86 101
187 231
260 173
149 200
87 143
176 82
181 73
100 126
99 83
10 48
54 28
196 40
128 173
27 103
3 148
13 220
53 202
179 292
288 33
140 71
288 272
201 210
246 93
272 245
224 272
68 248
23 140
183 181
212 269
161 264
41 139
257 128
53 149
271 144
96 67
270 147
18 219
107 37
212 14
80 4
159 193
249 62
152 223
174 54
173 159
93 90
165 243
220 253
96 27
261 49
244 112
43 218
68 295
34 64
66 151
98 42
148 262
178 228
273 157
162 11
47 30
132 77
259 94
71 134
257 28
187 170
192 169
192 53
20 274
142 257
195 114
101 220
271 279
290 106
34 181
164 159
272 166
287 258
139 32
209 280
247 221
137 217
226 120
133 297
192 290
204 232
104 156
244 66
215 172
84 23
163 184
75 162
191 288
132 182
95 40
117 214
143 175
24 91
294 296
123 129
145 279
263 216
123 57
247 49
7 280
208 95
273 101
34 22
264 166
22 148
59 241
98 115
239 42
242 189
248 294
134 168
174 118
250 185
123 158
184 176
239 286
21 280
125 175
109 164
204 62
19 94
179 10
167 257
198 161
145 221
154 289
227 92
207 133
183 173
187 188
131 43
177 128
176 15
235 11
30 252
259 30
128 60
156 146
106 38
110 194
48 19
264 210
148 4
116 87
199 268
181 257
72 285
172 55
49 299
214 272
242 1
180 287
280 10
106 282
141 130
228 69
163 202
203 149
60 40
10 152
277 43
234 149
289 77
252 264
35 81
134 216
131 162
32 272
244 155
159 73
218 117
122 110
108 149
195 225
140 98
67 288
209 263
203 297
246 163
293 295
56 178
193 227
74 61
210 56
267 206
281 167
94 113
276 216
236 33
196 67
291 108
24 283
43 113
101 221
298 184
242 207
280 38
43 176
108 265
146 30
248 109
44 245
174 127
213 143
75 173
127 16
2 36
67 89
81 268
241 101
246 1
139 141
153 289
156 210
287 32
71 15
229 21
127 278
212 102
271 0
236 265
79 48
62 162
4 273
171 99
222 49
167 33
171 156
293 203
277 205
186 47
197 12
228 298
176 152
10 35
114 263
285 90
184 159
126 166
47 17
251 248
52 134
181 188
180 238
166 159
133 269
229 273
34 17
72 48
182 258
70 194
51 251
43 53
44 84
126 224
235 131
297 109
199 57
267 173
226 113
298 130
85 28
22 114
29 116
53 107
175 144
37 236
124 80
285 150
140 188
203 106
39 61
142 65
59 23
152 63
90 214
221 169
241 262
197 200
128 56
228 28
117 266
190 81
230 258
146 31
122 53
182 288
216 109
93 245
87 139
69 288
66 92
33 222
288 242
295 258
164 0
101 50
125 5
203 243
56 52
216 57
111 20
91 11
57 100
268 103
144 67
233 86
286 195
66 232
161 117
258 100
46 148
172 222
221 145
208 261
213 122
224 56
18 2
269 124
118 24
205 262
243 158
1 160
29 279
121 168
299 246
80 153
290 205
117 9
165 225
120 159
54 134
149 139
81 10
125 164
153 240
69 36
291 202
46 215
23 278
139 294
119 178
71 281
280 229
78 292
214 188
223 156
7 237
130 112
92 89
291 186
283 30
28 213
54 78
122 297
191 39
96 243
119 256
20 158
1 241
152 269
283 295
31 257
197 284
215 51
143 76
34 33
294 244
112 82
159 8
218 79
164 244
191 59
10 112
0 157
226 8
204 263
106 294
33 128
10 146
287 249
230 277
114 230
244 279
174 264
57 257
294 292
28 234
179 62
11 117
217 136
2 228
128 139
210 28
173 206
237 222
74 159
114 284
148 136
17 41
190 234
75 298
255 7
107 11
9 116
265 36
74 7
154 160
172 290
293 96
158 170
219 26
174 112
172 157
48 148
117 182
186 99
266 108
139 202
247 172
94 17
284 114
121 288
100 92
166 37
82 58
109 192
244 31
59 25
22 80
267 145
183 238
295 179
110 96
15 180
156 10
118 170
113 146
277 264
202 6
202 118
195 146
93 208
268 12
41 250
95 157
279 238
230 285
13 249
25 236
60 28
47 91
213 37
296 146
299 167
98 146
203 208
43 6
146 78
225 125
96 55
113 158
218 45
12 214
293 57
127 27
94 237
63 108
16 80
11 60
19 49
183 197
140 63
93 129
131 184
63 83
277 80
62 55
72 297
16 180
164 35
114 66
157 251
26 267
232 260
157 90
263 80
132 70
80 201
77 253
219 273
70 271
13 208
73 17
19 110
264 2
112 233
42 0
255 70
251 50
9 203
172 225
206 215
146 190
190 48
139 281
111 78
179 172
8 32
63 247
83 210
50 69
133 97
145 110
289 282
282 295
264 286
203 247
48 190
144 287
83 184
30 227
97 292
238 95
216 8
263 289
130 127
124 154
295 159
253 139
292 292
58 55
76 276
280 226
201 296
83 227
278 238
261 136
48 233
43 209
9 141
3 69
68 62
172 27
288 66
39 3
76 245
277 100
227 29
139 110
7 83
162 63
273 278
127 256
106 201
199 243
211 246
219 284
163 88
239 279
240 229
291 107
111 250
116 200
236 298
232 270
169 35
41 221
65 60
217 225
155 129
28 295
31 120
12 289
0 137
132 185
259 14
44 93
181 154
201 25
4 103
92 18
72 167
35 21
219 145
129 215
199 28
38 243
225 137
117 280
198 30
261 92
97 18
80 12
133 113
256 41
136 221
21 61
131 111
102 263
79 175
124 88
25 163
276 27
202 118
152 290
28 205
141 271
5 96
190 160
221 51
148 198
45 261
22 152
134 232
294 56
194 196
236 225
7 6
103 121
105 42
247 129
280 215
27 146
96 22
83 289
176 218
36 249
137 298
291 16
61 120
71 241
284 61
197 154
194 99
238 136
202 222
162 140
42 127
224 159
284 156
3 104
89 252
5 18
221 154
98 30
248 49
103 246
252 203
112 187
51 262
277 218
196 237
241 110
212 129
32 168
109 189
65 285
220 45
193 258
74 56
58 21
174 275
1 185
56 202
296 251
285 94
218 51
88 236
274 62
77 220
60 48
57 64
134 187
117 64
167 5
96 161
44 70
95 132
97 189
285 248
294 249
174 244
192 299
82 295
19 238
32 160
68 32
67 183
216 219
283 289
156 126
29 6
177 258
135 1
99 275
271 114
111 53
234 200
10 183
126 239
35 205
278 295
223 53
64 122
127 199
269 28
0 190
6 48
289 261
104 72
155 223
10 195
259 80
134 124
119 187
290 297
58 23
22 194
76 106
271 248
294 9
131 82
156 260
252 240
178 214
237 170
256 86
12 145
148 1
143 82
6 106
214 214
179 97
139 27
99 14
1 88
235 280
205 91
97 110
192 260
159 68
228 241
246 142
264 115
198 299
101 162
229 254
147 277
292 50
188 96
41 63
84 58
29 227
155 298
37 130
119 223
157 201
129 237
73 279
118 203
223 93
89 253
127 226
118 104
205 25
278 213
286 212
236 14
227 151
293 190
192 147
13 178
299 264
74 81
271 136
198 131
196 33
169 87
57 292
277 100
106 188
252 250
103 188
213 249
62 72
90 64
87 250
157 159
84 37
3 292
246 109
150 135
244 59
40 125
105 102
292 60
252 186
166 191
234 40
112 232
259 61
146 160
201 15
177 108
66 227
236 80
298 297
21 0
241 92
40 93
61 64
164 191
294 174
180 128
46 235
206 296
13 169
140 133
152 93
223 189
143 191
147 234
188 70
293 167
25 82
42 24
176 129
103 118
231 172
239 148
298 7
240 86
109 158
82 243
188 271
250 176
119 159
122 172
275 190
290 56
133 243
56 168
88 255
128 212
228 194
289 171
161 108
247 192
61 232
2 145
184 225
196 95
210 4
118 21
198 242
194 242
131 57
89 77
200 157
189 173
184 181
262 259
225 104
144 232
160 293
185 188
298 279
123 127
20 198
111 74
55 269
21 9
141 292
47 182
190 176
270 239
88 162
214 293
192 247
236 156
37 29
176 197
26 30
176 20
30 212
98 123
202 151
208 260
51 128
144 195
143 67
141 242
286 147
173 48
209 184
223 260
23 175
33 148
45 86
103 137
275 52
29 41
181 110
171 248
126 111
158 72
209 48
77 151
80 236
293 274
67 106
254 241
49 38
129 216
288 210
198 220
285 169
47 177
10 188
13 221
3 283
272 152
90 71
286 96
22 46
9 148
219 205
98 162
59 12
234 209
54 298
299 3
257 35
139 164
131 296
106 235
202 193
263 84
198 78
74 213
31 264
173 25
299 221
37 116
7 255
155 7
123 275
122 56
70 15
187 169
46 104
131 14
121 115
178 107
224 200
249 181
283 212
266 290
32 1
110 130
50 260
257 282
27 278
112 239
127 23
78 234
50 148
189 46
254 134
282 120
80 252
120 228
203 197
12 143
292 243
149 101
61 143
11 240
6 33
253 204
180 209
206 163
149 147
198 103
220 248
295 280
74 259
238 44
269 254
109 283
149 120
46 63
31 232
57 92
284 276
17 59
240 117
211 203
282 225
6 143
153 44
184 296
70 8
197 37
64 178
7 206
205 175
273 145
297 230
166 22
217 103
123 75
35 228
228 220
41 75
278 124
18 294
11 100
143 142
239 60
94 24
8 96
132 34
121 231
168 153
69 296
152 131
98 182
277 43
225 292
182 295
229 254
181 191
32 200
141 189
293 24
192 83
200 140
277 90
45 70
22 163
252 277
271 242
75 213
243 136
62 285
80 227
129 280
60 245
30 242
285 152
238 106
171 94
54 198
136 283
198 217
155 152
25 33
221 139
178 12
165 262
254 246
29 3
246 244
118 17
141 79
215 194
182 80
192 209
164 100
170 236
290 230
245 159
165 281
255 192
79 92
257 154
167 238
113 25
51 89
194 268
266 197
291 134
17 299
195 4
113 253
35 87
182 155
133 287
85 11
286 96
226 143
158 88
44 41
134 172
234 117
93 112
18 260
119 285
286 8
107 96
243 25
71 140
230 260
147 256
83 238
157 34
109 113
293 166
163 208
12 89
277 203
110 50
139 75
246 225
8 72
278 130
228 57
0 242
210 272
160 209
218 261
94 22
126 218
182 204
278 5
281 133
177 271
165 230
91 25
124 51
112 61
208 206
228 215
196 175
12 253
254 64
180 227
179 24
132 43
94 284
145 127
272 279
3 71
221 252
214 118
23 241
76 158
195 23
106 282
85 297
244 277
84 19
223 48
70 197
232 180
147 87
18 290
195 278
96 257
179 41
90 9
121 76
114 279
185 248
208 276
186 109
106 163
5 137
187 285
148 3
268 112
105 153
11 38
22 252
286 127
95 77
249 220
254 295
224 59
257 58
34 94
115 261
15 288
135 49
234 45
156 89
113 291
134 233
287 104
49 65
112 90
136 286
170 163
52 164
202 99
22 198
105 169
12 128
248 252
174 68
48 223
224 67
168 87
272 274
296 12
163 298
187 125
215 209
181 227
187 283
206 182
107 75
96 273
171 298
173 39
249 298
49 259
93 167
102 152
128 162
66 148
112 149
34 15
154 123
21 142
115 11
228 269
208 219
88 98
284 162
208 258
209 275
291 108
208 138
178 26
293 24
247 241
69 238
144 0
184 1
55 244
191 181
212 92
194 153
60 248
230 150
218 247
137 133
10 287
139 103
232 174
194 186
298 183
14 62
191 35
155 77
79 20
148 123
78 53
291 243
11 296
55 64
174 102
178 81
255 150
55 92
214 181
231 243
192 132
72 56
33 206
171 294
288 293
159 199
245 260
204 109
108 131
111 36
186 286
5 27
270 200
33 192
28 59
143 94
250 36
79 74
140 113
293 130
176 253
50 225
65 78
81 115
228 102
143 224
256 172
202 168
215 40
163 249
268 255
112 132
141 63
137 98
80 138
125 204
42 274
105 95
27 227
157 196
160 236
81 119
279 93
202 246
39 86
12 20
173 76
201 211
159 173
135 26
213 281
15 55
204 61
165 67
30 149
225 45
196 36
274 120
261 296
110 4
297 299
133 128
115 227
199 178
227 226
112 283
93 255
60 99
88 129
29 166
262 108
216 35
250 233
158 232
7 188
285 61
217 232
24 88
297 178
163 15
218 79
284 1
154 172
11 173
154 123
294 160
170 64
33 195
97 291
260 119
40 8
293 61
152 265
258 258
151 19
284 16
56 26
165 166
143 50
163 105
154 265
34 98
20 96
286 47
204 227
55 185
198 191
88 48
176 141
270 256
223 237
6 276
140 62
269 123
193 176
132 150
45 187
137 274
255 209
33 229
263 277
123 276
274 121
114 214
86 37
162 140
2 167
34 229
99 172
59 64
221 105
128 154
242 85
162 82
123 188
153 68
120 105
164 263
295 256
130 269
60 264
187 193
5 197
2 255
7 228
208 45
85 249
134 196
98 104
98 122
106 196
99 278
108 207
216 73
9 215
153 173
23 183
136 282
294 167
181 278
192 154
285 219
83 17
172 277
120 226
33 256
163 196
166 71
91 103
33 139
255 257
33 9
177 235
130 294
127 129
284 56
293 266
185 126
72 266
118 112
213 94
41 104
70 203
126 43
65 240
143 8
85 65
295 129
173 293
104 259
93 49
22 86
76 141
63 66
250 27
262 50
75 99
108 87
242 149
70 209
160 96
197 267
24 282
15 11
157 155
53 104
218 298
188 278
245 67
172 290
217 231
6 272
46 38
81 137
88 213
154 136
150 117
168 288
253 165
254 197
168 116
54 64
172 179
19 57
199 146
84 227
3 237
34 254
19 227
131 182
73 66
107 269
281 166
284 228
65 252
62 163
297 237
238 162
1 84
279 237
211 139
219 279
131 42
168 45
289 94
100 109
106 91
15 288
51 227
138 213
57 148
118 218
154 91
46 238
291 116
166 168
279 153
140 244
171 30
173 199
192 48
2 40
59 282
164 162
247 145
209 76
31 292
171 110
69 257
223 186
205 224
62 244
243 56
215 192
269 94
36 219
244 224
191 174
272 157
161 183
229 60
251 258
280 42
257 4
181 254
261 77
29 274
38 85
206 232
35 122
223 190
64 199
282 150
62 194
168 202
178 135
101 106
25 280
133 99
35 260
283 255
202 230
53 103
3 4
82 218
107 159
208 248
179 64
27 51
230 121
30 18
210 65
153 138
244 192
37 256
107 179
94 2
182 112
3 259
152 158
288 1
28 230
203 61
90 8
126 18
265 280
218 177
262 51
160 97
275 118
248 192
97 282
124 267
35 167
62 46
269 160
55 111
66 19
28 64
88 275
199 298
37 183
55 162
169 191
193 257
226 154
194 13
12 96
105 63
240 27
178 173
43 181
247 167
55 75
161 121
14 186
251 32
122 15
24 251
172 191
160 41
207 256
230 177
274 84
214 240
6 14
285 71
104 133
111 298
220 95
222 294
203 288
131 8
100 270
221 197
227 75
293 152
64 197
4 96
283 188
221 170
265 269
64 58
161 118
254 25
181 160
292 250
245 113
206 108
122 173
153 259
204 100
58 37
57 15
71 163
173 279
297 117
92 231
90 159
35 254
243 273
218 296
138 134
134 193
145 235
222 256
248 100
96 158
155 270
124 121
257 285
27 70
16 204
38 229
74 72
218 140
207 170
28 10
203 199
248 241
217 57
74 153
36 42
52 252
75 124
227 177
5 54
259 151
132 23
121 251
219 126
230 254
31 222
281 254
32 153
146 32
76 36
0 186
5 160
160 223
90 166
52 65
32 39
52 25
11 273
267 193
115 192
70 126
88 190
28 59
297 13
29 272
66 141
188 283
195 144
82 131
57 206
295 184
219 34
50 19
149 41
232 139
174 15
249 130
21 183
274 37
85 267
227 2
183 258
112 72
278 227
88 77
232 155
281 256
80 45
104 162
298 147
31 283
225 235
15 256
270 193
126 236
163 234
283 170
240 250
184 249
271 187
97 153
89 45
279 65
167 273
31 64
198 294
141 10
221 71
2 162
158 280
97 7
238 197
63 125
251 179
165 11
136 256
263 5
40 170
52 9
159 292
42 125
15 269
259 210
113 22
43 233
191 176
270 43
112 284
226 208
71 222
24 174
60 76
239 248
130 274
151 199
63 215
216 249
274 131
158 83
70 151
216 161
227 209
238 30
72 72
273 103
160 74
72 6
252 238
209 97
132 222
182 271
188 294
253 282
216 266
107 271
225 238
42 295
176 114
256 63
173 270
199 277
169 252
177 172
121 54
37 90
0 175
188 134
146 64
260 215
208 229
151 273
131 38
286 175
32 222
212 263
109 138
91 194
190 136
183 64
120 132
268 108
215 2
30 206
194 225
54 129
153 287
21 271
224 67
258 260
252 147
181 209
269 51
238 264
107 193
33 42
273 135
233 223
186 182
259 197
255 108
251 279
221 263
44 139
243 268
232 271
206 131
72 138
183 229
229 198
73 209
3 204
299 67
243 30
26 276
13 50
88 140
120 263
144 45
221 218
227 18
162 66
178 153
80 151
12 283
166 107
291 130
242 229
293 64
12 245
190 290
255 224
158 5
119 147
46 193
15 23
80 51
259 19
96 252
198 294
11 260
168 160
214 288
105 97
207 111
198 20
299 4
28 197
279 230
12 244
242 29
93 229
198 23
291 22
22 168
25 53
112 43
30 288
209 68
260 89
245 62
269 174
288 133
215 35
291 60
149 273
132 210
146 137
132 241
12 282
282 183
116 282
266 129
273 14
46 113
103 238
67 65
40 293
35 156
166 43
199 83
207 46
92 129
112 249
287 168
115 222
20 153
212 125
134 25
294 157
171 106
19 143
75 222
139 95
277 241
246 102
71 102
51 191
45 165
273 178
232 135
77 232
154 149
206 231
165 291
84 104
268 246
145 199
150 226
263 133
193 8
189 72
13 232
214 132
15 158
36 71
6 125
289 166
152 10
52 156
200 158
89 155
77 154
145 241
162 30
48 20
172 122
79 259
275 294
135 221
215 186
77 291
165 186
273 277
1 171
46 195
150 216
18 90
257 276
238 205
213 106
256 153
84 291
201 0
64 61
43 21
17 19
31 93
179 115
85 70
112 281
237 285
134 97
146 271
280 125
111 228
66 168
257 58
109 131
205 70
60 27
152 19
178 269
180 11
95 218
98 160
181 66
190 120
2 238
77 242
95 132
260 96
7 246
62 211
272 265
191 158
294 207
24 168
213 75
228 84
93 71
35 189
157 137
280 91
45 199
40 60
84 126
205 247
258 225
78 38
37 101
264 55
163 238
249 207
155 108
90 149
52 208
125 171
58 53
269 239
63 96
75 1
22 69
221 286
56 145
160 5
156 204
268 232
281 156
241 189
164 123
133 158
155 153
83 193
37 79
128 100
24 110
33 56
70 179
22 266
68 158
249 255
167 24
200 150
257 34
187 190
291 28
143 109
235 171
10 285
225 225
201 55
223 291
226 33
183 6
200 234
42 55
136 136
108 226
82 11
289 53
153 161
187 148
70 159
15 217
250 208
182 175
244 268
84 227
278 25
23 31
296 212
271 201
271 64
137 287
218 272
89 120
115 2
133 30
261 39
286 150
186 225
249 33
29 104
260 268
134 23
272 119
283 153
142 284
185 79
203 244
10 53
59 257
228 82
247 235
185 26
131 99
185 271
58 277
215 151
36 279
129 244
231 191
130 69
87 95
22 87
89 160
156 179
219 274
50 9
19 83
66 71
53 47
299 167
190 177
72 179
61 150
201 245
171 49
138 81
276 138
188 250
89 158
191 129
85 174
111 114
209 92
218 197
155 153
18 200
108 260
131 222
260 92
163 174
229 264
299 240
120 16
242 82
176 80
124 94
30 269
28 49
214 98
97 9
264 101
169 203
205 113
273 296
61 27
82 1
182 290
258 21
119 217
135 25
244 72
30 162
81 55
130 180
71 264
35 113
95 60
250 251
40 234
73 263
229 88
46 192
206 274
196 213
69 248
16 54
103 84
216 164
188 269
130 92
266 78
40 247
173 115
116 76
54 131
119 138
45 268
151 45
240 232
11 2
122 240
51 243
45 191
223 146
138 106
24 143
238 235
156 159
280 218
109 168
81 286
4 185
201 177
32 67
298 170
188 242
122 46
38 4
127 105
75 226
265 39
29 139
165 235
66 146
222 168
156 147
236 41
254 118
239 197
77 244
124 235
159 100
59 127
68 259
271 287
93 3
250 38
286 271
113 276
170 232
227 40
188 43
132 104
217 113
147 27
115 90
204 98
50 135
152 80
58 39
80 198
219 238
32 148
159 96
161 53
129 126
52 225
95 207
179 19
115 21
160 122
260 207
96 27
195 227
213 22
173 202
233 198
10 51
138 290
64 202
48 127
241 248
261 263
149 270
121 178
228 202
68 200
178 170
162 48
21 89
14 24
44 168
9 146
284 48
3 164
248 69
110 210
252 276
127 171
15 245
119 22
180 247
43 19
47 238
41 84
243 285
90 291
24 215
58 183
59 16
187 273
275 33
178 1
242 80
259 185
122 21
217 20
263 64
144 256
76 154
186 205
8 272
190 150
133 269
112 242
96 294
50 285
277 194
31 88
67 3
118 291
44 64
296 222
0 226
51 187
206 247
287 171
211 112
143 46
295 85
210 36
143 166
97 205
147 208
36 16
232 192
116 177
27 250
12 158
172 109
26 269
291 52
145 62
299 97
64 103
170 258
248 97
274 284
59 145
79 144
31 299
297 257
30 194
21 160
22 197
115 2
34 154
153 188
61 109
218 125
292 24
135 161
66 198
283 238
21 25
239 64
268 228
126 163
212 179
257 202
296 54
277 191
13 185
260 126
230 143
140 188
148 78
290 79
262 61
52 223
64 228
188 167
156 160
212 281
139 91
2 151
248 295
149 248
187 34
76 215
242 195
134 269
82 273
131 242
151 295
275 87
193 33
32 148
41 161
177 285
246 51
221 253
28 91
192 155
179 244
89 67
225 292
45 195
36 289
136 83
82 233
136 14
210 127
89 107
99 180
153 254
169 178
227 248
271 48
131 68
253 38
115 0
39 85
259 83
228 2
64 23
278 4
293 63
278 11
65 147
132 179
288 21
223 105
282 267
217 32
44 37
201 215
51 168
57 199
69 105
147 294
91 26
229 85
32 271
281 122
74 55
255 264
264 245
147 205
13 289
251 185
21 272
288 223
235 86
257 31
235 12
59 52
76 136
25 15
257 233
59 269
65 52
246 221
112 89
188 52
56 64
55 64
194 21
248 102
78 44
179 191
154 65
256 84
70 166
198 185
59 27
110 281
123 94
26 74
209 43
25 138
124 182
199 62
268 210
229 174
47 294
256 175
214 241
83 94
181 236
60 64
1 53
61 219
162 178
268 125
84 281
287 120
208 109
257 222
146 30
107 145
145 236
299 147
123 277
10 142
169 230
51 173
154 63
268 39
183 287
36 94
7 197
0 288
123 114
203 150
55 287
41 92
146 0
218 32
275 70
185 209
165 183
171 175
27 99
85 219
275 131
113 244
29 29
113 214
22 211
297 11
20 261
111 158
92 181
275 297
110 250
229 246
2 297
233 229
291 13
120 42
277 6
58 291
246 241
81 262
275 213
26 243
19 260
156 93
38 165
19 295
257 68
244 121
112 25
34 272
107 212
91 75
136 68
93 75
89 269
114 175
64 238
50 221
25 167
264 281
49 272
125 107
299 163
218 79
159 10
115 69
150 74
292 88
230 21
203 27
11 86
167 162
225 206
152 62
288 84
237 189
39 287
270 96
267 218
153 117
191 204
53 136
107 62
267 222
273 198
68 241
272 53
206 82
148 255
260 281
298 107
165 185
242 137
230 236
29 194
8 19
137 241
70 172
18 262
198 151
85 190
206 254
230 226
170 216
165 9
169 52
134 36
89 250
290 100
48 23
277 220
203 61
198 224
121 231
164 205
199 94
120 224
56 40
59 59
88 29
290 209
244 192
159 15
191 106
4 164
184 217
43 76
20 93
55 68
177 146
230 123
270 41
230 272
22 125
104 94
40 162
283 133
228 210
10 143
126 118
78 246
288 185
215 294
141 162
38 174
92 267
15 61
154 213
274 226
144 82
261 71
252 93
299 120
189 114
252 67
277 149
40 185
3 293
159 228
252 249
156 21
168 64
216 54
79 211
149 244
134 76
85 261
40 274
220 223
63 140
78 152
176 40
25 178
19 120
67 290
183 187
110 48
8 283
282 131
148 61
136 70
278 238
223 222
203 202
247 118
215 184
286 259
236 269
233 78
44 20
150 30
12 110
236 224
254 173
159 210
254 87
161 141
148 265
166 202
14 277
30 291
30 37
167 77
6 138
28 21
255 278
286 289
73 6
153 9
230 24
26 125
234 87
282 35
282 149
96 258
226 290
187 18
128 24
235 38
53 204
71 139
67 217
92 275
282 186
9 88
185 207
133 295
16 105
290 286
129 277
286 55
264 15
250 132
162 280
292 35
120 233
140 74
116 210
169 120
160 269
185 149
26 226
43 31
10 137
108 114
120 141
82 227
16 181
181 209
292 52
171 35
177 284
76 259
13 173
124 28
127 299
209 94
21 178
0 190
93 13
5 17
28 284
228 55
10 125
269 246
274 74
279 195
299 32
296 85
242 122
118 195
142 102
247 82
276 229
185 27
22 2
80 76
191 66
175 76
253 103
141 23
158 183
160 68
227 28
228 291
97 142
124 264
157 16
178 170
166 159
227 90
187 175
104 3
41 184
213 12
82 13
96 135
225 65
227 121
92 103
133 50
101 37
284 37
207 246
158 109
56 213
155 104
273 176
68 186
111 39
282 62
116 112
68 285
95 197
225 195
218 52
201 163
297 207
215 11
195 275
25 181
98 91
11 78
183 29
277 10
159 152
214 190
263 110
35 253
184 189
101 258
67 78
109 34
201 258
295 289
211 228
145 202
155 63
205 134
111 108
143 178
26 3
0 64
230 167
291 285
84 12
185 258
110 145
246 168
73 276
62 255
239 85
94 226
294 197
284 189
258 14
299 30
206 50
94 104
67 68
77 245
86 163
63 39
85 29
176 56
141 289
158 134
225 288
3 110
259 102
277 72
82 10
215 251
159 25
31 23
161 208
291 103
43 213
58 3
187 185
83 227
246 58
276 188
235 52
66 93
51 78
28 180
93 18
181 161
20 173
43 278
118 102
165 28
79 21
217 3
160 21
93 21
299 296
156 47
283 106
235 147
179 182
105 165
34 210
120 237
203 21
28 152
213 21
292 173
282 13
140 72
185 33
130 233
38 245
46 139
275 18
91 248
277 102
185 75
264 66
134 254
276 281
280 153
103 209
114 171
49 162
232 165
217 137
62 247
95 127
272 74
198 93
284 192
35 84
288 27
13 296
127 249
144 267
262 77
97 283
249 298
283 188
95 169
145 254
242 128
87 229
171 127
208 56
267 108
235 219
30 111
7 299
230 181
10 214
208 40
123 282
164 80
35 129
280 98
8 230
130 270
134 166
179 135
76 206
163 237
26 44
155 293
111 75
12 151
275 136
90 244
288 184
79 154
204 271
150 149
40 110
45 233
273 182
208 256
61 196
159 161
148 242
249 291
222 77
197 149
133 38
15 182
3 4
139 248
139 196
175 94
219 252
242 210
113 138
48 22
117 295
124 202
41 123
250 18
183 276
31 211
275 183
232 35
244 146
170 15
187 191
94 50
189 24
251 226
262 51
143 5
230 126
115 45
279 243
140 249
99 28
283 161
7 44
270 112
93 133
134 118
141 121
191 142
8 204
53 98
171 158
229 176
192 111
17 243
148 96
169 141
220 202
215 207
246 21
230 116
234 251
285 297
299 290
205 204
75 268
269 72
51 72
189 14
96 234
11 216
130 48
248 227
1 22
72 82
263 229
200 102
169 148
125 33
159 288
106 216
28 100
167 118
54 209
170 94
51 155
223 221
183 76
120 219
291 293
28 68
269 110
25 105
140 263
49 109
2 100
243 191
82 56
78 91
101 5
236 225
159 60
27 115
2 111
126 163
294 195
276 174
151 189
249 153
57 54
200 254
95 191
8 50
299 284
41 22
172 143
208 162
48 144
177 133
189 161
16 5
16 289
15 51
67 22
165 259
293 183
2 151
172 279
54 239
41 155
150 51
98 222
27 133
167 97
58 29
275 166
198 275
82 259
196 21
226 172
135 155
28 260
276 134
230 39
186 282
26 157
36 156
157 58
114 127
30 102
291 40
103 293
223 280
292 112
92 222
165 51
50 197
130 91
196 170
219 117
43 131
89 170
253 232
291 268
207 133
233 195
282 2
129 122
98 188
25 246
248 26
30 19
26 4
198 233
210 29
299 132
70 148
256 247
290 214
100 43
135 282
34 218
36 99
77 55
206 283
16 246
258 277
170 267
100 41
215 162
212 127
286 15
86 247
29 27
114 67
186 125
172 242
114 276
139 156
104 223
30 266
26 40
163 55
227 140
287 285
9 291
253 110
177 65
100 118
179 45
240 272
147 287
292 160
265 192
240 33
189 196
171 151
90 7
192 93
11 241
217 37
181 62
238 259
175 45
180 206
204 31
46 280
222 252
80 227
188 114
101 31
210 236
190 282
80 122
136 165
205 115
244 57
247 282
90 183
51 243
143 13
138 33
60 88
260 63
20 176
1 18
233 207
124 138
226 137
39 7
21 54
112 22
57 14
284 89
195 15
156 219
183 76
92 2
31 36
71 269
209 266
49 107
7 157
212 226
150 127
252 83
242 39
276 231
122 78
82 122
36 216
279 162
75 252
113 278
232 114
252 116
117 8
92 190
188 68
191 220
253 236
146 35
181 172
214 289
297 20
265 32
199 224
81 267
8 19
15 114
151 249
217 173
124 64
30 152
33 111
197 60
285 134
205 235
7 185
62 54
16 194
140 87
111 265
141 208
212 284
75 79
236 171
209 148
80 265
117 51
204 294
0 243
45 158
114 90
268 11
11 45
34 296
29 31
10 228
202 135
109 252
185 248
260 171
93 246
135 175
109 58
252 269
200 66
10 114
134 129
37 38
141 189
208 72
6 212
4 157
246 15
18 88
5 143
130 79
275 53
220 226
118 47
239 298
24 256
251 293
180 144
289 110
221 275
259 290
141 258
140 10
199 151
105 287
98 4
218 264
22 138
203 151
97 265
7 92
186 154
124 26
48 14
294 103
12 185
88 237
193 71
71 7
122 48
291 95
68 270
230 10
199 84
276 121
69 209
148 211
29 221
144 269
224 36
208 66
283 219
41 169
258 262
75 95
98 170
229 166
122 77
151 265
286 35
74 163
257 134
260 69
9 160
139 93
156 10
175 258
195 70
77 177
193 254
220 17
243 266
189 195
288 2
249 61
278 190
10 1
55 278
149 19
161 94
242 135
282 249
176 248
27 143
96 183
120 159
122 234
89 53
254 135
266 4
186 259
242 104
142 262
214 69
237 276
38 187
213 51
183 142
170 149
25 94
1 216
214 299
221 134
195 167
250 233
46 281
228 187
71 244
136 43
28 298
204 24
94 258
189 146
65 289
295 108
193 204
57 108
83 249
98 0
11 244
213 214
126 110
182 79
198 119
161 0
131 89
217 170
212 109
201 9
227 209
33 240
226 211
187 250
240 93
43 230
268 48
52 170
123 216
189 143
30 36
1 261
272 85
73 152
12 192
209 62
231 106
54 76
98 61
232 229
223 76
199 228
211 136
5 213
107 182
56 262
136 64
167 108
297 211
276 150
155 99
76 242
179 45
256 13
93 251
209 88
209 46
172 298
45 0
128 219
186 144
144 183
299 260
140 44
21 119
109 109
151 123
24 65
256 275
190 82
50 119
105 284
23 261
240 293
224 235
240 260
174 163
262 29
23 12
39 189
203 228
55 292
230 2
161 42
244 252
18 253
149 132
75 164
63 6
214 91
138 143
199 16
178 202
97 135
22 270
192 78
38 18
191 231
87 281
165 159
288 23
122 57
135 282
247 123
148 17
61 113
243 125
246 129
229 67
254 184
137 266
26 226
196 250
258 273
25 168
145 136
215 31
157 232
159 161
69 232
247 104
179 133
46 288
176 208
4 195
63 254
82 104
177 71
265 13
63 70
134 208
143 179
237 51
226 28
90 40
223 22
53 97
150 244
204 192
247 37
112 183
64 123
114 51
82 161
117 159
119 114
18 275
207 196
139 122
148 177
279 75
299 241
41 84
7 51
254 103
197 31
8 209
160 68
29 136
273 238
274 267
36 29
222 255
203 119
4 161
277 90
92 202
293 161
90 127
45 164
13 244
221 273
137 118
210 278
241 214
155 35
18 102
256 188
188 18
211 246
262 222
165 152
181 246
125 222
260 103
250 101
246 147
295 132
62 92
32 230
268 107
232 239
46 117
96 200
153 259
275 34
171 20
136 92
262 3
28 299
54 131
145 67
121 264
36 57
48 229
192 112
103 173
42 187
180 203
36 71
60 240
156 244
261 70
99 141
26 271
63 109
99 278
253 54
73 277
182 235
181 255
168 154
131 252
125 146
179 299
239 251
29 281
85 131
264 223
279 290
253 22
106 166
123 21
286 230
219 165
15 231
215 4
227 57
147 8
218 297
159 210
198 299
158 198
85 180
250 123
263 267
62 66
140 141
20 137
36 107
208 243
155 260
291 250
190 112
159 26
183 141
82 258
124 27
267 157
220 191
282 42
173 40
204 73
8 8
130 41
141 41
63 78
91 218
250 278
113 21
9 25
101 297
87 167
143 16
90 207
10 245
170 36
235 216
132 224
258 100
265 61
50 217
249 24
184 142
34 243
144 126
273 4
8 234
120 159
15 157
277 60
150 57
23 31
239 46
250 198
76 23
68 251
130 247
182 96
119 79
99 258
60 146
238 260
5 104
262 43
139 120
86 203
194 102
272 45
155 284
14 124
150 276
171 185
43 70
171 179
152 3
179 200
95 55
71 245
286 92
234 75
295 219
104 144
286 288
297 287
297 151
163 192
185 233
127 17
14 31
98 85
192 157
260 230
255 223
216 194
276 250
215 46
213 215
79 88
255 85
229 214
151 45
67 99
11 100
172 262
43 182
147 292
109 297
211 40
299 19
98 12
155 162
260 237
55 66
50 81
209 33
170 193
23 72
194 129
4 47
138 132
45 289
173 99
126 285
81 165
262 177
171 294
163 49
254 64
40 229
40 12
37 125
79 75
288 161
2 292
267 143
96 293
225 252
74 73
224 117
297 78
132 156
265 231
117 200
259 130
267 33
263 70
254 292
173 185
160 65
226 37
139 159
104 134
80 207
236 128
209 210
70 173
295 68
23 61
142 79
142 29
255 193
46 197
4 176
115 209
55 203
197 187
173 247
82 227
124 179
139 84
258 284
9 3
265 94
25 52
80 257
194 69
47 31
288 121
197 263
17 18
142 289
218 279
129 222
104 177
76 90
182 127
193 48
87 174
25 173
50 185
171 203
83 142
41 85
51 149
73 20
83 242
27 245
295 127
91 108
128 20
153 260
73 94
199 223
226 295
50 219
73 169
211 44
272 18
189 242
271 22
179 154
203 165
44 43
271 79
79 128
76 22
121 98
267 46
211 125
45 125
30 95
211 277
36 76
31 194
228 264
66 293
162 90
205 183
226 214
168 160
72 299
290 72
108 65
148 131
41 194
39 87
220 73
17 134
198 264
200 223
80 195
74 239
277 139
271 97
71 270
19 245
91 95
147 288
134 14
56 147
191 81
113 86
58 138
92 193
142 62
254 279
55 202
44 218
211 246
252 166
48 62
19 224
24 268
91 196
34 44
28 194
212 32
41 148
1 177
146 167
261 163
109 212
153 84
11 253
166 68
118 175
228 62
35 60
286 37
5 295
255 26
214 64
299 295
221 163
75 159
175 85
64 6
268 257
119 292
254 15
165 8
144 60
227 203
15 123
261 84
115 45
84 41
18 55
272 4
202 51
122 282
131 70
177 249
167 128
165 290
270 110
272 138
294 57
84 152
39 140
214 243
295 125
212 151
291 34
70 68
281 245
97 165
93 185
2 147
49 176
252 85
11 172
88 116
29 168
257 47
223 282
0 95
149 138
223 264
77 176
184 266
141 256
296 99
231 63
94 168
10 230
34 166
288 52
257 95
120 101
296 5
161 285
225 22
280 85
34 123
146 49
46 207
222 92
160 277
22 221
189 141
18 204
104 63
181 260
42 55
224 92
141 181
86 287
230 245
2 153
286 225
99 72
169 53
251 158
277 24
250 105
112 188
172 129
271 82
199 220
54 176
149 283
143 98
178 214
50 46
109 166
112 144
152 294
254 45
56 297
167 137
59 78
74 242
140 149
156 249
67 286
132 106
86 31
265 65
96 279
63 71
285 94
5 237
249 130
12 86
6 245
260 165
109 195
59 291
146 153
160 215
84 97
203 31
162 111
202 107
262 118
217 108
142 104
142 110
88 282
198 240
227 18
10 262
49 267
47 233
26 283
62 257
89 246
236 131
159 41
13 142
142 10
56 75
69 119
112 215
48 168
66 293
219 267
6 65
52 177
111 74
83 261
72 250
108 220
84 134
244 35
263 236
59 12
100 139
65 131
275 269
75 249
275 241
173 116
203 92
135 5
143 40
114 110
273 162
159 187
252 255
187 99
3 120
249 183
195 261
90 280
113 170
228 82
131 187
28 286
173 247
150 235
298 255
252 117
165 243
31 289
123 126
124 189
185 135
178 149
264 155
206 53
222 42
118 78
231 232
111 43
236 22
253 161
295 158
279 241
100 154
44 39
281 58
269 199
8 37
61 238
32 178
144 158
118 191
291 165
133 23
10 168
194 79
217 37
179 89
19 288
180 54
0 30
299 61
289 279
276 130
233 76
272 96
96 209
259 136
97 291
205 52
7 113
118 33
256 76
12 75
143 6
154 298
151 82
82 175
167 268
30 126
116 266
16 215
252 26
194 266
226 119
9 156
52 18
207 159
264 250
87 81
159 267
118 240
256 104
242 43
205 144
159 249
40 83
29 43
192 238
12 279
183 285
177 227
86 33
151 23
123 217
92 196
212 287
292 97
69 179
128 141
266 66
196 80
45 260
155 179
264 24
296 291
297 262
296 220
200 81
195 133
161 65
252 264
202 251
248 186
243 89
275 2
123 223
156 260
171 230
3 158
128 249
129 289
4 247
62 44
55 215
131 250
149 86
54 56
66 46
198 283
192 296
277 279
163 52
122 62
76 142
3 146
45 75
48 186
6 12
194 286
116 119
117 164
231 279
71 228
235 286
245 257
193 39
208 201
111 20
218 52
210 154
207 38
217 156
133 73
130 3
102 79
210 299
152 118
254 169
267 152
71 132
178 204
270 284
10 97
238 178
252 3
274 237
2 26
27 122
32 198
223 125
156 67
195 7
202 12
178 186
272 172
142 105
287 184
155 198
41 37
19 195
276 276
81 186
60 188
72 128
33 56
27 198
35 89
65 205
21 179
227 19
126 11
206 79
14 105
299 180
277 126
123 297
211 7
222 178
252 231
1 81
176 292
4 119
55 66
115 98
270 158
264 65
182 1
244 286
83 28
143 219
297 223
66 286
31 159
12 220
179 212
282 42
258 41
225 147
86 30
93 229
77 169
271 242
202 129
220 24
263 152
3 46
179 67
16 37
253 93
33 42
73 14
19 175
4 103
299 5
191 213
202 200
219 31
185 235
68 264
10 55
14 48
192 56
100 21
91 201
189 171
195 176
69 15
225 220
168 188
150 154
86 232
59 204
100 122
116 40
157 242
234 104
98 114
250 100
196 284
226 259
230 64
152 244
20 258
231 56
34 266
17 73
0 226
116 240
262 57
228 43
184 221
89 129
11 110
267 131
248 157
152 124
27 58
193 125
254 169
66 242
21 168
231 286
220 27
286 71
255 145
217 220
40 165
68 39
187 66
125 147
117 289
85 245
145 144
11 217
103 281
86 17
67 146
103 199
251 212
146 217
91 205
69 159
295 233
165 62
276 255
172 159
183 288
139 204
174 70
103 286
135 220
73 29
277 188
145 164
106 222
287 150
79 268
198 93
148 243
107 213
215 50
68 212
287 240
42 47
223 204
75 290
124 221
41 100
91 222
250 96
274 65
283 225
6 120
299 222
298 163
98 60
42 262
241 30
115 60
144 295
35 242
110 94
30 40
40 250
146 45
10 54
251 247
184 233
296 287
12 48
129 78
24 40
165 149
8 152
114 164
225 202
144 160
98 112
100 236
31 32
267 202
119 67
168 297
221 284
298 158
273 114
159 81
137 119
28 154
64 180
140 142
226 89
131 152
133 97
36 89
250 291
242 214
33 9
246 98
61 61
62 2
100 166
69 8
50 22
72 144
102 62
169 166
291 125
258 108
192 28
113 143
130 181
289 34
0 5
245 65
151 54
4 285
37 299
215 62
146 296
181 61
193 165
285 73
112 242
165 25
219 3
35 45
295 110
238 0
297 257
269 110
189 163
173 90
59 168
185 70
215 213
207 107
53 136
18 184
285 258
237 197
289 205
129 69
150 245
38 199
209 284
287 31
30 191
155 240
295 225
2 236
190 167
215 94
178 0
60 82
74 63
254 130
236 262
153 278
281 293
255 10
233 184
204 100
41 53
209 17
227 68
217 14
83 112
169 283
41 94
281 285
97 230
78 141
120 44
30 135
204 87
294 50
250 151
1 99
153 264
95 40
227 18
103 26
122 230
209 171
164 259
5 115
286 234
54 34
39 132
262 78
110 31
165 281
246 24
262 189
45 266
167 273
194 118
233 157
106 189
274 114
60 93
57 197
26 1
98 274
45 155
208 190
87 31
97 272
46 117
198 148
232 285
263 262
274 122
231 89
299 34
87 247
235 197
9 251
185 180
76 18
299 103
79 125
218 148
260 39
118 57
121 36
28 97
266 187
117 291
261 52
142 125
120 176
142 198
198 43
67 268
234 244
80 215
297 3
177 138
32 32
249 171
147 63
30 250
281 137
205 232
56 122
261 227
95 16
172 195
133 172
146 270
42 293
178 102
72 100
20 205
90 53
297 47
268 88
106 207
63 126
170 30
190 174
253 22
237 78
175 103
210 148
22 234
205 53
262 52
85 196
246 30
79 8
113 192
248 191
88 59
112 112
245 44
178 230
199 111
154 4
148 11
283 232
23 248
181 268
168 37
239 211
65 244
299 62
149 110
159 21
183 65
31 84
96 221
164 271
37 143
292 99
203 23
90 133
180 168
193 167
116 296
269 196
102 63
246 240
15 227
228 192
159 122
50 152
104 134
169 219
259 260
110 225
187 242
137 7
156 238
104 260
37 29
295 207
189 192
252 290
50 289
83 44
55 178
146 66
231 243
6 271
26 239
223 198
4 201
267 140
256 159
148 175
132 203
246 187
17 155
64 21
148 76
179 30
14 22
30 8
30 52
186 244
196 107
203 163
61 231
166 171
252 257
223 166
169 229
173 239
9 187
288 119
268 238
254 119
52 196
264 34
154 58
228 20
127 254
108 31
104 78
285 46
140 230
267 142
276 31
124 195
140 89
106 221
266 274
292 188
163 15
182 8
9 270
109 120
18 91
103 28
196 6
278 168
96 84
134 244
160 90
220 244
205 180
191 141
110 161
238 243
55 18
83 122
203 102
249 145
100 6
238 56
248 226
142 155
158 293
288 240
103 164
223 33
237 163
35 193
185 215
199 40
291 121
186 100
131 233
99 191
138 97
69 59
176 103
248 63
193 216
124 276
258 172
33 231
36 287
165 175
194 84
76 153
38 25
186 249
29 140
117 201
56 130
185 156
224 195
29 4
203 275
53 221
83 141
295 10
32 238
89 87
51 281
155 136
110 287
276 112
20 252
108 115
259 240
70 70
201 203
180 207
134 114
43 181
182 253
189 117
163 214
112 163
55 205
229 93
185 201
298 270
61 12
282 197
99 130
57 126
190 270
279 178
270 2
278 230
238 298
238 208
274 162
15 80
277 81
266 165
161 201
155 30
106 182
152 34
153 155
17 17
86 277
49 15
178 68
7 298
169 122
251 72
145 122
279 65
43 137
265 163
183 178
88 227
161 137
293 83
297 5
158 28
153 284
152 35
233 149
262 280
3 136
259 199
258 196
86 137
236 9
245 36
112 151
162 98
203 141
105 239
250 145
279 265
228 154
174 24
263 33
199 247
27 18
57 264
211 285
160 113
139 287
146 208
124 236
4 30
53 100
6 121
205 242
172 273
19 264
49 134
250 22
120 153
19 203
121 265
206 64
101 238
202 54
262 220
179 98
86 139
107 75
254 221
55 119
48 7
109 200
12 262
272 141
87 133
74 212
24 91
283 204
229 280
275 148
110 296
140 163
14 253
112 45
117 289
252 188
198 216
142 73
35 44
240 92
109 46
127 136
211 203
182 190
278 227
92 163
224 22
146 166
24 86
35 210
208 196
295 197
73 146
173 86
257 197
66 17
95 151
203 176
264 177
296 186
237 244
204 3
180 25
147 9
127 297
24 147
112 154
270 40
138 142
161 65
272 94
114 143
107 102
246 89
208 149
136 267
25 200
147 192
184 107
193 53
214 64
239 209
158 37
290 285
242 167
297 268
96 2
14 214
62 82
81 297
9 127
141 122
43 96
212 68
186 215
116 242
84 200
273 253
86 44
259 200
290 179
251 161
7 256
122 121
262 81
43 206
87 201
204 126
11 268
277 11
140 1
134 72
252 216
292 54
234 127
207 72
236 95
190 219
267 152
34 171
126 135
6 135
71 19
62 246
22 77
121 197
197 252
118 192
127 193
175 205
11 261
248 297
48 292
147 260
84 9
70 37
247 208
149 288
36 52
98 154
259 195
240 178
54 61
12 185
114 131
47 68
63 225
191 33
268 87
86 120
293 145
143 226
226 103
47 6
206 198
156 172
289 259
200 290
58 21
125 239
170 31
0 145
268 138
60 117
184 17
83 230
116 255
163 177
290 199
212 286
164 67
80 5
245 172
287 133
143 49
127 105
215 39
256 148
269 69
89 78
187 122
177 67
27 67
12 80
77 49
278 33
83 73
136 175
148 198
116 151
34 205
250 13
197 71
137 150
62 65
82 15
40 54
146 276
99 35
285 292
163 69
164 170
78 255
256 163
293 261
240 250
266 68
242 136
257 255
200 97
165 204
84 171
25 96
67 96
111 49
111 39
141 267
100 91
221 257
14 197
135 233
250 280
83 9
153 194
237 140
97 239
225 42
95 67
140 213
24 68
44 73
173 81
207 25
92 237
144 289
163 33
113 267
93 158
41 190
158 124
8 132
72 68
129 105
238 16
112 160
171 288
29 38
130 155
146 206
181 155
128 224
15 13
112 83
294 154
83 140
183 294
239 290
269 77
146 85
10 217
71 85
196 135
193 46
292 227
265 266
36 146
284 256
286 225
136 131
149 268
47 12
215 162
294 171
13 195
175 87
228 151
231 140
231 108
199 180
103 193
193 205
72 57
10 178
50 165
141 7
271 150
234 62
4 67
253 77
288 156
25 2
188 48
56 17
103 152
237 69
62 67
1 266
177 124
208 204
281 171
27 136
207 103
139 257
116 107
211 283
128 212
273 235
183 12
216 29
113 18
140 256
137 42
104 159
264 189
125 75
53 7
28 16
220 204
283 38
286 52
204 146
18 60
146 75
0 133
195 203
237 220
253 140
44 132
229 287
182 123
209 130
72 261
272 53
285 15
135 10
147 149
241 183
265 202
58 67
84 72
172 124
171 281
297 220
211 120
68 212
177 77
96 62
111 227
187 32
285 194
1 79
93 215
62 23
283 286
35 253
251 28
57 294
210 141
122 32
132 82
100 48
95 238
117 64
138 72
229 148
290 31
292 47
6 98
246 55
181 31
3 74
91 216
192 225
23 280
189 251
131 119
19 176
273 267
240 286
233 6
243 43
257 198
162 167
269 182
207 284
60 113
171 231
151 101
260 124
159 236
10 299
15 189
288 286
254 36
267 168
257 34
176 61
149 267
290 93
236 289
201 231
155 120
25 163
134 171
235 298
274 257
197 269
262 73
67 0
108 26
215 134
0 31
253 151
52 201
269 230
184 286
39 77
284 75
70 178
226 94
295 129
243 200
113 236
98 16
249 81
279 159
241 29
158 5
83 12
111 214
26 221
110 257
175 53
273 108
96 20
162 167
121 228
199 280
163 110
98 211
263 116
40 69
182 125
13 41
24 67
78 117
292 171
49 284
66 175
78 274
297 2
259 149
142 87
32 147
0 1
23 24
205 48
281 18
45 119
111 276
131 254
219 103
158 62
64 239
280 12
87 3
282 146
108 89
210 35
48 20
270 22
68 17
89 179
244 110
5 12
113 17
12 23
293 162
288 252
119 270
148 117
129 293
140 24
84 182
165 220
42 133
182 162
113 76
294 249
12 5
31 135
76 141
115 44
266 284
275 27
165 36
155 32
27 285
251 3
77 166
80 39
296 279
145 196
215 68
77 64
298 71
60 1
1 93
205 121
147 196
225 83
135 44
25 238
40 91
21 169
269 68
99 199
168 252
0 156
1 150
184 34
283 25
0 109
42 58
178 6
11 137
258 231
250 152
198 58
116 84
116 34
12 225
281 225
109 182
51 94
199 266
166 176
94 249
242 285
161 267
225 37
235 140
136 146
288 99
166 86
236 239
280 111
223 44
195 160
104 162
75 190
195 251
105 24
261 205
52 175
248 30
39 256
229 90
131 262
12 227
81 7
159 136
271 294
114 97
233 111
27 17
193 34
50 293
174 93
153 198
63 220
276 160
65 4
110 294
231 8
126 50
152 213
278 115
120 150
4 187
22 193
13 149
177 265
197 148
267 104
164 114
148 147
222 258
105 116
190 205
293 255
28 147
166 205
275 30
30 129
21 169
43 135
149 264
89 252
109 56
172 257
145 294
219 95
272 103
80 20
97 264
29 219
186 283
74 139
13 206
292 59
223 83
280 99
286 178
113 40
165 264
193 1
125 209
70 130
91 33
2 257
54 287
31 197
226 278
87 268
74 143
22 56
143 102
140 265
203 119
138 27
168 245
223 189
228 4
95 186
44 254
18 150
281 135
108 150
274 73
154 27
66 285
298 123
113 66
86 74
36 161
23 224
225 83
242 128
3 159
168 270
126 33
252 295
2 116
264 268
261 146
175 83
13 259
47 219
299 132
200 12
14 265
3 137
256 278
172 107
4 211
87 249
219 23
45 256
65 76
57 5
9 15
166 138
156 81
66 203
146 114
156 118
55 215
145 225
216 70
211 282
213 168
66 177
163 174
93 142
32 267
36 279
209 84
263 125
212 272
228 28
4 192
27 99
37 0
193 215
263 121
73 11
223 67
287 168
41 107
265 277
14 54
227 78
228 24
281 258
203 283
13 7
11 35
155 118
10 219
58 154
81 127
91 49
92 180
86 149
103 149
19 50
144 44
173 228
248 29
116 240
126 250
182 252
213 119
204 264
170 295
231 203
230 8
51 264
147 173
205 91
27 26
130 5
29 255
41 253
193 207
33 295
71 164
50 190
162 107
55 43
243 136
35 149
73 178
205 237
98 247
145 239
141 50
67 39
185 47
254 245
214 29
249 96
34 153
205 279
39 255
209 285
174 235
130 121
31 220
14 70
279 193
150 194
221 228
58 52
120 70
16 111
113 264
0 293
244 107
40 146
227 130
109 109
208 89
238 288
287 168
162 107
233 257
293 174
168 269
259 64
233 262
138 132
198 206
253 149
213 293
34 117
0 220
160 133
48 149
145 92
191 244
153 161
85 134
219 109
99 49
233 145
118 216
195 44
2 250
150 232
82 264
15 223
215 15
2 72
284 51
64 207
247 269
68 32
299 97
170 240
242 28
116 227
6 212
146 156
192 128
228 7
87 123
225 16
251 126
125 214
139 7
295 178
252 59
243 200
32 291
79 215
246 29
246 184
99 29
239 270
33 97
34 291
204 265
157 44
124 74
231 10
183 42
238 234
64 121
165 112
221 293
105 166
230 214
209 142
112 106
108 138
46 15
109 261
164 60
226 279
275 188
28 107
160 167
187 185
188 9
189 208
125 262
100 299
40 17
121 122
6 262
150 26
116 266
261 51
65 133
218 4
226 9
32 96
61 198
279 297
65 289
247 16
289 180
135 158
107 87
291 67
271 56
230 161
24 291
11 162
281 165
266 147
56 28
222 167
160 156
275 83
52 38
171 292
259 240
174 174
292 172
264 42
2 154
43 15
30 102
253 33
107 234
27 216
50 3
238 0
258 22
149 250
288 269
123 146
110 211
27 178
206 213
153 290
126 299
199 114
108 145
206 146
202 65
29 256
276 12
62 108
100 225
248 45
16 214
75 192
251 113
22 230
86 158
235 217
242 189
75 134
255 177
231 209
125 111
41 61
117 293
103 29
50 293
267 201
3 288
118 12
216 185
174 85
206 176
226 47
144 189
255 165
154 11
203 127
28 170
48 90
128 77
297 110
28 294
38 47
184 246
19 72
221 190
183 139
126 210
160 278
130 115
288 285
162 137
91 19
70 276
90 47
137 24
274 20
126 186
38 14
177 209
229 151
236 223
201 146
279 73
286 130
148 219
222 53
161 18
18 259
140 158
87 150
74 52
41 250
255 216
113 3
245 297
67 275
273 31
133 274
152 166
207 153
67 275
113 6
29 172
76 92
25 153
273 175
139 62
102 216
228 127
134 187
284 14
100 179
121 103
143 159
174 240
76 206
128 63
33 288
160 298
110 60
179 156
256 228
131 108
240 291
271 93
200 189
86 228
76 44
5 282
126 49
74 60
14 82
133 116
243 83
179 239
72 85
37 173
228 54
257 93
3 77
58 25
269 92
296 212
167 73
225 117
198 142
7 20
87 267
186 37
34 153
220 41
84 163
51 73
158 1
114 189
240 254
120 230
152 171
50 7
37 18
68 63
266 25
147 257
151 267
268 108
268 195
173 248
129 144
16 55
191 49
140 298
184 37
111 122
131 113
58 28
64 139
275 134
241 27
12 148
112 231
270 131
3 111
233 112
260 105
150 157
152 208
272 209
163 78
100 219
154 297
91 31
132 238
171 93
110 219
39 75
210 292
9 121
95 167
259 124
152 221
162 250
108 183
225 286
198 63
89 176
193 59
228 186
288 52
99 196
179 224
94 27
155 106
160 7
245 276
99 246
39 61
31 237
153 58
149 122
131 299
162 294
76 280
90 99
50 37
63 54
266 16
33 220
154 29
179 291
276 20
183 165
62 89
241 76
153 253
40 230
9 189
69 222
185 157
219 107
22 1
136 43
188 147
132 122
114 85
106 43
36 174
47 220
107 168
132 291
4 21
161 290
200 279
256 77
136 16
12 166
194 193
1 57
166 50
31 155
180 258
186 183
268 188
154 57
71 231
9 242
258 118
265 281
58 273
111 200
156 208
105 237
23 46
39 23
100 260
34 221
141 235
46 95
167 209
142 77
215 239
255 79
184 106
159 246
192 180
38 64
60 37
93 107
243 260
178 237
162 211
148 148
281 52
284 295
90 59
254 67
248 87
259 225
262 24
283 162
32 182
31 72
67 238
57 240
221 44
3 159
178 199
240 62
233 53
260 239
294 29
241 201
229 166
5 299
282 104
49 229
7 146
14 284
152 126
57 142
252 180
28 204
157 215
228 296
272 215
129 255
188 293
120 297
127 199
95 37
94 215
243 22
292 199
232 266
192 92
30 192
53 239
100 165
40 158
208 74
183 9
280 182
8 26
88 248
188 173
296 201
267 127
132 226
68 118
204 238
34 53
261 28
82 186
203 199
50 253
76 151
162 67
195 280
36 49
97 138
163 242
257 147
7 174
56 22
90 112
115 74
154 252
234 203
88 74
120 98
34 245
161 178
107 74
3 30
76 115
182 254
208 147
72 115
115 74
17 99
223 162
237 209
214 61
177 106
230 133
1 194
68 85
253 107
234 118
99 286
49 276
88 134
259 276
58 8
187 89
257 27
180 33
66 236
220 209
126 289
178 161
163 171
220 226
42 197
294 117
235 73
243 239
283 67
227 143
90 25
112 200
85 134
255 175
142 130
142 60
3 206
5 181
10 155
97 198
109 51
172 212
194 241
196 89
158 233
74 229
226 78
166 47
253 181
169 264
57 270
91 130
142 180
142 221
213 116
232 290
190 270
100 240
225 118
132 277
236 184
216 196
36 199
251 25
217 118
147 229
252 299
82 267
175 63
88 41
223 44
46 76
11 176
179 225
246 50
295 224
166 196
95 238
155 207
267 30
247 82
142 143
181 83
193 239
197 194
193 209
198 186
224 78
59 189
93 178
256 295
27 131
170 175
149 168
0 207
154 117
189 131
74 281
95 201
269 253
25 214
235 128
169 163
58 206
215 128
122 4
163 11
273 255
38 165
1 99
136 298
56 242
155 242
166 155
249 87
117 37
280 244
120 250
120 190
142 86
74 242
265 110
74 47
14 179
30 282
133 19
54 9
119 82
87 204
192 186
12 4
232 75
38 288
232 21
248 273
129 184
241 141
8 269
151 232
297 231
253 187
253 290
267 2
261 254
206 191
238 34
239 240
86 159
51 48
63 179
277 97
4 286
153 246
257 130
166 66
151 65
10 226
162 165
86 101
296 91
238 290
23 123
243 25
264 176
292 13
229 137
136 122
73 269
63 113
262 191
195 213
218 177
181 296
10 249
280 145
55 23
62 270
97 81
26 269
87 226
25 32
121 132
276 281
114 118
93 207
65 165
200 190
38 299
92 192
146 119
103 265
107 85
223 72
42 217
117 268
270 112
49 86
102 233
119 255
52 106
166 287
94 231
61 122
10 186
266 211
75 200
174 187
25 166
152 26
50 69
225 280
208 148
43 12
15 19
134 207
211 257
211 14
47 76
119 136
169 85
209 137
221 180
78 153
166 91
244 195
199 228
257 235
271 218
130 46
298 293
264 90
26 38
46 208
220 245
243 105
29 213
175 263
245 116
93 96
123 184
292 290
46 126
105 258
45 210
241 179
168 241
4 54
5 10
66 67
99 226
6 34
243 181
196 163
242 269
6 109
188 80
206 116
240 135
185 270
89 13
75 65
89 163
222 143
98 260
250 119
34 22
193 268
26 247
77 97
215 243
88 5
189 281
275 267
78 147
128 135
58 55
6 83
245 93
61 234
163 99
177 176
84 139
205 125
65 289
137 184
0 0
41 48
80 43
229 14
49 155
184 150
182 92
138 43
42 31
299 236
163 6
120 157
243 266
79 62
80 155
141 277
266 128
35 38
187 272
107 176
189 180
91 167
297 236
240 48
298 197
204 185
253 225
37 30
245 6
176 44
178 268
181 128
264 179
129 55
120 45
126 254
211 186
140 273
123 299
66 253
77 287
195 119
224 231
30 115
268 38
209 223
27 71
263 130
50 268
158 6
178 268
237 15
212 39
279 184
134 232
42 236
69 238
254 155
124 76
78 71
242 178
57 51
262 146
79 120
191 175
14 196
221 97
222 14
48 112
239 292
232 263
232 184
227 89
28 172
131 112
185 124
69 230
76 76
269 190
76 80
287 292
42 180
42 239
163 83
209 268
180 92
146 105
183 240
152 5
196 131
249 12
242 206
262 41
272 256
245 241
140 274
215 101
143 44
182 23
20 38
147 99
32 146
5 122
253 268
87 237
256 3
53 168
157 90
192 208
74 285
181 179
263 238
1 212
134 197
108 211
114 19
276 172
25 153
173 64
152 62
228 7
66 262
181 160
4 210
289 213
265 91
108 164
8 32
229 238
86 215
69 272
47 171
233 166
274 117
16 246
5 252
203 45
184 22
32 26
289 256
58 274
213 166
165 175
210 77
33 47
172 65
114 76
121 270
297 243
1 127
273 131
38 96
127 238
190 140
284 24
6 163
180 227
257 276
45 53
144 178
181 136
169 76
104 28
213 144
120 66
170 155
4 217
123 70
110 219
23 15
168 214
126 197
63 205
106 115
1 30
251 159
262 255
182 117
105 248
237 242
27 135
50 112
105 98
227 232
263 25
186 101
108 260
227 21
269 193
81 204
125 176
226 147
243 212
216 125
13 222
26 203
197 247
118 77
65 18
245 60
147 46
264 9
214 82
162 195
44 229
49 205
216 138
6 63
133 72
174 208
77 110
284 221
260 179
51 74
14 185
170 134
166 63
225 56
262 226
298 273
118 92
125 278
135 100
32 151
272 131
61 168
140 236
160 147
46 205
235 155
29 152
143 261
242 147
74 120
199 148
68 243
48 36
73 93
10 265
110 250
166 179
41 258
121 209
144 170
162 272
101 281
183 231
208 56
97 176
70 226
117 235
121 253
3 150
164 157
125 0
270 36
5 40
3 242
177 101
61 2
110 196
98 229
205 256
220 293
247 200
61 100
296 109
292 289
47 250
90 255
265 6
68 70
159 159
162 112
189 183
213 222
66 11
174 226
14 115
14 158
294 167
297 129
280 42
279 195
74 118
8 223
58 109
91 155
12 75
41 93
85 194
0 80
174 271
192 286
222 231
58 174
143 191
73 210
200 155
180 144
240 234
274 156
227 282
20 295
234 45
92 212
132 241
230 215
152 288
175 6
111 6
192 186
130 227
236 69
89 173
133 170
45 200
275 73
284 210
276 15
19 32
39 242
273 261
160 57
184 41
79 39
28 17
250 75
285 128
158 14
252 261
118 76
253 237
63 7
142 247
9 41
236 203
241 80
32 40
87 260
141 216
25 123
94 28
287 261
45 81
116 122
30 261
90 36
72 276
209 238
121 74
31 252
167 191
222 46
287 12
276 157
214 264
26 3
59 238
23 291
47 213
284 44
168 74
211 289
92 176
65 146
67 133
146 167
227 263
49 175
7 297
76 108
146 49
177 276
174 299
14 295
119 25
280 297
265 180
32 56
171 31
63 142
122 295
94 175
109 92
219 248
169 38
287 292
44 284
20 91
29 174
46 157
100 108
111 259
99 236
246 26
162 151
12 127
109 118
260 33
63 53
287 229
202 201
83 48
180 45
46 286
271 146
125 185
286 225
64 268
279 62
93 15
155 242
183 107
195 269
137 127
199 269
102 289
202 88
31 181
160 166
127 212
217 172
171 11
62 90
17 215
248 207
250 162
107 259
77 120
174 243
166 295
298 82
189 191
84 159
22 202
203 238
177 250
279 283
209 62
36 79
86 188
164 0
22 236
146 8
269 127
155 278
17 63
212 26
78 44
9 237
191 83
127 171
108 291
235 182
30 177
162 84
106 148
41 189
117 134
4 167
146 277
97 61
267 176
130 39
172 82
163 262
86 24
277 121
95 238
71 66
157 42
293 238
258 132
287 95
78 92
45 123
191 210
79 57
157 89
188 189
165 88
110 112
259 20
144 47
73 17
52 32
139 41
82 66
199 228
29 36
200 94
122 226
271 52
113 11
34 167
99 270
294 187
232 33
152 71
209 82
15 177
103 75
59 229
14 276
7 118
174 245
209 62
42 97
69 17
219 140
122 94
118 133
289 42
83 216
238 127
270 293
237 174
133 117
47 181
37 258
121 139
67 291
87 103
164 295
247 227
36 15
41 53
45 134
70 185
235 3
42 164
109 170
10 191
134 116
171 154
165 185
137 47
249 190
274 182
142 62
81 221
101 191
175 189
169 199
142 53
105 46
106 117
224 260
114 89
251 253
92 148
124 228
70 29
254 30
203 91
199 2
285 159
268 121
184 121
70 215
160 297
241 186
51 163
186 252
105 138
254 72
211 250
80 223
70 125
174 47
87 104
233 121
237 17
273 29
235 63
208 163
201 282
47 64
260 255
146 9
243 280
142 151
74 136
219 227
3 99
163 161
232 291
41 180
50 134
154 26
110 121
24 160
237 171
105 227
201 233
210 202
243 277
101 160
26 194
5 106
231 291
168 245
89 293
143 210
196 7
43 51
134 84
159 274
121 133
12 28
37 38
272 228
275 281
179 23
230 289
133 155
218 274
51 161
59 97
28 177
95 193
117 241
121 29
220 207
299 212
232 185
151 18
178 260
160 143
203 8
23 245
267 256
232 154
100 247
45 249
257 255
257 273
252 230
64 51
160 169
137 133
193 288
182 64
154 34
259 243
280 177
231 240
263 39
74 7
275 66
292 50
260 155
237 54
296 131
47 59
218 153
246 233
152 256
208 136
40 183
182 240
275 231
64 127
219 64
68 200
196 129
118 112
155 244
67 105
292 296
248 226
163 93
175 212
55 129
18 154
268 220
130 262
266 254
153 297
148 9
141 200
134 124
69 112
69 132
58 183
61 41
253 52
287 82
244 57
271 150
278 66
26 285
137 15
8 266
297 45
154 273
269 83
262 244
75 220
216 110
296 61
154 79
173 90
187 126
209 271
162 274
39 34
83 171
31 277
296 111
243 179
92 93
299 217
206 70
131 150
204 241
238 236
116 270
27 36
179 46
293 166
115 77
94 89
62 87
299 101
55 163
152 253
145 291
141 289
28 176
84 31
223 195
293 40
126 17
144 2
131 64
227 136
140 5
19 82
98 162
135 65
28 56
139 170
271 210
188 32
7 103
11 122
19 122
259 259
243 165
273 194
163 96
98 24
0 92
32 180
53 279
84 232
221 44
121 297
10 150
195 8
135 45
193 237
177 46
177 269
45 279
61 168
272 72
95 55
140 214
91 56
143 148
262 238
64 79
219 241
213 276
184 162
253 129
150 23
45 85
26 239
299 273
68 260
208 108
127 4
220 289
177 18
255 283
182 140
75 41
143 130
199 276
294 7
277 236
37 87
114 219
20 280
261 281
157 213
132 154
51 277
140 217
143 250
116 230
29 141
195 124
60 163
70 189
217 14
130 99
180 72
34 253
260 84
37 162
251 74
151 276
224 180
245 170
12 27
138 61
260 33
241 157
287 108
219 298
107 126
54 200
151 258
182 191
200 256
128 102
15 65
58 113
59 112
104 96
14 43
268 34
12 74
39 282
293 100
126 134
104 138
98 159
170 96
287 150
237 259
114 61
20 158
3 17
9 113
94 229
136 6
298 196
279 78
282 248
137 3
109 158
13 222
212 37
39 284
26 70
55 168
179 63
117 110
86 46
39 132
254 50
287 24
197 102
235 59
236 252
167 63
142 100
137 79
77 281
230 194
64 71
71 59
168 98
140 10
256 79
99 125
164 297
77 292
125 64
210 143
298 216
48 53
139 190
190 282
209 145
147 154
252 57
9 1
56 100
152 243
276 7
220 200
83 119
74 78
97 9
4 188
297 45
246 20
295 39
156 155
229 8
130 69
16 196
119 177
210 161
120 172
197 20
292 246
209 132
89 161
63 98
245 154
163 74
251 77
298 18
104 24
199 14
105 211
96 136
210 48
273 235
202 224
277 50
9 179
107 150
93 156
36 51
207 136
154 39
289 138
48 107
100 168
149 287
28 289
233 99
180 232
157 144
173 190
25 272
288 141
117 19
297 83
266 84
173 291
184 190
111 32
127 187
245 24
240 4
53 7
129 167
145 94
278 168
85 85
241 256
24 20
164 114
108 59
180 138
214 140
208 13
48 145
271 239
39 224
7 225
66 259
16 238
192 35
255 213
103 140
122 105
72 292
247 278
55 126
230 81
63 114
116 139
81 12
207 91
49 203
239 38
88 257
165 16
94 233
287 259
275 42
2 154
268 158
120 186
224 37
44 214
8 37
190 253
30 32
138 206
21 269
255 101
83 226
7 230
284 197
5 258
2 135
80 46
42 31
227 241
168 130
128 285
1 49
193 21
227 159
76 279
67 176
232 44
77 212
91 114
4 245
266 41
84 217
91 278
269 141
299 130
94 29
162 173
282 49
182 250
254 20
66 14
47 272
258 28
86 188
135 32
200 140
95 83
90 225
54 227
240 257
18 10
145 262
133 151
137 158
38 202
235 147
154 60
19 287
66 11
221 29
139 128
162 29
215 152
166 67
57 256
32 275
144 298
35 204
149 202
84 195
288 84
112 79
180 104
129 93
154 90
155 153
277 82
22 236
149 179
148 150
130 190
63 108
223 118
128 294
92 107
179 228
35 58
210 117
10 39
95 35
173 46
173 266
17 111
41 133
266 134
199 217
82 90
194 241
288 270
239 66
25 266
161 217
259 211
63 69
7 128
169 149
78 249
9 157
184 169
107 297
78 155
22 128
97 18
169 104
100 201
43 58
76 151
194 239
40 52
19 147
242 230
22 240
78 290
89 240
210 10
206 86
282 281
106 291
170 229
195 247
264 249
181 40
13 114
39 76
24 119
71 34
221 174
29 251
239 293
63 130
6 259
272 157
81 15
60 67
24 193
283 220
173 291
291 196
86 75
102 234
268 275
107 142
298 237
267 187
206 256
129 147
47 282
112 201
179 228
182 45
67 15
45 243
140 133
36 174
267 56
113 109
292 146
56 262
32 129
229 134
135 214
167 161
42 226
12 181
74 65
165 63
128 173
110 289
236 122
265 49
281 281
180 85
95 296
37 140
23 101
151 217
9 177
185 51
154 37
167 35
170 83
5 104
27 23
47 142
203 3
105 129
291 293
104 130
81 130
168 248
110 12
76 165
110 58
5 137
31 166
272 230
42 188
95 4
103 94
64 167
264 41
43 55
198 131
212 233
239 15
104 127
288 258
280 214
81 27
52 238
97 183
124 159
134 275
126 57
250 32
272 17
215 265
47 119
293 164
278 64
57 241
46 113
252 123
296 142
24 22
92 211
192 31
143 241
11 92
92 18
237 297
178 174
297 138
135 272
293 225
176 137
135 89
27 221
262 267
161 237
190 214
226 105
145 22
281 61
245 198
43 62
120 141
209 48
135 84
243 96
32 54
51 167
55 40
81 270
287 0
40 264
56 165
35 43
92 182
246 130
47 200
271 250
192 138
130 44
113 125
265 222
94 36
139 195
2 82
201 212
39 277
205 48
200 252
246 183
215 87
53 240
97 259
281 174
178 65
110 232
76 221
88 69
42 165
58 130
242 80
174 248
93 193
124 195
61 126
187 104
48 151
191 225
27 227
137 270
200 294
203 215
91 194
33 135
161 231
159 141
257 69
247 253
150 77
268 166
285 265
112 97
109 97
13 30
193 240
225 219
27 223
179 247
286 66
222 299
219 64
58 46
71 142
139 158
268 252
291 175
271 193
21 223
37 71
209 105
174 294
49 43
227 218
174 268
165 92
137 198
116 177
32 174
292 210
58 171
153 28
168 106
210 0
164 75
98 75
287 258
297 203
114 289
196 94
135 216
233 273
180 251
217 93
290 10
218 68
79 211
271 33
220 182
153 208
270 22
111 239
240 272
208 60
54 160
266 95
13 191
44 26
213 120
288 35
15 129
71 47
293 109
11 90
109 155
157 155
246 292
197 214
265 152
59 42
52 0
278 131
278 262
242 130
292 135
9 76
47 134
235 186
272 270
16 111
99 221
205 198
29 193
125 90
284 23
54 211
224 224
144 65
160 278
243 36
237 289
54 39
180 201
7 49
278 242
74 117
219 39
139 90
282 276
39 78
283 163
77 225
237 8
244 142
114 137
172 39
77 27
177 94
192 210
291 45
130 117
49 71
167 12
216 73
280 7
21 216
165 186
79 174
289 237
232 248
202 249
119 37
71 215
169 164
280 115
278 144
289 95
18 52
250 80
105 26
142 215
2 22
112 294
91 112
97 168
277 9
297 205
171 273
291 173
253 164
105 162
31 67
188 240
37 114
147 269
289 88
220 241
190 294
245 264
86 104
74 186
98 114
276 46
21 269
50 192
197 25
13 157
27 194
149 115
5 296
211 110
186 61
191 95
75 180
46 235
88 125
215 100
218 62
92 68
134 115
253 69
155 61
255 126
60 154
23 205
71 123
125 52
239 276
105 148
27 96
133 52
158 233
267 164
108 213
78 213
201 286
141 39
128 221
127 137
229 104
19 233
183 91
140 292
166 164
4 187
40 276
176 62
111 260
32 235
131 60
237 267
24 153
246 250
230 130
278 203
38 195
249 164
174 257
60 115
267 104
86 252
100 42
270 47
48 162
230 272
52 128
91 231
171 271
296 76
150 110
157 285
5 247
254 135
213 20
76 226
59 50
187 210
85 286
180 161
125 282
156 55
92 190
53 83
287 73
218 202
135 100
276 108
14 33
73 73
166 62
51 179
34 179
97 51
4 256
95 63
70 219
188 50
75 217
110 123
100 68
112 166
88 254
111 31
95 297
275 80
185 84
283 210
125 251
41 112
280 257
108 290
42 287
175 81
17 83
54 211
146 113
25 149
202 38
59 64
233 276
260 269
80 35
129 261
69 125
185 142
105 185
116 115
196 295
35 69
9 220
53 65
257 207
161 25
216 50
17 184
45 126
110 126
169 31
22 87
104 242
101 197
57 113
131 103
260 36
56 266
21 5
79 188
227 47
187 241
92 142
52 148
156 28
97 109
189 35
168 245
21 189
242 76
282 274
290 204
130 199
170 288
192 251
98 217
260 174
4 97
223 178
139 125
115 295
237 158
96 71
23 194
195 274
201 198
135 244
144 196
288 22
192 142
169 216
99 24
103 85
234 156
179 94
48 217
103 299
175 167
72 234
92 3
118 145
176 46
173 25
206 187
291 243
274 99
280 232
121 150
285 86
3 155
211 280
39 89
83 244
290 233
93 132
253 209
219 262
12 134
82 232
10 89
174 248
263 88
116 274
119 106
35 197
210 261
124 220
68 103
232 175
188 55
229 74
75 99
290 189
164 235
190 145
66 132
219 114
299 6
292 110
115 155
149 247
287 290
106 193
165 26
14 296
135 95
284 143
233 134
122 250
261 1
296 80
94 289
128 203
203 42
276 154
4 265
90 169
288 21
242 29
126 137
247 4
241 114
280 69
122 34
194 93
49 181
268 207
84 222
80 23
88 56
21 282
166 280
47 284
263 253
101 151
12 287
257 157
122 253
218 275
236 33
218 12
207 136
293 211
231 122
145 261
119 25
289 219
89 198
54 23
239 55
228 251
138 114
227 250
31 296
267 180
199 228
202 99
171 297
118 29
87 153
148 273
195 37
178 165
218 290
122 49
183 299
139 77
295 47
67 227
100 46
30 68
197 191
248 283
246 92
34 76
8 33
126 196
69 219
286 63
236 145
92 32
224 199
129 129
37 209
116 185
271 276
86 192
187 200
215 205
11 68
151 199
256 110
137 42
231 191
82 89
284 61
153 98
157 191
109 250
124 45
193 127
165 108
261 150
76 137
152 104
280 249
65 272
38 240
225 158
159 112
13 0
255 84
263 36
286 18
138 257
130 253
194 115
82 88
171 138
130 168
265 68
24 185
200 126
189 41
52 168
275 269
83 124
138 209
184 20
82 280
214 54
220 96
79 144
291 16
161 217
165 243
233 89
283 3
26 1
149 110
281 6
222 173
155 2
68 237
166 152
245 88
155 202
126 217
276 11
193 208
55 174
231 213
150 144
197 244
211 11
279 86
139 196
48 71
160 27
28 20
100 217
114 277
50 261
113 46
136 297
62 12
215 134
62 38
207 282
107 279
196 159
265 167
85 262
174 208
12 210
43 76
238 129
43 288
194 246
129 32
35 141
94 30
292 55
254 185
64 105
239 282
252 88
288 286
57 77
133 179
79 19
222 6
228 268
208 196
93 124
191 99
72 91
154 187
98 202
41 268
118 31
53 185
2 189
11 155
254 0
95 71
158 0
31 33
191 187
124 254
29 262
29 263
290 110
261 121
44 258
63 137
30 103
15 225
281 241
38 102
254 114
180 55
87 21
119 116
82 76
192 272
214 112
29 90
18 200
81 108
52 44
168 282
287 210
78 210
124 45
20 47
85 141
110 261
11 192
76 12
149 128
52 294
154 184
198 164
77 193
90 21
131 261
189 254
5 58
219 97
81 88
213 277
274 6
54 145
138 229
109 241
283 162
65 30
10 128
72 284
262 42
101 279
281 97
275 129
225 117
185 168
122 288
128 181
290 270
208 221
291 20
34 17
168 253
60 248
128 240
99 225
184 122
181 255
120 22
163 227
143 207
46 130
164 177
33 20
139 103
137 223
10 254
221 240
53 297
143 141
256 93
284 35
218 264
287 242
14 232
204 173
233 99
88 238
179 290
62 230
293 229
166 100
299 145
210 115
224 6
78 30
249 117
161 249
19 266
59 244
54 72
140 235
140 179
186 118
190 64
170 70
8 55
143 69
57 48
237 54
164 25
60 208
23 263
253 73
185 126
85 132
228 33
53 126
55 15
299 170
285 137
102 141
166 233
118 286
255 148
200 53
280 285
213 38
101 229
98 107
150 295
153 53
167 108
104 292
124 81
60 229
112 248
85 263
172 31
72 158
273 233
64 92
279 65
86 291
132 84
101 111
140 195
45 104
12 34
52 127
292 22
160 55
71 124
243 200
268 224
1 205
270 93
91 53
234 52
58 212
160 111
137 79
79 70
10 39
286 214
93 291
115 218
87 35
201 101
54 171
21 174
83 30
41 281
218 170
290 130
128 253
298 241
283 177
232 81
243 89
173 267
60 95
242 25
112 253
107 2
205 261
258 133
219 255
79 133
31 220
49 252
95 94
166 28
194 235
54 69
282 80
253 195
218 154
70 277
54 191
137 28
229 170
135 290
195 166
68 69
263 198
157 185
167 106
216 203
98 133
171 181
4 196
88 183
18 132
148 168
254 195
12 22
97 146
26 247
154 147
151 88
262 89
226 61
111 122
144 250
27 20
42 62
50 210
133 252
272 125
215 145
253 35
156 264
218 55
3 158
32 45
96 127
282 50
0 118
203 146
288 104
257 202
27 27
229 216
2 134
271 258
127 191
37 186
266 137
176 236
270 12
103 128
296 94
246 268
162 250
261 178
39 51
173 1
260 184
76 185
229 229
276 88
217 186
291 93
271 107
253 108
298 99
229 63
62 166
187 107
217 124
145 273
276 41
238 278
27 196
158 165
228 233
290 179
75 222
81 275
195 190
180 9
297 62
270 93
210 247
7 37
60 34
131 192
211 173
43 58
142 81
189 269
154 255
104 57
137 165
275 53
93 283
241 11
76 192
127 237
163 60
57 56
45 32
256 270
208 262
98 260
243 174
245 174
104 222
276 205
166 213
61 126
30 88
55 223
287 262
288 0
292 93
209 18
109 77
18 287
190 15
43 280
288 213
24 203
63 120
223 232
191 285
67 56
296 139
57 87
120 19
97 51
232 187
228 79
292 141
206 13
1 148
153 141
56 194
174 125
35 17
133 282
116 279
135 264
136 296
60 266
269 184
252 214
260 26
200 74
253 280
238 30
294 237
29 81
99 219
275 9
54 160
94 12
76 48
50 266
176 30
63 128
65 112
270 244
199 75
195 174
225 192
149 92
267 68
270 112
122 247
287 159
52 292
196 162
289 212
47 76
165 290
7 290
161 100
131 132
126 96
253 72
139 292
246 69
285 89
0 54
82 58
191 50
11 268
74 172
186 177
288 1
170 134
273 237
237 110
273 113
26 91
197 172
58 7
18 240
277 64
52 100
48 267
266 78
20 219
199 160
53 239
109 82
141 178
112 278
213 273
72 51
152 282
141 268
85 256
207 23
225 166
178 243
170 127
143 286
194 249
60 44
58 111
30 129
47 155
156 79
210 153
38 192
232 92
245 114
102 288
85 178
41 82
142 270
152 107
46 216
179 178
192 68
199 8
154 176
116 106
198 256
79 186
88 245
284 225
103 73
0 283
137 264
201 251
79 123
43 73
197 245
227 94
289 139
29 215
288 272
289 256
132 243
262 32
123 50
259 22
214 261
126 83
34 76
215 164
275 211
157 16
154 219
198 50
22 184
127 224
72 217
32 116
59 8
275 262
219 232
147 28
208 159
5 153
164 212
209 277
169 258
170 62
236 34
206 209
79 258
202 60
113 40
295 107
34 27
141 193
231 35
82 222
64 22
109 73
130 201
228 284
8 164
151 280
50 182
41 106
113 258
202 281
189 165
29 251
188 251
253 268
102 44
124 91
32 238
88 259
238 235
210 139
96 18
189 251
81 247
157 128
40 33
0 236
149 267
248 173
69 264
181 153
36 132
246 102
56 278
149 253
54 224
209 32
180 248
72 38
294 34
20 15
62 173
196 98
91 255
112 14
224 209
219 126
13 6
243 169
139 271
43 97
205 288
293 53
219 232
208 27
210 31
127 239
54 128
69 190
61 221
251 109
193 48
218 194
81 144
179 2
116 102
233 154
74 114
84 151
139 214
266 154
20 292
204 266
170 36
82 83
86 129
9 212
152 97
106 151
6 129
212 211
169 136
190 223
290 291
121 109
93 289
189 78
62 32
284 7
266 250
201 273
117 245
242 24
13 146
94 74
53 177
163 158
288 238
226 67
291 41
284 216
124 105
228 296
275 59
118 8
175 202
7 126
253 97
170 9
21 2
132 95
30 94
148 121
97 27
97 80
255 292
85 113
87 112
277 118
166 50
176 266
171 44
292 30
68 135
208 128
278 59
273 15
161 237
151 82
56 230
258 171
36 151
57 141
126 106
22 183
124 117
124 72
134 105
299 154
140 41
21 0
32 94
72 71
170 105
281 255
261 277
288 25
185 150
180 53
157 147
172 178
46 123
6 71
184 97
1 252
173 297
200 43
56 44
38 189
1 152
71 298
79 172
93 93
281 145
158 35
90 228
192 115
266 123
59 12
22 106
233 159
116 9
190 204
176 262
140 9
166 15
139 92
299 147
34 208
69 155
124 203
252 162
298 248
166 174
47 158
120 286
254 19
250 261
140 5
243 205
13 81
54 117
145 282
244 257
23 124
140 32
154 214
29 225
0 121
261 261
6 142
224 175
126 98
293 107
162 169
292 124
77 285
249 183
275 85
122 254
96 268
22 255
23 259
235 115
108 17
3 207
242 36
242 192
192 212
144 222
69 199
290 274
34 164
215 109
64 107
160 247
82 94
260 145
154 108
233 289
260 177
33 151
234 45
240 37
74 288
229 27
72 76
298 280
130 187
192 176
9 230
298 262
72 18
213 150
189 101
43 117
130 103
147 34
262 163
21 113
152 186
225 31
6 176
145 181
202 249
115 237
13 264
229 267
222 30
268 16
148 47
52 277
205 252
41 40
264 217
151 79
240 8
152 123
270 137
15 119
53 131
73 74
153 122
195 83
175 257
62 79
108 221
152 77
279 32
7 100
205 130
178 239
66 258
204 187
9 61
89 87
194 113
281 165
73 84
267 47
196 275
114 186
169 47
22 95
205 230
239 132
93 223
231 1
138 274
25 186
160 278
167 133
145 242
116 142
138 216
264 16
243 91
240 54
277 71
46 158
101 279
41 158
170 253
285 152
167 288
119 224
77 192
285 38
219 200
213 254
291 113
143 79
41 285
228 229
104 170
17 224
195 36
209 58
250 296
30 257
22 129
160 36
64 147
68 96
191 219
34 230
287 299
84 96
102 277
241 146
48 80
238 176
16 184
227 278
247 33
191 155
45 166
265 39
200 103
290 114
248 204
37 262
61 38
248 146
12 60
3 84
85 145
187 291
39 43
141 269
129 30
269 34
75 140
283 238
177 72
117 256
54 22
111 66
115 58
179 138
285 218
94 130
92 237
149 275
9 269
298 103
66 144
52 148
209 257
5 92
74 177
245 86
263 169
128 24
156 30
58 47
80 81
266 56
222 177
242 124
90 127
183 227
15 105
86 155
237 166
146 67
193 186
138 108
98 188
121 83
48 247
234 161
64 129
297 76
42 60
222 34
26 162
156 235
85 24
190 52
207 298
69 172
268 130
41 212
298 193
35 106
62 149
24 135
233 147
15 218
218 79
241 131
222 93
284 5
178 237
234 143
116 66
278 39
179 158
229 57
24 173
25 174
217 222
240 234
4 153
152 70
107 96
267 214
25 275
269 11
71 128
190 146
259 252
167 83
246 5
237 64
98 63
19 134
44 63
215 126
136 244
107 193
173 69
42 164
102 67
22 17
187 205
282 20
133 70
85 239
269 237
48 214
94 174
178 27
250 211
197 217
55 164
58 204
165 106
153 84
231 51
127 59
71 248
273 31
256 169
127 1
1 198
74 66
120 88
240 240
50 12
66 70
92 41
123 86
271 200
107 107
73 243
73 28
60 12
209 11
26 56
204 20
295 69
21 158
99 83
29 191
162 192
125 148
244 125
4 231
71 178
104 69
218 145
28 17
297 283
81 2
35 22
13 222
114 171
274 177
93 244
273 206
92 222
103 94
292 192
154 24
248 219
108 213
12 285
162 75
86 151
93 79
234 171
200 180
155 1
288 123
126 165
178 297
238 215
107 164
159 100
250 49
82 103
129 264
295 14
86 60
297 225
258 148
179 194
217 44
206 58
78 291
278 255
111 88
270 153
230 254
36 227
106 159
216 241
110 3
251 103
9 203
78 134
51 6
53 67
271 293
142 115
21 228
153 165
248 17
217 266
63 128
91 223
295 293
279 113
215 113
88 169
263 36
118 239
239 235
172 170
27 85
0 262
179 33
143 275
18 129
15 45
9 212
77 81
290 223
141 196
34 111
273 0
182 289
37 271
287 169
88 119
11 24
183 160
95 208
70 266
238 209
184 47
150 270
7 100
63 154
216 113
162 113
13 26
90 7
126 140
28 293
222 38
265 77
261 22
7 287
52 183
198 28
30 283
294 287
163 269
222 48
1 10
180 54
132 56
241 68
5 147
105 142
59 11
45 96
172 43
191 176
75 57
64 28
16 135
267 245
223 59
82 275
290 58
131 1
49 138
31 97
16 194
167 150
16 139
63 287
258 88
237 208
61 263
49 243
71 183
240 187
7 102
106 250
250 243
197 129
73 55
7 235
277 165
72 288
58 147
92 106
110 275
287 5
93 293
141 68
189 173
48 173
210 247
180 297
102 57
289 282
295 183
224 35
208 38
161 5
244 157
159 247
55 105
256 136
249 163
151 223
216 212
224 10
228 23
98 166
3 61
230 249
77 227
196 289
25 207
101 131
83 265
235 187
192 146
18 7
233 16
268 207
266 117
34 140
197 170
59 193
102 107
288 55
45 86
202 160
206 236
85 208
294 106
2 58
186 165
141 26
148 163
127 31
15 7
116 118
296 36
171 112
75 211
170 263
74 164
154 150
61 101
62 165
102 276
181 253
205 211
59 80
207 233
137 205
60 72
4 160
33 119
133 201
271 129
268 30
218 74
263 77
265 52
24 84
196 160
299 206
256 54
194 260
40 77
239 293
274 205
269 94
5 43
8 182
54 145
283 216
252 163
132 124
277 167
103 230
7 253
208 107
134 19
136 237
238 136
280 111
220 32
40 63
148 190
255 233
94 147
192 136
45 229
207 200
234 253
83 99
57 67
181 184
126 298
32 83
283 177
70 99
34 24
34 203
206 269
188 163
219 261
177 61
182 74
105 134
274 63
75 38
272 151
218 270
159 131
41 226
31 251
96 270
129 126
277 114
106 233
24 222
88 43
248 182
164 171
101 9
125 109
109 159
8 32
1 143
221 249
166 209
64 46
1 242
173 292
182 20
257 277
274 34
167 45
90 36
169 63
208 215
172 166
191 125
156 117
82 121
267 279
93 227
68 166
86 246
11 251
37 132
187 72
241 142
280 195
190 147
285 79
224 146
297 40
176 137
93 233
116 134
43 6
299 219
224 184
130 261
209 83
132 80
57 283
168 295
195 208
128 237
206 149
86 13
17 47
130 63
187 104
203 116
27 154
208 168
209 117
199 146
15 103
80 168
134 290
1 148
138 39
45 217
262 120
258 121
283 9
29 270
194 47
53 63
243 125
249 23
187 10
273 124
96 44
294 256
77 281
55 10
193 24
187 96
166 189
163 94
47 81
224 149
120 130
136 120
266 252
78 111
191 85
59 144
118 26
15 81
258 147
100 279
215 98
144 245
239 66
217 229
26 23
124 185
107 230
194 252
104 282
17 144
282 40
118 58
285 249
189 292
279 114
58 49
50 46
73 260
194 235
194 151
201 85
141 18
115 188
115 214
158 72
201 192
57 44
52 119
273 43
254 84
135 27
211 232
241 182
78 126
62 81
202 158
242 294
107 32
96 133
75 25
112 165
104 82
1 163
280 9
41 243
185 4
11 257
54 234
64 86
237 172
3 256
209 7
44 75
23 86
264 242
134 143
82 82
292 229
295 247
183 135
71 69
174 59
69 182
72 269
256 242
196 258
198 156
284 275
144 78
168 6
258 217
286 211
185 52
202 223
43 12
180 142
209 219
1 199
210 90
207 288
42 244
111 268
193 206
100 116
139 124
105 107
57 229
234 295
258 49
148 17
85 104
124 14
284 191
34 199
181 240
251 76
130 158
226 183
151 4
164 276
124 6
65 34
242 211
135 282
12 155
104 246
168 225
110 14
213 252
213 116
26 214
94 129
270 232
112 247
137 234
73 244
69 163
287 168
160 126
174 42
135 79
252 126
209 126
28 26
151 55
145 83
288 132
140 186
271 165
293 151
58 252
167 169
41 263
48 231
202 196
293 211
39 126
112 176
258 160
133 244
46 279
218 177
290 169
165 278
231 13
158 112
3 95
4 286
290 39
196 35
65 65
120 123
92 205
2 176
120 32
96 86
202 223
59 143
197 184
122 82
277 116
189 61
125 112
242 285
275 229
238 213
196 291
14 167
208 261
294 166
93 150
56 112
180 282
70 126
297 59
225 126
55 262
11 20
10 140
222 134
156 283
62 112
224 82
140 85
21 193
48 180
299 134
216 39
270 105
296 195
47 183
30 96
66 277
86 77
89 63
199 83
45 49
238 80
293 184
51 194
180 51
21 122
276 79
270 19
206 214
36 67
164 232
51 82
270 158
130 125
298 68
20 127
91 251
21 240
129 17
202 189
233 189
65 253
9 143
103 160
80 219
62 162
178 207
123 222
54 95
247 146
268 83
299 110
126 88
100 284
200 108
139 226
153 112
144 285
31 16
239 148
211 249
190 281
297 107
87 184
265 128
36 89
219 150
16 236
14 256
282 230
241 207
204 45
230 72
295 248
60 249
181 172
106 212
285 264
241 14
206 288
77 110
44 18
153 276
40 96
297 213
6 174
56 112
209 167
27 165
18 73
99 243
200 158
157 186
26 30
90 111
54 213
114 291
75 299
106 41
42 97
241 13
277 264
260 146
143 200
206 70
186 173
98 205
284 173
113 218
109 265
189 64
121 208
200 178
116 217
115 262
188 249
258 168
298 138
74 247
284 282
43 165
42 180
197 156
111 42
166 148
283 112
297 250
231 218
50 35
275 225
210 128
191 121
295 125
276 281
100 254
275 130
170 284
7 223
112 294
0 120
59 245
66 201
23 137
125 241
3 155
23 169
252 298
252 171
21 56
218 127
138 235
242 153
28 137
142 106
246 117
65 298
141 224
169 266
188 15
224 37
117 97
235 88
157 195
122 203
165 107
120 197
253 249
293 60
256 252
68 131
57 270
268 223
19 18
69 231
3 267
168 282
148 84
86 128
129 196
276 266
43 225
120 138
105 189
149 1
59 108
238 149
173 107
140 222
120 2
155 29
148 256
88 125
296 287
47 220
90 44
246 210
196 149
5 86
50 209
63 284
42 235
106 65
72 72
24 162
64 75
253 72
207 30
70 99
73 54
179 36
147 193
229 273
213 153
217 195
253 199
10 239
128 211
168 179
240 129
110 226
30 213
112 139
15 217
268 213
265 283
276 284
117 110
231 263
238 171
141 269
191 290
69 106
135 111
44 220
247 7
183 242
90 60
232 185
53 205
110 83
231 220
123 256
251 259
88 174
280 54
73 235
87 279
171 272
164 98
64 11
21 47
119 235
213 286
106 163
178 152
231 232
148 218
293 182
43 161
154 128
197 43
249 115
95 233
190 107
131 137
282 92
264 126
288 233
268 245
39 133
218 9
120 146
116 3
198 143
50 178
20 132
93 39
282 156
230 97
248 159
19 138
62 228
15 66
193 296
97 156
236 182
77 199
15 114
119 36
164 207
126 200
165 215
135 57
99 69
266 70
162 243
113 92
49 217
78 203
33 155
119 267
182 159
178 89
282 209
40 24
75 5
93 203
104 98
183 296
211 121
233 110
194 83
79 255
212 212
37 260
243 263
1 85
196 234
230 45
67 231
298 90
261 113
37 286
295 296
85 212
59 94
75 83
133 163
14 135
11 44
238 150
44 28
7 8
106 46
227 213
108 291
31 113
257 176
100 218
293 55
260 49
245 75
279 147
157 28
59 161
47 237
244 254
289 3
294 14
252 4
222 101
2 230
227 269
218 78
207 40
282 289
45 294
222 71
245 152
181 103
219 2
57 113
39 148
8 70
127 12
26 71
178 245
112 99
251 95
296 0
122 22
274 80
207 267
279 90
277 286
179 194
280 6
159 223
147 178
27 237
12 50
144 282
282 277
281 211
104 251
95 203
169 179
185 63
255 247
237 39
126 249
240 124
119 163
34 257
31 94
274 174
82 200
132 262
231 59
13 130
260 154
140 3
241 87
41 291
128 100
148 293
291 146
253 106
188 283
211 15
190 86
293 236
73 40
222 108
35 282
56 181
246 245
242 281
53 250
149 177
170 198
98 184
62 24
26 115
261 141
168 88
127 267
108 160
248 59
57 185
6 152
135 222
213 161
20 214
3 147
46 176
127 89
187 153
246 296
35 261
195 244
142 174
282 284
200 58
189 91
41 29
184 89
93 120
16 294
196 261
292 107
203 56
0 193
286 181
19 2
258 189
210 276
62 202
222 24
276 292
244 245
111 74
39 195
158 187
110 240
19 80
145 235
227 241
75 61
101 128
274 122
157 177
93 228
21 128
220 244
74 285
165 296
265 193
42 120
72 172
196 82
15 10
296 146
264 274
204 264
101 105
85 91
190 185
213 19
250 58
29 290
178 270
15 145
278 103
248 57
55 95
150 23
260 134
70 61
242 188
138 159
287 83
129 190
110 223
280 1
34 260
208 251
60 106
214 201
28 49
32 92
291 155
5 29
131 183
227 23
98 38
153 95
217 261
285 222
191 54
177 46
59 150
279 186
32 62
81 189
202 7
264 202
231 293
235 227
141 62
171 46
249 51
220 184
166 115
8 98
236 106
47 286
186 32
270 154
277 206
69 3
190 105
133 60
259 92
63 253
142 240
266 271
248 210
237 58
19 164
194 194
198 194
14 15
144 258
153 255
53 255
115 78
299 54
81 150
82 249
52 98
260 219
0 68
202 220
109 138
78 168
171 200
168 159
293 237
139 221
71 170
175 4
137 79
22 277
203 261
295 93
125 194
166 268
177 148
97 121
136 136
292 184
233 281
160 240
127 213
0 116
18 111
135 260
85 252
109 6
169 27
100 220
281 112
61 221
49 20
141 266
159 101
154 193
146 243
151 2
293 16
177 144
1 108
20 105
96 108
4 72
245 219
200 97
42 40
125 162
149 254
66 293
255 209
183 276
174 31
132 94
262 162
97 60
239 174
225 200
272 285
282 136
94 107
132 64
111 189
286 218
157 2
231 106
47 92
196 135
77 246
170 182
161 57
115 255
288 139
96 2
161 137
98 291
294 175
47 54
25 193
79 294
204 96
214 178
190 100
224 288
211 154
136 277
252 251
70 30
129 209
66 109
164 216
176 189
113 237
75 183
87 50
229 114
203 212
80 101
248 92
298 126
279 6
68 75
21 75
189 93
227 69
212 78
233 72
26 209
196 261
37 278
133 172
286 264
107 74
63 45
7 33
287 189
76 16
297 257
248 54
57 124
291 102
233 214
157 20
295 205
248 111
46 8
261 218
299 155
42 280
37 191
255 267
256 219
50 287
279 73
200 121
244 59
203 240
109 252
243 102
239 129
27 223
211 1
207 266
202 163
274 15
239 198
170 158
232 98
221 174
157 187
205 211
62 199
143 80
65 256
156 258
177 33
52 221
41 75
24 265
78 148
273 239
31 224
272 96
9 77
34 168
265 43
43 287
85 126
118 240
211 18
74 3
243 199
152 109
31 11
285 123
299 82
233 93
3 76
134 239
70 146
115 253
241 260
298 128
216 189
263 273
81 132
205 121
15 172
62 188
174 166
57 10
284 276
232 245
16 9
127 259
86 162
283 95
95 249
172 115
77 276
136 19
15 264
296 260
222 137
74 79
170 223
110 252
205 7
61 56
205 107
29 189
11 81
151 19
18 27
190 111
58 264
18 287
71 164
194 256
251 227
146 8
70 56
299 196
165 236
160 131
276 270
57 282
68 214
268 259
39 150
178 151
71 36
197 145
151 2
199 113
117 238
171 206
205 134
80 155
80 293
78 83
150 3
151 19
103 15
63 80
272 178
46 2
83 45
124 270
278 170
267 121
262 100
85 25
20 241
163 223
259 77
62 261
252 206
150 96
66 56
211 175
233 21
285 243
127 284
280 93
137 133
175 34
164 101
70 31
97 146
254 29
232 13
97 56
127 262
28 15
56 222
36 284
259 124
233 98
171 285
86 27
266 299
294 44
10 244
232 275
243 171
263 259
190 18
260 180
160 240
135 0
152 20
150 280
225 107
77 42
34 279
37 181
277 160
165 56
43 286
9 55
36 220
129 182
161 220
107 18
175 68
278 90
245 139
186 179
210 233
24 208
226 124
67 278
2 2
155 185
254 194
48 190
97 267
217 56
84 95
277 94
242 201
43 295
68 133
243 173
3 265
250 195
52 7
6 144
287 43
108 236
22 30
5 128
239 67
50 31
162 280
243 252
140 273
207 220
86 249
73 182
68 62
176 281
250 126
122 15
67 33
43 220
22 24
49 199
150 180
173 49
130 270
87 284
230 168
132 159
295 69
63 3
171 4
212 191
151 136
230 242
159 88
237 262
109 108
145 206
4 262
297 132
166 272
249 287
133 138
70 134
153 214
0 238
169 59
189 265
46 8
241 116
191 95
79 238
36 67
297 11
9 237
139 79
60 105
276 264
298 34
248 255
299 143
205 235
169 198
8 241
283 142
151 240
260 138
263 171
1 133
175 289
147 162
139 203
250 79
287 1
10 114
233 171
203 235
24 69
150 186
156 273
195 197
153 5
63 107
201 19
80 24
73 215
256 268
261 150
184 228
230 261
26 239
117 263
31 240
47 201
226 135
290 62
162 159
99 189
139 264
126 103
138 90
261 160
155 83
30 234
253 8
212 75
19 102
278 9
268 174
115 139
61 85
152 167
76 254
20 95
127 74
286 34
179 197
291 178
152 245
278 271
200 43
79 85
253 16
136 167
235 161
275 195
104 202
135 10
159 66
272 207
56 45
154 119
133 3
76 58
210 72
264 196
45 186
162 97
236 174
275 69
160 116
126 197
133 185
169 211
71 193
65 53
49 217
116 169
218 30
189 46
112 67
274 263
0 112
47 152
122 116
299 167
99 51
62 7
207 287
258 147
172 3
88 166
66 43
84 154
1 268
260 174
234 210
135 175
147 142
146 107
262 111
278 125
189 151
130 60
48 208
247 144
201 279
131 183
103 217
99 24
2 145
56 267
104 50
235 92
43 208
113 168
117 297
251 177
144 116
212 149
74 219
114 66
233 261
174 267
127 106
177 186
279 267
296 184
280 42
75 114
71 48
66 42
155 216
277 66
165 63
288 144
250 8
126 233
131 204
291 218
40 82
215 125
11 1
212 244
103 20
283 158
215 44
38 2
153 127
148 250
29 155
88 39
141 127
177 2
152 299
68 280
218 200
202 139
148 101
291 120
28 21
156 173
24 141
227 71
37 79
229 59
233 251
128 265
27 111
116 220
172 223
40 179
117 29
153 99
159 187
266 249
278 265
279 218
242 258
298 275
199 199
138 0
63 197
104 59
22 124
164 177
212 24
218 145
4 126
48 56
162 212
26 285
259 124
235 165
91 48
140 82
194 252
175 240
185 37
206 34
67 64
292 19
228 260
58 103
186 175
294 137
49 93
137 109
87 162
141 232
38 45
229 231
11 30
31 112
284 176
74 69
261 22
46 234
243 78
260 197
274 22
278 11
284 216
77 109
44 143
153 138
131 54
292 273
274 32
193 267
50 116
89 256
62 1
188 20
71 17
161 62
269 80
33 51
214 136
40 210
26 157
17 83
12 157
227 159
95 13
299 107
248 210
40 73
184 36
143 65
159 152
155 103
18 53
23 193
45 297
253 16
72 158
274 31
6 98
59 60
247 215
280 5
105 100
16 71
283 165
212 19
209 161
0 22
265 52
158 17
209 55
277 124
242 109
247 19
236 146
100 130
197 198
229 241
268 86
217 169
274 42
272 273
217 249
47 191
284 168
112 75
285 293
171 185
77 273
177 253
202 73
111 33
67 81
165 287
17 266
252 179
33 109
56 93
220 262
4 252
278 138
112 170
105 187
40 218
76 29
203 147
50 209
18 182
96 23
39 203
128 78
246 277
47 202
161 224
242 179
286 37
90 174
285 245
221 109
193 272
281 197
136 195
34 264
41 31
145 175
3 296
11 214
16 124
173 138
64 18
58 19
293 152
190 37
102 51
81 252
298 178
224 280
222 153
261 14
127 7
193 213
253 278
207 5
228 283
266 32
87 0
195 152
119 40
160 286
23 12
149 43
93 154
195 281
147 182
291 266
243 132
283 214
147 181
277 141
218 182
281 15
22 246
171 278
112 61
64 72
30 184
106 259
107 181
211 276
20 184
281 257
93 238
150 196
217 258
76 62
19 293
97 7
101 198
243 235
210 277
228 238
116 131
275 286
260 187
10 31
208 145
54 104
124 198
273 170
206 241
294 203
168 235
244 98
22 193
22 240
149 119
2 217
107 57
192 107
167 240
97 211
139 28
285 113
211 294
106 30
240 255
252 58
192 175
41 169
212 236
213 38
150 25
68 291
2 165
136 101
114 72
224 286
206 80
207 217
44 137
17 277
215 130
256 103
201 6
22 183
176 179
72 19
85 99
271 243
83 94
274 256
84 32
32 28
157 137
37 261
75 15
295 50
102 141
54 242
99 120
194 266
152 197
98 37
3 6
125 135
89 5
42 228
275 252
220 145
16 195
231 168
170 105
202 231
38 90
266 141
217 7
90 187
11 90
210 167
121 235
36 44
98 3
294 12
261 101
67 80
235 177
252 262
271 177
278 141
262 236
50 260
293 227
200 135
204 249
27 241
22 235
89 255
217 177
24 276
299 194
82 209
184 51
287 42
193 74
60 58
152 223
286 155
163 67
250 285
123 43
61 270
123 119
134 289
259 106
227 222
187 34
146 28
258 192
292 109
135 265
21 228
229 110
79 256
129 2
283 106
123 115
2 52
161 238
52 1
82 219
190 298
218 205
83 251
4 143
237 211
118 217
196 293
74 161
172 90
193 244
274 32
183 276
30 207
151 290
298 295
3 76
277 75
270 287
47 245
240 34
48 34
31 169
0 75
150 210
217 28
287 3
20 48
190 42
172 265
27 206
116 146
134 89
130 169
128 105
67 148
194 75
240 214
175 243
89 109
22 34
85 22
98 290
274 187
164 202
191 56
182 193
161 182
280 235
81 273
115 96
22 18
22 202
35 261
104 74
9 134
99 218
80 155
59 153
44 247
281 99
173 192
95 197
147 150
263 144
45 197
200 166
235 122
5 245
4 139
127 27
236 185
72 245
29 206
227 140
58 63
252 149
49 63
38 34
191 256
211 40
75 85
160 64
198 82
265 273
245 164
121 42
6 137
244 36
190 83
210 212
159 134
141 256
110 27
18 107
112 256
200 279
216 194
89 74
242 104
245 103
228 41
233 255
267 138
223 96
142 40
249 169
99 49
159 218
8 251
15 202
292 63
270 101
241 115
271 213
55 111
145 192
101 165
8 294
140 31
151 29
163 115
295 114
81 249
171 177
208 137
29 160
29 295
141 136
246 68
264 41
147 70
94 57
23 296
108 73
149 10
240 62
153 54
37 63
51 24
251 20
143 32
108 13
64 97
238 80
42 37
28 124
188 179
242 115
288 164
91 235
157 86
42 153
70 273
150 83
7 224
87 295
175 235
259 94
222 15
279 60
85 233
220 7
258 50
48 67
248 287
43 181
99 44
187 75
56 145
220 215
167 22
225 30
243 94
237 180
289 225
85 49
163 90
158 201
36 75
79 4
281 131
194 37
138 124
193 228
197 238
108 280
166 87
242 289
200 185
166 58
51 267
59 137
194 252
232 23
216 156
109 171
62 29
92 239
234 176
282 20
177 32
124 139
74 111
168 97
231 245
143 201
52 173
1 75
122 270
197 164
176 30
5 292
15 201
7 29
156 212
166 119
261 197
287 128
82 205
69 163
92 15
31 172
98 57
143 38
29 53
290 140
123 226
280 249
45 266
136 112
173 52
290 23
103 213
34 36
255 288
104 152
70 150
164 96
251 278
258 83
107 10
54 72
296 3
8 259
13 44
165 259
11 262
196 203
91 168
190 270
256 61
246 21
270 64
191 110
217 34
16 123
6 69
232 245
239 150
22 136
110 169
184 232
284 171
73 90
154 276
195 174
34 110
55 152
86 298
123 227
81 16
229 48
147 26
191 52
249 47
137 6
85 16
216 140
121 195
257 64
87 228
296 128
290 72
135 6
15 92
58 6
286 152
181 182
58 284
117 165
181 143
89 179
94 225
8 290
139 242
0 170
204 21
267 299
51 120
22 80
281 181
268 48
221 18
260 268
160 45
22 108
292 86
247 100
277 3
294 40
243 27
254 125
146 194
140 44
160 182
66 263
33 132
83 179
56 80
51 208
164 239
284 191
118 156
229 263
181 270
85 133
14 255
265 230
272 14
51 204
125 27
240 268
102 276
214 131
293 184
68 97
109 223
153 46
180 149
13 181
271 244
232 80
42 54
107 97
192 78
228 44
284 242
217 219
123 177
5 3
291 209
254 85
136 191
201 255
89 118
107 246
53 228
181 227
42 262
41 108
120 190
185 71
187 91
96 235
43 82
32 258
125 222
273 133
251 19
4 166
269 37
13 239
263 1
261 38
211 266
237 221
35 213
241 276
214 145
95 163
119 142
152 86
258 33
207 166
133 58
251 124
121 87
172 245
24 62
4 286
158 5
292 101
17 225
1 171
38 139
178 60
221 196
205 257
34 165
175 274
210 183
61 250
29 111
272 38
87 238
210 55
228 295
55 284
222 192
170 170
45 280
43 0
212 8
176 49
58 54
211 217
146 120
104 253
101 153
49 231
38 267
258 260
55 255
194 256
232 267
221 254
14 87
30 14
152 200
18 176
21 265
52 158
161 209
34 37
128 144
147 110
61 46
260 230
164 95
263 187
119 145
293 226
59 120
107 1
76 216
155 277
67 238
129 151
295 244
70 291
0 70
62 3
73 183
174 62
83 23
29 68
55 272
210 25
280 188
159 242
65 196
144 169
241 24
166 235
265 298
52 233
77 11
11 296
288 259
85 24
190 159
194 75
202 235
160 107
58 149
37 188
28 84
3 93
270 180
27 243
89 239
11 43
88 95
48 13
54 112
284 69
142 124
94 104
164 57
66 25
229 130
238 194
121 193
9 117
113 51
229 199
236 126
136 234
279 236
227 279
123 223
296 262
129 44
147 157
45 173
223 129
284 56
203 50
203 25
49 295
67 48
169 88
289 153
134 161
117 85
178 154
274 82
231 98
221 77
55 240
119 74
249 259
42 181
150 103
125 49
61 258
176 272
86 165
152 74
245 83
60 159
287 198
91 159
79 41
86 249
156 136
119 146
12 231
277 252
210 169
286 199
231 299
147 179
141 203
73 104
200 167
245 34
16 96
178 123
268 141
55 249
289 20
270 60
23 186
199 123
293 159
0 160
98 135
255 44
96 71
9 233
135 146
114 242
118 274
63 84
218 73
191 113
120 234
76 224
51 159
196 39
2 43
78 44
40 77
283 220
192 16
144 130
52 103
77 121
292 179
0 15
288 51
219 35
266 175
126 230
0 272
33 62
63 14
0 262
207 141
175 227
165 42
245 93
254 123
47 222
172 204
152 233
204 133
120 145
44 15
279 244
185 180
26 277
139 284
118 175
176 171
205 185
23 29
95 255
265 198
68 14
103 8
128 50
39 164
99 122
245 29
270 59
65 250
271 83
84 275
112 169
59 72
180 259
76 207
286 94
225 292
169 198
44 131
46 113
222 233
29 266
181 25
129 47
197 85
54 263
263 70
261 293
115 187
60 195
25 268
72 212
151 198
24 43
184 299
172 217
198 52
286 132
12 50
76 202
63 27
61 296
235 152
105 166
297 178
298 68
100 192
97 285
103 152
207 152
69 191
73 268
105 184
194 37
29 253
12 268
166 217
26 60
44 164
59 84
240 195
141 188
270 89
94 151
290 19
244 172
167 258
169 86
96 218
191 104
214 131
247 233
139 114
118 41
252 80
278 181
171 227
88 248
118 86
41 261
194 176
0 211
124 177
67 35
171 81
297 26
103 192
299 101
91 49
236 45
252 292
1 176
55 139
36 192
132 276
22 180
241 74
179 47
65 245
288 108
162 202
152 128
229 133
60 115
0 53
82 261
232 163
288 9
284 109
204 97
46 238
80 200
187 187
137 263
53 166
75 140
48 227
284 259
89 49
286 162
56 175
149 68
52 7
158 25
154 80
264 69
174 249
196 274
93 121
29 99
148 169
122 78
184 142
107 286
80 134
56 111
110 111
225 275
286 284
120 12
246 44
31 249
6 49
145 40
107 74
222 275
190 202
286 35
50 12
138 265
0 292
26 182
137 141
189 62
217 151
238 90
25 157
93 65
221 71
203 151
118 294
97 278
52 288
127 143
87 64
53 9
14 173
207 35
238 262
160 191
73 253
283 114
226 223
23 269
49 224
297 24
259 27
159 298
263 297
32 244
272 289
255 204
90 285
78 270
264 88
240 33
17 250
37 200
251 43
163 167
257 34
274 267
195 297
90 298
235 18
252 19
62 138
256 103
238 165
217 257
16 171
76 111
5 265
162 264
66 28
147 94
235 110
108 143
259 107
201 225
202 197
25 47
105 95
208 262
250 10
160 170
195 61
240 176
221 10
182 62
238 228
205 226
248 82
123 79
26 32
250 164
199 29
122 268
88 14
27 292
37 135
226 291
112 103
31 44
244 65
30 245
202 0
188 295
161 30
243 79
69 70
131 283
156 199
119 54
26 193
2 45
180 242
235 36
94 186
59 235
234 116
237 26
97 156
273 71
280 4
272 275
1 238
294 219
8 200
12 253
177 35
162 176
1 2
290 20
278 71
242 117
175 264
183 184
101 46
153 33
6 55
42 42
34 231
40 206
203 14
2 295
51 0
76 204
177 243
177 299
239 259
90 175
134 278
298 234
22 233
203 180
14 40
113 278
74 160
79 23
64 88
242 103
140 43
237 21
277 13
41 167
234 241
137 183
250 17
144 251
143 252
201 114
41 268
298 174
257 228
275 267
97 220
125 6
220 108
17 188
75 163
127 104
274 139
276 22
111 282
69 13
272 132
273 130
107 235
50 235
157 74
15 125
158 6
147 16
74 5
113 226
173 13
119 86
235 110
167 169
206 273
3 244
39 151
85 109
36 187
290 36
79 59
43 94
185 121
18 190
28 83
31 50
71 47
18 18
84 84
129 233
174 59
90 151
0 90
52 151
265 140
91 248
290 173
24 75
211 169
116 24
164 105
119 95
174 174
146 33
73 154
186 129
261 18
149 249
141 76
275 35
43 203
289 225
244 164
95 41
59 197
103 4
206 177
81 147
184 276
35 275
279 182
233 273
35 291
277 281
71 239
76 293
17 79
239 150
247 241
227 134
103 176
152 25
92 5
223 83
132 195
38 193
168 273
190 240
119 284
56 106
142 52
185 19
273 92
247 234
293 41
159 149
271 207
52 4
155 129
285 165
118 159
199 101
207 236
162 94
101 67
109 62
194 80
268 202
199 238
98 2
138 207
269 158
107 126
97 22
161 145
86 25
261 258
114 38
11 276
270 290
147 220
182 267
227 79
128 177
130 19
149 230
267 120
289 296
79 51
125 154
113 66
144 144
9 218
62 99
235 141
127 190
63 134
185 29
5 296
296 34
263 174
14 288
267 230
112 23
25 237
56 85
58 6
168 203
134 138
45 81
61 128
23 38
80 97
206 260
91 121
48 202
234 29
50 46
243 256
193 98
226 98
192 82
0 218
273 271
39 284
292 193
269 132
268 49
9 147
37 196
187 241
262 77
244 278
53 256
198 271
56 128
215 18
130 111
77 133
78 212
16 141
155 269
184 110
120 13
78 52
101 172
46 211
54 188
27 298
117 66
1 179
59 72
290 168
214 79
36 121
297 266
299 280
265 213
249 100
98 195
76 216
266 117
58 64
98 262
70 80
42 181
285 23
76 49
276 153
41 240
226 31
228 249
253 277
74 32
86 95
203 127
98 92
159 276
76 96
156 158
188 288
295 157
173 103
211 216
204 277
91 254
7 30
172 183
271 96
291 74
141 8
272 179
77 138
264 163
257 170
208 12
234 108
196 118
197 47
223 54
43 241
293 53
167 22
286 268
81 118
126 27
175 244
297 50
16 155
263 149
287 111
193 213
167 73
183 38
28 34
292 135
248 15
156 170
72 257
67 99
192 69
285 233
24 75
296 77
50 102
166 145
287 135
277 89
122 231
191 140
229 63
222 160
105 34
287 207
191 222
155 274
278 31
85 107
73 34
173 188
104 178
81 86
111 164
15 38
139 252
55 52
204 250
272 217
61 95
127 232
265 141
173 40
176 248
269 2
37 26
179 230
98 156
155 293
123 50
34 292
37 85
43 250
89 1
280 13
74 254
216 183
1 228
248 260
9 4
80 187
120 117
145 3
0 271
297 237
150 125
52 12
274 193
188 92
286 116
80 143
55 109
210 73
81 132
61 167
226 26
208 146
247 286
230 24
282 38
192 95
159 152
8 106
125 252
229 30
135 111
49 113
188 89
299 66
19 110
61 149
258 100
257 195
249 109
48 3
108 79
162 220
106 145
34 226
117 2
236 166
154 15
12 65
168 23
233 250
262 239
225 81
251 164
278 12
223 232
64 241
220 9
151 191
77 113
213 106
47 210
273 16
214 137
236 18
46 262
198 264
0 238
151 90
74 48
105 55
263 168
36 252
233 30
298 189
178 173
198 16
126 150
71 30
38 293
203 68
188 209
235 120
80 288
151 118
278 198
288 72
221 274
201 273
107 21
98 139
208 235
35 260
247 211
122 163
70 10
232 37
291 250
67 255
218 41
258 224
61 80
118 268
134 263
156 19
277 228
263 286
110 174
235 178
239 61
163 270
143 278
63 139
95 107
78 217
84 13
160 278
38 61
285 234
227 271
1 264
152 290
117 4
133 213
4 218
211 23
92 218
58 19
166 152
73 29
241 137
133 228
196 108
148 73
199 269
168 244
146 0
27 41
26 257
78 224
141 15
284 138
293 290
141 139
44 158
292 264
155 241
270 294
84 101
153 60
116 33
221 211
3 6
158 150
272 228
82 119
213 132
174 78
105 73
37 295
248 242
35 7
289 115
162 157
97 282
10 88
201 177
38 219
176 265
181 55
274 278
206 9
261 203
93 156
68 174
154 82
156 123
139 247
267 145
111 182
166 160
194 118
140 48
216 189
3 264
199 275
157 11
6 10
212 265
29 269
79 225
68 253
79 296
235 91
57 288
273 262
95 184
49 18
21 153
139 119
190 203
151 19
175 19
141 1
85 274
77 12
140 55
143 278
68 199
269 16
217 60
133 113
32 219
294 41
16 217
77 166
271 106
229 178
280 88
83 215
117 215
247 268
17 0
103 258
187 194
279 276
56 77
235 66
73 11
23 296
134 12
173 202
159 43
92 154
263 147
31 38
11 295
14 200
45 167
214 37
38 53
210 260
179 200
205 295
258 134
65 204
279 162
154 231
41 216
239 96
193 252
100 65
257 39
136 153
222 262
198 150
218 101
249 101
59 265
256 91
103 293
142 79
51 179
54 231
41 260
187 231
285 115
263 112
219 210
71 192
146 118
254 123
124 187
226 216
48 291
17 21
184 181
54 208
291 153
202 229
15 264
286 96
7 106
247 165
9 114
103 171
48 181
299 116
189 223
184 43
106 199
263 113
97 190
11 186
169 142
126 129
58 125
292 221
129 125
221 69
157 202
168 69
234 164
287 50
268 296
25 120
281 279
27 194
61 289
119 126
188 269
58 295
221 249
252 155
264 284
89 54
139 86
145 151
43 140
77 198
146 94
228 297
160 54
76 130
183 292
299 288
161 137
88 283
16 38
205 184
88 145
109 285
1 275
49 29
200 183
297 65
155 6
83 44
71 69
135 22
259 242
153 290
51 190
221 298
264 291
28 138
43 9
109 58
46 121
67 27
38 286
46 221
69 280
270 165
106 186
14 181
260 0
22 29
42 296
219 257
42 274
111 42
36 258
18 144
83 127
41 167
24 37
48 26
114 236
103 155
88 174
27 87
24 109
288 22
126 107
217 195
77 100
111 22
280 134
225 167
45 194
56 37
299 222
258 128
281 104
270 193
32 288
261 95
49 153
141 293
77 238
236 67
281 95
125 12
117 249
211 270
102 47
159 122
216 135
249 124
95 48
42 77
249 130
20 78
135 114
245 115
19 110
296 275
214 72
196 53
231 0
147 109
194 248
82 146
245 184
224 251
149 271
171 89
140 153
285 34
122 105
135 219
52 269
114 143
254 243
61 298
292 256
184 125
188 199
66 27
1 194
60 63
238 205
265 142
176 281
295 119
81 249
68 89
148 216
150 63
103 103
229 278
186 242
113 122
15 127
194 84
274 269
187 197
10 178
145 32
202 39
263 59
104 126
31 266
211 152
211 208
97 232
274 54
107 3
179 37
253 88
25 146
224 288
144 219
133 88
295 136
245 29
93 240
128 237
11 100
286 212
216 249
199 179
201 80
45 20
169 66
24 261
71 286
54 59
8 178
76 122
127 122
115 11
120 20
270 50
170 143
214 261
188 92
105 268
27 75
81 217
34 118
48 197
162 171
107 155
289 122
80 11
7 189
45 273
87 151
291 29
40 11
71 44
183 150
288 237
31 299
257 10
292 232
271 42
41 59
132 24
163 274
294 39
250 71
286 80
197 68
19 298
0 144
62 230
187 109
200 228
248 284
170 174
294 268
31 131
164 207
230 167
216 11
94 110
195 9
292 198
263 126
103 242
230 226
159 87
182 269
65 22
191 294
297 26
59 177
25 158
96 278
223 277
199 226
269 179
294 41
167 287
212 103
292 73
171 280
260 152
252 47
155 47
225 275
243 258
174 220
258 222
183 260
184 144
19 262
234 278
263 201
247 142
88 197
11 156
291 239
258 50
96 8
46 111
59 219
202 168
105 262
176 144
97 179
246 152
293 258
95 166
263 101
5 210
261 179
240 212
26 276
44 166
71 251
172 218
103 139
223 82
48 226
297 48
197 251
205 124
218 137
274 277
167 45
214 193
228 73
256 252
213 178
93 175
204 102
111 103
201 187
180 27
18 3
132 189
216 151
254 15
253 199
48 269
11 166
245 145
150 231
102 135
265 275
201 112
11 244
36 89
97 85
275 222
153 284
22 261
82 127
275 258
99 47
250 223
231 118
59 17
183 251
63 32
2 249
258 130
262 99
273 241
144 272
292 256
148 75
151 184
47 273
113 26
97 55
283 71
130 262
192 109
69 235
225 101
88 228
44 195
93 167
60 43
220 85
160 255
228 241
153 107
47 53
159 97
180 126
138 185
168 259
124 53
10 254
144 291
192 44
230 57
249 135
5 131
90 140
119 71
260 98
99 5
75 161
264 92
224 45
237 83
97 72
69 260
170 51
152 97
174 212
220 277
201 244
156 74
268 253
163 199
216 298
177 163
29 28
278 174
37 267
111 251
248 239
156 68
26 232
292 175
244 34
135 185
169 35
217 278
288 47
238 19
171 257
4 62
132 183
201 214
98 239
20 81
208 86
238 209
67 64
285 81
116 92
154 213
204 184
154 77
123 189
295 137
139 118
203 279
266 243
121 182
37 17
130 48
6 164
184 195
242 153
71 155
229 263
72 261
201 258
171 59
285 134
81 243
122 187
295 174
95 111
112 123
150 139
56 68
8 75
126 61
82 37
279 187
136 157
11 175
229 249
31 13
17 96
177 285
86 208
47 156
189 215
294 50
115 81
146 150
75 124
105 67
139 245
177 166
84 257
143 77
122 137
125 138
73 194
164 59
55 203
104 18
188 122
203 247
135 291
257 257
39 280
141 240
88 222
265 264
168 294
157 11
297 103
153 91
119 197
41 277
78 58
222 125
85 1
264 156
54 168
281 212
48 78
293 212
150 80
271 205
218 67
19 76
65 21
108 153
182 27
279 23
125 121
125 249
20 175
77 55
215 264
0 138
261 204
157 20
82 275
254 153
83 144
278 188
230 149
118 229
290 96
23 2
232 14
210 216
72 42
9 12
113 153
178 49
168 40
124 46
273 138
113 120
290 235
208 152
247 201
60 141
54 161
38 172
260 136
178 61
110 16
241 117
103 62
278 43
114 53
105 155
30 63
263 227
288 189
161 227
258 53
204 257
255 223
245 180
57 284
166 53
211 1
156 204
165 105
297 281
251 135
203 161
48 190
165 50
253 144
56 134
254 119
243 241
218 48
262 281
95 107
242 128
71 78
110 177
69 216
39 181
144 218
94 117
257 214
241 55
134 135
181 27
252 49
83 265
262 196
227 84
218 15
163 80
126 294
83 94
245 45
268 167
35 68
289 220
168 103
198 66
151 39
35 34
140 46
129 158
271 74
53 254
194 212
164 106
56 98
3 147
275 124
52 3
144 140
219 138
267 256
25 18
46 294
99 275
278 74
218 264
86 198
103 42
50 123
246 75
52 97
146 297
252 207
24 109
48 298
111 237
163 219
29 177
33 242
283 286
38 77
127 132
93 122
78 254
233 68
174 231
229 60
150 206
55 120
273 240
283 114
215 143
145 238
4 181
239 251
17 296
3 116
266 274
168 2
47 122
216 298
166 56
230 252
181 18
24 153
274 4
19 177
21 278
220 72
198 157
221 108
21 38
138 4
43 167
27 223
15 206
170 287
91 42
167 60
20 236
59 51
261 171
262 32
266 227
94 25
252 265
156 279
171 278
71 26
201 267
138 64
147 279
46 29
22 95
107 258
298 295
85 31
205 19
52 2
168 94
261 214
113 148
293 135
295 102
130 67
156 61
277 140
101 226
140 172
257 46
44 40
51 134
34 107
120 198
289 52
241 131
220 77
145 153
260 59
290 16
266 214
235 118
201 57
77 122
66 172
87 128
137 283
29 69
125 73
4 144
27 128
191 34
252 27
226 289
126 291
126 212
120 238
238 124
240 196
100 229
264 122
133 45
20 20
84 41
106 162
221 202
77 99
242 246
224 205
147 104
251 148
212 200
11 145
285 285
256 0
20 33
255 112
46 13
144 80
216 192
261 78
119 267
169 272
98 84
153 236
217 80
24 237
178 32
267 63
137 71
206 188
266 123
281 271
48 118
62 255
166 125
205 41
66 120
249 260
21 10
99 88
86 253
277 162
201 59
268 208
50 100
125 167
265 151
31 43
25 218
197 187
170 197
160 56
241 155
44 78
26 128
196 239
250 30
247 273
130 248
235 210
1 214
41 191
190 252
182 29
196 201
245 25
126 283
225 78
28 72
184 66
179 44
30 97
234 248
13 152
13 128
153 46
167 10
125 19
125 23
34 169
265 123
213 29
224 11
153 70
2 88
247 284
117 128
92 288
174 13
210 264
258 148
41 210
117 98
32 188
280 127
204 183
152 92
106 99
172 259
278 198
246 101
148 281
78 215
142 141
161 233
52 260
58 196
91 253
209 264
49 119
249 241
239 81
66 124
272 7
239 210
184 289
262 115
292 58
144 110
71 157
27 271
70 194
263 271
283 127
241 5
146 260
244 6
157 70
164 251
61 237
163 244
251 17
30 247
276 167
259 156
298 244
108 287
229 207
83 126
160 152
242 297
260 104
169 298
246 274
0 186
94 11
19 147
236 218
62 208
29 168
174 141
141 261
192 133
194 215
91 46
76 217
133 101
277 24
225 279
77 201
32 252
73 36
261 293
141 102
20 296
172 195
207 225
115 246
269 216
62 38
220 36
135 245
0 286
113 69
215 255
1 187
48 145
6 119
218 246
113 76
96 239
69 175
168 181
187 290
163 113
130 23
107 94
1 250
45 44
200 284
130 133
270 30
177 233
193 180
165 284
290 231
78 66
0 152
236 79
191 7
283 83
86 70
58 193
229 26
167 162
104 139
240 99
178 181
19 176
25 228
88 122
268 245
291 297
203 36
234 195
241 206
75 187
96 62
46 276
164 219
268 278
172 210
27 108
60 118
51 120
121 194
37 63
5 267
40 43
202 173
65 35
229 198
86 99
237 64
242 245
173 36
178 149
15 252
204 183
225 172
5 66
113 142
263 288
129 140
293 251
56 271
44 249
47 153
231 16
93 13
218 247
177 87
258 274
84 123
292 145
120 113
161 266
146 191
100 190
122 65
166 42
149 141
50 188
138 168
125 262
68 220
191 277
74 142
233 256
226 105
269 282
264 29
65 282
88 21
299 54
75 227
17 79
283 116
104 245
136 190
232 187
297 215
229 246
71 86
121 48
276 239
200 207
23 119
30 284
271 11
112 259
299 208
150 204
296 48
186 197
74 227
133 162
22 76
156 205
268 196
75 41
180 104
268 258
59 57
242 174
265 234
186 267
34 63
90 68
103 278
187 258
151 15
11 183
43 100
122 272
19 260
24 86
45 252
129 210
74 150
126 94
195 14
214 48
192 117
244 170
102 47
7 194
74 79
82 174
229 261
32 175
97 237
249 178
60 172
203 190
261 18
152 176
147 164
56 140
272 60
152 161
120 114
61 0
213 59
37 55
190 43
57 62
100 273
47 84
178 141
131 44
272 289
4 286
206 54
163 262
23 273
104 282
257 84
153 236
10 234
86 184
123 297
76 119
26 104
296 129
271 79
152 245
59 32
77 205
56 186
264 249
214 276
98 167
226 148
71 215
195 35
96 65
191 148
183 217
242 224
9 151
103 79
72 1
135 51
55 264
164 263
254 16
257 52
4 233
190 0
142 41
101 103
174 0
25 31
227 288
184 276
235 29
286 23
0 15
30 105
204 125
177 199
2 114
209 44
262 146
190 178
0 121
134 274
286 125
178 117
111 197
262 43
111 27
55 84
78 77
101 165
97 81
29 179
82 225
82 153
117 221
152 260
109 134
124 178
192 250
198 35
151 94
244 89
12 67
136 169
259 77
8 26
224 243
207 153
107 151
235 249
147 4
212 194
97 65
199 205
198 67
173 103
263 58
78 108
122 172
138 29
198 115
28 174
288 207
17 260
259 0
202 52
297 233
141 177
43 40
206 296
223 25
134 56
229 196
64 23
172 293
21 21
44 167
260 277
57 84
81 49
157 193
164 208
111 68
128 259
174 185
101 273
100 201
199 65
10 212
283 11
239 179
192 31
194 36
165 43
248 134
199 262
16 239
144 267
129 209
210 101
4 109
294 140
191 7
88 41
146 58
60 194
117 83
84 24
178 281
100 197
265 22
231 37
19 100
198 257
198 119
255 122
92 66
62 151
266 93
208 71
188 294
39 36
84 104
64 260
160 130
281 108
159 44
94 95
63 205
121 131
294 85
55 245
144 257
215 206
163 107
4 251
264 227
166 184
176 292
94 3
7 124
27 235
77 124
52 125
90 55
145 265
141 71
244 80
217 273
45 280
7 78
262 186
221 207
175 137
19 291
115 33
213 118
78 28
141 286
288 272
249 146
134 95
16 20
4 29
230 194
117 81
183 34
42 237
163 39
13 214
226 54
98 289
183 231
17 100
128 21
142 95
174 38
257 106
246 293
244 250
184 54
37 36
221 165
200 211
63 238
249 175
285 52
158 0
155 115
276 125
69 286
50 191
57 251
119 121
234 2
132 107
225 106
295 101
135 45
46 269
157 266
116 255
23 20
126 64
204 252
232 223
108 239
9 280
110 180
254 205
249 29
47 217
148 289
254 28
285 75
192 88
168 45
32 57
131 109
180 24
94 279
171 286
265 29
230 294
261 186
87 116
139 44
214 231
205 35
144 21
155 83
257 173
2 187
234 219
196 269
263 38
32 72
115 22
76 234
133 263
105 78
187 45
108 271
174 257
202 75
286 246
102 263
139 213
153 181
223 44
110 37
168 209
14 258
196 29
74 44
67 207
202 277
232 79
248 146
285 48
276 53
270 256
160 113
143 203
296 197
47 134
152 186
168 116
284 109
171 181
260 59
94 275
55 39
31 17
72 104
69 92
297 122
125 116
164 166
113 23
147 262
194 97
50 13
84 217
287 266
89 190
130 91
11 182
9 183
275 268
78 102
134 175
199 264
153 90
166 201
51 278
217 225
188 41
120 283
227 279
12 73
60 281
199 281
108 132
283 4
9 26
25 246
137 0
266 239
203 265
231 127
162 122
169 280
26 289
266 231
207 244
128 289
27 78
129 203
88 62
298 247
104 236
14 49
253 36
47 145
102 255
42 247
47 112
262 192
137 130
209 238
85 262
61 261
243 67
164 39
96 50
109 75
240 285
110 80
7 145
270 226
200 91
145 143
203 53
19 296
207 22
231 3
37 150
4 256
185 130
4 212
92 86
4 131
65 188
89 126
177 141
234 160
284 20
177 218
136 7
251 210
188 156
112 286
25 168
150 126
107 240
191 139
274 98
69 257
36 274
205 193
88 94
196 159
4 129
140 145
265 129
87 263
45 164
194 264
3 181
201 295
90 211
199 94
87 284
152 228
157 83
213 52
184 179
15 25
291 232
146 117
181 244
271 13
40 157
162 250
201 127
250 18
4 237
260 89
222 294
2 55
129 238
189 50
2 91
196 225
246 229
260 17
228 132
258 249
126 100
15 129
174 160
134 16
292 226
288 57
192 201
215 41
252 153
178 162
206 64
107 154
4 42
191 155
139 259
276 8
295 147
201 87
171 40
11 146
134 174
287 258
283 24
200 148
213 139
171 121
95 285
200 216
65 44
116 141
38 218
46 97
264 284
124 98
243 78
183 183
87 26
44 208
40 64
239 186
84 2
154 294
94 14
205 122
195 245
182 115
11 78
167 142
105 100
252 127
188 239
34 23
107 186
17 229
59 66
247 247
169 250
233 153
277 23
272 144
151 221
41 95
99 155
14 147
136 166
164 69
252 199
159 185
281 296
169 223
87 5
148 138
94 93
292 287
179 238
109 70
228 189
146 266
279 220
85 7
296 228
297 15
30 267
210 283
54 251
2 237
208 166
263 292
218 248
157 179
211 167
56 68
147 27
51 283
18 102
274 74
19 196
281 292
208 115
145 68
101 68
220 239
71 121
267 120
273 219
111 175
175 135
262 208
129 15
55 124
121 216
261 37
118 154
83 268
120 291
281 222
186 198
3 138
48 13
183 12
153 289
199 285
244 292
222 59
162 3
130 23
129 139
187 285
130 278
215 171
79 158
127 187
14 234
81 224
82 148
32 52
34 131
90 0
237 194
37 213
99 150
10 106
188 64
147 22
2 224
118 112
123 82
269 32
115 79
299 192
147 46
210 217
63 182
272 246
51 105
76 117
81 25
46 141
267 87
177 192
68 249
213 241
249 59
54 269
102 40
172 39
279 233
23 17
246 296
136 110
141 136
94 231
131 6
233 244
236 214
46 69
3 13
40 237
210 84
115 204
20 250
77 286
52 254
211 182
79 180
25 144
214 42
13 142
291 97
222 252
95 26
270 64
133 237
147 273
299 178
146 204
61 232
42 34
7 182
198 24
119 215
117 142
36 139
10 150
75 80
188 229
43 255
244 134
138 10
290 70
189 55
48 198
73 115
125 137
20 276
225 131
25 217
273 151
99 76
157 61
8 193
193 92
236 9
59 199
178 217
206 245
113 181
223 87
205 64
233 144
66 21
69 119
188 173
2 253
40 79
160 80
270 115
113 245
159 57
66 196
163 240
4 48
225 277
170 26
201 211
236 144
231 7
154 281
133 138
177 298
7 60
255 144
77 280
65 249
207 160
135 146
231 168
246 17
241 268
233 17
12 0
254 270
68 14
211 46
241 296
22 207
193 77
242 184
152 274
249 58
248 222
186 263
114 52
127 35
299 107
146 268
182 166
10 217
287 256
189 32
153 205
240 269
52 64
149 173
267 19
177 146
113 141
198 60
105 11
212 93
248 254
100 192
273 273
151 95
256 221
166 211
91 236
177 122
248 298
191 2
226 104
275 135
212 123
229 191
143 49
151 63
210 278
39 70
53 244
142 186
133 263
225 207
241 200
119 171
239 216
207 78
92 282
69 0
273 218
27 45
100 78
136 227
211 254
23 291
100 167
103 42
65 217
180 10
83 111
239 281
278 214
201 261
22 5
34 109
174 21
283 51
80 113
60 82
77 172
134 127
86 257
241 70
106 197
70 287
217 103
53 169
144 36
264 285
13 82
106 219
109 15
116 290
29 12
271 80
78 70
90 288
110 42
27 208
16 50
185 269
204 235
134 212
174 220
236 228
122 159
34 77
278 214
62 243
149 274
265 53
7 76
134 154
12 299
141 236
236 110
186 189
151 138
25 262
71 180
114 141
254 161
29 15
272 3
258 240
147 56
127 196
155 149
60 191
137 237
265 206
22 218
29 237
174 208
138 61
266 15
230 102
260 283
277 270
85 15
146 104
38 153
35 45
144 186
41 266
177 294
88 161
124 258
97 166
221 110
45 254
171 208
35 297
114 32
214 45
126 73
101 134
258 16
204 97
273 153
89 185
226 275
245 45
2 256
260 160
77 232
20 98
36 291
13 228
294 46
266 244
42 48
262 267
15 285
170 194
105 141
55 266
85 42
294 0
262 245
77 67
229 242
263 161
138 3
63 288
4 181
51 236
135 248
79 239
87 29
215 103
204 281
138 48
229 56
181 193
280 117
101 273
196 240
241 256
211 241
107 40
188 216
214 71
240 254
233 126
189 97
16 43
53 68
17 5
51 287
113 198
159 175
134 122
212 101
224 232
111 92
65 270
282 129
259 144
243 68
196 186
186 111
58 201
113 11
64 286
159 242
89 297
115 194
220 170
59 100
296 129
83 289
46 117
38 169
21 285
129 197
172 203
113 285
111 44
294 123
289 209
296 137
13 273
139 74
40 79
2 291
39 191
138 78
292 182
241 154
181 214
204 116
42 277
167 41
159 20
129 208
195 79
179 73
243 260
168 269
240 157
119 240
285 97
283 222
40 234
260 112
54 169
174 241
169 168
102 167
76 99
19 99
16 215
171 291
226 247
151 127
71 67
125 69
78 2
281 141
3 54
109 42
281 65
49 147
221 72
88 64
14 15
47 213
30 169
286 216
175 93
280 26
200 76
34 223
297 264
93 216
63 25
180 52
261 60
180 103
66 224
198 275
125 91
261 271
16 76
152 150
140 281
243 137
179 252
101 84
224 141
8 85
182 138
159 110
210 37
69 282
96 96
197 192
297 55
253 271
171 89
105 143
137 277
51 138
51 216
297 48
262 37
201 275
40 98
39 282
249 158
23 283
122 125
212 107
269 180
106 256
137 245
99 50
218 138
247 72
32 171
10 190
197 83
292 144
2 12
40 94
276 102
204 48
108 199
64 268
180 186
235 211
123 294
176 8
149 195
263 76
47 292
4 174
134 208
41 39
180 244
210 46
220 10
199 285
151 270
249 65
26 260
119 115
41 179
168 244
107 96
207 71
260 183
234 137
297 96
187 11
272 147
163 259
51 8
8 101
81 240
30 109
18 22
143 167
176 203
64 290
220 122
151 59
263 21
24 287
76 190
75 281
277 96
274 182
30 229
136 260
219 29
194 42
94 166
144 114
280 111
190 21
257 246
282 74
239 76
176 201
218 144
186 272
153 99
42 61
267 102
256 21
204 65
232 2
62 38
162 10
295 77
101 217
144 135
74 165
287 221
143 286
189 47
255 227
102 14
76 257
83 185
241 69
153 268
74 230
153 285
109 212
88 252
122 258
293 34
245 176
114 36
161 96
45 54
109 273
53 160
118 129
76 83
53 237
211 212
251 114
104 89
284 126
84 250
4 102
252 218
14 86
203 140
241 164
26 186
254 114
268 139
175 98
128 226
163 231
80 244
252 114
198 18
168 220
89 258
68 267
207 51
14 48
292 51
111 29
14 133
48 237
47 164
278 122
150 137
266 45
245 22
40 237
68 40
247 153
23 200
161 273
275 242
210 271
224 269
211 31
88 152
64 178
77 55
92 202
168 18
190 125
287 294
70 178
164 105
238 254
97 150
292 168
136 75
136 262
194 194
194 147
39 52
131 79
80 187
273 18
74 45
175 268
147 156
295 263
57 51
258 30
43 103
22 114
228 125
6 19
291 40
224 273
211 0
6 173
1 238
191 131
48 192
285 88
198 121
35 162
205 158
128 65
120 231
298 0
113 280
49 63
152 6
259 134
299 235
243 95
244 233
258 29
216 142
243 165
215 97
120 117
57 65
292 263
82 73
250 271
26 111
196 140
68 40
41 71
246 117
30 225
163 155
214 164
266 204
135 116
169 129
48 51
270 221
53 136
149 6
78 89
52 23
248 26
207 292
212 169
99 69
87 58
35 89
162 156
240 286
283 200
294 80
290 206
216 2
129 169
60 159
155 113
292 8
162 36
208 172
272 97
28 66
85 232
99 251
298 89
274 134
264 227
55 218
95 298
75 6
234 58
286 270
160 59
139 1
231 258
89 57
36 228
221 27
32 40
126 240
165 75
242 284
281 169
284 183
31 270
26 7
150 283
292 203
162 285
157 96
141 177
86 220
13 71
175 49
225 277
255 166
217 196
37 208
18 277
69 187
0 140
108 34
93 88
171 223
214 168
255 247
252 235
272 69
77 161
16 218
130 165
180 81
171 120
199 268
298 128
99 31
89 290
17 54
197 19
83 295
96 46
91 14
277 283
120 151
109 279
226 237
18 180
251 278
143 277
246 259
186 232
246 12
281 219
105 20
155 176
129 289
9 108
262 292
287 137
227 168
101 70
162 151
238 31
53 84
48 136
36 250
248 53
212 60
211 295
153 6
32 38
79 83
264 290
14 94
72 122
188 64
266 267
244 265
253 205
0 246
220 63
270 278
290 154
240 128
87 224
175 102
105 255
240 49
39 292
138 246
54 47
90 262
175 269
76 263
200 286
150 131
36 15
15 218
254 235
55 237
93 7
167 251
93 101
284 62
2 225
59 184
286 271
6 201
45 161
297 258
142 265
249 187
180 249
172 120
23 88
141 122
94 90
222 196
169 74
38 220
105 271
93 136
121 204
88 223
95 123
289 139
261 32
240 88
298 202
170 131
280 276
184 181
225 48
115 83
203 130
168 259
11 234
205 80
46 74
21 276
246 29
265 296
286 299
74 13
166 242
188 280
136 122
125 299
197 27
113 171
82 221
264 90
201 71
100 43
227 90
236 24
68 260
253 276
227 42
256 63
237 259
78 78
44 113
0 199
81 79
180 200
70 75
111 116
113 65
158 212
22 117
249 26
256 293
84 222
298 257
286 95
189 24
88 37
153 1
288 57
74 86
236 152
89 151
118 24
160 148
176 60
98 132
106 263
51 54
298 108
157 64
238 105
256 144
289 11
118 12
251 51
123 64
165 265
152 273
35 240
7 291
36 283
183 55
243 289
112 120
85 255
250 165
233 269
94 187
5 256
66 75
43 141
160 166
170 23
83 226
75 109
270 131
120 43
82 269
113 59
228 99
10 56
92 296
268 77
146 39
2 271
91 86
166 257
59 295
163 20
272 123
97 153
145 240
114 205
213 295
78 234
191 193
233 108
163 48
143 73
245 131
13 164
79 158
254 121
282 129
126 113
44 10
285 159
40 206
281 172
297 125
26 62
98 22
1 108
144 121
25 111
290 175
222 213
82 227
264 122
196 127
296 97
60 276
28 204
47 299
149 175
14 195
126 60
68 115
198 79
45 117
127 34
91 171
11 196
241 27
149 97
71 167
1 145
179 121
50 255
74 259
136 91
157 128
102 201
203 222
56 165
53 104
67 37
197 146
45 272
222 180
201 89
258 68
46 44
255 91
83 63
93 15
58 118
266 37
49 286
4 3
193 195
163 249
249 220
134 237
194 277
227 128
6 234
109 154
147 29
75 98
256 116
73 118
10 123
161 192
124 68
269 228
193 63
82 255
157 184
229 264
65 158
101 255
232 154
75 101
27 15
144 298
150 128
125 228
274 259
207 159
154 6
67 35
115 255
30 9
188 14
143 133
227 250
137 251
177 159
293 80
35 216
68 137
249 217
282 5
91 55
134 122
0 288
292 258
210 40
104 107
208 262
110 132
77 37
236 41
256 201
230 0
130 288
0 169
105 127
81 34
191 241
86 269
163 294
9 267
100 101
239 49
116 215
172 280
176 195
48 62
9 175
170 165
18 75
79 201
80 264
109 243
145 266
57 247
180 194
36 136
269 215
20 118
0 83
231 111
194 17
214 52
53 281
206 163
62 142
87 67
209 28
44 294
48 190
114 266
155 47
40 70
250 298
210 192
175 51
220 86
142 16
78 0
197 130
163 6
199 269
43 154
212 140
124 106
266 26
84 72
140 55
44 212
273 186
62 236
51 214
209 174
202 161
118 68
3 124
121 249
236 136
36 165
257 109
234 129
150 286
60 15
288 6
72 218
3 99
187 285
281 52
119 276
164 220
35 199
198 243
52 250
47 219
278 240
256 267
55 141
210 15
135 232
272 81
258 77
48 189
65 85
12 77
164 257
95 182
192 167
34 296
168 55
149 89
9 84
120 50
180 190
196 161
221 271
222 57
227 208
83 288
128 32
75 219
125 124
192 20
175 57
119 268
79 40
125 172
71 118
192 187
74 143
90 45
78 145
142 187
70 250
82 219
183 52
171 205
204 72
56 14
70 76
147 256
240 54
31 184
119 110
32 133
110 216
207 115
76 99
282 165
240 46
74 83
261 57
125 93
290 227
93 0
81 77
85 262
4 89
205 62
129 189
251 20
219 157
226 187
38 297
258 162
5 261
94 217
221 87
204 187
186 275
250 98
155 5
149 162
17 36
89 212
122 237
152 215
5 22
188 21
21 192
160 26
268 45
230 46
267 234
57 212
293 28
207 42
298 135
70 231
260 200
104 159
71 186
70 172
296 209
175 156
230 29
47 64
287 105
199 272
274 5
42 172
253 238
69 224
280 253
220 181
108 274
53 169
134 244
164 181
67 280
96 130
131 49
68 113
49 47
192 211
283 71
37 17
230 278
287 211
60 126
65 150
167 191
130 216
168 146
269 84
102 225
63 264
238 211
269 165
42 73
74 23
58 252
126 138
112 113
206 145
275 227
105 100
3 120
42 12
20 185
260 146
37 282
159 111
113 84
124 76
151 291
78 263
181 50
5 166
255 91
251 87
152 44
111 8
241 20
37 257
238 94
69 214
228 241
124 88
192 297
236 228
230 254
140 288
88 296
184 168
250 230
290 29
129 290
50 44
259 97
296 250
107 141
116 272
254 216
278 145
5 204
193 281
53 237
74 86
152 257
170 49
175 288
277 138
265 233
102 284
22 105
297 224
179 49
113 259
184 274
238 245
231 50
249 127
6 220
189 283
191 169
141 165
180 36
109 268
105 132
197 27
189 286
245 68
268 76
26 276
290 206
114 178
293 198
117 110
67 240
291 247
226 76
219 260
234 126
25 239
77 210
296 222
173 2
127 215
251 128
168 47
251 242
173 284
129 261
271 185
100 191
75 208
2 185
30 224
204 73
155 66
200 70
24 220
201 145
185 171
160 272
42 55
273 14
267 21
224 47
210 222
137 234
51 53
253 8
226 284
286 204
82 299
92 126
115 80
164 16
170 17
163 65
64 272
7 245
133 143
169 135
141 62
83 105
161 154
299 60
73 207
145 171
130 44
237 153
76 194
102 90
109 6
104 235
276 149
202 156
278 0
283 278
163 12
177 54
242 200
37 296
86 106
200 22
203 155
207 266
132 281
119 163
12 25
112 111
80 285
82 19
287 294
230 77
41 192
162 269
108 39
205 34
103 99
41 36
105 78
136 199
51 78
27 152
151 262
241 198
42 208
91 64
217 69
24 266
140 54
14 232
155 227
79 114
281 167
49 236
87 45
282 212
157 128
239 73
129 46
123 10
278 181
74 144
3 253
225 271
112 15
62 297
205 179
260 31
28 244
147 32
180 61
19 277
180 287
201 148
272 186
273 95
62 55
186 73
13 176
162 156
146 98
218 242
61 114
104 174
12 255
99 80
150 119
99 54
245 27
143 249
90 40
145 119
183 26
158 203
63 160
22 267
113 59
192 205
139 251
298 271
94 4
88 254
173 88
41 191
22 77
109 286
177 211
221 180
60 110
220 58
86 258
71 18
268 26
40 1
81 210
179 132
109 14
274 169
291 31
226 149
124 13
44 271
189 101
42 172
243 225
5 230
235 40
110 153
147 32
201 200
260 188
202 226
188 247
264 71
216 228
110 108
86 30
126 248
9 215
97 195
79 58
5 138
63 251
7 298
107 5
253 128
223 99
208 267
121 152
23 245
283 159
122 251
278 20
191 150
271 133
64 9
194 203
52 226
136 291
45 288
217 141
98 89
173 123
285 68
237 118
139 200
30 184
298 27
8 209
36 147
234 94
236 255
141 63
203 195
9 173
127 279
97 34
223 194
243 158
243 67
215 106
161 113
5 7
279 102
6 98
277 108
20 27
104 164
299 163
109 28
1 85
157 179
74 280
242 244
291 93
45 39
289 59
83 155
196 216
213 255
69 27
14 275
223 63
60 116
240 16
139 114
286 74
178 118
169 32
1 262
222 222
30 159
62 62
168 114
97 60
249 94
168 245
258 87
280 55
236 209
227 229
189 163
195 137
176 12
49 96
128 157
273 17
20 6
212 180
90 100
273 47
122 40
243 287
121 86
155 277
219 236
167 112
90 28
108 194
78 60
276 229
264 131
40 99
55 83
166 222
179 97
55 52
58 30
97 73
206 111
187 134
123 36
187 121
118 273
296 207
278 289
101 55
201 117
206 21
18 199
254 108
34 193
63 269
287 227
64 284
88 209
271 252
157 105
105 44
283 105
188 223
169 129
174 203
66 121
255 286
141 144
150 38
7 78
128 170
24 52
6 1
186 6
210 113
89 262
156 284
249 12
96 209
164 242
241 32
280 275
51 112
182 114
131 136
262 106
103 16
106 264
80 275
292 281
56 115
27 276
29 262
113 195
283 9
43 59
296 263
107 78
51 176
213 211
81 120
94 175
53 37
6 32
298 235
217 29
21 28
238 103
221 153
283 61
129 185
111 102
246 148
251 97
102 285
201 41
270 274
158 23
164 219
248 277
260 140
52 229
183 117
121 48
277 165
129 126
256 103
283 107
210 194
101 202
10 93
201 227
24 157
51 227
237 144
196 138
246 64
94 38
247 229
293 106
175 263
284 249
125 193
50 183
43 146
270 159
21 266
68 182
156 12
251 57
110 246
259 212
42 149
246 14
121 96
144 19
77 228
266 63
293 55
126 220
193 70
39 140
48 33
252 41
258 296
196 199
175 63
32 75
100 164
213 237
71 173
120 84
174 262
96 79
71 130
288 253
225 152
218 40
243 106
15 163
270 251
251 97
65 136
181 39
217 233
226 44
36 242
150 218
237 62
36 94
156 13
222 234
151 50
280 188
194 244
76 243
65 254
84 111
199 250
157 106
263 275
106 265
43 87
295 232
89 215
284 218
163 238
250 274
132 65
275 97
14 31
42 82
239 39
15 80
165 285
168 277
63 150
114 218
25 282
106 249
221 37
37 82
45 141
94 189
192 21
35 208
71 147
90 79
246 29
99 91
13 91
232 85
177 131
255 175
296 219
18 58
261 129
126 132
211 60
157 12
16 163
89 135
191 163
211 163
60 242
124 40
150 166
52 200
65 110
67 61
198 55
152 119
128 281
165 14
195 182
278 258
125 126
287 165
19 245
103 50
185 116
45 195
114 233
15 17
17 41
275 159
1 224
261 187
78 32
242 151
299 39
197 129
29 47
260 156
58 126
43 57
208 46
200 1
271 245
274 284
183 287
10 147
43 249
33 44
249 81
107 10
178 195
18 147
165 157
272 198
131 49
138 48
290 166
235 120
126 93
237 291
148 275
58 228
79 140
290 199
131 64
198 97
38 2
67 281
28 115
187 242
279 43
16 269
107 137
161 149
227 95
203 8
0 211
87 9
30 122
24 216
137 80
157 205
70 200
275 163
242 35
216 34
274 294
262 107
130 37
272 246
50 224
116 7
86 278
78 31
6 74
133 200
194 172
16 5
81 211
159 12
15 32
181 220
125 138
129 172
177 84
50 177
205 166
119 155
95 137
266 34
68 43
147 285
252 275
110 298
3 187
83 241
68 244
116 217
217 53
117 165
7 193
186 109
102 191
172 115
263 87
135 296
78 67
249 94
180 106
210 33
172 294
211 231
191 67
144 106
51 206
25 171
134 252
177 203
297 22
184 115
129 109
155 23
54 107
114 253
152 211
119 200
247 126
70 184
121 11
243 88
2 6
15 87
252 94
149 50
217 94
251 224
14 238
16 94
35 181
237 234
158 92
54 171
153 89
285 30
252 176
62 65
124 272
287 245
77 126
110 247
110 86
106 204
13 146
45 1
90 291
202 85
14 81
210 133
213 214
112 46
178 97
296 35
106 259
226 218
191 36
219 192
17 261
191 133
257 8
101 269
27 149
60 142
194 16
288 16
119 148
19 267
237 280
187 230
244 261
281 279
138 178
153 45
286 74
18 209
141 235
31 204
262 238
101 152
125 184
25 40
53 127
153 165
94 88
213 268
23 159
6 126
133 299
75 289
14 64
266 276
43 298
44 132
148 145
105 36
223 107
48 87
28 205
16 105
57 88
67 166
237 263
0 286
23 81
47 285
273 162
68 135
39 182
155 16
212 122
71 67
141 93
54 250
80 285
88 157
264 281
211 242
250 19
216 213
20 254
164 165
3 254
266 40
67 39
29 219
134 284
240 206
208 1
26 34
48 97
274 203
246 194
121 22
81 280
43 117
19 218
277 79
2 21
240 61
111 237
3 267
132 192
50 222
144 188
8 183
148 198
61 54
93 104
163 22
158 76
290 200
174 10
80 219
138 25
31 290
108 284
292 284
59 45
14 158
18 231
139 263
262 106
79 96
238 181
31 297
105 217
32 189
162 267
8 46
159 196
206 226
23 150
222 227
68 217
84 16
27 69
160 262
187 63
69 52
119 110
298 255
77 180
130 69
173 216
23 179
105 63
5 90
185 229
33 149
18 108
228 285
234 255
73 174
273 159
108 296
56 120
27 113
227 42
12 118
134 65
157 208
1 24
165 168
266 206
98 195
227 62
111 297
156 62
130 248
119 286
295 116
129 298
200 223
181 33
79 73
84 202
51 159
7 221
128 31
130 246
139 49
260 298
223 256
271 152
212 72
169 35
136 236
144 217
25 295
71 171
243 89
215 107
149 294
137 65
298 186
178 242
46 160
185 91
177 56
228 42
84 240
171 44
48 20
82 275
249 276
13 138
191 259
249 251
244 219
266 27
96 18
246 283
271 180
86 251
298 143
31 172
108 212
131 295
263 265
112 199
98 101
60 143
263 273
284 55
136 82
91 148
224 99
85 254
101 299
106 265
202 295
12 213
55 30
34 278
96 242
90 129
158 234
163 106
123 290
24 76
68 288
125 169
152 82
55 36
118 275
36 99
95 112
56 150
140 26
196 26
51 294
290 292
205 55
237 55
111 205
165 186
161 143
92 78
239 119
159 77
40 282
131 4
243 78
235 175
65 4
12 190
29 30
94 218
133 265
112 48
283 84
141 132
240 124
145 103
272 93
280 299
216 195
183 289
107 55
48 296
66 151
2 208
277 79
32 197
66 285
172 134
172 63
195 110
165 206
147 208
187 99
196 96
213 299
153 63
96 158
284 6
33 111
181 190
60 31
209 114
195 81
116 12
5 225
6 250
64 229
49 237
178 205
34 55
297 139
86 215
231 240
81 175
101 246
31 112
134 49
61 260
244 197
80 295
215 145
130 30
75 28
191 218
10 182
293 253
70 295
60 145
159 176
147 151
190 107
41 106
83 285
54 276
226 142
26 141
252 132
42 69
99 23
188 178
219 195
113 84
114 37
183 289
298 142
226 55
272 70
151 104
3 19
270 253
257 214
45 136
206 27
257 295
121 204
202 260
8 33
81 137
51 157
125 212
9 259
144 111
295 12
161 222
88 123
189 73
149 248
71 137
73 100
46 245
41 280
276 16
117 30
161 149
119 169
141 246
175 100
50 93
11 201
200 25
280 267
147 97
67 95
208 250
4 17
294 277
229 244
3 167
107 135
173 96
10 187
129 249
50 211
21 295
90 189
279 208
74 245
256 187
165 284
21 156
206 184
123 172
286 6
22 245
172 21
22 81
169 58
111 118
28 13
198 62
85 241
101 219
218 235
145 77
130 8
184 130
153 202
182 130
39 173
204 253
259 252
67 201
40 79
262 116
131 278
82 5
109 287
213 145
151 279
105 45
137 37
161 68
260 228
211 0
159 102
122 220
123 87
249 124
278 234
127 35
17 115
255 6
6 263
105 113
29 263
61 88
219 186
264 182
5 6
232 68
266 16
176 114
180 113
57 214
182 205
154 157
299 16
27 1
251 216
243 38
54 94
270 39
292 283
242 255
222 12
118 91
136 217
262 221
109 290
140 280
72 198
115 42
107 21
1 277
128 244
159 217
50 256
204 52
170 142
90 298
12 174
106 221
193 201
103 253
202 179
98 256
206 131
212 190
145 255
75 109
240 75
90 252
200 208
193 151
73 33
29 75
58 232
280 73
290 33
125 106
118 199
295 261
20 225
193 59
134 221
286 215
169 234
78 255
52 273
123 278
158 47
33 170
259 26
238 155
124 249
78 109
292 297
46 121
295 285
21 105
180 212
12 137
217 258
98 45
228 226
186 12
292 0
105 30
59 221
132 114
259 251
219 65
268 102
17 23
247 34
6 149
143 276
215 75
226 258
234 136
244 207
77 237
186 208
275 299
232 35
160 124
284 174
217 33
232 207
263 272
68 160
79 188
132 262
211 197
23 253
92 188
199 166
92 25
70 24
222 243
231 44
177 41
49 110
241 69
24 61
188 201
206 117
74 218
239 228
178 149
282 119
199 267
175 152
35 111
295 208
285 58
247 125
102 211
182 92
103 282
159 182
93 116
107 233
9 193
38 139
214 214
291 144
295 230
14 131
95 203
163 186
162 234
232 247
27 95
154 105
204 7
108 210
223 251
79 6
21 233
274 51
172 68
51 183
80 6
200 133
14 268
90 245
229 52
226 141
192 246
163 136
60 36
12 124
153 45
229 290
205 255
100 223
60 58
292 21
297 274
265 258
215 82
138 38
181 71
28 189
242 269
255 224
151 198
277 295
74 114
194 84
283 296
91 274
246 93
237 285
145 199
27 94
95 38
244 73
239 50
266 75
15 93
55 199
46 298
7 172
175 46
288 13
82 263
22 87
290 93
25 292
42 201
120 77
75 232
20 210
0 152
263 266
26 23
143 290
190 69
271 92
45 250
206 284
107 203
151 83
63 296
80 239
21 42
71 77
264 188
218 20
170 275
17 111
86 48
259 139
140 295
210 182
206 5
169 30
236 18
164 154
275 23
228 248
15 228
129 106
216 277
142 133
64 18
19 21
253 53
58 166
192 200
1 134
278 108
183 218
270 157
290 103
175 83
14 239
261 249
62 92
106 202
60 181
198 208
206 162
164 69
177 169
87 76
104 192
277 233
111 96
263 280
82 83
18 27
235 105
231 14
202 293
44 148
1 22
299 10
203 143
268 219
48 204
195 138
159 179
190 201
23 245
43 228
12 79
26 286
118 60
193 222
248 297
191 150
163 24
82 66
43 239
5 294
170 88
222 215
81 219
143 258
280 23
116 107
223 281
70 52
212 204
236 62
190 59
152 93
201 257
61 164
139 18
242 225
6 55
283 284
153 31
225 106
249 169
144 269
234 36
141 38
268 126
220 152
192 254
168 136
93 263
212 102
289 156
183 207
40 66
25 240
48 107
188 100
41 229
109 12
116 76
71 274
158 194
203 73
251 8
161 211
20 215
238 267
147 296
12 89
8 104
36 217
100 76
176 249
172 99
140 158
183 199
16 290
107 228
156 65
173 163
9 296
225 206
88 56
38 231
294 137
153 17
192 223
259 282
74 244
208 277
106 244
145 243
27 42
138 138
179 26
215 221
183 138
46 291
155 166
160 221
282 251
106 110
61 218
184 11
1 67
113 91
89 274
175 95
193 290
235 154
101 243
79 115
293 69
34 288
123 253
174 115
129 165
154 29
216 184
212 273
101 279
172 228
7 116
184 212
134 81
260 205
40 151
237 127
226 145
179 130
121 250
105 126
31 88
276 283
155 96
5 174
5 209
64 273
273 68
245 291
239 143
162 257
135 166
245 254
212 114
142 4
279 272
198 272
224 289
222 120
85 165
243 190
73 50
241 253
14 104
138 14
280 71
29 40
47 163
86 45
97 247
182 231
97 6
127 107
70 236
293 53
278 125
215 245
112 194
132 231
287 175
14 85
282 128
51 185
55 292
278 57
236 225
87 8
256 148
26 188
90 110
273 298
140 259
197 234
243 258
122 135
222 89
79 226
209 161
112 193
52 152
11 56
133 211
191 58
31 171
36 139
255 146
162 185
145 191
63 95
266 198
85 115
103 160
267 70
158 260
205 189
205 125
217 182
232 105
34 111
133 91
104 60
189 9
265 182
140 62
237 7
225 29
250 296
179 235
110 159
17 99
42 299
3 155
109 56
294 194
120 155
293 53
133 183
276 264
221 87
146 101
143 298
55 126
51 189
184 271
255 132
90 176
114 254
236 54
52 29
27 99
262 153
103 235
91 187
192 2
195 256
176 44
58 202
44 149
149 21
44 116
200 283
55 79
19 116
275 126
279 154
275 207
220 16
40 97
143 84
213 61
50 221
263 269
57 63
141 191
58 176
285 233
208 265
134 136
105 16
134 125
91 163
159 86
233 226
283 190
51 133
44 99
299 104
178 246
260 17
108 60
165 190
38 160
0 152
212 50
187 41
178 297
17 65
246 102
249 144
1 195
235 160
152 205
22 112
5 194
44 168
21 103
265 1
155 62
49 16
98 49
130 18
262 25
125 203
44 185
73 291
209 283
88 220
74 53
59 48
205 162
205 55
1 164
24 70
2 96
32 265
238 111
149 150
275 73
299 59
223 299
294 159
251 175
235 127
183 48
146 111
94 90
267 298
176 135
25 29
177 169
76 26
265 288
75 14
260 93
71 219
253 188
184 269
110 36
162 29
150 12
208 74
275 69
190 198
66 208
36 239
24 167
102 47
189 203
229 181
40 81
162 245
74 161
189 253
52 144
213 224
90 83
79 265
121 299
194 191
51 255
127 80
60 68
2 247
12 14
38 133
297 32
21 276
12 179
265 19
292 285
230 61
27 272
225 271
62 272
15 109
78 241
288 110
161 90
65 64
25 70
26 294
75 17
246 43
161 252
268 171
159 141
230 249
26 131
200 272
227 21
106 235
197 230
42 151
284 190
155 26
210 69
76 248
135 2
285 168
26 64
257 21
107 152
276 235
91 16
280 116
117 152
29 77
245 199
264 26
183 226
58 69
50 284
34 38
149 297
107 109
263 56
65 297
99 119
113 270
117 19
16 130
285 63
117 134
132 63
272 183
116 284
178 147
269 235
183 39
275 259
255 211
207 283
265 293
224 118
172 71
58 166
279 277
208 69
53 1
114 236
229 49
33 264
169 162
249 58
121 175
34 278
173 292
94 135
234 0
64 51
284 3
103 254
178 105
7 184
145 30
126 241
273 124
66 221
287 109
295 271
221 30
227 30
242 165
217 78
84 233
226 202
291 215
170 183
230 273
3 180
283 11
25 98
154 299
33 268
81 103
162 235
82 112
120 59
150 144
112 73
29 110
120 142
118 36
90 164
222 222
234 124
198 259
226 227
261 173
173 136
139 233
123 53
28 73
14 214
82 287
139 134
272 182
152 37
225 103
113 110
95 61
98 268
70 161
93 287
1 37
25 259
183 188
112 108
186 76
212 83
166 110
224 163
237 45
282 193
118 283
182 208
87 5
84 188
106 262
257 158
201 294
254 154
12 160
30 200
149 293
40 269
116 181
278 108
214 225
157 237
70 39
221 62
110 229
46 218
79 39
212 174
63 31
157 213
102 23
102 19
143 184
288 78
165 221
210 3
165 38
236 92
233 161
262 198
267 8
111 80
53 165
219 282
204 264
30 221
213 10
71 206
233 259
234 18
156 71
140 155
149 207
272 35
15 276
12 35
96 269
85 223
37 158
186 104
2 142
283 203
292 216
98 129
295 65
78 220
66 106
228 275
193 77
24 42
252 16
279 119
53 180
112 270
265 88
195 135
85 162
246 273
271 288
7 272
150 44
193 159
278 280
146 28
282 228
264 207
223 265
191 116
195 158
250 267
134 206
272 54
201 164
20 294
80 68
47 16
284 210
130 110
54 21
77 224
57 3
99 39
140 39
248 202
79 124
97 5
181 60
273 56
179 94
192 97
90 260
130 274
167 229
117 165
17 270
5 256
267 8
201 270
103 42
195 28
213 161
103 282
238 19
172 162
116 103
204 166
17 38
215 188
50 61
46 258
83 218
78 35
18 164
209 14
198 177
17 118
262 295
187 148
191 277
84 254
4 129
199 156
298 11
208 144
296 100
230 265
250 187
225 194
17 92
74 200
227 112
234 7
86 39
293 185
110 24
274 22
67 126
48 145
5 21
33 208
8 263
95 283
242 131
218 138
41 251
208 27
286 5
184 278
202 217
266 64
55 108
17 188
194 27
128 209
138 54
97 4
21 66
21 223
245 227
268 144
54 198
5 114
236 163
192 55
37 150
225 63
195 9
45 193
77 143
287 105
149 223
192 298
199 245
76 79
136 176
296 156
110 182
288 250
156 281
139 225
225 17
142 76
277 215
291 229
197 290
98 58
64 123
246 221
220 146
47 60
160 236
10 223
159 148
51 153
252 24
262 56
88 203
3 198
153 237
14 180
80 153
271 90
247 141
74 52
119 29
108 33
76 119
122 84
130 115
60 165
299 253
128 256
189 156
31 207
216 193
198 294
66 207
259 101
222 28
113 294
25 10
37 20
52 228
68 22
147 79
175 75
279 48
119 80
182 154
43 16
87 248
102 262
236 123
298 199
76 133
201 159
73 10
125 83
295 216
28 262
19 39
236 154
51 22
247 49
289 149
113 22
268 18
29 19
112 242
87 128
260 156
112 219
87 130
3 120
173 45
298 79
205 242
53 73
90 137
166 80
144 262
61 133
120 296
167 122
39 188
247 60
92 97
189 8
65 267
296 15
115 261
258 139
188 154
56 209
159 269
84 140
66 164
244 188
223 66
0 70
20 186
237 253
218 79
201 163
221 185
177 183
54 121
261 220
5 33
13 54
230 142
68 117
134 93
40 238
63 168
298 165
2 292
276 85
180 66
284 51
245 236
119 262
23 284
224 51
70 42
258 235
100 89
49 54
241 110
261 133
176 95
254 115
192 261
27 6
272 259
223 20
5 35
207 243
59 91
275 94
149 85
117 66
195 7
110 286
247 282
116 211
278 169
73 114
120 75
120 271
173 191
193 18
285 215
227 279
260 108
63 288
66 242
32 6
218 25
154 183
52 149
14 73
204 112
116 248
253 293
107 60
219 259
81 122
205 156
1 224
123 205
208 122
182 279
95 213
4 245
36 108
182 194
37 29
79 152
106 144
157 19
4 190
299 55
105 59
0 281
234 135
257 40
243 61
85 172
115 206
43 237
287 10
208 292
47 139
251 249
236 40
200 147
63 147
69 285
15 219
248 115
102 239
97 142
104 246
172 186
269 47
69 139
29 74
44 86
188 258
208 111
267 181
249 144
17 52
81 214
45 102
199 228
68 167
138 141
95 269
133 84
242 297
118 28
46 293
215 290
222 211
215 204
11 204
1 235
218 88
291 202
193 262
79 12
80 61
99 39
163 73
0 144
243 49
14 171
61 224
2 116
28 24
24 164
125 81
175 95
285 48
299 261
70 235
75 58
275 173
225 249
33 27
60 115
223 1
63 229
162 295
263 277
33 264
208 69
62 198
239 254
152 12
113 119
224 79
275 146
196 85
155 44
109 257
185 243
136 151
144 178
133 192
271 285
274 215
2 232
146 67
164 99
68 163
191 125
95 75
72 21
101 229
60 81
135 272
260 196
5 299
134 234
97 100
159 16
21 168
55 275
21 247
115 246
166 182
34 14
127 128
66 87
201 280
154 260
147 25
158 42
19 274
207 104
104 93
13 2
210 192
138 26
100 12
130 26
45 261
252 41
295 33
267 233
155 270
119 223
200 119
27 287
279 112
217 212
225 135
29 273
87 190
86 288
280 267
157 187
128 54
149 169
125 34
175 113
123 168
179 190
265 33
144 46
123 142
177 242
100 73
10 115
275 127
18 152
275 141
28 290
248 296
286 227
265 47
35 69
10 280
263 296
182 244
174 49
156 184
36 237
30 146
108 38
68 4
48 279
128 101
191 187
167 64
162 122
102 110
266 82
64 186
127 177
148 92
118 298
190 197
17 226
111 149
281 47
229 232
263 220
296 38
72 12
233 296
131 213
124 148
158 46
212 261
63 237
27 281
37 188
241 274
235 37
261 84
247 28
34 76
6 96
269 270
205 88
62 213
175 78
27 175
86 91
1 166
171 40
257 136
187 62
82 225
192 23
257 263
216 122
220 45
202 154
219 184
87 138
40 211
16 241
156 287
77 224
100 126
225 90
293 265
267 256
66 246
27 138
70 282
61 6
92 11
13 145
231 17
76 243
18 30
15 5
7 18
190 120
0 168
31 247
49 230
168 4
144 207
179 96
135 74
1 180
291 70
21 111
97 85
134 126
141 5
112 8
94 141
227 189
184 16
4 241
171 29
109 280
160 159
74 136
146 186
89 21
163 52
290 25
275 233
180 96
256 256
96 96
125 38
27 82
269 121
174 70
102 36
150 292
9 286
257 232
214 286
216 94
106 23
71 65
93 128
225 172
280 281
113 134
1 199
41 277
68 189
99 150
283 18
112 123
227 161
236 267
204 71
207 48
185 243
204 59
2 29
61 173
137 128
258 126
84 88
5 170
8 57
260 242
246 198
7 29
81 108
32 199
18 133
165 244
235 255
22 271
32 39
34 93
197 228
163 157
153 190
62 17
228 295
190 13
161 3
211 146
58 183
231 279
199 144
69 21
10 267
60 34
235 156
154 222
102 248
95 68
17 141
51 228
167 280
88 45
201 237
240 290
270 35
123 265
137 153
125 139
148 47
293 25
7 120
124 133
254 40
152 237
76 148
195 50
139 263
193 120
109 286
18 67
171 152
260 13
290 85
103 254
192 167
129 91
255 17
78 139
87 142
182 61
165 110
271 233
70 4
196 209
32 48
286 94
60 215
260 124
84 118
182 261
200 184
247 235
93 124
145 74
239 70
216 105
28 14
5 73
103 156
251 103
132 251
32 61
81 194
73 285
89 13
8 142
292 297
23 85
233 13
19 152
86 277
260 184
103 207
90 49
151 133
172 233
154 178
134 24
198 128
134 11
159 10
47 107
72 8
147 294
32 219
295 146
145 0
189 81
73 298
21 196
143 73
17 294
280 127
52 133
97 277
192 122
228 217
171 17
234 216
104 236
163 52
197 266
247 26
118 92
235 256
112 266
27 111
168 48
281 11
153 170
37 15
133 243
136 94
223 2
277 33
56 219
89 238
291 278
3 275
21 241
147 82
27 33
126 290
290 299
284 66
88 13
131 79
251 140
176 111
114 57
276 78
214 84
105 68
220 260
174 189
14 115
192 27
194 151
195 130
250 49
262 249
249 18
211 279
283 82
207 175
89 119
109 103
252 45
247 22
26 52
174 177
166 122
268 38
12 77
69 258
64 59
125 118
249 157
40 266
203 95
209 296
243 256
46 54
171 232
235 194
133 154
64 249
109 62
46 69
147 208
65 81
126 177
158 121
183 222
79 201
55 70
152 97
233 101
60 286
41 10
156 6
54 299
122 78
107 283
232 37
232 169
242 74
12 257
223 203
78 13
83 267
204 117
48 35
265 258
22 228
251 164
9 26
96 287
167 92
79 154
241 245
116 223
7 220
22 81
247 190
88 296
2 133
281 190
161 38
182 10
286 270
160 150
154 122
206 92
108 3
74 78
36 180
270 61
261 176
175 132
281 101
223 95
39 128
115 285
15 147
5 16
148 47
233 174
295 290
252 8
25 101
208 224
161 161
30 268
21 75
243 27
109 67
58 45
72 78
204 142
266 94
169 12
83 152
171 178
62 198
87 87
284 55
9 255
47 146
76 38
292 197
295 268
134 276
176 155
163 249
186 84
121 256
30 169
160 91
79 152
142 70
197 248
80 107
178 196
48 5
66 125
48 107
14 65
21 276
52 6
11 35
221 140
95 91
149 235
62 62
83 240
63 32
213 103
56 193
9 259
179 271
191 30
55 83
115 125
271 126
12 87
80 4
169 221
227 143
261 155
146 252
275 114
146 138
222 239
173 84
22 136
38 171
82 64
136 220
223 216
282 284
144 237
80 226
114 117
170 140
78 72
148 236
287 41
286 46
208 109
101 294
1 56
29 8
244 160
203 96
25 189
68 169
114 154
210 240
206 250
185 116
65 240
170 165
145 210
260 193
242 261
113 277
4 214
80 126
139 172
92 127
73 178
213 146
78 288
149 284
257 133
132 68
21 130
64 25
251 105
32 16
101 72
269 110
138 257
280 54
77 163
201 290
16 245
18 294
218 287
164 296
174 86
188 36
146 121
61 207
205 49
238 237
181 288
44 233
267 95
219 18
240 260
81 215
47 133
252 247
290 217
86 159
295 18
270 103
1 26
87 114
191 67
103 241
67 17
165 134
75 149
167 192
31 214
218 137
213 82
67 292
199 150
5 110
158 226
157 9
65 209
119 150
109 105
194 7
202 68
132 274
74 92
192 299
283 39
177 171
72 71
277 46
101 280
247 223
121 196
85 77
20 264
291 19
7 208
189 260
264 159
291 261
155 109
73 246
192 175
26 262
224 163
211 231
12 243
187 120
197 123
295 83
153 153
99 229
84 62
215 52
298 89
58 282
99 157
232 134
219 71
95 209
223 153
0 291
141 258
181 212
85 164
263 40
129 25
216 168
106 247
150 45
231 188
35 37
179 26
98 186
228 232
181 264
184 251
149 68
105 58
284 129
91 161
124 289
259 215
278 211
53 37
69 122
284 119
87 269
77 0
213 263
54 247
72 171
135 160
84 230
168 55
78 97
256 124
0 138
176 237
16 45
156 211
283 260
79 30
296 246
148 218
204 231
120 254
143 9
121 44
120 145
98 274
164 284
29 240
47 119
10 247
27 49
28 296
38 243
106 205
234 85
190 33
11 58
203 136
277 17
47 181
140 204
14 194
281 261
186 1
247 39
18 138
73 152
173 30
201 266
255 155
288 70
272 217
71 43
225 224
118 273
285 241
83 116
216 50
238 137
53 276
267 289
139 24
88 127
295 289
275 32
152 221
227 179
116 275
252 70
229 125
220 154
279 163
19 206
213 54
246 275
145 155
283 78
60 168
21 204
243 108
191 279
248 128
47 26
36 0
178 85
74 4
190 167
186 8
160 283
0 21
98 98
80 125
296 162
239 65
72 210
34 240
244 241
273 22
298 232
125 15
177 126
287 83
202 54
61 12
283 214
240 113
92 108
277 278
10 62
9 108
57 115
244 31
112 155
49 86
193 99
143 44
25 113
9 239
190 247
183 93
259 42
281 94
136 144
103 237
70 77
206 257
13 10
15 198
244 294
22 184
127 226
257 196
22 160
4 66
29 172
164 227
212 266
19 11
228 94
221 170
17 164
253 162
14 107
123 150
60 168
99 99
136 295
241 202
6 12
43 264
110 140
256 232
212 207
214 222
112 11
96 235
11 32
231 153
232 109
74 113
185 127
252 39
173 171
78 34
58 157
88 117
99 148
237 138
13 28
71 67
282 134
262 27
127 168
44 73
281 3
190 116
59 270
97 44
153 151
31 2
253 284
130 289
185 103
36 175
207 223
36 102
164 96
50 1
22 233
174 42
296 264
278 28
239 35
110 216
196 82
280 44
222 45
9 160
180 94
75 247
38 12
270 52
162 115
268 121
130 51
198 61
142 224
17 271
25 119
247 150
144 230
159 285
179 208
30 211
83 71
51 57
200 200
35 278
132 208
179 22
75 216
174 80
89 61
62 4
254 72
113 146
124 37
196 243
231 256
120 84
48 253
129 27
293 202
211 210
131 222
260 251
208 84
122 213
109 242
199 141
226 209
213 134
283 134
156 198
199 29
231 28
157 226
30 224
207 142
248 73
31 193
33 102
87 158
51 224
19 100
38 67
239 157
38 131
59 133
111 259
51 63
148 257
27 214
108 207
299 84
21 210
103 288
215 166
93 216
186 261
110 138
181 199
276 206
116 198
82 136
232 115
291 48
199 165
168 280
74 45
30 212
204 53
288 15
7 297
194 89
240 137
101 20
26 226
137 162
214 281
248 167
133 229
80 107
159 68
34 131
171 18
106 73
56 115
51 230
14 164
282 223
128 287
116 262
221 187
288 184
299 158
152 132
134 179
169 283
198 114
109 71
28 113
4 117
7 157
179 28
74 46
41 23
33 14
261 195
198 201
50 56
38 51
25 250
86 226
55 49
224 185
41 125
161 179
28 265
24 4
149 33
21 122
105 163
94 76
292 146
78 174
296 115
203 167
241 254
184 59
101 165
154 16
231 60
215 236
43 134
70 65
246 171
78 177
70 75
290 158
234 268
136 297
68 37
279 225
253 43
54 64
248 100
182 143
215 101
78 223
171 177
235 21
195 184
252 265
49 61
13 293
106 139
47 220
244 14
165 80
275 41
205 262
297 54
175 27
275 48
39 38
283 50
157 213
72 48
231 274
179 280
141 124
190 21
238 13
281 171
58 101
48 112
6 252
292 178
52 231
149 191
98 65
162 99
184 247
214 270
98 285
274 229
70 5
125 281
44 207
6 240
207 133
223 256
84 75
223 143
140 198
86 201
35 62
112 249
221 19
149 188
54 221
55 252
125 185
207 35
54 49
70 271
30 176
9 275
231 75
112 204
210 31
79 41
4 140
0 170
46 14
7 241
202 246
128 104
101 157
91 24
107 45
204 242
18 99
25 279
296 296
239 109
217 117
180 67
104 251
99 120
127 276
285 220
202 199
2 174
130 161
127 59
202 174
237 116
124 213
239 47
225 126
118 206
79 218
6 253
262 86
220 12
128 172
112 1
59 132
262 129
70 21
10 207
111 112
285 118
237 253
4 224
224 279
270 234
152 114
131 172
45 231
141 207
84 196
178 141
299 291
151 208
44 119
238 247
14 120
88 175
124 147
47 268
53 75
198 187
61 42
20 16
229 260
143 35
261 121
31 26
280 207
13 165
25 25
34 288
187 158
40 234
285 169
24 92
100 274
98 102
187 168
23 17
33 7
278 20
17 298
1 164
161 285
258 71
97 60
100 217
32 26
118 244
69 246
2 267
272 212
166 281
88 244
209 65
262 298
30 216
116 252
65 110
87 2
191 51
259 203
63 66
253 276
80 170
256 163
298 209
243 156
53 170
110 170
210 131
125 150
72 132
211 263
297 153
189 190
252 95
103 147
58 203
119 172
214 223
129 265
119 61
232 210
208 94
21 5
85 196
92 73
156 276
220 190
158 260
280 83
286 128
101 259
76 129
142 163
281 269
106 128
11 143
52 189
255 109
299 183
103 265
42 22
109 259
294 295
178 88
58 135
66 213
134 124
126 177
182 141
147 4
147 171
260 267
13 88
84 267
235 61
18 202
166 104
33 200
18 108
12 61
253 32
73 216
88 42
11 270
63 164
191 239
37 60
182 275
29 192
41 36
196 119
269 231
207 58
106 178
122 237
262 220
172 155
16 152
82 167
104 95
23 0
270 64
98 63
81 163
40 172
128 40
283 232
294 165
84 108
207 28
110 179
202 146
92 131
245 267
269 273
295 190
29 192
78 42
200 115
31 20
292 253
72 56
248 143
58 155
230 66
36 167
236 80
287 282
243 138
286 1
27 247
7 263
241 165
94 289
122 242
117 248
58 68
270 254
184 226
35 242
40 296
54 184
277 73
271 25
251 66
142 243
195 269
83 152
158 296
258 241
6 87
110 31
100 95
157 133
87 165
255 289
157 156
116 189
40 132
154 162
263 14
204 1
76 299
211 189
109 124
7 265
147 147
299 193
17 280
261 31
286 42
53 193
90 221
38 12
41 151
252 214
231 165
0 10
138 212
43 28
129 161
292 222
164 196
237 204
38 86
171 22
49 238
27 117
106 15
261 248
240 129
119 48
95 134
153 265
213 258
281 188
51 209
138 26
108 65
124 221
133 263
201 251
123 182
277 51
269 2
158 163
152 266
171 65
157 94
166 24
6 17
251 195
272 45
261 292
254 25
116 18
178 198
93 136
60 177
71 233
50 292
259 40
166 149
110 117
234 244
170 161
117 122
146 283
138 24
212 161
208 270
202 136
198 285
104 127
299 102
262 99
48 76
82 293
248 222
211 106
76 103
217 130
5 280
38 1
240 96
75 128
175 264
194 8
57 277
209 138
216 184
79 232
218 133
245 212
272 161
233 74
121 225
55 173
113 29
97 254
94 228
277 198
19 87
14 100
191 81
65 162
18 134
177 147
225 58
254 41
69 147
19 127
109 257
282 195
295 256
195 74
164 76
114 216
161 275
17 101
110 271
156 145
221 225
251 118
74 209
122 285
98 28
132 67
125 197
185 85
163 248
43 105
100 187
276 14
6 120
117 146
169 235
150 158
183 36
153 55
175 212
210 59
124 284
24 34
239 252
261 209
231 176
234 55
179 128
209 161
257 82
141 264
163 252
10 70
151 284
105 138
29 207
18 149
56 287
99 166
125 0
221 133
46 147
107 200
198 136
271 117
102 73
186 179
217 157
172 103
284 253
127 34
254 193
21 3
103 218
196 194
98 160
183 127
275 247
169 17
253 97
265 67
71 35
17 105
283 283
79 261
256 101
64 6
92 185
261 137
48 10
36 236
168 133
54 260
116 298
54 120
29 62
219 179
173 119
275 2
43 158
286 180
30 183
116 191
231 52
166 251
143 98
69 31
118 258
244 183
108 207
163 39
55 275
176 190
39 170
177 82
108 192
100 199
23 258
138 123
237 262
137 291
283 58
95 10
20 119
51 83
253 199
257 80
291 47
64 50
54 228
259 27
36 50
120 264
154 98
291 21
262 296
284 272
252 119
53 209
198 92
129 262
145 282
17 190
35 210
170 113
42 60
221 69
213 31
78 95
261 245
222 258
276 157
117 133
208 90
228 150
70 105
260 280
18 259
78 287
23 197
78 152
118 126
173 34
43 269
185 234
190 124
126 249
275 65
157 33
161 176
78 270
20 113
197 58
126 225
270 82
137 159
265 164
109 236
64 96
83 254
222 54
264 214
31 139
215 5
99 27
60 96
238 57
232 53
232 276
146 217
259 93
67 41
129 50
264 70
189 283
100 263
29 254
203 136
254 60
117 18
3 18
188 102
139 283
74 36
113 282
135 44
39 58
169 244
117 155
131 251
155 252
44 204
192 242
267 206
6 97
87 211
177 122
57 128
85 111
14 47
245 219
280 189
213 224
55 100
51 87
225 91
17 135
234 264
37 144
54 41
194 61
193 181
42 195
295 158
216 164
92 295
116 133
148 97
205 123
213 120
81 214
18 61
142 191
239 52
2 47
54 255
276 140
61 147
255 15
145 251
173 188
13 82
298 216
150 49
154 262
210 82
13 201
264 96
19 191
30 94
33 26
90 201
88 56
164 210
1 171
231 148
199 32
236 199
114 68
228 132
66 209
75 230
201 267
38 150
77 135
6 116
85 15
40 4
192 42
32 220
199 38
188 244
13 211
73 249
207 246
81 35
97 274
233 142
208 160
185 23
90 262
264 190
87 80
148 208
254 239
27 275
120 252
193 10
288 290
27 233
244 28
296 1
111 11
196 154
297 126
244 169
280 184
71 90
154 142
158 269
229 171
252 231
155 17
143 96
148 232
231 57
105 87
112 102
182 145
134 44
96 58
289 112
267 60
200 116
131 125
272 46
1 207
274 250
83 154
40 102
31 13
109 116
297 141
7 210
73 164
11 133
202 6
190 189
71 163
120 131
218 91
68 245
76 83
167 205
152 51
107 186
35 230
6 81
95 108
224 3
78 76
253 114
295 53
241 276
82 142
116 86
185 31
219 256
25 237
153 272
156 64
19 33
173 223
68 227
114 44
7 15
96 288
40 216
255 211
173 152
149 224
220 52
60 105
5 69
75 235
136 63
49 280
139 159
15 217
196 231
140 128
128 98
23 54
243 134
239 269
74 291
152 114
80 66
152 84
38 257
298 106
1 203
128 142
189 232
261 109
224 179
176 260
3 118
14 240
181 46
134 103
34 112
42 228
43 199
216 160
90 215
138 7
147 266
0 225
210 33
143 80
166 210
120 120
102 145
265 134
70 46
131 106
95 268
30 195
88 261
282 297
297 81
295 65
93 272
154 232
169 39
216 4
279 114
145 148
233 141
269 115
297 26
94 106
280 49
259 42
57 185
209 297
238 31
248 41
28 46
87 119
257 54
247 272
77 296
232 281
153 56
72 135
24 249
184 285
87 229
74 67
105 199
269 116
298 255
186 50
56 155
90 203
253 139
174 114
119 243
292 75
215 120
129 107
235 219
181 297
131 5
34 9
7 8
149 197
272 60
243 119
130 299
61 85
51 299
171 175
166 240
61 118
174 236
134 137
105 172
105 107
136 189
57 61
17 163
246 217
20 43
29 214
174 220
178 69
85 179
17 145
53 167
34 189
2 100
113 163
280 223
62 100
261 247
228 37
285 249
99 215
8 231
6 201
252 17
249 182
32 247
172 250
103 2
229 87
192 256
257 244
139 161
90 239
2 277
74 163
128 258
54 32
195 125
281 85
169 290
71 11
268 77
21 201
261 39
229 8
209 257
253 161
6 141
261 121
6 15
215 191
61 42
157 50
75 287
121 220
119 160
118 149
65 30
202 290
254 269
278 75
258 298
26 42
288 47
218 211
240 209
160 150
91 243
240 168
283 184
39 44
150 144
65 26
77 298
263 96
12 132
243 1
116 143
13 16
226 187
90 97
50 188
37 290
21 223
196 171
42 146
249 17
81 32
17 185
208 22
131 63
26 18
1 8
117 220
48 63
160 291
253 231
23 82
142 182
124 37
263 62
66 53
266 295
226 178
141 139
235 140
186 275
134 229
139 217
52 98
182 219
95 53
222 164
6 236
61 124
207 124
225 26
270 17
2 79
299 27
202 239
167 69
75 234
282 233
215 142
247 112
16 249
168 29
37 232
104 69
175 122
214 108
250 175
273 279
104 246
138 203
99 13
245 38
253 3
42 275
274 34
79 282
58 15
34 156
245 38
90 60
170 233
165 270
7 172
24 114
53 35
21 227
223 202
17 295
289 175
197 241
40 21
149 134
50 196
176 178
161 187
51 287
142 35
228 150
113 289
51 202
294 62
258 127
27 252
27 296
37 211
173 181
237 224
30 19
1 9
259 299
261 61
157 199
221 152
158 22
135 9
75 60
200 252
124 30
132 40
224 134
220 92
76 46
257 215
36 50
8 29
169 293
143 62
183 153
200 128
54 137
217 186
240 183
102 271
133 180
98 84
39 234
165 15
124 140
92 19
271 232
180 180
110 199
167 108
31 65
258 215
31 67
55 186
177 83
22 159
270 211
281 9
215 180
73 21
263 259
218 140
201 207
87 39
230 31
274 269
247 224
49 188
152 39
85 186
207 258
68 139
68 296
266 161
31 74
196 284
57 95
49 106
173 139
287 122
60 257
28 76
231 12
81 122
234 180
72 226
186 218
211 266
243 296
268 70
175 76
241 64
223 277
127 153
61 207
104 29
211 120
46 126
171 113
211 78
250 284
276 53
34 275
260 106
56 202
222 108
90 138
243 228
250 98
226 184
105 249
196 137
247 189
185 88
67 250
160 182
83 75
61 7
32 76
55 243
176 129
33 93
136 186
256 249
134 5
184 255
21 262
85 289
268 106
121 5
137 233
70 297
269 150
208 45
100 76
47 220
199 239
191 83
255 263
86 257
221 150
199 68
65 79
199 163
78 181
4 189
231 145
95 169
73 111
118 165
3 82
122 212
195 182
295 207
61 109
69 113
30 12
294 78
23 188
17 75
203 120
241 217
73 3
184 237
246 86
255 191
138 21
164 128
227 196
224 225
37 23
229 96
234 93
164 89
51 114
218 251
140 260
49 97
8 93
34 206
191 137
190 121
99 291
108 83
259 167
250 69
239 298
250 206
25 108
54 22
145 227
95 71
34 27
167 229
184 201
8 107
145 101
78 76
120 62
191 83
268 199
207 54
191 284
30 218
164 3
158 83
158 16
192 56
207 134
116 137
89 232
223 86
250 259
62 116
297 274
110 201
253 260
101 129
121 244
2 272
111 263
106 147
162 36
66 152
126 181
85 116
252 88
60 148
114 29
29 141
209 80
150 150
144 284
134 105
81 159
115 64
211 163
210 58
112 224
268 43
281 93
282 255
166 15
146 122
254 51
287 132
158 31
117 17
128 142
150 174
101 43
296 179
135 166
51 298
42 262
293 36
176 290
168 101
138 184
291 231
155 2
237 189
5 257
299 37
47 69
181 54
1 63
226 250
36 213
242 220
174 38
5 221
10 186
51 125
150 213
35 297
158 6
214 286
106 233
218 47
77 36
227 215
153 144
64 79
55 240
245 81
144 84
273 79
95 38
102 82
205 212
18 160
81 13
145 106
8 153
264 230
298 270
152 4
153 25
22 202
139 20
291 108
155 275
291 13
65 145
263 192
60 97
283 228
247 226
295 87
193 125
77 78
222 47
299 132
253 241
285 29
198 139
113 148
171 166
224 292
188 95
19 23
141 277
212 25
210 50
182 217
284 119
158 189
299 95
254 232
232 210
212 93
68 226
236 235
209 194
238 136
192 67
156 266
206 122
77 268
294 173
91 160
6 38
137 89
35 175
152 83
199 74
261 242
198 135
184 19
110 190
293 248
26 148
82 127
102 34
139 207
271 120
57 223
5 138
154 275
67 252
274 158
104 31
284 198
266 144
102 74
197 159
180 148
140 249
31 221
198 217
101 176
290 43
137 22
76 279
75 102
204 295
37 52
160 223
61 277
59 174
234 145
213 296
96 80
226 155
41 274
260 290
208 289
251 245
264 225
153 46
40 183
29 59
257 269
260 173
185 262
143 118
14 15
72 108
224 46
62 268
259 251
54 210
195 10
253 176
72 59
152 113
212 241
142 297
181 47
115 93
35 92
197 198
183 189
138 199
189 13
156 166
39 231
247 50
269 31
289 286
175 48
213 271
184 23
23 38
291 171
12 245
0 259
227 260
68 86
229 41
102 52
31 202
125 84
253 33
255 107
64 50
67 282
160 148
178 173
263 165
164 156
202 257
195 18
118 251
56 85
93 2
178 5
45 98
41 281
297 88
130 15
155 21
189 89
245 157
69 212
32 20
57 163
136 78
202 288
216 208
254 147
188 113
181 246
46 281
229 49
123 214
195 39
266 299
207 181
182 11
285 0
135 20
30 92
11 240
15 75
134 135
135 31
142 160
240 217
12 194
38 194
177 216
97 202
91 280
244 81
64 27
250 189
268 126
121 18
136 155
201 53
128 29
211 279
23 174
161 203
78 51
227 131
241 22
251 159
241 53
254 49
52 171
66 48
124 227
139 40
68 140
184 187
17 172
34 171
67 122
70 90
84 102
81 78
239 112
35 191
45 62
57 32
26 255
227 288
18 260
95 33
271 133
240 130
229 44
160 157
297 39
213 53
191 37
198 84
119 184
203 167
165 115
55 263
142 181
172 138
38 157
66 7
274 74
163 169
287 158
42 255
18 18
154 85
122 42
133 221
153 149
261 50
77 100
80 7
287 78
65 95
99 92
49 171
2 129
54 166
84 187
146 254
54 186
275 249
120 273
287 211
140 136
147 243
179 104
39 264
146 78
36 100
32 295
163 241
153 12
155 283
139 177
12 125
26 141
270 123
162 106
59 140
295 100
86 84
156 225
111 13
51 31
149 92
214 294
24 290
41 61
238 244
230 172
293 150
46 173
100 292
136 281
216 244
77 21
271 8
47 66
217 194
116 225
72 68
219 226
62 63
260 158
58 12
25 203
140 40
86 89
27 196
156 142
252 85
193 203
288 35
269 171
247 141
229 105
202 116
111 261
264 256
196 13
25 9
115 8
105 289
182 203
81 207
195 86
160 134
292 212
214 77
185 225
145 215
286 92
89 39
232 177
258 77
258 284
12 14
197 92
234 150
289 254
175 157
119 190
53 23
144 131
191 64
158 176
219 176
132 203
274 253
252 150
21 118
134 281
102 281
139 167
40 197
250 259
65 180
50 118
243 211
259 240
67 43
166 261
164 213
104 181
85 112
105 39
90 167
75 116
193 246
238 180
105 164
208 257
125 20
102 238
244 276
224 153
4 262
126 209
181 87
250 10
114 163
23 166
183 242
132 30
240 43
64 299
128 283
286 24
160 104
112 198
55 258
136 288
122 180
171 5
224 226
134 3
183 46
74 139
95 22
70 179
73 40
244 55
134 176
125 275
268 206
265 278
148 69
183 49
83 259
97 290
181 265
45 36
62 101
193 141
184 124
102 132
228 253
235 240
121 130
247 111
161 64
120 272
70 22
291 212
132 255
156 31
274 92
21 13
114 267
248 227
119 279
175 232
24 260
183 38
93 53
173 207
298 223
133 168
13 280
250 71
51 184
164 251
277 144
53 222
117 256
184 233
16 50
93 263
254 53
23 101
132 94
236 265
166 231
269 132
229 180
135 107
216 285
81 10
78 12
98 254
275 212
3 62
57 90
163 56
242 237
198 3
157 26
48 31
147 157
269 21
213 266
212 221
152 258
39 284
177 257
291 159
175 268
172 57
170 162
79 126
38 147
164 201
270 131
6 22
245 22
87 120
164 47
298 203
243 97
51 265
191 195
147 54
253 84
287 6
31 20
43 1
54 205
157 102
85 68
188 243
160 170
198 268
26 125
68 80
240 179
230 130
234 253
85 291
177 77
255 114
201 256
244 37
48 293
43 32
47 184
288 242
169 16
262 222
197 141
129 225
161 193
76 5
217 266
71 40
92 76
50 210
93 2
83 229
88 187
127 293
282 19
211 18
254 148
160 42
119 134
259 8
143 213
249 250
161 155
181 132
128 38
287 106
148 108
260 27
85 128
271 296
258 228
73 181
154 215
45 20
181 102
271 184
24 72
10 257
289 5
195 261
166 260
142 261
124 127
260 152
214 183
100 131
259 248
297 88
178 76
275 73
149 206
62 154
292 219
180 74
84 27
191 242
199 225
56 260
23 71
281 299
212 36
19 67
88 173
29 117
232 125
64 11
76 101
122 248
142 254
37 123
108 53
268 55
98 26
111 45
47 197
72 278
130 185
165 17
44 250
263 123
205 244
164 195
151 128
146 61
99 206
103 161
174 238
186 213
269 99
135 275
93 22
272 116
29 93
37 286
275 63
265 174
53 135
58 240
162 251
48 230
29 196
10 17
220 173
24 118
42 219
76 91
91 80
83 72
92 217
63 223
208 24
102 186
170 50
132 29
161 56
4 117
145 163
101 63
209 209
120 48
184 290
163 208
249 284
61 148
7 245
87 293
116 200
43 180
167 236
215 129
154 91
262 203
283 6
234 219
52 5
297 20
56 280
281 165
149 254
42 194
209 203
89 211
116 232
175 273
252 50
107 244
292 297
195 48
187 109
286 197
15 105
262 117
44 27
118 158
240 109
85 223
240 258
35 234
248 135
20 98
188 42
236 19
124 119
233 172
97 139
175 158
134 298
283 244
138 205
211 171
168 154
96 17
2 280
299 276
284 280
44 96
8 43
5 108
57 101
50 122
66 54
59 269
198 97
58 119
218 91
27 176
168 272
295 147
123 190
258 153
165 103
103 0
253 177
60 97
278 13
257 278
288 30
131 202
151 141
102 288
262 232
187 276
245 215
168 256
43 126
4 230
35 29
120 240
61 135
266 170
246 225
2 139
73 57
298 121
214 171
78 238
217 219
172 191
185 156
107 235
136 228
3 188
98 11
21 276
58 76
230 293
279 242
34 56
106 157
299 267
42 246
238 286
19 271
222 110
100 58
288 89
17 13
159 158
166 12
95 182
267 17
164 230
45 117
137 125
47 282
285 203
209 265
77 133
274 31
249 232
243 202
74 88
27 154
12 98
103 165
23 195
22 0
252 180
89 67
1 19
216 148
144 240
188 12
22 44
272 117
262 140
201 91
220 102
194 287
145 215
236 291
282 87
94 270
8 127
293 269
284 53
168 197
188 104
279 137
191 180
83 299
66 233
268 215
19 50
177 287
222 107
45 107
57 97
42 148
80 278
133 78
88 276
13 78
275 134
176 51
120 263
39 213
133 280
294 280
94 86
4 181
110 130
123 172
71 53
133 193
152 218
211 32
31 172
178 56
53 105
92 176
210 236
182 281
115 6
262 188
260 125
129 219
35 215
191 262
238 37
48 139
32 192
157 282
285 195
264 117
138 200
41 88
79 271
228 204
162 259
133 104
189 5
153 21
204 127
128 83
73 110
235 212
201 98
242 98
68 297
80 91
266 129
2 89
273 211
126 52
9 196
164 164
280 209
81 89
252 207
49 48
249 26
25 143
262 192
91 281
116 69
289 137
155 231
23 108
217 23
152 37
11 102
159 113
222 31
159 157
194 199
111 52
251 207
128 185
48 2
78 129
83 88
9 208
245 216
40 74
297 31
267 179
208 198
154 123
5 36
41 231
1 40
138 143
54 62
90 17
154 263
154 37
242 41
167 218
121 189
242 157
110 194
106 260
143 210
65 85
174 198
196 110
54 73
294 279
123 91
130 84
291 186
286 29
130 207
133 293
118 134
180 124
1 289
99 266
229 141
102 1
299 243
100 149
276 215
292 90
49 292
96 24
72 182
97 248
133 76
94 165
299 9
90 263
47 250
196 208
106 124
260 120
188 127
104 117
299 122
54 203
183 146
30 220
28 251
44 129
170 163
179 229
184 260
89 37
178 79
211 159
87 247
46 257
204 65
116 294
57 158
49 167
200 4
85 43
148 103
114 124
255 198
191 287
134 58
90 41
204 208
247 142
13 124
99 153
290 117
229 297
256 169
210 203
119 133
61 34
83 70
183 21
172 267
35 297
237 140
220 279
279 132
147 8
53 206
225 92
184 107
125 126
35 151
214 2
71 240
202 214
275 9
50 281
1 187
164 28
162 207
263 113
246 174
197 261
27 143
84 50
159 248
49 242
167 288
192 241
187 288
184 215
38 232
72 187
61 180
9 193
99 6
265 194
226 200
182 7
167 160
188 145
57 228
250 128
114 51
204 0
287 266
83 247
116 275
202 28
48 173
104 0
32 8
249 165
47 243
190 243
65 233
151 234
249 181
125 55
118 36
24 265
179 99
63 23
251 41
149 197
225 19
0 137
54 89
24 68
249 26
100 175
149 35
291 233
110 182
37 162
27 231
246 92
95 130
87 97
188 15
256 104
254 260
284 46
127 61
267 4
12 219
180 139
161 48
128 273
242 273
111 122
257 80
124 219
166 78
263 145
235 206
138 217
279 153
55 70
235 174
259 219
264 221
53 194
105 135
23 108
86 190
208 117
201 77
227 275
36 206
34 140
110 258
82 227
231 2
290 274
127 143
257 60
183 9
210 186
217 134
125 174
142 183
35 0
103 100
34 178
76 11
141 299
184 174
22 159
153 173
79 274
231 276
209 169
91 1
183 29
186 108
62 130
202 2
172 249
224 187
95 210
54 287
94 256
134 86
81 98
244 163
228 109
8 69
8 93
299 119
238 29
218 110
100 145
51 43
263 7
135 140
38 174
54 145
212 77
291 277
32 111
1 73
136 45
168 4
91 86
186 156
171 232
279 243
71 59
178 220
283 150
184 127
141 251
85 184
110 197
255 6
171 291
33 237
134 157
70 43
106 263
3 117
81 193
178 189
140 247
177 73
275 184
84 62
209 162
164 117
49 27
21 153
273 158
130 229
164 9
47 207
228 55
133 162
259 99
61 14
128 18
293 138
43 250
62 22
144 87
286 250
50 179
153 205
292 163
282 9
96 34
164 129
119 7
79 12
130 247
260 87
164 248
131 180
156 31
30 278
28 200
62 24
50 190
79 142
60 102
175 160
150 197
294 184
246 113
297 161
230 84
58 156
111 112
253 222
234 167
138 96
292 67
204 230
139 184
86 123
273 217
17 50
163 55
56 266
123 103
84 124
6 250
12 244
186 107
17 193
187 175
54 32
201 139
15 92
80 64
76 92
93 175
220 213
211 34
174 87
59 294
89 138
45 45
159 6
120 225
140 145
157 8
186 116
172 135
107 86
277 214
237 197
221 126
15 30
214 271
142 161
167 262
227 262
67 43
206 132
114 24
97 29
212 299
20 122
77 231
88 225
27 164
90 231
84 282
219 93
62 164
222 232
228 7
89 175
10 8
3 12
242 119
160 113
270 161
38 78
4 231
180 94
255 95
79 251
36 276
248 185
289 271
105 193
145 254
263 140
54 212
174 130
295 209
127 134
24 237
106 54
187 203
212 87
174 183
32 137
111 132
117 29
117 2
103 212
45 171
210 159
139 35
242 117
275 71
25 187
72 276
22 183
212 79
250 50
32 260
102 132
219 277
253 21
187 224
3 140
223 264
14 50
50 222
229 29
65 93
285 80
72 247
191 163
185 139
231 139
188 190
274 246
269 257
139 61
143 151
257 91
153 169
172 134
217 230
76 180
128 114
135 256
188 137
127 54
5 89
36 97
10 277
293 193
19 103
218 261
32 115
207 70
43 56
58 89
278 41
204 23
213 213
122 217
23 205
82 194
5 285
280 3
128 14
8 198
155 72
193 172
245 244
213 30
267 292
73 9
297 205
145 89
175 145
197 151
10 96
108 206
143 148
282 135
133 34
64 55
198 7
280 177
238 1
70 258
260 84
49 247
131 221
1 175
70 194
222 63
4 280
50 49
105 218
2 86
76 44
226 114
70 152
168 280
85 286
123 80
129 221
11 122
152 249
247 87
120 44
41 26
229 79
251 10
47 33
251 76
27 148
222 154
282 134
198 273
150 8
83 108
242 199
226 63
81 61
253 228
252 233
296 34
129 169
43 161
131 80
9 176
133 78
6 48
28 52
230 275
23 80
232 38
102 64
244 44
279 203
121 221
295 61
167 131
260 103
298 284
215 96
58 193
245 70
73 36
251 178
261 163
106 217
107 83
54 124
266 67
9 244
166 108
252 111
31 6
284 108
144 213
67 81
52 216
1 249
218 145
64 123
24 29
193 121
61 202
11 102
52 11
297 244
292 268
134 184
190 238
76 184
10 88
217 154
145 104
141 239
39 144
235 153
229 244
39 69
229 44
106 157
142 133
88 42
242 123
155 258
222 218
59 204
12 250
263 298
17 228
206 13
52 255
270 181
259 61
158 191
2 63
196 256
178 289
81 271
285 111
89 152
58 251
163 26
173 41
156 40
223 209
177 263
222 123
164 248
206 97
125 267
161 7
68 188
130 7
184 283
207 173
180 289
5 165
238 254
105 236
213 176
41 75
19 20
263 32
182 203
92 293
232 233
34 31
277 25
175 37
2 104
146 162
66 39
165 63
113 76
68 268
100 168
268 230
118 240
85 169
57 87
292 206
225 205
54 277
225 266
73 179
266 14
65 1
165 205
27 111
125 209
159 122
2 287
76 227
18 77
140 86
236 141
273 35
209 156
142 151
121 183
242 101
288 289
129 274
160 160
73 229
159 37
240 272
129 170
283 264
54 100
230 57
110 17
244 14
216 91
35 162
65 256
13 23
144 10
69 28
270 63
203 149
162 67
161 153
52 273
275 174
239 23
245 60
284 200
289 82
16 11
30 21
210 215
18 32
170 135
128 58
285 36
297 151
279 164
180 56
72 1
119 42
138 110
160 48
267 99
187 295
29 77
248 17
141 94
99 59
75 227
195 158
197 109
136 33
76 101
124 103
218 213
39 297
277 123
24 38
184 283
34 132
180 54
182 98
282 237
219 14
120 230
130 115
235 24
116 242
285 62
97 162
29 38
281 166
247 77
38 42
65 263
251 140
4 34
266 103
245 9
46 285
115 43
200 268
96 56
51 188
51 159
293 229
238 21
67 106
127 264
232 134
232 282
164 127
297 120
163 236
80 298
196 186
163 5
10 264
119 67
104 156
190 95
199 135
30 173
105 188
176 152
65 194
87 16
278 184
59 46
38 299
90 69
244 24
98 140
225 91
68 267
180 74
46 291
62 203
289 257
220 145
260 39
174 294
222 263
98 68
137 177
269 3
172 217
282 19
167 27
34 262
179 184
33 109
96 185
200 90
130 88
74 78
90 214
5 192
111 155
78 59
75 86
183 294
273 213
164 288
80 187
85 70
283 174
296 34
188 56
31 278
176 9
95 136
136 208
204 102
58 223
278 203
140 174
52 197
31 235
70 275
251 121
168 61
190 113
127 71
259 292
69 169
149 193
278 110
235 279
48 158
287 0
3 251
155 23
228 46
290 171
226 126
98 18
149 115
39 51
128 27
204 293
223 159
43 202
288 263
232 4
276 115
58 61
163 140
76 234
253 60
5 131
242 229
191 161
239 30
50 97
142 181
228 142
295 288
93 62
155 99
267 45
225 223
43 227
68 195
125 185
142 161
169 91
218 295
193 63
148 177
94 98
106 29
82 39
226 13
109 103
113 84
287 245
256 26
198 137
61 162
220 196
69 166
89 165
199 227
274 123
153 20
105 60
97 46
84 259
42 289
210 298
104 198
23 11
209 45
88 145
86 71
244 240
127 124
10 45
267 105
299 277
275 242
269 285
281 123
286 284
136 217
154 3
124 229
166 86
47 226
133 112
232 13
131 146
187 117
4 163
35 80
148 170
156 236
204 49
13 276
114 155
162 103
173 162
52 49
159 280
225 99
158 247
223 152
153 198
43 119
189 227
142 196
12 203
273 217
290 94
104 226
271 187
296 173
59 199
102 109
232 21
113 223
241 154
264 97
153 91
165 66
148 124
276 95
113 52
191 212
117 18
167 157
159 20
70 290
243 216
62 28
229 62
73 233
74 90
205 156
297 138
279 257
62 103
152 79
154 235
66 81
127 190
166 22
19 31
295 185
283 4
11 8
51 256
189 206
231 142
158 110
47 75
11 197
217 209
0 39
7 174
76 15
108 149
141 103
249 84
124 216
257 182
139 168
61 93
155 10
183 164
68 31
213 84
154 91
75 290
69 152
50 200
22 178
59 255
204 90
76 97
258 287
120 251
142 0
266 81
110 181
199 134
137 34
7 219
92 88
250 278
280 236
51 2
2 58
43 290
181 28
209 94
141 115
51 208
274 104
169 71
180 46
101 138
179 133
156 69
187 50
158 99
100 152
136 248
189 107
281 97
122 233
32 153
121 66
254 163
236 133
165 11
70 179
206 220
202 196
94 7
265 42
13 278
75 11
211 276
121 101
289 84
253 236
231 291
8 92
255 153
65 98
118 189
67 50
264 286
241 47
47 167
146 269
275 217
57 239
85 46
123 92
276 247
285 129
13 288
135 161
0 244
211 70
2 77
252 157
66 263
178 55
285 290
175 82
42 225
3 295
263 97
242 68
266 100
185 114
166 296
180 242
291 250
23 31
183 37
51 56
97 165
132 283
125 59
182 115
45 192
33 109
118 150
179 44
173 205
3 180
224 242
109 214
20 223
118 146
177 98
238 108
193 213
184 79
143 188
196 245
257 223
176 288
26 196
81 142
281 7
286 26
243 261
30 8
48 142
238 279
137 120
104 34
10 21
176 208
37 145
164 241
257 62
124 277
9 283
163 211
121 117
209 233
298 121
235 123
119 180
24 149
240 185
21 32
9 231
22 141
75 99
250 99
287 24
34 153
63 60
289 115
96 188
79 31
100 134
267 177
188 226
171 11
279 172
66 235
40 291
292 166
238 14
184 13
296 102
47 252
129 297
259 251
52 45
296 151
72 145
226 116
241 49
27 259
294 139
122 48
70 33
203 263
79 268
261 63
274 243
262 60
177 197
97 190
3 259
200 132
21 40
262 160
234 109
157 206
33 77
40 220
280 60
165 163
239 39
140 118
250 153
92 61
62 235
175 6
92 173
182 124
187 242
191 196
117 230
24 283
285 248
178 82
218 219
136 211
8 130
0 150
90 139
45 107
160 124
225 1
298 96
247 150
14 165
281 121
129 23
168 177
101 127
63 154
200 211
183 134
30 225
186 83
14 128
136 133
0 106
185 272
202 129
207 70
107 189
147 228
124 83
199 35
59 13
144 184
5 135
143 54
222 90
100 201
165 247
105 147
174 214
188 73
236 149
258 129
206 286
255 170
46 253
18 234
235 10
42 14
198 60
137 73
8 7
106 259
91 91
198 26
209 114
135 194
70 292
201 187
19 233
52 146
212 227
122 85
60 218
267 130
264 142
99 82
220 94
89 199
50 174
0 47
24 66
138 63
10 65
109 145
23 120
169 94
278 163
112 151
294 92
117 206
183 167
135 51
105 75
49 67
242 31
276 101
17 274
16 191
186 176
225 215
57 71
119 75
17 206
97 139
259 8
153 227
213 179
180 81
133 241
194 263
141 297
268 115
153 37
20 262
81 35
184 74
295 69
242 174
232 245
178 137
10 23
195 78
280 125
93 163
196 148
233 151
133 295
127 132
37 274
243 255
283 168
254 261
199 63
232 192
100 4
21 268
291 126
184 236
67 73
92 191
250 217
183 62
230 129
65 33
189 74
39 23
46 78
220 44
54 166
161 45
286 271
281 24
74 269
27 246
112 102
157 71
163 121
298 199
225 174
13 206
206 152
9 146
88 141
249 79
130 97
260 169
22 248
177 276
183 159
76 193
144 126
14 262
270 4
143 69
50 128
217 76
2 28
271 186
289 218
21 224
181 152
281 264
170 253
93 10
276 137
158 11
61 13
120 66
23 237
253 290
156 139
265 177
49 146
228 233
116 94
65 280
105 207
204 18
288 227
69 237
171 135
14 44
160 265
47 238
240 164
266 107
151 50
276 156
239 75
294 123
31 144
8 88
227 168
163 53
178 83
173 53
93 77
61 5
76 45
269 75
252 193
18 247
248 217
22 39
163 289
96 212
165 111
260 278
220 91
98 179
268 222
76 249
154 43
141 65
146 13
21 244
221 138
109 120
198 297
292 292
16 20
48 46
105 262
120 34
101 103
25 249
202 97
143 0
90 69
184 230
275 201
250 140
298 17
70 196
146 221
109 121
252 249
194 222
190 208
79 26
292 145
82 141
7 61
86 156
54 134
49 258
62 27
164 50
236 144
181 167
243 126
55 42
141 79
127 225
286 265
240 175
296 74
115 158
56 129
298 160
249 213
197 134
211 270
57 291
263 230
262 133
209 135
112 99
291 108
210 272
89 282
89 56
110 117
157 25
179 177
262 267
118 2
191 28
90 120
252 230
77 282
73 40
64 223
252 100
145 38
34 77
298 48
55 37
50 150
242 122
93 253
44 60
124 190
255 197
152 91
262 132
171 127
151 85
4 96
99 89
46 267
129 119
120 209
255 247
97 0
102 164
187 202
253 292
154 65
4 285
263 111
137 211
241 30
108 284
259 201
248 84
178 117
223 228
85 275
194 204
84 42
114 69
188 165
169 16
121 153
213 278
267 118
59 185
19 285
179 215
214 103
26 168
70 26
258 24
83 177
82 256
16 60
295 71
285 118
219 177
99 65
141 298
299 140
85 237
48 238
129 29
254 24
286 228
127 104
9 134
94 112
286 204
172 65
81 18
124 220
20 92
241 19
131 299
56 160
72 110
80 216
271 173
159 232
267 27
139 120
177 228
233 191
204 228
143 200
40 212
122 156
226 43
58 99
108 208
55 39
219 252
81 113
289 20
119 66
22 129
176 202
187 237
209 140
73 125
101 13
290 242
37 45
212 232
15 136
150 81
8 78
48 76
144 256
50 52
127 120
132 170
11 214
152 109
228 43
185 248
153 6
35 266
49 170
299 238
189 40
99 224
70 183
46 173
255 56
117 168
202 296
231 150
150 192
79 152
243 222
132 73
211 19
173 202
185 116
290 172
284 246
145 244
29 280
247 129
120 3
15 232
253 233
194 154
288 71
49 153
27 159
270 137
163 170
68 69
216 244
60 36
162 193
73 254
145 86
140 205
41 36
127 266
288 232
162 192
56 168
23 21
217 214
201 31
299 116
195 270
95 234
85 70
220 78
13 112
238 222
280 97
148 240
130 196
121 15
21 132
293 64
47 38
59 180
117 60
43 287
158 295
222 101
220 224
268 274
246 212
20 220
205 234
203 134
141 100
229 229
267 89
182 297
214 73
260 268
209 285
45 142
199 254
100 259
86 265
290 164
110 239
244 168
35 184
64 126
179 37
289 106
294 116
232 108
196 175
37 179
213 213
272 83
190 280
190 271
34 164
238 64
261 201
43 4
261 27
40 68
269 219
271 295
189 15
244 230
120 250
129 230
86 64
260 284
181 287
56 59
32 172
225 184
55 151
177 52
289 76
121 66
195 253
155 87
74 222
67 10
162 265
175 248
172 87
237 149
106 299
191 217
16 250
296 13
286 88
178 293
60 191
19 118
111 4
137 10
176 282
13 51
92 46
54 200
132 122
162 161
181 154
103 295
168 79
116 155
89 33
290 10
81 34
188 59
288 41
23 179
213 224
136 252
182 274
163 279
138 206
219 184
22 192
181 34
117 25
70 109
98 105
295 282
258 212
249 290
38 254
230 89
86 129
283 291
145 252
38 277
102 64
98 246
138 33
90 248
44 122
237 206
276 187
126 1
299 33
34 197
113 252
175 46
188 48
94 150
118 194
95 3
47 225
197 237
190 177
3 148
65 179
194 149
194 41
93 253
247 261
146 59
247 280
45 173
39 111
149 296
141 162
170 252
73 206
168 165
24 282
207 267
237 259
249 162
24 129
132 130
20 126
108 1
194 83
216 133
123 220
131 296
213 250
152 57
294 259
238 293
243 81
288 291
297 204
146 276
161 249
14 98
141 287
170 153
290 101
2 128
176 191
104 284
127 188
137 190
64 41
150 200
222 265
118 37
252 270
112 15
211 293
292 283
3 53
268 77
194 65
294 189
221 213
249 157
212 131
148 214
84 82
156 171
240 66
137 42
262 226
26 194
14 127
162 4
161 60
249 176
8 1
278 70
116 135
136 118
281 9
54 12
187 299
110 298
180 141
154 299
272 130
186 175
294 33
141 115
65 94
45 155
15 118
271 137
128 201
154 296
156 35
10 279
209 148
154 256
174 282
116 116
127 274
166 169
45 206
185 173
199 76
54 62
80 23
14 234
230 239
113 158
110 9
265 287
115 152
290 176
217 128
172 261
122 238
262 225
47 236
226 57
115 295
130 284
4 145
117 233
283 127
116 125
219 158
45 293
29 66
204 255
193 191
178 224
69 50
79 70
238 101
79 138
113 15
205 174
227 129
34 283
102 87
291 270
216 32
288 297
222 209
101 114
39 231
265 33
14 120
155 236
199 221
243 36
148 289
19 201
288 86
69 78
49 263
11 56
135 288
124 9
273 94
247 208
82 49
96 56
189 150
272 264
276 80
115 192
5 203
278 294
3 262
139 166
289 170
189 247
16 18
176 256
188 172
197 50
186 156
187 208
149 96
89 90
43 143
219 98
174 144
210 197
141 119
255 190
170 132
75 166
238 180
22 298
131 7
27 172
112 245
232 29
185 136
55 104
130 272
256 223
33 116
213 117
121 80
2 44
41 150
198 110
24 198
258 47
101 243
177 216
103 120
128 45
285 133
165 68
267 118
153 198
165 277
50 44
162 33
91 132
19 92
262 180
43 74
10 263
17 119
151 9
126 214
139 82
117 176
49 169
290 69
63 196
59 187
64 245
136 232
32 133
190 288
178 228
120 123
70 198
219 206
145 234
100 224
230 245
78 241
224 98
12 267
108 175
246 48
278 19
6 266
137 96
55 223
230 69
283 16
205 220
78 61
181 196
198 201
61 99
27 48
117 147
1 98
22 65
68 255
150 281
258 46
154 89
296 186
51 252
39 157
20 221
252 191
41 113
205 107
123 268
153 179
280 101
133 206
144 24
193 68
246 205
86 265
25 79
189 2
139 165
107 225
164 247
132 31
280 59
35 100
15 257
224 281
35 50
238 130
245 64
258 64
80 175
198 114
272 257
22 170
32 288
142 286
284 282
64 52
199 21
87 71
109 22
252 31
168 124
165 132
107 206
218 25
51 103
131 203
206 2
160 143
241 271
222 265
164 65
55 78
24 25
67 151
80 9
86 272
150 293
92 123
60 183
144 292
34 198
108 179
67 19
57 258
55 252
51 22
204 174
235 23
158 171
81 294
17 147
129 99
158 83
116 100
195 103
82 25
286 292
280 140
235 240
28 128
153 17
292 46
289 242
130 29
267 292
24 45
184 157
267 289
195 188
241 144
258 205
120 261
178 46
205 215
224 185
226 76
262 132
158 223
226 128
238 59
24 170
129 250
210 173
183 118
238 128
39 91
133 173
17 270
40 215
220 197
82 175
241 225
33 179
111 245
167 146
243 41
124 142
299 299
218 33
42 282
251 261
31 78
44 116
240 297
252 181
137 220
174 250
8 87
213 27
217 281
115 274
41 214
40 34
280 78
89 26
57 169
157 253
238 85
31 206
256 247
71 240
189 200
248 231
248 253
224 27
284 152
112 21
88 259
122 216
190 220
222 131
54 45
103 85
294 231
228 230
10 110
119 195
270 164
185 154
285 256
266 67
162 127
130 247
177 154
12 144
111 65
121 266
233 213
179 8
214 288
4 121
276 105
170 103
179 206
254 87
50 104
71 1
166 292
39 166
86 165
227 5
36 105
279 190
276 279
42 172
167 224
232 279
138 212
297 1
163 176
137 135
13 219
95 150
70 201
45 205
153 157
232 12
177 256
242 25
267 151
212 231
131 65
261 172
128 92
155 105
173 135
78 147
116 147
272 31
227 132
76 83
72 213
173 271
211 86
31 89
94 52
45 257
16 143
124 52
260 143
59 33
275 54
68 241
269 149
66 60
5 281
246 277
253 81
215 149
227 153
160 88
84 234
77 233
227 161
212 36
191 179
47 94
18 127
34 111
49 282
194 43
52 74
19 186
204 279
77 175
221 47
96 10
71 19
127 34
266 111
234 86
64 283
35 26
154 156
283 96
262 297
16 3
88 149
201 238
147 11
104 260
266 170
194 132
213 33
197 292
186 3
209 107
189 93
256 171
262 274
180 178
1 33
108 33
17 46
77 209
59 177
47 203
193 158
84 84
295 94
27 9
97 54
179 288
7 129
98 2
273 34
197 109
144 85
69 95
70 178
13 94
230 252
159 2
78 128
137 130
275 133
271 160
184 56
288 227
181 255
170 0
295 102
156 129
229 251
144 201
73 266
265 104
19 241
14 279
288 121
143 165
5 234
56 295
287 8
221 176
156 263
197 248
2 198
83 294
134 224
113 46
292 29
53 136
5 42
187 144
144 258
54 80
242 233
190 262
192 200
292 33
290 169
94 0
253 139
197 254
199 144
121 0
80 40
4 295
73 15
39 74
168 262
15 244
139 26
115 209
62 46
169 187
165 182
104 299
117 30
62 76
249 92
124 135
43 259
287 50
127 129
231 143
276 117
140 40
45 138
18 253
183 167
116 91
117 24
191 197
128 89
269 282
108 34
224 89
46 256
83 179
127 140
144 201
66 269
269 50
53 286
281 158
20 6
29 86
100 226
219 112
191 234
232 226
104 146
173 207
50 71
81 254
85 51
67 40
37 136
129 30
185 247
7 6
21 240
249 237
142 155
244 228
33 142
52 0
259 144
225 40
169 6
216 24
193 258
79 181
294 124
176 256
38 62
99 147
122 194
125 134
97 5
174 116
42 55
60 156
283 14
72 294
166 282
133 202
1 87
21 225
129 151
2 188
57 32
124 23
227 114
241 27
250 85
174 65
205 7
30 122
232 137
275 279
103 5
198 7
209 285
149 295
250 158
287 184
71 68
189 158
57 168
277 178
171 147
8 63
240 15
270 142
13 24
98 166
137 251
123 15
261 60
212 103
272 161
1 236
202 154
17 161
146 70
124 225
69 140
157 58
26 213
56 112
190 172
234 290
270 250
110 77
37 161
96 164
163 152
226 131
94 179
88 230
202 98
184 31
252 53
267 182
190 158
147 284
68 101
145 240
245 218
241 93
246 261
81 108
241 54
29 81
159 191
147 144
125 42
178 72
85 163
247 164
125 137
81 255
103 151
298 234
79 169
252 77
228 39
23 50
161 277
239 262
171 140
282 168
6 56
8 223
91 272
36 235
152 188
107 38
113 85
185 62
49 56
162 58
264 239
263 256
243 189
180 104
134 299
215 57
21 69
264 269
151 148
29 132
190 138
243 58
116 94
255 197
61 210
207 25
151 229
187 289
176 89
24 66
83 4
260 267
138 207
20 37
254 146
70 44
48 268
148 141
99 115
108 125
43 258
195 61
2 242
3 132
81 167
63 286
58 49
83 26
77 231
249 54
235 44
144 277
36 265
86 151
4 129
288 242
58 117
298 99
233 235
157 235
188 278
4 289
0 149
20 50
107 2
74 178
49 114
290 254
169 39
207 252
16 44
16 248
145 182
269 209
256 192
0 31
52 214
85 102
157 185
208 253
30 231
197 280
110 37
160 80
172 156
100 287
265 212
172 130
57 218
3 29
162 26
53 250
37 270
162 165
267 244
11 84
136 95
62 129
12 62
170 71
203 133
70 222
5 156
155 90
221 64
174 258
299 89
100 253
123 122
6 7
276 110
257 151
270 266
34 65
184 44
193 8
0 248
278 74
43 67
1 261
295 6
171 271
155 200
207 188
172 104
100 259
298 33
28 186
251 143
150 146
279 111
231 216
1 29
23 255
42 76
131 28
231 158
268 233
165 151
284 250
143 201
2 75
274 37
265 174
254 237
152 105
160 216
201 211
93 251
134 221
286 1
48 14
286 95
236 143
57 183
226 8
255 182
27 155
295 144
87 6
73 60
150 157
121 113
255 140
260 99
59 202
263 139
122 225
127 203
289 227
209 163
165 123
240 136
102 123
100 39
243 192
115 34
211 6
280 210
202 273
113 285
13 110
140 57
41 56
161 64
60 272
114 58
52 72
42 226
121 119
44 48
212 90
283 296
242 56
9 99
97 229
101 182
92 154
289 78
8 113
194 231
167 101
192 45
120 241
87 41
288 11
180 298
191 279
254 1
251 155
162 70
50 155
156 135
265 224
128 42
4 118
182 78
91 173
185 163
213 185
114 130
135 210
170 257
265 133
8 292
194 65
186 149
2 17
154 239
30 239
112 40
16 82
250 147
34 228
14 142
176 96
71 256
215 218
84 6
19 227
224 239
224 152
289 90
117 9
126 169
261 241
237 120
191 175
82 35
250 223
167 214
19 260
62 66
107 4
202 207
55 39
84 269
221 21
145 126
208 204
144 67
47 98
289 108
202 7
265 52
33 296
55 95
297 133
289 14
284 150
63 14
282 274
185 95
157 149
202 33
58 86
31 121
276 72
88 44
231 30
126 3
120 277
214 102
57 111
101 110
235 294
138 173
246 269
129 209
144 146
6 281
272 36
218 228
158 130
7 40
141 143
108 190
201 280
224 211
258 182
19 37
41 145
230 286
279 116
217 26
32 111
277 154
240 97
11 106
87 73
127 275
100 41
94 270
38 16
150 9
155 83
13 299
38 291
30 30
5 78
179 108
288 44
86 35
99 238
192 227
157 23
44 111
37 240
238 156
32 157
67 51
279 58
22 109
245 47
29 48
35 151
279 188
145 131
207 186
133 230
146 174
232 151
16 67
108 240
297 33
246 252
77 223
72 100
190 145
122 210
211 205
78 127
16 104
232 250
66 174
281 107
93 262
294 252
29 252
46 283
192 45
0 205
253 170
24 183
142 175
235 78
17 94
45 108
225 168
158 61
190 237
42 97
172 108
68 193
204 267
160 241
144 2
146 46
68 283
275 176
187 204
292 64
210 97
14 237
248 233
121 265
279 147
276 205
143 263
82 31
266 168
118 52
49 143
114 170
126 109
147 283
230 77
140 58
38 35
202 215
183 157
226 22
279 168
208 10
156 1
125 41
62 54
82 247
94 294
284 179
175 240
3 167
67 92
56 249
184 198
89 112
151 185
255 285
183 91
58 136
203 44
223 186
224 84
205 13
78 56
147 242
236 247
88 230
43 57
28 229
100 200
254 279
71 106
21 103
64 4
116 215
141 191
24 49
277 159
245 184
143 125
63 49
265 16
93 143
91 238
276 279
11 159
167 199
84 193
177 89
179 273
56 135
194 269
220 294
104 70
290 45
57 77
63 198
295 209
170 209
166 250
55 94
293 162
257 290
162 35
275 24
45 99
147 24
188 276
92 240
98 205
25 241
53 286
211 12
72 86
63 159
287 36
84 122
92 46
16 161
280 86
182 283
190 230
92 277
65 123
58 141
175 88
148 248
271 186
81 25
217 227
67 16
295 172
37 85
242 110
150 217
32 294
188 224
176 97
139 122
250 130
226 124
94 72
176 28
91 17
270 233
113 174
172 248
6 241
176 30
168 289
290 236
250 13
137 137
75 168
68 59
163 280
0 236
292 4
268 165
134 263
92 231
219 277
21 94
186 216
202 116
89 182
19 66
134 140
193 220
112 160
154 108
176 20
272 284
61 246
202 48
263 88
12 236
86 78
58 179
272 44
132 243
221 108
246 229
221 70
175 268
93 100
56 217
239 149
163 196
133 58
10 14
182 34
173 222
226 187
100 237
218 196
120 143
88 252
187 68
128 138
194 35
176 242
224 274
25 190
49 211
77 213
177 237
145 31
0 47
297 175
240 48
299 15
41 262
156 268
47 80
64 163
82 194
198 116
263 214
217 39
279 15
6 181
23 79
21 261
296 100
216 114
121 53
169 141
35 176
37 233
147 203
234 154
24 104
129 24
7 92
52 34
118 201
275 88
236 16
79 285
6 243
232 151
85 217
204 255
65 255
225 78
164 226
242 212
163 295
242 37
57 12
294 146
292 210
192 191
49 249
155 266
218 132
137 89
25 115
262 52
90 139
30 278
138 163
96 146
181 87
199 11
168 103
132 73
183 242
275 249
223 84
260 238
204 251
124 290
273 153
97 271
13 36
144 182
231 260
90 146
30 282
9 109
238 145
86 93
159 246
213 173
211 81
91 260
254 228
157 126
6 98
3 214
187 62
76 6
125 171
224 85
98 194
131 291
92 213
215 146
59 9
249 37
166 183
106 2
105 248
83 22
136 230
197 219
212 287
237 178
238 6
253 201
281 22
209 25
214 11
176 64
52 298
60 13
33 20
140 125
243 27
123 247
124 123
241 229
155 132
181 234
72 12
70 66
174 258
243 81
206 2
221 265
296 174
275 34
37 125
42 107
25 42
51 6
81 292
94 153
179 3
298 42
127 69
276 206
231 15
44 295
180 294
60 173
87 210
194 225
199 116
205 249
13 97
165 2
76 81
77 11
160 244
157 172
91 193
287 299
127 279
217 145
189 226
265 90
260 75
76 295
130 155
232 99
266 294
242 74
61 70
3 172
35 60
295 91
136 71
59 166
268 124
264 3
80 157
280 51
175 163
91 29
148 149
233 164
267 93
166 210
58 160
26 215
117 49
283 278
112 186
10 121
218 122
51 61
121 72
45 56
48 215
39 298
95 29
269 165
161 149
201 268
209 277
62 249
241 17
49 28
163 188
241 195
193 113
188 169
277 63
31 23
106 125
242 48
255 215
198 299
221 3
259 294
53 93
272 53
120 53
124 81
219 295
195 199
55 16
146 112
236 64
90 166
261 29
135 267
267 130
155 163
57 11
107 67
73 247
12 96
245 175
253 28
112 243
37 256
50 126
8 68
188 280
17 254
103 287
25 108
221 155
249 188
3 20
178 59
294 254
257 80
247 153
296 264
293 242
152 142
131 64
1 58
116 83
0 168
30 291
96 247
132 204
79 244
8 143
109 189
151 164
213 149
26 294
239 149
74 128
136 192
91 20
166 197
231 68
141 125
212 199
206 202
55 218
248 19
55 277
237 188
39 161
46 55
230 222
245 71
224 292
96 161
74 279
43 118
34 199
249 77
77 262
256 94
200 286
124 258
269 67
97 87
47 123
241 36
158 229
259 153
35 117
203 176
14 170
236 198
251 36
96 164
196 112
85 61
219 282
16 116
165 235
72 261
206 202
267 179
128 179
172 176
43 54
197 48
217 243
167 208
277 193
113 111
237 96
232 295
101 284
223 150
272 83
59 66
245 253
280 234
130 291
76 277
226 156
249 247
137 264
30 62
105 187
148 193
154 114
41 50
18 90
31 198
224 43
238 98
72 96
122 222
147 16
108 125
164 127
31 48
37 155
161 259
178 193
44 136
47 15
268 234
200 149
218 38
136 281
145 192
196 47
272 51
268 91
1 165
194 129
29 45
0 50
189 18
67 135
102 96
175 275
213 203
155 6
113 166
178 219
94 119
175 82
270 46
295 36
19 98
168 109
24 77
191 89
0 60
136 65
286 7
136 101
141 186
268 259
57 184
235 141
202 6
148 278
287 69
168 219
215 141
108 275
97 118
200 287
161 11
175 56
175 25
134 134
190 223
158 236
78 198
18 26
277 117
29 244
200 187
244 96
134 226
10 22
238 198
135 237
4 6
187 56
158 238
88 286
90 115
259 61
24 49
249 78
59 88
226 109
248 51
208 108
204 110
98 39
189 279
86 254
52 280
30 166
264 242
187 232
1 229
152 247
286 50
238 200
291 144
82 127
89 65
200 172
85 152
85 12
173 14
124 160
20 280
146 12
176 141
64 87
76 190
126 77
38 141
124 139
143 188
158 97
269 134
75 158
147 181
241 292
65 197
145 89
105 268
143 133
228 235
125 109
33 177
93 272
156 108
296 177
53 251
80 241
153 283
252 38
80 297
165 208
215 148
178 81
174 89
206 39
25 118
210 208
151 258
10 278
138 272
149 187
184 23
214 290
251 215
286 45
45 78
140 142
8 275
151 73
142 179
15 145
89 287
215 190
206 211
264 66
27 217
62 175
286 272
170 163
128 247
69 207
65 45
186 17
55 127
209 291
37 20
54 140
133 230
109 148
71 228
95 56
252 36
288 128
58 210
50 76
214 187
143 45
138 194
189 47
298 164
205 104
93 96
3 101
259 195
149 208
127 120
288 240
161 11
272 227
275 267
126 278
174 116
184 214
92 280
199 156
88 240
65 273
175 250
62 158
199 196
35 149
173 227
88 219
19 207
224 185
149 85
299 215
165 245
63 147
263 60
13 254
154 151
176 37
24 3
76 235
40 235
28 256
217 285
291 254
200 188
229 226
72 153
19 261
281 296
20 240
187 246
67 58
252 13
47 87
127 134
70 275
40 208
24 293
67 195
25 66
284 81
279 232
170 242
234 152
118 119
172 282
175 200
39 83
49 217
116 189
227 234
265 265
37 195
216 157
256 112
77 290
260 267
254 127
36 269
257 244
234 222
20 183
120 41
129 283
145 202
233 112
196 89
180 145
149 261
74 25
78 265
92 15
104 61
12 74
112 83
63 52
54 199
137 283
258 14
113 185
258 248
79 247
286 35
184 46
140 238
58 135
62 152
291 147
28 152
187 165
162 43
16 86
175 30
232 289
33 299
57 284
143 286
64 256
241 112
213 51
13 191
278 59
251 50
265 165
230 209
246 282
274 20
52 60
123 230
26 16
144 13
145 263
159 261
115 147
161 53
292 1
100 211
130 162
142 157
140 13
279 108
264 78
105 108
247 72
34 187
27 234
237 230
35 261
29 104
241 197
74 246
136 183
267 292
171 224
174 81
139 88
16 54
179 182
160 239
99 169
171 142
191 187
2 267
50 68
240 109
195 287
148 176
166 127
191 161
90 111
288 167
248 264
167 292
60 60
93 133
87 283
278 22
189 114
266 55
110 206
24 299
290 264
186 165
165 49
62 126
152 44
215 119
198 149
34 234
174 39
220 103
28 218
238 30
180 66
164 283
164 119
149 102
66 97
117 100
54 62
132 275
208 178
96 6
129 94
207 294
209 198
32 219
131 186
83 114
279 85
152 183
103 247
211 65
21 40
208 208
183 201
251 61
217 294
192 232
49 190
214 124
74 100
41 275
108 234
234 23
66 90
73 166
48 244
150 109
161 244
79 123
97 126
137 65
160 67
134 222
265 10
254 163
76 3
297 215
46 189
19 208
218 69
100 116
64 157
178 128
134 196
94 161
92 113
94 40
240 180
91 169
136 93
22 124
128 199
281 48
200 232
160 255
274 170
121 270
105 33
222 203
101 191
147 208
37 4
199 83
291 75
86 187
153 254
198 117
118 204
81 128
214 107
202 62
231 68
213 170
183 91
163 255
140 43
46 119
25 119
289 232
43 262
275 98
72 249
84 128
283 115
275 232
53 44
154 23
54 101
105 164
142 270
0 78
153 237
81 154
169 154
263 47
185 108
125 258
255 235
118 29
209 26
62 137
219 189
182 297
45 262
133 120
171 216
271 184
175 249
18 163
171 229
72 286
17 67
171 178
64 31
176 41
36 293
242 153
281 30
219 54
130 243
283 78
110 40
36 291
263 227
58 26
275 131
279 274
242 124
9 225
87 75
229 44
69 220
246 259
270 49
45 64
193 36
91 294
71 289
1 97
48 43
15 157
50 57
266 118
172 249
140 99
40 263
224 49
10 189
256 190
204 69
8 51
141 239
76 284
265 117
160 50
235 105
223 21
83 114
1 297
104 97
58 196
3 208
81 226
208 192
152 88
74 5
270 152
213 237
232 1
103 82
209 7
230 59
110 255
150 50
265 71
103 37
235 176
178 102
205 90
148 95
148 120
92 39
133 53
161 258
206 158
64 156
7 281
16 211
46 13
208 230
118 235
111 289
116 245
171 64
125 277
129 121
8 177
289 46
84 131
115 279
148 201
195 150
102 75
192 37
153 276
33 84
26 260
239 51
123 140
275 144
95 267
176 267
30 198
299 25
275 116
125 237
82 167
253 27
127 285
230 183
31 198
274 13
281 252
44 99
45 137
143 110
272 212
131 179
94 226
202 167
25 242
222 49
96 60
228 160
135 122
131 187
84 245
267 55
75 141
195 296
225 255
108 111
73 70
105 159
189 253
217 253
38 88
208 4
155 270
138 3
281 25
270 103
99 52
112 37
19 45
146 286
44 44
49 26
248 67
244 42
288 211
289 142
2 72
170 150
27 109
129 242
102 8
221 95
226 228
166 48
126 36
6 132
215 55
109 160
245 72
60 248
224 61
161 214
42 40
23 161
96 100
223 78
16 7
257 36
246 240
86 70
101 91
278 69
191 195
91 9
41 46
28 131
283 66
273 120
239 53
285 150
230 6
142 20
262 0
125 244
70 137
106 231
165 245
294 263
174 207
162 85
176 262
241 42
115 185
138 259
150 32
15 227
268 233
250 121
240 158
210 246
294 99
137 3
131 173
49 11
93 214
41 21
281 104
247 153
55 238
139 200
144 143
74 131
188 204
266 62
120 6
163 156
215 222
74 253
7 262
37 146
44 40
274 169
288 15
277 283
153 200
263 115
238 73
169 224
184 95
147 31
97 157
210 55
107 272
109 10
65 230
100 156
255 168
226 195
217 224
187 65
191 148
114 68
8 131
135 270
49 220
70 15
51 41
19 213
82 196
205 295
134 140
282 264
260 120
0 105
232 261
46 82
2 146
63 42
22 163
237 229
138 242
21 224
268 276
284 298
77 236
272 91
187 132
99 47
19 2
201 47
167 111
184 135
71 173
290 150
88 18
66 50
201 288
213 294
18 228
189 139
64 57
179 14
295 243
140 48
211 23
23 219
71 127
19 281
238 158
58 180
52 129
232 51
160 279
250 34
175 110
99 228
271 229
145 168
41 171
115 183
65 105
15 272
295 42
172 189
274 69
213 179
224 276
191 18
96 195
296 269
163 3
71 12
227 21
153 55
241 118
55 237
263 13
231 285
268 104
68 267
197 36
104 299
189 132
68 163
127 24
99 204
155 88
217 57
67 184
59 236
151 252
245 184
203 249
148 143
173 176
299 281
11 261
60 225
205 137
188 217
221 168
130 263
106 123
136 282
33 265
232 20
155 293
105 58
149 125
69 11
47 3
213 175
239 15
284 172
244 246
190 271
246 186
63 182
244 297
242 238
34 291
74 271
255 280
178 4
282 243
196 203
121 267
19 18
15 181
121 124
120 156
205 10
211 225
52 6
29 144
155 184
190 13
254 227
260 174
63 55
81 108
53 172
269 151
295 43
228 14
230 24
78 99
54 115
100 233
143 155
19 211
248 151
147 11
12 128
141 80
54 101
155 179
18 178
264 149
298 61
190 255
237 295
51 166
147 263
92 28
58 1
259 296
293 221
294 102
131 264
107 205
295 239
52 122
85 190
222 114
41 250
284 55
238 154
81 126
115 201
15 187
72 272
111 82
226 121
214 19
171 54
79 9
104 294
89 156
50 207
92 141
56 62
103 95
282 212
241 141
127 39
294 72
89 32
90 66
81 159
35 114
298 49
214 170
278 287
138 124
42 268
13 295
213 237
284 23
97 54
276 101
2 26
162 164
59 4
280 64
116 250
151 94
145 79
145 273
142 258
42 294
25 12
270 67
21 45
247 128
260 151
60 252
11 114
267 102
40 95
186 299
220 198
39 100
255 166
240 295
118 298
176 179
25 297
47 264
296 31
173 49
147 42
196 93
252 105
25 75
70 12
279 139
254 87
41 233
228 17
12 48
53 89
162 114
30 267
222 5
149 200
161 27
230 7
264 141
206 216
4 125
53 184
155 154
76 62
248 0
296 139
288 90
91 0
291 277
234 187
217 203
206 269
84 1
21 192
198 152
206 83
180 149
240 37
41 284
264 199
135 162
31 91
174 54
231 166
4 278
185 14
232 297
197 294
237 268
96 86
282 88
46 211
104 254
0 184
231 231
291 280
159 73
56 164
129 172
285 159
220 203
293 106
228 84
259 158
130 107
31 10
132 232
174 148
214 109
281 12
134 130
41 266
23 266
212 25
259 108
85 195
63 99
255 284
170 95
257 284
201 110
263 79
110 237
88 239
169 40
64 24
93 276
37 34
113 135
231 4
98 230
64 184
211 275
215 248
61 62
85 17
215 215
113 283
265 68
134 65
185 10
259 158
4 117
94 217
281 183
258 106
249 3
50 34
45 278
112 167
155 223
95 264
200 125
261 4
37 282
35 7
280 193
45 121
154 154
39 28
178 165
50 234
107 172
209 294
254 254
95 202
116 135
221 62
248 48
105 250
32 258
49 247
88 219
251 92
214 51
60 284
153 106
103 91
279 4
21 200
131 228
226 144
289 73
22 289
239 59
38 227
133 9
288 260
257 234
78 192
57 28
37 275
191 177
172 23
240 215
97 13
286 131
156 176
25 285
59 262
44 140
35 151
142 173
254 28
127 240
18 57
124 268
91 38
188 35
231 280
144 27
107 40
47 102
77 67
10 98
217 67
244 83
251 121
157 55
268 243
154 212
110 287
37 113
246 2
193 68
229 230
291 107
16 17
124 240
130 109
229 282
75 169
168 214
200 68
251 19
140 259
293 77
238 202
55 294
144 31
168 37
36 196
34 71
63 143
278 181
267 170
289 187
18 285
92 173
181 152
290 158
125 56
290 15
216 123
9 76
136 292
216 298
32 118
66 156
46 3
17 139
196 101
231 33
117 88
247 24
85 96
149 46
158 269
281 224
174 44
212 281
35 153
89 147
289 191
255 213
24 195
127 192
185 137
218 28
74 226
10 181
272 245
175 218
7 59
162 109
201 128
212 106
254 102
91 146
247 85
0 160
297 252
247 265
106 159
55 211
257 115
106 132
209 110
146 244
194 191
235 175
221 129
154 11
247 278
23 33
126 289
235 246
146 210
62 66
108 242
290 27
164 27
272 287
198 80
76 61
122 51
145 114
154 66
194 250
279 197
71 141
159 247
13 99
299 126
118 264
134 163
205 108
129 249
230 285
217 113
142 175
138 209
128 173
150 63
94 44
203 259
174 16
38 275
47 104
65 273
142 208
55 110
20 64
75 15
284 175
193 262
32 212
208 258
163 208
39 259
108 178
161 171
226 183
71 217
167 42
40 70
35 163
212 57
271 32
130 17
8 3
240 134
222 258
87 17
69 16
25 74
31 6
77 269
242 252
130 6
33 72
213 141
171 5
299 297
49 191
201 209
49 58
44 74
193 25
116 276
195 44
165 163
32 169
209 134
127 84
11 7
213 288
130 240
42 141
58 251
26 187
57 76
74 130
159 297
181 167
106 291
251 226
152 45
106 66
197 118
49 203
36 235
188 71
53 197
282 298
290 198
173 135
296 231
179 166
204 227
289 221
178 140
60 13
60 255
244 281
210 20
38 68
272 89
277 98
1 263
49 77
88 202
135 80
260 125
239 179
121 269
35 232
124 8
251 10
21 103
133 31
147 49
219 186
53 15
70 187
193 21
42 211
150 195
145 153
140 144
61 197
222 157
245 162
62 61
178 262
133 170
211 222
69 11
193 109
201 30
290 289
128 9
259 163
228 159
200 238
137 142
35 219
283 80
206 212
231 99
214 7
63 200
184 6
202 267
67 27
138 258
34 46
71 157
260 148
230 71
112 42
65 108
200 183
44 138
263 192
161 227
82 56
19 52
78 137
235 199
33 291
182 121
4 138
39 204
172 8
86 136
23 46
57 101
215 168
82 140
294 15
141 44
272 219
279 202
208 26
118 257
168 17
204 97
67 53
167 297
150 132
150 44
278 218
210 255
249 69
17 173
86 48
87 195
17 62
127 213
112 135
156 151
88 95
90 34
97 164
124 268
137 128
116 2
228 83
172 78
287 184
262 210
288 135
25 69
0 229
193 97
155 296
112 160
104 169
187 42
141 137
288 145
85 212
93 3
194 285
154 199
22 43
256 175
245 289
78 270
221 57
226 271
59 274
192 105
281 207
297 229
113 207
48 258
159 262
233 34
105 145
282 88
116 102
200 101
18 210
53 78
272 206
42 210
151 29
111 230
7 211
224 30
106 247
59 292
99 283
53 266
18 21
227 234
182 254
221 142
35 50
35 245
87 183
166 70
231 263
147 268
213 70
55 231
268 66
279 132
179 28
70 203
164 165
94 45
235 135
128 93
116 0
34 229
46 98
192 47
127 225
67 228
28 162
66 197
164 210
277 110
295 295
175 33
293 182
26 62
176 34
295 24
140 175
154 38
180 282
226 218
52 187
26 140
10 221
62 246
171 132
278 4
135 43
85 95
110 187
185 35
110 96
229 269
57 295
280 270
234 73
249 282
188 51
40 228
228 180
137 268
43 120
88 7
206 268
239 214
182 273
78 78
132 290
170 49
173 8
249 165
49 262
244 44
229 175
226 158
80 130
248 287
267 216
263 296
289 75
207 77
18 291
282 260
92 102
104 237
24 101
262 149
83 110
138 198
107 182
169 108
223 207
93 96
169 234
196 225
217 2
41 106
20 34
3 207
173 181
144 258
270 202
231 196
290 208
108 158
276 261
205 273
3 198
123 240
262 42
44 16
222 101
234 56
109 257
39 17
241 199
127 210
144 106
118 227
164 156
33 52
8 131
51 25
64 227
148 146
208 58
250 137
156 195
49 271
158 73
178 68
236 172
257 233
262 146
101 42
8 136
113 86
212 193
185 164
215 114
136 204
164 89
148 164
298 107
178 169
223 80
88 243
219 299
107 262
144 241
4 94
151 139
241 148
197 213
123 246
240 290
225 37
89 248
284 210
113 271
202 25
132 296
283 98
279 287
194 284
145 170
175 229
54 234
274 25
266 212
257 198
8 258
147 228
244 290
298 224
45 55
35 195
142 88
216 0
43 163
94 0
175 109
275 145
285 212
48 102
299 246
162 164
214 0
190 273
124 292
32 179
107 247
280 235
78 141
287 98
219 5
281 3
269 205
222 195
100 25
124 138
104 150
110 282
59 111
253 202
226 191
55 67
121 62
61 119
194 15
81 290
186 133
114 268
17 3
21 13
134 23
86 43
176 255
228 145
4 244
210 54
168 89
32 167
80 224
296 110
291 285
169 69
200 49
254 4
280 19
219 291
23 182
5 103
296 299
293 26
104 293
151 69
265 215
13 133
70 237
53 150
160 15
267 168
38 101
223 160
277 112
99 134
128 238
70 80
110 147
192 38
116 89
235 17
272 160
96 16
272 75
9 286
206 6
11 190
74 297
292 42
44 102
235 246
54 42
109 41
53 251
188 148
262 223
92 123
7 183
269 211
136 72
116 224
243 291
111 193
214 198
189 215
162 243
299 149
174 49
46 178
52 77
193 183
282 27
163 116
162 170
49 87
191 27
44 100
111 60
166 157
1 77
66 87
89 232
84 222
216 10
192 37
144 144
298 131
158 147
35 169
46 52
249 205
152 193
118 105
137 83
280 198
222 169
282 62
271 116
207 273
270 50
98 107
132 193
199 63
161 70
133 84
235 162
197 93
231 17
98 177
176 134
251 153
140 27
214 198
246 68
79 177
273 22
9 69
202 128
215 214
120 130
48 75
87 178
130 293
82 52
66 131
20 215
252 129
31 11
144 57
218 284
210 138
144 127
66 110
51 266
124 241
21 94
124 196
126 27
36 49
67 72
68 17
54 287
27 2
137 284
79 122
105 240
239 255
274 233
139 185
1 76
285 173
14 143
95 46
191 288
31 10
126 0
96 70
295 264
167 280
202 28
108 76
69 279
28 53
255 292
276 112
23 182
208 102
227 58
201 236
0 182
27 198
49 185
12 182
111 34
197 231
217 244
172 70
186 22
105 192
74 44
189 165
181 267
151 15
40 9
133 36
175 272
135 126
219 237
59 234
49 264
268 195
93 175
43 147
19 185
20 216
134 137
226 5
227 183
44 238
86 262
29 77
135 101
164 231
229 133
154 289
216 240
142 169
80 37
149 266
251 257
207 72
226 20
54 126
238 263
109 181
29 231
58 79
47 21
266 73
277 177
227 60
62 152
58 228
45 283
79 116
137 52
204 14
177 197
107 90
242 97
18 187
177 19
163 154
177 181
299 60
293 148
276 148
182 236
299 84
46 288
261 13
227 230
106 89
248 57
297 186
95 148
137 260
247 67
97 20
254 229
290 42
171 11
255 283
209 7
1 57
30 268
131 91
194 66
156 109
229 154
222 266
45 92
282 121
293 126
288 133
85 29
161 276
55 127
124 197
277 201
101 114
15 99
103 68
239 213
44 271
208 268
291 19
227 150
125 235
92 295
240 126
171 235
54 30
225 191
52 201
39 153
99 250
51 130
219 165
271 111
65 182
150 241
109 131
197 38
254 285
270 46
208 39
274 282
267 224
94 265
8 99
274 60
292 38
148 70
241 107
152 160
201 146
289 195
84 43
82 209
158 79
43 259
103 82
259 247
46 55
99 184
166 174
247 125
282 88
237 83
186 190
182 126
281 222
151 22
276 230
255 112
156 173
232 243
299 213
281 176
100 91
164 39
32 197
28 137
299 25
247 52
2 95
269 147
257 203
252 13
210 231
156 186
112 130
7 186
33 137
183 215
222 129
257 299
44 287
68 195
246 219
26 181
50 89
292 19
72 3
119 47
269 287
143 86
238 57
10 189
110 132
34 297
147 82
52 176
46 299
280 37
39 132
94 70
69 69
137 50
295 11
206 262
39 167
252 24
255 194
4 108
33 160
151 119
195 277
93 92
227 32
73 206
34 128
257 68
275 100
280 139
227 267
74 75
266 20
2 207
175 115
61 61
144 57
227 237
168 99
135 87
138 158
182 263
139 240
202 290
201 192
187 92
146 228
295 145
203 8
279 36
47 18
7 129
255 20
297 125
52 99
295 53
26 78
15 177
219 50
207 293
240 144
54 68
257 281
291 114
207 216
133 132
245 32
206 20
210 42
241 70
155 107
168 253
97 34
221 252
241 143
255 294
40 119
258 258
260 294
49 42
151 206
261 277
42 2
267 210
113 285
224 53
29 298
224 132
213 281
64 167
205 180
119 212
238 254
265 198
136 108
295 278
201 4
255 104
21 6
188 63
33 125
118 258
45 159
135 103
75 183
226 78
22 195
3 26
274 211
251 69
136 65
221 63
158 53
166 126
55 62
218 288
221 141
69 34
171 205
32 243
100 241
61 6
168 216
21 133
29 178
147 76
99 207
272 244
26 86
142 151
242 12
67 121
68 234
283 41
135 14
65 18
140 267
88 191
75 102
249 197
81 142
273 235
222 98
157 235
274 213
245 23
272 123
208 85
171 68
218 57
208 269
71 67
7 282
192 115
106 229
105 247
154 249
241 194
58 76
232 55
135 101
37 220
8 71
16 3
230 86
186 30
84 173
115 104
281 157
46 51
151 239
101 17
233 123
201 129
58 178
65 176
79 127
265 233
86 196
90 121
34 167
124 265
22 217
159 26
61 53
132 65
60 62
46 105
267 227
60 122
55 273
257 267
270 112
39 115
227 163
112 244
158 173
189 117
13 86
174 286
149 149
248 225
148 106
96 147
89 65
56 207
66 40
195 145
171 31
140 143
194 8
135 268
123 122
172 233
253 193
249 124
271 249
72 35
269 118
158 57
220 157
107 79
48 5
263 126
83 271
154 105
4 290
154 232
144 158
86 82
50 54
225 271
251 139
163 124
77 281
176 244
281 49
283 114
100 24
299 26
157 145
295 207
87 278
82 157
108 262
65 52
19 227
276 296
261 149
25 289
155 71
65 40
278 254
242 293
130 7
97 105
58 5
139 263
41 211
13 254
102 177
196 119
249 183
125 215
186 206
239 114
139 241
254 281
160 78
26 283
2 267
276 74
110 251
55 246
114 258
242 188
83 118
76 209
184 289
84 167
2 298
268 207
110 37
231 75
66 33
87 246
76 229
87 13
217 296
103 70
102 280
174 113
61 261
191 253
3 204
272 18
222 207
13 26
115 204
95 259
213 94
258 180
275 210
210 146
206 248
139 233
152 265
291 82
53 228
73 252
231 18
148 215
268 222
173 130
175 150
61 244
72 61
66 236
132 265
166 152
51 145
213 56
250 152
201 237
160 164
148 6
128 119
138 66
86 64
255 243
233 27
52 90
18 242
164 219
89 233
181 109
18 7
293 135
62 295
242 134
68 64
196 53
3 100
230 112
282 119
48 289
33 162
1 213
123 58
267 58
5 264
2 13
248 106
65 288
21 231
36 220
182 253
284 270
9 40
44 71
41 131
155 243
173 43
233 283
192 270
17 284
212 284
270 249
184 98
46 218
199 39
272 209
55 153
261 82
230 253
49 265
225 276
50 129
250 271
218 53
254 294
138 35
171 151
275 294
254 262
287 222
162 88
40 82
79 290
39 105
107 297
137 78
127 65
196 88
268 142
26 19
145 92
233 295
29 133
160 80
61 44
77 152
81 234
159 231
167 257
86 122
66 269
25 101
223 266
125 93
180 112
97 73
75 175
249 262
35 241
83 103
253 275
294 131
239 8
109 14
283 18
251 282
156 70
78 154
234 274
284 222
57 109
264 90
95 250
165 81
195 95
103 239
295 264
279 96
185 138
193 193
189 207
36 209
219 242
79 202
140 254
102 217
215 290
97 268
221 19
173 160
228 37
233 244
48 239
3 11
76 297
136 91
281 59
24 273
32 106
139 157
228 40
79 120
243 152
288 9
45 23
222 290
54 238
110 71
162 106
26 59
213 118
137 281
267 204
266 266
247 74
243 145
67 198
25 91
158 145
63 159
263 246
21 153
110 241
101 78
230 201
124 205
216 189
121 103
146 191
17 49
86 266
194 173
6 25
105 54
40 70
47 20
81 249
299 128
25 278
36 230
37 155
172 193
97 248
77 116
231 193
251 66
280 51
71 104
22 237
109 9
10 88
259 70
12 12
80 78
138 206
83 66
271 102
219 254
293 297
256 22
240 200
246 79
31 36
186 97
120 122
18 250
179 270
97 287
141 0
233 31
138 25
134 232
97 162
182 156
194 121
172 234
261 34
260 279
201 284
274 40
251 178
252 294
284 230
92 299
270 283
199 213
212 121
256 269
2 39
45 88
260 120
258 63
253 194
245 101
213 205
289 206
253 83
243 283
140 73
208 228
293 233
230 21
40 49
222 23
198 12
116 253
253 235
183 269
164 233
59 182
73 83
205 133
159 116
233 137
32 232
61 224
155 266
58 265
281 289
294 64
146 201
56 101
155 186
103 28
100 150
172 69
138 110
137 86
124 98
262 230
238 299
218 281
283 216
52 249
122 45
148 294
251 112
93 17
35 233
185 33
107 205
201 179
137 152
83 277
65 90
253 58
175 79
194 227
108 3
134 79
260 234
248 234
162 245
78 197
7 198
149 56
255 105
16 184
16 165
192 114
129 220
129 61
222 179
242 218
255 131
172 112
230 66
34 49
91 89
243 272
47 151
190 81
248 36
135 61
187 138
171 287
140 145
256 157
219 298
272 180
128 258
246 109
114 202
123 240
299 189
101 206
97 172
127 208
282 176
202 272
64 17
27 125
44 108
163 291
158 55
145 299
211 194
227 265
229 124
45 153
153 195
185 186
196 250
292 265
268 31
96 176
103 36
83 174
110 278
53 27
54 61
68 215
192 39
122 163
176 23
283 289
78 211
290 132
140 240
253 231
234 12
135 197
44 162
190 134
224 152
210 168
3 139
185 153
153 163
258 254
82 64
0 54
172 189
123 128
145 69
92 161
164 36
100 100
80 84
27 273
222 125
180 79
112 75
180 174
49 149
68 125
168 188
100 267
120 138
214 252
265 158
10 256
193 39
212 229
248 159
201 221
64 18
146 129
234 267
36 291
3 51
201 101
10 19
120 2
275 188
54 117
212 28
283 273
192 124
87 257
81 241
156 31
261 183
244 229
255 299
296 155
120 102
13 54
87 18
116 114
257 130
140 26
88 88
281 175
27 17
225 154
255 268
28 103
78 26
231 222
120 87
191 265
105 198
155 154
110 235
163 296
178 256
281 107
151 101
295 7
55 78
285 253
239 228
258 195
130 189
245 193
216 96
143 22
49 57
251 281
284 191
268 247
162 94
162 205
48 46
87 195
236 82
152 179
178 298
42 284
233 147
141 212
46 82
24 220
136 288
165 271
285 120
140 10
162 15
270 234
67 176
258 251
79 11
39 65
129 93
80 3
7 209
267 138
81 187
159 254
257 22
62 122
53 143
89 18
140 106
166 42
141 279
40 230
264 215
218 17
149 225
233 117
13 136
6 128
148 98
76 207
110 94
203 262
177 84
243 224
272 91
207 270
92 9
65 101
196 48
199 50
23 4
279 106
217 145
83 157
206 10
93 36
71 119
216 268
199 171
115 15
38 184
148 298
260 99
7 230
212 175
139 205
149 130
46 280
201 71
190 19
263 167
211 118
296 66
83 66
9 290
236 228
123 222
103 241
53 15
225 129
145 100
132 212
77 159
43 40
191 168
17 7
165 104
101 120
33 159
94 157
79 93
68 110
13 11
246 42
22 80
295 38
289 169
269 23
121 141
20 185
99 191
298 143
145 13
4 141
220 175
182 160
10 113
267 7
132 76
40 176
294 206
50 116
40 243
55 79
53 58
206 131
221 100
228 134
116 270
168 227
193 53
132 3
227 34
157 295
54 120
251 180
219 214
195 75
64 106
150 298
227 248
295 7
227 53
15 62
6 236
7 234
290 120
28 181
117 216
145 169
142 65
233 75
24 128
158 94
252 142
262 45
278 95
147 193
258 149
154 96
145 130
160 94
196 115
194 295
279 60
64 289
283 176
298 228
155 30
234 48
99 44
130 292
182 58
85 131
198 230
199 283
22 259
282 2
162 99
22 108
80 255
98 206
221 46
62 173
287 234
86 174
285 105
270 188
198 28
221 34
192 71
262 2
22 32
147 255
70 26
39 130
277 207
206 238
259 260
255 171
50 19
34 106
188 217
156 211
41 122
140 119
102 5
234 170
73 58
155 263
136 187
194 200
136 261
135 170
118 123
85 284
126 177
251 53
82 46
242 247
248 207
120 35
173 187
113 200
139 208
177 86
113 139
47 276
78 280
250 0
248 14
204 285
91 5
138 37
128 280
296 61
12 8
193 40
203 12
29 74
138 239
169 114
43 290
19 38
295 132
220 49
150 203
64 166
220 162
204 217
164 242
246 228
189 210
50 18
238 98
59 291
235 284
27 259
143 180
221 26
160 275
3 272
123 54
271 144
132 269
171 134
98 46
273 253
270 171
90 297
132 230
24 55
276 193
61 227
106 226
128 201
260 36
50 153
35 94
266 287
72 14
277 18
48 48
129 70
73 122
152 19
102 157
289 148
55 115
85 127
16 23
298 52
57 246
106 153
250 165
206 287
203 147
92 54
197 182
237 36
293 58
204 243
182 266
1 22
273 40
102 146
242 83
35 222
248 147
177 24
241 167
209 137
19 184
210 274
90 124
275 181
152 299
193 80
71 43
199 120
86 57
77 207
205 203
110 123
112 61
72 235
115 108
297 172
40 22
188 242
144 203
14 212
123 134
188 133
42 110
60 236
69 255
56 138
285 262
91 123
20 36
157 112
90 198
65 280
60 214
98 238
140 215
121 200
152 140
207 41
266 190
9 127
72 114
121 9
215 207
31 85
253 53
243 4
296 46
90 37
4 48
92 205
90 47
287 63
120 130
155 135
252 242
146 218
1 39
226 159
178 1
1 242
161 121
149 159
60 41
152 187
216 288
52 59
222 229
31 257
77 212
7 262
278 93
153 181
268 224
75 38
115 124
57 38
190 196
143 92
276 181
14 165
263 232
162 23
76 222
65 247
292 242
96 239
178 226
224 42
4 261
43 208
58 166
81 171
142 14
257 109
97 223
54 173
156 283
233 61
298 80
82 89
175 240
130 30
11 4
67 262
232 135
238 213
189 153
223 12
104 188
147 260
66 34
181 218
55 154
291 120
28 141
138 239
142 19
299 163
225 128
132 167
282 6
54 150
45 54
232 13
219 115
153 130
225 242
166 214
176 31
29 165
191 169
235 226
129 72
93 122
213 163
233 63
80 104
12 231
72 215
262 62
58 124
14 107
115 117
163 192
119 0
241 215
3 110
165 192
118 196
26 242
283 204
297 99
31 110
136 197
69 297
53 5
85 279
278 259
169 212
53 66
10 4
295 119
283 64
134 256
189 12
194 48
78 247
244 222
97 45
65 74
123 220
194 113
187 90
0 215
52 229
45 139
10 262
188 186
260 213
256 63
4 125
174 167
265 161
98 106
181 271
9 232
35 120
220 286
250 69
157 29
281 164
103 207
157 233
154 123
297 64
290 205
160 116
295 190
183 123
172 49
158 115
69 289
252 221
229 37
40 198
215 147
7 281
102 40
138 295
73 183
90 168
171 276
140 210
49 224
210 165
162 210
179 128
153 221
27 156
216 154
68 247
2 89
169 108
294 126
234 0
247 6
238 119
164 96
184 286
285 203
3 196
131 299
267 120
106 179
153 294
203 181
29 65
15 209
210 43
39 92
207 17
55 226
137 222
168 79
46 49
121 283
188 175
38 205
165 209
105 0
84 218
82 229
170 195
184 74
210 152
255 268
243 213
150 5
146 262
32 157
138 94
133 232
65 220
257 260
237 1
0 12
65 65
35 266
294 232
50 54
29 57
4 144
127 173
239 160
221 196
99 74
2 105
261 100
234 291
279 220
296 200
245 201
185 254
13 6
8 244
3 262
214 123
284 98
21 126
91 279
15 91
235 88
218 276
231 164
77 294
195 100
214 40
256 4
134 43
273 175
101 232
283 280
282 222
137 103
40 201
177 252
88 217
1 247
155 281
257 210
199 238
129 115
69 128
218 152
212 98
228 190
130 95
255 289
206 191
184 98
23 135
41 131
206 134
155 243
216 156
192 228
115 30
255 62
105 223
201 123
135 158
138 12
104 41
178 153
180 177
241 82
124 294
260 137
124 271
265 48
272 158
210 271
178 47
49 152
147 133
100 244
183 239
215 226
21 289
59 149
173 44
27 205
53 284
33 3
78 67
193 7
254 63
120 193
261 191
95 92
58 18
130 116
224 118
189 165
283 245
113 262
208 21
62 144
163 51
68 126
212 46
53 105
133 23
218 127
257 130
232 257
104 15
112 162
202 112
63 212
73 156
263 141
170 23
266 102
269 259
273 262
119 141
137 298
39 157
63 88
107 238
270 282
215 253
176 23
93 92
217 264
203 7
29 259
89 9
92 273
238 209
94 204
244 51
115 182
105 257
256 8
193 170
281 267
68 275
269 71
210 175
19 8
198 12
66 114
234 189
13 151
113 176
226 63
141 155
210 160
139 296
71 179
1 162
69 278
131 164
191 242
126 163
263 194
80 107
107 11
178 286
86 161
99 235
125 260
37 285
234 51
242 283
148 82
204 205
209 102
275 34
277 277
199 196
243 25
74 153
6 196
119 206
113 194
157 228
53 4
281 272
240 64
44 155
208 45
28 174
49 217
23 262
140 31
264 188
110 124
204 104
27 92
123 263
200 298
46 144
86 114
12 74
170 285
237 275
89 219
215 169
162 154
64 78
60 204
205 14
210 81
60 213
170 239
35 211
181 290
263 11
262 187
151 92
143 167
109 55
11 201
272 267
275 163
119 71
90 125
68 121
22 25
217 126
89 18
61 153
206 131
96 288
268 265
251 137
143 202
167 61
25 187
179 200
278 29
167 195
201 1
107 185
284 101
0 179
80 289
201 3
4 26
136 245
268 107
112 75
119 24
76 6
89 89
276 245
272 290
128 191
142 67
200 56
39 105
97 194
183 296
148 37
129 86
293 97
163 209
82 207
2 111
24 296
128 44
96 265
223 244
131 289
262 182
289 112
15 46
17 187
208 158
103 156
22 260
276 285
168 13
32 270
120 169
257 160
29 255
33 77
32 78
125 142
248 98
122 69
21 100
11 3
73 22
208 250
120 140
197 206
171 228
19 203
263 259
117 257
20 143
297 202
254 54
167 283
213 75
91 26
215 240
163 188
136 235
283 46
221 40
59 33
100 239
132 249
101 47
272 200
34 35
76 108
250 145
160 263
297 178
292 29
74 171
29 179
80 285
288 167
244 259
275 252
201 199
270 157
141 41
284 253
82 29
158 189
152 293
65 25
63 117
122 244
189 142
27 47
123 32
24 279
80 285
141 206
180 73
140 257
296 26
101 114
54 92
75 158
190 204
73 64
284 233
258 274
36 183
180 165
85 246
126 269
292 166
214 108
184 45
97 102
140 240
34 85
11 104
152 298
130 178
137 214
95 151
88 262
294 272
198 102
189 43
264 245
273 25
253 171
158 152
194 1
190 178
188 223
67 24
222 41
211 144
267 62
176 184
22 94
68 214
53 10
128 118
123 154
126 231
172 149
166 246
178 68
126 92
129 121
266 126
161 289
189 37
266 290
32 36
267 272
64 78
12 104
162 32
113 130
185 215
144 259
242 40
221 173
295 199
168 286
58 136
167 48
121 53
33 279
67 127
30 287
205 249
205 283
112 31
270 253
244 44
118 238
237 136
156 160
212 25
229 296
255 289
284 266
204 230
35 103
112 100
161 213
135 40
179 213
288 205
6 5
238 299
203 121
177 282
13 206
208 213
57 287
278 26
46 52
148 116
94 208
247 248
151 123
86 233
195 225
293 269
37 234
266 103
183 128
105 0
238 12
189 37
211 293
284 227
284 54
246 65
97 209
207 124
195 259
126 105
13 51
108 257
59 148
84 39
236 58
89 214
46 228
184 213
27 243
187 2
112 239
3 52
177 116
182 213
99 187
124 126
139 170
194 73
87 49
118 101
257 78
291 59
259 42
112 254
192 250
26 92
187 78
141 11
14 49
118 113
112 267
123 235
147 100
183 24
249 8
264 248
28 150
193 121
53 284
292 190
140 198
251 214
92 138
21 220
194 292
233 249
41 154
227 260
142 4
237 64
290 240
85 228
221 177
268 32
188 192
90 82
262 78
112 7
128 30
88 3
117 223
209 62
18 53
289 86
200 253
271 200
60 22
228 98
108 220
278 43
239 202
290 263
70 154
68 252
284 76
57 38
23 64
232 194
171 97
79 9
50 216
179 72
274 181
144 236
6 88
281 296
33 263
4 90
232 227
58 138
242 12
186 129
136 80
261 87
75 115
71 12
186 195
63 153
157 280
173 171
214 285
10 51
220 242
246 35
90 153
280 69
16 263
223 97
38 170
297 102
124 242
43 294
196 167
243 79
24 252
10 159
271 282
262 160
124 113
178 14
193 278
282 274
233 283
273 89
102 99
265 68
299 296
124 238
254 70
240 240
90 242
230 260
264 26
292 34
249 288
152 239
217 103
281 43
276 113
293 118
279 204
17 238
112 283
280 186
21 34
299 153
115 7
286 292
192 26
290 285
106 160
77 243
241 227
205 147
205 15
220 144
230 93
44 165
208 214
229 84
176 268
67 119
15 296
150 117
40 73
50 74
185 126
73 140
144 252
140 138
91 185
180 181
269 87
216 204
251 224
188 103
248 28
175 38
177 111
27 96
62 30
109 171
80 127
222 253
147 100
43 239
136 46
39 78
15 209
232 233
166 49
113 277
99 153
186 239
296 227
66 237
11 10
295 2
44 4
236 191
46 158
164 168
169 35
145 9
108 269
116 278
27 18
200 298
85 70
6 117
46 207
184 166
271 82
13 234
120 100
241 274
217 292
98 258
98 83
138 268
80 61
149 78
274 16
13 285
251 43
21 174
127 94
236 6
65 265
37 154
53 161
254 215
1 109
63 273
240 114
161 30
38 85
4 61
93 77
232 262
80 157
65 58
88 37
29 217
153 275
268 273
53 47
129 26
103 15
99 19
120 85
144 43
244 37
240 165
156 51
176 155
273 114
292 227
75 205
233 158
129 151
122 206
196 93
157 106
271 280
185 224
251 79
83 97
159 92
173 66
58 13
121 259
122 281
192 42
284 121
30 22
199 160
53 118
298 123
237 166
268 153
11 246
52 125
97 233
29 186
244 60
221 80
37 173
282 63
135 50
69 56
299 82
45 75
214 237
255 181
107 157
84 299
88 67
175 23
39 159
128 148
111 234
198 24
170 153
189 149
94 152
184 128
106 226
156 158
277 28
290 281
203 198
208 185
245 261
59 273
248 89
131 116
281 17
299 70
186 87
165 204
99 122
244 241
141 36
226 244
34 299
4 294
120 108
92 53
143 122
172 116
168 224
269 235
133 131
265 252
97 164
238 39
145 211
117 264
221 59
95 27
4 41
176 125
218 0
58 112
269 91
272 53
144 248
73 127
128 259
176 224
161 29
222 156
34 174
134 258
189 64
157 184
265 56
225 32
144 74
280 202
133 100
275 202
174 215
161 293
86 1
139 284
25 245
89 245
147 190
15 181
168 150
246 295
214 52
76 114
272 16
173 283
18 219
175 241
236 228
225 18
26 180
100 214
217 264
154 284
91 282
171 56
157 274
217 77
36 81
154 234
199 109
246 298
226 47
82 272
38 62
44 118
234 145
45 258
250 34
141 32
14 191
113 227
63 193
40 267
175 106
12 61
105 234
31 161
145 95
70 10
155 256
24 17
17 6
55 201
251 87
165 69
205 165
289 292
214 225
129 235
206 185
117 62
90 272
118 111
269 62
9 16
196 195
244 286
252 26
117 133
98 25
188 242
72 216
21 44
52 243
73 139
103 36
255 168
82 36
257 294
234 115
244 128
217 212
118 59
273 26
56 243
133 32
60 253
274 46
34 58
58 220
95 118
183 188
273 57
288 273
273 42
226 206
194 16
19 293
206 249
79 68
45 87
97 25
153 204
91 119
293 270
139 133
78 295
260 222
256 8
107 129
61 250
162 133
106 294
230 182
189 81
41 217
6 263
64 9
94 259
100 195
64 35
232 210
41 130
6 204
183 99
87 252
262 72
109 46
59 51
80 168
270 257
49 234
242 37
72 286
240 94
47 186
254 223
172 48
222 67
136 266
35 243
274 292
103 139
155 139
108 95
129 145
121 50
60 211
169 287
56 22
112 113
20 104
227 18
183 130
224 97
223 4
154 241
112 236
184 77
144 284
239 230
173 215
0 168
2 10
170 201
141 203
124 75
59 286
80 39
139 152
157 28
138 155
123 1
141 13
249 248
97 111
72 82
24 297
202 168
57 89
99 219
20 208
120 115
221 238
27 35
147 32
161 17
117 37
130 258
95 268
45 169
12 191
90 187
28 27
10 266
84 248
157 49
142 223
221 100
154 259
221 190
118 136
283 115
166 268
104 82
69 125
254 186
107 21
197 15
190 42
244 8
214 285
170 115
78 138
296 116
113 176
85 151
254 298
198 294
185 21
288 250
172 145
88 238
246 135
124 135
299 137
158 20
134 182
256 231
291 279
18 73
263 114
160 43
202 20
289 36
141 111
270 17
291 292
291 155
132 55
279 162
278 297
12 163
259 172
148 23
202 75
106 46
179 272
78 281
102 3
21 51
249 89
176 287
101 129
0 212
126 297
145 49
118 176
50 144
218 78
144 185
130 72
74 199
289 98
72 231
92 27
97 88
38 227
157 92
85 18
253 254
40 233
294 106
213 101
62 221
91 26
145 233
149 85
232 125
210 115
267 284
70 201
64 32
15 131
157 99
251 121
258 227
265 284
256 97
180 15
224 0
243 133
132 204
166 216
109 25
259 195
123 31
133 85
164 285
44 182
125 243
145 32
179 210
294 144
152 119
17 280
201 82
98 295
146 179
72 83
96 209
157 0
18 199
105 278
58 152
41 170
224 178
1 182
43 253
177 89
100 125
75 185
274 297
174 75
286 194
9 155
189 93
9 25
273 157
185 265
66 52
98 73
58 266
34 151
19 76
251 268
74 241
130 22
251 193
278 166
46 93
231 32
264 28
158 91
157 238
164 52
160 154
239 99
223 42
286 39
272 187
166 88
250 80
239 125
152 84
79 176
8 219
273 52
212 53
242 201
38 107
129 214
218 265
106 84
67 64
252 185
151 227
259 2
47 186
248 277
22 33
242 180
3 11
161 152
48 217
131 67
268 234
97 239
69 280
209 28
139 97
22 220
259 139
25 63
89 211
187 224
170 241
138 119
209 66
22 162
180 27
251 119
233 176
32 96
61 1
294 123
203 291
120 107
270 214
103 143
125 230
203 159
122 285
142 206
218 23
251 165
106 288
93 39
77 79
78 189
89 42
95 158
105 102
14 16
250 146
3 170
76 240
231 78
19 212
75 46
205 129
200 225
84 166
208 193
102 87
120 155
112 254
291 172
85 66
47 99
175 15
46 113
86 85
5 285
31 19
21 269
189 118
93 236
21 143
67 5
244 39
242 75
192 223
118 294
279 203
38 176
241 196
62 220
5 235
28 38
170 35
152 232
195 18
71 286
207 71
70 75
49 162
104 190
179 23
204 184
262 167
235 293
184 108
169 254
149 53
286 173
294 53
160 3
98 53
193 247
174 107
156 266
225 261
200 195
116 185
184 47
132 65
211 246
247 290
244 155
299 75
242 54
90 142
185 65
212 76
188 32
151 234
225 101
68 223
197 253
265 270
260 286
197 143
104 35
48 30
158 6
39 185
84 102
237 49
203 271
68 93
220 262
143 257
46 94
287 38
297 199
14 27
262 56
217 27
216 66
206 150
23 135
61 233
6 14
212 14
237 248
294 243
56 204
164 294
85 97
282 137
125 284
208 110
247 289
15 61
222 1
133 293
131 188
183 192
268 16
93 198
22 181
51 50
25 111
142 193
243 162
149 67
151 200
231 40
251 107
233 219
158 70
71 284
220 209
216 105
265 276
2 38
87 34
74 43
234 100
30 228
19 170
276 151
54 112
288 6
167 78
234 75
114 12
86 18
241 274
51 102
289 216
201 135
104 139
32 276
156 33
260 196
188 247
195 98
29 297
1 199
196 94
173 51
182 86
102 30
96 229
113 186
238 160
60 87
41 25
131 257
133 210
210 162
47 90
278 146
125 119
157 41
185 162
52 139
194 96
188 11
298 184
165 13
155 158
275 218
275 228
260 259
144 172
239 88
280 70
118 250
280 32
117 107
149 205
281 31
48 287
265 200
296 265
153 71
257 176
94 150
21 14
185 288
4 15
163 256
170 265
38 248
191 169
107 99
95 241
35 254
157 130
29 140
200 243
262 193
45 234
298 206
176 91
190 227
189 247
196 189
11 96
278 62
187 191
162 271
177 200
179 157
26 30
166 239
65 120
2 260
151 145
289 35
297 132
23 133
128 172
141 110
287 25
172 288
217 27
141 155
28 48
127 214
252 73
247 266
37 174
12 112
217 294
273 296
251 107
239 219
231 276
94 220
112 19
89 66
168 33
65 160
190 149
111 90
244 175
265 172
188 298
279 143
11 146
30 183
34 42
253 297
171 242
26 235
198 1
289 195
103 233
298 26
223 96
182 260
120 283
252 45
181 22
4 296
78 237
83 249
26 17
80 115
288 185
191 180
19 37
90 59
126 12
149 173
205 155
256 59
172 35
252 126
237 111
294 23
108 92
71 232
167 51
181 221
32 7
115 141
34 32
213 272
202 44
230 186
141 95
197 136
144 147
19 88
114 2
103 158
122 242
278 148
177 217
170 72
99 173
186 14
184 256
126 30
204 46
242 259
217 299
33 187
221 74
252 128
13 126
22 97
275 220
62 234
249 280
111 51
178 127
216 6
247 267
101 45
156 153
236 165
167 176
260 157
285 13
210 120
164 187
145 251
138 242
297 238
64 236
194 37
280 120
116 189
295 19
50 266
230 264
19 15
88 222
248 74
94 84
170 123
289 275
213 255
153 219
93 145
271 150
296 150
22 27
127 90
177 220
266 145
211 14
123 216
275 173
80 13
221 179
227 264
76 233
87 199
84 133
274 182
61 213
141 72
125 70
42 274
189 24
271 292
6 95
146 91
31 114
117 195
289 123
289 168
141 71
40 35
217 246
239 267
190 56
189 267
67 151
199 26
20 98
171 14
247 251
94 299
93 256
21 259
15 138
195 262
51 196
88 287
147 69
197 109
117 7
61 80
293 79
201 242
260 44
284 48
72 69
199 298
139 6
258 166
282 97
203 190
249 79
296 64
81 222
253 197
182 150
130 205
120 211
256 118
71 133
197 167
198 179
64 227
18 120
280 83
224 42
208 133
3 39
121 7
116 101
208 219
70 172
284 137
83 234
199 255
207 194
169 204
265 78
141 291
248 7
109 79
35 6
161 89
141 232
49 22
75 270
74 155
118 40
40 229
36 90
140 148
285 83
33 162
214 45
63 282
179 79
97 231
143 49
45 114
189 104
265 113
46 162
42 117
28 18
148 184
119 124
197 76
126 49
131 131
25 112
55 267
37 22
152 134
232 199
256 9
40 5
286 114
104 62
66 225
146 147
135 27
32 213
67 138
130 198
271 240
220 95
36 91
171 41
294 101
161 273
45 233
151 174
215 102
175 94
123 44
143 34
23 142
4 125
171 130
171 158
239 170
117 250
155 52
56 162
254 152
5 272
187 195
182 104
83 228
102 279
133 140
210 147
127 115
140 36
228 115
264 76
261 78
234 192
245 206
194 261
211 83
154 43
254 282
237 155
174 55
157 196
183 94
140 199
256 115
123 2
287 31
26 137
159 131
162 73
185 144
231 26
89 125
223 37
84 35
119 146
106 104
158 200
279 18
259 111
81 119
263 66
217 87
202 82
82 143
187 36
168 206
186 283
233 208
103 166
192 67
115 295
195 195
204 34
134 239
233 152
74 107
282 77
244 282
271 49
257 160
143 48
14 43
49 19
196 209
248 135
95 11
52 77
217 80
275 194
33 100
136 182
85 55
34 74
17 53
271 23
180 80
53 253
74 244
139 19
99 128
239 4
169 125
160 217
137 64
194 101
96 17
136 57
231 201
9 161
175 133
184 205
175 151
58 106
144 254
292 265
38 41
133 235
294 33
279 203
158 21
234 178
245 0
110 80
73 35
115 195
286 218
79 142
208 130
234 274
200 296
159 257
19 29
298 277
104 78
75 18
159 216
197 6
96 11
261 68
128 164
230 265
121 14
217 166
46 239
208 71
203 8
292 16
58 121
294 99
195 264
165 297
32 14
80 178
180 89
226 92
44 140
199 194
70 115
260 173
250 52
244 92
264 121
128 250
133 113
251 294
254 24
103 154
38 95
280 14
38 262
252 112
6 120
259 129
137 53
87 64
90 8
237 75
256 242
23 29
294 117
183 286
286 26
67 45
77 245
279 292
25 85
50 168
49 249
184 295
102 186
88 43
152 68
203 76
113 265
38 10
255 255
51 165
116 221
118 133
86 179
131 130
254 231
237 81
63 89
37 194
44 119
235 246
13 141
201 193
266 209
241 76
81 12
177 169
285 85
99 10
36 214
10 1
126 119
266 277
232 71
165 217
274 295
230 89
243 5
195 56
160 108
25 188
43 206
263 188
51 126
84 151
284 275
123 286
296 132
230 26
75 130
22 56
294 122
156 238
252 245
291 44
218 166
188 289
97 74
8 202
238 94
213 217
16 157
269 218
282 45
263 99
144 66
251 177
19 155
278 233
56 245
212 203
19 11
195 43
97 158
1 234
174 192
73 235
142 18
187 78
43 24
164 189
137 218
109 98
217 178
274 182
254 172
109 264
46 255
233 233
7 163
69 273
264 143
278 95
128 225
233 186
65 266
13 214
31 263
244 127
241 239
296 209
275 78
122 211
210 88
30 94
17 218
254 138
275 164
239 142
106 148
141 227
282 34
225 257
69 43
218 158
48 279
171 66
88 59
293 250
48 0
84 177
50 222
139 201
89 66
123 246
142 160
203 224
151 270
208 80
17 228
50 36
71 182
84 165
8 292
71 68
53 196
121 171
44 298
40 297
168 195
18 90
139 219
94 6
172 289
133 178
8 21
225 169
246 237
53 160
281 118
276 296
73 202
50 75
41 168
146 230
147 276
178 41
9 230
266 19
160 46
37 177
12 283
237 115
25 288
169 182
298 148
63 195
1 4
207 228
230 218
269 175
192 135
258 143
189 171
69 132
144 24
140 43
38 43
15 249
253 96
266 118
56 11
172 70
131 115
172 276
100 245
18 201
290 259
54 185
286 255
216 251
95 285
175 269
61 211
249 178
61 1
265 207
203 31
85 226
284 114
209 188
47 50
243 253
156 64
186 53
181 141
268 114
122 17
170 0
292 272
155 87
12 213
146 136
27 108
99 171
227 180
144 130
179 4
113 247
262 128
103 184
18 232
198 15
82 255
118 206
108 218
84 141
279 210
295 114
173 133
201 145
117 127
274 296
70 160
270 233
296 38
285 283
156 249
283 200
53 35
12 202
205 287
3 5
128 183
121 138
31 146
235 6
204 285
27 280
16 177
278 221
279 114
263 220
52 148
152 273
199 227
8 250
187 211
83 76
231 123
118 57
52 244
226 87
216 63
219 268
135 47
111 281
114 217
148 77
98 245
230 214
71 147
55 156
186 197
46 205
288 64
54 183
169 15
294 201
293 224
280 40
247 164
12 150
103 80
180 270
76 47
122 218
49 40
284 116
36 281
141 287
140 260
289 191
40 44
81 291
131 223
238 61
275 2
119 268
129 200
151 276
266 286
244 236
198 149
64 50
134 149
253 156
76 179
205 287
277 30
161 70
51 9
176 226
248 120
200 128
129 246
46 20
178 183
188 266
30 188
147 290
198 118
139 209
264 230
116 236
196 163
66 260
152 183
294 71
15 164
203 200
160 190
113 255
66 269
166 29
65 79
9 127
108 217
224 80
146 150
182 215
47 3
186 206
232 225
25 64
132 257
193 26
33 234
16 208
117 87
296 208
270 105
51 246
157 144
31 250
270 148
196 155
156 69
96 87
212 260
71 245
227 48
240 255
67 260
86 264
24 181
277 132
208 117
223 18
259 257
94 159
228 46
5 206
289 197
203 19
77 139
144 200
135 94
192 1
110 294
22 24
36 191
222 34
45 143
85 144
71 24
260 248
208 237
299 156
294 145
299 210
72 150
121 113
69 119
30 183
212 71
108 76
137 138
44 185
108 116
149 190
120 33
271 6
20 99
222 202
95 174
125 137
159 138
230 70
186 285
227 232
110 132
217 182
35 160
232 255
148 163
153 124
45 241
30 128
281 32
85 32
3 47
99 21
138 127
157 120
157 196
32 1
203 141
138 28
257 26
191 128
259 60
32 96
276 137
97 51
18 130
197 15
221 28
209 242
233 143
159 107
256 6
40 264
77 111
81 41
216 289
241 182
245 24
56 106
76 58
271 28
248 217
271 220
77 41
110 5
96 83
237 252
156 198
224 20
82 192
97 80
276 276
93 210
13 100
276 40
99 288
215 266
107 75
72 53
37 218
269 48
215 95
152 131
170 51
61 60
213 264
127 222
187 74
19 290
116 46
254 38
97 51
120 55
236 78
2 287
157 149
128 166
240 216
181 218
104 34
68 3
38 297
62 284
194 174
174 166
195 54
107 240
33 10
71 194
199 13
175 114
253 196
107 95
2 23
121 6
21 246
210 157
268 290
157 163
36 136
275 291
12 64
104 215
200 81
56 247
192 261
262 297
190 58
278 66
119 26
117 130
131 269
299 24
29 19
296 32
61 176
103 270
258 120
247 293
77 279
241 213
81 148
256 3
173 227
85 268
143 189
146 61
15 248
223 85
101 161
257 4
237 133
231 37
58 298
288 83
173 134
125 65
199 11
99 141
117 65
102 156
202 287
132 278
80 257
269 2
220 35
161 152
291 55
275 48
47 227
207 108
114 169
262 120
237 45
279 239
4 237
72 120
185 271
23 143
149 166
296 10
150 272
48 189
225 262
204 174
284 82
193 191
206 57
174 4
163 46
42 106
137 8
90 279
194 112
165 41
242 214
195 293
114 7
38 138
201 43
251 87
11 48
8 106
155 163
105 32
226 117
168 213
255 151
179 98
112 274
50 247
295 147
270 96
232 155
195 261
57 123
93 286
294 256
143 109
11 284
214 222
20 274
70 198
265 170
249 147
235 18
274 102
231 46
145 267
240 2
168 86
142 295
29 57
209 15
181 193
218 8
128 22
134 30
108 22
244 270
158 242
102 234
27 8
38 130
295 183
199 151
156 291
182 222
179 50
68 40
226 191
208 251
87 91
238 151
62 169
294 89
69 64
43 212
3 184
32 123
122 276
278 252
95 278
189 112
166 154
41 53
108 264
164 49
225 130
206 17
166 218
254 87
266 61
221 82
130 152
42 297
124 138
118 230
251 70
197 220
18 179
260 8
230 240
208 113
241 107
273 187
114 12
184 259
22 61
21 194
222 258
79 222
298 186
236 225
171 197
21 290
99 37
34 283
90 155
161 149
269 230
138 247
15 124
244 40
295 101
3 127
85 42
28 166
140 270
174 69
181 152
255 219
18 126
78 51
193 289
214 2
97 70
93 115
234 60
19 11
16 144
71 233
70 15
40 30
219 206
153 66
152 1
157 38
291 256
74 1
276 43
250 3
105 242
161 258
68 115
151 64
163 180
278 89
22 286
146 45
146 255
180 100
293 200
166 210
8 212
290 68
116 62
299 255
158 182
189 176
78 12
121 271
177 124
296 222
128 281
81 295
159 15
221 69
213 209
164 107
295 110
281 293
212 72
74 0
259 252
181 96
233 26
115 104
281 44
26 259
139 182
204 131
121 163
278 70
210 246
13 217
152 269
224 119
72 121
192 166
206 44
43 176
238 94
9 23
226 35
215 182
106 96
245 100
257 193
103 131
149 115
277 122
152 170
48 7
234 149
234 12
97 100
177 178
91 99
8 110
257 208
219 81
46 162
225 75
291 246
101 32
19 113
67 6
230 107
213 0
183 121
51 88
273 213
147 178
280 131
64 106
234 204
6 24
35 222
87 206
124 164
99 142
150 58
132 127
286 151
45 228
32 173
67 36
83 246
242 208
17 41
218 213
284 43
279 278
159 231
46 284
152 240
132 194
51 146
272 197
236 248
4 3
274 213
198 32
187 233
104 147
282 222
241 180
122 133
116 85
79 259
279 202
265 221
98 250
55 141
131 203
147 231
87 125
68 59
19 1
151 121
109 193
101 140
242 152
126 52
153 144
50 85
257 60
178 292
204 175
197 161
291 187
275 20
100 96
197 171
261 140
260 197
196 110
187 151
251 272
235 5
243 89
257 225
135 198
258 273
5 232
13 294
72 137
71 153
70 91
265 67
39 50
293 233
282 164
251 168
251 87
261 57
65 209
150 235
144 118
207 248
270 270
118 205
133 222
221 201
37 240
241 159
130 81
251 72
206 204
76 132
187 104
239 213
72 297
90 188
226 157
136 132
116 178
138 295
105 257
244 186
73 10
139 209
50 250
73 192
83 17
190 217
167 45
99 181
255 157
21 98
8 37
91 80
76 134
215 30
122 206
224 180
104 164
78 253
251 241
263 191
14 29
125 222
196 142
157 13
86 17
251 110
170 176
57 189
193 33
240 96
124 116
142 76
71 223
62 172
228 26
188 288
117 244
38 68
121 259
181 199
6 181
149 5
145 279
216 267
132 0
41 84
298 0
85 143
293 23
155 0
112 165
259 159
88 254
265 177
5 289
293 172
70 148
271 189
33 221
68 170
7 193
0 211
53 94
46 103
111 256
224 83
83 248
91 4
144 278
255 183
210 234
297 274
98 299
177 280
208 258
10 137
248 182
299 78
283 128
73 102
44 283
10 136
281 69
143 280
233 44
68 211
168 19
251 209
60 103
244 75
129 82
171 80
189 262
159 288
72 107
125 132
66 272
238 52
26 150
118 191
289 122
252 214
82 103
110 36
127 238
43 179
8 276
80 34
69 250
158 112
43 31
175 278
244 68
64 209
203 108
18 226
228 265
266 182
130 251
47 245
12 130
20 111
43 70
139 35
215 224
156 71
116 175
149 157
146 24
251 93
74 76
241 60
11 234
260 181
43 111
120 122
107 227
69 11
155 232
157 210
49 283
144 55
288 277
129 247
30 1
228 43
133 33
257 280
283 251
112 93
261 30
68 297
149 86
167 161
117 189
274 57
74 299
104 205
181 4
9 242
239 87
247 261
129 206
24 50
154 67
54 83
84 249
234 37
183 296
276 96
29 45
234 280
82 128
104 147
210 175
125 118
84 40
6 113
53 231
234 125
233 67
243 2
247 88
64 88
218 128
257 258
178 209
204 24
189 84
245 125
228 295
292 74
284 223
205 169
245 7
258 27
266 289
279 87
181 145
143 229
289 129
151 186
178 161
199 297
118 66
285 188
66 63
41 143
54 44
93 84
218 107
170 213
24 111
252 119
88 291
86 237
128 121
171 118
156 166
285 47
192 292
287 279
180 26
245 268
172 148
127 267
190 288
49 161
70 214
91 283
161 197
190 44
121 78
276 89
146 184
62 215
264 266
64 85
79 224
292 59
187 242
223 241
205 144
36 17
296 171
115 283
293 11
270 26
177 126
191 204
142 16
14 90
39 175
254 101
67 30
92 183
38 60
64 225
63 257
203 175
229 72
217 12
194 25
73 231
18 283
141 58
112 215
296 116
136 232
258 63
192 182
199 290
211 98
255 141
99 71
162 137
73 131
206 244
248 19
158 40
284 228
287 158
261 276
62 137
5 201
160 298
103 264
208 200
223 63
120 175
87 153
142 286
253 280
275 205
288 30
116 103
56 100
288 203
127 261
64 198
13 287
271 118
5 128
257 234
36 30
130 26
211 193
179 57
90 12
225 234
129 167
129 27
205 115
286 224
103 198
3 248
223 120
178 21
224 55
37 34
7 268
7 180
81 10
297 68
212 188
46 199
233 124
259 270
281 242
45 122
236 63
270 163
240 182
142 168
167 197
10 228
185 250
270 284
242 95
94 24
211 204
20 27
63 287
100 3
218 264
51 133
78 66
236 2
155 128
19 80
246 109
110 112
197 69
174 126
299 123
79 128
123 228
86 110
186 282
44 97
37 200
87 45
81 104
31 268
215 104
16 156
160 101
50 101
152 235
161 211
7 150
241 25
167 218
198 67
218 203
123 159
129 1
145 17
101 231
128 102
44 113
25 280
95 18
270 135
190 31
164 69
173 218
156 97
277 85
210 3
278 245
26 91
281 50
7 95
164 85
228 248
58 299
79 193
16 35
208 277
109 82
209 60
118 268
198 137
114 258
170 160
48 56
276 156
267 10
104 85
177 4
134 159
32 219
86 213
35 118
289 230
13 270
72 115
114 55
126 251
146 214
94 214
228 226
92 135
238 267
115 37
232 208
173 79
196 286
216 216
279 269
165 157
33 49
39 166
93 147
67 293
172 101
28 237
34 198
108 88
185 97
261 177
195 223
51 121
144 63
236 168
163 220
217 200
200 299
148 29
88 292
155 99
40 59
102 229
288 121
46 236
196 0
252 242
47 88
13 216
274 177
69 51
94 246
185 189
217 16
117 91
136 108
81 280
281 28
102 113
284 130
110 33
276 42
41 240
238 299
252 138
251 68
18 230
160 9
194 11
256 276
181 45
2 221
207 213
275 54
26 237
132 35
30 258
9 160
104 297
88 231
104 86
52 228
258 8
24 92
136 67
213 247
118 276
6 196
151 36
259 31
117 113
38 292
233 275
259 127
193 251
263 25
98 106
78 222
0 254
181 80
72 240
60 107
270 296
175 115
67 35
292 287
138 159
289 143
127 27
34 258
272 88
72 168
147 282
232 124
131 42
276 23
220 29
13 251
231 276
12 212
238 129
139 97
141 5
119 157
178 84
174 269
269 210
28 235
289 44
29 136
233 244
296 146
12 46
153 51
128 72
175 203
179 152
130 153
277 209
247 118
39 7
131 105
165 123
40 52
29 130
219 70
150 233
249 95
107 86
114 265
186 284
117 89
163 118
238 84
209 232
107 248
274 205
164 214
150 134
250 147
3 44
127 151
284 3
67 120
215 120
251 208
229 208
56 197
25 262
182 20
293 121
258 212
45 225
278 48
20 115
292 45
143 131
203 80
138 28
257 288
189 182
133 249
184 185
36 28
203 160
269 273
169 52
284 149
201 98
82 202
249 276
118 12
266 292
282 292
132 245
299 270
268 224
146 73
7 190
131 60
78 125
141 258
142 191
94 6
55 179
45 88
289 283
49 72
217 267
192 15
281 138
48 95
265 292
256 73
216 117
83 47
34 125
45 100
145 277
183 225
109 299
129 96
249 155
180 122
100 62
282 5
194 58
183 190
286 41
270 159
293 282
53 94
175 80
155 4
192 140
141 146
194 82
0 89
65 281
217 190
58 126
286 171
190 57
218 110
24 184
206 62
31 100
90 66
79 138
175 233
102 40
140 271
48 242
145 151
275 130
79 119
142 225
232 299
113 65
191 42
40 124
189 80
260 265
257 156
82 123
65 191
52 257
184 36
121 33
28 119
264 266
245 44
194 208
98 195
297 101
280 239
90 115
61 87
96 187
241 73
70 97
204 2
114 155
123 267
155 158
203 52
77 160
80 201
276 70
12 148
31 215
30 288
251 269
294 185
260 203
198 48
168 160
117 43
283 209
105 198
141 176
263 134
19 129
110 136
75 104
132 51
23 28
115 37
180 230
212 218
176 101
180 218
211 107
80 66
98 270
37 265
26 272
196 279
222 190
168 163
253 41
119 178
41 19
185 246
69 78
145 139
100 221
128 217
255 250
249 95
264 135
231 36
168 263
141 188
113 206
67 120
131 129
232 167
280 165
222 106
94 220
295 219
227 237
54 89
174 189
85 227
142 197
221 104
70 293
204 143
88 30
100 281
125 127
27 273
118 96
219 34
250 284
194 231
206 26
276 85
167 68
191 2
287 46
200 237
49 116
67 48
283 108
259 115
175 256
15 205
10 277
69 247
165 124
209 134
209 150
140 106
115 27
51 84
194 143
26 257
19 276
24 151
92 132
222 113
123 153
288 282
91 239
111 95
76 54
258 65
289 69
51 12
190 148
76 125
278 287
251 272
27 63
196 28
282 170
87 293
34 146
254 163
167 177
65 60
65 298
66 118
13 43
205 26
31 244
77 81
262 10
197 150
238 139
45 30
295 246
128 237
38 38
293 294
284 174
57 286
225 54
296 114
169 120
13 96
274 63
172 6
253 21
42 249
139 7
65 218
44 215
179 100
97 15
193 119
164 166
142 256
217 69
259 31
106 206
140 27
167 80
149 73
283 190
185 99
58 50
253 38
57 208
38 82
11 274
52 151
177 293
127 56
200 103
156 116
263 41
33 30
23 151
278 80
26 30
228 255
263 72
1 264
279 276
130 113
157 68
102 239
6 62
67 114
297 81
297 40
51 230
51 217
17 171
109 2
178 96
142 192
85 8
273 76
52 245
56 294
107 227
88 284
99 33
67 10
245 284
289 298
178 214
117 293
277 96
161 108
118 109
150 104
252 135
209 148
183 172
109 199
160 62
227 138
272 200
290 52
93 132
81 128
160 295
176 272
219 186
229 139
14 0
102 267
263 62
225 66
220 111
85 182
191 164
28 118
283 156
278 181
35 132
28 211
149 235
190 85
244 258
92 73
33 7
209 28
180 159
27 34
274 4
103 50
231 187
162 142
160 291
115 89
166 249
141 128
295 199
59 33
191 78
247 39
266 194
286 215
94 67
237 153
118 8
242 139
90 273
205 175
46 184
206 98
166 235
276 191
209 40
193 69
11 43
150 148
90 14
107 143
167 15
131 275
6 215
56 68
144 71
215 163
87 113
123 30
226 5
38 287
187 103
43 29
89 246
51 244
6 255
73 257
254 293
282 27
201 51
186 209
181 37
278 28
265 285
225 141
35 54
142 16
174 273
84 165
214 192
72 227
146 193
251 6
167 57
273 186
54 120
88 237
215 203
59 31
18 224
256 272
172 180
34 89
255 192
90 140
277 70
211 285
217 140
74 205
293 25
228 74
233 186
157 143
179 128
89 250
70 44
143 262
225 139
186 210
299 48
150 242
110 40
254 259
211 254
299 15
204 67
201 201
20 14
61 75
127 83
237 263
144 210
54 179
124 55
239 104
216 194
51 278
148 245
248 21
255 100
81 256
29 263
14 147
238 140
17 264
97 107
251 94
246 117
217 273
199 245
116 33
193 236
86 209
252 149
127 247
152 126
138 201
24 265
15 215
31 246
109 108
296 26
299 80
23 26
122 120
92 83
132 74
187 217
115 209
120 174
114 106
168 11
104 214
228 249
79 208
146 2
6 28
75 150
35 124
80 7
92 72
91 298
156 39
165 271
143 46
57 27
46 91
9 169
161 284
56 262
66 168
78 299
143 180
264 215
219 151
250 262
62 177
205 139
114 24
6 267
142 199
203 171
270 274
12 136
190 97
41 299
71 285
276 102
22 183
277 78
49 138
63 66
266 289
143 101
289 117
88 127
29 199
155 278
270 94
144 164
130 88
239 185
160 127
275 216
298 106
189 213
33 292
218 4
119 188
162 57
165 116
27 236
97 61
24 193
20 213
85 89
234 141
210 125
41 68
250 189
237 288
49 244
129 275
34 261
234 64
254 184
158 102
151 206
213 35
95 266
4 66
65 112
208 256
62 136
41 203
77 84
166 161
39 93
157 91
61 134
176 186
252 107
148 269
255 171
155 97
26 156
262 38
264 73
19 296
96 226
1 71
77 57
98 104
187 274
170 251
175 252
95 90
98 191
13 204
232 3
74 139
181 122
145 167
25 112
66 92
23 74
87 132
240 257
180 40
278 105
151 250
105 179
270 80
10 296
49 281
277 14
271 216
241 82
49 119
263 106
170 240
261 130
207 29
277 125
246 291
94 149
271 103
219 3
190 240
236 183
239 48
287 200
6 7
204 262
13 221
269 82
211 205
5 212
79 67
162 193
21 30
206 52
179 71
60 217
163 56
281 77
103 206
236 206
142 40
27 170
207 20
82 256
105 238
162 282
188 115
122 29
134 211
27 205
96 84
228 150
199 67
251 74
159 90
110 164
63 80
155 236
251 196
167 13
32 54
105 69
50 202
119 203
60 184
74 23
94 66
5 166
277 99
271 266
284 197
260 226
54 103
23 241
13 162
142 145
42 49
282 143
193 251
136 143
133 51
224 111
75 59
175 185
53 146
279 228
227 236
7 86
214 33
285 127
92 277
260 197
203 61
200 195
32 194
256 101
231 122
289 286
183 240
252 98
92 285
82 184
48 64
0 126
207 256
90 32
68 83
187 122
49 298
116 41
82 134
12 247
288 131
107 284
260 30
283 270
10 279
118 289
141 231
88 227
85 34
204 251
243 15
145 128
245 255
82 161
85 19
182 27
239 79
14 88
62 74
93 161
63 137
107 21
106 94
243 151
117 151
3 41
279 265
124 128
138 104
275 293
4 190
250 112
36 164
38 133
85 205
69 204
29 28
265 287
73 30
289 82
187 162
152 253
110 64
176 213
49 95
86 222
64 32
128 44
45 78
158 67
40 118
280 181
178 168
72 198
227 136
232 49
115 180
11 201
215 265
114 125
207 281
89 168
155 284
70 131
79 4
101 184
292 223
272 17
223 25
202 165
216 90
242 265
159 165
2 42
243 271
176 270
183 14
292 164
66 243
234 125
149 55
296 201
160 18
294 161
21 292
220 95
267 202
287 189
159 278
27 3
217 138
30 51
257 14
5 139
73 12
31 231
92 215
267 30
13 290
73 177
194 66
142 184
29 235
122 18
77 221
187 100
59 117
182 233
12 99
62 188
209 70
139 47
160 202
131 269
206 46
234 223
291 70
255 111
223 16
61 45
56 11
107 37
229 25
63 99
173 273
109 223
37 114
256 29
251 260
72 35
296 216
242 86
170 113
97 167
133 129
108 172
128 160
0 209
228 204
109 289
93 243
29 192
249 32
11 197
187 197
192 292
185 14
6 91
15 44
222 42
176 60
139 93
83 223
151 248
40 252
2 206
4 215
222 181
139 227
3 7
241 266
82 108
160 194
131 101
35 91
151 221
107 94
133 56
288 255
88 6
178 230
249 78
285 238
240 141
43 143
172 265
204 233
202 13
56 164
40 6
148 288
39 139
211 138
111 214
32 24
240 232
97 34
127 182
64 183
43 118
286 61
228 238
97 289
177 175
211 153
101 288
242 82
38 26
277 99
62 126
226 227
155 116
185 116
26 59
67 274
248 81
94 178
248 271
232 14
213 26
285 299
37 137
27 72
163 274
47 114
26 293
12 9
29 18
197 55
202 78
108 60
115 151
245 56
85 42
40 284
118 267
92 163
199 82
42 70
57 140
46 91
180 171
82 4
166 68
150 283
32 24
41 131
146 244
158 257
232 107
171 5
245 148
96 61
266 278
2 265
128 24
297 158
190 188
284 248
115 29
286 126
136 178
58 48
282 197
281 87
188 129
104 131
142 271
276 288
210 12
28 22
54 156
52 220
158 117
176 202
32 72
73 250
219 296
195 132
233 289
247 66
128 56
62 134
237 277
110 46
176 24
85 138
85 16
69 134
53 138
9 32
120 224
247 233
91 83
43 67
120 87
287 51
88 184
288 225
122 137
221 186
198 5
89 84
79 56
183 257
1 59
172 47
76 22
11 110
217 63
38 162
77 108
259 21
216 277
33 234
134 161
260 81
79 62
62 131
293 129
238 297
264 264
116 30
212 151
161 148
198 121
77 98
75 59
148 57
194 218
23 167
257 61
153 288
66 81
99 102
164 221
85 153
224 96
32 205
101 180
118 216
26 16
118 266
133 7
146 44
276 122
294 227
54 113
149 8
245 179
7 289
16 190
12 28
266 185
118 53
214 192
200 100
161 151
154 246
268 74
165 163
79 198
108 51
228 249
117 113
96 125
187 272
275 98
221 99
127 244
216 137
163 19
178 268
205 288
195 251
179 128
191 286
1 227
220 83
102 74
78 163
217 145
14 10
205 179
161 54
50 9
151 56
242 117
121 180
43 111
165 73
49 84
89 60
124 254
201 183
219 34
290 177
35 119
293 191
0 124
213 210
47 183
275 125
133 282
202 9
231 181
101 149
124 187
18 158
101 2
209 34
207 279
181 181
290 222
15 221
163 184
151 37
97 292
141 261
144 34
164 283
286 266
134 12
82 202
96 85
101 207
165 149
168 279
101 134
248 242
182 133
195 68
155 292
8 287
192 164
299 139
51 189
215 264
113 290
116 238
288 132
5 89
17 154
228 197
52 43
48 4
63 290
120 196
178 24
214 46
261 272
265 36
166 5
113 67
74 53
190 46
40 200
232 25
261 105
130 281
98 272
154 70
145 142
282 104
240 200
212 213
62 261
122 73
94 93
265 188
121 106
192 284
39 252
31 244
232 151
37 195
295 67
61 154
266 10
85 285
202 218
220 188
171 269
51 246
187 286
194 158
13 224
258 175
277 189
255 32
178 270
199 279
278 265
76 82
43 61
51 103
258 121
215 17
65 30
33 134
25 212
244 206
49 282
293 40
187 146
192 266
288 214
295 27
189 175
120 270
289 254
282 203
25 165
255 2
87 16
15 49
75 64
12 123
166 21
34 224
182 188
28 97
261 44
201 69
88 187
250 283
213 147
178 242
178 244
117 112
22 242
245 136
282 44
282 106
72 194
228 6
250 71
130 134
285 286
29 189
214 63
116 2
15 100
240 65
58 274
196 251
136 229
288 259
245 244
167 98
108 130
92 177
206 162
43 213
135 123
128 72
51 219
290 107
275 140
87 228
295 190
211 141
162 9
165 82
42 154
108 257
93 85
6 152
82 60
268 294
265 51
83 142
67 56
18 54
223 34
122 26
8 261
261 140
283 186
266 228
142 118
254 261
294 93
261 179
140 28
227 253
222 53
154 74
105 178
196 18
67 293
127 149
220 69
19 253
240 172
128 99
252 28
84 5
163 175
174 207
56 86
170 40
246 244
167 248
244 60
291 149
193 158
116 262
264 248
199 70
18 268
136 34
107 230
276 299
262 56
23 50
95 165
196 49
122 214
35 171
88 171
231 105
85 76
90 112
58 250
247 256
242 182
297 22
153 74
256 106
65 209
23 134
150 125
137 23
230 176
245 264
217 8
161 138
159 260
219 6
7 269
129 99
94 183
63 278
246 88
151 37
176 291
191 56
286 124
150 189
222 230
142 291
30 196
70 243
63 32
4 294
165 181
31 47
40 149
254 268
237 1
19 144
250 38
21 149
221 146
222 6
115 143
38 185
263 265
272 132
225 210
252 34
218 114
46 90
235 287
54 68
297 258
109 225
247 297
80 33
274 22
98 190
166 4
234 65
273 98
274 170
131 191
237 222
170 138
270 70
290 67
114 222
155 196
174 13
150 33
119 160
218 117
143 256
247 78
243 296
12 267
82 79
23 154
198 39
47 34
281 92
225 258
137 237
113 51
168 131
44 162
204 178
45 280
100 163
116 14
275 16
153 36
184 188
22 222
62 274
18 17
285 115
196 153
69 282
172 53
179 232
131 28
45 64
275 64
72 100
251 154
75 194
272 180
96 84
97 162
279 151
26 39
223 77
281 69
153 128
291 93
190 257
271 271
121 93
240 225
141 126
93 223
107 88
291 126
192 1
273 210
255 81
74 187
274 156
281 186
192 44
248 198
280 244
68 55
21 298
276 116
83 127
66 228
114 204
263 22
226 53
237 35
56 245
109 282
26 289
125 4
224 288
86 219
189 222
293 128
203 15
173 15
128 173
202 264
189 285
121 186
4 112
175 157
200 37
238 11
167 183
246 237
136 88
122 72
187 298
197 184
202 58
169 147
279 112
38 282
22 134
238 100
248 214
52 147
98 135
169 85
170 286
232 255
49 226
255 253
254 62
33 220
68 196
66 208
47 227
124 212
118 289
296 83
205 133
15 253
23 27
253 83
193 65
125 76
147 130
262 136
123 31
1 245
132 68
75 293
189 269
250 204
82 182
233 156
262 98
116 34
256 12
204 280
31 278
140 218
186 256
191 120
167 78
231 49
44 226
269 232
153 178
104 23
273 152
134 47
180 149
15 59
258 141
50 93
186 293
286 1
244 250
293 162
194 180
61 278
49 40
82 39
294 207
275 220
197 205
276 239
57 253
279 18
233 287
115 42
22 265
137 48
230 106
8 221
131 12
35 275
168 115
57 264
44 36
288 189
177 64
141 85
34 120
146 102
28 58
93 166
160 268
213 196
242 293
289 154
159 94
259 157
5 83
202 154
266 24
228 29
245 291
47 188
91 109
233 106
20 138
80 160
34 286
193 257
264 32
128 104
132 128
298 111
291 227
268 100
61 78
69 232
136 284
293 149
277 2
131 24
253 44
214 200
279 204
220 135
46 250
265 122
51 89
196 8
285 119
168 167
49 29
282 298
252 115
157 0
65 36
102 248
246 137
220 23
149 210
63 228
110 267
200 104
119 22
66 12
199 124
112 167
191 12
179 150
185 194
37 197
194 184
111 135
90 240
194 121
278 277
103 15
255 239
111 289
178 179
48 6
6 222
132 154
63 296
98 192
71 94
45 209
227 145
102 282
89 283
168 13
97 176
299 92
213 207
13 98
287 25
219 24
128 217
277 201
214 235
19 155
160 97
95 106
150 171
31 128
267 282
220 224
108 154
25 136
6 174
4 65
111 203
6 36
220 210
7 46
63 284
237 116
134 240
227 124
111 105
250 236
116 187
141 141
228 287
53 205
214 14
265 9
35 82
140 97
91 42
142 146
143 47
178 199
258 82
43 234
222 33
187 149
255 71
292 186
174 131
69 168
88 108
102 68
79 143
109 15
171 84
216 199
276 30
293 94
164 147
44 16
289 261
182 68
197 293
176 212
276 153
67 104
138 46
164 143
32 68
282 0
40 144
176 55
148 259
161 169
81 38
56 182
19 219
266 217
283 143
218 239
76 287
200 28
44 82
6 87
127 158
161 38
99 193
202 229
271 215
205 293
296 93
17 241
17 63
178 65
80 105
32 167
124 153
270 60
262 223
13 136
18 102
54 26
40 286
232 15
210 154
42 188
13 93
269 68
53 56
250 0
194 180
196 242
38 168
214 251
254 255
20 74
291 24
277 99
152 65
263 255
12 217
228 124
108 100
15 14
294 34
91 191
28 99
129 79
23 82
239 234
30 222
142 10
258 19
77 243
221 214
50 113
251 151
201 245
298 137
187 110
19 97
219 144
54 141
188 118
123 78
183 143
236 147
267 292
64 217
107 151
147 112
244 139
126 262
176 133
298 162
29 226
274 214
125 102
252 159
249 83
221 66
30 297
258 51
286 58
76 149
59 21
41 179
173 151
227 50
267 65
108 175
145 147
135 254
129 86
18 156
230 270
89 100
165 251
254 179
52 204
215 62
43 21
179 23
120 208
158 212
45 184
80 209
188 267
53 223
223 154
108 136
155 158
90 270
180 227
163 74
29 241
222 200
26 195
52 5
215 189
230 1
81 108
289 44
106 228
261 131
120 264
217 21
285 279
168 142
13 42
116 130
16 203
133 152
161 244
262 252
122 8
74 100
286 122
186 13
278 43
160 93
80 183
25 6
236 89
275 154
274 92
101 41
26 82
53 269
206 162
233 186
129 23
5 90
61 292
238 156
225 185
148 169
105 177
279 188
249 240
291 52
46 189
69 80
8 233
55 235
105 238
126 230
53 254
14 7
91 124
270 241
290 45
248 95
204 117
197 163
278 225
120 203
150 181
86 181
240 261
175 222
63 183
249 94
162 209
159 290
204 98
191 256
88 201
89 259
201 133
220 105
100 233
26 9
221 201
147 125
138 139
65 233
10 271
80 166
24 245
223 102
267 281
16 227
250 23
218 80
3 150
254 202
90 8
211 150
272 56
193 19
218 167
268 101
173 113
120 244
216 168
285 288
86 186
202 19
261 36
19 169
0 64
274 183
88 77
133 98
217 27
24 179
144 127
174 234
114 257
240 28
65 173
247 270
71 195
275 268
55 81
179 251
59 289
86 6
182 275
60 24
221 200
201 289
68 255
131 202
36 45
179 203
296 146
150 87
184 254
213 157
288 8
260 213
109 247
279 71
282 195
279 11
298 157
297 65
246 152
53 96
137 215
141 191
264 86
296 292
183 281
164 102
132 130
164 297
12 219
15 126
114 199
80 174
261 279
31 98
132 95
292 115
83 182
207 139
195 246
97 86
203 159
68 89
67 207
26 85
213 134
34 110
59 79
185 244
48 27
267 197
19 16
190 259
0 128
219 123
261 221
256 229
118 213
59 83
176 158
92 12
47 70
128 138
256 123
113 42
198 216
91 161
46 1
231 72
282 21
139 119
126 251
225 154
25 106
76 215
290 293
259 196
242 50
142 177
166 105
56 175
127 7
105 119
74 215
115 162
116 7
108 30
83 22
8 71
132 42
230 79
106 53
103 111
50 248
156 6
288 64
177 115
238 109
60 20
270 0
128 3
19 235
136 193
42 35
260 232
247 48
43 159
243 58
270 205
297 228
137 178
241 263
138 204
212 23
113 228
130 268
99 204
100 202
70 214
127 118
297 271
209 59
79 29
182 12
0 241
63 265
34 245
267 45
99 282
33 112
276 273
68 267
118 195
189 198
247 177
118 140
54 29
234 158
48 252
30 35
260 112
28 92
265 136
33 90
193 255
63 73
155 203
266 140
191 183
166 139
141 223
63 63
122 70
250 92
263 160
46 68
54 52
3 214
2 102
272 236
12 16
81 78
190 42
192 189
276 175
105 78
92 153
237 0
122 23
18 22
261 135
221 57
245 257
298 68
91 17
120 43
293 143
258 67
204 100
19 60
116 246
91 235
290 227
3 133
91 0
127 34
151 11
258 128
59 112
176 38
64 86
43 150
32 283
147 275
65 97
150 14
214 160
298 294
268 129
7 218
216 151
114 234
95 254
212 226
108 294
265 218
267 174
48 177
207 130
138 55
46 202
291 256
298 4
140 256
61 259
236 174
144 284
220 50
242 176
194 207
97 157
133 135
118 119
101 235
274 180
180 235
188 27
257 256
171 184
156 119
19 265
13 85
209 76
258 272
0 82
147 233
212 160
285 9
187 215
160 198
13 211
127 188
5 56
87 157
291 279
199 199
187 33
229 215
94 180
270 219
238 193
37 263
250 132
3 283
60 248
260 105
117 31
87 87
6 45
32 81
226 21
281 171
44 157
52 67
51 133
44 70
236 164
11 279
159 143
251 259
122 262
252 262
249 285
185 237
294 16
8 198
88 23
58 18
191 58
166 42
299 208
190 54
21 215
298 212
289 99
156 251
120 35
128 159
264 290
116 96
175 276
194 159
151 134
220 43
109 36
173 131
62 121
83 240
105 82
92 56
236 295
282 160
94 177
252 269
13 98
112 274
254 274
287 98
190 270
140 102
199 77
133 235
95 251
284 35
173 33
0 83
205 132
180 43
30 188
52 68
165 216
181 223
118 99
40 213
37 101
206 216
33 279
229 257
235 61
47 12
228 218
21 95
106 156
178 266
68 77
246 62
273 159
102 147
45 252
118 296
198 62
48 12
117 18
72 63
118 195
247 103
134 261
172 271
20 190
95 82
240 56
117 273
47 79
131 287
237 106
196 85
296 49
75 255
199 222
12 20
139 21
172 55
62 279
82 252
145 271
61 24
198 10
143 180
296 204
68 131
92 283
3 273
152 132
66 97
176 199
212 159
80 239
291 205
62 59
217 114
291 291
129 232
260 17
119 163
141 152
6 291
106 137
28 264
45 75
225 15
6 54
209 185
265 30
146 210
185 29
215 52
41 97
289 267
103 198
126 26
120 133
125 234
293 32
179 132
252 131
103 257
88 175
287 135
137 9
135 192
299 86
1 34
179 253
225 91
110 273
183 68
69 290
38 88
202 34
17 142
57 58
116 267
55 244
110 40
34 206
149 147
207 201
44 206
296 156
122 189
291 143
24 48
291 112
147 159
257 196
107 108
55 298
108 48
122 145
198 122
29 231
174 174
79 108
148 71
87 23
276 137
104 12
103 133
229 266
17 65
269 166
138 185
97 97
194 75
85 137
181 82
164 233
67 278
238 52
49 96
162 100
78 273
188 218
281 260
296 46
174 134
111 249
10 115
212 110
259 174
77 266
252 108
88 214
194 213
214 259
249 268
292 165
185 180
54 123
128 53
38 13
94 249
150 127
187 189
97 27
86 134
208 233
146 108
121 186
133 105
153 47
195 99
185 226
156 267
231 31
114 131
159 134
270 31
58 38
256 298
255 291
75 247
65 203
166 107
233 278
226 188
125 177
109 110
70 203
277 50
158 167
263 132
286 180
34 16
158 137
88 174
149 190
217 222
45 58
237 75
124 139
222 14
201 32
209 64
281 18
123 37
291 220
25 15
18 276
54 243
23 195
79 266
46 34
257 283
77 136
257 160
54 159
254 268
169 298
70 6
53 33
196 295
132 0
50 270
290 238
87 19
74 296
140 139
216 36
210 167
126 148
235 53
96 114
68 190
55 254
271 177
271 34
269 272
42 159
41 128
234 48
149 297
205 140
100 193
220 73
295 248
210 283
89 253
0 31
122 297
235 45
219 23
122 156
51 82
41 2
61 145
137 47
52 184
9 75
129 249
229 202
135 169
274 209
262 38
32 225
74 260
269 58
235 175
71 194
282 185
141 158
241 167
162 54
72 191
75 282
97 188
115 106
148 7
69 101
182 191
27 208
268 192
196 209
201 193
11 215
173 48
117 7
242 277
205 247
183 67
54 131
26 196
144 239
17 25
101 99
29 177
111 239
241 171
265 193
194 6
38 150
59 23
220 272
179 137
177 18
44 52
100 74
112 72
297 225
135 25
180 142
95 182
267 28
279 53
108 180
142 62
21 185
243 256
62 92
141 0
230 77
114 143
8 267
203 292
106 281
172 119
93 142
261 100
296 111
78 253
61 261
5 32
86 149
203 151
91 106
234 197
177 127
119 145
284 169
197 113
230 177
15 97
21 5
40 116
122 39
31 204
30 241
243 159
246 241
180 30
278 211
156 123
123 45
187 184
235 175
190 113
189 163
105 154
206 115
279 220
292 284
116 167
167 100
115 99
172 178
112 257
153 64
238 25
121 72
298 148
23 162
197 68
70 167
138 204
154 175
122 168
112 232
285 281
270 100
164 63
94 175
4 180
30 115
211 216
14 92
164 202
126 139
283 69
4 127
122 294
95 169
131 161
176 228
282 233
57 163
209 9
106 16
29 240
234 127
164 128
217 168
187 72
272 266
16 172
57 42
264 22
253 167
215 273
60 164
130 190
67 109
55 145
33 206
14 290
130 66
216 196
45 272
61 258
70 58
247 287
32 273
279 40
129 268
230 166
90 42
82 19
66 94
236 32
207 247
2 289
272 253
239 163
293 175
271 110
205 154
87 118
72 284
282 52
249 15
188 140
299 261
150 91
254 129
52 224
163 186
28 244
82 92
244 239
121 25
149 30
187 175
216 133
271 127
187 226
75 199
193 215
163 109
228 241
27 272
79 132
256 165
49 32
254 105
66 7
129 142
158 192
248 297
126 184
128 119
43 131
13 53
119 283
182 223
116 253
247 116
172 203
187 185
56 207
126 239
271 161
179 116
47 40
76 75
74 297
68 50
240 249
209 213
51 22
202 196
286 116
217 225
56 101
66 153
39 51
62 291
142 13
74 58
105 208
265 108
9 19
224 19
226 153
181 264
47 116
60 171
17 223
53 127
44 19
125 77
184 198
248 27
199 251
185 111
32 122
287 197
139 264
48 178
139 171
70 207
188 41
141 19
40 72
7 124
283 165
147 197
33 39
263 248
239 218
56 269
213 102
278 139
121 216
206 20
1 251
275 219
16 238
125 202
299 90
294 200
112 282
135 200
206 83
125 250
123 275
276 15
270 257
86 269
148 59
81 215
257 39
183 173
88 223
193 66
82 127
192 209
262 254
256 213
276 201
232 166
9 152
249 194
271 133
232 27
272 46
99 80
147 5
249 48
203 59
51 116
104 104
276 115
77 123
65 87
277 270
180 298
213 224
276 121
97 105
242 148
275 168
70 245
113 188
78 93
201 11
60 263
58 295
3 26
76 192
200 12
154 153
131 246
226 192
205 103
125 238
30 188
178 123
8 151
207 186
249 104
279 207
146 126
246 280
111 52
280 96
248 81
233 242
263 2
228 66
116 176
6 170
119 80
281 31
27 16
85 192
195 238
188 128
192 280
123 87
43 156
136 43
200 235
283 0
18 284
289 239
239 136
224 198
41 15
108 156
109 58
149 261
55 21
31 81
286 193
107 219
275 97
187 61
184 269
191 3
241 126
96 183
250 159
45 132
12 182
105 18
52 98
224 12
254 222
6 238
239 262
37 72
160 205
50 34
238 45
158 120
187 253
278 236
275 51
48 293
181 88
193 11
290 124
45 76
44 194
21 60
229 190
80 173
71 75
268 125
271 105
286 83
133 262
85 252
46 201
208 237
24 207
212 263
85 95
250 31
231 229
270 104
91 188
239 226
52 21
88 163
102 49
214 295
252 38
112 259
283 266
254 243
195 230
8 151
257 49
57 38
13 69
280 265
271 183
158 223
25 47
118 41
60 63
171 30
202 21
127 10
12 277
92 110
292 109
240 106
135 210
123 129
174 134
30 6
281 100
45 258
119 294
99 123
126 160
238 122
161 50
130 98
41 39
140 254
298 119
58 145
284 155
249 2
129 30
94 255
80 160
124 117
286 116
11 3
37 75
235 110
92 67
157 261
270 197
78 54
209 210
46 45
235 238
263 1
111 155
128 217
82 136
252 10
95 181
283 232
178 38
252 268
29 45
292 64
173 258
255 67
296 64
29 119
266 261
146 281
86 52
25 32
284 177
179 197
228 133
43 109
93 228
151 125
74 11
259 135
43 56
59 28
295 206
279 166
248 250
47 110
137 172
216 97
186 77
87 262
261 236
99 33
246 240
255 243
9 186
261 145
194 216
291 25
226 27
160 150
272 65
203 267
263 26
250 264
67 49
284 181
227 63
47 271
191 84
292 99
228 262
64 67
221 90
57 281
251 253
217 67
131 234
178 125
131 254
35 206
109 181
45 155
190 202
255 125
168 80
7 174
152 202
270 97
259 2
66 97
216 153
181 49
222 46
43 171
114 140
265 180
136 162
35 203
4 195
140 20
59 24
13 33
221 52
3 101
261 161
34 67
59 110
198 33
88 9
152 32
267 109
137 211
55 268
223 39
258 12
112 217
153 42
291 210
56 5
66 240
255 198
232 188
268 114
12 55
106 3
268 137
103 168
3 138
4 213
262 248
62 251
26 240
255 208
68 250
110 67
299 250
54 231
95 143
107 189
236 72
23 153
50 199
235 178
73 280
111 185
229 122
175 126
30 181
78 225
21 87
11 9
264 234
112 139
56 10
188 185
150 147
45 157
267 24
27 290
103 6
32 257
18 27
254 147
265 159
171 173
73 131
262 233
299 230
292 126
91 101
81 55
170 241
106 289
242 88
249 219
94 190
123 105
266 195
171 182
181 285
80 5
5 84
256 132
236 130
216 55
15 19
115 83
66 233
3 56
134 48
188 84
225 299
227 11
16 136
92 31
92 292
111 112
141 16
145 18
196 98
41 235
117 248
234 256
36 116
286 212
206 74
19 142
229 210
240 30
208 155
134 65
76 6
278 67
58 181
222 108
294 269
94 118
8 223
30 180
269 282
118 45
76 202
174 58
253 31
181 197
33 102
252 19
82 97
254 51
178 260
80 153
296 72
31 206
273 91
112 245
135 31
10 113
218 199
150 175
216 143
248 183
117 145
208 134
29 141
287 77
73 35
164 115
262 85
151 248
210 38
29 135
229 225
228 280
239 233
193 19
30 138
59 31
48 84
172 26
263 100
282 117
42 270
299 97
287 43
156 268
136 211
192 193
263 224
265 58
239 35
136 56
55 42
166 222
219 174
152 255
228 226
2 30
279 54
11 135
56 73
169 6
27 135
34 18
45 21
271 29
44 112
28 93
40 262
113 116
293 50
277 61
89 203
98 66
61 249
172 238
127 41
12 148
292 62
66 133
157 179
224 206
280 235
209 47
177 153
104 83
291 164
225 62
255 54
255 234
148 240
236 104
112 49
94 147
259 202
296 279
207 101
69 10
245 111
248 106
297 23
14 118
201 109
238 59
73 225
275 200
147 255
80 5
0 146
33 209
48 100
120 135
123 41
128 290
34 255
44 208
233 162
233 59
219 160
171 51
75 213
36 156
194 86
127 1
258 111
288 42
15 205
293 196
287 168
182 181
167 116
221 53
14 132
88 39
139 120
57 123
52 163
72 29
193 88
67 297
150 82
223 12
104 82
69 19
255 26
294 79
120 127
179 249
26 33
67 17
172 179
104 84
17 42
35 172
251 220
166 27
153 272
220 232
278 9
271 120
63 145
70 293
265 223
164 72
296 17
114 146
85 92
41 176
202 214
105 278
229 240
107 136
72 220
18 185
290 232
201 174
246 53
34 78
218 148
35 288
207 149
79 129
148 22
65 36
27 19
148 209
144 162
235 192
190 92
120 212
98 65
65 110
13 233
134 226
286 251
195 30
264 14
114 202
70 53
68 201
67 282
13 59
58 93
204 232
65 45
1 51
205 268
136 82
70 255
257 279
138 259
241 161
259 49
183 173
72 91
38 158
4 276
277 161
146 82
180 18
32 177
161 190
233 120
42 289
234 171
146 251
133 83
76 237
191 207
91 86
236 52
186 192
232 125
126 186
0 88
78 270
237 151
126 183
16 250
229 58
23 126
21 169
243 127
29 249
259 293
250 29
206 275
27 183
220 40
199 252
201 194
37 263
256 2
121 6
90 268
62 10
95 218
144 183
219 76
241 206
18 253
234 244
233 92
263 81
125 79
103 190
291 55
113 104
131 187
137 49
285 78
46 114
107 254
133 214
133 82
244 11
194 268
135 147
122 118
283 170
145 159
145 299
290 70
255 0
233 262
181 33
114 262
298 296
191 179
56 148
129 276
111 145
112 95
239 257
22 136
181 154
65 296
78 90
103 249
201 21
100 29
187 123
245 154
104 6
97 87
69 262
284 112
52 88
268 265
152 286
292 42
136 26
69 84
220 74
293 80
259 242
12 21
52 249
96 17
77 105
192 265
67 19
239 199
201 84
165 225
47 284
275 269
120 23
153 54
161 87
251 161
250 134
191 54
68 121
62 82
36 50
192 15
104 184
143 77
131 166
228 31
131 7
138 69
95 84
220 283
151 40
245 206
215 54
211 94
53 101
158 262
64 278
241 181
184 174
111 53
102 208
89 287
275 72
190 25
159 119
110 6
147 225
137 264
81 229
25 89
31 230
258 74
105 106
100 46
24 283
185 291
15 239
67 240
42 148
116 281
61 275
87 165
214 222
165 49
173 163
71 253
216 64
231 61
67 89
221 269
60 243
94 77
216 84
212 268
136 267
258 276
76 234
222 242
136 1
99 61
76 33
271 255
175 100
36 133
109 290
76 156
189 119
6 236
107 35
98 87
33 8
55 158
169 262
52 188
131 193
213 35
3 95
186 28
47 129
116 176
205 229
56 296
69 229
251 13
90 3
31 83
78 166
12 46
265 144
117 27
85 180
216 230
288 260
181 297
13 254
299 214
183 91
97 16
36 285
289 178
1 28
235 192
287 0
156 210
281 18
116 130
141 113
161 110
291 121
177 66
130 268
214 159
176 141
249 194
294 281
78 158
210 79
53 26
291 169
55 280
119 42
102 274
218 216
136 19
55 5
263 176
237 39
139 24
140 221
160 239
169 203
152 174
223 176
192 211
197 222
154 242
72 39
194 218
137 192
141 202
206 236
74 88
130 147
213 33
122 104
95 58
26 188
204 246
152 106
158 124
257 100
160 55
275 240
293 234
131 191
22 250
188 151
9 77
205 263
88 220
171 217
14 41
125 67
293 204
171 29
4 38
142 254
33 277
240 58
120 34
65 245
6 248
232 32
116 279
62 109
76 5
293 29
260 55
184 286
69 105
111 279
213 253
108 242
63 193
43 61
60 262
174 111
93 102
37 294
88 60
129 55
0 111
185 108
238 85
297 121
40 104
188 295
176 154
262 160
194 41
28 119
151 62
74 235
49 132
38 127
296 233
209 112
106 130
248 169
254 87
161 196
205 262
180 35
231 57
145 72
260 214
130 215
91 101
44 119
34 277
47 254
190 250
299 287
39 91
83 7
10 53
85 264
105 253
242 235
64 48
37 161
290 115
256 148
49 252
71 147
38 230
31 259
66 34
247 198
270 154
14 27
49 176
0 73
3 157
91 74
253 32
244 109
205 205
235 256
103 192
257 140
175 253
84 271
215 251
208 37
15 130
73 223
282 13
90 275
187 49
239 184
201 259
187 186
193 17
89 175
125 257
112 160
244 158
11 216
21 194
249 146
165 192
1 59
178 10
271 167
295 231
0 195
161 102
66 160
223 10
179 73
119 163
246 37
16 253
27 58
13 293
8 143
91 19
138 171
114 219
239 88
6 241
121 87
101 120
108 68
252 7
134 275
79 31
252 101
207 206
34 255
110 194
164 30
92 89
213 186
11 250
258 5
137 142
6 36
101 60
181 221
182 240
248 30
275 284
280 37
221 118
238 106
62 34
167 143
159 292
112 102
184 105
217 25
191 85
92 34
68 187
31 137
212 212
6 23
56 17
299 91
219 31
23 274
192 289
15 129
72 159
208 69
174 211
18 266
234 11
24 145
11 255
98 149
9 252
201 112
179 102
103 272
106 94
93 274
275 271
62 57
122 44
105 198
38 288
112 107
24 56
107 254
55 282
261 56
12 14
280 215
136 152
225 22
217 23
105 183
90 273
29 19
41 275
198 158
85 21
87 97
189 71
106 216
21 11
289 3
226 251
132 194
167 100
186 158
211 174
170 258
103 29
122 49
239 251
132 62
219 107
251 189
203 59
236 211
200 163
200 195
281 57
286 240
141 203
188 178
102 285
199 116
83 77
214 113
222 114
124 73
199 119
25 89
20 253
33 253
272 80
120 142
274 216
72 256
186 286
259 140
124 297
32 190
102 43
81 220
92 64
21 25
266 96
83 208
281 224
128 151
114 288
42 37
188 177
75 2
127 156
262 272
31 6
252 224
71 128
40 231
188 150
215 120
59 144
190 205
254 112
267 170
182 204
92 209
255 124
89 228
46 251
133 258
283 127
68 100
136 19
205 160
79 108
25 139
104 169
57 159
204 6
213 19
108 170
290 274
182 101
36 258
222 110
204 229
120 240
70 109
184 235
13 59
23 7
138 218
234 69
243 68
20 136
167 39
124 230
218 276
283 118
269 204
205 247
296 209
258 202
234 47
221 186
83 282
254 154
26 155
43 275
27 66
115 182
291 89
233 161
186 233
62 1
291 127
204 279
284 176
150 38
258 202
215 84
180 50
193 200
88 159
262 34
262 2
130 55
217 274
116 68
118 237
250 157
134 35
166 66
115 163
3 2
286 181
150 227
45 203
151 66
101 202
111 151
114 150
210 292
263 157
243 88
298 108
56 88
114 164
102 141
145 138
226 269
183 85
44 173
39 215
94 221
146 255
105 275
41 103
147 106
176 2
246 68
213 247
244 54
179 280
167 228
32 26
275 1
203 246
48 292
124 263
8 265
243 149
180 151
287 134
173 266
206 0
51 202
23 293
93 60
79 229
219 195
266 83
280 262
168 43
208 164
271 155
92 245
200 205
127 271
176 20
236 126
184 54
217 92
76 33
16 287
254 63
35 106
206 140
210 141
56 46
4 143
24 227
145 272
282 19
271 227
176 247
263 184
279 209
169 65
215 86
79 276
169 129
109 135
4 109
179 283
219 152
281 135
42 240
296 284
292 149
250 115
88 288
217 254
149 138
240 288
206 254
244 234
32 99
288 88
117 248
116 49
292 194
267 161
172 141
119 203
239 220
73 243
263 52
199 266
276 127
175 26
253 156
251 61
232 224
83 69
92 110
41 296
298 31
225 150
154 162
54 147
246 38
204 261
226 195
23 163
183 36
155 190
34 18
212 129
45 289
221 148
109 289
190 270
80 195
113 205
181 179
259 257
88 267
158 111
165 272
170 69
153 218
165 9
179 233
66 88
62 293
110 227
239 270
32 118
37 288
242 160
3 109
31 171
60 40
21 281
131 253
244 230
57 224
252 277
12 145
234 116
147 229
208 243
83 52
198 92
144 47
216 210
131 253
203 195
2 150
223 231
265 20
202 137
148 258
232 99
63 176
284 29
108 120
121 204
93 108
167 71
233 172
121 75
168 85
89 33
283 252
33 77
45 260
95 135
47 99
193 114
143 34
238 62
78 103
173 28
239 202
145 84
156 129
40 99
69 166
101 196
70 275
124 95
65 163
139 189
269 259
293 147
52 171
236 133
206 47
236 201
52 11
54 189
210 57
147 153
203 284
220 1
158 14
191 131
232 86
74 114
124 74
258 149
182 28
277 167
159 203
96 150
182 201
224 118
136 159
247 118
187 214
72 72
93 194
226 217
81 287
223 232
127 7
113 244
62 165
124 92
130 91
163 175
274 51
23 92
188 65
56 30
181 167
207 10
166 272
231 141
86 120
190 61
132 263
31 62
115 218
279 264
247 81
93 299
247 256
294 242
37 114
27 194
277 238
84 205
209 286
3 77
7 12
90 123
122 286
49 4
258 32
32 211
212 264
283 73
78 43
74 279
116 215
115 64
89 186
289 104
154 241
268 209
295 37
136 198
157 7
285 139
145 298
192 231
299 36
122 274
185 49
253 155
109 22
220 181
102 22
169 296
61 223
28 117
125 215
204 250
68 117
255 72
101 196
91 11
200 168
240 13
23 266
52 123
203 160
264 248
22 111
277 23
101 187
189 12
85 293
94 233
61 147
216 179
277 133
188 278
204 222
21 58
6 221
172 46
185 126
242 143
78 28
11 141
292 33
240 83
186 210
172 25
268 94
209 79
122 6
181 253
273 92
132 119
97 261
87 38
170 7
194 53
15 46
177 58
176 97
146 110
279 32
56 125
124 90
288 227
162 75
3 57
290 162
225 206
181 20
99 160
169 127
173 131
85 117
25 182
195 80
185 10
59 51
178 71
70 82
212 98
139 61
197 134
291 258
175 226
253 169
87 54
51 241
76 277
35 87
104 12
94 154
163 157
49 200
55 49
158 94
193 252
146 227
53 272
74 72
299 24
288 124
135 91
67 270
221 124
288 150
281 93
240 190
282 119
158 271
203 183
102 45
83 12
249 77
12 157
249 41
299 282
111 284
176 76
264 246
199 170
224 187
136 50
14 175
232 249
36 66
88 87
63 26
25 236
26 22
3 232
264 203
94 148
250 65
38 144
286 162
145 289
191 106
113 232
101 119
239 172
61 197
6 149
232 199
256 163
157 123
150 112
40 133
62 32
91 286
113 288
7 249
165 133
76 22
226 207
29 52
181 23
1 75
103 221
31 215
272 237
251 272
38 135
130 123
20 249
237 26
242 241
119 222
229 297
82 278
185 150
29 243
250 278
4 70
226 258
124 144
32 146
42 74
8 298
120 80
297 104
187 142
226 167
169 294
88 36
104 133
190 129
113 30
203 45
51 169
245 295
291 294
1 258
48 171
213 236
119 153
5 46
277 142
111 237
112 231
107 102
76 18
89 178
23 285
191 33
214 17
240 289
256 153
250 109
155 298
276 162
86 204
97 138
113 158
27 96
87 272
259 175
131 190
100 224
273 204
217 83
74 136
82 23
101 157
87 13
210 5
188 220
179 249
248 122
157 257
134 188
39 42
145 68
122 152
91 174
62 291
13 256
2 137
139 258
33 142
264 44
20 34
117 52
239 31
65 261
189 115
238 137
233 271
208 222
266 47
5 243
0 143
185 219
297 282
160 96
156 127
283 193
299 66
107 286
297 132
67 160
243 160
193 148
271 282
235 194
14 110
225 267
50 221
233 68
192 220
283 299
136 51
260 254
131 188
223 64
273 88
63 221
278 250
214 74
138 240
205 38
171 218
256 231
49 77
153 169
105 109
8 159
295 221
256 231
87 204
33 23
193 184
275 33
30 298
153 41
12 47
105 283
201 82
218 243
292 206
131 243
83 77
146 37
267 73
119 192
141 3
15 280
168 252
61 54
129 10
192 273
119 167
243 283
206 296
179 63
13 25
105 274
27 270
25 18
190 12
86 144
77 16
21 256
57 86
165 30
75 217
188 3
30 66
95 234
271 86
148 68
108 206
252 48
265 50
247 91
140 193
57 26
203 22
249 37
264 53
170 277
44 93
81 120
137 287
16 170
45 14
124 271
213 137
139 193
254 28
233 182
173 176
160 127
180 158
24 270
281 85
292 75
202 279
244 155
31 116
207 63
182 158
106 288
89 207
121 196
184 24
57 1
169 256
268 139
102 177
3 25
54 261
175 218
124 13
90 150
186 58
138 103
104 191
285 213
150 73
66 150
18 124
217 16
82 98
283 26
207 93
111 220
10 193
87 161
107 185
116 172
161 171
198 47
93 188
222 120
150 191
195 292
203 135
191 247
148 244
46 268
3 161
32 267
184 38
64 162
178 99
9 12
251 225
236 83
16 194
189 206
56 179
12 85
186 4
18 210
83 57
101 229
190 46
59 145
78 21
149 241
293 125
163 16
295 295
287 4
41 85
264 246
235 264
212 203
181 193
63 225
47 139
55 115
84 169
186 82
132 55
208 90
109 213
132 174
291 244
92 68
106 59
145 172
295 73
37 232
60 92
7 258
186 286
120 128
100 54
56 80
286 243
209 62
168 279
117 22
42 158
26 201
157 189
75 238
170 78
164 216
230 138
63 265
87 281
296 37
98 202
148 89
195 194
198 273
230 242
226 144
45 68
231 33
55 269
35 27
258 131
17 49
129 236
273 222
254 65
179 83
36 77
59 94
247 38
84 53
90 249
92 237
119 97
38 15
242 141
92 19
58 45
118 47
117 196
145 135
298 9
248 273
166 20
262 147
294 172
128 2
160 184
295 43
92 122
138 166
13 13
220 239
129 98
32 72
152 99
125 55
244 154
68 44
249 227
139 285
246 260
19 294
151 42
1 246
217 216
35 56
35 8
165 12
176 66
93 38
194 275
297 205
47 222
35 76
259 246
195 5
41 272
192 124
129 32
213 193
243 105
246 184
123 91
255 260
157 77
298 35
209 20
92 170
217 145
274 172
183 83
73 43
75 56
154 15
243 6
261 141
214 235
171 92
35 110
165 214
79 78
251 247
181 176
259 237
189 269
244 33
83 253
188 182
66 188
13 136
101 11
257 247
180 128
81 89
231 121
160 244
253 72
46 76
21 70
256 195
18 118
152 113
235 252
182 120
195 50
84 37
90 105
5 198
12 262
198 228
124 64
86 241
36 163
222 86
25 270
93 177
158 26
176 207
98 298
94 97
48 136
87 114
217 66
152 52
228 70
91 265
224 263
291 287
59 69
206 272
87 94
123 170
26 109
46 153
195 207
153 164
79 237
175 94
129 251
54 89
286 89
271 171
200 90
2 227
62 62
155 107
59 274
88 201
79 229
163 112
18 59
36 291
176 244
52 30
204 17
116 239
266 250
175 282
181 154
74 197
206 178
296 129
21 30
225 115
218 227
270 274
298 205
137 142
130 286
124 180
250 64
292 118
291 187
66 141
49 205
147 17
80 13
264 219
221 55
200 179
199 113
278 113
183 199
103 225
87 197
63 34
118 245
221 57
26 274
173 62
179 16
190 12
195 298
48 20
245 116
144 258
74 68
292 271
52 165
73 113
36 203
227 203
16 234
77 213
24 20
169 38
35 99
9 34
85 244
234 182
212 37
211 109
213 38
52 180
34 49
150 140
71 275
2 237
15 200
287 94
284 189
273 214
286 3
52 231
113 276
218 27
0 89
40 14
284 279
27 217
155 56
192 44
291 117
18 43
28 71
241 136
267 0
50 136
113 214
161 242
216 41
63 199
36 100
294 228
269 212
100 62
242 246
159 113
95 71
32 177
162 242
241 165
226 266
294 195
251 4
11 126
199 222
143 281
296 8
81 192
295 48
226 154
135 242
149 101
249 219
243 186
118 35
94 145
163 18
105 67
94 110
154 218
1 184
18 6
98 192
101 126
4 183
104 218
34 99
170 67
217 56
181 61
175 59
60 24
268 169
130 134
100 295
103 164
219 77
12 162
4 208
171 260
104 279
84 193
59 129
172 45
93 124
95 76
115 241
238 165
284 2
21 68
131 3
255 172
103 222
226 142
140 182
16 220
110 262
100 31
236 54
30 2
183 51
52 76
270 284
123 159
224 38
90 71
166 56
202 161
277 227
29 111
47 107
85 269
193 286
213 14
48 157
119 147
31 25
176 253
35 218
57 1
278 137
273 257
217 219
221 151
187 114
208 221
183 226
248 56
89 50
121 54
218 116
145 6
150 154
168 77
28 151
22 143
45 294
33 69
213 293
241 255
170 64
103 201
150 211
281 129
151 11
152 15
192 282
267 121
236 35
234 172
273 142
216 203
179 120
183 264
48 31
67 250
78 246
234 176
232 213
277 240
99 18
202 299
160 141
60 154
286 123
153 168
265 230
84 63
94 155
227 287
247 122
54 278
152 119
178 266
119 123
86 161
46 207
208 112
19 81
103 1
13 218
119 57
261 173
220 74
82 232
31 283
18 228
238 51
279 112
246 4
51 27
111 252
201 171
278 50
136 108
222 41
86 294
261 33
75 250
250 288
52 274
117 239
48 41
214 260
103 271
113 9
53 136
86 111
217 223
10 160
243 42
271 253
168 200
279 2
158 20
9 238
95 193
294 31
196 57
82 186
106 225
12 298
78 10
140 128
61 223
97 163
189 4
216 216
239 237
253 87
193 15
276 114
211 65
265 3
141 215
228 216
123 113
132 6
35 13
276 257
4 136
16 162
284 3
255 271
42 270
81 148
44 272
183 11
242 142
46 81
100 105
240 282
141 120
103 276
99 19
10 28
22 226
44 148
93 275
61 204
130 109
74 16
202 96
14 48
287 35
14 52
122 206
174 207
147 63
258 147
217 206
77 62
65 208
51 290
204 190
251 142
168 195
113 97
75 59
258 71
60 79
101 36
179 224
125 256
247 263
100 184
210 202
30 242
137 29
119 271
254 281
42 85
75 221
45 168
10 92
0 240
185 99
114 289
58 229
115 297
54 85
195 60
86 62
139 168
219 213
76 8
101 101
190 163
256 158
186 126
79 289
204 201
167 107
180 107
72 289
266 42
123 99
13 288
68 292
262 252
162 47
155 140
252 158
106 118
261 124
69 260
78 255
112 275
144 94
83 218
127 119
283 268
35 236
31 87
76 170
253 200
236 290
237 166
257 17
117 151
144 131
116 136
194 91
141 4
14 117
31 99
189 279
257 96
99 192
274 235
102 145
119 103
123 151
133 149
99 21
91 266
92 55
100 130
11 255
178 178
146 8
15 74
209 250
171 245
172 104
53 171
237 133
205 58
63 268
210 43
242 149
221 98
163 244
291 103
3 144
3 25
194 231
144 2
109 145
175 209
69 288
143 166
229 244
134 178
134 98
203 242
24 275
101 170
123 246
162 131
135 196
222 137
121 210
90 22
101 110
93 90
80 256
116 155
22 149
115 123
203 19
108 251
21 294
169 263
113 263
17 228
166 165
2 25
184 247
227 72
295 125
128 53
121 135
116 1
222 235
185 135
49 65
298 114
229 128
143 221
299 63
138 200
193 42
227 173
94 296
284 246
252 83
163 175
100 134
127 6
243 100
69 112
20 60
145 175
4 203
253 245
51 268
83 53
177 244
176 94
156 0
264 1
218 191
168 11
132 141
132 161
185 282
51 189
137 38
198 73
72 229
172 243
8 237
267 85
132 177
9 25
77 170
23 95
117 100
272 128
200 22
103 55
79 135
138 254
174 253
68 34
102 230
16 115
23 15
200 194
39 80
23 86
115 43
188 32
67 217
275 37
198 13
77 78
91 213
73 228
179 115
34 62
74 194
239 176
217 32
44 39
134 24
192 65
98 116
164 83
228 224
255 168
266 140
56 136
187 47
232 103
64 55
18 64
296 21
40 28
52 96
176 122
210 48
208 282
265 277
230 160
287 41
18 138
291 70
26 156
292 203
292 156
95 170
123 73
6 21
186 161
81 32
297 67
198 124
153 91
140 196
230 276
107 102
159 1
159 145
220 122
52 5
154 223
276 260
76 113
274 241
22 268
255 85
100 25
227 287
296 55
68 276
103 4
191 217
158 253
164 49
252 123
176 184
130 142
138 265
248 97
46 178
7 191
1 2
231 268
249 23
126 167
52 220
13 225
290 244
160 215
278 293
194 153
232 100
194 152
195 40
197 291
296 215
181 4
57 189
242 39
129 128
162 109
195 281
170 226
268 292
200 93
254 242
163 261
288 25
36 31
112 42
257 249
201 167
289 62
150 83
0 273
154 277
106 138
229 200
110 161
271 276
283 212
234 10
207 96
246 163
128 64
29 30
277 261
51 290
217 257
201 79
115 76
236 4
260 237
153 76
205 160
158 142
51 267
38 283
108 274
12 12
161 125
14 182
141 72
139 13
119 191
99 33
92 132
132 91
160 246
32 181
122 210
20 209
122 124
161 15
215 0
3 39
93 5
117 268
126 153
68 222
230 117
149 20
164 108
23 46
63 1
17 124
272 172
295 297
82 104
122 287
240 52
158 103
159 24
90 48
293 60
297 12
176 154
105 67
207 265
162 51
274 66
154 45
1 226
94 98
82 87
92 172
224 263
88 112
48 214
94 104
200 107
297 217
23 292
281 126
150 270
290 201
134 132
223 8
285 255
249 110
157 22
192 171
215 150
185 58
0 52
11 51
154 138
35 38
171 83
80 92
270 186
16 85
10 86
31 283
229 260
272 73
165 135
268 110
27 268
280 147
152 173
193 180
77 207
188 87
168 46
97 269
207 156
121 146
277 255
43 163
250 121
196 78
212 211
58 214
129 207
141 135
58 104
152 94
186 0
77 118
76 153
196 241
24 183
133 269
58 195
226 201
86 241
174 109
250 66
154 280
201 119
257 36
59 99
256 273
50 266
249 276
265 238
16 47
2 19
173 36
151 35
233 275
271 3
62 270
136 48
147 23
210 75
26 39
90 51
201 77
0 242
287 181
214 244
135 216
47 81
283 68
63 129
203 8
71 73
109 246
38 66
105 134
35 210
6 121
189 212
21 90
80 291
0 282
119 119
177 67
111 152
57 114
263 247
272 176
227 167
193 127
75 198
213 282
244 116
296 180
287 124
250 135
107 154
142 3
284 45
265 119
244 285
70 100
252 293
148 90
99 12
172 71
15 266
80 258
57 260
138 11
1 249
203 44
275 142
272 190
54 45
263 230
277 277
50 18
44 171
152 80
121 211
293 228
214 19
243 151
189 86
195 13
135 243
165 213
205 84
218 283
216 116
20 150
25 88
255 220
161 171
80 8
219 112
12 0
161 81
42 55
216 263
114 64
0 50
102 80
81 109
203 76
265 54
188 71
87 297
27 110
270 3
155 21
233 99
98 248
87 134
142 262
148 155
156 36
126 272
44 148
178 76
270 64
18 256
204 9
279 78
137 249
33 112
4 104
58 76
189 247
165 13
98 188
19 20
136 152
189 288
260 233
66 282
222 162
11 144
289 139
49 258
92 81
133 232
58 183
129 43
150 211
127 236
234 266
76 6
85 131
277 126
15 56
228 175
264 187
299 62
64 49
279 102
48 175
235 228
200 65
62 106
93 164
266 269
67 258
268 167
267 156
102 84
184 0
224 13
26 252
150 197
174 161
28 106
259 121
162 94
261 156
169 130
166 67
144 207
94 11
194 58
55 31
88 204
152 160
156 65
228 286
99 275
245 125
165 198
181 3
124 233
2 37
196 27
266 104
180 210
270 203
2 169
222 223
18 79
49 152
102 131
71 170
240 147
164 267
117 281
133 122
158 28
239 249
1 274
247 21
36 229
145 199
40 241
209 81
152 264
90 208
215 64
176 48
263 11
297 254
80 60
182 4
134 233
59 129
100 281
156 255
179 22
145 256
26 216
16 192
265 36
113 197
187 61
74 103
27 155
36 111
157 0
257 160
225 33
31 292
80 86
267 39
107 99
117 299
51 82
110 135
85 110
70 73
147 290
47 167
209 284
271 111
84 39
129 19
13 165
230 199
168 211
156 27
14 207
251 232
56 252
242 28
4 72
51 219
224 168
152 256
118 99
114 81
156 106
221 171
170 170
9 108
35 272
201 143
171 235
123 163
2 210
280 175
257 96
128 150
4 39
117 176
249 201
152 181
87 246
123 242
245 159
247 39
279 9
26 130
279 31
209 188
232 99
79 247
83 259
192 42
42 31
280 161
229 36
159 129
182 217
189 202
203 101
106 101
184 76
52 195
19 241
157 81
94 105
116 104
221 192
266 162
186 165
187 68
121 36
122 135
69 220
82 84
54 4
188 25
191 278
121 257
203 98
130 187
220 52
106 298
90 274
154 297
245 245
269 163
235 165
196 170
116 42
65 68
146 291
154 64
185 132
111 18
82 20
5 85
139 231
272 222
185 67
1 177
41 188
207 271
79 150
134 44
197 249
244 64
203 268
20 142
61 208
169 294
12 30
165 126
165 250
15 239
295 128
182 247
285 183
264 72
298 180
10 128
206 216
94 251
25 82
286 87
288 213
230 41
179 151
93 107
53 203
184 287
22 252
277 49
227 116
64 162
26 267
123 41
217 191
50 299
257 85
108 80
162 221
273 107
217 59
161 126
131 264
230 120
144 207
145 295
58 292
14 237
180 78
176 263
149 270
252 275
177 30
57 280
147 122
219 174
3 145
41 187
84 140
235 291
204 292
291 70
193 176
59 235
60 235
200 198
54 189
256 77
231 126
95 218
262 93
105 205
79 28
213 223
297 122
222 183
40 40
193 109
57 4
147 263
202 0
118 43
269 271
4 152
220 209
232 182
34 242
211 52
94 214
102 238
18 18
198 201
283 195
228 261
7 41
25 150
215 58
124 63
138 153
131 282
226 195
267 143
130 250
178 159
153 109
160 128
98 163
190 177
58 204
149 158
278 192
17 51
93 49
50 170
215 261
247 174
274 181
175 8
72 58
193 100
13 103
162 182
13 262
275 110
50 22
89 32
292 187
117 265
231 75
187 293
25 149
212 194
237 153
192 69
58 71
262 171
218 118
280 155
275 220
77 186
111 122
2 251
184 161
183 253
173 53
86 3
96 84
182 228
104 244
206 262
28 85
38 287
63 27
61 209
259 216
41 146
141 42
87 105
199 138
56 139
179 59
162 107
39 205
131 65
88 148
30 240
171 36
148 178
132 179
119 22
259 209
245 145
58 183
291 269
218 59
109 209
176 211
151 4
265 167
278 116
127 91
35 154
105 229
77 227
168 96
223 235
128 173
27 217
119 181
84 223
242 146
92 34
186 160
49 125
166 225
99 215
205 209
231 42
236 294
293 7
23 162
217 148
29 252
147 199
68 126
34 256
220 235
187 8
150 157
6 247
17 246
250 34
25 63
251 284
244 51
111 200
202 18
267 132
76 140
34 265
7 104
179 82
87 87
112 24
168 259
41 207
100 201
185 211
212 165
5 273
59 72
194 7
139 31
18 290
226 101
193 129
181 150
52 19
57 284
44 258
29 218
172 22
52 238
140 4
196 282
4 185
228 209
149 185
34 265
297 295
117 169
73 185
221 129
48 229
110 118
10 211
190 208
218 76
126 243
94 115
19 242
278 45
12 43
68 257
176 241
218 174
50 185
240 95
128 47
248 197
56 196
79 158
145 187
176 275
60 10
3 74
252 158
245 231
217 45
294 58
189 0
48 189
156 69
85 18
86 8
295 2
270 63
85 2
77 157
254 124
133 115
169 204
191 43
77 81
158 36
108 202
137 296
119 206
70 206
268 17
52 257
216 162
147 107
227 280
152 109
126 84
159 190
147 275
86 13
61 282
260 142
241 121
32 299
123 221
26 87
16 149
214 208
177 213
71 76
145 138
196 128
51 2
258 109
182 256
271 221
79 208
188 137
186 277
204 263
60 102
167 47
297 49
286 174
230 208
24 111
148 25
12 189
130 296
55 157
186 248
34 205
116 101
237 28
245 155
98 82
123 3
6 210
199 124
186 171
39 169
224 2
4 232
33 136
293 93
159 274
67 178
94 32
242 279
270 50
180 125
114 71
42 295
70 155
83 20
234 96
4 269
149 158
99 233
76 202
164 222
267 106
103 267
40 147
129 249
138 144
271 202
160 275
137 116
210 292
66 263
96 153
210 242
195 128
95 193
195 47
51 48
234 85
276 178
295 45
228 3
219 277
188 268
222 107
67 249
37 147
297 9
219 285
0 57
111 194
35 298
93 16
145 99
218 40
296 59
197 234
41 104
160 138
32 257
213 11
42 25
191 255
83 269
52 85
247 260
54 81
209 47
145 209
274 209
90 150
286 111
173 165
296 192
113 37
58 221
275 182
83 130
146 100
64 189
221 178
11 11
146 128
12 193
148 145
290 43
3 198
110 44
157 68
188 61
207 99
235 147
100 241
74 205
2 184
84 191
36 277
34 102
77 68
106 58
134 32
100 83
25 6
28 273
77 166
51 196
195 180
138 229
86 184
144 180
14 249
295 285
140 232
251 279
213 85
223 277
129 259
299 3
36 101
120 120
244 215
281 108
110 257
142 27
186 192
69 188
267 181
56 210
94 35
118 80
138 244
186 161
211 142
109 1
283 90
18 170
290 189
116 241
162 283
215 240
202 217
205 134
235 37
164 219
185 153
124 121
182 277
141 6
95 288
182 34
118 163
86 108
169 222
175 35
252 204
41 221
29 298
200 140
62 9
118 222
4 109
137 161
182 205
84 238
78 18
138 102
246 284
265 272
297 79
284 270
112 169
126 211
119 181
247 213
190 59
158 270
83 185
210 265
143 114
191 18
274 54
197 104
203 138
98 109
205 154
297 97
10 247
110 240
157 119
33 128
169 115
56 246
104 106
1 81
72 107
69 257
200 63
289 242
170 172
6 98
242 189
289 87
162 287
78 198
266 7
141 8
148 111
179 171
228 100
1 128
226 274
161 220
51 64
241 172
97 250
136 91
174 103
100 33
209 220
193 188
113 71
92 275
210 209
6 13
265 186
62 298
14 74
114 130
105 131
289 263
42 290
76 17
224 56
258 63
190 269
125 296
96 206
245 62
68 245
288 2
158 93
251 191
172 137
243 70
57 59
56 273
121 220
40 56
108 209
177 295
75 87
208 241
127 233
257 281
236 245
130 189
33 169
207 18
25 149
162 101
192 67
92 150
266 148
16 26
101 100
290 2
126 232
74 101
283 237
285 106
132 44
121 267
106 232
143 93
12 205
72 171
182 246
296 109
259 230
150 149
106 272
127 120
179 211
119 261
218 202
243 34
247 28
267 273
255 218
242 203
186 168
131 274
113 286
253 148
60 31
215 61
123 35
50 180
295 130
38 144
97 62
16 61
20 64
105 159
178 79
62 257
109 196
241 287
274 182
163 175
187 48
193 197
190 288
97 288
98 250
195 167
283 197
143 257
288 98
276 260
158 153
196 50
241 275
77 128
255 123
274 132
262 126
198 124
44 218
207 3
233 105
90 43
229 50
45 121
6 18
115 224
197 29
9 79
111 279
261 23
89 248
228 273
118 235
23 100
86 213
49 52
122 186
158 125
186 111
28 26
111 5
72 196
114 60
227 220
289 234
54 31
223 4
137 184
166 63
148 101
198 219
36 184
101 16
10 161
17 262
65 233
83 91
286 62
14 102
178 289
40 62
114 11
192 295
290 234
64 13
284 124
35 46
241 111
104 183
271 280
275 27
299 224
113 149
158 236
39 120
45 242
144 264
293 177
265 206
52 166
216 57
123 267
11 11
213 288
82 299
27 122
88 100
222 92
171 35
90 217
279 159
244 40
58 98
179 69
93 132
85 251
292 1
128 174
221 8
64 259
112 199
86 122
169 227
243 188
205 118
35 245
274 44
167 291
249 184
0 53
79 198
107 130
155 54
284 287
61 126
85 133
294 209
125 278
68 40
3 108
185 98
240 298
150 167
115 251
241 216
238 161
260 89
69 40
47 243
246 143
34 229
47 235
58 48
104 22
235 254
235 175
75 55
112 79
195 29
277 70
132 225
239 194
220 99
96 45
229 265
283 28
92 156
219 86
49 250
18 266
260 79
1 17
40 43
136 253
108 6
292 58
42 208
129 253
130 153
283 258
256 223
153 86
24 256
198 248
21 212
253 288
184 133
192 35
163 208
2 177
133 243
8 56
132 146
251 134
157 35
26 138
276 148
172 74
1 103
299 261
116 110
62 181
33 136
281 55
141 242
144 133
126 82
127 297
238 100
246 182
175 34
271 124
172 70
211 9
151 20
202 266
212 175
179 99
85 47
191 124
190 188
289 118
210 131
77 101
280 57
119 292
256 155
60 288
65 67
64 108
116 162
80 113
5 204
277 27
239 186
172 5
85 220
220 89
216 243
231 74
169 112
259 43
114 281
257 134
40 157
276 144
27 239
177 181
125 271
187 268
255 270
180 114
47 170
258 14
295 186
148 54
122 119
279 37
65 148
261 6
54 167
32 237
25 257
66 275
205 271
104 137
154 116
30 197
72 237
144 282
126 45
82 105
214 206
282 170
261 258
185 116
113 70
99 67
126 271
117 68
15 183
83 207
92 136
239 182
154 268
215 207
52 204
204 251
135 231
54 148
230 102
232 84
162 12
123 89
246 296
204 15
182 222
163 194
98 124
10 273
191 241
116 282
79 170
175 21
178 237
299 129
249 211
184 147
68 125
269 19
199 34
180 157
224 114
85 109
163 51
144 224
6 34
0 221
191 298
56 103
55 278
296 2
90 103
233 116
227 229
225 138
272 254
214 65
90 190
123 201
159 256
62 149
141 126
28 45
259 151
297 57
187 212
185 77
143 277
252 111
29 279
280 249
207 0
263 280
44 202
202 116
122 129
126 176
184 143
160 134
199 153
147 163
87 232
122 103
2 7
7 157
214 221
19 99
268 295
126 68
240 13
12 250
236 38
80 229
45 70
17 132
55 187
226 220
125 128
77 263
69 282
80 226
66 97
213 62
128 90
200 246
161 164
155 201
143 5
207 6
267 18
297 213
238 140
67 253
251 9
274 255
201 69
96 251
175 230
74 144
60 151
5 192
236 156
6 109
121 55
297 61
222 62
85 225
216 84
281 24
250 37
138 158
234 263
1 214
298 152
52 282
110 241
31 125
106 285
117 63
19 41
255 220
90 72
243 35
193 139
186 149
18 111
266 134
128 173
208 91
25 20
107 59
0 122
57 194
172 221
138 50
232 30
124 2
237 8
215 257
45 144
138 151
247 51
235 221
51 79
118 41
121 212
149 258
102 111
242 278
268 289
1 43
288 272
203 175
45 29
222 105
252 118
243 162
68 69
223 288
51 80
226 172
211 49
82 230
31 212
55 186
4 71
194 178
144 175
183 180
106 250
83 230
283 115
111 102
288 68
54 162
116 183
182 91
32 39
170 82
227 40
6 205
216 92
67 80
228 276
109 43
238 157
275 293
120 276
224 161
201 5
124 20
23 267
118 287
90 295
48 57
222 104
290 256
159 125
173 9
54 203
96 29
245 3
22 48
97 138
191 263
250 15
141 198
180 83
167 66
16 132
39 85
178 169
281 9
124 123
257 7
249 217
106 112
226 196
32 55
19 278
122 104
236 203
231 129
226 299
95 67
49 70
283 126
146 114
172 144
257 75
287 254
235 7
64 139
260 261
23 289
157 66
46 187
14 175
98 236
151 16
88 173
150 208
183 142
122 52
31 78
204 15
132 290
195 215
68 134
178 5
145 14
98 276
217 277
194 220
223 133
289 108
17 105
17 241
182 113
0 226
20 57
272 181
246 177
90 135
119 231
65 12
56 289
187 14
80 230
278 186
186 135
265 28
27 58
77 211
86 299
169 287
161 186
102 239
48 98
49 253
78 72
285 71
53 44
211 136
265 107
68 180
227 194
44 269
163 218
297 234
274 211
32 201
28 171
102 115
202 226
222 177
4 279
107 145
144 124
131 115
91 196
295 222
144 139
59 197
175 22
123 49
59 194
192 188
113 153
277 280
218 176
107 64
5 163
43 77
77 20
208 216
162 32
290 56
3 244
199 223
69 280
47 261
106 19
12 80
181 175
210 200
14 98
133 157
261 106
173 118
36 32
152 147
158 36
282 96
20 144
120 12
100 146
82 281
246 291
127 78
233 31
116 116
16 76
235 149
193 200
287 141
129 69
212 259
124 67
75 247
158 106
199 151
152 67
136 91
103 281
36 25
0 129
298 82
45 76
35 140
9 85
280 226
203 282
64 162
124 93
158 185
294 99
157 186
217 288
154 211
124 214
193 127
250 187
227 162
65 291
244 7
247 191
39 243
84 194
153 225
293 240
89 124
269 242
9 81
141 194
228 227
54 204
273 162
244 216
101 161
253 20
97 176
145 59
65 234
264 247
68 280
262 35
144 57
267 125
82 214
119 230
243 14
242 145
6 37
53 4
111 216
256 253
20 205
226 142
263 36
285 65
111 277
92 6
17 59
74 223
65 238
116 264
279 204
116 182
19 49
224 8
276 266
198 82
144 247
146 202
236 257
40 268
181 11
160 284
6 36
260 225
52 29
212 36
53 266
248 119
73 50
293 242
273 106
282 164
127 137
72 106
41 71
91 81
216 218
188 141
22 275
235 58
93 233
264 266
266 221
182 101
105 232
230 99
201 224
252 117
150 293
100 45
75 249
37 228
219 146
155 295
295 94
151 19
175 199
36 114
168 63
85 59
247 296
200 121
237 181
96 238
99 137
59 205
220 55
74 123
137 225
80 11
223 247
81 238
290 171
284 225
39 173
78 223
135 186
198 19
95 228
179 61
257 60
25 98
93 68
70 123
269 288
266 11
226 162
117 101
212 146
116 275
194 53
239 122
90 53
261 198
6 286
152 282
44 119
271 285
145 85
174 97
119 175
47 86
291 295
230 67
236 155
137 236
193 183
199 81
120 260
237 215
153 174
171 274
201 21
85 160
201 224
51 149
14 263
72 110
233 181
8 148
60 229
102 116
183 55
45 62
7 77
228 213
62 244
244 240
45 223
289 123
112 121
85 256
214 175
195 189
153 55
1 37
280 94
145 100
182 204
278 264
35 179
117 64
105 3
189 145
178 27
245 138
14 5
287 147
138 68
285 80
18 152
46 197
104 29
205 238
58 238
24 205
143 146
3 250
39 155
287 289
139 152
213 95
20 232
277 95
125 235
173 62
290 248
186 253
275 146
231 182
148 226
91 158
66 234
196 2
271 229
112 209
3 203
4 180
271 47
160 261
21 256
124 1
88 56
216 148
264 199
249 13
206 192
157 234
217 16
66 30
99 33
296 152
67 50
238 136
94 46
296 194
208 130
59 54
159 297
209 169
114 10
240 291
274 268
298 149
287 47
159 279
68 192
290 55
236 39
279 134
214 212
145 162
64 204
116 101
11 26
150 146
39 216
295 169
264 175
82 171
112 247
281 96
270 51
272 207
156 185
124 201
111 114
35 2
297 275
99 141
83 141
99 170
294 259
118 54
59 218
125 96
281 221
289 155
89 72
17 276
148 103
71 296
238 72
225 89
161 153
188 78
139 261
12 226
142 280
75 139
225 192
146 282
128 131
7 200
48 40
71 106
55 80
279 227
14 78
233 208
154 25
296 15
266 78
38 57
230 47
235 244
30 51
143 225
267 56
137 26
109 145
115 204
136 291
138 199
51 72
168 68
126 16
177 9
212 149
226 292
138 271
73 134
286 162
93 7
148 112
123 153
166 194
135 3
264 246
165 108
259 190
195 119
141 239
73 89
189 25
75 243
110 179
100 199
190 101
121 219
258 184
127 113
93 106
184 102
65 261
253 205
63 108
244 83
220 2
12 184
233 294
131 69
3 216
79 27
251 174
54 58
73 191
277 76
228 142
138 81
221 227
66 23
291 187
191 212
83 121
31 234
263 235
240 96
145 58
22 244
65 260
236 235
43 46
221 239
218 148
286 168
7 288
286 279
165 24
144 215
35 220
33 116
0 239
98 48
105 177
140 186
289 54
243 112
107 169
153 114
247 63
79 153
207 258
9 41
265 111
183 286
211 96
211 205
216 129
208 194
215 201
20 204
248 24
79 16
155 136
98 196
27 156
72 139
291 10
31 183
21 12
237 270
228 83
81 79
144 74
267 136
234 225
80 21
223 102
237 142
26 236
51 1
237 247
256 50
130 299
179 23
101 23
107 22
112 141
47 269
95 107
175 75
33 52
267 170
255 267
246 259
118 79
258 172
31 64
4 283
217 218
139 48
12 105
145 1
213 175
51 235
278 251
235 222
55 99
59 207
123 156
267 105
43 224
21 165
222 249
63 65
275 79
220 96
171 86
185 38
294 116
72 144
278 99
287 139
286 51
103 139
2 28
89 238
19 194
92 103
175 138
132 17
254 146
231 196
182 81
248 234
277 253
175 7
220 248
58 287
255 218
131 289
110 15
122 276
276 20
14 282
150 74
93 201
164 80
278 12
245 78
17 264
192 145
212 60
233 281
242 283
93 128
187 287
296 4
266 170
299 36
286 235
35 142
202 23
93 181
76 84
50 196
52 131
263 155
130 55
91 76
1 85
28 259
237 247
155 79
226 168
77 233
119 272
17 102
184 207
191 49
5 194
297 192
201 99
160 92
289 101
70 221
180 119
235 106
59 271
26 166
222 136
180 245
270 262
110 250
109 278
184 268
159 61
240 255
131 63
136 35
66 286
276 44
75 124
86 119
267 113
191 233
227 167
223 245
121 39
252 85
19 244
209 234
276 237
212 92
80 203
248 293
243 163
71 194
167 145
145 15
43 279
16 261
177 135
96 10
21 79
139 294
45 174
69 260
35 241
200 40
38 246
232 102
83 153
214 136
196 257
276 126
136 151
28 292
297 92
153 249
223 101
66 141
171 261
59 231
85 238
69 134
94 164
202 20
117 270
168 126
90 96
2 14
59 61
103 186
208 246
153 111
22 148
292 44
77 241
14 111
118 269
183 257
237 124
101 200
78 240
33 52
7 253
13 220
240 197
4 5
99 261
169 152
262 81
62 55
172 58
64 138
71 211
260 248
234 129
231 126
150 260
163 155
56 256
284 73
117 144
142 281
183 221
98 223
131 57
204 184
296 77
183 194
7 86
40 274
178 296
161 251
155 134
90 296
113 12
224 291
139 209
53 8
147 51
125 21
293 188
260 259
211 216
200 108
41 147
31 146
259 76
212 244
43 68
80 218
272 220
243 220
108 64
219 35
289 223
23 144
106 42
204 197
42 78
28 269
207 194
292 270
96 102
169 247
84 67
150 65
61 87
121 103
228 283
289 168
271 181
280 195
103 104
168 241
158 148
68 210
234 133
148 37
241 214
76 254
118 147
297 45
67 83
127 162
91 284
248 136
282 48
153 182
294 216
227 210
143 30
273 259
195 146
35 276
13 168
24 124
55 44
266 100
236 40
223 81
97 64
36 267
123 230
176 32
138 190
165 190
207 268
16 226
74 201
177 210
246 234
103 119
231 197
222 130
197 136
172 208
239 22
278 204
18 255
193 62
41 77
39 126
152 89
179 58
257 128
223 14
256 296
191 106
206 121
84 127
10 102
216 55
15 50
86 191
167 270
38 93
186 257
92 28
106 118
287 29
69 45
51 182
130 184
70 234
139 235
116 243
126 161
53 232
251 217
13 164
279 76
136 91
194 116
66 20
109 150
187 86
75 73
8 284
182 66
208 287
233 190
18 116
90 297
204 184
194 44
185 104
25 104
114 209
257 202
184 245
168 66
295 243
203 135
276 94
50 82
183 48
223 228
278 197
52 36
175 72
170 103
298 228
60 266
198 265
191 37
150 71
266 113
12 180
224 265
276 209
139 247
226 77
103 172
276 64
196 200
135 283
274 226
96 181
153 6
67 194
229 131
96 265
218 223
200 18
223 277
237 20
105 44
282 239
41 174
14 255
65 226
299 211
122 113
136 123
12 225
246 84
167 246
61 127
163 57
145 211
207 250
4 110
204 48
277 199
232 269
83 60
9 234
188 37
36 236
188 261
143 292
120 129
38 174
250 103
12 72
170 172
164 247
228 146
40 191
4 71
205 119
38 198
229 54
191 154
225 60
70 138
109 65
66 7
13 36
209 139
57 169
241 209
60 75
132 252
9 19
159 162
229 173
225 104
181 141
240 37
63 96
162 112
54 93
195 172
212 62
33 115
131 37
145 274
283 4
59 120
196 216
107 134
283 64
57 140
214 233
148 273
141 48
191 155
151 116
105 187
62 265
167 7
68 32
186 297
40 284
42 203
260 205
206 168
284 247
123 116
70 14
93 48
245 210
7 19
151 250
141 143
283 168
22 216
245 34
64 10
264 225
0 3
198 173
253 92
149 279
299 249
222 192
41 116
276 117
164 137
199 111
130 164
216 189
249 139
50 285
188 289
15 39
264 152
11 154
43 253
167 200
43 270
132 150
242 84
284 275
258 124
252 298
119 220
16 87
79 231
81 174
70 117
34 197
98 76
174 108
277 78
285 271
291 129
248 48
71 18
270 214
200 246
47 195
49 136
143 192
265 147
275 220
76 162
249 27
15 17
255 214
299 91
92 20
185 295
23 253
140 172
225 55
154 294
283 274
167 119
6 118
46 35
156 45
155 97
16 182
69 98
107 115
257 110
247 1
38 244
252 189
244 164
153 287
140 262
99 87
87 138
119 220
164 88
33 217
168 174
74 93
85 56
273 33
118 68
57 216
166 280
252 185
127 168
272 184
137 113
288 282
232 81
186 214
249 12
136 235
143 290
183 196
285 191
69 183
263 215
14 99
112 217
75 83
210 260
177 6
243 48
119 195
283 276
151 138
245 214
201 112
176 243
185 190
107 157
297 201
181 129
147 9
207 257
132 283
117 272
19 24
282 128
170 287
39 117
210 70
246 275
176 8
61 133
292 145
108 203
191 232
258 163
296 71
139 41
62 213
63 156
157 228
146 79
39 274
123 132
1 93
163 36
134 125
164 154
24 267
268 243
33 269
85 48
272 278
108 150
296 231
38 90
106 162
109 128
93 154
122 147
115 64
51 215
234 99
274 39
257 180
67 40
35 210
32 289
177 182
101 245
237 169
26 169
178 105
55 165
83 116
143 272
15 16
244 9
79 151
213 245
192 26
242 36
153 123
28 191
206 78
42 61
215 167
228 271
120 9
124 122
74 289
134 190
183 233
156 142
178 93
235 109
33 264
269 250
143 197
207 89
56 146
48 238
97 248
262 139
255 101
196 246
150 194
135 208
212 29
171 135
220 54
168 201
1 289
95 124
62 165
55 185
173 83
213 297
113 264
255 223
261 221
123 14
85 26
116 180
284 2
102 182
86 275
292 23
243 3
126 140
170 127
243 264
253 52
182 172
97 131
140 140
227 206
138 12
169 186
209 19
61 211
74 49
39 270
214 105
65 237
256 170
67 294
35 187
198 50
142 66
134 32
237 127
145 292
162 208
154 282
66 139
74 188
62 252
26 279
94 282
111 59
95 96
266 116
281 194
11 208
113 36
208 230
77 200
101 198
104 130
1 159
281 254
61 203
142 181
127 215
52 138
94 66
214 288
216 247
25 248
43 104
23 146
147 10
222 43
56 97
212 160
125 66
62 270
17 277
55 255
195 106
221 139
241 143
33 186
91 36
148 6
23 20
16 189
133 235
49 166
176 153
234 110
102 281
108 184
23 249
33 245
54 20
209 22
35 217
223 279
216 72
75 125
200 221
242 139
272 17
90 34
150 249
205 230
223 286
225 185
294 259
89 212
192 258
137 222
188 295
100 129
222 212
106 296
268 66
160 237
123 193
225 168
135 133
131 230
27 48
226 102
195 1
215 223
166 263
19 61
274 297
225 186
117 250
220 86
159 228
249 213
110 190
170 30
267 92
188 189
296 164
215 10
61 158
151 122
70 94
270 180
220 201
22 232
75 0
154 247
38 13
294 124
190 93
25 22
122 172
40 166
284 126
109 126
262 268
46 218
126 169
108 297
248 190
199 219
249 284
63 123
195 20
96 54
127 274
107 234
186 191
281 264
162 13
245 246
137 174
87 198
272 242
217 170
138 214
125 293
286 267
204 118
103 185
63 189
111 242
15 84
260 183
100 190
50 46
166 38
149 74
12 161
166 281
221 154
283 136
183 263
235 283
62 37
132 78
194 115
149 242
276 98
20 60
66 70
225 263
233 125
39 181
158 6
111 52
80 82
72 133
160 145
26 170
77 299
72 82
44 94
213 167
251 273
203 21
127 166
162 12
183 230
234 94
254 50
209 249
294 282
216 142
172 52
136 80
236 46
51 274
90 109
37 196
105 133
45 57
280 181
29 140
83 12
23 209
200 55
173 152
204 263
156 95
45 223
246 278
148 260
108 58
55 211
286 160
101 233
9 20
62 91
102 173
103 104
173 65
267 101
228 90
97 2
132 186
142 90
103 283
269 261
16 286
88 117
228 290
41 42
10 263
267 50
194 43
19 133
247 32
277 206
124 130
148 202
260 230
297 116
51 111
243 141
175 265
289 236
222 37
170 12
87 104
63 115
133 250
278 83
138 17
82 194
166 150
0 55
194 211
288 128
85 100
56 269
173 295
187 74
193 297
269 190
23 88
138 46
123 70
225 167
119 244
203 150
132 173
235 244
68 262
280 238
148 72
110 219
14 204
121 210
105 185
50 125
275 295
280 124
43 164
70 270
113 292
263 128
45 100
53 248
41 47
263 95
155 15
195 274
35 133
147 266
132 292
59 141
35 20
298 0
76 180
1 279
0 54
46 61
29 41
280 284
61 201
224 79
221 70
18 27
5 118
295 253
234 207
238 200
229 282
108 50
178 2
80 273
155 125
32 231
162 263
41 126
280 11
63 74
134 296
13 89
66 145
228 294
253 114
281 137
284 173
290 63
183 271
68 10
211 62
224 128
164 138
159 111
299 59
211 140
248 149
134 191
22 179
215 18
41 8
97 105
144 170
286 25
22 182
25 112
23 4
209 114
230 299
23 226
12 264
141 192
280 195
264 100
262 143
8 267
188 144
190 47
249 107
262 35
146 185
172 130
227 206
55 4
109 70
98 2
62 156
214 88
50 212
206 70
258 208
162 136
257 45
264 243
6 159
279 163
240 282
20 66
59 192
200 280
45 38
72 207
59 158
190 209
136 113
142 138
94 268
244 177
128 40
272 226
33 211
288 263
35 184
57 296
256 236
296 153
295 234
89 112
243 51
184 193
82 85
154 231
242 33
287 261
241 118
189 142
60 145
257 10
25 176
86 63
54 47
298 35
236 27
210 174
17 277
66 248
14 20
227 251
144 117
90 53
213 165
138 205
210 201
185 155
81 58
190 195
219 217
273 118
121 279
92 1
166 41
229 195
63 168
6 299
10 97
14 121
18 26
50 22
110 285
156 180
111 148
266 234
110 28
20 41
114 137
187 283
167 98
222 57
202 240
36 160
282 119
215 109
32 150
207 181
259 253
272 91
5 273
193 51
290 47
278 14
163 17
250 14
68 268
31 291
144 280
264 120
14 53
149 269
123 112
290 128
110 185
125 53
127 138
121 116
285 218
259 229
157 288
26 207
268 212
90 22
284 74
33 294
23 27
131 60
181 228
107 101
261 250
95 93
106 61
227 173
283 41
1 129
194 50
99 0
177 12
140 298
39 208
179 5
194 49
99 48
92 88
103 11
57 192
178 103
282 150
165 33
298 283
205 30
4 84
228 146
105 299
226 18
111 242
276 52
133 206
296 47
79 252
196 269
222 254
73 105
172 151
74 261
3 66
0 156
60 44
202 4
12 282
84 76
235 262
156 209
276 177
143 10
114 63
200 31
220 241
54 82
49 241
117 222
139 54
289 264
251 101
296 189
122 57
108 118
222 174
241 100
277 251
220 8
39 39
263 142
19 52
292 248
248 264
65 60
114 45
297 30
258 196
278 79
17 80
2 207
211 206
67 201
174 223
35 187
104 224
117 208
36 241
229 249
130 221
252 120
195 8
172 189
242 135
197 112
195 116
90 111
53 96
145 189
266 61
238 77
46 55
64 69
104 100
227 284
174 231
174 28
86 289
89 121
160 0
298 187
104 36
235 38
96 126
166 103
11 292
30 197
32 175
156 191
230 89
207 118
172 128
4 106
176 284
179 231
23 290
174 102
171 228
127 26
240 92
101 221
162 271
289 222
58 287
85 122
65 71
195 27
192 79
73 21
278 16
238 250
237 142
25 251
58 167
71 20
66 106
223 129
12 193
68 43
159 71
1 89
37 64
127 59
36 256
205 271
288 72
226 107
137 194
119 193
170 21
39 151
61 22
22 100
159 212
203 282
10 278
218 209
11 73
72 178
120 272
139 79
138 24
296 137
27 137
158 218
21 111
167 2
289 49
280 134
25 278
269 53
188 28
154 112
261 123
288 279
221 3
291 88
155 283
221 271
119 30
252 132
60 87
103 13
219 279
7 52
187 295
91 184
169 214
230 78
125 242
30 96
181 285
248 97
290 52
27 247
7 135
280 232
63 234
261 20
166 228
293 61
160 230
1 70
50 247
151 295
68 282
261 245
107 204
239 280
295 117
54 193
175 185
57 120
94 251
282 72
121 136
20 107
255 73
164 175
116 101
1 216
85 136
109 86
277 44
157 285
149 239
56 25
151 254
174 80
115 125
15 44
135 53
127 280
139 179
68 127
86 53
287 244
236 52
216 143
95 250
67 192
57 17
23 272
211 42
217 51
18 119
271 207
160 42
73 130
269 155
204 280
135 266
253 299
36 171
114 121
132 216
285 249
236 197
7 79
228 42
96 161
228 285
104 41
296 240
107 143
162 102
76 38
2 270
270 112
150 180
203 107
51 28
132 16
199 207
110 254
265 190
89 113
273 161
60 90
262 73
98 178
296 202
32 99
244 220
115 177
25 27
256 124
279 172
126 144
25 24
99 222
237 37
7 191
171 27
229 254
209 102
207 24
115 279
24 59
6 165
238 115
188 158
195 228
12 36
272 250
61 251
74 107
168 118
3 276
110 101
263 16
50 173
37 69
296 96
159 230
8 141
136 234
234 288
166 161
159 184
203 176
70 199
58 89
78 178
282 109
157 256
258 186
137 133
128 1
128 267
293 194
78 240
234 167
100 66
296 83
1 181
99 258
220 73
197 210
190 129
131 141
214 11
155 108
266 294
186 158
38 196
151 165
155 118
254 60
253 181
132 238
139 73
292 150
268 141
185 298
42 17
153 15
120 245
263 76
172 222
167 170
191 66
11 185
73 111
115 37
81 220
172 9
93 166
155 280
297 258
252 139
49 113
95 99
164 229
104 76
179 35
62 257
130 232
258 162
81 292
44 179
242 135
36 206
260 73
142 179
64 215
93 298
159 238
287 120
182 37
233 42
116 21
133 31
113 279
97 239
136 24
299 124
220 117
242 126
132 271
11 253
197 136
36 32
222 206
27 180
290 197
84 154
109 84
217 190
237 292
96 142
141 266
92 215
49 198
10 257
266 198
228 243
14 156
58 212
245 173
134 230
244 238
219 198
93 4
193 98
30 116
286 107
96 29
15 194
141 112
10 272
192 121
124 105
280 155
134 177
85 200
181 287
112 145
42 34
173 128
228 269
9 268
114 256
48 164
93 69
294 103
144 245
62 178
103 235
96 45
274 245
34 137
233 247
233 215
226 172
89 268
72 71
41 253
34 233
98 209
212 130
164 35
186 144
42 206
114 223
168 92
15 128
168 139
164 139
208 113
196 27
213 7
140 113
214 226
211 147
243 221
208 249
181 284
43 270
253 152
217 238
86 112
135 248
148 151
204 264
106 83
254 203
15 172
103 19
144 171
282 256
134 183
13 77
77 222
19 243
39 214
84 90
16 154
164 6
66 165
212 159
118 287
125 5
199 31
95 35
236 113
203 220
266 54
74 96
291 241
277 197
161 6
124 33
247 263
1 153
41 184
260 263
10 16
72 91
90 238
201 289
99 201
252 68
198 148
120 185
148 86
202 146
30 16
44 28
165 148
295 103
164 67
0 69
196 26
150 290
119 206
35 225
168 176
109 279
169 74
5 124
212 23
88 167
280 61
137 201
5 76
168 196
161 288
154 189
24 27
12 114
213 53
285 270
83 258
7 97
78 121
270 292
204 155
14 54
234 65
261 35
236 285
110 110
297 152
276 289
80 121
42 236
170 57
122 267
60 274
182 149
276 33
231 109
233 111
130 247
171 279
113 154
193 151
15 256
180 72
193 290
9 88
295 55
45 228
74 84
163 177
236 45
148 225
229 158
59 67
69 243
46 272
261 240
209 214
38 100
228 52
191 261
172 58
230 79
114 279
175 56
67 249
19 46
290 95
162 212
28 236
243 195
125 173
185 2
172 96
70 91
209 97
106 10
35 97
52 225
209 7
159 151
47 75
36 152
233 25
297 262
159 47
20 116
54 205
261 228
195 256
279 175
297 272
86 269
140 80
42 51
135 6
144 107
248 183
245 249
120 249
113 227
149 90
242 161
208 72
43 24
297 202
65 247
181 280
118 130
72 251
129 185
64 82
210 173
50 3
95 115
169 10
232 152
6 51
275 115
34 179
229 77
97 241
258 238
280 260
101 167
100 85
73 174
44 80
39 212
50 217
125 227
65 132
210 129
183 233
70 210
121 223
83 148
236 224
74 279
82 1
91 287
213 152
201 227
271 245
218 126
34 182
192 19
197 47
40 262
22 135
61 157
7 58
270 231
145 126
183 280
50 295
60 13
284 75
234 146
210 193
41 0
102 238
297 38
276 179
175 265
232 81
156 0
56 76
19 195
216 73
294 159
0 241
171 144
284 49
211 242
124 55
123 281
179 199
156 236
84 186
141 55
73 18
155 180
240 194
91 235
66 192
203 132
70 5
3 57
228 243
71 140
293 29
251 57
290 136
173 67
4 208
183 4
266 188
210 186
166 165
90 164
142 271
112 50
202 53
257 235
59 91
257 91
195 133
170 127
142 275
99 260
214 173
95 275
269 251
201 1
290 16
114 197
153 171
24 188
123 135
296 123
280 295
169 191
143 138
264 111
133 283
159 164
26 273
60 119
63 93
235 105
253 75
25 114
37 88
128 226
221 193
218 191
212 45
19 95
36 139
293 164
100 58
126 171
286 212
129 192
38 229
298 7
154 25
123 298
140 133
151 199
285 83
147 262
229 163
62 42
188 118
220 128
15 181
155 262
156 79
31 94
275 246
290 96
242 49
213 289
290 274
32 123
36 83
160 158
220 90
252 256
25 273
279 256
121 259
185 261
72 286
172 44
4 65
170 161
113 131
233 16
12 294
106 233
58 80
239 220
25 299
166 248
237 232
21 107
206 185
187 144
26 142
98 143
297 79
267 12
222 195
72 249
41 5
211 263
208 7
133 190
92 250
115 170
60 104
64 74
191 248
127 69
114 104
184 106
160 179
57 140
122 233
47 252
109 62
199 160
65 15
191 68
18 207
294 48
90 270
38 145
144 183
23 32
211 78
40 79
39 234
137 227
214 218
142 221
40 255
257 242
115 231
25 24
239 13
281 291
137 150
147 52
291 207
188 207
190 285
84 53
276 125
171 50
175 13
183 145
132 197
288 191
211 39
286 82
297 26
155 126
249 165
33 168
183 3
185 158
249 207
18 220
145 75
197 5
289 272
46 225
55 168
170 38
283 207
235 107
47 170
9 195
70 117
233 46
259 221
123 271
186 116
115 97
242 200
225 71
0 276
277 175
157 52
99 64
214 274
221 12
4 182
59 100
215 216
59 263
193 21
234 120
78 204
0 286
231 196
296 10
114 122
19 232
47 293
4 126
192 251
39 42
117 40
170 282
21 21
81 194
165 68
286 152
55 32
225 102
169 22
151 247
287 204
215 112
182 267
91 62
236 176
31 144
85 64
200 141
197 21
190 114
4 186
57 228
142 26
218 171
22 22
77 213
248 211
268 235
11 228
13 120
118 48
293 246
112 28
246 31
227 298
118 48
58 103
14 188
238 63
251 192
191 27
32 67
4 268
170 141
261 40
71 218
56 37
81 289
22 108
224 156
172 13
86 198
210 192
215 260
58 174
17 102
151 241
209 145
138 90
161 246
117 112
247 54
44 15
147 159
38 103
167 123
121 219
149 196
111 235
202 125
273 202
283 222
157 295
290 289
244 283
46 204
217 232
42 251
156 228
252 6
296 145
298 209
142 30
43 25
156 168
107 101
73 146
239 161
292 245
189 274
84 134
179 298
17 219
73 159
0 81
235 94
8 117
251 128
171 53
157 154
110 273
191 272
37 212
181 266
36 66
154 70
89 178
245 28
136 40
14 36
209 182
202 190
260 143
95 88
219 104
65 143
224 221
192 68
198 264
101 0
31 208
130 54
9 201
281 27
173 167
174 217
115 80
174 133
78 18
244 215
263 267
260 289
93 194
0 20
296 23
271 233
156 87
129 102
216 11
170 243
168 197
291 292
263 136
115 179
170 174
285 92
48 188
205 14
271 284
17 234
293 259
203 98
62 207
90 207
32 255
172 70
86 125
148 266
285 251
187 147
184 167
263 123
204 161
178 299
166 166
240 105
160 281
210 125
278 280
24 17
35 202
48 82
20 233
58 4
154 175
101 70
198 298
153 281
242 51
173 258
103 10
45 250
280 142
220 211
78 245
222 266
135 62
198 119
41 96
41 24
2 140
20 292
106 225
31 225
137 265
123 269
177 138
124 245
104 102
293 225
3 42
125 200
114 191
111 99
61 239
79 130
39 115
250 224
156 100
130 181
276 98
279 69
97 32
215 94
29 282
178 187
36 118
290 35
288 297
252 195
23 247
277 2
227 45
18 141
108 208
28 109
231 209
89 299
294 0
177 282
185 190
151 207
38 174
104 6
106 135
235 186
51 266
222 129
34 122
48 163
155 290
261 225
193 87
57 287
11 165
92 102
237 107
106 190
21 257
77 142
193 241
127 151
121 64
93 91
233 69
92 255
127 244
119 285
154 82
181 49
55 202
163 0
275 50
290 53
203 131
270 71
234 148
84 185
121 49
177 42
165 182
119 234
152 194
29 128
91 244
61 103
19 141
299 229
14 105
76 139
256 44
119 148
16 91
218 57
84 274
265 99
15 251
17 154
179 91
11 96
101 236
231 62
283 80
172 244
263 75
152 86
236 246
111 243
2 292
205 87
106 23
193 202
214 144
22 33
222 242
112 224
210 41
191 142
79 135
298 291
246 99
100 127
44 123
267 14
7 261
111 217
283 265
204 13
173 133
217 200
197 147
83 298
160 263
53 56
92 116
35 222
23 196
126 28
210 52
283 130
187 223
254 60
216 180
197 254
152 293
63 199
115 79
294 247
135 174
245 152
31 146
174 232
83 239
48 143
242 84
275 34
9 203
118 260
209 8
152 149
73 294
42 242
9 84
297 244
206 257
52 25
155 54
57 125
295 287
115 251
209 184
161 121
5 222
171 69
79 228
257 19
2 231
177 88
202 66
147 170
288 214
123 11
199 13
141 70
207 94
93 135
296 36
54 218
297 291
116 228
205 283
210 121
297 47
181 268
191 177
228 296
100 254
66 37
286 216
245 179
252 253
25 61
198 295
75 166
11 37
4 137
29 259
168 298
129 189
108 109
220 12
203 112
154 191
25 208
41 70
179 21
227 112
144 267
181 242
243 270
52 1
185 19
12 217
187 201
96 235
24 179
167 266
56 161
22 65
87 245
72 113
204 129
296 224
260 237
261 172
135 65
164 101
47 37
79 17
117 182
287 233
189 169
166 164
19 233
127 81
237 194
200 84
144 75
267 1
44 65
59 231
90 55
197 62
149 10
228 104
70 153
273 86
74 162
50 258
128 77
263 110
227 134
38 41
127 255
4 197
126 110
79 215
142 226
225 173
68 26
237 116
53 13
33 117
293 164
90 294
184 131
41 239
270 230
91 122
119 129
284 70
101 116
227 241
187 130
213 81
43 218
164 88
3 203
130 178
153 80
211 65
293 265
187 38
260 63
12 160
158 282
204 219
190 59
24 124
91 111
149 61
228 144
246 268
149 88
295 96
140 269
167 76
132 225
55 189
154 262
260 220
185 79
170 147
180 203
266 62
22 75
144 45
29 118
224 296
63 167
146 122
41 153
176 64
78 155
180 143
106 208
191 161
195 9
297 174
46 77
17 258
244 122
161 120
276 101
45 161
283 18
149 221
92 291
165 130
239 212
152 82
128 31
129 194
297 169
133 26
189 142
63 6
60 112
137 86
137 28
76 213
250 110
122 160
4 40
53 70
187 168
6 210
98 166
222 7
104 157
80 288
268 187
218 48
281 16
127 102
217 227
243 276
155 62
145 57
164 22
246 194
214 29
129 234
285 291
232 186
106 6
186 116
224 62
96 126
257 9
264 270
292 122
71 135
24 174
104 45
155 48
243 45
250 229
207 122
9 247
152 209
184 157
79 156
76 66
218 59
195 48
228 103
145 120
68 162
236 253
187 186
184 160
208 229
234 295
283 134
108 216
119 157
107 148
41 87
194 114
236 213
11 161
9 232
296 263
136 81
244 263
157 238
152 115
197 80
95 152
281 182
126 68
215 100
90 139
205 46
297 134
87 103
80 24
224 189
261 25
165 87
152 164
161 282
54 93
147 252
99 143
220 7
253 131
275 277
294 118
277 111
143 209
21 49
128 226
216 38
87 6
60 181
101 189
174 14
251 177
280 18
121 279
158 34
75 39
180 147
35 167
147 175
215 221
77 176
200 18
14 198
176 145
297 141
59 214
182 38
180 41
111 52
23 120
189 218
271 62
144 261
147 147
148 289
109 57
123 82
13 78
18 131
127 291
173 248
161 297
5 289
56 180
11 201
48 47
10 262
54 48
107 268
246 273
275 226
143 241
142 270
83 98
280 98
134 250
121 99
156 202
204 261
65 121
237 89
255 156
280 280
187 258
149 252
74 23
275 71
146 20
236 258
231 114
33 169
194 164
277 220
147 45
81 52
125 183
167 131
202 109
265 263
183 219
155 21
229 130
267 153
131 285
256 295
278 74
295 286
196 258
113 102
247 3
19 200
187 254
77 61
249 193
9 279
44 76
38 174
146 39
26 108
68 280
71 2
240 132
169 173
127 113
83 11
140 266
197 241
191 198
25 133
167 212
146 272
53 29
6 295
232 266
288 63
161 135
283 85
115 197
276 36
91 190
195 198
51 181
36 260
252 205
76 27
147 269
219 278
80 148
109 121
127 31
39 278
222 167
240 284
60 60
229 232
150 132
24 236
114 273
35 206
74 255
241 288
229 224
9 209
46 133
20 12
75 116
113 123
189 90
287 33
269 146
77 276
210 209
72 210
117 189
142 102
103 124
291 212
233 110
137 261
288 62
258 100
68 20
116 8
41 102
6 82
3 214
209 48
111 38
125 26
122 76
98 209
295 255
291 156
114 255
188 283
267 227
272 108
96 117
177 46
258 156
66 265
27 231
129 145
233 295
43 89
170 212
93 281
253 277
105 193
113 245
26 255
248 187
270 89
190 62
223 29
19 93
60 12
117 203
261 174
258 219
29 30
21 14
272 34
162 286
227 271
294 104
226 15
225 219
187 9
87 87
77 287
30 26
148 278
84 253
173 287
2 237
95 256
215 298
193 116
109 135
79 284
291 4
251 109
44 86
99 70
167 219
82 203
97 115
220 226
123 99
46 206
195 197
259 43
108 60
44 124
140 13
223 242
115 211
97 107
59 120
209 281
194 149
22 135
228 141
106 27
122 240
135 96
12 92
3 290
138 48
203 262
153 247
118 60
23 43
139 174
279 214
272 170
76 16
63 163
248 168
72 184
234 123
241 148
19 219
176 127
71 159
179 196
248 223
22 246
10 270
149 179
51 153
156 225
226 158
175 57
92 18
29 177
115 114
225 173
208 255
18 247
137 169
203 119
142 295
142 188
289 40
102 268
222 43
99 220
132 264
168 298
124 257
80 76
165 190
60 237
137 4
207 91
250 131
123 205
204 175
29 209
208 75
0 161
110 186
152 45
49 42
94 245
69 44
243 216
55 134
1 260
102 197
4 105
152 255
102 47
159 85
132 295
148 134
246 93
40 93
8 253
139 24
264 147
180 176
151 170
214 132
183 142
43 271
43 278
163 24
41 89
253 41
208 57
156 126
166 182
298 165
122 87
221 61
256 109
37 166
93 154
72 181
64 91
70 13
61 57
228 82
257 147
237 97
135 209
54 20
243 250
171 160
149 282
68 218
28 71
219 253
80 235
12 236
64 120
217 261
251 150
111 86
231 221
139 284
256 160
128 135
137 13
185 218
32 52
11 166
134 77
81 191
107 283
79 58
111 72
80 97
164 154
0 197
178 197
257 72
254 154
15 85
45 288
147 51
136 79
15 229
280 273
151 265
117 55
153 109
70 200
184 56
46 133
119 51
180 183
55 100
239 137
37 192
118 91
30 259
2 201
193 164
237 94
67 40
119 30
44 178
269 157
285 207
18 219
17 246
97 129
278 224
133 13
20 17
73 11
211 116
75 170
191 217
60 5
89 262
48 3
279 207
56 11
190 247
292 156
23 256
125 168
81 131
37 177
152 286
171 199
288 189
156 129
124 208
166 196
133 136
32 253
23 203
52 28
12 233
270 269
83 53
13 5
181 240
107 178
33 116
259 244
285 206
249 178
63 133
0 156
40 175
231 110
122 20
0 276
290 297
18 72
99 188
225 115
50 107
90 229
234 252
182 141
170 0
30 240
96 147
116 187
269 95
31 49
99 107
20 23
164 121
38 103
145 87
116 253
288 99
49 178
125 175
162 8
87 60
230 295
75 100
164 13
117 38
161 230
49 259
175 174
211 168
121 40
19 242
75 220
264 226
14 251
293 148
162 10
23 2
241 251
87 102
181 103
122 261
169 96
294 179
212 67
116 120
65 224
20 166
215 18
5 127
170 121
224 42
291 216
272 5
243 116
138 258
287 263
107 96
8 53
201 188
144 260
196 150
158 210
65 88
132 150
92 293
152 224
261 160
199 245
133 295
150 178
272 36
173 164
37 219
277 291
127 209
166 266
230 12
15 257
124 108
97 29
186 281
166 137
232 150
299 236
0 200
12 21
126 52
215 238
260 203
198 54
290 244
156 74
86 5
181 68
169 75
41 133
151 197
152 69
192 183
111 218
165 71
271 230
187 31
113 134
227 93
96 222
254 202
266 228
222 85
101 155
227 114
242 120
277 114
284 224
218 237
126 135
185 129
169 42
64 287
1 264
52 202
262 83
241 169
123 41
161 26
189 111
9 168
20 228
130 155
242 118
237 147
169 266
107 267
195 177
175 35
288 161
270 189
209 62
125 161
183 267
193 186
57 212
229 232
175 30
113 203
67 58
77 286
152 191
278 206
42 134
45 63
246 151
96 223
52 264
87 294
50 169
287 42
0 228
256 172
225 276
90 256
6 156
47 200
161 75
139 73
209 134
34 131
43 115
265 261
0 291
79 68
264 137
49 231
38 26
216 217
251 145
104 54
203 258
280 85
171 31
55 263
96 111
143 73
266 294
55 175
126 141
255 150
229 296
71 107
54 89
199 285
20 134
156 19
258 25
275 169
135 278
50 295
172 289
99 82
291 125
273 206
217 95
292 285
140 267
93 144
123 210
31 41
122 248
159 1
30 245
264 183
6 266
51 247
10 154
236 114
201 2
162 250
71 118
247 226
30 275
239 220
286 120
238 237
188 158
75 174
56 16
144 257
124 130
107 7
214 177
88 178
167 224
48 31
166 54
160 104
189 136
196 209
84 23
210 147
87 17
222 156
119 33
225 172
44 133
88 208
144 277
246 75
25 206
13 86
289 168
59 64
291 141
24 91
297 179
206 137
231 26
188 179
114 7
176 25
232 197
191 48
247 91
241 182
209 33
248 7
5 242
107 87
168 285
17 14
31 299
250 260
51 194
274 151
266 255
41 196
134 283
171 269
222 50
241 248
280 237
8 146
135 197
66 19
15 267
137 90
262 220
104 240
148 133
259 208
289 52
196 92
19 150
277 295
88 250
164 107
99 116
102 92
263 100
197 33
64 84
50 278
183 270
97 32
11 104
103 30
139 95
272 91
257 43
2 183
26 102
108 37
299 153
294 212
172 254
65 247
98 288
39 252
214 92
197 29
213 263
151 245
181 28
48 227
10 138
214 29
283 187
128 219
69 270
258 33
200 186
98 230
223 286
44 127
236 145
52 32
254 209
244 108
205 286
89 83
9 275
54 259
66 106
258 161
121 57
174 58
149 150
164 5
286 194
76 118
85 175
106 254
55 267
161 130
210 299
61 228
143 279
85 188
268 254
144 107
11 68
60 93
226 154
47 221
151 85
100 242
252 24
181 268
12 5
58 240
192 268
232 130
258 24
139 113
206 100
243 1
39 214
158 283
163 290
18 108
249 143
51 264
161 288
294 101
41 217
101 202
212 72
58 32
101 0
249 109
241 92
286 8
233 230
91 154
86 181
57 4
25 46
59 99
15 35
111 149
246 158
228 238
167 200
143 266
228 221
291 180
250 298
246 225
228 279
110 123
219 276
88 64
127 210
36 224
160 18
251 295
148 12
44 85
264 99
66 219
79 159
207 191
80 297
57 249
297 164
245 153
193 250
155 149
111 144
130 86
17 247
279 75
88 260
108 16
264 90
110 110
88 258
65 270
239 294
181 109
250 160
33 107
6 89
234 286
29 202
28 208
279 25
220 281
140 10
1 255
47 245
80 141
275 162
236 109
127 105
270 134
238 213
193 274
248 119
242 266
91 174
58 277
114 89
238 213
289 179
4 282
157 9
125 166
76 178
91 173
132 181
245 19
70 164
215 250
206 88
264 37
197 45
70 2
112 234
76 224
278 18
199 100
74 191
169 55
4 63
97 19
64 90
22 68
146 113
37 191
119 156
178 58
110 106
289 75
245 19
121 251
62 141
91 249
64 15
152 170
287 177
99 84
129 173
299 17
287 233
194 6
218 79
161 55
88 230
255 51
253 261
273 84
3 67
117 182
277 41
207 60
247 179
58 209
254 89
85 264
198 161
202 32
40 143
217 204
246 57
76 105
129 142
128 63
129 128
67 51
68 279
251 45
288 154
127 189
29 186
115 256
6 30
188 129
120 178
231 63
114 163
206 208
285 87
210 289
61 25
174 250
58 5
182 269
226 204
87 150
122 254
276 297
167 70
141 40
133 213
142 114
248 287
200 183
281 186
126 21
154 168
157 213
111 271
230 54
152 104
99 169
293 186
94 100
275 262
38 254
245 171
271 29
99 206
232 203
53 100
191 1
235 268
7 151
205 100
45 25
193 162
23 125
113 251
102 31
295 106
48 100
26 178
123 296
30 134
84 277
10 76
228 189
244 91
296 212
290 273
250 183
270 52
180 42
73 289
265 87
59 181
187 107
178 110
191 151
16 116
281 182
191 217
177 128
255 296
160 51
18 280
166 235
135 170
160 208
1 263
61 266
272 244
68 139
32 222
12 276
174 101
72 240
267 156
273 186
168 91
174 248
272 257
123 82
38 75
258 23
64 277
43 129
5 115
6 244
89 274
207 288
249 34
19 209
173 95
140 108
198 260
292 209
17 178
287 258
160 191
292 211
168 72
291 289
201 284
275 278
183 259
152 54
115 286
124 157
104 222
158 64
47 294
291 57
119 204
277 240
195 21
271 256
112 112
25 260
238 88
202 280
128 111
235 55
236 202
261 160
110 56
91 241
289 203
163 228
219 190
265 60
215 154
162 44
124 0
204 79
76 140
98 76
61 201
245 205
25 292
229 291
189 175
54 86
1 33
245 77
258 299
204 105
131 233
141 24
74 59
93 23
39 62
164 110
93 161
25 40
287 266
211 272
7 187
135 257
3 40
60 159
253 152
299 139
273 271
261 182
23 215
259 90
58 183
166 213
258 208
28 202
96 227
119 23
39 151
296 277
39 195
148 265
260 271
241 234
277 83
43 283
289 214
36 197
91 154
209 144
289 117
77 142
275 157
13 57
117 193
230 80
209 248
218 144
127 211
298 117
196 159
289 110
206 289
100 293
35 90
116 12
149 232
130 225
59 157
115 271
299 39
286 22
242 63
2 39
286 197
200 126
7 113
135 271
153 253
286 168
218 281
240 41
178 255
151 48
228 6
58 166
144 173
105 221
14 229
209 164
89 298
254 132
154 113
62 161
284 126
169 215
232 235
17 58
29 175
27 141
204 79
222 125
112 51
31 21
19 17
69 103
101 229
234 46
99 4
5 92
63 31
182 134
124 124
274 288
236 182
289 72
198 158
223 231
217 5
171 234
5 182
203 66
248 74
80 270
268 239
238 153
31 298
79 150
15 253
36 107
178 34
178 140
81 46
63 228
47 90
65 217
228 139
110 290
255 31
156 28
84 100
166 61
263 252
20 214
180 271
177 90
3 83
86 44
155 4
291 282
40 185
227 102
283 159
178 276
18 162
16 280
160 15
45 39
25 109
116 127
176 5
126 211
218 290
212 177
153 189
215 276
234 90
2 215
266 51
4 4
229 254
175 245
230 262
140 287
225 75
32 291
102 192
86 16
77 54
287 18
183 246
43 137
58 173
50 140
43 269
204 151
95 109
179 25
63 120
163 118
175 226
28 46
249 76
214 77
210 147
167 299
230 150
56 188
95 186
51 48
186 265
159 94
129 106
148 1
297 206
182 73
207 248
6 143
45 116
11 141
1 4
65 34
41 144
56 181
131 188
239 231
282 225
198 81
253 268
215 222
70 199
51 280
277 257
241 150
256 24
279 89
151 161
114 0
34 210
15 34
81 221
219 49
239 109
82 146
1 237
271 9
91 25
256 116
288 30
153 34
100 38
8 284
126 278
38 116
279 299
147 296
250 161
116 264
20 249
6 46
275 223
180 168
272 33
111 44
87 151
4 171
200 170
276 37
186 245
297 78
109 32
177 55
77 12
273 32
9 83
279 40
41 142
177 257
35 133
27 263
20 229
191 71
144 113
65 21
270 202
48 35
157 101
262 140
261 136
278 197
222 236
175 271
234 33
143 255
63 144
186 43
139 223
256 265
50 89
88 89
209 182
279 114
125 225
97 203
43 107
149 24
25 31
258 192
39 43
180 105
98 16
82 190
290 168
243 64
52 278
194 121
43 86
73 30
230 242
0 156
177 292
288 176
209 40
161 215
163 44
33 143
256 88
58 131
87 259
275 222
275 178
145 24
93 184
85 73
223 193
175 33
242 262
274 54
168 60
297 134
50 196
166 26
131 294
185 129
145 283
298 83
210 188
180 45
285 74
8 238
285 277
51 75
29 91
49 41
192 16
4 20
137 297
278 256
262 296
190 143
108 194
74 208
191 153
66 182
143 14
190 16
79 251
49 267
194 67
202 83
0 143
53 246
170 161
188 235
45 204
96 167
243 129
72 240
114 129
175 46
170 188
13 260
73 82
238 205
239 132
247 146
192 237
85 178
71 133
13 66
146 209
229 118
289 133
218 135
50 181
235 172
24 89
13 98
60 61
195 217
203 213
72 10
156 215
49 143
221 214
21 81
87 8
281 19
26 235
181 180
10 150
224 85
231 167
256 225
191 75
83 15
52 13
152 113
14 187
266 95
261 161
243 210
86 144
11 237
79 41
39 299
6 38
177 207
218 227
252 249
250 219
274 4
50 144
31 90
102 226
109 117
153 259
113 16
121 32
40 132
65 31
231 225
277 9
112 212
205 102
30 48
134 36
272 16
295 4
171 64
85 244
72 186
265 257
166 205
41 188
184 222
136 258
4 239
295 75
269 220
189 140
174 73
126 4
282 65
32 69
60 165
178 266
86 180
279 172
30 49
147 67
272 246
103 267
133 41
131 6
125 159
102 286
49 84
40 236
289 37
59 187
115 178
109 153
232 95
190 100
223 156
267 81
65 258
267 25
100 92
269 195
278 203
284 221
38 220
248 213
279 163
222 227
297 261
123 117
242 221
56 266
259 221
112 178
172 47
190 256
131 72
158 295
114 196
223 81
122 138
208 184
252 226
25 154
127 227
224 36
254 48
68 241
226 193
153 111
118 107
145 278
111 35
171 273
112 12
90 241
252 181
32 61
187 46
153 64
212 229
149 99
234 210
239 53
152 3
200 160
145 14
198 39
141 238
39 296
245 295
27 6
138 115
113 8
82 96
17 84
248 117
253 253
189 264
244 33
228 46
143 144
173 225
206 93
112 170
214 257
213 3
10 38
137 59
299 94
98 264
145 256
64 55
156 188
139 18
253 237
99 100
132 261
69 276
2 124
167 178
170 108
290 270
1 26
26 203
26 145
54 1
294 149
21 140
29 88
112 237
125 275
77 97
50 5
65 49
201 195
226 181
190 141
225 256
268 122
140 266
229 194
280 235
233 74
115 49
151 215
178 162
26 0
140 138
6 137
120 286
297 279
153 84
95 191
156 35
285 86
269 38
299 142
147 272
68 262
164 254
227 226
295 84
9 237
173 173
140 58
99 285
239 83
97 160
230 149
56 84
149 244
96 163
52 8
253 287
143 270
33 111
123 119
293 236
149 182
154 41
135 73
207 116
58 227
48 234
265 203
86 267
155 186
155 29
92 284
49 65
208 161
114 116
10 89
96 17
2 217
214 26
119 87
269 105
237 178
198 50
43 239
282 194
93 201
113 239
168 252
228 199
21 5
188 217
159 114
188 130
88 129
64 25
150 195
40 262
35 129
233 135
248 240
227 150
115 236
199 140
15 2
153 241
238 250
260 38
279 241
160 257
89 28
17 217
182 209
269 29
102 139
283 34
196 83
172 293
108 195
232 143
233 200
65 250
9 22
226 55
139 240
152 45
254 151
169 260
105 231
233 186
229 140
122 0
297 29
176 66
117 263
10 10
285 197
187 243
272 218
150 120
19 200
188 264
190 248
265 61
280 60
93 0
269 77
255 40
52 208
86 283
219 212
276 183
61 122
99 91
222 8
96 268
252 151
254 147
128 268
272 127
26 10
232 174
14 103
95 105
10 273
47 158
147 261
150 261
50 68
178 283
101 106
278 80
31 6
4 200
286 296
272 86
167 169
135 213
80 59
18 92
117 93
42 203
115 280
67 260
146 278
177 125
40 242
26 171
239 159
171 57
86 50
109 225
112 270
261 192
189 95
220 267
187 41
41 281
139 274
223 53
288 291
44 212
59 99
34 265
83 35
188 139
96 290
240 91
289 134
275 21
99 240
1 175
2 148
228 112
114 78
40 103
62 51
265 39
249 77
182 253
261 175
49 160
234 177
123 246
97 170
140 213
254 64
41 276
285 170
38 146
24 171
207 70
228 13
62 247
87 254
65 67
157 53
217 231
89 200
224 6
23 181
273 166
204 248
254 145
63 273
90 49
81 131
188 227
64 14
123 60
25 70
60 167
45 157
222 93
214 75
192 253
90 231
175 271
68 223
283 35
217 102
154 139
276 26
266 180
48 151
20 149
20 68
215 286
3 1
210 233
40 101
115 280
164 191
231 285
205 188
177 114
58 76
188 162
96 22
284 91
62 180
230 206
260 182
271 220
108 199
293 119
97 207
69 122
268 252
226 86
63 105
0 109
135 188
24 104
140 197
157 112
244 260
145 203
30 146
253 145
157 39
284 15
33 281
128 86
176 190
78 188
252 133
134 34
210 201
175 229
155 258
9 124
85 192
206 60
249 100
2 30
270 200
245 46
80 29
97 94
288 236
166 240
45 115
5 32
174 60
173 46
187 213
175 126
39 116
85 216
255 288
110 115
99 265
237 107
29 130
146 257
133 14
6 139
63 2
66 57
191 102
173 103
24 106
281 72
220 212
59 207
99 139
91 110
181 185
178 180
208 38
203 268
138 221
38 266
138 30
29 129
202 50
158 298
287 259
209 11
151 265
148 44
193 232
262 193
234 80
281 102
254 284
204 5
271 67
10 72
247 296
91 100
214 188
18 36
4 223
290 130
180 104
58 189
234 285
65 202
185 177
179 199
140 93
96 153
248 211
81 179
291 221
182 181
77 294
62 98
122 242
191 162
81 119
231 94
115 16
202 130
46 141
296 67
112 250
166 144
270 102
214 208
17 173
231 143
253 167
138 91
110 39
254 151
40 246
169 15
75 42
204 85
219 158
59 202
265 221
2 87
278 188
217 7
30 19
85 12
76 117
212 201
78 111
245 14
87 5
74 108
197 63
141 171
31 146
56 280
270 132
211 189
215 50
218 254
297 26
214 230
192 36
87 223
6 22
119 194
100 156
179 61
33 134
185 119
198 50
244 102
11 130
58 196
209 11
161 229
179 298
135 157
76 18
233 164
252 167
181 136
85 90
171 277
184 136
156 174
178 237
54 65
139 6
150 5
158 219
234 295
296 151
265 193
271 136
124 298
241 226
226 86
189 259
13 68
37 76
139 285
143 150
241 200
228 266
27 233
218 206
8 33
15 235
195 274
40 191
233 38
108 151
196 156
239 16
258 56
162 226
28 140
166 148
270 157
217 185
237 33
221 256
64 85
64 56
50 63
252 0
143 186
106 179
198 12
290 285
139 115
270 63
263 80
228 68
64 1
100 216
116 69
228 233
27 188
18 77
129 0
91 267
265 256
94 170
5 295
96 234
146 134
266 36
87 135
53 34
88 219
205 171
41 43
98 14
51 60
13 126
56 60
216 192
140 20
193 258
156 116
153 18
258 39
285 25
212 56
14 41
47 4
233 104
261 101
105 18
83 79
20 85
180 40
140 174
199 43
17 267
145 159
209 270
115 87
45 210
117 144
162 38
119 298
253 258
49 193
102 280
273 132
30 264
17 13
252 240
292 204
265 242
240 60
11 260
165 187
266 150
259 35
33 257
201 177
20 169
49 51
135 83
153 23
264 177
298 123
119 159
143 86
80 166
55 219
113 215
79 245
44 272
83 101
275 207
37 150
83 272
155 297
251 23
39 166
118 8
111 257
251 32
299 0
285 191
42 16
29 188
122 236
134 191
52 260
8 234
42 81
247 271
193 4
271 37
43 40
230 207
20 179
289 124
183 61
98 129
84 227
136 116
132 31
73 44
243 273
78 38
212 256
64 120
202 260
139 82
9 268
168 256
177 32
51 21
38 82
156 123
6 219
127 264
24 177
192 216
84 64
158 147
77 68
171 12
253 175
6 175
141 160
61 291
19 145
181 166
257 204
155 172
274 110
122 78
269 17
79 9
172 129
1 14
208 39
289 80
279 202
167 288
92 168
244 242
203 54
104 190
247 159
274 59
119 263
61 162
56 46
242 68
235 180
284 95
243 180
34 216
9 233
68 76
245 158
111 158
27 5
57 190
70 258
87 10
100 171
2 270
271 117
260 82
292 276
72 166
264 232
73 40
293 42
10 235
257 236
247 249
255 105
159 213
25 293
2 288
204 150
0 98
105 247
244 109
45 201
56 289
133 0
240 102
111 73
296 55
236 266
97 174
280 298
275 189
73 227
158 231
292 119
66 238
283 17
104 243
274 100
14 191
20 153
275 265
104 101
142 87
14 236
7 218
76 9
191 80
293 241
215 80
138 88
85 91
26 246
203 277
28 275
103 124
298 161
235 284
269 258
78 142
136 296
26 131
240 70
85 22
115 163
28 272
84 170
35 27
63 140
67 215
165 250
228 26
278 98
167 299
5 278
248 190
103 137
290 176
58 70
82 60
146 17
191 126
36 163
167 176
156 122
133 2
74 108
262 254
5 202
291 32
67 236
85 68
42 47
86 46
278 242
297 77
80 63
286 52
224 293
114 181
130 112
31 294
129 285
197 163
10 127
2 73
168 246
42 240
240 21
242 106
70 78
205 253
11 187
133 15
94 195
273 45
154 15
295 7
190 271
193 60
252 75
65 282
266 12
281 187
276 211
85 125
284 289
143 101
210 119
162 242
38 15
71 11
164 107
223 13
83 82
99 281
130 211
51 32
111 174
94 47
23 234
240 262
290 281
213 28
94 264
195 40
88 202
138 145
26 187
54 31
231 89
42 265
53 40
274 135
154 151
297 81
93 31
210 83
119 210
262 26
102 153
191 22
199 216
297 230
288 93
160 272
298 280
27 188
47 127
266 215
201 147
38 67
4 211
120 209
247 102
105 290
57 98
54 174
234 136
278 159
135 115
121 165
65 148
225 148
61 255
266 5
231 53
191 219
52 105
258 245
263 257
38 196
85 70
248 95
195 163
8 64
35 179
157 31
113 250
241 14
272 57
272 283
235 32
41 185
242 215
118 9
86 241
151 103
95 295
8 124
222 226
109 188
274 54
154 97
288 88
286 148
186 135
142 168
40 178
267 32
270 274
98 290
121 290
116 195
281 252
108 40
211 164
282 97
190 175
202 245
142 12
283 56
0 71
162 235
285 52
33 291
258 175
143 162
125 296
6 289
165 8
181 202
285 299
203 280
234 236
129 54
118 210
123 182
298 184
80 289
218 182
230 280
248 220
73 26
129 9
173 232
140 174
268 139
170 264
8 8
4 10
108 252
169 41
124 228
38 241
186 91
44 170
85 102
214 68
77 10
24 192
58 197
112 110
163 140
271 213
120 101
281 189
187 11
155 198
24 57
21 214
222 74
151 240
28 85
253 47
250 249
88 106
264 56
299 180
116 129
220 221
120 111
78 86
132 291
259 212
147 11
275 119
78 32
23 206
207 209
12 20
245 260
234 13
124 133
281 152
168 138
33 192
189 16
244 39
278 113
68 118
22 131
2 141
259 139
50 272
106 255
10 206
56 231
263 16
298 201
198 286
201 144
112 277
86 239
79 128
250 276
247 2
114 6
41 25
52 5
296 24
297 29
163 242
129 239
13 277
72 276
286 221
120 110
250 268
76 121
48 175
254 251
92 88
36 134
10 86
160 298
296 289
204 186
197 121
167 1
247 180
237 235
119 228
215 76
192 134
47 205
64 221
197 148
102 101
160 40
207 241
234 155
273 73
292 268
151 270
161 70
87 100
29 5
249 58
77 291
240 195
231 174
34 175
59 272
82 192
54 166
201 249
191 45
265 122
245 66
268 81
23 242
274 272
140 236
67 165
257 58
7 64
19 74
114 223
139 197
71 165
254 126
192 101
298 155
244 223
8 231
56 144
151 109
90 287
84 151
104 200
84 133
19 61
233 166
299 96
82 234
5 260
254 150
115 82
186 250
211 266
151 245
150 273
257 164
265 282
65 35
237 259
159 235
75 274
146 229
293 160
22 17
247 240
232 76
27 10
243 282
4 7
251 297
255 62
297 97
83 208
183 20
121 49
259 275
233 171
272 196
167 19
34 256
124 121
274 240
248 73
150 210
190 76
287 96
264 137
209 170
72 248
292 165
33 8
149 5
112 166
182 59
150 23
295 90
272 244
159 127
160 136
146 297
139 231
132 233
147 166
285 148
174 166
212 91
1 180
116 95
202 150
215 210
104 156
241 176
168 121
80 107
276 205
29 90
272 278
160 115
233 217
278 10
66 239
6 149
123 149
240 133
59 96
183 12
186 5
235 178
144 85
276 49
7 253
90 180
19 57
57 159
13 193
210 206
0 199
271 289
195 73
49 15
154 5
190 81
82 176
219 130
274 177
260 297
201 264
215 263
269 273
129 152
163 51
93 179
48 21
269 120
120 10
110 256
68 220
275 33
242 160
295 254
161 110
174 167
112 178
195 199
250 263
127 286
210 66
96 69
176 65
297 240
279 35
10 291
85 272
88 150
264 240
104 141
125 283
273 150
291 130
13 225
71 11
230 167
70 18
55 153
50 195
13 288
46 49
45 237
42 50
16 109
35 296
6 217
132 2
224 2
270 143
211 134
4 176
138 106
13 201
25 62
1 248
143 260
7 178
3 295
57 236
109 132
96 42
60 24
139 259
246 193
68 252
169 107
219 97
58 224
0 233
59 199
48 253
11 142
174 77
74 113
141 246
190 257
179 257
72 169
40 297
293 297
40 24
68 60
199 75
267 192
265 182
54 261
274 153
109 256
135 123
57 151
291 230
101 67
228 271
139 246
255 129
264 124
96 234
162 64
10 34
151 95
11 99
53 188
295 94
226 81
180 118
17 219
126 208
236 80
174 195
117 284
13 276
234 161
170 254
62 178
92 62
225 173
190 169
118 271
75 297
80 252
266 294
85 87
292 68
268 42
92 267
189 38
10 248
121 268
7 32
199 66
1 39
22 174
224 281
238 165
211 265
235 176
68 45
253 56
296 172
146 151
23 241
56 92
224 193
252 84
104 197
184 36
213 51
214 133
158 13
124 221
45 226
19 12
76 257
298 86
159 55
126 293
64 159
118 259
217 50
140 256
161 182
217 91
107 286
233 72
10 240
8 85
128 144
289 282
190 2
247 38
157 101
74 56
75 145
39 289
258 114
51 15
30 76
74 168
231 34
118 49
18 134
37 97
166 41
33 168
167 283
196 159
269 229
113 115
44 241
264 40
115 120
179 236
170 86
137 264
246 274
29 236
235 218
53 61
269 7
122 147
145 127
124 194
50 42
207 148
188 97
133 272
151 150
58 115
193 97
5 83
179 88
279 279
100 264
146 225
170 288
139 228
195 39
285 0
290 1
248 65
74 114
81 147
5 254
141 203
239 262
84 34
211 68
26 101
132 145
205 6
261 292
177 11
233 208
240 178
156 293
123 263
138 42
182 241
48 285
142 72
76 221
251 80
195 21
269 92
87 273
232 246
231 29
260 223
206 242
188 97
64 54
101 263
15 92
129 236
8 3
281 258
156 117
284 262
266 85
121 52
145 212
277 77
266 229
86 72
247 252
296 206
171 99
111 65
25 201
258 85
269 278
186 245
108 13
53 186
198 171
269 72
88 32
79 134
150 244
151 77
222 286
146 287
140 87
138 114
295 35
99 251
135 98
297 128
160 43
118 251
281 57
132 243
221 172
247 185
83 8
221 289
80 216
219 224
189 206
188 184
167 52
185 248
261 71
254 203
45 66
210 282
190 295
84 112
275 84
198 259
61 256
114 223
10 153
280 255
17 164
211 32
54 39
193 26
56 110
241 0
74 224
267 139
155 65
74 11
216 260
134 215
178 13
118 55
132 183
99 36
10 231
122 112
131 55
17 4
298 160
124 5
295 46
289 146
99 107
179 209
39 200
249 15
287 77
32 281
153 142
252 198
96 82
191 130
148 71
71 227
72 59
262 123
26 281
141 50
246 175
21 254
250 243
260 188
283 215
204 115
129 101
265 256
103 0
216 91
220 15
11 233
143 238
126 221
75 194
291 182
83 12
151 246
4 50
210 58
169 112
293 180
225 286
147 107
43 216
37 191
232 69
299 187
72 98
102 237
134 261
229 106
126 68
190 38
64 9
11 2
17 203
202 157
132 90
170 178
27 111
207 146
200 130
38 94
9 129
288 60
279 4
219 180
96 238
182 51
90 171
295 228
262 222
202 22
135 65
58 123
57 103
213 91
285 98
85 41
208 148
267 245
185 83
176 154
90 286
202 49
31 67
289 29
108 70
143 58
75 250
35 48
280 151
283 95
283 65
203 177
27 91
195 152
189 108
198 137
4 210
263 92
181 265
138 129
158 43
286 91
49 53
24 213
232 94
67 15
42 237
25 23
190 266
287 274
241 247
265 164
66 171
167 205
161 36
290 131
149 255
245 15
31 96
59 289
214 21
66 297
11 274
123 194
81 148
191 159
78 289
46 238
121 150
198 51
237 191
199 205
86 76
277 259
165 258
176 192
129 174
291 75
255 197
148 270
151 150
66 78
198 60
231 77
71 169
237 286
115 40
132 224
37 206
156 98
24 96
275 194
82 111
203 196
185 99
193 145
239 255
137 161
102 292
239 173
28 174
284 205
117 187
82 130
157 263
159 147
171 213
39 184
20 101
160 158
157 115
138 137
75 118
19 256
97 159
109 248
81 269
90 278
288 142
117 35
113 232
116 62
208 280
138 254
233 242
204 67
134 240
176 299
282 193
2 218
182 167
80 204
100 29
126 224
110 182
150 169
122 183
68 288
186 279
2 29
77 248
38 233
26 228
59 291
188 30
118 83
27 279
33 77
92 33
38 52
74 88
298 253
275 83
35 62
25 132
110 269
291 154
113 29
96 54
19 165
2 149
117 126
278 101
270 171
240 90
258 153
220 222
61 290
16 285
241 64
71 293
239 159
49 61
76 101
30 158
284 31
14 44
48 295
209 1
162 8
45 206
245 162
149 96
288 179
275 234
214 69
22 133
243 17
153 167
206 5
1 296
1 45
99 105
298 153
21 133
174 156
123 186
270 22
102 35
232 105
167 99
294 104
249 125
98 62
81 212
164 269
178 29
129 34
1 37
3 120
52 33
69 49
187 154
266 207
186 239
105 115
296 37
271 37
10 191
260 175
298 260
240 267
228 161
268 19
173 95
268 122
24 270
45 14
26 30
175 275
295 47
117 28
191 212
31 171
156 9
76 291
28 147
195 10
4 163
58 85
263 95
48 98
98 251
21 158
27 276
170 178
153 148
155 32
238 112
134 274
172 59
113 211
29 19
130 202
102 240
291 127
182 220
32 20
2 214
43 4
133 149
164 99
282 106
235 293
153 276
198 292
284 74
168 215
122 140
120 19
113 245
169 131
216 84
234 269
27 207
111 43
157 244
192 145
87 141
195 155
200 105
289 264
258 76
195 223
131 10
264 181
176 44
216 226
273 34
99 131
145 217
256 10
297 224
21 204
167 222
204 257
266 74
22 235
198 135
20 31
199 150
251 108
173 241
182 21
288 250
176 85
164 202
118 153
102 231
117 83
251 192
40 118
215 3
244 127
136 161
127 27
30 19
292 60
123 112
132 32
188 275
23 116
230 188
82 208
60 18
102 64
132 86
180 258
1 68
89 271
135 85
179 267
63 274
50 271
30 149
125 245
173 59
294 109
281 188
188 21
13 139
159 108
127 166
216 202
246 217
129 267
211 105
93 264
288 270
151 188
251 201
242 113
113 154
203 34
31 55
36 190
237 87
227 61
296 261
73 40
207 252
255 106
154 188
24 45
214 214
52 63
41 22
22 239
4 257
130 268
86 126
3 86
110 161
278 30
296 42
168 236
77 256
93 226
126 250
80 120
160 258
270 163
247 131
282 211
176 82
232 32
232 170
47 206
191 161
60 74
230 275
203 270
170 80
27 232
171 88
198 190
116 283
254 171
175 257
228 85
77 293
249 48
238 25
270 151
118 243
214 269
3 234
185 53
242 156
171 188
126 218
273 130
89 99
3 105
271 271
224 101
39 138
128 165
242 297
221 269
289 134
9 31
208 102
127 233
79 135
170 212
203 100
167 92
96 228
199 40
59 133
227 268
216 221
71 142
111 31
80 139
84 175
294 135
231 161
224 38
17 221
88 256
11 48
170 292
179 109
88 232
240 266
178 66
282 139
49 131
228 223
154 135
97 15
265 198
152 184
290 45
12 11
22 258
257 293
237 297
93 116
63 53
166 66
235 75
61 144
253 252
82 298
229 91
113 87
238 170
261 36
111 8
1 218
139 46
298 16
226 62
5 28
270 168
187 0
127 199
137 139
272 30
192 64
217 136
114 224
176 160
268 214
252 12
154 69
289 139
197 77
286 27
39 250
177 287
141 167
101 42
244 292
135 119
103 129
7 66
260 259
96 64
58 152
61 174
294 128
12 138
218 292
83 283
101 133
134 157
180 30
258 163
169 152
285 264
151 5
192 194
236 222
190 213
103 223
181 193
88 50
246 280
47 299
13 103
92 124
232 11
96 47
111 279
154 13
147 267
224 142
108 170
49 12
286 99
58 0
181 166
221 236
129 113
206 181
194 266
231 284
161 142
252 96
76 7
7 117
214 282
178 29
120 179
69 172
148 157
145 128
136 55
175 194
61 69
1 77
9 182
37 273
249 22
28 263
140 163
200 110
213 104
20 258
158 68
290 135
276 206
284 154
275 43
126 56
195 198
214 102
213 288
53 13
7 218
224 157
1 9
218 57
85 93
28 291
261 9
125 198
249 98
266 131
268 38
126 216
267 187
119 83
178 148
286 174
40 272
169 2
222 250
224 166
245 21
62 104
102 262
55 225
77 90
251 158
91 236
228 192
185 270
229 100
85 18
12 155
201 15
198 22
158 211
219 14
86 298
144 63
289 35
30 293
88 88
142 250
256 158
98 189
58 73
194 50
221 15
164 198
0 254
102 292
117 147
88 112
87 274
72 212
207 117
81 42
112 126
85 94
227 55
182 132
142 156
2 18
282 61
96 3
240 272
189 120
63 70
105 296
53 1
48 88
265 134
88 148
121 237
99 91
164 246
207 17
226 44
47 13
150 68
233 176
286 140
207 82
272 225
0 143
259 61
100 21
209 156
61 128
65 75
289 49
268 297
190 197
288 161
286 162
35 279
37 44
296 184
130 125
222 173
10 138
214 156
165 164
105 75
164 165
98 63
81 263
51 298
123 147
204 31
152 71
203 63
149 109
199 85
181 151
0 224
298 233
230 34
46 251
156 268
255 281
190 208
41 216
173 200
251 117
242 275
182 54
98 119
10 64
199 289
35 266
240 24
40 85
193 270
43 129
152 64
200 291
20 30
267 96
18 258
169 275
239 298
127 35
291 209
172 196
13 275
191 291
235 183
169 148
244 41
100 204
188 55
10 149
50 192
97 253
10 152
164 228
75 84
107 50
249 276
151 255
178 260
94 89
214 250
270 104
29 74
232 291
169 258
149 195
170 174
135 207
82 220
76 112
182 104
299 14
230 12
223 192
112 233
289 279
120 110
136 10
67 248
171 88
207 136
159 107
6 248
4 74
82 121
189 199
167 27
299 238
238 191
223 61
289 150
284 202
61 146
224 62
13 11
46 122
285 127
184 80
77 242
157 273
83 194
263 155
262 61
204 208
184 145
168 257
121 69
265 109
73 72
190 17
233 107
157 90
44 129
245 259
46 35
0 268
212 235
281 239
32 140
227 115
34 219
187 234
52 252
260 152
100 148
224 67
172 137
182 61
185 64
231 27
101 64
243 101
96 232
267 188
59 146
182 279
205 0
185 88
294 198
146 65
92 292
127 263
123 50
148 115
178 174
29 288
217 186
230 112
283 203
3 156
171 248
163 47
150 21
45 293
51 167
181 136
206 181
112 157
173 187
48 215
148 273
133 166
194 199
183 72
271 11
167 194
270 148
81 126
190 260
221 100
163 32
214 234
75 219
227 51
83 157
29 184
159 233
249 9
10 42
1 147
125 30
276 148
192 273
174 93
67 166
85 14
262 61
229 72
69 129
276 48
239 270
165 284
271 3
279 190
6 36
143 119
59 121
115 117
129 136
96 4
154 163
38 271
294 38
203 15
47 282
246 35
182 175
21 65
83 264
155 188
154 265
145 134
186 168
26 4
86 178
295 157
10 85
211 71
286 34
78 299
270 180
231 165
150 228
233 186
131 151
86 9
12 196
160 26
38 29
95 74
128 207
178 100
33 205
284 99
50 285
108 58
89 235
104 26
291 260
57 217
203 168
93 181
135 129
233 52
211 279
149 135
231 179
201 177
265 104
229 234
173 0
52 267
206 136
132 73
38 122
45 251
70 112
130 164
199 144
197 117
244 25
299 48
295 250
296 221
203 291
123 242
268 260
103 221
200 270
191 89
177 86
101 225
97 132
29 64
42 91
196 245
230 159
161 269
39 230
166 204
222 29
157 243
39 197
103 126
138 84
83 104
76 12
210 109
102 197
57 170
9 281
65 254
261 296
160 98
289 63
145 298
201 62
238 18
110 8
151 204
5 205
36 258
153 57
292 270
6 33
103 271
202 39
89 290
59 58
133 41
228 97
197 150
267 101
3 123
149 94
105 54
291 94
204 225
20 60
160 32
155 119
230 107
32 108
158 255
248 120
84 231
182 18
93 28
115 166
290 204
118 131
115 225
229 99
30 23
2 190
123 191
35 238
84 258
234 296
156 261
108 131
118 24
241 272
105 228
16 36
12 12
5 177
244 147
3 134
109 83
203 288
97 136
25 262
235 13
37 127
170 250
67 245
248 199
260 138
295 286
177 255
185 17
189 119
103 112
29 29
121 204
128 224
219 275
281 264
247 137
15 60
77 185
208 112
278 56
261 203
86 226
134 115
212 36
253 49
274 118
111 155
121 223
80 244
262 267
51 186
36 239
54 226
66 233
24 212
170 62
168 46
140 224
151 241
212 274
232 15
58 69
151 186
71 154
251 19
11 163
181 69
243 121
193 263
112 206
142 246
103 40
55 90
70 131
136 131
57 196
201 144
140 233
278 211
294 297
135 142
159 180
64 116
243 124
141 173
149 71
184 140
172 176
157 31
154 182
231 28
27 40
35 66
116 224
74 8
71 41
92 2
6 289
76 178
209 179
264 279
247 170
298 64
169 216
79 245
40 286
76 235
111 2
141 70
3 42
225 296
276 64
35 182
189 34
114 13
30 114
6 199
87 245
44 49
160 56
244 274
290 219
93 112
209 44
197 188
144 174
255 152
294 257
143 107
89 271
58 121
77 30
280 23
12 206
135 174
32 103
120 268
185 177
159 109
115 38
150 253
252 63
219 40
147 74
165 234
16 247
184 46
104 6
181 273
211 125
85 202
94 133
91 153
259 211
264 29
73 37
151 282
61 171
135 63
266 81
185 206
0 149
291 120
169 195
96 117
68 106
273 279
263 77
58 298
236 104
80 161
246 57
113 244
216 296
6 133
93 298
117 230
205 154
229 280
82 86
38 221
145 244
35 148
121 212
80 168
185 59
271 228
126 167
78 6
136 88
227 41
201 207
29 263
246 154
256 273
163 236
14 269
120 116
293 2
99 296
38 264
70 26
247 192
102 198
21 84
226 15
140 4
50 28
179 277
78 243
226 112
155 7
229 209
6 116
21 87
297 85
250 49
140 59
267 92
179 75
240 152
123 33
75 62
219 24
267 21
65 175
192 203
37 214
246 259
70 35
136 267
2 104
39 296
182 254
216 45
71 64
106 15
166 280
268 159
126 206
198 74
87 268
1 255
117 110
123 287
3 12
87 112
209 141
227 23
227 76
34 58
86 292
231 271
72 40
56 291
228 236
295 123
110 288
163 3
44 151
297 1
51 155
214 24
147 132
100 253
160 205
197 72
87 74
172 217
279 90
134 227
203 5
291 248
253 273
299 263
96 109
210 16
258 23
24 109
183 179
156 51
296 69
223 173
296 225
10 285
91 199
252 26
13 285
248 129
200 288
248 70
290 65
48 232
178 101
204 228
114 204
42 15
159 109
261 164
122 142
105 209
116 143
80 246
2 21
148 147
196 143
62 75
108 82
247 28
42 294
243 108
280 291
295 183
126 57
121 6
238 90
257 105
103 141
134 61
208 122
206 139
202 291
126 212
261 212
153 63
295 115
288 79
58 167
32 106
145 154
227 83
174 32
104 144
64 76
65 272
247 95
91 16
108 196
27 94
201 65
177 98
75 204
57 58
104 10
71 115
132 195
95 163
90 176
236 240
32 82
270 272
282 271
298 141
256 2
32 158
269 134
239 200
102 263
110 262
207 135
172 236
214 167
270 9
34 291
118 234
29 291
84 141
291 18
111 76
202 39
278 296
164 45
280 197
116 136
89 258
136 28
174 158
10 258
220 91
125 184
215 40
102 94
246 74
247 210
145 295
109 187
236 209
229 23
59 235
226 45
245 30
2 281
75 138
246 153
234 102
30 62
144 29
257 164
263 253
128 213
4 74
273 211
132 118
145 24
11 14
146 113
210 0
162 155
3 57
96 261
260 174
33 218
105 277
182 164
127 158
281 238
27 192
128 288
89 245
211 207
210 207
75 193
146 52
206 107
43 145
143 12
129 201
116 27
156 197
260 189
229 202
125 226
273 173
96 218
163 237
13 124
5 104
238 162
240 199
157 93
250 180
23 283
240 71
93 112
202 297
137 25
228 131
134 48
104 278
97 76
191 99
281 114
175 31
106 91
222 26
270 95
198 237
220 145
26 76
229 105
95 93
121 220
38 78
1 220
19 223
4 67
45 145
30 257
26 170
102 216
152 113
42 265
76 155
101 295
98 206
235 8
158 294
260 9
272 221
144 219
93 14
229 72
108 151
7 65
77 19
175 45
250 292
147 126
25 29
114 158
138 60
180 179
3 217
236 295
85 254
125 248
36 187
11 176
30 220
216 254
149 6
105 49
54 119
46 235
103 22
277 106
203 295
242 149
102 193
85 205
180 172
39 92
253 111
67 192
41 284
268 66
144 189
181 51
211 252
189 174
149 27
164 171
6 241
250 168
291 35
85 298
166 154
162 82
178 26
20 109
68 112
154 65
130 74
10 138
88 94
162 253
140 145
92 101
199 125
144 66
55 27
178 169
263 199
134 254
159 81
102 66
221 55
104 88
4 254
146 189
299 165
36 166
31 203
19 24
91 18
18 29
110 118
149 91
33 30
95 261
288 35
22 129
184 133
203 72
35 75
131 277
284 208
141 173
38 282
270 298
261 236
281 87
136 155
274 157
264 145
94 244
194 193
95 155
101 81
173 108
251 139
54 232
193 7
181 226
90 143
65 166
214 164
204 27
67 276
35 119
39 66
98 182
148 126
108 279
4 294
159 0
78 185
290 1
1 216
180 111
43 268
283 222
198 210
118 146
260 217
34 253
147 293
241 113
144 93
143 70
205 68
283 233
128 182
134 26
252 8
178 177
190 199
14 193
280 116
52 105
52 156
179 161
138 6
228 41
8 125
134 124
77 164
3 168
70 62
130 236
255 99
259 33
295 122
215 2
70 46
216 166
165 179
85 269
52 162
128 293
158 98
83 201
101 37
176 187
280 231
107 291
228 203
240 56
275 299
135 109
275 276
109 230
291 283
113 292
66 277
251 156
128 29
283 188
95 122
149 57
112 186
261 145
210 239
291 114
103 163
41 163
267 241
173 297
194 93
217 126
59 46
61 62
61 65
158 71
56 159
203 133
110 180
239 219
272 22
16 57
122 73
294 13
96 6
246 65
180 107
130 195
152 298
13 10
164 237
91 284
115 94
48 202
53 60
116 33
45 240
217 281
95 273
198 266
14 146
169 285
249 297
260 4
69 65
274 64
103 296
230 260
245 278
172 123
54 108
235 148
184 64
3 70
215 84
218 75
0 14
93 70
158 235
199 62
223 250
202 291
282 62
92 32
282 223
103 50
6 26
197 216
142 106
286 280
64 53
91 134
69 184
137 67
238 84
144 172
164 209
159 256
206 178
143 242
132 165
201 103
134 168
135 110
19 273
233 170
107 178
237 147
261 76
115 208
120 87
114 111
118 67
23 259
288 120
175 262
192 135
195 98
20 159
83 192
112 17
240 129
10 31
92 296
178 171
96 212
226 119
72 177
92 270
247 296
203 122
38 28
110 200
110 7
188 205
263 221
49 90
137 21
60 222
113 75
6 70
3 296
11 217
110 67
204 277
160 154
54 116
178 242
136 197
1 9
291 182
97 24
291 75
13 90
79 83
35 275
256 4
27 270
50 146
25 101
190 6
200 295
251 147
121 232
0 162
135 42
242 97
202 15
247 65
50 90
275 160
142 270
284 185
213 151
223 9
16 252
235 175
21 98
293 12
247 16
54 264
269 163
133 85
82 231
196 100
72 156
79 172
205 257
150 196
28 188
87 184
213 254
287 235
270 147
178 267
42 220
150 276
24 68
174 128
298 214
276 177
152 32
250 151
212 153
172 42
138 23
253 204
182 115
230 250
136 0
283 282
113 115
201 280
6 130
228 209
246 231
138 264
213 2
10 155
63 203
222 273
250 80
69 272
45 213
263 71
249 137
149 117
121 132
148 176
2 43
122 139
266 163
250 178
116 141
230 189
54 51
18 64
228 137
267 288
181 208
274 13
280 151
217 18
241 251
143 84
74 170
60 40
147 89
144 123
56 192
90 40
272 129
112 276
178 84
124 100
285 220
288 178
216 267
39 11
208 24
116 226
269 150
38 74
237 259
49 39
160 96
194 28
120 5
65 199
35 243
247 42
244 286
110 208
169 202
37 139
147 15
177 280
48 69
235 74
280 79
244 157
166 249
171 76
262 141
127 272
46 198
172 158
111 130
226 57
253 145
11 249
36 293
226 280
216 86
11 71
91 77
79 25
182 100
21 103
266 150
242 250
38 221
232 191
195 138
206 74
84 135
13 225
16 21
169 127
162 252
224 195
59 135
203 28
75 20
73 234
219 248
38 263
226 287
277 3
109 79
37 150
96 289
101 159
295 288
284 167
46 151
234 148
265 92
230 255
130 112
66 53
28 201
223 275
245 264
232 93
160 104
55 36
126 161
72 203
120 18
295 11
241 237
22 180
263 108
94 266
41 188
285 187
113 184
254 127
51 259
200 274
202 188
112 164
98 74
71 192
238 219
72 79
2 12
160 51
62 163
83 144
64 244
167 287
47 156
183 35
93 66
190 125
245 132
26 90
37 190
44 244
263 159
26 286
6 78
160 2
237 169
72 118
168 162
167 81
242 285
272 172
201 237
114 32
266 47
288 75
238 219
61 215
144 101
299 92
188 6
17 180
205 92
82 84
87 251
48 238
223 295
230 70
217 239
53 13
29 60
19 257
17 21
76 232
100 65
86 6
140 101
198 287
1 107
149 199
100 52
147 133
130 264
179 279
157 86
24 89
85 59
252 56
51 67
194 98
46 235
160 164
157 225
132 72
18 28
225 114
193 218
27 99
193 267
175 209
230 174
74 182
85 292
245 89
87 18
84 264
6 46
137 82
35 0
278 95
100 283
111 194
270 90
66 279
87 286
286 206
204 278
144 126
121 270
200 50
69 240
104 172
242 278
287 38
235 48
289 69
45 3
204 236
134 6
155 281
107 217
105 66
266 97
45 270
290 45
246 37
42 13
143 16
203 156
84 68
174 186
296 76
296 264
261 24
298 167
52 290
266 61
283 217
179 49
258 226
261 142
263 216
163 2
139 57
60 139
166 235
70 172
49 160
285 36
54 118
101 55
92 74
295 97
66 121
29 20
268 96
218 68
119 81
119 195
286 175
16 263
84 180
19 151
36 98
73 176
134 146
97 98
234 161
23 254
61 289
186 171
193 177
93 290
262 145
66 104
26 234
289 130
141 199
125 31
24 264
292 19
148 78
248 270
192 230
155 187
289 78
41 135
210 90
167 73
1 224
242 206
14 187
296 262
156 145
125 4
295 222
148 206
71 123
144 228
79 51
248 282
20 62
22 20
27 240
297 179
269 219
123 201
129 145
234 76
15 27
21 95
12 87
13 200
7 101
254 144
36 140
125 202
43 7
80 186
241 266
120 31
218 90
275 57
66 4
260 129
107 87
152 68
101 152
66 125
213 30
156 235
97 174
188 14
222 32
63 234
161 268
124 12
212 194
54 232
138 66
145 203
25 187
203 9
104 118
249 172
257 202
157 96
92 164
263 223
284 37
116 61
73 282
12 233
53 50
203 142
131 110
170 48
28 40
192 38
190 241
226 259
33 237
18 107
293 14
288 83
63 110
38 298
182 243
124 240
182 105
122 294
238 33
168 49
207 212
272 17
164 130
208 114
192 49
113 146
220 256
78 30
28 146
40 19
114 74
258 81
153 74
80 182
240 167
160 289
267 281
84 30
180 51
136 98
173 295
76 53
292 13
199 7
145 145
194 200
44 236
45 32
149 36
121 268
137 76
75 144
196 205
156 96
195 133
269 63
271 60
206 81
176 53
285 100
107 25
191 164
27 147
25 130
295 70
172 158
224 63
290 115
268 97
69 136
293 195
92 278
60 229
99 40
45 298
27 192
224 64
88 203
114 166
75 11
245 1
192 209
100 87
244 10
117 97
26 95
198 25
54 71
112 143
290 82
138 33
126 60
154 82
112 139
64 167
137 156
8 259
222 185
157 47
244 185
289 5
124 125
65 86
172 86
253 157
60 283
157 26
63 4
170 35
150 214
217 119
63 298
9 56
205 217
292 250
55 158
47 10
94 127
197 251
93 192
188 185
231 222
65 108
262 140
99 280
299 285
102 251
196 241
12 183
33 14
82 257
286 164
40 218
194 114
235 227
152 29
241 70
178 175
258 26
265 246
51 21
18 283
142 244
113 96
194 88
199 151
243 130
216 42
246 161
118 226
78 28
286 283
284 199
160 1
164 91
86 291
168 229
10 221
276 213
10 227
199 68
221 114
25 16
146 93
146 52
68 18
297 62
126 24
120 71
121 34
101 224
12 285
120 120
220 117
233 149
53 106
36 9
21 130
38 189
177 196
120 173
114 189
113 238
134 100
9 231
66 94
39 234
178 153
83 27
219 81
101 177
74 94
10 22
23 10
55 187
121 232
73 107
282 103
98 8
1 185
191 216
106 40
0 106
66 32
49 8
65 195
151 139
150 136
18 55
290 190
170 134
264 15
157 98
185 266
297 169
217 79
129 100
274 209
212 178
34 215
71 227
32 74
239 6
204 126
291 98
70 9
172 247
200 2
86 30
59 276
88 170
16 179
132 277
45 52
202 83
217 257
284 85
193 142
27 296
40 179
26 218
228 295
27 136
42 118
197 170
200 173
254 140
65 94
43 56
108 262
36 88
262 58
12 215
40 167
137 202
198 179
223 75
83 78
191 16
145 13
223 36
205 0
203 24
276 198
206 74
3 23
138 158
147 160
136 253
272 13
29 115
257 43
197 38
85 222
220 267
138 12
215 93
124 103
73 149
62 38
69 111
40 204
102 269
70 151
96 231
171 188
179 36
88 123
212 248
23 244
203 18
26 83
146 176
192 171
171 85
43 5
185 162
29 175
22 277
194 227
88 149
283 63
20 241
121 214
119 138
187 52
22 31
173 298
83 214
177 74
54 255
281 187
238 210
56 228
225 69
228 272
5 112
131 208
289 195
31 226
92 216
172 213
56 32
2 234
64 98
262 290
197 292
122 3
47 155
108 91
29 69
9 132
114 129
45 233
134 225
184 104
176 285
246 175
154 106
221 265
169 203
228 154
39 186
237 54
73 254
268 84
155 221
203 185
56 73
245 29
212 15
288 7
60 132
133 90
64 176
187 176
195 101
227 254
54 175
8 181
201 80
89 237
229 27
138 233
75 218
141 138
265 274
262 260
220 209
134 197
166 127
231 55
95 35
258 59
255 51
253 8
29 222
233 88
282 115
137 48
118 200
161 29
122 79
61 286
183 274
158 198
295 251
43 125
191 240
267 229
132 289
174 278
188 124
190 232
16 185
273 66
230 28
100 259
256 135
13 191
28 233
44 31
16 252
219 111
162 264
162 186
53 50
148 296
16 75
275 37
22 286
36 202
44 221
222 43
83 41
194 29
199 46
132 13
17 37
279 138
80 113
213 99
124 140
112 76
101 170
50 98
261 133
171 275
165 276
216 256
67 157
264 199
11 108
30 246
15 215
163 45
39 213
281 292
116 212
4 282
180 151
170 225
215 31
211 256
19 208
43 22
267 142
171 286
111 55
148 291
231 213
151 21
149 78
5 208
161 17
65 11
132 69
58 146
2 23
210 14
93 120
132 260
211 100
141 79
31 178
225 126
283 71
7 45
227 45
165 263
259 277
43 283
120 261
133 121
149 29
104 256
116 213
298 7
75 257
283 11
120 182
248 185
147 97
244 20
92 99
238 150
291 245
141 239
35 251
248 281
7 161
256 189
258 4
20 17
170 108
42 216
296 299
79 284
10 298
148 243
214 198
281 236
177 218
292 52
289 128
208 253
138 64
257 178
20 255
234 84
86 107
50 202
121 101
182 67
61 39
65 257
47 191
211 293
287 128
189 126
60 4
42 185
127 23
275 224
76 183
253 212
182 7
84 152
147 11
219 47
236 229
61 280
63 205
44 109
142 107
171 2
78 49
90 168
125 91
44 90
100 158
136 88
117 273
159 172
132 222
253 95
171 73
89 8
281 99
125 184
244 283
223 163
153 284
48 28
111 236
222 154
216 200
0 78
219 112
43 79
34 81
277 216
183 201
264 16
110 165
115 285
239 13
18 96
96 174
244 298
286 56
28 116
210 121
211 164
213 260
115 174
43 43
96 93
207 13
117 97
142 245
150 23
53 88
131 192
139 48
216 85
39 82
283 212
290 89
67 68
248 237
104 203
149 92
70 228
201 24
157 128
108 168
281 144
31 171
138 99
149 225
103 227
72 127
236 146
219 69
82 93
151 9
247 214
45 107
240 133
3 228
127 32
271 125
274 93
131 135
281 59
48 41
273 29
251 81
49 68
25 138
132 143
74 62
260 62
280 106
128 7
62 120
105 9
168 178
75 257
149 274
158 101
77 243
171 168
281 120
25 234
70 264
78 106
215 115
136 253
243 275
174 104
240 46
288 132
112 263
59 247
289 32
221 224
181 143
50 272
237 31
187 149
59 37
19 18
104 222
172 2
34 223
189 7
252 16
72 215
75 108
254 54
55 16
20 281
109 24
144 166
17 249
223 269
71 187
213 234
187 232
135 86
292 79
19 52
262 67
34 47
126 182
20 9
267 195
186 201
170 217
279 201
282 202
251 59
269 39
266 205
74 285
47 98
284 17
171 79
164 5
214 284
101 95
116 82
39 85
50 277
97 46
68 3
233 286
2 127
157 281
158 197
248 72
217 144
196 214
38 279
266 91
192 167
279 168
66 75
245 69
76 25
18 14
104 72
232 142
177 246
274 220
120 110
67 9
261 137
102 57
174 19
170 230
41 54
287 196
81 254
199 39
156 51
118 219
221 92
59 50
4 41
135 76
7 48
283 251
139 246
13 145
156 67
141 47
78 76
198 31
92 158
98 179
128 12
160 70
215 233
189 107
9 224
243 94
28 228
219 83
167 233
43 130
251 28
160 38
185 153
60 105
65 31
75 220
148 97
90 183
44 8
41 270
76 126
210 12
258 108
249 237
246 219
208 16
286 226
182 181
201 24
140 284
128 170
103 236
133 2
213 211
218 55
90 57
13 74
125 265
184 48
133 204
114 293
1 17
211 255
88 271
75 243
199 56
124 205
187 1
239 245
222 123
159 202
272 187
102 85
142 135
236 58
262 131
92 59
266 230
162 188
0 249
213 188
205 276
296 124
0 115
220 68
116 215
142 132
275 103
120 288
190 141
229 282
214 241
162 292
177 97
126 138
273 147
14 99
252 253
250 6
108 148
288 84
9 151
56 167
210 5
220 1
146 33
159 220
286 200
160 191
124 47
121 38
131 221
136 250
4 285
252 24
181 105
188 115
133 23
131 64
116 219
249 153
113 223
22 108
228 61
95 272
231 282
31 248
203 117
261 44
193 240
206 59
44 154
256 100
57 110
80 273
71 213
5 67
128 224
23 155
67 49
146 135
180 13
216 10
165 194
79 161
39 271
103 116
35 28
28 9
20 262
142 39
67 149
241 239
213 228
249 183
18 48
29 119
232 261
49 143
100 209
49 51
0 85
36 87
136 56
207 250
68 129
175 200
217 151
182 231
75 255
168 267
36 201
296 88
264 248
180 238
3 212
276 39
50 164
253 176
63 215
79 29
23 281
159 136
230 175
261 71
289 47
15 131
11 214
40 94
12 169
175 140
1 156
268 92
71 51
17 280
285 117
154 134
260 6
77 61
180 104
91 281
249 49
294 238
177 237
14 47
295 203
7 9
140 150
269 211
291 250
63 258
299 52
88 154
170 75
226 168
124 59
245 93
260 4
105 161
275 145
207 225
283 138
154 258
154 168
12 235
170 122
70 183
154 95
182 120
215 245
182 232
103 246
87 39
217 159
196 45
126 151
49 289
212 214
231 193
106 171
264 177
261 64
28 34
269 16
141 70
6 8
36 175
248 197
84 249
5 4
149 7
56 117
282 87
33 97
143 12
144 174
157 126
194 111
166 225
249 94
142 196
33 115
159 34
82 89
96 174
196 49
248 79
209 12
73 298
97 6
213 123
192 276
226 112
78 95
89 219
129 215
17 60
211 204
103 109
194 270
209 256
203 90
24 66
284 136
229 183
45 75
266 214
73 116
185 279
299 297
230 290
40 90
140 273
62 28
5 243
71 174
114 175
25 191
42 33
183 80
225 287
285 34
181 163
79 173
154 200
239 253
145 135
86 115
114 89
154 105
73 38
136 231
248 109
136 296
289 141
114 48
135 28
87 179
12 128
184 214
62 13
166 44
96 33
198 65
287 202
11 283
47 253
280 155
250 261
264 277
266 283
155 201
271 269
68 80
259 248
198 48
281 180
78 136
257 161
69 70
15 107
65 145
107 69
212 98
155 258
108 84
142 181
257 117
299 87
248 76
272 123
27 141
184 240
127 198
182 6
274 12
10 40
152 218
107 271
94 119
107 103
287 269
47 87
56 64
3 106
247 217
34 30
282 21
2 220
116 264
59 272
11 259
177 228
220 23
202 8
153 74
210 238
37 109
299 85
67 65
288 31
137 7
202 77
8 183
120 241
33 48
225 284
209 98
2 74
288 83
158 219
115 61
17 27
195 20
35 125
155 153
150 30
272 40
70 55
91 124
121 36
280 234
205 141
213 127
160 51
211 299
74 211
153 20
52 269
38 176
97 67
252 117
201 246
107 68
7 149
55 273
202 284
25 169
143 101
289 173
271 15
87 83
294 29
25 182
128 36
76 266
5 19
74 284
145 77
101 11
38 258
127 23
192 179
140 165
169 234
86 255
120 188
213 27
160 265
264 232
154 213
293 174
33 155
31 189
26 280
254 99
198 56
88 132
74 127
189 258
6 111
238 24
218 177
230 155
277 297
82 255
29 258
275 294
1 162
69 53
289 99
256 290
264 265
192 32
124 32
35 65
41 183
182 283
211 263
37 290
266 9
132 166
50 9
149 127
163 200
270 261
134 9
271 216
142 285
151 97
116 51
245 70
232 213
106 287
44 150
256 137
35 157
199 272
82 28
191 254
183 174
204 7
100 103
144 68
165 18
258 240
156 276
146 158
123 12
219 39
94 44
133 165
94 74
298 123
190 263
163 249
253 70
253 196
171 27
219 61
136 233
223 222
261 168
119 268
135 22
87 28
77 104
115 286
206 128
208 23
128 190
194 184
266 68
173 278
230 83
27 93
231 113
107 276
57 55
76 268
1 40
107 242
265 77
236 298
105 183
246 42
34 263
275 83
2 208
122 146
94 19
47 36
220 61
255 225
201 119
203 254
244 294
237 149
205 61
198 76
294 179
288 182
213 21
272 254
208 157
285 204
229 87
215 10
106 280
55 252
198 206
190 158
183 113
228 44
278 179
72 295
116 282
104 83
204 217
135 2
63 52
153 77
125 113
295 152
137 203
75 226
100 159
292 181
90 39
237 47
170 23
168 97
181 22
132 271
110 133
10 87
151 45
260 296
266 170
39 125
122 73
148 78
85 96
8 128
293 282
135 16
213 23
203 71
194 201
199 159
16 171
103 228
19 100
23 294
157 218
62 112
142 269
8 6
279 134
225 7
94 35
50 189
4 207
106 69
56 143
18 289
155 1
47 62
112 33
58 170
28 181
106 114
170 21
168 257
14 219
266 164
211 16
90 13
88 1
272 137
240 196
91 97
163 193
151 88
17 289
280 9
184 12
115 271
152 121
49 63
85 152
178 65
92 13
275 259
11 82
26 148
123 190
27 71
176 298
26 42
226 2
157 133
106 174
17 254
292 292
277 177
287 178
248 30
178 211
167 7
47 155
76 180
0 72
203 53
253 175
3 105
49 190
217 103
150 120
68 84
12 258
79 55
17 37
203 123
41 280
227 19
109 193
242 87
140 271
22 21
60 242
192 27
201 263
46 191
209 116
279 189
118 85
167 9
212 117
38 15
146 262
38 167
247 270
141 4
5 217
223 108
203 145
205 263
224 244
156 160
107 95
291 226
150 197
182 177
72 17
21 285
178 200
14 77
11 265
182 267
97 2
0 213
283 45
244 90
265 65
71 66
226 5
299 28
11 283
135 274
5 203
137 7
39 2
194 7
233 205
258 158
166 263
174 122
174 128
214 107
265 195
186 232
219 64
87 109
11 288
115 115
21 245
113 297
29 111
247 196
105 235
277 270
223 111
276 36
102 129
0 124
113 286
138 43
143 204
278 59
73 11
143 90
179 287
205 48
65 285
131 182
67 22
84 72
162 48
88 255
120 229
265 200
130 182
205 260
258 119
292 36
30 176
35 75
250 192
79 98
134 131
276 82
249 103
112 232
177 150
147 172
157 178
25 249
57 32
28 170
298 119
127 9
151 274
129 84
294 296
275 172
154 24
38 190
143 241
42 212
101 32
22 68
278 287
29 25
20 247
213 239
167 98
191 270
204 41
221 123
190 229
187 122
38 268
29 284
264 225
110 62
67 111
282 165
222 118
15 249
182 13
102 19
40 92
269 168
264 170
157 115
206 216
60 223
57 249
277 16
193 46
132 210
58 219
183 93
136 275
113 153
134 275
25 223
224 274
297 63
49 236
137 264
287 113
283 118
228 31
40 8
41 202
20 73
148 59
285 45
238 60
125 135
22 49
218 120
41 139
155 288
258 18
75 274
236 287
224 166
84 252
222 43
82 162
225 208
24 240
0 261
59 111
268 51
189 126
81 186
292 119
102 119
198 69
148 57
257 54
240 112
268 132
202 211
158 25
211 146
18 213
99 62
211 57
83 275
41 93
7 92
193 177
248 117
206 47
226 69
160 3
184 23
274 86
101 247
46 190
160 190
202 268
274 78
115 156
64 203
66 93
239 222
242 88
59 238
142 231
189 258
130 173
98 247
280 33
238 21
165 275
198 299
258 168
56 78
13 214
84 156
295 219
161 241
55 197
116 113
274 91
248 280
106 24
71 220
46 174
165 167
295 129
230 243
56 218
172 58
91 112
38 100
290 44
260 175
51 211
37 159
22 83
181 8
97 97
34 96
66 254
151 208
181 30
130 198
139 268
213 88
32 208
113 287
227 116
225 236
128 157
227 216
55 137
229 255
235 27
126 6
75 265
223 188
193 266
16 31
19 52
232 295
54 92
1 271
222 200
170 123
74 93
235 169
166 24
73 76
102 59
30 109
200 174
193 95
201 259
209 227
131 225
24 57
10 11
239 222
168 139
73 69
125 24
5 126
71 45
54 186
242 224
164 160
271 155
259 103
145 210
199 291
86 143
87 253
28 89
95 245
93 61
282 51
13 295
106 295
77 16
187 219
190 181
158 180
124 172
228 20
275 9
288 86
16 155
163 195
245 250
180 144
218 232
147 58
27 30
47 224
109 57
41 62
10 254
187 190
251 56
257 147
286 156
148 102
132 48
251 138
236 138
199 263
220 2
229 203
203 62
189 257
102 190
175 231
240 116
197 260
145 257
197 31
292 51
33 189
282 37
186 122
283 160
280 14
115 239
65 210
129 229
184 252
288 144
1 297
261 269
256 18
16 279
30 48
103 37
190 52
207 286
283 13
292 157
65 212
40 202
197 184
116 196
230 263
272 233
151 204
28 241
161 109
273 196
264 275
84 106
48 108
3 254
269 269
127 36
277 280
51 230
78 265
118 4
1 260
181 100
87 293
99 154
193 146
259 21
104 56
73 163
41 32
260 120
49 259
21 21
202 151
140 110
21 60
282 56
102 12
219 285
87 196
116 210
81 0
62 129
207 1
125 4
111 234
10 264
41 267
32 227
240 282
216 18
2 176
57 276
192 177
206 19
101 266
294 14
125 174
33 21
164 201
27 203
62 242
35 286
48 269
45 83
189 5
84 156
65 58
39 4
61 206
106 249
42 5
32 69
204 57
88 24
298 56
123 8
148 158
254 241
29 53
109 161
254 295
258 198
88 191
6 132
13 91
174 31
37 139
12 191
227 119
182 261
172 283
97 213
168 23
57 167
34 183
209 208
261 172
184 26
141 285
157 257
264 125
231 14
169 240
274 179
72 235
178 92
259 236
252 288
27 265
164 271
45 187
214 245
176 218
94 98
57 193
152 247
171 158
167 81
75 1
61 59
12 133
98 287
194 258
73 6
171 44
168 280
284 277
239 101
207 246
240 258
122 252
161 247
255 200
211 87
217 24
189 163
208 266
167 20
199 124
195 19
17 143
77 5
189 11
180 101
82 237
275 231
138 273
278 145
181 1
23 81
296 287
163 27
295 49
99 17
70 90
135 19
163 88
142 11
38 214
275 91
59 135
215 248
262 8
202 262
122 65
211 95
261 3
72 185
57 20
95 44
88 121
179 95
189 174
71 212
11 91
60 228
227 67
95 260
57 20
94 290
115 20
174 17
164 168
3 98
123 94
44 100
245 209
248 171
43 55
154 152
285 198
9 240
234 219
186 96
192 117
149 8
157 242
237 234
112 194
169 62
25 139
141 168
286 184
66 116
112 216
132 276
194 269
63 81
86 115
194 19
161 29
81 266
73 42
279 173
272 275
256 78
87 40
200 238
151 128
25 172
22 272
267 16
39 104
196 61
167 31
233 149
259 10
190 80
207 242
70 136
124 85
93 190
251 49
197 226
284 20
34 189
14 174
209 280
221 139
209 141
267 154
127 155
239 134
293 18
263 15
282 11
74 24
230 212
262 59
154 192
152 27
97 283
88 27
106 138
136 201
163 241
79 252
10 216
180 235
140 252
272 243
139 291
283 61
223 164
132 93
234 254
235 264
106 18
231 20
278 43
40 259
209 124
218 57
55 2
294 59
4 9
236 52
16 224
282 212
292 176
110 87
142 211
86 142
268 38
160 169
102 177
41 104
122 33
197 211
245 136
214 4
65 49
152 293
23 274
237 78
17 10
106 13
140 14
156 106
251 3
235 172
249 265
141 97
80 21
195 287
264 279
290 2
295 247
98 101
43 273
92 38
170 101
75 101
232 232
154 177
67 39
205 3
138 183
107 45
185 104
133 168
99 108
156 232
29 171
38 177
183 133
60 260
294 115
12 149
21 174
96 144
159 235
15 14
1 274
261 72
259 216
209 65
238 222
262 269
188 183
43 48
193 243
140 8
158 243
171 268
200 212
151 112
258 98
17 290
79 18
154 219
298 68
78 176
72 116
222 134
88 286
269 168
299 124
19 252
166 167
71 65
2 279
249 284
185 281
89 42
246 275
187 12
77 260
116 216
230 285
254 42
200 138
230 262
224 102
38 52
96 129
237 10
224 266
147 235
144 237
88 229
197 72
0 208
283 192
10 195
41 84
46 292
4 106
259 279
62 249
244 158
189 153
80 95
207 184
223 175
267 0
182 203
49 120
270 143
129 115
292 285
38 102
283 91
225 170
261 92
221 275
23 24
33 27
292 31
269 56
294 93
92 9
87 29
264 239
36 43
40 147
236 257
6 213
282 279
172 288
149 264
175 232
294 76
150 56
270 115
26 113
298 147
254 100
97 25
9 171
273 124
190 232
92 269
127 195
48 52
155 295
191 198
289 51
223 77
76 291
3 231
217 125
265 213
238 56
54 276
16 48
121 191
228 42
31 106
2 278
115 209
236 250
142 39
146 134
263 96
181 118
78 232
46 47
58 236
256 137
93 182
132 87
177 200
93 282
108 122
238 40
253 135
250 234
223 63
176 257
45 119
178 253
104 162
295 10
110 26
8 44
292 100
190 46
299 254
243 116
248 14
222 165
219 9
233 118
269 77
290 229
274 52
259 119
32 289
259 216
161 31
279 246
187 260
8 69
101 30
65 55
156 179
106 21
93 285
85 263
65 281
8 3
122 274
150 174
37 164
263 24
6 178
116 22
254 40
227 122
114 212
177 255
66 156
201 99
173 293
246 288
247 98
9 271
109 167
120 44
196 173
152 236
254 58
59 93
240 127
179 36
145 17
77 202
240 103
125 173
1 120
217 263
106 98
18 276
125 266
123 281
210 61
30 136
206 61
172 212
74 109
167 252
58 272
78 274
184 113
142 131
183 175
113 202
52 69
71 51
41 18
26 51
237 97
124 161
4 255
287 241
254 238
114 136
16 135
271 104
249 245
41 206
75 297
93 282
150 83
158 241
200 152
202 154
82 126
265 98
141 260
151 202
211 110
176 292
196 207
83 297
248 154
258 76
123 215
163 262
2 205
214 250
108 115
54 292
204 238
65 48
272 266
109 129
98 241
83 10
222 146
45 214
298 203
162 4
115 246
226 25
96 92
3 129
210 251
261 190
257 217
145 171
198 106
205 65
265 253
255 267
275 281
268 2
50 220
115 30
253 209
164 226
129 206
94 97
273 101
240 282
82 193
288 259
40 118
148 298
120 160
285 204
161 112
65 266
176 193
59 186
162 22
20 258
63 67
89 220
260 180
136 206
261 11
283 137
282 246
77 128
74 43
296 79
227 232
190 0
222 261
111 181
70 217
49 175
110 236
151 245
284 94
236 213
246 145
236 160
115 153
253 203
237 276
7 80
38 182
72 108
93 248
97 221
148 6
5 269
220 98
155 157
7 211
209 78
271 199
237 83
168 90
42 182
208 251
114 41
237 282
113 222
19 145
146 141
25 200
166 7
97 13
70 219
275 89
278 250
181 274
149 111
108 200
39 160
65 286
94 38
255 144
103 175
245 112
191 198
215 30
247 255
0 93
218 261
286 166
119 85
149 255
203 218
132 250
223 70
133 279
92 255
150 110
164 44
285 274
286 52
28 71
64 78
68 138
113 130
116 109
66 131
129 288
280 94
0 55
186 219
122 238
98 169
44 145
264 197
297 112
246 140
25 52
29 102
88 22
268 208
189 167
226 10
144 58
8 167
271 95
248 210
109 34
264 258
230 214
109 16
242 289
59 35
248 283
142 229
146 222
180 261
17 157
9 247
1 239
23 182
291 24
142 93
99 185
157 68
47 2
269 254
104 283
101 185
178 78
71 88
200 199
209 278
283 211
65 48
257 219
247 123
111 115
73 66
212 245
147 98
27 174
82 181
185 36
235 217
276 205
18 264
55 244
66 1
236 86
205 257
179 92
118 283
2 21
27 180
265 147
275 195
40 136
128 219
284 85
41 111
200 245
34 134
20 269
274 177
170 133
228 187
225 257
171 119
217 49
20 261
136 86
111 290
22 209
118 235
78 220
201 253
176 148
206 140
187 86
261 191
152 95
3 113
76 102
252 128
92 219
49 75
125 184
195 197
213 224
165 93
202 134
75 77
26 292
268 45
299 98
203 270
218 211
260 269
224 16
73 23
257 209
77 144
261 192
147 164
23 258
215 80
219 265
102 299
230 60
212 232
297 29
45 292
148 274
254 168
154 123
202 163
229 221
22 53
289 68
131 193
42 188
243 66
134 238
163 248
193 271
26 199
126 71
85 170
264 178
117 62
204 127
0 17
190 264
290 26
100 270
291 39
46 100
98 286
152 42
95 270
280 176
143 290
287 111
105 76
171 17
169 284
150 125
270 250
213 249
90 122
182 125
40 202
270 111
118 241
127 150
113 210
23 175
92 289
234 90
127 79
240 197
234 115
199 135
59 129
241 116
282 10
106 2
230 226
230 188
116 9
55 121
228 91
11 40
43 120
175 239
260 226
103 221
157 64
265 123
248 133
2 239
124 120
88 261
276 175
116 212
54 237
285 91
32 181
22 36
119 44
32 184
213 12
250 260
15 118
97 179
120 96
238 269
150 265
214 77
55 105
290 119
147 187
85 203
235 239
245 151
210 105
294 221
250 169
263 198
249 233
114 220
183 8
168 150
65 66
142 253
131 241
182 127
15 83
44 27
100 131
178 278
148 150
146 247
72 279
113 167
147 158
60 116
50 44
7 110
148 19
26 172
87 60
202 27
295 83
158 294
236 140
58 254
196 181
89 225
145 168
97 213
169 296
257 120
30 115
34 40
179 113
275 4
200 136
107 85
266 230
131 279
156 37
217 194
249 224
19 61
68 170
35 299
54 52
96 144
38 220
27 7
51 181
147 242
88 208
91 120
160 65
248 3
240 151
150 24
75 7
162 277
31 37
170 296
35 202
8 169
4 159
50 194
20 208
15 148
51 176
214 58
293 76
162 191
211 114
128 211
243 217
52 16
11 226
203 211
64 202
95 120
200 176
78 102
33 154
267 107
40 57
289 275
51 118
205 163
91 184
73 266
114 141
280 2
83 65
118 267
55 278
234 114
150 10
286 24
74 184
253 168
79 246
101 45
151 13
159 240
232 261
1 182
220 87
287 20
278 130
226 36
201 61
42 116
16 143
222 208
109 236
13 43
152 120
242 171
87 256
292 126
276 128
82 230
50 189
110 62
49 33
234 219
181 218
17 154
148 120
249 235
172 274
291 187
258 282
124 128
278 204
13 23
141 113
275 156
112 276
132 248
296 119
87 37
53 298
145 139
229 151
58 218
265 277
123 2
240 180
263 92
205 124
147 193
187 31
288 73
85 275
175 27
145 248
111 228
232 21
38 166
57 227
98 224
152 181
34 29
101 4
152 103
298 71
199 261
266 267
22 100
207 7
19 123
262 148
19 80
43 256
88 225
289 98
226 199
79 28
218 264
46 119
151 292
253 290
37 119
13 108
284 57
254 48
81 88
129 209
78 134
154 31
236 288
105 104
177 103
166 21
142 10
175 285
105 13
160 261
189 100
163 152
186 9
159 97
11 198
237 104
157 93
285 260
108 118
217 285
63 219
254 176
180 176
80 234
166 161
238 231
118 227
105 194
258 9
97 73
297 52
18 252
189 142
235 187
131 247
231 130
46 122
128 10
73 150
54 136
272 278
140 20
82 209
98 197
294 51
87 136
199 176
175 192
28 244
72 211
253 43
145 60
106 233
59 36
134 68
145 264
6 136
48 68
63 26
163 67
50 31
179 25
10 182
173 98
115 240
229 85
0 130
226 228
14 65
193 296
78 16
284 299
40 254
244 212
19 160
159 113
187 88
130 68
200 116
201 127
156 102
219 91
207 284
291 132
271 151
37 169
168 77
170 212
74 253
220 95
160 222
42 290
142 184
209 140
230 182
267 107
87 79
20 294
224 56
150 274
142 263
193 228
288 181
39 28
249 219
120 12
122 6
196 94
176 115
236 156
167 282
214 75
116 122
61 126
242 284
216 267
248 206
185 112
200 214
140 217
108 63
110 17
5 47
43 101
231 10
66 184
244 178
37 111
140 46
260 286
9 0
142 27
269 240
188 46
127 265
249 241
44 286
30 293
36 27
203 154
9 60
55 11
190 167
159 260
101 171
139 136
76 114
197 299
254 260
94 299
35 74
213 163
288 298
262 188
250 110
19 248
87 117
183 16
285 111
207 47
224 174
149 266
161 42
173 267
106 212
198 285
198 61
94 201
209 46
13 135
127 204
296 126
197 266
137 228
186 35
151 87
132 265
135 161
24 276
210 201
73 259
2 215
138 251
299 143
145 292
36 278
207 195
289 68
15 245
228 49
109 212
52 166
172 231
219 167
262 52
248 136
135 108
280 17
35 195
124 284
27 280
279 54
178 137
197 230
34 197
169 226
80 211
219 109
45 251
91 159
112 2
69 125
68 53
117 29
161 10
2 41
212 22
55 261
4 105
69 242
297 167
171 255
191 11
223 274
191 33
297 54
287 66
120 9
225 175
88 191
234 165
30 294
274 73
52 277
189 257
95 159
137 242
17 133
276 253
48 293
74 131
114 96
146 209
148 119
267 296
226 198
262 288
71 213
140 83
169 141
213 121
213 60
77 90
221 161
80 82
219 200
76 67
105 102
245 242
18 228
2 74
235 166
98 80
22 16
186 6
189 274
290 40
174 43
183 299
186 246
216 298
99 154
141 128
241 119
3 188
117 89
90 100
66 245
297 141
217 217
179 43
184 74
175 105
94 134
204 211
60 290
55 298
84 103
182 33
243 277
187 7
162 111
173 272
59 57
4 116
295 62
147 73
226 272
37 41
25 66
184 106
212 251
247 269
74 256
109 194
131 185
199 46
282 268
110 0
227 225
251 68
20 246
178 198
24 226
11 0
46 153
95 47
131 103
83 179
125 89
85 214
120 61
30 155
110 91
126 207
289 69
182 52
249 273
202 244
195 239
283 43
100 119
157 23
186 35
135 297
279 243
219 137
217 210
258 236
195 83
287 280
97 205
83 240
48 80
92 134
96 184
45 50
165 143
147 253
272 202
263 1
199 27
76 220
281 233
62 197
161 7
154 44
41 165
28 235
214 86
61 203
150 183
222 238
88 256
256 285
107 46
7 233
208 124
37 95
200 171
95 259
161 287
98 108
198 45
91 216
100 45
179 133
70 173
268 10
38 42
159 86
135 224
83 271
35 37
109 216
102 243
255 87
222 123
285 136
24 46
215 126
12 133
55 144
149 42
18 161
159 277
116 73
180 90
224 207
84 4
11 40
140 182
198 129
269 189
115 87
212 239
65 85
280 134
244 184
255 34
16 230
73 154
28 80
150 287
118 256
134 112
294 257
45 91
218 148
35 68
214 220
23 4
199 55
50 237
168 274
288 251
252 104
100 123
50 14
119 101
255 158
146 161
284 102
5 239
271 272
53 32
215 83
126 243
82 231
292 206
244 203
154 187
125 164
263 267
47 187
292 206
8 33
202 193
207 164
208 41
110 194
153 85
18 78
15 129
201 46
196 73
292 283
50 104
160 161
189 191
212 50
49 238
22 223
260 112
190 275
119 16
190 174
124 181
250 206
220 278
43 273
269 74
286 133
263 112
282 263
231 124
3 1
124 198
247 42
294 254
232 118
178 246
100 133
9 295
65 128
58 255
148 201
165 199
146 146
114 218
69 49
189 143
223 11
256 57
70 149
155 132
227 24
24 251
199 43
9 224
167 282
104 286
52 130
137 168
152 185
110 226
193 171
143 251
132 39
46 192
218 222
45 176
243 31
202 227
4 73
175 269
296 140
155 135
148 284
15 58
236 68
224 45
210 52
110 43
160 129
194 172
197 65
75 104
70 173
0 168
64 63
251 97
34 19
246 96
168 169
228 156
28 267
184 4
135 168
162 13
219 130
102 281
155 269
38 119
208 57
79 49
118 11
151 251
121 146
149 62
7 199
235 230
118 91
120 54
272 211
218 286
144 182
165 16
66 185
121 261
230 278
56 126
48 142
291 294
164 146
185 205
44 204
190 275
244 133
277 51
161 114
179 80
298 216
233 221
122 86
175 244
2 23
20 270
155 101
282 94
53 159
134 297
170 263
271 207
118 140
212 125
28 114
165 5
61 209
257 25
232 195
169 128
177 112
192 281
181 258
258 196
286 262
85 228
180 173
100 166
258 86
222 279
119 138
136 86
299 192
170 240
155 123
8 248
288 243
11 294
228 214
58 105
139 267
289 296
123 78
5 60
223 64
212 125
160 101
25 162
35 181
87 195
168 123
170 72
38 38
69 184
284 231
271 216
2 196
149 78
7 286
36 47
106 231
178 282
20 153
78 82
169 244
202 118
1 229
99 77
205 100
23 295
152 289
231 115
281 65
31 226
291 11
105 145
49 181
138 63
83 128
6 162
129 3
241 265
270 174
265 20
93 43
256 122
274 7
117 249
65 155
186 169
13 229
91 216
95 2
203 207
11 42
210 48
0 281
73 120
20 226
257 248
261 151
129 215
51 132
174 186
69 229
21 202
176 184
164 159
253 2
48 73
291 199
296 66
41 34
275 124
95 123
49 290
241 173
79 1
223 88
11 261
179 104
82 97
133 224
78 200
47 4
118 149
99 5
245 156
233 200
295 31
275 94
172 142
37 8
198 30
0 15
150 187
6 47
124 51
138 264
129 94
225 88
68 203
263 221
122 197
16 108
108 282
236 297
210 63
135 46
272 38
165 61
112 55
158 280
47 239
289 104
89 144
0 70
127 2
289 208
88 111
268 22
84 165
183 106
32 169
188 252
55 221
58 131
291 189
124 218
49 231
255 93
299 227
11 226
231 166
56 84
269 13
198 0
264 167
156 74
165 120
2 3
200 77
69 103
298 257
213 166
256 153
102 45
195 221
60 30
83 261
21 102
145 203
81 97
242 61
69 79
76 38
26 293
38 141
267 59
163 127
235 225
59 259
160 150
85 149
48 263
272 49
177 161
293 86
104 13
228 194
122 86
146 280
89 265
57 276
115 247
155 32
11 298
154 222
147 216
36 0
2 101
272 128
102 239
16 167
58 210
109 34
90 29
116 65
271 92
204 174
204 105
197 80
184 35
68 72
296 26
63 226
244 198
181 58
259 67
273 18
30 126
113 249
64 264
95 5
207 44
236 185
2 251
95 231
252 222
270 207
104 285
78 42
224 200
190 243
22 130
291 216
167 263
93 117
122 68
160 234
134 203
275 74
165 39
90 138
253 6
240 0
8 212
76 99
167 110
259 255
30 211
113 63
106 167
142 174
195 147
278 103
77 110
298 3
49 213
98 295
148 103
34 139
180 89
173 143
243 28
109 95
103 194
62 284
39 11
53 247
129 257
157 120
150 28
67 172
189 129
109 24
178 278
122 59
242 33
247 198
88 138
104 111
90 174
156 245
250 177
208 284
202 17
4 162
84 195
156 112
229 134
19 4
24 154
167 281
138 244
268 281
130 89
87 138
65 51
109 44
273 271
80 266
197 193
122 72
289 229
192 190
146 205
38 275
15 290
185 197
21 59
174 81
147 119
197 2
220 54
12 216
294 236
233 226
270 11
210 218
298 41
1 189
159 131
249 208
135 101
252 144
31 8
190 110
166 167
155 24
246 90
17 74
248 277
58 278
210 134
133 148
191 275
245 291
203 270
88 132
99 127
55 284
34 284
288 16
128 114
60 57
223 201
0 236
84 120
58 119
294 15
81 157
27 15
53 138
278 185
154 20
101 212
101 97
43 271
8 283
136 45
179 192
268 258
159 219
19 131
110 167
298 35
8 295
127 29
277 53
62 202
24 24
228 118
225 241
291 20
278 94
81 182
41 97
162 25
127 61
210 32
261 67
130 280
143 76
47 179
122 125
213 163
299 218
173 142
177 122
176 267
3 274
288 204
208 10
161 146
265 286
131 123
202 157
194 31
287 235
178 172
232 39
296 46
41 100
41 48
259 237
20 255
47 242
74 58
227 189
192 135
131 235
162 31
83 183
42 165
189 137
187 207
280 241
218 279
282 57
33 216
224 202
190 74
34 24
50 58
59 128
292 106
107 90
63 272
237 120
45 293
229 275
221 228
154 293
213 241
59 237
257 38
231 9
202 113
75 157
167 257
236 64
146 87
210 164
41 81
22 218
299 157
124 133
95 178
173 12
6 152
150 265
257 278
159 91
158 288
221 16
48 283
236 7
223 17
120 196
138 1
130 290
252 144
48 196
97 297
9 243
64 237
87 72
233 120
22 148
219 21
115 279
93 100
250 181
216 87
233 282
168 252
126 21
251 146
263 297
132 166
174 138
62 16
17 10
205 277
135 279
152 213
111 155
222 172
215 247
281 101
243 195
170 143
236 153
124 290
42 131
259 248
42 125
286 31
89 212
62 285
124 0
26 17
156 22
11 238
153 108
96 174
105 258
131 124
295 262
154 202
73 295
92 35
34 212
221 2
93 280
66 149
163 41
226 230
266 299
80 48
277 74
224 22
96 106
267 69
81 231
151 0
134 264
236 274
285 11
178 248
277 149
105 189
100 289
231 292
135 270
143 274
57 1
229 131
217 148
172 67
269 82
0 285
109 57
194 159
222 9
53 39
201 152
126 128
82 1
25 46
130 113
146 256
116 293
91 46
260 144
180 201
173 174
186 288
277 278
121 207
75 160
19 121
104 124
139 82
284 13
113 260
121 268
140 118
66 87
186 118
87 98
201 228
244 49
39 145
284 15
268 117
79 88
87 48
246 123
211 19
261 18
213 208
59 292
134 253
154 3
205 204
43 294
125 221
292 12
119 35
100 102
33 185
21 299
144 173
16 39
229 59
158 166
267 55
180 263
3 43
207 116
288 238
49 263
105 237
45 291
154 215
138 131
44 149
63 151
194 10
20 273
258 176
215 288
94 100
273 137
19 69
277 188
79 18
277 191
85 194
52 282
291 266
216 231
50 193
166 95
58 204
27 103
113 179
119 113
1 205
216 242
150 91
271 207
190 251
206 82
230 170
54 196
246 211
110 150
189 27
187 255
297 118
33 236
261 273
128 65
179 232
104 182
157 177
244 232
203 4
73 6
91 72
80 277
287 195
188 48
254 167
252 113
158 284
135 148
278 154
38 184
71 191
283 249
164 21
207 5
278 200
44 130
278 247
190 96
33 146
281 126
218 155
166 166
225 265
277 241
27 216
126 148
34 262
262 272
38 232
254 276
0 170
145 72
69 254
142 59
132 64
116 105
278 69
249 232
48 56
216 146
237 273
226 172
17 209
221 135
103 93
59 294
116 142
252 129
43 212
199 83
20 8
23 263
78 70
286 20
130 81
143 45
58 141
50 270
66 37
107 21
97 238
63 217
70 123
276 232
25 74
255 216
213 163
287 64
173 52
93 36
12 178
240 174
118 250
87 95
270 37
187 128
232 102
245 135
56 155
170 220
73 73
229 84
96 254
98 213
290 86
281 266
224 66
60 88
202 296
111 176
288 289
171 182
84 299
272 96
280 151
162 156
29 109
72 146
57 119
102 181
79 256
224 178
200 74
286 8
233 206
37 156
294 139
214 240
190 189
28 92
186 115
258 226
148 296
180 241
19 78
166 65
145 14
195 83
21 70
46 110
216 173
284 135
66 24
174 255
16 109
224 255
51 204
272 244
166 297
104 90
270 208
178 206
5 101
245 5
179 170
157 156
25 259
156 104
249 211
124 130
164 145
169 89
118 208
43 171
166 181
261 285
21 227
251 214
108 88
25 251
57 75
273 297
233 30
225 138
190 180
234 183
238 84
159 176
138 205
175 222
173 36
169 23
173 94
53 203
19 80
59 7
184 258
92 125
38 202
50 245
283 1
29 102
269 226
160 137
92 207
186 44
105 297
83 183
184 259
222 11
58 153
185 292
255 156
82 47
244 152
177 62
9 92
264 87
177 279
280 224
153 20
152 138
271 128
159 114
264 68
224 56
97 1
43 297
279 38
147 33
106 221
101 244
236 35
54 202
77 228
32 77
0 231
298 37
118 248
131 55
79 46
25 50
35 73
116 251
225 63
206 275
297 255
36 163
132 74
73 93
100 231
257 183
36 71
101 26
270 130
277 285
0 45
70 67
165 118
127 104
230 24
31 272
74 65
87 237
76 268
275 59
146 194
274 254
194 66
284 182
290 153
109 232
237 47
168 299
66 257
212 250
155 284
256 107
208 104
19 124
241 156
178 88
283 202
59 120
5 126
188 292
238 180
218 216
175 117
119 231
50 275
5 267
181 240
63 86
99 138
178 270
6 50
4 171
226 242
299 79
209 251
137 134
237 58
166 92
74 131
62 281
9 147
1 182
248 46
28 161
264 112
137 26
113 284
164 157
99 93
58 131
176 199
102 285
156 65
107 53
268 106
85 276
37 193
71 174
70 197
17 222
66 74
118 46
119 187
249 281
54 195
281 215
86 210
73 201
147 59
41 288
98 38
256 198
255 152
103 242
209 283
157 206
280 45
51 220
241 194
140 251
30 112
27 252
126 54
212 255
187 130
63 46
290 20
66 293
111 207
155 142
92 115
229 140
212 149
166 283
37 34
80 168
28 175
292 150
160 74
178 247
235 228
135 281
194 273
41 233
81 134
129 77
11 119
157 215
294 37
71 29
40 147
271 278
254 70
50 89
49 235
41 163
275 144
130 107
247 2
271 14
7 157
248 18
199 63
175 230
163 212
285 179
198 45
222 93
77 160
220 8
233 46
251 215
164 140
109 39
56 48
165 211
108 298
239 55
234 241
153 226
223 106
280 37
174 12
177 68
11 131
140 9
107 168
79 26
146 247
146 136
21 60
276 184
214 178
280 230
129 209
197 152
10 200
163 299
215 74
216 185
46 106
131 287
263 145
294 279
244 6
144 88
16 90
212 247
123 35
23 289
188 11
9 84
171 61
144 216
242 248
210 108
79 260
221 76
297 86
59 135
14 120
151 51
205 107
134 136
88 144
9 291
101 253
91 165
125 6
19 65
100 236
34 197
224 70
49 100
241 45
56 206
240 30
171 183
147 46
69 58
102 267
272 172
260 170
224 83
179 57
188 278
139 75
263 138
6 107
119 127
12 122
182 79
67 33
19 86
40 281
110 166
242 8
82 12
8 141
105 10
127 276
58 241
272 267
19 112
143 7
131 256
152 93
262 229
28 167
258 178
37 24
111 84
228 118
176 262
292 108
115 287
180 232
89 86
220 115
235 141
269 277
287 2
196 213
269 11
44 98
116 35
80 167
138 56
193 2
206 11
0 255
245 101
1 217
238 58
82 280
228 205
127 242
141 116
244 299
153 116
101 228
155 58
105 147
238 25
221 83
203 232
241 163
84 137
69 8
219 296
285 103
53 241
134 67
205 112
195 0
34 234
40 97
285 79
281 179
186 27
163 131
30 182
269 82
149 180
116 151
11 282
44 191
194 148
267 44
89 64
24 40
242 142
40 150
288 13
126 121
69 292
241 120
31 295
151 133
273 213
133 232
5 67
247 39
80 87
267 239
150 42
154 184
37 104
11 138
101 217
68 33
36 64
167 180
14 128
63 211
90 4
148 271
22 285
284 221
148 137
270 299
221 171
194 25
282 155
46 138
23 59
175 121
282 245
184 260
113 40
43 212
217 152
228 248
114 263
290 248
263 282
123 218
230 44
261 20
114 180
78 283
259 19
133 140
218 55
224 174
198 37
85 290
123 10
249 53
28 131
71 216
250 3
76 258
55 110
14 69
235 121
229 257
71 59
179 287
165 258
154 77
293 183
206 170
80 162
291 252
163 5
266 197
163 268
291 215
269 48
84 174
73 106
23 253
222 221
191 200
138 135
270 149
206 181
66 100
12 145
143 65
281 52
212 54
21 45
26 230
132 122
199 236
203 18
34 277
208 90
178 186
192 9
119 67
45 212
232 43
293 268
8 186
144 199
298 82
41 212
28 281
296 160
111 14
140 45
238 131
190 96
45 218
17 3
194 132
138 43
104 3
226 172
53 67
225 122
298 127
176 20
111 36
47 87
74 287
15 248
229 68
254 4
28 146
206 215
96 21
11 189
80 290
74 113
41 269
97 266
129 55
58 168
49 15
281 207
195 177
106 45
41 120
218 100
38 135
254 179
2 286
142 62
10 283
177 241
92 142
231 262
291 82
286 85
22 237
219 104
0 196
257 269
38 259
147 121
119 167
271 248
59 259
277 207
87 119
200 157
205 82
147 83
124 138
223 23
34 60
208 200
118 230
106 59
205 97
270 129
276 264
283 159
289 228
164 232
101 224
260 138
144 263
274 171
231 17
132 125
212 135
223 28
274 249
39 219
278 25
204 79
281 95
89 9
184 81
90 248
14 195
64 59
247 80
99 258
282 288
136 213
125 10
168 225
40 174
167 152
116 228
49 42
105 290
207 35
152 26
271 190
158 152
248 23
240 256
198 209
261 244
259 78
127 213
20 254
282 210
254 189
85 150
100 96
131 98
246 78
69 88
74 126
215 135
253 277
103 55
215 106
2 296
33 49
133 153
267 45
160 206
107 212
180 4
137 85
109 106
232 236
259 76
246 292
277 272
126 141
291 177
247 201
273 0
57 281
273 194
89 21
29 247
29 256
177 117
291 289
67 195
168 284
191 158
90 275
60 75
28 105
105 74
63 217
148 130
70 155
191 245
281 68
121 250
117 180
214 228
268 51
11 9
292 195
75 265
178 74
174 105
220 112
248 145
191 266
49 20
181 71
134 247
82 38
159 135
160 41
193 256
81 112
167 192
16 139
221 175
29 232
22 243
113 222
190 283
83 248
109 90
254 181
80 288
100 77
120 183
296 121
196 229
175 129
141 233
247 191
279 80
102 162
63 37
214 54
166 204
174 131
75 235
22 41
84 262
12 275
83 60
71 128
200 271
218 61
141 226
221 103
210 299
79 44
2 22
244 136
168 197
268 133
135 87
31 297
236 246
251 239
228 59
51 159
146 290
229 181
28 154
198 94
15 190
299 224
4 86
239 168
106 86
287 40
254 72
285 279
72 281
198 261
224 45
138 203
107 17
1 75
224 56
148 179
213 116
129 22
85 118
259 32
79 197
214 203
194 66
110 46
288 280
191 74
31 174
253 70
139 150
227 59
47 182
86 129
142 49
257 198
56 188
154 49
193 198
220 284
275 290
297 258
53 241
87 63
112 86
195 65
7 162
40 151
266 285
53 288
138 175
277 199
41 254
108 177
296 77
285 293
285 203
31 155
19 214
29 41
272 8
166 275
167 147
236 218
39 28
74 43
3 232
117 109
278 226
13 43
159 105
166 283
31 222
251 22
163 8
97 19
289 9
287 247
157 32
249 231
253 195
260 37
156 131
49 47
259 129
158 242
7 217
49 98
235 123
181 124
292 9
298 180
213 104
15 29
20 152
63 110
144 92
180 225
124 213
49 259
227 182
190 99
57 138
69 76
218 188
100 199
88 66
149 7
181 50
271 154
232 11
168 117
37 272
35 281
272 282
202 281
183 160
293 297
211 201
116 16
244 99
121 46
130 242
5 86
62 299
179 143
187 66
159 227
116 42
190 230
137 64
140 26
116 169
63 240
193 168
240 6
297 12
252 265
232 2
77 157
212 108
73 131
251 181
174 76
75 246
271 109
76 36
226 241
148 225
198 45
194 205
285 87
104 65
118 101
35 183
277 37
50 43
219 174
68 213
70 274
206 283
161 64
99 243
3 263
87 248
42 197
11 88
68 33
153 132
289 267
26 111
252 110
241 87
162 9
281 249
85 145
240 269
201 180
251 73
180 86
196 166
56 170
87 268
257 212
298 238
196 102
79 238
184 68
195 70
11 166
256 166
29 122
136 265
297 63
130 45
223 154
117 198
77 49
15 194
157 124
165 78
187 99
197 90
113 288
54 189
21 150
211 98
269 291
247 80
53 183
115 78
5 167
100 115
109 49
162 116
136 277
192 9
28 195
72 105
223 130
173 91
69 152
196 180
77 100
299 141
269 292
141 60
195 240
66 214
279 5
170 48
46 272
142 116
173 203
245 287
249 108
273 250
33 124
263 152
77 162
224 220
223 225
100 32
230 72
86 165
140 251
22 79
51 28
210 240
35 199
181 255
149 58
237 100
169 6
109 114
117 51
80 251
118 135
67 7
263 128
154 204
286 279
136 207
266 52
105 50
108 3
65 97
70 249
196 88
88 89
141 192
243 260
188 224
211 158
128 269
167 181
80 83
148 204
206 55
221 101
278 149
240 190
7 285
131 166
240 237
141 63
143 283
179 106
167 249
119 269
212 17
216 111
80 208
179 115
58 22
248 104
152 16
285 145
254 234
268 147
285 228
187 147
43 105
111 168
278 283
269 170
125 114
73 106
163 137
239 151
70 157
37 101
183 163
65 240
181 189
103 71
22 189
134 175
230 29
239 56
228 64
215 20
104 20
232 144
111 121
100 271
205 36
165 222
28 238
8 76
47 83
154 82
20 40
169 9
204 272
199 253
115 98
90 283
186 221
0 140
81 94
107 229
123 13
186 129
28 163
100 260
113 62
139 66
133 140
194 267
21 120
107 32
212 289
126 280
150 34
275 235
4 118
68 192
214 263
19 1
283 14
40 66
7 126
164 38
139 98
4 72
70 151
256 76
275 164
71 49
1 294
95 154
250 228
282 32
100 246
11 59
167 226
238 43
13 31
246 198
1 275
214 181
37 4
282 89
55 53
146 72
265 163
43 19
49 70
147 173
109 2
173 50
126 58
21 279
169 178
296 9
182 294
13 60
18 226
42 204
110 156
121 130
66 223
215 168
153 293
71 192
256 110
108 45
49 258
215 253
266 276
252 205
122 64
121 197
85 124
297 11
91 54
243 236
72 172
56 144
276 256
33 299
18 237
195 74
295 235
253 157
18 81
159 186
149 78
155 297
87 122
134 217
176 253
160 180
281 91
224 133
298 49
167 241
285 287
289 137
26 236
252 24
143 112
13 97
53 42
204 106
47 110
37 52
277 23
286 239
299 45
121 1
289 48
197 103
124 29
144 261
61 44
81 278
257 88
106 117
40 23
16 94
278 268
203 15
63 225
195 80
43 217
18 93
79 111
128 121
118 297
17 179
165 166
268 181
163 143
253 223
123 88
176 238
290 162
227 292
236 159
210 282
292 240
65 138
91 170
149 30
46 72
164 188
118 254
100 169
16 34
178 147
287 9
228 26
157 24
259 58
105 151
235 177
100 250
108 112
157 103
90 52
258 84
129 205
246 206
290 170
294 105
285 40
167 226
40 155
277 209
87 43
73 11
235 269
174 83
206 31
213 102
158 238
269 53
189 109
299 198
269 48
287 153
97 133
257 166
224 49
168 17
202 198
111 264
268 154
43 2
13 184
193 260
150 79
80 1
103 44
272 60
216 228
220 30
291 136
74 188
225 246
154 54
109 242
237 13
276 274
146 271
68 18
290 163
66 19
100 67
142 126
24 12
202 116
244 191
248 113
58 158
59 125
272 113
227 249
217 259
155 278
30 223
115 272
126 96
138 298
186 199
194 214
11 34
211 66
270 93
263 288
283 68
215 210
92 234
46 89
166 93
290 89
199 285
182 190
184 106
13 222
52 189
191 82
230 122
251 12
15 37
132 243
122 62
51 196
253 136
98 268
96 160
208 235
112 222
59 256
155 136
43 117
179 224
122 222
15 213
85 92
224 273
282 142
134 99
251 2
207 110
82 133
87 266
33 145
147 118
13 38
129 193
237 157
33 176
226 196
287 271
187 109
168 115
204 124
22 61
56 147
142 54
269 180
206 261
253 38
215 127
296 292
67 215
61 203
255 91
244 256
180 156
0 42
280 278
229 55
251 241
224 276
183 173
146 262
267 189
183 249
72 295
272 4
138 243
179 50
34 2
88 58
44 219
19 198
7 204
11 174
172 201
235 196
9 78
107 151
208 238
216 136
223 254
28 217
121 131
265 193
204 274
256 218
162 171
35 185
140 82
0 152
30 142
117 166
141 7
122 5
124 42
122 105
293 39
236 233
214 250
134 161
70 155
80 60
240 58
184 141
235 184
22 185
284 203
17 298
220 17
285 146
237 144
32 253
40 116
208 99
216 111
79 244
213 127
274 207
236 249
80 157
149 117
92 93
202 105
286 259
2 276
77 2
75 18
153 16
60 11
241 207
64 234
138 112
256 120
169 260
76 180
17 192
206 229
161 202
42 80
43 9
207 4
144 55
61 157
257 190
292 45
90 95
287 15
191 105
40 274
192 232
260 75
178 100
18 0
131 23
290 254
278 15
63 107
87 32
154 161
170 178
68 153
91 13
132 261
159 241
195 13
140 239
279 247
3 194
13 178
105 59
197 271
271 275
23 84
26 247
108 65
99 167
23 12
255 103
57 14
24 244
135 290
272 250
163 151
89 35
4 15
13 59
58 140
262 125
209 83
94 77
38 216
1 287
237 176
69 49
75 149
265 117
99 33
91 76
262 238
71 290
55 227
259 168
4 224
128 234
184 261
228 90
296 278
280 222
12 272
205 222
106 299
13 288
277 68
97 54
52 28
14 114
205 175
246 260
150 275
87 125
143 29
184 139
195 175
70 184
34 138
12 130
32 33
237 78
50 94
114 162
260 11
228 220
186 78
129 53
1 299
119 21
229 86
242 23
219 48
115 186
197 235
112 219
6 250
287 133
191 117
30 125
296 149
8 185
180 153
212 181
167 50
167 240
63 248
106 187
275 46
299 131
123 287
52 191
18 131
297 259
76 191
98 159
285 63
160 26
135 293
245 5
259 73
5 31
27 40
41 66
27 153
76 144
80 36
93 239
71 259
89 0
226 111
146 112
134 272
208 206
141 157
19 246
222 126
211 200
195 25
44 124
60 152
48 4
20 24
274 70
197 134
82 168
48 133
272 124
153 294
121 224
91 96
225 189
31 199
53 266
254 267
99 278
290 94
38 68
207 59
258 88
55 127
90 75
60 291
209 16
290 57
171 298
282 184
231 92
42 136
212 293
289 94
54 64
155 72
226 183
294 261
166 209
231 112
49 8
221 126
189 193
7 60
27 235
83 271
21 173
192 107
298 123
221 251
135 241
173 243
252 229
220 99
178 141
105 239
219 141
279 234
80 162
210 127
48 225
138 272
298 140
221 299
223 156
18 243
86 282
214 249
124 238
50 35
63 245
290 111
55 276
91 100
205 113
177 120
4 111
46 235
144 280
23 144
60 76
127 126
282 197
295 253
263 38
155 38
20 287
149 94
252 36
149 55
280 103
272 39
226 115
72 296
2 193
280 14
190 9
244 206
9 103
94 5
29 83
253 259
74 18
69 7
255 203
44 240
205 220
255 137
142 55
299 38
170 192
20 36
89 140
273 192
276 182
111 295
103 30
69 120
219 159
143 74
269 247
224 71
277 47
102 283
165 2
234 5
78 30
177 266
105 54
20 105
84 168
100 59
261 67
213 159
281 44
279 25
187 197
241 80
269 164
223 220
98 136
276 112
51 236
200 174
273 221
253 241
163 127
211 238
1 132
83 69
250 181
248 3
137 100
183 11
98 127
208 87
129 286
211 201
276 272
118 36
74 294
38 27
65 214
219 180
196 273
213 97
70 161
258 75
294 77
155 115
178 2
194 261
291 286
291 241
65 286
158 128
213 36
231 237
207 177
269 44
33 215
117 136
264 116
84 223
21 143
155 196
93 99
139 41
32 289
276 85
251 114
178 197
83 58
250 219
56 79
200 169
118 135
87 20
210 4
96 151
132 94
170 226
195 173
42 97
30 299
216 84
49 57
226 153
166 285
53 201
270 150
248 14
16 76
292 19
292 226
233 142
265 61
299 169
286 150
293 42
269 178
80 89
269 111
18 36
120 196
258 278
51 75
7 148
155 177
17 217
120 262
242 82
19 286
99 139
175 152
230 92
36 53
193 28
18 195
279 57
267 119
214 203
19 67
105 157
157 176
190 274
222 47
222 188
111 94
150 270
66 4
172 48
170 198
200 67
168 124
204 124
138 117
160 195
68 248
13 56
108 130
275 13
38 25
174 217
104 175
45 183
282 66
282 281
292 191
8 251
26 279
198 217
232 68
195 225
202 261
104 142
119 247
71 18
44 236
234 290
232 110
60 259
289 52
142 296
191 220
32 27
206 236
203 70
286 240
205 238
114 18
157 257
214 143
209 244
56 199
96 26
198 94
277 138
201 216
114 152
265 290
16 262
254 194
220 26
214 196
93 174
232 254
126 17
128 269
158 107
89 233
140 197
248 176
158 217
112 20
230 12
27 8
71 27
156 204
172 33
251 138
181 9
265 16
289 117
168 180
160 205
257 10
68 129
141 123
187 278
264 263
27 86
244 49
239 47
1 117
7 145
196 182
48 69
268 220
224 19
240 184
51 153
217 81
252 116
241 53
199 176
253 211
151 265
175 183
93 80
142 35
1 144
134 218
174 15
299 153
217 265
240 291
297 58
109 106
169 229
283 68
150 100
226 98
242 8
216 210
246 293
129 187
54 17
233 187
121 276
15 59
40 22
181 259
291 169
75 77
86 6
209 244
129 132
281 291
45 248
117 115
48 134
124 86
88 86
138 18
29 236
204 213
68 298
116 94
121 69
272 55
40 297
84 70
104 41
221 183
193 94
49 50
260 291
230 78
37 36
102 32
272 120
92 241
272 249
162 169
8 84
112 14
117 37
291 194
89 104
4 259
232 79
242 266
284 40
152 157
54 69
49 46
15 114
171 112
267 41
276 240
297 173
91 239
183 162
178 200
22 1
113 182
99 120
258 222
73 205
247 222
209 247
99 197
157 250
236 84
298 252
100 85
91 228
289 230
236 230
238 191
82 93
60 281
160 110
100 14
144 18
43 179
74 135
230 10
59 146
7 281
283 90
133 296
27 82
191 33
74 9
252 129
88 234
204 278
292 260
110 98
62 294
212 40
259 153
104 238
271 88
298 197
185 89
262 69
230 88
295 129
147 196
2 163
47 189
270 102
224 153
29 87
57 13
48 285
274 215
280 124
236 174
246 124
203 171
44 126
256 16
135 71
107 135
180 107
147 183
32 45
88 27
173 260
263 174
13 260
263 119
287 148
236 115
147 123
70 52
278 287
184 175
4 258
157 220
285 87
170 246
230 249
66 59
177 8
191 230
255 77
14 150
82 68
233 142
231 25
279 204
17 81
95 146
259 219
11 290
129 105
240 193
299 268
292 244
29 198
227 245
108 52
72 47
133 116
187 251
11 185
214 117
32 212
284 261
194 242
260 84
203 52
136 145
297 55
254 202
137 277
220 9
243 245
17 278
5 250
75 15
262 1
229 51
210 140
282 271
73 247
207 104
149 173
204 79
238 41
267 252
162 2
82 81
188 233
168 156
83 289
254 269
109 17
276 43
67 185
182 163
146 89
105 19
280 256
66 177
93 270
67 159
69 138
240 116
134 137
80 242
169 284
129 98
231 293
238 30
244 131
17 245
45 183
211 38
280 164
13 293
179 89
112 22
184 63
169 162
221 67
223 119
79 120
168 65
163 133
253 12
266 124
133 167
147 101
264 80
172 230
41 144
285 100
12 118
225 31
245 226
286 167
94 97
139 74
108 41
292 288
299 130
297 216
248 204
165 108
278 50
94 277
140 270
63 168
81 134
170 277
267 168
94 264
62 173
202 83
28 187
227 40
120 211
162 202
164 260
129 161
120 217
20 1
295 209
19 35
93 100
71 32
0 41
10 93
183 56
202 56
250 140
160 250
129 146
25 212
56 72
279 162
40 149
125 121
41 267
199 64
68 257
78 274
56 123
268 211
291 10
76 275
20 125
23 118
19 86
124 135
133 88
191 244
69 72
24 245
119 277
31 263
99 186
104 45
164 36
251 24
141 299
10 128
44 54
28 128
266 245
99 27
42 103
25 298
159 255
108 86
132 292
38 177
192 7
229 94
82 152
201 65
25 253
166 171
233 20
272 268
192 191
33 277
67 268
97 98
202 119
10 39
205 230
194 260
239 229
127 46
126 1
249 263
255 69
193 73
221 11
36 205
50 269
181 103
37 270
277 283
123 255
180 76
49 23
299 88
168 240
269 260
221 9
140 223
7 143
17 25
104 209
23 158
278 35
74 88
89 44
181 89
269 227
48 228
266 212
201 69
18 38
271 26
52 82
27 66
248 128
93 74
139 132
142 22
137 260
225 149
209 235
118 208
58 53
195 123
110 159
299 138
294 284
184 298
55 65
111 87
227 181
179 128
245 264
293 118
114 266
282 51
242 148
36 134
172 171
169 24
169 30
73 42
86 71
293 296
214 50
17 248
72 236
219 15
17 97
281 9
241 139
253 92
267 38
144 159
113 70
106 24
212 145
212 67
102 232
296 234
213 38
261 236
24 40
24 187
186 87
247 75
244 264
248 248
201 152
57 133
89 90
18 31
192 116
36 123
63 73
261 220
128 291
124 66
134 13
200 88
274 186
169 120
185 15
113 160
26 49
31 56
166 285
261 262
126 270
118 259
5 32
256 237
33 17
80 75
267 22
34 48
182 274
125 186
86 122
48 294
177 190
172 84
231 243
84 278
68 169
175 20
217 132
298 58
130 59
117 233
66 91
258 193
83 2
190 244
207 45
165 175
72 253
114 33
172 213
294 243
18 136
162 80
282 241
225 167
56 137
89 132
163 152
219 109
273 118
251 58
138 136
164 237
292 203
101 157
236 46
47 97
121 140
72 196
117 215
39 180
154 24
294 75
188 299
87 57
70 216
292 295
239 67
129 268
218 226
256 216
69 205
292 3
283 157
259 55
134 167
8 277
254 179
271 120
186 292
236 116
246 178
9 247
211 167
176 202
111 74
224 135
228 149
249 35
163 292
30 13
266 188
61 226
299 23
52 38
251 91
108 21
115 101
174 233
289 11
73 42
10 192
292 127
130 128
136 153
237 263
23 210
123 156
276 143
232 100
135 202
8 221
26 3
40 88
59 10
105 267
243 294
3 133
132 215
238 87
259 52
205 231
10 132
261 239
83 56
186 57
166 27
175 144
129 196
235 295
110 260
212 291
214 132
248 253
9 135
197 156
175 296
172 33
261 186
62 199
234 185
199 104
270 47
210 47
192 293
140 245
65 270
278 228
0 46
66 10
2 229
132 163
279 94
196 135
116 67
271 92
45 264
46 187
100 264
219 295
30 241
190 124
216 235
94 161
28 164
103 172
177 111
163 231
74 100
68 249
68 202
293 229
109 58
276 26
57 157
283 111
155 199
16 262
111 58
22 272
214 247
286 91
296 188
253 216
2 95
104 6
62 206
123 127
190 28
62 107
13 34
168 227
224 284
91 7
251 115
231 260
191 60
260 83
119 198
158 20
107 133
28 9
3 290
26 51
137 39
236 117
243 78
248 42
125 275
129 0
37 126
158 141
78 257
207 214
3 113
284 278
186 134
196 198
110 173
51 218
231 28
53 229
15 106
22 188
194 95
162 65
13 42
10 98
37 37
70 165
37 57
261 94
220 17
166 292
223 131
155 14
91 213
98 299
75 237
190 184
142 171
185 112
64 142
141 223
87 164
181 240
291 153
121 294
128 76
298 115
59 223
3 259
49 281
210 220
227 289
111 204
79 131
21 79
37 155
166 21
294 248
80 82
124 99
260 149
263 24
29 133
162 198
246 31
230 132
190 219
173 110
171 294
10 47
100 293
223 130
57 51
193 213
100 112
270 256
109 18
257 148
240 195
265 127
43 289
282 111
238 61
35 270
15 216
79 110
246 256
233 7
110 61
72 175
88 124
14 185
36 30
25 279
123 186
214 37
281 10
151 186
54 182
241 14
251 256
258 118
15 262
270 257
263 43
244 11
189 2
252 46
266 258
8 63
291 72
53 32
169 8
51 30
175 251
106 18
258 220
194 8
141 173
295 234
230 92
180 157
188 20
218 79
219 153
8 151
89 212
47 139
136 164
96 260
21 182
168 153
0 70
108 225
148 38
95 19
7 163
105 205
273 149
39 29
128 179
85 104
30 221
13 209
87 210
55 78
266 56
126 288
267 102
162 50
47 195
192 216
38 73
265 262
237 178
53 181
174 159
57 269
159 222
219 188
145 55
120 169
242 254
286 138
121 25
71 51
102 147
186 248
194 12
46 175
152 157
184 189
294 127
178 255
291 111
63 8
137 16
132 74
171 128
181 131
280 13
134 194
263 95
140 130
65 272
231 88
101 250
245 51
181 31
110 211
255 54
120 248
170 205
269 281
53 208
299 4
126 252
283 168
11 187
18 7
193 8
224 39
280 226
289 63
14 179
283 93
154 101
255 8
185 242
135 111
24 250
60 298
70 159
207 107
150 296
268 184
126 261
187 279
71 217
67 31
205 20
283 163
19 277
194 54
293 188
16 288
184 183
116 138
73 299
247 28
193 195
101 49
36 100
71 116
14 201
153 30
98 245
226 73
142 292
212 74
269 153
284 150
62 297
166 53
90 110
119 287
233 263
3 112
60 53
135 3
173 151
296 251
192 60
82 141
106 267
123 96
285 196
46 21
37 12
230 135
45 263
284 237
280 72
267 77
43 277
14 270
96 125
130 225
112 149
269 247
150 154
16 89
241 84
81 256
247 253
7 119
16 63
272 279
75 73
18 209
190 269
74 75
196 261
115 208
184 207
299 276
112 212
216 260
8 250
107 210
149 288
239 147
105 282
213 186
84 16
120 142
151 16
76 189
286 191
157 204
110 207
14 78
180 91
1 125
59 206
144 62
149 169
61 235
115 177
108 98
111 267
116 122
17 291
210 54
237 235
92 227
11 80
190 75
244 285
22 82
251 291
276 158
51 241
192 82
275 124
226 112
28 286
165 136
171 48
200 73
118 183
220 277
159 16
40 165
52 162
70 81
140 220
268 283
83 202
79 266
223 293
95 219
129 93
138 8
66 252
38 141
213 279
62 199
299 13
299 73
160 109
134 161
145 204
288 122
244 176
136 73
96 108
28 210
256 48
25 131
163 267
120 258
127 290
248 253
123 49
55 260
91 135
23 224
185 248
278 228
165 27
222 125
143 6
100 188
58 298
178 10
94 125
143 26
100 170
299 96
80 208
269 34
169 4
19 98
238 98
194 287
224 127
36 206
236 238
285 55
174 207
111 63
140 120
12 146
79 155
152 4
206 59
28 201
174 188
253 46
160 221
204 141
72 196
249 70
190 171
49 228
188 248
150 248
25 140
229 8
234 257
236 286
143 110
43 231
239 64
212 162
220 226
164 138
112 178
55 248
133 201
51 262
217 161
0 212
285 215
12 75
186 128
20 63
280 10
114 204
29 205
236 10
106 105
281 50
289 19
147 266
50 195
276 188
48 189
234 65
276 167
249 230
262 0
191 282
125 209
159 205
116 221
172 150
131 148
108 109
91 105
74 2
133 47
217 12
63 295
204 0
205 43
211 181
240 289
260 23
211 145
69 245
101 274
132 275
94 26
226 296
209 226
49 189
216 171
78 266
205 9
54 138
199 57
231 110
74 216
62 139
105 170
182 159
202 217
225 197
172 25
112 133
48 240
95 269
269 160
222 238
259 167
35 256
218 288
252 49
40 155
59 206
111 140
80 63
66 205
190 178
76 192
126 133
118 248
2 59
278 273
45 81
86 91
97 181
50 153
148 91
217 135
120 186
112 293
181 187
97 196
8 189
29 20
10 59
283 3
193 232
80 13
141 270
233 31
177 217
282 171
283 70
192 6
83 134
196 20
236 90
288 35
172 152
162 299
203 110
220 116
43 226
247 280
127 121
297 294
194 181
262 282
283 0
51 269
169 46
283 113
240 292
170 184
201 210
50 129
246 204
90 297
25 226
19 89
130 263
96 157
177 231
299 119
212 197
47 123
160 14
26 248
293 185
233 291
288 207
22 165
208 48
245 12
143 93
206 146
204 119
153 237
55 161
118 247
218 254
247 225
70 290
256 291
215 187
172 19
88 156
235 224
271 117
249 218
67 23
167 126
251 171
231 257
177 199
164 262
280 119
167 224
249 168
280 34
127 11
286 164
136 50
281 135
177 123
182 233
139 165
262 246
179 196
13 154
75 221
44 181
168 256
113 104
8 155
222 174
275 49
263 224
153 12
195 291
166 156
26 27
80 83
117 215
107 12
207 77
198 189
46 230
286 169
130 73
163 49
250 282
104 46
238 187
128 141
22 126
62 104
280 6
211 262
28 68
8 27
119 129
84 261
24 194
81 143
283 39
108 129
51 178
202 42
36 170
39 235
66 131
111 132
174 191
48 179
71 273
2 169
181 99
106 32
136 224
197 288
217 131
145 234
200 294
185 2
244 28
271 89
248 115
163 158
77 223
103 191
29 132
166 269
224 257
254 113
41 182
231 200
115 219
83 123
94 292
60 150
242 36
88 143
140 30
57 175
68 79
205 241
23 184
262 235
110 68
265 76
92 66
81 247
3 291
214 235
253 172
168 275
22 296
193 136
249 105
220 10
129 283
267 162
245 107
140 77
18 276
110 83
148 8
0 108
186 91
119 124
164 140
100 287
175 129
11 64
169 260
97 181
268 25
222 143
202 16
282 261
167 18
171 21
58 51
146 202
197 75
86 52
33 58
285 134
53 26
66 120
152 220
123 136
180 175
47 169
184 142
214 36
299 166
167 0
63 25
265 73
207 236
245 97
124 156
7 108
114 0
100 188
136 280
17 42
222 49
168 288
79 79
37 196
169 245
210 41
199 83
45 294
124 164
280 153
102 247
148 222
204 164
142 112
51 119
229 65
196 69
79 275
114 90
84 121
270 162
134 77
76 62
209 10
165 126
221 143
101 158
184 170
225 147
103 266
99 24
54 143
147 12
141 221
131 104
290 148
1 291
48 53
25 28
183 20
240 42
152 255
243 249
29 165
280 16
283 294
261 61
150 165
234 291
288 88
155 145
126 209
153 213
61 146
136 5
239 34
228 133
266 122
10 287
19 115
18 90
48 101
79 6
265 272
274 293
282 208
199 91
10 47
274 148
192 87
115 53
19 129
82 142
127 55
235 211
141 69
195 58
205 1
154 71
36 66
42 144
280 23
241 107
24 202
84 65
70 134
291 46
144 37
148 65
154 203
147 223
167 295
230 22
180 138
261 243
140 102
136 117
215 151
45 239
81 126
104 28
161 293
138 262
124 277
243 273
42 101
123 275
27 181
46 103
119 166
125 240
93 206
259 41
206 30
33 194
80 208
136 259
272 162
31 229
3 51
43 277
20 242
74 90
54 205
243 194
91 177
158 267
221 131
162 56
221 251
274 10
142 121
48 279
108 58
105 146
210 148
158 272
281 4
225 27
73 139
161 121
62 121
12 195
127 77
156 103
178 94
85 45
25 292
185 180
99 268
286 249
211 25
134 256
224 207
233 160
129 160
259 92
114 172
252 97
126 89
223 179
20 214
158 64
210 103
44 247
227 61
14 189
221 114
246 55
289 100
0 68
63 6
275 69
51 74
144 212
256 206
150 279
133 185
126 81
195 217
151 65
267 160
9 287
168 203
228 107
244 296
43 71
16 190
19 87
60 115
195 18
139 224
226 99
268 113
39 237
261 224
180 235
219 203
1 253
183 227
59 139
181 153
31 48
249 10
241 40
155 189
60 49
92 183
98 5
166 18
287 117
284 175
131 268
76 280
190 225
237 193
65 159
143 266
276 172
220 160
243 119
252 208
249 267
75 150
47 148
32 256
191 40
63 205
14 181
117 68
259 107
283 291
41 109
62 128
199 297
141 17
250 93
35 252
151 61
208 294
196 194
93 41
92 143
135 50
288 169
239 120
156 146
94 281
217 20
119 251
231 205
212 134
60 266
281 102
7 109
234 99
62 111
33 226
186 179
111 64
31 267
189 79
253 104
57 102
271 72
275 4
5 28
136 151
151 154
170 107
156 147
200 226
234 11
199 297
41 207
202 113
75 201
236 51
204 143
212 25
263 161
35 170
32 168
1 51
158 27
275 47
14 180
277 202
248 264
25 198
16 131
160 185
97 101
219 294
258 80
3 173
120 276
247 43
14 120
125 116
7 297
245 263
149 95
10 214
298 89
53 60
96 102
11 2
189 81
209 107
134 205
108 54
10 140
209 4
224 92
21 44
76 156
125 171
55 49
187 22
23 54
230 159
270 7
96 139
273 81
189 78
206 229
211 14
117 57
76 180
95 175
273 243
6 221
102 148
66 190
2 154
0 167
138 149
252 185
53 145
118 90
176 150
138 39
3 92
277 82
222 266
29 33
29 242
77 26
235 276
130 249
239 35
110 91
2 276
85 202
24 11
148 236
147 187
110 189
66 43
25 225
224 258
260 19
296 128
229 52
121 97
264 146
138 0
241 96
246 130
122 95
172 36
231 170
70 194
24 166
269 182
282 191
136 292
122 60
211 191
295 227
78 6
294 69
94 97
0 38
112 54
281 99
15 38
268 127
14 24
252 38
247 187
294 143
168 41
151 12
204 217
270 215
17 105
219 230
127 31
285 250
132 135
101 169
0 13
99 44
205 46
270 204
134 291
56 61
178 39
37 123
68 102
116 273
249 23
97 223
258 75
35 254
186 106
204 64
250 267
270 42
83 248
58 153
202 101
73 253
292 208
116 140
142 257
105 103
248 95
42 50
173 135
59 200
52 151
249 288
197 8
29 288
125 25
157 39
151 226
45 267
28 145
251 99
217 194
202 192
283 196
113 243
163 142
91 291
228 20
186 238
256 63
169 232
240 229
268 202
91 84
126 225
183 128
63 65
168 95
43 156
124 58
220 10
93 84
78 173
217 26
225 138
233 247
282 127
122 172
184 58
152 168
231 249
109 91
32 14
247 210
32 264
224 213
79 267
5 265
55 207
259 11
181 179
265 296
294 235
5 237
247 204
238 182
60 142
96 95
160 293
287 117
87 132
225 25
80 6
283 227
265 117
148 70
2 202
48 239
139 65
63 278
138 89
284 79
253 4
100 216
179 221
174 173
243 161
111 222
17 254
104 169
48 96
294 57
200 52
49 207
117 89
26 44
125 279
151 75
10 130
114 260
277 294
163 278
132 174
215 161
215 70
255 294
252 254
248 291
42 102
231 152
67 274
235 53
272 209
77 167
227 275
204 121
263 214
280 245
235 280
190 60
170 2
143 62
253 62
95 142
259 112
183 81
148 115
230 69
28 193
257 169
92 182
0 173
223 140
279 220
251 256
217 234
57 279
86 187
236 92
69 139
69 258
48 282
189 69
270 172
296 285
58 138
241 295
126 248
262 201
181 83
88 273
257 246
287 73
290 44
108 143
188 87
219 19
18 104
163 210
198 222
37 44
63 127
178 252
10 84
218 245
26 114
217 31
180 108
60 43
184 202
186 209
245 73
261 246
187 194
28 229
108 236
32 31
293 251
15 24
229 107
3 150
225 90
138 247
169 166
174 131
85 260
127 87
146 145
222 241
198 75
219 248
34 277
122 240
156 79
160 29
255 19
5 271
37 86
151 248
13 134
24 198
114 97
40 204
109 155
177 210
3 17
116 79
216 141
25 236
258 113
165 118
34 37
195 284
17 65
163 79
211 32
148 137
88 212
85 132
116 35
138 74
262 145
227 248
258 296
64 141
114 22
130 62
95 152
82 249
246 172
9 55
287 40
12 17
36 177
251 298
268 176
0 229
130 240
150 88
205 57
271 81
230 6
121 74
275 5
135 256
28 244
164 30
106 238
217 188
275 276
270 2
81 69
206 152
274 44
155 4
283 23
122 148
214 149
286 66
22 296
57 235
264 35
7 100
247 124
166 256
159 196
89 230
41 18
232 147
242 211
133 109
186 233
70 261
139 25
54 247
281 224
252 273
23 197
260 113
140 111
18 195
78 266
15 3
95 32
275 174
224 17
80 32
191 170
260 46
182 40
256 290
107 296
36 228
81 69
234 225
181 85
166 87
63 46
24 238
104 66
231 145
253 114
29 248
141 155
76 226
83 127
1 61
247 213
126 29
283 70
124 53
23 17
202 176
264 140
174 257
248 216
238 298
130 281
220 29
20 198
46 193
91 210
148 62
258 295
101 25
210 162
251 183
179 31
223 67
38 32
294 71
151 111
43 257
20 265
276 232
71 157
186 34
227 209
92 144
232 190
222 96
34 103
158 266
292 142
33 175
87 88
236 40
10 266
290 295
15 124
124 38
102 83
120 152
144 209
188 73
154 78
119 198
197 21
231 126
117 85
175 251
105 5
5 38
298 223
281 8
226 299
21 62
36 125
238 7
57 220
139 219
95 196
214 116
119 262
298 253
129 262
55 169
166 193
156 235
60 243
75 120
257 102
254 172
152 31
233 224
133 152
174 101
72 263
4 15
144 280
54 291
64 117
261 225
64 268
256 284
11 68
261 46
44 147
144 96
157 186
190 69
148 37
38 92
54 11
84 265
68 50
92 135
83 138
283 291
203 80
95 87
161 31
66 123
85 114
103 93
283 189
36 247
260 97
75 281
279 215
254 193
218 30
215 190
0 248
86 0
131 107
220 265
30 294
244 218
59 267
134 214
215 205
95 164
41 180
274 61
189 173
206 159
107 277
175 234
299 38
257 66
79 106
249 280
157 144
169 271
10 97
163 212
225 109
110 66
145 83
189 80
269 188
290 108
146 216
74 219
153 267
187 242
253 100
8 58
208 244
35 108
109 10
271 15
131 229
232 231
196 270
245 155
256 92
179 179
8 217
253 86
204 107
90 267
2 274
84 59
289 91
70 45
242 1
196 162
53 22
75 7
117 116
122 109
39 263
200 281
212 246
291 172
169 255
43 23
78 72
226 205
76 104
293 296
178 291
33 119
295 186
154 101
47 0
24 249
77 11
126 123
66 236
21 271
203 169
121 191
125 14
83 73
62 230
284 107
118 182
60 2
195 128
279 285
57 228
146 282
155 80
153 231
28 290
60 36
248 11
68 265
84 67
4 221
226 244
155 225
109 196
72 226
181 116
120 184
72 70
28 251
272 77
202 228
16 181
83 154
48 198
197 96
31 160
186 57
142 226
27 241
100 56
40 239
214 238
119 160
106 280
52 28
92 15
279 149
37 224
295 155
293 260
6 228
34 197
66 10
102 156
276 273
266 279
2 155
154 296
84 162
224 166
44 75
221 70
80 144
57 4
1 266
47 31
168 243
106 191
33 31
188 251
181 11
32 136
7 200
258 185
125 293
27 263
92 181
101 296
219 142
259 261
109 150
162 223
97 248
67 185
201 155
296 61
270 223
59 113
120 268
3 234
38 253
171 182
23 75
267 79
54 149
298 148
98 108
82 161
280 87
142 74
154 64
143 256
271 100
295 69
130 40
178 276
3 5
161 207
13 276
183 72
34 213
14 26
36 39
149 109
205 31
142 215
260 273
148 100
83 243
283 166
189 273
107 299
122 183
101 45
75 153
181 278
134 147
79 289
198 231
80 45
62 85
23 16
223 298
165 67
258 25
24 157
16 115
271 179
110 222
92 105
266 150
157 136
145 204
12 155
147 251
186 150
271 293
32 129
269 295
204 50
189 94
203 59
207 170
191 7
24 148
279 255
14 50
128 195
96 118
149 250
25 224
22 236
34 117
184 67
221 196
30 73
156 279
225 150
114 189
84 176
138 33
233 77
274 207
43 271
254 128
233 152
289 141
112 144
138 284
114 30
117 110
27 267
6 76
74 270
140 26
263 14
2 137
47 297
75 225
117 139
205 249
32 98
253 7
6 178
77 75
217 65
119 4
104 174
94 98
174 19
200 14
23 212
94 28
98 109
3 64
76 52
25 148
156 108
284 270
278 96
185 237
41 76
129 298
120 173
269 202
242 229
14 63
141 7
189 66
161 268
283 287
16 11
28 179
165 253
114 91
106 236
168 3
95 221
107 12
97 8
117 148
185 60
7 209
108 229
48 127
179 148
252 152
178 167
46 218
119 164
165 150
49 287
242 172
252 21
294 137
243 83
236 157
29 237
276 251
20 20
174 140
99 205
273 172
39 201
216 101
35 82
201 140
172 197
258 152
206 153
165 269
51 74
55 278
60 157
126 139
191 198
129 255
71 236
183 146
265 102
199 164
272 95
125 41
103 90
230 23
176 257
276 113
166 268
61 98
198 59
163 180
212 276
132 272
27 251
216 264
62 160
219 250
216 172
47 11
131 94
141 285
80 212
135 164
33 49
183 24
255 164
137 183
273 286
269 90
105 288
209 138
114 220
285 3
210 45
273 203
194 106
265 48
34 286
294 34
276 137
34 158
260 272
102 75
27 264
205 114
258 217
59 183
20 106
260 246
91 140
216 38
100 87
129 154
219 292
6 106
157 257
7 270
156 45
225 39
166 272
75 244
28 99
298 85
250 192
294 70
92 231
262 33
17 146
175 9
263 222
99 18
214 228
69 1
236 34
243 261
148 241
175 133
202 109
157 13
274 66
62 267
49 215
184 158
100 36
204 58
90 28
270 180
204 185
161 169
32 16
222 32
278 114
171 253
11 92
162 18
289 283
164 197
73 89
287 23
102 130
153 201
117 297
129 6
271 122
146 19
197 271
274 125
111 246
109 17
1 225
24 161
293 217
34 274
240 265
265 110
179 194
140 179
235 25
255 245
0 166
260 193
166 213
94 152
212 191
205 131
115 259
120 41
178 214
209 246
91 258
81 206
232 117
74 263
179 125
48 245
19 239
187 7
53 168
284 59
155 258
137 231
107 294
267 241
150 244
247 90
103 270
262 114
236 25
90 271
115 119
131 261
209 27
148 257
165 274
191 262
170 125
28 122
245 227
262 176
296 171
171 56
223 206
275 117
229 86
11 297
219 1
81 0
190 248
299 147
138 165
229 4
63 213
31 204
151 299
235 229
280 74
137 229
194 279
124 115
287 265
258 102
272 216
50 217
210 223
256 81
4 256
37 254
75 7
264 46
135 14
74 204
186 231
203 128
11 81
84 125
124 33
241 215
192 250
256 221
135 141
64 210
6 234
22 86
26 288
132 290
29 195
60 15
288 196
230 47
142 46
219 269
280 178
31 207
53 224
187 192
34 33
66 42
158 124
75 123
198 45
269 130
25 33
137 18
278 137
27 47
74 281
134 217
99 175
26 61
171 101
192 156
174 200
280 63
23 221
139 101
7 180
69 31
240 196
184 149
52 7
179 263
291 284
127 245
159 116
78 225
222 250
200 32
53 20
161 157
42 180
42 289
167 57
39 167
38 262
223 180
84 129
176 257
194 206
172 19
21 127
186 148
117 112
118 190
36 177
218 199
120 181
103 160
125 186
84 105
186 92
3 106
118 170
87 248
130 167
52 127
82 59
18 1
209 244
128 134
157 210
140 234
54 174
188 298
77 256
146 92
110 81
234 287
202 200
73 187
43 61
65 139
273 94
39 277
299 38
73 65
254 97
250 204
293 185
20 110
29 37
277 83
8 223
10 44
275 273
74 213
97 205
101 44
189 226
52 158
248 39
225 178
164 72
134 105
15 84
73 201
259 26
64 84
259 180
234 75
0 17
280 21
103 18
251 47
261 38
62 101
199 280
203 70
299 10
269 169
47 172
214 37
292 64
284 189
220 155
9 96
160 43
110 114
2 42
39 187
293 36
91 37
116 38
207 198
212 73
160 256
147 117
230 211
130 262
173 58
45 279
253 249
289 131
153 216
80 119
51 228
169 20
165 84
188 202
44 165
124 55
275 292
283 238
4 272
113 3
19 61
223 207
246 28
136 66
227 284
251 59
34 213
134 112
61 278
128 279
153 37
223 139
66 172
167 272
247 0
247 169
124 153
232 176
41 104
185 67
72 155
267 210
161 118
82 38
13 205
258 26
208 77
74 235
7 189
271 24
54 218
269 221
271 202
140 2
260 245
200 97
24 182
255 34
97 223
48 217
117 251
259 218
122 14
184 209
202 279
171 246
191 8
173 202
73 266
71 32
161 212
4 236
209 80
15 124
233 106
281 280
276 99
252 44
0 97
84 53
30 272
245 146
234 176
235 42
160 84
277 109
104 280
296 139
46 190
1 173
31 128
68 211
14 254
277 235
159 3
107 283
223 48
15 46
251 277
33 86
106 40
72 16
187 122
247 283
157 63
160 264
96 29
135 49
86 263
242 103
219 93
101 159
63 19
14 35
240 12
294 24
136 153
230 82
229 284
47 257
246 95
140 228
174 289
288 16
233 229
252 4
179 70
75 105
113 45
267 240
190 100
277 121
121 150
182 177
192 180
107 170
73 265
271 179
113 117
154 69
43 281
156 157
206 197
128 30
236 17
250 121
172 208
117 123
248 294
39 41
127 28
198 90
2 246
125 11
267 167
290 55
0 88
17 174
94 210
214 125
281 25
139 20
277 122
38 298
212 260
1 106
256 242
247 35
75 83
176 276
101 143
8 227
273 132
289 258
142 89
14 41
103 193
114 28
38 144
232 269
263 92
113 27
202 162
275 179
291 239
205 172
161 299
1 19
123 64
274 18
13 212
285 100
79 235
208 164
265 252
224 233
248 200
213 64
49 157
7 228
154 186
3 254
211 238
267 34
133 275
130 32
37 271
203 141
297 20
231 42
171 10
123 236
245 182
267 56
277 249
80 284
26 97
67 104
268 262
174 56
271 49
105 158
98 282
0 208
200 202
268 4
184 74
173 227
19 26
113 1
78 240
248 230
245 119
20 108
227 235
61 75
290 223
57 173
131 266
152 10
248 50
158 295
120 225
41 42
273 190
282 9
181 177
134 18
295 262
84 114
271 175
285 270
293 259
216 121
204 90
134 3
284 141
298 148
76 71
196 128
218 179
63 181
145 5
79 102
77 293
292 146
173 251
83 114
229 16
289 196
176 80
102 140
250 20
215 189
166 91
94 13
273 7
133 113
53 259
206 167
222 136
84 186
110 114
122 259
69 87
16 28
76 248
104 90
111 164
115 150
172 41
267 27
2 69
55 191
73 114
174 74
32 60
62 72
269 201
247 284
54 60
114 5
206 95
194 54
138 136
27 169
3 292
208 175
266 200
247 19
292 159
149 144
15 224
98 177
290 179
132 197
278 244
170 120
104 30
215 225
25 87
13 207
216 266
9 103
44 216
66 290
238 135
156 266
219 112
151 17
62 266
159 116
226 220
27 262
152 200
158 171
265 128
236 40
175 213
266 291
262 3
283 7
271 280
280 21
42 67
50 112
133 196
180 242
266 94
133 265
295 42
185 291
197 154
45 3
228 156
198 104
194 52
24 96
60 204
19 291
54 216
10 220
179 107
42 130
71 92
235 119
205 172
92 254
272 29
234 290
298 133
141 220
269 247
173 282
68 222
154 77
72 147
90 65
231 5
52 229
113 186
51 46
60 100
251 101
171 57
249 246
210 185
12 16
66 108
123 219
160 91
275 31
20 25
38 298
125 163
255 149
16 97
25 155
244 262
162 186
169 171
202 73
75 278
121 288
290 121
187 72
261 187
120 128
297 247
227 186
209 220
33 201
73 116
167 229
158 112
85 196
77 186
157 40
202 111
124 216
0 119
124 219
157 190
144 56
173 28
185 197
110 46
166 51
48 289
181 99
121 54
38 229
175 75
278 171
136 176
88 177
62 295
9 151
279 131
112 220
282 291
94 118
247 234
199 203
79 103
117 291
115 114
258 77
231 208
149 30
68 177
32 208
91 278
145 131
2 291
111 258
138 3
66 53
241 5
99 172
129 172
278 107
168 149
101 219
264 246
244 45
77 289
50 264
37 177
101 85
213 199
22 232
255 216
174 232
258 135
289 18
0 98
17 54
240 111
39 292
140 289
227 122
107 280
73 138
2 283
210 138
24 104
224 141
193 171
288 292
255 210
233 89
276 253
30 107
71 285
174 144
287 166
129 290
42 42
147 62
286 199
143 32
73 72
168 295
192 75
24 69
112 92
190 174
36 128
73 108
35 287
190 175
149 250
276 30
70 158
111 107
46 189
44 288
24 261
61 28
285 101
39 32
109 169
76 56
183 151
85 208
136 131
291 108
67 132
218 247
111 193
120 41
129 147
135 33
241 210
141 250
104 235
298 117
66 224
203 74
293 34
42 55
68 198
289 138
222 213
273 185
12 160
162 228
174 118
275 116
204 38
267 15
19 211
254 182
139 23
262 10
1 103
201 231
168 4
141 102
26 260
254 265
59 183
130 247
3 20
233 55
75 212
74 60
183 119
106 127
83 209
61 103
219 230
148 32
193 260
288 277
153 215
193 251
294 94
170 120
195 27
295 157
73 171
251 56
206 15
241 235
218 104
16 288
26 17
284 154
260 49
242 213
215 257
93 225
96 94
238 272
60 11
63 155
65 138
3 148
91 260
285 187
222 281
286 268
108 51
16 140
235 290
229 168
285 90
194 123
146 123
121 200
42 251
224 191
1 246
171 241
205 224
84 6
21 17
114 284
140 130
269 194
205 76
184 83
178 263
137 247
165 5
298 143
230 13
219 118
202 213
76 0
208 2
128 209
291 210
16 217
73 46
264 160
170 251
283 179
246 270
183 3
148 258
223 136
290 111
162 0
77 143
164 32
174 293
26 62
75 239
33 213
111 167
15 112
296 74
58 178
76 65
292 130
162 96
25 24
41 187
298 111
107 191
108 2
290 207
187 51
47 241
108 192
250 237
28 183
128 4
136 99
245 203
260 54
246 280
280 31
112 174
125 59
0 227
288 254
120 261
121 293
134 145
23 112
242 228
177 283
79 261
155 142
179 239
11 123
172 148
115 132
114 291
206 162
299 126
162 182
205 192
98 30
226 249
130 154
240 200
68 65
198 84
252 58
128 273
126 90
7 151
159 52
202 256
44 289
150 290
88 279
191 153
108 174
144 90
8 41
221 109
72 37
267 252
253 39
39 92
293 162
264 150
171 196
97 169
231 269
290 119
266 149
133 298
189 79
210 99
23 21
0 140
211 196
197 112
125 91
232 175
6 25
159 5
84 270
238 235
237 259
246 45
228 293
195 86
88 41
102 225
228 7
139 245
86 65
126 61
166 38
264 72
100 22
285 183
280 195
62 214
34 140
11 213
81 261
99 213
81 259
172 105
240 254
217 180
108 257
90 26
123 62
1 272
103 276
87 217
34 232
287 222
243 82
149 274
106 75
9 251
262 68
112 112
169 41
256 92
177 295
167 149
109 82
101 249
22 236
57 10
85 247
155 0
238 263
234 4
155 241
169 3
172 249
114 52
163 32
142 58
281 254
273 101
108 297
36 75
132 267
130 121
106 6
264 47
30 177
190 155
198 45
36 150
35 12
204 130
207 207
63 119
134 18
24 192
250 224
209 189
198 204
192 1
175 255
278 127
71 274
228 299
292 79
10 250
67 134
183 113
51 288
91 168
295 104
153 51
127 274
136 59
213 155
208 279
110 142
198 90
299 105
4 134
59 130
230 115
5 160
147 2
81 153
167 120
82 110
195 209
27 32
296 163
227 111
192 283
56 236
270 205
15 278
6 161
268 28
2 284
211 279
93 58
242 285
97 200
24 172
93 57
143 184
184 116
180 212
78 233
193 292
55 245
278 64
17 165
62 174
45 46
24 262
166 95
254 253
257 272
249 157
4 251
206 200
118 72
155 21
112 99
1 59
1 74
267 219
213 193
53 0
67 103
297 95
9 135
134 79
220 258
22 36
292 134
173 88
88 11
240 65
43 66
83 204
298 292
8 24
50 139
124 120
91 7
23 130
192 193
248 267
250 227
240 135
263 225
107 69
117 250
237 35
22 119
244 185
103 251
170 248
181 23
97 212
201 137
241 20
79 4
36 231
93 165
35 37
221 16
235 150
91 246
71 135
182 193
116 123
94 296
116 141
49 227
250 93
169 270
198 231
138 147
257 57
124 278
48 193
239 206
274 83
244 25
82 62
208 226
144 1
269 234
158 216
139 277
275 22
90 173
284 95
290 188
69 252
77 240
15 150
146 57
263 34
19 147
147 282
174 235
90 58
248 73
24 265
118 44
226 165
49 146
147 198
245 142
262 292
293 167
130 286
58 192
179 117
137 2
76 147
101 222
282 69
78 93
116 73
132 117
217 205
285 178
57 216
16 78
230 11
210 143
7 88
49 148
257 130
159 92
143 43
157 188
17 237
178 70
76 97
164 196
26 56
34 121
240 165
55 88
243 223
285 217
91 183
165 121
197 220
209 296
33 63
238 32
29 117
294 292
258 137
98 204
160 127
69 224
276 123
93 92
120 224
263 201
38 30
103 14
272 158
254 278
158 88
65 287
26 106
181 81
103 73
85 7
86 32
272 254
264 183
47 243
11 170
68 122
229 52
226 21
241 48
205 209
179 116
175 19
181 144
157 11
47 171
250 226
127 6
85 0
87 168
31 229
47 244
54 218
299 79
280 196
157 130
71 274
279 115
254 241
2 57
240 282
61 123
28 287
169 143
184 27
245 140
256 161
138 170
270 224
108 161
22 220
131 252
216 134
15 237
56 34
162 60
27 44
274 239
251 54
271 198
74 289
245 288
39 156
19 261
225 154
59 113
71 254
15 295
208 230
236 166
255 166
276 131
153 106
115 163
132 60
210 51
170 56
170 69
18 185
222 29
183 121
123 73
263 85
264 7
200 120
30 85
191 98
224 102
259 262
62 154
268 212
85 119
16 107
247 182
34 223
192 2
261 188
283 288
153 64
10 128
62 180
193 283
226 230
106 165
16 28
89 271
135 241
189 26
105 40
59 258
257 137
199 246
163 69
59 164
56 287
86 19
21 97
261 290
259 145
47 138
41 235
277 164
295 292
192 292
295 228
83 38
278 35
254 173
204 64
157 293
28 102
218 166
71 48
190 260
191 76
116 99
57 66
208 265
112 275
162 128
263 223
15 43
5 249
115 152
86 177
295 55
154 39
19 7
121 118
253 23
242 80
29 44
171 14
24 96
198 278
261 134
150 47
103 26
118 119
107 212
276 2
123 142
203 270
186 193
4 29
53 94
63 119
249 138
1 28
274 38
193 139
28 282
139 187
10 80
153 141
163 156
171 86
60 31
166 70
236 287
76 1
51 199
289 31
16 295
284 177
50 269
258 259
283 83
143 201
142 225
49 11
266 137
247 248
266 215
215 129
265 44
139 75
294 214
85 278
201 109
84 299
5 104
30 66
73 143
193 255
261 204
12 130
111 53
66 193
172 282
110 182
96 15
214 187
97 90
140 102
82 221
60 240
138 177
261 10
116 49
96 165
288 240
188 55
14 35
46 174
39 154
191 49
3 64
219 71
277 252
279 128
29 179
295 11
235 148
21 205
236 251
152 23
115 199
48 140
167 20
14 266
73 105
283 125
17 117
261 181
102 282
219 29
173 287
116 98
210 241
134 296
198 234
182 249
186 142
77 28
127 20
68 120
278 248
237 21
86 43
224 9
158 191
214 166
79 77
281 73
142 181
273 262
84 102
74 78
66 103
168 141
293 282
243 264
197 283
42 226
244 114
224 298
135 92
228 26
140 107
279 54
77 294
210 211
52 170
128 245
79 272
189 284
176 229
218 24
97 109
128 203
25 28
238 268
51 243
195 202
49 39
118 193
97 48
49 263
185 96
148 279
128 33
137 134
88 69
241 149
116 38
65 36
46 4
295 131
158 49
11 64
116 161
228 177
286 273
195 145
227 207
15 65
208 104
189 101
116 226
58 236
185 63
269 243
121 279
278 8
213 242
98 137
183 284
243 5
205 76
27 102
284 261
200 237
177 134
284 33
201 208
192 10
32 227
72 35
134 241
154 15
141 265
183 142
44 277
175 50
161 195
44 113
124 230
135 241
184 167
182 251
255 257
252 285
260 244
247 227
94 276
101 197
216 273
47 159
82 102
77 136
14 14
188 198
199 142
27 217
180 21
170 232
221 41
24 77
59 93
145 33
276 82
68 23
157 177
84 148
61 283
220 229
119 65
146 199
144 71
156 233
201 103
63 177
142 0
2 231
19 64
165 163
295 29
103 242
87 18
270 109
163 22
210 72
247 265
114 259
259 145
283 184
13 125
7 158
78 143
232 218
220 139
280 2
110 182
133 13
170 59
163 47
34 21
19 155
262 174
198 199
193 282
251 123
270 122
216 297
39 98
137 229
70 43
240 273
296 193
150 104
43 251
253 1
155 21
107 292
131 222
5 218
171 73
3 158
60 20
177 18
44 191
206 5
266 203
199 180
155 120
176 162
124 3
137 200
42 51
200 66
249 3
49 68
147 17
298 283
17 28
80 144
16 298
155 79
45 271
238 69
58 11
85 93
56 79
130 184
252 279
79 183
71 235
17 274
217 155
119 165
145 168
76 218
253 188
170 84
238 97
264 42
261 95
233 136
272 181
90 87
281 178
97 222
168 236
115 191
293 143
103 237
94 257
183 298
62 38
266 203
168 187
38 272
52 237
216 187
45 112
28 188
266 10
162 245
169 222
181 6
155 233
57 26
283 63
43 10
118 144
44 160
17 97
155 92
126 101
279 126
148 20
135 43
239 89
102 30
151 199
199 270
269 142
130 115
285 278
146 194
0 269
113 63
124 274
208 3
152 243
93 19
172 13
3 244
259 279
275 251
128 86
231 291
74 162
217 112
158 19
53 198
28 77
6 70
137 13
159 139
52 192
51 156
105 107
50 220
57 104
31 111
263 67
116 239
113 162
136 152
115 18
252 223
33 205
191 232
87 217
184 188
103 133
61 207
11 222
253 118
294 225
10 226
172 123
167 180
172 50
262 273
115 94
236 176
166 246
281 228
243 44
64 135
237 224
53 22
97 4
152 282
5 214
274 198
119 257
73 102
252 237
295 2
150 262
74 292
93 113
160 104
13 80
77 237
31 145
148 34
243 167
137 107
63 205
122 295
109 296
168 82
222 236
182 269
14 61
137 199
135 17
180 206
93 195
176 219
24 187
133 122
58 84
214 121
148 4
49 199
89 164
92 43
295 188
96 229
16 62
246 29
286 108
139 265
36 271
129 211
88 93
245 101
15 169
54 207
72 95
179 51
142 268
255 283
226 134
45 62
20 34
216 143
19 272
93 35
188 107
255 22
160 188
24 139
248 288
37 4
184 151
181 22
256 81
252 59
148 179
242 138
248 202
67 76
22 63
216 107
149 274
255 179
43 116
220 42
193 282
9 151
6 46
69 288
246 116
54 282
84 218
35 231
144 274
152 51
275 116
100 209
61 249
160 105
217 60
115 175
232 172
291 124
207 215
190 288
169 187
108 91
53 258
67 110
278 145
222 253
274 180
146 211
211 11
153 148
68 76
262 3
215 23
197 34
48 67
295 89
289 165
79 272
268 105
254 32
214 205
236 22
209 294
132 287
176 111
23 277
32 271
272 253
38 134
4 233
7 100
185 95
42 116
251 15
12 178
225 151
206 132
108 64
163 292
57 183
287 47
127 26
140 214
264 88
199 64
195 20
240 237
243 66
289 265
134 1
194 8
41 186
62 49
138 153
264 44
203 24
144 285
231 167
84 161
153 246
22 295
224 88
273 142
183 225
53 213
44 111
112 207
181 243
275 294
111 7
15 139
221 185
137 93
109 219
294 278
269 181
266 215
29 207
23 81
108 186
57 102
194 250
227 186
86 0
133 183
268 94
25 115
103 100
113 90
187 201
53 263
256 66
2 173
165 30
96 104
50 191
172 122
127 126
126 207
56 128
57 247
195 163
56 73
205 296
130 295
241 77
6 2
205 117
70 266
193 99
279 88
171 115
90 127
40 182
260 215
188 167
170 45
135 295
252 7
248 202
18 129
44 30
88 57
125 149
272 191
260 276
66 216
122 76
250 257
127 290
50 18
213 261
143 152
225 166
225 121
91 282
141 265
162 271
186 253
222 67
222 129
200 91
288 155
87 67
42 220
297 45
199 147
68 166
268 160
289 112
267 39
166 97
264 116
161 38
12 28
56 221
45 152
58 159
265 194
220 178
273 46
79 154
118 270
28 216
185 28
7 230
66 32
11 236
206 93
145 274
263 31
211 135
197 281
102 271
178 257
151 287
212 127
233 254
43 93
48 233
104 77
124 287
245 77
246 31
87 244
193 34
183 100
273 19
12 137
259 175
109 152
197 59
43 86
250 216
237 56
236 263
281 214
89 56
209 105
28 153
89 20
51 113
102 28
220 268
121 128
106 80
187 31
148 11
46 22
282 44
41 171
180 260
210 227
138 215
4 208
105 259
18 278
213 113
106 167
158 205
170 291
165 265
161 245
114 251
7 186
173 62
180 116
234 11
99 266
191 3
203 265
81 143
149 257
79 11
95 214
89 267
232 204
185 20
203 187
127 296
187 226
114 14
2 118
45 251
228 62
37 142
131 184
65 120
7 147
11 266
234 103
45 51
232 254
151 270
144 97
221 4
237 240
226 109
39 183
117 248
158 174
181 269
60 133
4 296
298 69
108 126
180 152
110 262
200 196
201 292
97 170
42 279
137 73
167 180
238 142
154 186
138 149
157 21
29 77
137 165
190 149
105 30
5 234
2 24
39 241
172 275
187 106
13 202
26 254
207 75
213 96
232 27
92 223
104 75
269 146
67 147
128 122
262 281
172 57
242 53
187 68
161 267
165 282
189 36
262 230
222 137
294 160
151 230
111 235
140 276
250 269
195 35
196 113
244 171
256 124
255 16
218 131
75 68
23 76
259 227
248 39
115 76
30 253
70 268
97 76
115 175
28 74
82 211
298 144
40 1
39 91
244 181
108 236
104 266
64 218
132 43
47 8
172 100
248 154
194 191
182 124
97 33
134 220
30 177
257 173
142 57
45 4
111 147
83 184
33 217
149 116
58 299
105 211
110 253
130 184
26 116
127 228
54 44
148 273
161 88
187 25
169 161
256 258
172 211
130 136
1 89
231 271
121 161
246 166
21 176
85 208
260 203
91 272
242 289
238 288
46 285
69 190
177 211
274 165
163 261
264 21
239 151
276 258
14 231
266 38
230 298
28 57
216 121
178 106
122 258
121 111
113 247
213 150
245 140
93 257
62 266
245 126
53 243
108 210
245 246
194 106
131 199
56 81
165 51
236 90
187 174
200 149
161 31
191 88
31 294
223 213
163 45
38 85
221 10
277 172
17 163
94 249
201 254
72 100
217 81
206 113
61 160
199 286
276 166
263 260
137 91
279 36
255 282
25 206
64 56
167 296
17 289
137 134
53 53
125 286
103 62
69 62
41 230
127 8
206 227
50 266
201 12
78 209
142 25
33 272
83 221
258 60
70 210
56 19
34 245
221 245
201 108
162 121
182 70
62 242
213 17
199 236
116 248
78 39
77 26
185 254
108 23
110 188
88 55
121 230
157 265
189 242
147 271
211 161
117 214
196 183
136 191
182 48
46 112
77 284
5 104
170 92
259 196
277 169
167 23
54 219
273 82
63 54
56 285
289 167
267 218
293 142
267 99
80 106
105 62
286 105
206 18
279 273
181 265
195 237
132 6
290 10
116 204
165 81
137 97
165 295
279 147
95 235
261 24
246 39
99 83
2 226
133 208
165 56
138 194
81 83
283 211
108 222
223 49
132 274
293 206
103 292
274 123
208 81
253 163
137 131
251 31
21 35
35 181
111 153
190 132
161 147
105 100
236 82
164 80
0 165
57 5
285 8
223 9
295 299
290 35
205 88
292 250
254 44
251 201
261 251
269 250
168 67
99 192
162 183
178 192
138 106
3 37
236 77
290 36
153 76
52 132
233 210
107 96
260 165
58 207
213 288
123 114
170 130
227 49
14 58
73 135
278 99
222 29
173 101
99 100
230 26
157 225
122 185
239 144
146 214
89 111
152 65
282 138
216 18
170 143
145 262
203 180
28 149
78 225
129 134
90 27
287 134
13 292
31 234
165 72
241 285
47 291
222 97
103 117
298 110
90 152
56 220
136 229
30 187
42 162
207 254
183 226
244 221
96 36
106 122
4 190
187 293
92 250
23 179
86 193
32 152
134 65
206 73
42 135
67 16
28 241
56 64
52 249
294 142
282 8
48 137
96 205
49 37
149 18
205 162
80 266
65 267
98 216
68 118
174 23
139 239
193 299
152 173
50 173
138 45
273 29
252 253
235 158
262 63
262 43
22 254
98 185
106 264
191 15
210 180
295 32
128 83
103 82
17 2
40 125
79 120
25 1
145 118
86 109
182 11
72 222
118 191
238 162
297 29
281 231
252 58
70 265
182 76
134 194
254 87
22 237
111 127
152 296
11 189
232 123
31 194
220 293
93 272
153 238
194 222
298 40
149 140
39 266
45 254
290 274
117 89
32 191
78 282
150 94
188 207
173 26
140 269
176 26
55 103
188 35
47 130
145 218
31 78
142 187
91 175
218 101
125 112
117 262
67 172
84 256
192 173
225 198
66 199
156 7
205 15
67 71
113 118
74 81
204 216
272 200
25 229
253 197
45 48
57 28
269 264
211 41
134 269
168 253
184 12
261 87
60 236
192 67
152 94
212 177
284 136
298 276
235 95
105 102
171 296
206 279
162 86
284 198
255 193
96 124
294 88
93 118
74 132
9 250
154 278
293 253
81 106
209 272
13 42
140 110
28 133
48 22
168 125
22 42
71 20
210 199
296 195
182 18
117 284
118 96
42 129
135 55
287 135
58 71
19 177
0 61
290 59
298 167
190 136
127 141
59 83
59 146
216 244
30 120
94 244
269 98
21 206
117 293
136 166
65 145
228 72
287 268
156 10
165 174
52 146
144 233
272 235
40 170
277 151
50 56
178 33
110 217
169 119
85 29
73 216
159 4
23 83
227 102
29 177
86 253
184 146
30 83
295 13
292 185
213 218
215 109
268 287
165 197
80 25
163 38
174 192
298 188
69 130
154 42
239 233
262 227
183 255
172 246
116 28
270 93
11 147
259 182
215 166
166 66
14 103
262 295
193 69
146 145
209 257
163 221
268 133
244 101
192 105
292 219
105 148
150 27
194 160
243 1
248 169
175 270
156 232
148 293
191 16
40 81
152 206
60 71
204 198
268 203
173 158
67 261
174 126
299 277
257 191
273 134
212 10
24 183
103 134
232 277
98 219
213 9
57 180
15 137
246 193
298 135
36 207
212 259
283 162
168 154
246 178
205 205
279 36
219 108
103 48
88 139
162 42
97 43
71 98
143 298
225 250
8 108
177 129
272 40
262 150
163 57
280 155
97 145
23 189
154 251
100 114
222 15
257 121
225 5
49 277
134 145
222 77
280 114
218 47
62 253
31 195
48 27
240 282
78 69
288 197
159 260
104 70
233 183
40 252
161 141
24 295
185 252
45 87
21 272
19 124
46 83
141 33
272 136
47 202
147 290
101 146
25 173
291 187
110 60
123 283
292 202
239 72
51 25
151 275
271 77
151 226
55 54
293 30
279 159
36 130
80 29
291 281
175 12
237 20
229 206
173 219
138 282
113 63
193 120
241 298
14 254
80 157
193 96
291 169
12 189
201 40
10 205
67 238
148 194
17 89
243 185
29 31
222 225
79 81
88 266
127 57
38 2
43 59
297 64
156 175
143 25
26 283
63 218
116 54
78 4
185 179
291 14
48 109
14 38
1 274
242 35
48 146
193 28
24 298
90 13
88 244
266 104
50 85
161 227
134 10
194 215
233 173
138 9
34 160
246 36
41 109
2 250
192 101
88 117
159 190
252 223
133 153
0 93
17 147
215 3
5 68
133 166
189 9
65 200
12 150
207 161
236 246
267 227
247 149
168 165
249 251
3 225
274 298
148 270
72 255
58 162
269 28
135 241
141 83
167 11
134 84
170 141
116 109
240 48
49 253
11 83
79 296
276 259
242 157
199 290
259 17
248 178
212 18
231 249
118 66
299 175
250 228
223 60
103 8
159 129
220 114
162 214
55 184
227 42
141 227
188 72
109 153
119 97
91 292
80 219
172 22
57 208
220 246
245 121
119 273
260 153
272 213
67 235
119 120
50 248
83 138
239 176
150 151
141 24
241 152
271 41
134 206
135 46
22 187
113 140
35 249
136 10
1 102
2 296
266 14
175 120
41 48
132 38
87 170
225 246
174 174
161 78
254 34
55 249
158 155
140 25
248 90
186 299
210 194
123 59
190 89
245 44
95 72
15 189
127 33
103 233
113 227
82 12
169 201
203 60
96 180
255 185
3 46
265 171
62 167
248 5
8 203
110 15
213 103
33 198
103 173
282 114
90 242
87 179
184 211
181 105
189 203
295 233
84 36
84 52
250 238
30 258
177 208
128 255
52 73
37 113
280 136
41 118
158 230
174 236
250 173
5 140
154 238
209 204
244 180
39 82
104 268
165 202
236 141
170 135
276 145
195 233
150 93
173 157
114 196
30 187
67 131
222 217
48 56
92 70
227 36
133 144
210 81
98 175
101 275
108 81
91 198
21 247
240 218
111 154
218 171
284 164
49 275
216 285
201 182
203 288
170 87
247 32
24 200
264 158
82 50
107 177
59 156
262 117
276 160
260 140
169 130
129 165
185 249
89 94
278 47
297 38
294 7
104 104
143 126
163 27
158 22
147 274
151 79
148 173
210 250
183 166
200 127
2 24
199 35
27 25
211 170
116 104
226 293
253 163
270 288
298 182
210 278
155 235
1 106
293 248
89 285
299 136
293 168
176 100
73 192
54 202
99 12
136 6
53 11
52 146
76 199
248 51
96 250
219 204
180 108
151 89
78 277
82 230
91 182
219 119
144 109
242 212
237 294
34 294
136 140
163 150
200 155
234 47
221 51
234 267
166 243
181 153
82 277
185 92
252 99
297 132
123 39
48 243
256 9
177 238
211 253
165 202
120 182
38 11
165 89
2 111
54 122
199 245
85 121
291 293
101 231
38 191
113 137
170 228
295 0
82 65
73 126
99 170
296 276
289 196
168 265
284 9
46 219
12 43
185 231
89 72
240 11
233 228
157 166
25 120
48 60
67 197
127 86
129 115
102 270
186 212
209 17
143 291
137 54
24 251
228 153
191 216
151 286
169 50
36 202
83 102
229 147
4 115
242 216
75 297
295 171
252 142
118 128
222 179
36 262
200 221
261 124
299 174
24 2
185 207
54 57
233 233
100 296
38 25
182 137
168 276
2 113
157 172
88 79
101 201
55 124
125 42
254 67
57 217
282 213
171 86
264 246
281 68
170 166
198 224
96 42
2 290
239 254
155 204
269 91
181 173
41 106
106 177
37 127
143 192
256 79
150 262
182 82
78 295
292 19
192 234
242 224
96 8
141 164
168 211
207 40
297 44
292 273
119 214
47 283
110 282
12 264
27 245
255 1
239 32
11 132
239 65
172 8
142 137
109 186
171 145
154 46
268 205
220 210
40 142
154 259
11 91
130 270
20 39
180 8
154 159
235 26
104 35
245 199
247 128
163 291
58 179
174 262
190 103
180 235
125 184
24 280
120 156
76 65
2 296
278 251
186 48
132 133
46 273
95 128
78 66
196 123
33 39
6 223
261 261
236 278
44 181
206 239
82 248
255 135
54 194
246 92
222 195
123 230
78 96
26 127
115 8
248 136
271 75
120 178
238 245
212 217
19 149
254 242
287 20
237 60
94 62
183 149
4 64
277 230
85 16
248 97
190 223
28 45
51 137
30 271
154 220
144 287
101 13
165 88
179 181
226 242
169 87
116 8
96 113
129 188
37 165
178 56
211 33
63 176
188 48
296 253
66 85
134 156
210 155
141 10
227 159
162 30
48 66
253 202
135 199
234 170
283 199
28 13
199 236
272 71
11 254
43 83
126 141
142 251
140 127
104 246
100 179
104 170
139 14
240 90
236 182
225 22
272 246
195 134
179 261
223 59
271 218
27 268
11 180
290 77
285 216
265 35
75 256
152 62
117 101
115 182
157 24
224 56
91 104
112 196
17 216
162 197
155 16
114 162
25 132
99 55
265 141
113 50
104 101
24 6
98 175
53 103
215 52
114 114
19 148
171 276
235 277
68 140
43 227
257 190
224 266
55 235
41 150
148 33
143 299
248 64
53 17
281 3
72 229
227 32
89 193
62 71
34 201
91 41
8 58
219 108
228 25
18 38
295 57
185 153
6 44
197 42
209 193
195 154
138 189
185 269
191 60
150 230
218 17
84 271
4 32
202 173
9 165
149 292
157 295
5 232
218 109
202 132
110 279
180 287
169 58
188 105
100 233
223 76
294 9
197 205
136 230
280 26
107 75
235 66
164 260
225 122
55 88
57 183
70 191
194 67
177 117
38 236
104 166
216 101
161 35
146 111
11 274
82 33
39 14
142 12
272 177
126 44
11 131
68 80
87 197
115 177
73 279
261 172
181 125
76 30
290 251
100 297
98 246
285 38
92 296
34 159
97 2
82 286
74 100
129 85
56 19
270 104
232 39
31 8
99 52
149 228
254 81
114 225
270 142
200 252
160 248
17 179
201 97
279 254
144 18
210 236
170 196
2 135
59 225
109 93
248 40
274 245
292 96
17 182
154 256
235 185
209 60
121 232
168 248
23 101
58 150
130 174
255 163
283 191
82 109
273 109
52 119
186 96
86 95
145 211
136 18
141 164
190 66
237 246
149 56
22 91
66 39
218 83
245 58
265 164
38 263
253 149
210 171
39 22
97 14
81 94
5 30
186 264
88 292
233 101
165 16
49 279
81 85
184 105
151 296
147 14
292 246
144 45
269 46
278 197
72 231
270 45
101 141
121 157
194 295
207 245
72 103
256 235
167 29
158 6
89 270
210 126
58 81
129 8
47 263
17 80
14 285
239 126
264 277
255 117
6 257
138 93
235 162
140 234
119 32
183 98
267 123
1 294
152 232
87 236
187 164
206 112
261 2
180 148
103 196
3 108
195 145
42 156
271 159
99 141
267 298
185 226
18 32
93 272
21 243
119 225
46 186
46 134
151 191
209 25
116 33
214 125
44 125
295 287
295 9
117 177
11 147
230 239
164 23
203 109
211 192
73 216
179 115
90 106
294 151
35 117
26 291
270 105
210 214
254 24
292 108
99 201
131 82
106 93
46 216
128 74
161 69
91 186
16 35
254 43
194 160
246 213
35 40
286 7
88 43
100 70
186 151
135 110
91 46
141 20
245 86
34 140
94 19
234 8
68 34
258 11
89 208
193 276
11 163
74 174
27 192
195 241
273 246
25 5
290 240
214 277
16 116
219 119
117 6
144 299
7 5
71 142
255 7
124 134
68 217
159 185
49 296
62 38
128 121
253 260
221 240
52 16
201 76
259 127
118 176
78 132
83 153
201 162
132 264
31 42
57 115
277 94
143 107
5 100
238 41
188 296
188 129
8 291
140 120
4 288
118 111
275 162
262 278
1 52
152 101
21 26
273 277
239 246
164 190
190 4
122 81
95 203
229 43
188 80
113 9
67 34
58 45
239 264
272 27
6 126
95 194
291 236
106 163
40 104
153 226
56 276
9 33
159 295
122 177
225 82
196 84
83 124
273 199
165 60
165 197
145 11
227 67
16 295
36 287
96 147
268 19
32 232
187 113
191 60
170 78
67 38
264 24
118 129
98 146
235 46
125 186
63 137
181 91
124 50
28 171
148 116
291 190
141 22
81 129
18 25
64 282
178 45
220 81
22 238
170 244
256 226
272 76
126 288
262 200
288 150
11 96
197 89
203 75
58 249
256 190
6 51
281 268
21 272
4 81
36 144
213 119
56 35
195 255
125 289
267 39
162 56
223 190
210 56
242 246
36 25
51 126
36 272
222 286
268 12
258 57
49 90
180 287
285 134
157 163
127 242
74 106
126 3
209 279
158 228
170 53
58 35
81 124
27 158
292 17
160 286
123 36
88 200
20 1
260 13
84 247
172 68
192 176
214 130
132 40
91 125
196 9
197 179
165 113
298 4
92 146
162 113
258 74
295 280
17 13
290 12
41 247
157 123
245 128
190 115
144 56
284 10
66 269
167 33
35 166
223 201
179 56
92 1
120 181
77 9
46 17
248 184
135 28
281 5
209 148
253 114
106 23
67 138
209 280
21 249
241 256
297 111
235 164
113 218
252 183
196 196
259 198
5 295
281 10
251 110
25 292
176 139
110 200
210 273
1 194
47 218
184 264
108 203
163 141
152 197
104 24
43 53
95 66
292 50
71 240
38 155
283 185
122 191
252 67
0 255
170 198
291 52
167 191
95 0
157 222
241 45
139 177
95 282
208 83
252 157
4 147
94 215
229 73
50 224
88 8
297 194
123 243
74 79
133 134
192 250
96 282
226 231
233 142
137 92
293 58
219 114
119 271
177 51
278 265
3 58
95 205
86 216
81 36
261 152
44 27
178 156
174 63
176 10
169 264
38 219
65 30
199 81
92 192
51 292
86 63
233 226
283 24
272 198
107 76
198 118
128 35
286 242
45 107
109 272
205 149
194 123
133 98
253 14
174 46
147 68
115 262
138 144
78 67
95 295
295 186
28 215
112 265
214 31
281 242
279 101
159 236
40 77
79 110
243 271
68 124
168 12
154 166
122 83
145 295
76 239
59 91
265 180
292 59
295 13
94 65
163 283
232 27
208 196
236 111
199 211
2 91
15 19
142 287
34 58
156 279
262 269
183 36
97 267
223 244
0 151
36 243
266 246
131 136
27 125
258 259
256 63
196 25
88 238
122 190
185 297
236 108
126 234
289 299
187 290
296 96
54 95
107 72
201 116
36 61
22 131
240 207
131 2
159 276
77 203
7 200
184 141
69 223
46 248
72 182
297 203
11 275
219 136
153 234
243 0
285 95
121 241
299 185
35 293
191 131
2 132
168 22
205 66
96 244
138 91
153 205
239 169
102 97
110 87
34 163
181 11
82 212
242 13
275 147
137 246
284 80
152 11
117 192
265 226
229 9
225 295
155 188
208 133
210 212
153 26
0 56
96 217
28 231
146 260
39 104
282 150
162 40
47 87
57 173
222 83
129 62
290 155
274 74
186 48
93 217
50 195
153 292
229 114
258 191
282 68
173 24
264 169
94 4
111 54
46 246
86 232
111 272
181 272
283 18
257 45
295 195
162 265
182 54
84 113
32 260
107 133
202 223
31 246
144 108
157 22
7 297
171 232
276 25
105 130
69 208
69 295
255 18
208 116
27 159
243 68
129 199
7 225
123 292
177 63
66 32
221 243
171 268
242 275
28 115
76 109
123 21
28 94
60 107
191 278
280 240
87 179
231 283
203 20
66 272
251 95
8 212
246 231
158 284
195 179
36 98
94 89
150 125
185 168
175 188
124 63
173 284
142 285
26 276
158 158
172 143
134 122
34 246
207 290
194 182
243 162
158 52
246 193
139 143
279 207
256 93
101 95
48 45
276 98
173 151
286 170
205 73
3 129
170 229
289 72
95 269
212 109
184 42
57 15
152 8
254 299
248 210
200 140
108 27
132 113
49 276
66 290
111 16
279 245
134 136
240 29
106 252
78 124
144 84
251 179
147 169
299 104
148 154
56 190
160 56
271 143
47 176
293 189
6 157
282 270
238 132
184 25
200 221
64 124
268 2
279 15
136 70
147 90
144 195
196 283
147 43
60 2
202 279
84 270
257 287
38 2
208 262
299 9
203 50
68 26
121 156
167 213
256 286
57 158
114 153
101 293
229 59
97 128
283 112
106 120
243 243
290 234
163 60
168 228
236 203
58 272
170 249
185 194
14 68
191 125
93 180
92 154
261 120
292 114
114 86
210 266
60 56
206 63
83 146
208 256
260 146
48 130
228 46
111 203
16 10
124 60
193 74
284 272
42 192
79 75
4 0
86 83
159 170
16 227
276 173
33 279
168 247
84 162
267 261
240 194
26 29
118 46
93 18
114 49
70 234
23 271
206 11
35 81
152 108
61 131
284 148
291 274
240 188
227 246
96 118
230 87
205 197
254 126
269 226
36 262
265 4
250 71
111 20
221 282
188 262
243 111
81 45
156 134
1 122
79 194
261 246
76 255
108 200
293 43
68 175
183 132
176 103
225 5
4 227
298 276
258 92
279 156
186 179
148 290
107 104
224 67
50 297
267 120
291 200
164 3
66 144
150 74
253 18
194 145
174 292
186 216
132 65
245 203
127 58
77 135
76 60
47 8
85 125
261 163
161 231
154 133
250 9
243 154
287 90
112 160
221 38
212 73
136 211
96 50
53 265
296 177
43 39
281 259
145 15
235 28
43 13
95 97
198 261
225 159
50 85
149 98
142 24
132 20
4 266
172 237
268 151
117 107
277 27
129 46
183 63
194 5
143 249
12 158
227 264
289 140
233 180
266 177
105 203
192 35
10 135
146 106
176 262
268 216
48 201
33 264
19 124
56 116
90 221
211 232
12 150
87 4
275 193
113 156
221 233
171 6
21 35
24 129
204 114
170 234
31 49
183 201
24 249
150 232
53 69
130 110
6 269
188 124
43 101
178 197
212 167
78 103
261 33
108 13
145 124
122 162
51 263
9 245
57 129
90 227
212 143
185 186
171 86
237 120
179 248
291 116
10 290
173 222
271 89
94 79
278 26
289 99
169 104
284 255
290 169
223 50
51 299
114 277
128 156
195 10
145 217
219 285
161 13
200 18
191 254
143 3
71 273
106 249
258 59
99 165
132 166
97 190
249 119
103 262
152 68
124 253
164 163
241 206
179 0
241 69
151 214
9 196
76 104
191 237
134 19
70 243
257 213
252 98
206 175
134 28
222 264
46 206
257 255
42 166
220 28
233 91
43 251
174 84
46 14
119 23
34 218
284 102
291 241
167 18
188 63
125 27
294 43
96 41
238 40
225 129
122 135
138 11
258 109
147 155
86 67
130 115
68 132
97 189
9 60
260 232
23 173
142 151
263 94
77 145
187 144
223 141
288 207
44 51
19 24
179 21
211 61
200 122
188 109
273 270
58 75
108 284
227 203
249 60
167 144
246 119
87 182
139 29
243 88
106 62
241 22
23 29
85 127
175 197
86 56
269 288
192 39
74 216
38 184
165 47
80 107
137 112
101 138
24 132
206 289
97 222
268 184
291 13
58 192
219 254
42 88
76 129
25 112
160 266
79 146
72 46
110 254
143 205
54 122
212 296
162 179
203 157
180 222
63 139
41 49
232 146
129 32
178 19
274 218
187 144
182 78
36 58
1 279
16 146
31 152
228 109
29 108
228 296
243 271
298 202
25 153
246 100
275 191
116 130
53 205
193 176
23 155
291 232
273 274
253 293
102 61
128 256
295 172
264 103
200 18
207 117
36 251
29 51
113 71
226 59
240 36
148 220
38 289
20 212
131 54
209 93
61 38
213 23
16 276
216 208
185 56
52 76
227 194
83 296
118 272
218 16
242 61
0 102
215 64
269 194
92 110
27 40
94 142
178 14
93 269
95 212
197 152
119 33
136 152
275 284
298 50
120 170
254 120
175 210
119 149
23 176
247 50
25 219
208 87
84 176
0 139
181 232
270 261
87 116
98 129
234 38
292 10
29 199
297 139
223 242
161 123
268 124
46 126
23 203
133 1
278 178
247 37
234 161
206 15
169 165
26 170
213 230
223 294
285 191
208 229
155 174
99 34
121 139
108 170
92 81
164 251
180 240
175 140
243 75
263 11
9 130
45 197
75 39
7 34
287 35
8 159
225 159
235 63
146 55
40 66
214 83
168 195
264 69
272 223
17 117
119 248
295 190
32 69
270 121
26 200
156 172
79 264
263 98
18 252
32 16
219 235
145 77
20 79
208 32
84 265
40 223
187 242
6 195
225 12
282 275
225 84
244 251
182 246
174 277
202 125
271 120
188 35
68 296
282 90
86 90
116 5
86 263
200 214
173 36
30 265
235 19
185 173
17 41
221 282
245 56
193 32
189 154
166 166
103 32
45 164
41 276
150 215
268 190
121 250
140 96
166 83
197 260
146 116
199 100
251 242
13 187
210 33
211 261
185 53
157 221
191 216
87 90
282 266
90 274
216 271
83 184
50 118
27 266
141 236
97 140
173 286
53 16
40 140
286 234
231 174
76 262
150 75
230 89
283 242
156 193
125 170
219 240
64 142
243 250
274 132
152 101
143 20
19 224
245 102
166 97
293 74
263 291
298 207
110 242
86 171
291 151
180 115
234 53
121 281
48 209
99 292
34 115
229 285
194 247
60 40
96 69
84 239
168 285
210 92
229 118
278 146
94 132
79 297
9 103
42 228
59 135
56 173
51 216
199 42
51 177
269 35
139 17
65 229
149 237
147 90
227 204
207 246
227 266
106 167
298 27
10 213
187 5
187 81
121 137
136 41
98 19
199 209
201 206
116 271
136 24
285 263
208 237
151 37
271 166
64 129
49 46
33 290
49 81
210 102
175 254
13 228
85 224
152 175
275 56
253 263
4 168
184 78
200 205
248 284
297 288
54 171
284 123
183 42
289 156
164 292
266 218
99 181
297 164
55 73
251 84
8 177
122 54
5 174
154 186
277 163
258 71
286 261
254 194
118 237
47 75
288 219
157 210
192 282
225 262
284 110
204 156
108 228
4 131
265 22
172 62
173 37
282 230
177 126
113 268
5 5
299 76
137 105
260 105
164 142
80 162
66 47
155 220
229 268
155 200
112 236
239 211
4 30
246 122
299 277
200 94
124 76
281 184
125 201
74 2
102 233
278 118
217 231
218 89
46 182
153 174
74 151
208 5
22 31
159 296
7 129
133 160
155 108
106 291
217 14
86 194
25 171
183 263
54 95
116 279
123 97
108 156
173 32
56 16
172 76
228 230
244 45
161 283
7 159
163 136
0 257
294 214
174 151
35 103
7 137
58 21
70 200
23 66
169 178
294 190
229 155
286 171
289 246
29 255
169 127
284 24
225 17
240 74
232 209
97 3
155 219
235 128
19 152
190 247
273 291
102 218
202 121
109 289
217 225
239 153
250 82
227 238
236 232
162 209
84 73
84 223
212 169
249 50
268 104
36 109
136 59
129 162
61 0
56 293
148 127
95 123
174 214
18 298
249 235
176 56
82 204
62 40
12 176
96 85
13 193
187 250
193 103
265 237
70 5
126 276
46 2
140 24
65 225
111 189
228 234
65 279
222 173
190 55
274 274
217 125
2 296
85 245
196 216
293 149
149 263
60 52
133 262
53 49
214 118
145 165
258 5
83 127
112 228
184 258
108 0
250 195
24 265
33 116
245 181
234 136
229 160
148 162
70 28
271 68
98 225
114 210
19 126
183 45
9 49
259 58
293 69
16 224
108 252
213 177
299 203
160 107
253 286
96 88
276 55
164 87
159 20
239 161
242 218
293 37
257 156
30 239
39 74
60 85
171 185
130 220
166 115
121 1
72 95
198 37
6 190
172 0
254 186
140 298
189 243
292 141
275 94
184 244
41 23
91 241
262 155
165 210
129 1
210 257
112 220
167 213
191 18
85 1
160 118
147 23
151 142
191 259
81 17
204 256
9 272
164 99
8 95
187 8
246 86
216 223
239 73
164 0
78 292
42 152
114 157
89 132
18 165
287 162
137 292
283 28
212 109
55 72
107 271
70 112
138 108
283 195
207 97
30 280
134 21
208 25
160 88
74 266
257 190
38 123
229 186
14 297
69 55
24 245
280 296
139 45
136 11
174 180
133 52
104 130
93 231
45 151
198 71
43 79
19 242
30 234
136 224
190 119
281 42
266 208
283 175
277 228
291 217
186 254
157 171
200 28
43 264
2 145
149 249
140 12
280 234
53 181
190 100
63 93
45 10
196 208
171 284
54 49
99 129
248 261
123 252
122 281
236 128
9 19
173 145
148 133
88 122
140 159
233 99
74 286
198 74
134 27
264 263
220 170
109 243
280 289
30 59
133 33
109 38
104 37
216 272
122 126
69 264
168 276
176 245
135 119
65 27
228 104
79 70
282 79
227 296
53 29
162 47
76 204
163 101
206 189
260 86
164 237
86 173
9 13
297 91
294 87
196 215
17 87
288 147
100 22
66 36
157 56
22 108
13 82
159 55
203 287
226 131
147 154
172 210
176 280
204 38
53 113
141 200
12 290
8 75
251 156
18 218
77 260
279 160
15 295
176 146
218 146
206 90
147 281
143 105
94 135
131 115
141 276
257 163
62 37
232 263
246 64
253 42
25 59
72 9
27 210
11 260
210 35
285 251
122 61
41 15
102 204
17 191
130 247
227 36
198 291
237 154
130 65
150 79
285 118
272 90
59 22
81 225
108 131
66 194
54 177
70 82
47 140
154 72
133 238
21 174
16 79
68 129
5 10
103 144
215 120
128 172
12 22
147 261
56 294
26 215
106 57
178 63
297 202
238 153
158 146
194 287
280 285
235 220
223 175
104 135
203 107
248 295
144 267
12 1
177 264
274 231
74 126
220 10
280 213
271 97
241 105
89 252
296 140
195 216
95 85
219 139
82 125
229 16
118 4
206 125
155 299
236 260
291 39
151 243
138 22
212 32
190 269
171 179
154 121
254 191
59 197
251 77
278 262
137 87
103 33
27 157
274 190
129 123
0 52
178 186
186 22
165 244
1 112
60 88
52 132
220 282
201 125
208 35
84 261
45 278
107 133
295 87
144 245
61 155
254 298
29 127
18 273
117 268
212 34
116 22
104 44
67 205
269 34
198 127
32 206
75 77
281 196
26 188
195 249
206 34
295 96
203 2
236 37
132 21
27 82
261 76
31 112
210 14
74 147
248 3
71 21
275 29
241 202
134 120
165 181
228 249
168 8
294 186
258 234
81 33
213 216
291 153
121 270
289 195
158 150
6 147
265 191
191 262
132 93
89 261
141 40
188 255
77 118
214 56
82 123
118 92
293 118
152 111
98 42
94 113
12 183
161 283
10 71
183 113
57 72
286 118
27 56
160 266
114 146
59 96
220 285
52 149
125 272
242 145
180 80
176 252
194 51
199 123
210 161
250 22
5 247
117 190
69 233
18 41
158 202
185 219
102 126
73 140
0 75
52 153
58 102
142 134
163 261
78 252
140 106
268 245
38 46
69 277
188 93
100 145
3 31
98 201
231 174
275 164
146 167
166 280
156 126
294 238
70 172
223 237
269 148
178 139
266 27
225 287
263 82
195 244
154 49
119 204
93 209
203 26
171 272
91 232
12 197
73 204
283 227
150 111
137 176
22 42
208 176
169 43
196 179
98 215
224 86
112 231
231 149
28 14
109 48
218 79
258 248
91 290
101 123
272 277
137 33
100 143
179 180
176 293
33 106
149 191
181 279
93 229
65 127
40 53
145 88
136 12
233 294
232 100
1 254
264 3
198 23
233 74
4 228
51 186
284 215
43 15
163 114
168 183
209 24
56 129
282 200
102 208
286 17
177 57
195 204
28 121
235 192
47 204
230 146
2 80
226 20
142 22
35 263
220 255
81 200
264 69
31 209
117 44
9 126
116 148
32 15
224 100
94 296
167 61
263 156
93 282
138 105
137 244
5 171
228 156
83 54
286 180
257 80
221 90
251 216
141 257
174 269
77 287
60 212
75 263
26 237
185 61
271 156
70 52
8 152
65 298
5 6
143 223
95 17
147 234
140 45
5 75
30 132
10 276
1 189
191 193
216 90
192 248
174 68
86 150
99 285
225 69
218 19
191 212
270 16
264 68
265 204
69 274
170 57
57 145
43 253
84 21
293 55
37 34
276 216
280 200
0 28
246 148
156 7
200 50
119 102
100 147
80 241
120 54
54 216
239 25
120 20
187 299
40 203
167 13
242 51
30 254
241 16
30 165
141 212
79 131
203 5
63 193
139 287
201 36
46 94
118 215
273 47
7 191
209 180
133 215
175 43
231 51
94 243
263 121
33 73
228 113
281 154
104 82
238 137
177 38
224 113
55 133
191 21
272 200
95 293
36 45
105 120
243 218
156 196
282 92
42 161
75 182
218 45
233 192
242 224
229 165
46 280
65 190
275 30
103 176
4 296
35 110
182 257
194 204
262 106
282 279
162 86
177 256
159 157
108 240
6 13
211 281
177 156
32 174
131 92
49 126
77 80
44 265
164 168
60 105
241 95
246 14
284 33
50 246
136 221
216 174
87 218
66 127
54 35
177 10
271 237
150 158
114 66
137 201
254 108
0 182
11 245
227 114
221 47
28 55
160 299
219 76
100 40
236 47
183 40
140 223
61 146
269 9
40 252
119 225
226 298
16 43
201 115
285 192
210 18
112 184
94 220
5 290
202 298
235 228
41 9
285 38
95 218
76 219
151 52
33 266
18 45
5 53
88 240
226 282
210 270
59 161
47 195
265 125
287 118
148 261
65 10
179 254
289 30
115 268
200 285
166 36
298 240
235 92
167 88
201 152
144 117
109 295
36 171
166 45
165 146
95 261
128 180
283 57
135 61
250 238
188 25
18 46
73 165
90 145
231 299
36 120
250 15
37 239
185 85
71 38
172 220
125 226
205 135
227 88
229 256
1 267
158 107
251 123
114 91
111 58
223 216
155 23
134 4
40 297
58 180
218 100
166 27
52 5
31 99
30 266
62 213
159 227
55 293
51 4
217 229
45 216
258 71
125 227
58 274
79 67
141 183
118 150
258 275
63 296
257 42
199 133
151 92
67 33
75 15
22 4
137 284
256 56
145 25
3 144
53 242
26 243
298 23
147 139
211 172
76 0
262 151
28 157
48 266
42 117
36 200
270 269
110 43
196 219
80 124
76 273
112 133
204 35
154 164
246 75
159 260
144 28
157 277
97 163
24 188
36 294
104 10
103 275
114 78
74 6
88 195
189 55
2 51
166 184
218 250
180 79
154 190
143 160
99 97
141 70
107 250
10 177
201 47
66 65
229 112
144 76
74 113
253 176
91 254
105 117
70 220
25 52
163 166
266 150
27 295
47 14
186 297
30 252
226 147
98 88
157 179
54 89
15 33
26 3
263 291
43 97
186 283
297 212
128 298
248 222
181 28
87 208
22 235
246 33
158 160
87 3
206 68
233 2
228 149
109 181
232 228
213 265
180 219
299 90
285 213
145 55
157 244
134 5
207 111
277 36
265 142
4 298
200 282
94 97
108 91
82 284
192 134
49 228
73 229
135 223
73 4
111 116
221 77
73 39
77 276
50 176
107 0
254 207
48 37
163 74
159 147
199 252
185 116
133 74
112 210
19 293
288 73
23 198
166 148
158 202
193 138
143 31
291 126
3 86
79 212
184 272
186 222
108 167
283 240
1 2
196 290
131 190
155 161
225 76
65 41
120 118
257 227
58 181
27 48
159 133
202 83
250 278
103 291
273 169
28 199
96 10
47 281
10 46
62 256
178 291
284 243
121 271
105 242
93 294
15 232
278 97
164 290
146 11
119 228
37 196
191 46
209 20
127 32
84 65
232 136
79 41
52 11
279 71
253 168
297 172
145 280
224 180
266 179
250 117
232 17
293 83
145 288
15 288
228 1
73 163
204 297
259 264
13 15
52 144
198 113
48 234
191 57
55 163
98 186
257 66
207 259
65 156
238 171
142 241
277 110
18 262
257 67
57 8
215 260
224 279
82 167
129 154
280 153
126 235
284 23
196 229
146 245
122 128
270 191
218 52
136 52
48 135
291 204
136 166
102 121
209 42
32 286
50 280
67 273
14 188
271 78
42 200
225 179
295 103
231 158
35 60
233 258
156 168
102 126
294 258
252 238
61 78
187 46
28 267
152 32
200 178
225 209
157 264
108 93
179 217
91 287
16 11
148 49
164 128
174 120
0 98
67 232
47 201
221 15
271 274
153 240
29 21
80 123
112 45
48 217
254 261
111 195
26 247
234 230
17 65
52 66
129 2
251 170
293 35
138 217
180 70
259 77
251 186
14 22
166 231
187 215
86 157
100 201
223 203
76 102
105 245
151 266
232 126
144 226
170 50
280 213
7 268
101 174
87 102
291 251
202 272
174 84
249 125
196 71
270 128
146 244
21 67
193 168
163 106
121 109
168 15
227 68
42 262
260 47
14 120
164 55
293 121
136 12
32 9
274 241
30 248
263 194
33 209
237 236
190 172
29 216
263 197
79 297
209 17
1 92
260 272
272 234
225 179
66 169
266 129
80 234
122 175
271 45
50 61
136 110
183 41
246 138
291 265
261 269
284 280
46 143
5 47
49 20
106 172
75 179
299 152
126 220
114 147
202 148
98 42
35 286
138 139
15 219
175 193
174 166
176 177
103 128
127 213
162 148
22 295
168 142
227 275
250 205
270 184
66 81
17 38
256 100
109 165
266 143
67 136
116 299
24 90
166 205
220 245
50 96
58 126
92 34
183 265
19 104
71 141
252 11
145 235
35 247
250 61
233 177
63 83
19 37
26 83
7 112
147 171
148 20
261 298
170 130
0 211
190 167
75 206
128 185
11 256
70 74
42 159
84 80
249 64
270 269
59 57
251 249
157 77
11 221
136 244
296 287
256 13
224 113
164 266
39 22
44 297
88 160
175 56
11 292
137 115
113 187
8 129
152 189
244 297
88 192
0 198
59 23
8 296
35 257
246 82
75 35
257 16
103 135
258 26
35 46
71 256
157 216
180 94
61 250
117 62
212 58
239 221
79 175
61 32
161 244
203 277
152 110
288 235
99 252
195 56
7 176
83 172
50 177
95 94
11 72
291 88
104 115
66 219
87 168
87 253
154 288
168 179
140 173
85 116
105 257
235 191
205 176
65 149
50 227
202 46
96 146
131 169
128 111
130 18
253 189
218 28
212 224
160 29
33 52
99 50
277 158
227 239
153 153
98 14
102 145
95 137
297 277
293 71
69 161
53 251
55 169
177 48
230 7
260 87
168 270
72 144
255 270
253 2
113 167
25 269
79 276
147 272
4 86
124 7
278 274
41 75
233 132
264 135
91 114
263 169
176 177
178 273
45 218
94 236
242 145
296 157
44 113
7 271
298 239
185 33
59 38
139 31
38 251
113 186
101 139
54 45
187 61
198 122
75 41
81 281
232 108
40 220
26 289
242 289
265 180
257 185
254 234
245 132
40 93
283 227
271 3
245 12
97 291
260 69
82 124
157 95
193 150
182 60
29 99
200 18
29 193
59 85
279 258
271 214
10 211
108 127
67 190
90 257
211 123
217 181
101 43
191 115
23 42
236 277
289 190
284 209
203 264
30 156
168 274
86 294
64 193
54 266
276 276
117 281
273 70
138 263
193 287
215 208
107 146
41 291
102 112
13 102
3 98
156 114
86 166
40 145
127 59
34 144
248 212
52 124
4 66
44 218
250 239
253 64
182 67
38 292
124 174
173 280
161 60
220 99
258 235
186 28
159 34
220 91
7 132
30 188
275 53
72 278
116 20
156 269
17 79
36 266
157 154
21 235
289 9
2 288
298 288
43 51
286 247
85 106
7 2
70 121
68 21
180 66
133 16
173 147
286 270
44 161
49 292
92 123
246 150
168 147
250 52
44 270
59 17
91 127
236 270
44 272
194 171
143 101
127 259
243 158
71 296
96 80
23 28
228 226
120 295
208 39
54 174
70 199
64 171
172 297
160 153
182 269
58 251
62 249
175 147
14 51
53 29
77 70
263 165
1 298
8 277
277 135
93 155
282 171
22 163
245 140
69 67
282 128
112 107
73 87
33 247
81 256
239 63
286 139
241 255
125 228
153 66
90 196
169 261
18 156
289 145
238 216
78 83
274 265
85 155
127 299
135 171
5 219
170 110
255 98
240 110
67 210
89 105
118 87
59 288
249 24
236 185
5 251
204 257
50 246
16 17
43 96
184 29
195 211
253 62
142 148
56 246
33 39
13 58
184 56
209 0
191 120
176 16
210 115
178 32
26 165
297 215
284 77
137 220
102 248
169 108
159 206
138 181
246 229
61 221
80 266
55 29
154 89
249 246
24 259
280 126
16 169
184 182
10 154
34 223
195 0
100 69
274 173
240 34
57 112
288 57
163 220
82 238
56 287
150 173
273 239
102 2
261 191
45 224
146 102
164 281
266 180
191 78
202 235
123 100
112 33
280 172
89 135
144 186
74 5
30 119
198 267
111 184
72 243
143 213
36 126
79 96
132 249
264 12
198 286
225 27
73 159
141 245
135 85
135 256
89 184
241 267
69 134
81 8
291 273
177 271
271 141
67 15
247 26
13 53
161 275
109 258
42 272
273 291
58 283
193 25
115 247
106 251
53 10
173 60
298 18
53 106
75 4
292 184
111 206
52 20
160 254
145 104
59 238
293 286
281 52
182 37
96 109
210 152
237 295
108 118
209 154
157 78
107 80
194 106
278 270
298 298
90 21
156 272
142 171
105 282
252 107
243 135
93 4
37 39
207 110
286 238
254 78
269 3
267 238
247 232
49 202
102 293
100 169
275 202
177 138
278 163
46 129
185 182
72 223
259 147
280 62
299 80
223 217
91 202
89 279
250 111
198 113
36 42
54 15
182 132
47 59
117 196
0 140
84 298
12 140
184 92
262 36
249 224
19 280
164 282
197 33
116 233
14 218
196 194
187 173
237 171
276 120
223 61
106 68
168 212
214 0
276 133
224 236
38 268
227 125
73 80
65 124
76 118
78 91
14 19
96 183
245 176
209 112
175 83
218 115
186 66
65 36
295 110
107 277
233 13
227 70
210 127
183 289
141 243
213 81
9 219
165 260
58 120
97 83
217 82
109 239
91 214
222 132
96 142
296 171
269 241
271 66
129 52
85 174
148 223
236 64
144 153
11 1
206 222
258 68
29 242
147 229
234 236
124 92
113 183
153 136
19 108
4 196
215 92
230 149
243 75
118 116
67 26
223 11
58 57
212 8
3 171
32 126
39 185
277 18
45 37
226 229
206 183
248 210
242 21
237 235
211 155
190 169
230 195
298 128
107 119
170 74
299 269
265 34
167 190
290 88
228 255
6 0
196 67
108 253
246 174
96 92
279 73
83 295
287 48
230 48
150 92
55 96
282 115
29 219
226 137
52 281
21 162
21 27
96 260
271 266
146 70
233 182
205 127
108 253
233 77
250 227
297 158
150 286
240 89
160 263
83 10
132 62
15 288
200 160
40 206
280 57
6 108
149 146
85 238
279 3
88 9
104 6
221 112
96 77
234 142
167 81
248 146
77 83
131 277
199 93
20 198
70 21
191 34
68 264
143 84
135 13
157 128
50 107
172 265
25 24
105 81
285 187
0 9
41 187
159 3
142 107
235 132
110 265
224 298
197 90
14 21
254 66
234 250
66 299
30 44
276 203
167 99
141 93
201 67
15 78
150 103
68 122
200 216
63 135
272 299
246 49
7 109
78 292
266 205
21 2
59 155
40 264
156 30
166 26
183 264
250 251
141 96
210 131
128 50
154 55
293 234
79 5
72 276
135 181
48 29
61 151
169 180
299 214
72 112
34 143
31 75
17 7
171 252
258 5
297 279
143 25
30 149
101 167
123 164
57 185
230 164
83 260
68 227
122 87
116 76
223 171
246 63
197 242
296 53
70 122
123 86
10 174
167 84
51 88
149 218
204 23
43 15
39 70
88 180
215 190
156 51
33 59
119 276
72 299
224 196
155 103
172 30
62 133
208 250
32 209
209 60
236 118
139 164
229 254
218 200
293 294
205 133
64 251
61 0
182 142
24 1
134 224
122 295
78 214
38 144
274 176
15 127
182 215
286 192
8 140
133 272
166 194
238 9
22 54
14 135
245 234
216 63
125 31
10 153
212 242
67 62
79 145
125 71
33 186
25 291
165 278
273 26
261 183
57 173
282 132
190 90
147 184
276 37
239 88
25 87
143 293
159 185
247 87
9 144
100 180
227 240
217 237
67 216
25 50
18 220
60 56
250 147
16 62
182 143
292 1
135 216
285 244
41 182
103 262
96 245
113 84
204 224
167 180
67 69
120 181
222 138
141 114
281 125
45 219
14 61
7 78
299 198
217 184
190 51
45 154
84 3
292 277
184 95
66 252
91 271
74 299
53 285
292 76
114 137
9 154
92 22
223 252
222 186
240 30
182 166
28 179
173 107
188 169
53 37
185 258
298 208
65 243
121 24
243 63
230 223
82 237
277 81
155 203
171 75
2 128
108 130
116 54
268 221
233 119
227 9
226 189
105 113
240 218
187 272
147 42
174 253
76 96
11 267
43 128
147 189
16 299
63 273
184 192
259 50
190 154
66 141
23 34
93 254
129 106
268 190
31 213
219 98
151 248
53 126
144 190
161 78
57 178
26 273
270 269
93 234
212 80
205 48
101 137
254 252
284 221
108 225
94 127
298 228
293 175
50 179
257 37
71 3
69 214
123 161
221 172
73 222
117 280
51 69
269 239
75 137
247 159
222 71
294 129
30 62
63 102
207 247
269 285
254 5
38 71
20 230
30 80
94 70
262 107
142 99
226 201
168 223
153 244
195 134
190 202
128 5
87 4
38 62
186 48
204 136
9 5
75 37
21 21
265 226
201 260
44 207
286 266
201 211
297 83
41 192
266 125
26 116
8 223
83 275
23 296
105 178
255 32
130 159
182 22
148 82
16 166
129 175
190 179
196 95
298 58
117 121
4 6
296 22
204 177
177 114
244 122
55 125
84 127
187 75
90 56
205 44
29 9
217 271
179 262
194 160
126 18
179 137
142 124
37 298
185 82
130 130
82 177
49 269
181 78
109 121
296 198
20 161
20 295
171 249
35 14
226 205
137 212
48 141
179 49
114 109
1 37
163 95
132 152
46 105
126 295
219 138
16 72
178 281
46 98
125 99
166 76
21 297
133 262
244 114
28 236
0 2
43 189
275 142
14 225
284 66
150 280
66 251
170 197
146 202
267 22
290 23
183 19
131 242
274 67
55 262
64 200
53 217
91 203
4 287
171 269
44 290
128 157
74 16
132 96
144 276
13 194
95 229
19 2
230 174
174 228
219 35
215 8
184 2
65 80
92 32
136 173
37 254
226 241
259 183
40 97
202 192
296 155
247 138
33 130
91 228
261 32
49 192
212 140
21 33
190 175
142 22
143 77
81 137
52 231
118 7
70 31
244 237
137 128
1 218
162 186
191 167
49 6
178 299
154 1
186 290
282 78
79 258
42 127
151 11
114 121
297 97
130 22
148 74
196 49
233 136
148 76
2 12
185 11
207 233
228 210
216 280
59 73
129 272
28 155
264 257
25 221
151 180
222 31
242 281
92 135
136 128
46 143
180 227
85 162
190 90
88 175
217 299
3 219
174 174
47 282
63 263
21 1
160 82
1 217
207 153
106 190
219 16
144 278
91 83
173 78
144 141
281 183
172 277
210 3
156 117
23 16
191 275
223 184
16 286
235 86
261 60
259 233
207 79
275 116
88 284
135 52
197 130
297 53
15 243
118 283
211 92
176 152
280 21
284 74
258 127
28 37
259 230
261 131
89 189
250 160
37 235
228 125
146 246
119 270
32 170
153 144
204 109
191 50
24 24
32 128
218 279
33 47
218 4
132 181
289 92
52 159
299 78
171 4
17 147
113 239
182 156
290 243
203 45
150 170
139 18
120 280
141 231
236 108
242 288
246 141
294 242
44 227
105 12
152 36
204 117
118 61
133 159
59 165
7 154
112 64
250 81
122 186
16 248
240 218
48 297
4 152
38 198
50 20
178 241
117 237
46 59
175 257
143 221
28 251
290 219
53 87
94 156
158 71
278 120
29 228
218 262
43 136
273 279
105 220
129 208
78 61
256 168
110 45
68 64
133 204
262 72
216 238
29 236
106 165
55 112
175 131
16 185
238 228
173 85
291 62
84 277
32 131
114 152
143 117
206 45
169 159
133 146
48 210
13 216
288 152
7 144
194 294
178 264
13 39
280 4
158 75
47 21
277 200
231 135
0 151
140 221
19 65
129 85
40 146
3 264
157 196
268 83
205 40
73 127
102 95
162 172
44 153
7 156
7 46
53 178
112 231
55 180
51 7
85 74
35 23
104 153
173 268
233 224
271 148
259 229
10 191
7 154
124 2
254 230
62 258
288 213
198 299
199 222
31 266
243 104
174 276
17 171
279 162
72 262
256 194
65 100
182 78
92 125
151 227
38 296
138 75
209 160
53 263
51 95
20 4
23 204
12 185
247 145
25 37
215 279
130 84
146 79
298 185
199 190
75 110
46 236
136 2
200 283
180 76
12 208
139 216
70 118
141 53
181 70
98 16
289 105
161 273
189 203
137 179
233 169
232 73
77 55
107 182
217 173
131 88
226 258
118 167
107 295
220 240
85 271
15 244
200 107
65 91
284 92
169 185
26 81
254 93
200 112
290 41
186 291
30 230
255 48
33 77
34 124
186 224
177 64
157 288
276 262
271 26
222 76
137 172
141 259
180 270
168 227
112 286
186 106
179 290
280 291
127 152
129 132
141 215
55 143
198 128
104 93
34 38
291 281
278 48
141 78
298 149
133 71
45 31
194 189
95 64
152 89
91 185
13 107
32 197
166 208
195 42
178 275
107 199
223 147
237 137
251 78
262 161
174 187
261 164
83 1
112 235
222 117
224 204
237 131
4 121
155 247
111 190
73 244
55 282
192 5
194 70
94 83
99 63
214 198
56 39
191 228
245 70
64 19
240 72
252 173
215 253
237 76
210 105
138 228
25 31
1 74
182 219
176 110
101 144
128 0
183 225
86 197
275 106
233 283
0 8
104 83
190 202
68 208
15 155
73 20
193 8
33 196
122 114
87 254
145 110
274 204
207 84
24 27
71 126
87 260
87 40
207 161
142 42
121 182
243 190
233 211
248 43
67 145
26 68
34 249
50 91
291 128
34 142
247 299
258 180
282 250
229 171
107 253
124 4
131 239
197 1
70 191
64 19
295 159
225 56
216 240
47 237
55 164
67 281
287 171
89 50
234 177
164 120
75 130
89 36
197 227
187 185
183 162
196 14
64 265
241 29
141 166
235 118
29 24
114 203
95 292
137 31
83 106
11 133
3 133
84 283
241 201
107 166
83 262
83 54
221 286
82 113
44 29
52 248
96 264
271 233
169 66
139 214
138 261
227 133
26 238
149 243
78 131
215 156
98 266
226 165
205 159
110 282
202 211
17 286
288 1
281 281
187 243
241 242
128 162
117 102
38 188
294 171
143 133
179 183
274 205
270 85
117 264
136 66
279 249
225 256
161 71
186 203
161 193
105 71
55 141
109 245
41 251
242 116
252 6
66 8
265 158
27 1
50 210
244 175
13 52
63 40
113 264
174 165
147 148
272 45
32 62
93 157
211 92
274 288
121 52
189 295
265 230
101 211
17 133
46 117
219 94
50 116
292 245
93 58
191 299
214 274
194 188
187 195
71 139
127 39
174 0
278 164
229 271
170 242
237 83
101 289
23 146
7 61
220 198
56 256
222 242
36 296
237 137
179 70
128 89
259 55
136 293
227 246
102 299
208 59
212 145
183 84
243 44
50 141
146 137
283 233
270 5
198 285
296 116
90 85
228 151
6 217
276 13
266 53
141 118
107 278
46 198
89 36
83 9
141 221
258 268
146 124
144 237
294 78
16 247
266 175
174 274
33 16
109 125
22 98
65 107
175 104
163 269
216 85
59 145
179 31
59 198
286 184
213 237
89 137
119 33
147 227
59 282
146 72
91 89
122 212
25 239
259 142
203 278
82 164
170 284
90 24
209 38
60 163
67 28
41 21
200 236
81 284
34 176
271 176
271 225
107 125
252 281
151 224
34 9
8 85
286 231
208 174
111 155
12 93
211 190
200 244
128 70
200 260
33 141
285 104
52 298
251 156
183 92
193 37
59 88
126 20
201 291
233 260
17 60
19 91
103 123
49 212
265 4
134 257
106 117
257 35
132 13
96 146
61 229
100 168
216 71
82 163
223 219
100 263
139 265
280 82
146 141
208 197
61 153
276 292
274 149
201 7
92 128
28 237
110 101
203 54
34 12
123 248
181 292
82 282
213 96
162 131
287 76
14 97
251 69
171 177
88 105
21 179
134 272
111 177
260 67
148 199
129 159
132 90
89 239
235 11
60 180
43 261
169 196
214 142
94 4
185 210
3 24
196 237
143 116
182 218
77 11
227 54
224 290
131 161
44 239
283 113
50 31
15 154
233 176
256 185
159 81
200 44
199 257
267 169
161 62
260 177
85 294
19 158
21 41
165 88
104 221
299 182
108 61
151 251
72 214
135 85
42 74
141 27
160 14
100 11
90 34
57 32
195 296
82 45
10 268
71 18
237 213
253 166
64 152
293 59
209 281
78 111
70 279
262 74
3 114
1 100
112 111
87 19
17 108
153 255
54 266
88 32
43 283
231 187
41 220
1 77
102 263
128 205
251 87
217 190
55 292
259 171
235 62
124 174
151 146
24 4
260 218
172 122
84 132
143 64
33 33
82 232
11 123
216 120
160 1
219 168
241 45
198 207
142 8
241 290
4 5
31 203
148 33
7 240
82 129
225 109
215 12
101 190
244 85
133 137
174 153
287 134
10 250
100 58
46 48
267 132
132 77
192 126
103 140
123 196
274 7
123 191
16 1
217 97
267 34
111 86
225 264
112 25
172 178
175 282
1 130
207 294
45 9
19 20
49 282
241 112
280 225
27 195
118 0
183 65
73 43
19 195
232 232
150 29
170 254
164 165
0 165
207 103
165 259
219 233
237 63
95 28
105 48
274 90
22 87
172 80
180 233
58 81
119 179
286 261
45 249
9 56
8 89
147 55
114 47
53 145
112 35
183 281
88 88
91 252
98 160
260 100
297 265
47 200
299 44
170 261
232 131
290 220
72 213
76 42
39 55
293 111
47 187
128 184
212 165
275 58
79 175
240 130
263 255
122 273
5 101
182 138
80 54
290 206
66 255
263 172
61 292
151 148
198 240
20 63
23 252
219 168
229 49
168 23
251 183
97 231
65 95
154 195
127 272
227 83
225 228
132 143
58 224
200 76
93 3
47 55
1 89
218 147
181 146
28 228
227 245
19 162
179 291
242 61
111 267
126 113
179 138
278 255
136 236
50 86
64 159
15 66
52 9
131 91
120 119
150 212
55 196
101 97
104 116
55 238
252 200
47 9
160 278
198 235
228 136
78 280
286 276
253 250
28 136
192 0
228 282
258 72
231 296
69 119
291 9
92 167
200 195
166 36
205 107
128 207
15 280
189 262
240 132
243 158
242 276
199 65
189 202
46 180
76 201
3 11
137 115
174 233
72 183
136 236
236 228
156 213
296 185
91 20
96 143
130 262
98 277
161 204
212 237
123 258
260 266
63 118
39 200
15 221
251 156
86 171
134 39
213 35
86 262
78 224
288 5
176 197
298 157
52 105
247 152
30 222
143 217
233 283
207 251
205 144
189 126
84 75
68 113
118 192
35 20
138 150
92 205
68 107
74 173
285 98
18 238
254 188
276 89
91 249
161 72
231 54
223 196
160 241
119 134
103 19
253 185
281 198
199 129
3 226
186 83
61 13
259 118
293 15
256 192
96 236
167 289
250 253
289 97
115 106
7 297
270 100
57 127
23 245
95 228
240 206
224 286
175 174
38 29
88 231
130 271
273 101
81 150
60 37
49 280
27 218
108 79
212 277
185 167
116 140
121 83
144 226
159 18
285 95
52 104
268 269
90 196
176 261
44 211
72 106
24 240
260 228
79 244
158 274
154 189
77 86
101 285
60 3
211 174
258 41
27 82
73 44
192 2
299 234
166 30
149 275
182 139
244 248
184 237
14 258
294 202
43 67
158 182
19 62
260 86
135 115
156 87
123 32
223 249
255 276
166 132
143 140
113 112
48 242
5 192
24 133
53 54
13 71
76 83
80 116
161 270
169 219
268 36
168 196
278 14
76 254
55 288
44 168
112 247
195 77
106 213
173 161
173 118
238 147
279 266
16 265
127 44
251 145
292 102
47 282
267 293
172 286
171 130
228 8
131 194
12 136
19 256
240 131
23 277
172 145
297 27
108 284
165 167
96 172
178 41
280 275
154 203
24 233
20 254
60 295
63 295
169 267
205 33
279 155
196 108
294 239
98 105
122 222
135 217
138 237
257 154
172 281
126 216
70 75
94 234
140 129
145 198
285 112
232 28
208 264
4 277
47 51
55 227
215 0
59 215
65 233
60 230
68 107
162 290
178 179
148 115
104 10
212 189
103 233
59 60
130 113
1 100
218 210
216 114
211 117
70 211
52 260
183 239
254 168
187 198
266 132
119 244
166 175
70 196
54 234
258 149
196 283
107 153
120 172
290 272
74 172
84 263
36 64
161 82
242 202
54 214
223 151
55 43
152 75
220 46
103 198
224 144
202 86
129 113
263 38
11 99
76 261
62 30
84 181
81 72
287 56
90 103
178 273
215 29
22 38
261 237
142 253
138 169
284 2
245 104
59 199
131 170
83 88
129 67
248 132
0 248
241 209
266 69
248 190
193 231
217 19
165 134
131 74
158 62
147 96
269 162
60 178
69 67
270 129
297 36
30 113
223 279
18 292
268 214
192 127
103 292
181 177
205 38
137 111
198 249
93 247
280 95
0 127
93 19
109 100
205 239
100 196
201 249
213 34
285 105
173 153
23 153
29 198
8 174
133 1
159 169
174 236
225 135
76 8
244 192
9 133
51 14
89 197
251 84
217 240
59 286
256 291
56 175
81 262
162 289
105 223
93 126
36 167
131 48
199 72
39 77
250 146
251 247
52 279
24 131
111 243
253 159
143 121
292 108
61 246
96 43
263 160
78 62
77 253
76 195
283 123
62 272
282 177
12 198
282 114
60 40
82 107
120 73
243 66
221 273
94 229
64 227
44 289
284 241
44 207
236 233
44 288
52 252
70 225
278 255
187 204
85 299
13 9
237 184
234 284
29 2
6 139
158 201
217 138
166 141
28 88
49 148
2 209
161 140
91 38
31 147
182 119
231 236
154 63
162 74
24 246
9 142
168 24
296 256
83 199
115 221
288 201
293 96
259 247
54 277
256 291
104 202
220 235
91 182
277 131
244 136
42 46
285 265
19 219
282 188
170 168
167 157
75 73
227 68
78 89
76 77
108 118
110 92
12 3
90 136
184 93
238 80
82 40
135 74
247 295
243 66
148 100
204 199
78 266
41 266
121 163
189 124
291 168
173 18
229 87
265 95
56 85
252 228
22 134
290 160
113 2
163 50
239 273
33 62
130 173
175 159
74 272
232 288
79 61
266 224
206 41
175 77
205 30
48 191
82 199
0 183
62 281
184 45
105 282
107 193
241 76
254 233
221 169
22 75
164 191
113 73
160 107
53 67
176 267
119 248
136 22
242 272
179 297
134 51
162 274
109 153
139 246
140 103
169 147
101 95
36 91
289 27
296 170
217 15
125 48
157 278
150 154
4 202
69 108
177 92
45 226
286 53
256 182
180 50
223 58
65 158
142 289
15 64
142 56
224 10
147 127
281 123
11 43
174 87
253 192
54 261
189 296
169 295
131 278
97 230
50 264
89 87
73 202
140 258
43 61
3 3
160 235
265 180
17 229
252 120
62 169
229 41
117 226
85 43
22 198
106 148
3 255
256 258
16 42
84 175
43 279
173 167
229 212
157 228
136 41
281 299
284 281
126 233
61 182
91 131
201 247
180 43
153 17
115 253
241 140
289 176
249 282
146 160
82 39
249 251
212 261
25 137
124 69
233 129
25 50
161 206
57 148
15 76
229 293
218 161
63 59
61 144
170 211
236 33
147 77
234 113
30 82
211 7
1 89
119 268
53 291
188 226
248 193
51 277
179 30
182 83
282 200
228 45
209 230
97 152
88 263
288 111
54 139
251 110
249 50
163 58
76 58
218 139
150 67
234 251
200 33
209 181
147 27
197 280
191 102
75 264
55 298
160 213
103 114
181 104
142 204
188 185
279 190
141 257
97 297
34 65
295 192
134 276
193 131
49 140
235 288
189 23
75 198
114 281
183 14
9 81
8 236
113 57
48 145
241 47
240 128
263 211
169 210
189 37
109 149
80 165
56 29
19 280
283 117
80 264
50 143
57 164
163 189
222 281
138 291
9 76
57 51
239 293
157 159
214 90
161 240
191 246
141 192
242 190
159 39
262 296
170 130
97 208
284 292
133 114
77 69
252 212
268 180
277 147
170 100
273 244
176 70
26 172
21 70
93 117
153 219
183 293
187 269
205 206
33 92
154 8
224 81
100 201
198 205
231 225
256 75
257 162
21 26
213 8
257 124
182 182
216 150
259 150
23 184
8 236
95 79
24 257
110 169
0 174
5 45
12 221
27 168
99 269
3 168
222 130
34 275
48 48
104 86
163 99
8 52
178 289
68 145
125 2
89 95
235 218
242 160
137 6
239 49
56 235
107 272
225 111
233 10
4 43
265 262
243 41
131 186
105 285
179 275
270 50
99 101
13 220
38 263
8 93
135 14
188 190
224 100
121 139
230 131
194 44
289 221
284 194
88 62
215 100
139 36
265 30
93 83
26 37
186 97
75 110
298 290
142 299
247 99
13 180
205 99
170 155
149 173
10 32
18 239
95 173
192 243
202 96
148 289
161 79
239 254
31 106
120 285
264 153
61 214
125 68
58 47
105 222
142 46
297 79
147 205
116 249
124 21
284 130
6 215
93 193
222 112
297 299
138 295
204 295
210 135
46 140
97 190
288 108
230 72
184 36
219 28
171 38
175 243
79 200
267 143
100 219
123 237
243 148
15 96
155 132
88 136
193 174
111 34
114 65
105 83
185 7
121 174
220 224
274 205
41 186
10 249
232 299
88 221
282 140
124 236
266 37
15 141
116 183
77 220
242 265
16 271
88 26
174 272
126 298
262 79
112 69
169 214
172 141
120 153
240 224
75 72
105 127
216 90
67 143
204 38
145 69
181 135
131 103
10 46
134 233
11 193
292 153
101 37
105 243
83 201
113 269
286 292
139 244
218 127
24 117
236 126
149 191
160 189
208 91
152 267
152 273
139 103
298 137
185 173
247 141
234 207
46 116
239 126
141 254
252 171
16 21
110 117
77 262
272 266
288 111
129 102
268 226
290 157
283 222
182 6
91 273
141 178
285 43
27 24
5 238
126 217
155 84
113 177
40 185
258 247
196 60
218 247
123 9
37 23
60 279
156 250
273 280
85 266
83 69
270 251
129 149
234 151
106 239
51 206
127 82
281 190
165 199
186 152
263 127
88 289
83 203
255 167
5 0
6 55
98 42
200 149
293 14
199 225
226 239
190 285
50 163
179 296
254 135
229 28
65 8
75 176
201 72
212 279
64 10
244 146
31 3
114 50
90 222
219 234
298 209
292 264
183 299
185 168
63 60
162 176
100 144
70 200
96 67
214 200
218 192
94 214
187 250
272 121
54 115
23 5
226 253
88 147
58 32
15 101
112 117
74 12
45 45
160 39
35 22
275 120
189 181
49 221
31 105
287 83
257 154
161 286
239 121
245 241
146 133
186 294
14 105
124 281
142 226
4 81
17 99
148 269
237 98
56 8
75 140
23 198
139 125
125 36
54 63
233 138
243 233
95 107
150 58
176 201
273 72
66 154
269 195
76 283
189 29
16 202
91 202
296 27
120 234
289 296
49 104
49 190
85 43
242 21
239 151
236 285
6 292
286 197
229 109
88 116
35 21
164 239
185 284
296 214
251 40
72 65
128 59
54 5
33 26
153 44
31 76
38 257
93 277
110 262
169 16
31 299
243 74
98 114
64 120
41 62
148 6
112 101
73 243
196 132
51 67
2 281
273 265
5 192
286 221
27 211
5 120
7 230
216 277
264 7
44 260
295 270
57 143
73 202
53 70
176 176
281 187
221 30
156 167
181 144
151 179
130 193
276 191
176 137
264 215
251 135
22 60
150 223
247 10
134 166
56 139
75 12
153 152
42 207
75 82
169 43
170 159
40 183
179 75
251 126
189 214
60 142
217 273
293 117
164 189
26 22
190 125
271 73
52 62
101 131
120 169
230 150
67 71
139 18
254 147
182 268
95 265
172 42
180 151
226 52
247 205
181 154
298 72
15 22
82 13
208 171
102 239
216 153
35 174
248 125
19 198
195 278
182 262
254 101
172 43
169 299
97 212
218 210
295 206
47 158
113 41
128 266
154 26
241 9
83 87
221 251
286 241
167 283
196 239
156 44
103 105
253 228
32 49
252 43
136 179
147 38
38 1
40 121
270 232
62 207
254 76
181 145
86 136
108 123
267 89
122 117
87 270
243 281
109 43
130 9
8 81
153 157
248 85
264 233
225 82
96 117
272 121
85 235
102 72
226 94
93 279
97 291
211 271
1 41
97 247
28 132
264 54
291 89
52 7
174 240
250 120
229 164
56 172
14 296
22 175
16 266
139 172
14 48
139 234
265 207
160 160
270 66
291 42
198 275
297 2
15 30
96 59
134 91
36 119
149 64
264 0
20 199
48 9
177 294
71 220
291 11
192 75
147 80
179 64
228 124
133 120
130 200
118 234
273 226
172 215
241 258
1 174
108 109
246 7
169 104
107 97
78 47
13 32
192 121
246 283
261 139
59 158
227 211
275 198
43 95
91 130
78 54
197 106
96 288
252 243
86 230
166 226
278 143
36 291
246 86
173 270
143 154
46 23
14 172
134 136
246 31
2 9
22 89
282 128
43 56
72 229
156 15
82 170
164 56
58 252
31 296
123 115
84 127
158 75
40 107
21 288
175 223
266 2
6 281
266 183
13 207
291 127
150 212
84 206
286 110
283 227
128 102
33 188
188 167
275 151
78 276
199 17
136 146
113 182
102 44
52 51
7 64
40 94
38 239
156 292
203 166
140 15
31 14
63 131
77 297
216 58
246 8
282 254
179 23
133 188
129 100
96 106
148 76
79 72
138 117
199 143
250 86
114 202
79 119
83 225
80 71
256 182
98 69
85 272
253 235
271 177
135 31
187 210
199 245
109 237
180 20
283 287
157 92
221 115
284 198
248 88
71 214
20 124
130 184
68 239
282 78
167 68
229 241
197 290
198 163
64 291
156 273
7 246
129 122
190 69
198 144
239 96
238 230
58 75
98 160
67 249
203 249
258 120
216 295
199 168
224 207
138 175
299 149
108 115
39 97
291 104
270 265
89 206
184 106
98 103
126 99
83 64
164 194
53 52
119 177
105 188
280 24
265 10
143 115
169 208
138 7
187 60
268 173
14 267
32 284
17 155
92 271
132 126
0 100
133 3
276 284
284 41
166 257
286 157
137 112
62 173
87 274
264 250
209 287
80 80
24 2
90 169
227 31
217 83
247 171
170 47
220 280
87 178
109 258
70 131
47 192
92 171
196 140
267 182
8 41
255 125
161 226
163 174
71 114
58 221
265 77
190 10
274 141
260 82
136 173
62 13
261 5
241 267
246 190
219 66
24 274
113 7
92 151
270 113
201 7
181 195
266 158
191 19
226 80
27 246
24 41
247 250
284 176
121 296
232 97
227 270
274 251
180 131
227 71
227 35
99 211
243 214
13 200
57 22
27 58
77 34
259 222
296 119
150 146
98 145
110 50
228 30
109 164
212 27
80 90
228 244
229 41
131 269
248 79
69 157
209 99
128 201
81 183
107 125
135 262
274 126
268 246
146 131
94 236
170 17
219 132
150 3
284 103
98 84
185 58
147 161
156 287
276 244
281 197
275 126
19 14
242 43
150 234
253 130
271 235
28 239
143 267
242 13
128 133
107 249
101 50
103 84
75 35
271 266
270 226
290 175
192 250
177 142
144 216
98 284
73 87
244 129
92 189
226 2
210 4
176 107
238 135
86 123
210 102
234 66
242 148
121 223
222 222
131 96
163 252
210 245
262 6
268 199
230 114
9 248
133 215
296 200
51 113
280 174
253 147
29 189
191 146
285 51
215 198
103 221
277 295
170 213
207 204
105 213
84 237
47 158
153 133
167 184
30 63
157 262
153 41
283 197
5 112
223 252
57 172
159 275
204 51
71 47
146 273
259 275
162 123
85 120
252 85
9 247
50 197
181 153
123 192
75 183
5 244
179 274
160 273
44 39
144 107
80 261
6 240
208 120
161 160
206 299
30 78
92 249
159 73
249 49
39 44
96 175
162 115
71 36
149 142
276 135
297 290
111 124
241 130
275 266
81 280
235 150
73 125
178 191
298 291
48 174
92 253
4 14
252 75
33 129
255 95
223 103
39 204
79 38
259 115
51 271
105 244
225 32
123 203
190 288
170 174
179 114
39 158
148 112
116 195
74 23
92 131
66 56
239 8
37 67
171 185
91 243
251 83
280 156
97 69
78 282
292 270
136 141
266 61
190 40
296 243
45 140
83 173
39 212
110 193
27 11
123 198
209 185
186 181
147 296
80 212
150 121
59 245
292 271
159 113
156 102
113 165
212 110
264 255
255 10
281 67
214 206
57 189
137 184
111 54
79 50
116 131
55 200
176 66
189 84
132 262
166 184
166 95
0 140
149 62
271 11
186 67
24 24
83 136
273 212
41 76
111 281
253 291
151 41
254 36
218 165
44 113
258 250
169 21
183 123
92 252
142 171
263 8
129 237
22 176
235 152
134 4
64 291
99 264
188 153
257 258
50 11
150 45
70 51
271 262
131 89
217 242
206 53
274 252
112 31
166 19
283 180
7 245
254 201
160 96
186 21
243 159
163 122
104 155
216 139
149 208
216 36
267 245
187 27
194 112
215 171
210 229
211 9
85 73
132 208
208 114
225 65
227 92
276 274
251 139
255 89
163 299
11 199
69 12
228 263
6 92
37 74
7 268
208 90
191 221
298 162
210 76
210 173
284 165
289 16
142 216
160 154
192 200
263 40
9 286
52 230
35 299
234 187
214 162
42 272
206 105
220 76
54 106
138 234
214 176
28 110
123 96
1 262
267 114
47 279
265 104
118 155
126 211
21 54
110 18
182 117
244 201
235 190
188 96
95 234
297 70
271 202
181 151
174 137
140 126
152 59
137 239
265 266
208 193
201 176
100 275
276 10
241 8
105 284
221 191
171 265
259 64
201 221
256 167
116 158
213 100
87 188
9 175
77 43
130 135
254 181
118 15
221 190
4 120
136 40
119 83
180 145
133 56
185 140
270 161
124 176
148 92
277 290
24 239
258 247
55 69
177 20
237 236
259 222
13 293
128 131
282 104
89 218
263 57
71 245
30 63
104 61
198 28
64 31
120 119
292 62
230 58
190 204
172 7
25 45
178 163
205 203
159 269
147 14
233 180
232 146
275 285
41 149
253 159
159 218
268 158
138 270
177 227
123 61
54 250
184 128
248 207
236 84
248 275
203 185
212 191
253 79
49 159
64 104
119 29
173 73
50 206
144 107
139 174
66 124
39 285
79 109
35 231
135 242
51 23
103 144
237 179
5 105
115 287
179 87
58 217
132 3
205 181
197 46
151 16
278 123
204 69
208 217
220 173
24 226
227 209
226 191
252 140
47 80
6 112
257 134
170 179
146 205
275 253
202 139
172 244
165 113
117 185
268 222
209 23
286 197
249 295
41 93
27 44
9 173
66 107
265 149
204 162
45 259
180 27
196 238
140 199
49 244
126 213
96 82
141 41
65 69
163 122
265 172
95 174
16 170
233 261
139 140
16 197
184 53
200 107
45 187
119 118
80 287
182 121
70 289
69 26
287 134
26 88
153 106
3 222
53 13
120 268
255 91
154 242
93 186
280 258
135 110
102 32
233 176
3 144
193 130
240 144
75 205
130 269
126 210
178 65
50 136
6 290
105 88
37 238
232 86
291 155
222 49
170 122
242 131
149 187
131 176
246 107
79 31
102 31
167 234
284 80
207 298
218 276
58 180
89 153
128 196
268 20
210 224
208 68
147 124
41 262
78 135
172 122
111 49
26 49
266 295
153 116
71 144
13 111
242 173
30 249
82 114
286 278
92 208
215 109
269 0
102 139
23 168
260 240
177 64
180 136
213 2
183 49
289 79
252 295
56 270
103 98
172 144
254 24
18 124
91 1
33 113
233 34
172 42
216 136
63 244
211 218
246 33
134 229
236 262
263 5
290 59
52 169
92 275
138 232
51 217
170 60
11 298
175 142
50 236
206 98
213 105
211 243
89 109
281 73
152 235
287 281
72 58
277 257
259 193
79 88
277 32
292 246
239 101
129 106
171 259
181 178
227 105
280 276
229 276
80 12
209 65
123 161
56 193
193 110
251 174
285 191
226 245
292 42
114 180
9 18
214 92
201 0
291 72
27 128
299 212
202 13
121 213
207 65
211 117
94 285
125 149
108 217
164 254
205 225
92 35
121 128
124 105
273 83
246 100
211 119
148 233
243 261
232 50
217 257
135 140
18 138
155 106
194 254
210 56
30 110
267 253
212 205
226 146
152 13
30 208
160 85
21 73
291 292
40 105
170 48
192 166
274 188
168 131
84 6
211 110
213 30
119 298
162 123
147 269
251 162
97 161
233 217
264 145
80 8
215 202
144 131
133 161
4 74
197 95
42 147
170 60
294 165
0 9
58 228
283 112
87 179
17 236
216 170
97 17
187 143
243 222
39 247
27 41
260 156
113 296
24 137
147 132
7 79
293 16
193 172
27 296
24 266
108 82
226 77
243 233
287 139
221 163
39 171
122 158
65 216
284 138
185 123
129 35
165 168
80 2
240 239
41 65
10 145
158 35
187 197
91 219
123 85
255 285
216 126
272 190
109 138
225 16
207 266
210 168
18 63
228 258
210 243
96 115
294 96
114 236
258 199
221 229
215 249
191 104
27 54
199 142
235 7
17 274
44 15
247 190
288 109
278 82
32 68
269 240
94 272
55 289
89 72
66 296
109 36
260 13
26 89
173 201
255 1
224 282
28 285
212 141
181 271
104 216
15 255
15 247
65 288
13 2
42 43
215 132
50 74
65 92
173 69
168 276
22 85
40 289
202 45
276 102
196 12
125 65
134 145
262 172
15 53
86 17
131 25
12 85
16 119
140 209
223 184
174 254
129 196
28 224
159 136
6 176
207 258
83 128
7 195
169 215
62 297
242 206
281 23
167 145
288 234
278 146
129 207
78 228
226 26
28 122
207 281
245 234
253 164
106 119
252 4
298 297
179 240
199 201
38 126
90 30
199 150
51 219
197 54
221 137
256 202
249 241
173 193
232 134
178 222
111 227
148 164
44 82
191 11
247 216
151 84
230 299
272 145
145 263
156 90
211 46
48 210
87 54
274 183
282 183
160 23
246 111
35 266
185 170
74 1
98 59
9 220
135 211
199 32
155 264
27 185
32 6
162 87
23 248
271 69
297 194
277 204
42 195
218 36
211 292
158 155
229 169
180 69
212 221
59 203
280 64
147 63
122 17
198 77
24 111
105 68
76 114
227 200
185 198
153 72
238 97
145 86
237 72
181 229
76 282
53 115
69 141
98 107
217 3
220 180
102 40
41 78
131 221
116 243
157 217
205 4
62 79
67 3
277 250
170 266
92 144
291 240
104 262
193 69
239 136
228 293
142 257
46 37
56 58
69 118
18 0
191 276
274 16
231 126
110 245
39 208
249 169
254 15
262 213
294 103
19 287
58 169
21 122
74 281
36 220
70 32
195 54
146 89
38 59
96 192
175 77
149 72
19 95
291 273
127 214
80 246
91 70
121 166
163 248
195 204
115 159
29 193
181 22
125 119
39 141
43 211
145 125
156 114
90 98
25 165
26 200
46 46
63 164
102 82
248 246
60 247
205 260
72 90
88 197
219 232
74 298
282 263
139 57
208 74
232 21
41 129
128 162
138 189
171 54
117 187
22 239
251 62
250 293
261 156
99 236
139 88
163 180
173 22
160 161
198 211
3 94
274 133
108 10
267 0
278 65
190 199
260 163
95 102
25 190
159 258
191 85
94 240
288 102
263 41
36 290
187 192
197 99
109 122
152 31
19 52
210 77
145 107
225 288
57 47
157 66
258 154
26 32
36 47
179 13
6 263
109 299
20 47
154 47
87 142
268 92
53 243
203 135
255 121
25 15
217 281
236 79
225 287
130 28
33 136
160 284
135 277
98 197
155 92
121 248
179 37
162 61
205 215
197 272
20 280
205 169
293 7
181 247
269 232
110 125
139 282
7 73
29 175
22 15
100 65
129 164
207 34
86 107
93 157
222 283
3 204
255 283
48 259
15 113
263 28
55 165
181 83
188 272
205 233
94 4
40 111
212 273
131 229
128 147
68 114
82 34
45 175
198 61
296 122
57 36
229 163
118 171
253 113
214 279
79 148
93 146
268 181
234 138
52 210
61 288
113 222
251 294
12 173
256 183
3 169
285 270
147 24
43 292
70 71
23 225
237 230
59 28
36 142
231 255
133 52
116 136
109 14
16 295
172 81
39 159
69 20
8 149
195 290
229 56
180 244
2 209
171 156
58 75
141 38
173 225
93 150
209 69
36 134
273 236
126 218
37 122
47 25
30 87
146 233
296 181
198 240
87 160
121 118
13 19
214 106
41 90
190 193
174 276
25 97
147 174
55 283
88 38
90 189
171 85
89 79
233 281
0 299
3 3
30 102
299 262
85 115
43 35
109 66
108 139
160 42
290 293
81 52
212 156
66 69
211 247
115 133
151 155
55 232
51 255
241 183
0 11
16 113
219 282
211 61
42 145
80 31
186 155
90 196
111 174
213 45
188 214
232 33
87 172
41 23
280 78
265 210
223 154
269 32
136 84
8 49
55 297
82 68
274 11
259 232
86 192
129 265
168 206
260 80
239 216
37 114
32 147
280 81
114 21
54 81
123 161
223 81
37 215
267 118
226 73
247 124
120 79
28 193
160 297
242 144
224 84
284 202
58 75
117 227
88 80
22 150
73 90
74 170
15 95
221 223
76 247
102 217
138 219
179 221
230 225
45 77
35 74
166 291
72 264
149 23
153 230
233 249
209 181
123 51
57 265
87 118
116 107
89 70
68 171
164 284
110 217
84 45
112 122
294 246
50 178
280 157
247 282
203 229
273 246
12 61
297 53
41 278
32 9
110 253
110 152
299 202
113 113
211 39
113 207
54 170
66 49
266 239
64 124
146 126
119 47
61 2
291 234
237 264
70 289
15 26
247 84
208 44
288 270
186 207
98 241
195 79
154 293
29 255
271 62
59 238
248 96
234 200
288 119
32 115
1 296
162 151
215 72
265 27
102 28
227 75
131 249
147 52
298 75
209 92
111 105
277 110
250 242
18 173
241 47
97 265
191 120
259 159
275 170
233 58
133 117
226 50
170 46
205 157
251 210
101 190
287 294
282 265
242 252
281 101
100 166
154 70
183 46
270 182
216 41
137 156
282 44
145 144
209 181
265 15
26 153
220 283
25 6
24 233
268 90
145 267
288 7
23 37
278 164
25 299
69 98
262 3
258 215
37 208
58 75
45 149
81 186
258 264
199 146
166 187
57 98
51 72
130 253
206 6
241 114
95 58
286 155
4 228
207 101
68 298
139 229
16 145
111 240
210 168
116 285
226 216
214 111
255 189
77 142
178 220
267 68
84 106
12 146
23 106
19 247
230 14
17 133
286 47
210 244
111 11
214 71
112 255
297 93
232 169
44 27
220 123
98 290
199 21
291 76
245 271
30 71
116 246
147 184
170 132
90 163
235 216
195 195
113 23
298 173
287 131
36 7
210 185
239 143
89 158
61 2
151 176
248 273
135 173
4 99
39 57
139 220
270 9
182 41
295 280
281 113
269 140
296 180
250 49
264 271
33 187
179 124
202 244
218 116
185 225
138 286
143 44
115 193
136 164
215 274
113 32
238 119
201 132
60 145
215 251
84 156
222 90
140 160
99 92
228 204
182 196
288 292
47 18
121 76
96 46
158 198
89 161
126 279
40 129
110 283
0 0
246 143
297 135
4 247
113 263
100 94
260 76
150 153
142 157
197 216
187 102
8 104
148 95
105 207
178 132
131 292
16 6
81 132
246 219
63 254
295 293
41 266
60 228
257 225
248 194
180 4
140 52
32 4
74 203
193 198
162 196
241 107
103 78
105 270
149 184
197 299
285 64
49 34
132 116
1 32
131 23
111 255
205 209
86 283
226 291
150 126
121 155
85 73
277 33
7 86
160 121
6 143
85 231
33 113
72 80
221 28
115 108
12 144
2 139
130 152
115 16
248 222
66 174
71 101
152 205
143 28
170 125
91 22
95 106
39 128
237 86
246 152
215 26
104 130
87 274
102 258
195 268
280 249
168 279
73 66
142 149
41 105
79 288
167 276
169 209
282 84
86 171
167 110
272 196
247 157
84 266
20 231
290 279
99 118
63 143
76 290
119 85
22 281
198 144
72 23
45 295
221 289
66 182
233 143
267 205
244 16
265 179
190 260
200 59
24 65
0 158
34 167
224 69
57 29
111 48
9 209
207 52
0 0
283 58
157 70
106 163
209 194
3 207
14 236
158 114
117 123
181 250
253 284
241 24
249 283
109 46
244 287
270 114
72 155
278 174
31 168
274 82
143 186
198 173
56 2
13 80
79 23
111 115
163 93
158 80
61 43
190 10
61 38
130 252
262 127
48 227
200 107
81 285
168 109
83 237
110 140
66 148
205 203
207 213
171 48
228 241
101 220
175 247
103 19
5 169
124 190
204 290
14 78
63 153
55 99
225 278
124 15
288 130
56 280
150 10
92 18
185 118
179 91
209 167
182 71
288 24
87 35
10 276
118 157
281 238
218 142
187 195
166 288
267 147
9 171
277 224
257 143
10 225
14 39
294 114
144 153
123 8
81 145
9 148
214 68
195 65
39 219
57 229
202 241
114 62
288 244
239 5
175 236
28 104
195 197
125 157
277 16
29 99
27 255
200 70
148 97
206 9
81 299
215 180
217 264
276 254
178 79
206 215
236 52
114 3
196 98
44 51
148 207
138 17
62 185
23 64
158 21
156 279
138 143
295 178
67 23
115 87
227 162
88 61
135 233
176 7
163 191
140 69
109 71
81 148
291 284
48 14
278 134
55 84
201 231
67 96
120 280
71 179
221 212
132 233
94 63
78 194
27 272
14 22
212 291
126 8
69 124
238 290
209 146
126 66
29 283
214 23
25 299
248 205
36 14
63 149
191 280
230 125
7 149
147 250
3 188
66 220
142 142
215 283
97 77
94 211
67 183
71 127
213 264
103 114
115 200
72 293
55 63
104 19
100 286
156 212
118 90
221 175
93 82
237 269
91 251
218 255
226 172
39 102
26 152
217 221
216 62
265 180
72 229
58 113
129 152
296 39
41 199
107 212
130 126
4 200
17 202
291 219
2 111
229 213
23 288
53 293
145 83
84 13
28 186
109 203
134 119
30 217
278 55
18 35
169 227
292 43
288 172
291 43
73 218
195 27
248 192
45 218
7 251
160 158
46 152
19 196
229 61
161 53
221 148
143 146
265 276
261 183
256 9
236 207
271 153
275 110
50 78
127 247
93 243
194 18
197 165
219 19
118 278
142 11
82 186
67 171
223 227
209 79
209 72
231 270
278 188
15 85
67 135
294 56
298 182
6 11
233 43
219 49
200 159
163 79
64 138
113 0
173 192
80 225
73 79
192 173
121 151
65 255
69 188
268 263
163 57
252 271
262 249
77 25
154 202
144 279
82 127
151 43
288 212
240 257
71 187
55 90
171 148
210 294
147 85
14 165
274 100
293 13
0 171
9 220
197 14
229 54
275 160
245 106
211 3
278 64
268 113
64 73
184 109
85 51
59 270
131 8
288 144
137 174
226 27
32 145
123 234
97 208
113 63
166 225
261 141
273 283
95 263
100 149
203 278
177 188
32 34
285 159
186 66
299 55
47 251
128 127
99 89
241 207
296 250
149 222
201 170
55 244
214 141
138 219
8 22
121 131
179 204
74 92
228 184
25 156
286 255
11 19
215 84
94 153
228 287
167 177
204 38
4 160
273 267
15 201
87 121
16 51
202 251
26 178
9 75
81 146
247 281
141 15
71 239
159 102
297 234
57 290
120 168
145 44
87 219
146 217
73 181
56 75
54 291
126 95
108 41
228 270
76 32
225 232
170 185
229 3
153 180
43 266
279 94
145 1
193 37
267 199
161 198
223 260
93 124
148 212
13 6
52 294
39 154
249 97
141 121
256 214
51 156
130 2
223 250
136 168
90 6
17 216
256 138
78 22
254 14
19 193
278 250
142 164
209 165
48 166
168 1
68 104
58 249
245 23
91 228
83 181
143 63
15 16
107 186
72 178
280 0
42 265
156 218
224 49
100 127
198 5
286 49
273 6
151 237
172 234
259 80
149 82
14 70
72 298
177 64
262 8
90 39
285 87
241 4
18 133
295 127
5 38
185 120
46 213
12 186
23 58
196 94
123 23
18 198
181 219
112 180
71 84
229 73
177 125
87 42
239 162
213 0
250 295
237 236
95 100
156 295
32 115
55 54
249 227
277 8
217 83
255 114
117 20
50 239
20 109
211 215
106 187
12 38
1 236
297 117
120 252
175 220
63 284
297 116
64 142
165 7
258 123
75 135
138 69
249 217
180 229
68 16
255 293
36 98
10 205
249 231
280 22
41 267
141 107
46 80
67 22
182 247
246 66
8 88
203 250
27 242
137 256
79 148
101 89
18 141
59 205
189 236
299 76
3 291
22 39
112 272
20 298
193 221
293 234
279 62
35 209
50 19
211 217
15 107
289 76
83 203
227 32
13 109
37 121
9 122
206 281
270 137
97 265
214 34
25 188
34 20
200 163
175 98
144 164
151 1
268 26
151 107
15 107
140 68
166 297
296 89
130 49
249 209
161 55
226 253
135 2
258 113
291 175
40 144
184 284
157 110
189 132
139 128
249 38
234 181
35 211
5 7
210 1
169 2
277 286
83 199
217 57
6 125
254 256
126 86
39 216
177 272
289 115
111 202
112 168
69 273
270 245
64 50
8 45
155 115
137 86
236 163
179 158
111 91
230 28
25 229
46 239
103 284
225 88
71 191
225 8
292 253
2 14
246 231
272 235
100 163
150 19
134 256
260 156
237 22
242 164
92 161
165 259
195 122
39 265
72 183
266 241
52 250
216 163
62 192
66 138
94 149
138 237
30 29
278 108
182 190
109 33
104 294
218 260
287 82
174 216
295 180
276 230
161 67
49 108
11 174
190 117
224 17
77 106
284 68
188 134
74 3
188 79
171 92
9 133
161 107
52 233
263 221
138 148
213 219
149 235
229 28
252 40
22 275
20 156
40 3
266 163
89 97
142 119
119 171
20 24
3 176
94 149
84 255
193 257
209 93
266 66
213 292
147 289
3 7
232 117
132 270
96 239
240 115
160 268
25 269
280 104
113 260
247 182
172 61
4 66
164 66
51 66
123 48
229 86
13 5
172 80
22 221
19 141
106 116
8 149
145 137
217 229
21 40
49 148
71 185
225 38
57 114
27 68
45 152
296 213
239 39
16 279
115 229
39 226
245 265
261 104
78 3
55 221
274 108
123 175
50 34
150 141
84 116
273 257
193 66
65 199
65 112
68 258
135 198
281 289
160 294
60 22
73 63
24 106
212 294
207 195
96 295
156 61
275 210
298 289
267 258
191 173
236 198
272 117
260 70
58 297
225 177
256 59
276 285
277 100
14 222
177 210
20 223
155 229
246 273
159 260
271 131
299 129
22 95
234 79
85 71
273 64
241 271
215 124
59 46
137 25
38 202
154 31
157 239
1 153
198 211
106 19
110 8
186 65
170 230
184 10
260 12
113 199
205 2
68 243
212 71
279 52
137 178
127 187
174 290
219 127
229 63
135 294
196 108
14 80
256 283
202 128
237 235
114 217
16 154
44 54
119 70
232 70
45 204
22 10
129 242
225 181
68 70
16 70
289 62
231 17
129 149
19 150
143 120
2 157
207 284
104 268
183 144
82 262
227 185
154 296
287 157
231 256
187 0
276 56
185 108
157 216
144 103
111 68
50 272
13 115
82 117
212 250
254 158
65 161
104 165
197 141
266 263
5 130
282 244
258 92
132 207
147 186
41 257
253 44
228 96
237 44
118 273
124 112
173 221
250 271
131 126
297 179
38 50
64 39
90 294
283 98
239 220
152 46
59 44
47 31
2 231
20 191
161 164
192 19
0 52
160 219
221 265
22 130
204 27
297 294
260 279
209 60
23 298
22 165
39 35
141 261
61 291
185 96
137 286
0 162
78 97
144 235
169 218
110 176
270 183
109 192
286 13
130 183
211 169
60 214
121 73
20 293
250 222
239 290
216 8
252 249
277 252
29 221
201 260
127 219
113 257
251 14
13 80
118 66
149 159
267 124
244 30
281 61
94 133
246 15
138 163
236 106
169 251
181 80
277 66
227 229
32 91
108 9
20 154
126 161
264 2
43 65
228 249
112 231
107 28
139 186
1 166
17 65
253 203
75 70
103 295
226 102
93 218
166 61
65 71
289 290
110 276
103 238
91 109
146 241
60 238
280 69
215 79
20 136
293 185
194 153
261 234
234 26
62 235
9 107
228 267
60 164
3 130
65 115
26 223
274 265
248 164
38 259
238 151
133 108
49 281
233 115
27 11
107 160
253 125
196 43
161 202
232 257
57 251
224 246
46 283
80 11
70 42
150 274
49 119
205 291
93 107
30 249
163 34
168 77
120 154
126 2
110 244
159 1
183 83
273 83
5 216
30 235
17 19
140 49
210 119
204 281
244 255
99 76
0 49
224 190
228 283
6 284
129 243
12 174
199 246
64 214
166 128
185 237
285 299
10 2
225 186
85 274
230 275
97 287
57 174
251 187
85 220
216 195
264 222
108 214
65 286
112 274
225 252
233 7
274 246
217 44
81 0
30 162
287 259
88 233
124 209
28 240
212 244
179 148
61 194
188 201
297 222
293 142
208 147
125 185
173 107
73 69
2 175
54 166
54 274
196 24
292 281
78 90
279 8
104 160
234 176
167 225
289 253
67 88
256 175
242 242
112 8
115 257
46 62
46 189
230 168
249 22
65 116
57 96
288 157
164 285
48 207
141 23
64 277
12 93
111 34
221 38
166 64
22 183
148 271
229 76
129 33
259 294
93 224
71 124
120 108
49 150
56 6
288 24
11 216
59 84
226 146
291 243
237 5
7 39
62 124
117 280
54 200
1 6
186 26
75 40
191 138
135 121
17 116
297 153
149 45
29 165
169 290
38 268
282 249
270 153
277 229
112 195
266 189
199 136
192 104
207 30
34 82
88 210
1 75
87 183
225 242
273 273
286 186
42 249
36 180
150 32
165 165
14 50
294 120
9 17
133 213
247 103
176 48
34 73
231 13
99 267
110 164
297 204
74 243
226 238
20 52
53 28
198 168
128 291
276 26
24 26
294 252
292 292
201 296
288 117
208 24
229 289
99 232
148 0
32 23
134 235
299 191
231 181
200 236
195 67
122 178
240 268
212 55
112 283
51 71
55 168
231 148
73 39
299 138
107 137
52 297
152 28
123 267
49 256
280 49
58 121
277 108
17 193
261 249
121 159
255 177
58 114
165 46
34 236
19 273
156 265
139 190
158 267
219 8
204 224
39 176
200 181
145 284
233 41
72 250
42 179
222 1
190 209
205 186
201 145
232 241
143 189
92 122
208 142
84 201
60 30
91 154
213 87
118 27
169 10
209 116
151 40
94 236
246 126
226 276
124 268
129 86
203 181
262 21
199 295
297 230
147 181
82 94
85 69
26 193
119 71
291 127
174 54
140 273
156 236
124 33
164 94
127 136
74 74
57 202
69 103
167 81
5 151
203 115
30 292
89 243
155 193
178 75
182 89
241 38
267 123
115 191
114 146
162 239
196 8
139 141
67 250
141 279
4 12
41 119
151 156
191 291
131 104
255 275
171 88
126 77
133 66
27 161
283 109
64 218
279 68
7 296
90 167
160 20
146 12
79 84
172 26
37 298
261 114
104 258
127 237
141 180
93 106
154 207
34 23
49 30
252 169
195 218
183 202
187 275
267 93
1 245
43 279
266 215
224 248
222 210
132 267
239 135
149 121
251 183
77 213
260 169
155 244
161 180
277 51
264 57
280 27
170 71
45 232
252 91
70 238
99 211
128 83
266 135
29 202
49 122
282 43
264 125
6 155
222 188
253 258
174 295
114 3
20 192
91 167
92 203
188 250
143 200
94 240
233 121
3 5
119 238
299 76
264 234
252 50
196 5
84 112
122 110
95 271
147 11
192 189
77 223
73 295
118 196
263 159
170 281
170 97
67 223
245 36
293 286
247 123
7 175
86 52
297 6
229 229
153 250
171 14
58 161
221 196
256 56
153 182
117 145
38 122
236 127
270 35
275 8
269 227
223 174
236 228
51 203
81 171
193 174
93 55
70 224
61 269
249 298
229 205
105 141
99 240
119 46
10 97
171 54
77 63
26 50
167 272
11 20
154 217
194 217
268 104
173 64
86 196
116 174
199 140
173 284
276 70
232 263
71 266
282 95
77 105
210 160
1 268
126 69
97 285
212 140
229 84
266 64
291 280
151 112
83 283
250 144
71 63
258 43
274 93
277 196
28 164
8 295
202 21
125 195
104 52
132 60
6 293
87 116
212 122
144 266
46 269
81 30
173 265
200 165
164 260
194 287
80 233
147 178
224 125
192 264
211 144
80 247
249 120
170 88
294 106
197 137
211 154
70 242
137 13
65 30
262 46
243 138
76 231
133 263
193 57
212 200
62 61
221 235
70 176
287 60
158 295
145 180
6 277
99 0
127 100
53 264
166 114
235 114
155 61
150 36
189 110
20 221
180 40
53 54
119 118
151 31
31 30
268 24
40 0
258 124
204 186
120 37
275 228
122 4
163 68
154 172
47 204
132 64
11 59
19 294
19 123
103 54
70 226
201 251
228 80
119 103
26 270
29 72
114 298
156 137
19 95
227 88
182 258
183 11
272 129
22 247
76 296
160 270
101 264
191 244
217 171
279 232
285 292
208 194
278 43
258 128
83 251
211 52
189 295
121 125
276 131
180 243
91 229
206 38
226 43
80 55
107 191
123 183
93 286
45 121
11 98
195 238
148 236
129 107
198 238
149 18
133 116
58 268
104 292
99 28
96 106
4 128
205 199
68 294
62 261
241 262
216 260
39 134
58 230
8 46
164 224
138 165
182 285
33 161
80 40
110 29
143 56
166 46
287 139
216 252
38 61
112 209
245 158
221 211
191 31
13 132
265 179
268 31
241 73
37 75
217 294
281 54
275 221
208 183
74 18
5 27
128 245
188 245
226 99
88 179
282 51
257 157
175 229
131 10
131 245
133 21
293 83
260 158
150 55
21 268
112 4
264 188
250 190
277 46
298 79
292 176
27 234
291 254
190 188
156 10
279 265
225 256
166 105
1 167
100 281
84 121
267 18
291 76
168 107
221 133
241 0
198 231
95 261
143 158
272 157
292 50
99 135
163 240
261 10
247 92
71 73
137 296
64 210
70 130
274 232
156 18
138 42
156 102
63 195
122 195
220 126
279 175
45 279
115 221
235 166
132 16
198 248
134 94
152 4
68 54
169 153
104 195
243 151
29 257
126 250
93 204
89 125
108 163
41 262
199 143
120 230
265 290
45 20
29 41
47 269
184 140
166 31
120 18
38 191
221 148
102 216
276 293
263 178
68 222
13 168
108 103
133 165
65 56
146 141
24 235
46 97
201 228
20 211
134 170
240 99
284 142
81 51
171 41
267 7
22 184
236 193
217 281
9 176
203 149
141 136
182 89
298 271
6 38
3 59
31 64
117 260
26 108
181 273
137 256
214 32
49 269
19 262
267 244
112 215
282 64
185 35
13 133
138 117
263 120
250 246
95 242
21 115
232 167
73 29
97 17
266 114
21 61
274 162
208 256
205 0
53 136
33 262
113 180
43 91
0 138
289 39
228 209
198 168
157 222
260 169
277 205
130 180
200 8
185 55
54 85
216 49
103 125
186 79
70 63
287 152
64 14
275 292
269 248
262 62
199 290
163 298
229 142
84 149
3 64
216 13
251 97
56 102
164 217
254 100
258 16
223 25
54 127
221 279
122 12
227 211
222 137
294 294
104 9
188 196
194 13
284 16
83 188
237 105
273 4
62 196
173 230
99 272
267 153
185 120
199 86
27 11
237 16
81 80
3 135
3 81
73 6
23 100
138 208
169 186
150 13
64 251
144 284
108 33
62 103
168 229
6 259
267 256
194 172
255 191
77 185
27 240
195 16
236 138
46 30
295 121
11 145
177 114
211 234
147 40
46 287
7 60
87 148
236 243
128 154
129 75
162 57
285 187
98 57
10 177
61 94
187 279
184 222
236 71
72 268
9 82
162 168
185 293
241 64
108 189
176 291
256 222
214 207
59 97
230 42
173 25
275 77
175 96
267 39
156 55
173 290
197 223
124 57
57 253
50 211
226 35
31 127
15 145
38 186
265 225
223 191
113 97
5 232
73 59
16 179
236 195
156 243
182 291
69 256
89 281
6 53
152 126
250 273
95 129
198 75
153 292
95 86
85 295
97 233
42 261
256 2
276 31
96 222
51 62
105 253
57 289
264 106
175 9
69 19
52 250
16 39
225 257
196 161
237 49
153 73
193 102
11 37
286 170
290 206
200 48
134 23
242 83
90 177
45 161
247 272
73 133
282 79
27 148
9 3
194 12
159 176
73 174
128 73
95 269
189 34
229 259
275 276
244 67
98 11
230 254
168 237
198 267
75 139
25 169
168 99
224 87
143 255
204 168
195 123
225 158
35 250
15 62
172 25
220 191
152 38
12 291
37 204
189 275
9 35
139 56
299 184
59 138
49 21
12 121
235 248
4 47
238 80
79 83
138 206
80 162
170 198
98 11
28 62
75 225
180 94
110 25
151 151
34 296
175 248
181 244
211 283
160 82
98 256
254 113
166 295
99 281
194 296
163 121
49 128
96 213
65 40
257 244
22 2
295 297
55 12
139 55
272 128
254 185
253 197
105 134
74 260
44 197
279 269
26 122
273 203
7 91
12 175
297 85
252 253
266 93
295 265
148 237
244 283
225 0
246 148
164 292
144 50
95 98
141 62
229 52
81 72
13 77
299 93
185 102
36 278
160 299
84 120
77 25
7 191
273 50
288 241
150 36
266 156
184 194
163 174
111 54
26 204
193 174
131 91
56 0
155 151
244 136
269 47
246 250
142 118
135 39
296 104
159 88
145 105
1 131
161 140
99 145
281 10
108 0
187 283
225 218
286 115
10 24
179 113
96 4
89 280
269 136
232 48
41 50
263 85
112 191
143 114
249 135
185 22
114 152
52 289
272 106
271 90
193 169
179 129
262 299
43 265
164 271
53 140
176 120
78 56
30 93
280 136
66 39
291 179
200 65
114 159
186 222
163 298
233 61
230 96
64 155
88 61
63 193
175 198
104 250
18 186
189 159
218 129
196 39
25 60
26 50
22 37
26 38
165 161
193 270
56 19
42 49
187 202
196 57
135 174
234 287
174 20
146 51
19 7
226 119
24 39
46 170
150 59
207 45
100 103
162 34
244 176
131 178
264 25
30 169
165 137
204 2
0 7
203 298
218 83
27 33
224 239
293 43
27 269
138 214
53 4
232 154
94 258
24 236
115 109
11 102
53 152
39 92
242 233
39 105
105 112
144 226
293 199
281 115
213 87
205 151
243 171
61 248
182 251
54 37
268 233
147 203
219 22
264 100
183 240
72 34
233 219
78 81
238 78
0 248
211 115
7 77
205 219
128 115
131 244
211 210
56 67
150 139
295 21
184 165
98 75
8 35
294 57
155 144
221 198
127 20
255 219
247 105
156 262
160 110
113 263
202 45
233 288
179 7
113 145
136 90
71 187
161 240
286 114
199 23
279 172
131 245
67 193
37 78
116 65
191 100
93 112
17 259
257 163
233 284
224 127
275 173
4 64
231 127
249 161
83 121
133 111
129 24
48 85
226 89
264 285
136 172
120 250
238 296
215 105
137 64
83 270
156 252
100 133
98 64
250 148
59 96
238 189
288 172
108 96
45 175
53 116
170 104
210 177
170 74
273 229
100 229
73 291
15 0
286 195
238 236
163 230
69 49
225 31
160 137
57 62
112 156
293 232
20 38
93 44
85 16
90 45
10 93
72 83
199 261
238 138
58 274
243 108
165 72
29 24
58 177
135 132
176 276
266 275
91 20
192 247
88 122
193 110
282 52
272 50
206 215
257 43
270 166
155 139
1 204
43 258
12 89
98 137
79 186
3 114
236 191
205 273
277 140
82 90
141 238
135 44
144 4
122 263
145 23
84 147
184 117
39 163
263 89
103 67
13 191
252 134
261 191
193 32
177 39
213 80
113 130
282 10
28 234
216 78
48 287
260 210
238 146
283 165
88 237
174 132
143 268
72 167
197 292
283 294
295 263
269 173
95 270
292 94
160 107
215 33
87 211
22 185
163 220
262 282
209 261
259 185
248 200
33 67
125 204
291 223
205 176
88 94
84 135
256 262
74 111
4 92
254 63
299 238
130 233
96 202
33 24
226 229
155 122
51 256
88 280
116 117
19 170
63 100
268 211
4 286
107 89
197 291
249 153
32 266
281 125
50 234
69 193
82 242
31 153
119 187
163 55
10 213
100 259
62 152
70 146
124 256
206 42
150 225
283 223
173 235
135 177
26 266
0 124
12 89
70 230
171 203
36 173
194 184
155 190
247 7
104 31
158 67
228 165
44 109
169 270
231 243
150 262
101 195
193 214
231 129
208 253
70 221
93 266
277 231
24 137
106 149
26 134
262 124
222 53
297 81
237 189
73 271
139 89
268 188
272 285
297 211
81 283
93 290
6 200
224 142
66 139
109 87
228 40
281 59
166 228
252 248
127 104
232 115
90 23
84 70
260 286
170 268
13 13
26 153
228 171
118 238
156 0
70 77
24 287
243 181
219 143
225 6
197 47
184 98
154 178
156 217
20 126
148 89
65 231
141 158
148 112
183 146
233 175
111 88
197 259
245 94
185 56
194 112
224 115
47 28
198 148
92 22
266 195
5 0
74 167
281 108
72 59
11 14
246 200
24 213
182 280
279 90
80 276
91 253
62 236
228 107
203 126
74 168
267 220
191 175
216 145
3 276
90 169
113 280
265 189
175 255
170 224
234 270
214 165
216 203
247 11
161 292
232 230
261 125
43 108
18 93
12 144
94 199
277 131
223 291
122 188
155 39
70 211
145 250
275 48
291 243
84 259
45 159
225 13
51 241
211 2
258 124
263 229
167 174
293 8
201 250
94 183
127 257
296 5
85 54
275 218
61 287
14 225
16 136
285 188
36 116
162 160
159 29
253 187
247 184
37 111
202 290
18 290
22 70
90 272
200 218
11 64
24 209
299 48
166 259
60 268
153 233
16 91
297 153
121 177
51 11
153 174
10 78
55 50
27 63
262 261
100 167
258 31
200 211
243 98
115 183
236 100
32 299
206 289
268 248
41 116
132 64
24 115
288 289
291 295
219 231
250 299
197 143
44 108
77 138
232 181
186 47
62 253
102 94
6 45
18 55
32 179
153 175
226 166
55 128
83 184
158 228
11 107
92 160
294 225
293 29
104 0
73 267
185 196
106 82
189 184
216 72
289 5
284 47
156 51
203 263
209 289
20 47
153 44
157 37
196 239
249 257
159 164
124 197
101 144
2 48
37 107
148 58
82 191
241 115
199 183
156 74
142 279
193 298
68 196
242 293
125 95
59 135
215 279
136 134
162 182
57 9
157 281
204 44
48 64
31 86
212 245
37 254
205 4
14 239
279 41
298 290
184 68
88 232
137 261
94 120
262 131
177 7
98 290
182 46
161 188
129 289
145 134
282 123
266 202
127 264
266 195
31 48
172 127
174 132
53 127
188 171
202 152
27 165
28 55
168 1
218 82
48 164
90 99
54 24
234 290
254 288
145 37
252 131
153 258
92 183
20 264
241 75
83 114
153 239
129 240
11 288
46 169
296 83
297 288
57 75
30 267
47 252
293 252
274 228
256 173
292 248
252 171
200 2
174 189
280 128
276 153
1 47
278 83
264 0
259 269
252 171
260 15
298 139
65 291
184 11
246 32
261 100
263 65
7 108
263 249
190 287
61 219
77 71
3 207
155 117
140 63
125 127
242 212
246 214
57 218
61 116
69 81
161 96
142 29
160 42
115 57
168 49
34 297
154 199
47 218
278 26
256 125
134 106
167 101
225 44
231 168
52 270
87 123
40 45
40 40
113 240
240 214
295 196
45 226
251 94
0 34
231 204
190 240
93 161
59 84
191 51
275 268
112 244
217 166
248 171
52 102
77 58
34 0
210 14
265 73
285 74
255 108
63 21
290 193
270 141
99 246
109 263
102 291
4 227
29 73
183 118
85 227
158 245
109 285
61 196
133 163
183 164
266 48
229 267
48 127
203 190
27 249
282 62
273 203
272 85
79 289
35 263
30 120
64 177
37 47
217 64
54 20
190 178
232 270
178 109
63 171
41 113
93 216
122 92
205 9
5 298
176 13
28 72
293 245
96 68
37 215
199 84
218 260
267 55
170 220
132 98
3 272
287 273
202 154
155 233
149 3
225 284
177 273
7 199
222 59
141 56
120 269
200 228
41 216
263 212
107 53
74 275
161 273
25 38
283 286
225 38
290 8
37 212
177 150
52 278
18 79
42 299
267 291
71 112
53 197
275 181
148 142
239 249
75 46
264 82
267 196
200 153
19 18
11 138
65 180
133 239
206 124
140 6
148 164
158 72
19 44
90 246
19 116
259 126
243 178
224 154
297 291
142 103
57 121
70 202
42 273
184 247
87 78
6 171
108 286
191 45
10 48
250 264
25 240
191 62
180 191
23 271
168 171
108 9
248 265
259 238
54 42
208 28
232 289
230 139
136 180
1 105
107 5
44 266
169 129
146 177
69 144
280 31
23 259
249 12
166 217
240 290
96 128
271 73
39 188
136 11
92 177
51 92
49 138
203 250
217 279
215 75
130 50
4 201
126 227
174 275
233 283
236 98
145 123
60 280
105 248
247 130
268 284
187 165
187 152
276 109
207 3
214 4
51 49
114 205
283 197
168 174
178 279
257 275
64 28
50 0
295 187
296 178
142 188
54 297
117 190
272 295
79 117
164 98
71 140
163 5
121 287
39 248
61 298
39 166
13 278
239 249
44 114
224 29
280 213
124 55
65 155
194 21
280 283
195 214
20 13
217 95
275 63
230 132
263 191
199 297
230 268
258 281
279 174
90 287
99 229
12 182
156 297
89 240
107 38
228 172
168 74
223 260
230 261
50 116
204 207
46 149
86 282
169 72
218 165
269 140
49 239
146 295
271 189
101 244
258 271
140 8
185 56
215 283
91 246
226 13
296 129
117 145
67 240
77 200
212 291
18 276
157 254
60 108
60 97
185 62
152 26
50 46
201 134
110 122
28 290
123 8
195 162
291 256
72 147
70 155
45 71
275 78
49 273
186 106
172 292
236 125
247 80
192 149
100 129
24 10
203 295
185 215
155 191
205 14
31 202
80 94
219 60
261 94
252 128
72 169
38 85
142 93
192 151
209 177
24 7
254 202
241 113
41 10
83 230
120 299
102 90
204 11
259 130
4 122
42 123
134 108
67 218
180 210
95 33
274 49
54 182
292 210
251 196
223 184
195 150
92 142
83 257
269 77
98 156
287 133
188 203
96 266
28 182
263 68
223 278
193 41
11 150
283 74
167 252
18 121
44 46
56 52
153 85
205 10
106 246
161 243
161 161
213 191
293 73
243 197
12 275
250 26
110 147
159 123
151 10
173 262
174 35
69 141
114 200
276 219
28 250
234 101
181 158
124 250
243 41
285 221
50 27
136 196
9 298
61 169
101 248
119 266
242 39
8 198
143 31
34 222
145 294
25 140
43 164
199 113
190 19
107 293
259 263
222 56
64 221
220 155
186 188
30 10
23 154
102 262
121 0
243 39
279 80
263 239
116 140
229 102
175 59
104 182
63 137
289 182
263 231
134 95
132 61
161 224
47 285
191 153
99 260
187 225
202 146
63 171
247 184
105 266
195 56
176 254
231 154
244 22
134 210
91 116
140 23
16 10
47 267
75 292
188 175
291 74
240 45
259 194
174 68
101 239
114 111
272 142
64 176
107 111
235 55
84 140
199 285
204 30
165 89
230 199
37 159
213 161
99 231
129 117
217 53
204 65
146 159
167 195
282 30
159 189
41 81
270 275
141 159
127 195
270 121
286 69
30 62
148 281
105 62
21 261
43 188
287 122
119 173
78 286
7 167
99 205
2 168
162 254
83 299
159 288
69 100
186 120
249 260
289 127
208 209
199 166
19 297
177 20
200 131
139 125
230 17
75 289
195 47
61 269
153 192
153 0
196 287
45 82
122 164
275 112
110 103
228 252
50 24
173 298
138 247
145 138
60 218
59 63
150 198
235 207
29 176
222 21
9 227
40 77
90 51
27 14
8 273
167 8
209 156
273 61
173 59
137 70
124 29
201 136
30 192
216 250
68 66
48 279
279 254
157 121
131 104
178 77
129 134
56 120
213 134
273 172
10 5
0 125
39 288
230 83
144 188
292 41
230 55
110 139
159 8
82 11
262 261
198 51
127 4
284 21
29 291
204 154
119 29
269 243
41 275
215 31
63 32
164 192
147 61
18 291
83 149
248 299
247 28
136 31
290 184
227 166
242 223
64 218
42 104
55 299
184 272
26 265
156 66
73 163
270 82
39 181
55 239
129 84
223 82
17 59
269 138
98 113
60 69
116 169
198 16
163 49
95 201
166 240
240 183
145 84
1 170
158 30
129 221
283 193
285 252
22 298
291 240
210 263
73 59
66 109
92 80
64 265
25 264
15 218
60 76
247 140
296 107
14 109
43 114
44 151
281 278
236 108
287 130
246 179
102 200
244 43
94 299
217 117
90 221
96 82
35 72
249 210
83 166
155 113
37 276
209 219
299 11
276 95
24 240
165 69
163 8
298 52
95 140
191 213
209 294
258 160
222 226
60 238
191 236
68 0
257 205
138 283
244 228
118 126
90 179
95 145
134 247
113 213
246 224
116 53
70 89
74 214
238 161
294 126
100 11
293 188
182 212
203 30
60 196
275 247
101 17
171 26
42 192
21 85
228 271
213 135
31 216
150 259
294 107
147 246
32 289
203 224
76 184
19 155
54 279
20 195
208 51
78 253
256 41
93 213
189 296
214 200
104 202
20 101
47 107
178 216
225 230
245 188
295 39
67 239
251 125
25 89
291 157
163 195
16 153
165 204
159 93
268 77
129 140
179 298
221 65
25 206
101 169
64 197
88 169
180 248
262 81
136 15
74 52
40 115
248 35
281 67
170 221
66 56
100 93
42 58
147 130
104 55
31 273
90 127
88 95
1 164
92 86
151 69
245 120
184 276
22 170
26 159
8 157
32 202
85 240
165 272
143 202
279 17
240 99
64 26
285 263
285 52
19 261
220 191
83 237
111 241
20 125
296 270
286 278
136 18
33 128
170 283
122 1
164 24
8 251
184 209
278 3
292 28
273 65
80 145
145 294
232 160
102 215
115 263
67 85
225 289
165 12
273 24
173 143
250 144
135 250
227 115
246 182
291 223
68 8
292 222
35 280
13 49
14 170
229 126
205 25
52 183
165 230
6 232
297 236
129 123
255 197
226 232
26 74
21 264
270 166
104 135
76 210
34 21
180 237
254 87
8 111
251 54
214 289
270 135
27 13
55 170
129 152
92 244
143 185
154 295
101 216
132 47
235 231
53 110
272 196
182 144
125 98
27 206
126 21
6 158
229 74
289 152
221 94
148 32
144 257
66 264
155 142
40 39
192 271
266 176
88 117
252 222
220 169
287 74
239 185
240 68
223 12
218 3
158 224
208 39
266 93
80 220
153 245
222 56
52 121
35 4
283 47
176 65
200 116
175 211
89 1
204 121
128 196
175 228
24 54
297 34
115 120
152 159
182 251
184 123
24 112
207 197
290 177
24 166
89 69
152 261
99 139
64 150
279 269
93 204
117 48
74 166
186 231
73 196
26 237
107 178
136 101
115 64
62 71
95 223
251 47
57 1
85 99
293 109
94 260
92 88
299 65
73 143
21 163
8 56
140 136
74 78
200 79
298 270
123 48
167 167
290 183
110 46
32 67
149 182
60 73
255 299
53 86
223 134
67 227
103 145
24 125
114 273
42 184
263 256
256 278
136 138
16 274
20 52
207 278
120 71
193 223
52 243
223 245
251 135
232 58
71 27
134 172
27 297
244 92
94 137
0 76
138 153
181 20
5 80
186 92
97 200
11 52
272 176
274 212
91 273
30 108
219 49
268 170
275 207
199 127
64 117
288 241
85 129
51 269
119 206
234 299
213 142
43 230
292 210
219 156
150 212
213 270
274 194
15 38
88 249
213 8
153 150
239 139
274 10
143 189
70 233
186 236
131 21
107 85
260 83
155 139
178 142
245 203
258 100
243 97
174 265
259 289
236 64
189 28
22 180
86 281
293 82
144 3
112 82
139 35
175 131
129 92
76 111
6 63
116 221
33 247
219 30
206 11
274 186
282 290
152 247
81 237
110 0
89 233
166 299
28 165
109 167
254 263
265 53
289 298
1 129
236 35
59 157
274 12
180 293
227 84
28 130
55 33
100 252
229 214
261 43
149 5
42 145
229 258
256 14
138 267
153 248
60 117
76 184
225 267
140 159
14 147
89 35
79 176
248 275
118 95
190 178
212 115
40 256
170 276
222 253
51 262
103 211
210 53
57 60
8 37
36 201
180 55
95 67
65 297
87 1
232 289
104 279
6 287
291 88
69 128
191 266
6 200
156 105
16 240
125 95
217 22
47 244
248 203
211 155
166 111
193 52
107 124
140 126
274 296
98 262
31 76
118 16
37 14
288 87
149 60
189 10
23 250
29 267
283 109
170 220
247 57
294 250
59 54
47 205
140 174
283 76
278 141
99 143
190 158
65 38
277 3
185 148
6 222
71 148
65 164
20 73
277 126
145 54
297 295
154 272
126 60
153 222
279 73
174 233
99 69
171 188
120 106
20 16
84 139
216 136
252 104
118 191
212 238
33 13
68 49
222 194
254 199
98 133
233 71
260 206
97 219
172 105
16 3
218 172
150 22
298 124
111 280
211 85
45 270
276 242
85 145
227 244
56 12
200 112
110 191
129 251
165 140
74 260
154 219
114 194
280 269
218 81
169 203
285 113
96 263
172 147
107 138
222 171
126 125
136 255
224 18
280 267
88 228
234 36
42 105
122 288
234 59
27 156
66 145
287 24
103 139
83 43
109 130
116 236
272 282
286 105
166 190
208 12
106 258
226 192
285 105
167 181
289 35
116 238
213 223
0 1
221 130
219 294
47 133
223 195
100 177
104 218
238 293
242 296
257 177
113 145
149 150
126 221
292 290
0 294
100 34
61 172
99 169
57 80
63 231
4 40
65 149
260 28
21 281
203 79
151 193
181 113
108 45
55 193
106 36
76 65
67 215
250 147
36 80
23 174
69 9
164 95
70 166
89 76
291 168
110 205
108 89
92 263
238 151
281 176
127 121
169 295
54 54
283 119
46 142
153 185
80 297
73 181
110 157
205 254
5 227
80 6
297 28
198 193
35 252
195 67
277 187
211 0
178 70
209 32
18 31
46 25
42 225
221 276
270 230
204 194
235 57
295 158
147 241
181 0
149 268
255 132
91 283
35 27
71 167
114 200
291 19
45 75
226 176
285 13
105 222
18 230
199 211
149 196
246 169
114 220
22 117
252 235
7 263
181 154
189 52
49 51
272 236
289 72
108 230
181 206
32 289
271 66
124 285
133 215
154 298
181 230
56 7
24 213
26 253
31 144
5 231
6 211
111 29
179 255
269 117
13 242
286 87
235 227
138 12
248 23
130 108
77 276
173 198
235 38
122 215
43 62
215 76
36 85
281 22
287 69
228 5
111 143
1 281
7 65
237 118
165 121
68 77
106 152
20 257
266 11
292 70
277 184
250 20
297 101
120 297
227 6
168 2
159 247
139 195
86 176
298 242
266 244
243 143
226 169
126 275
112 112
192 227
83 101
24 228
272 80
169 206
228 149
8 212
274 183
225 110
165 233
254 287
292 29
139 270
80 139
233 179
276 31
82 225
95 273
46 292
152 92
64 247
199 277
95 154
201 97
37 56
75 77
188 227
102 296
83 200
70 204
144 167
106 153
98 232
139 108
120 109
159 132
298 17
202 184
270 42
162 14
156 39
157 70
52 211
70 1
127 55
254 256
233 226
116 298
127 87
40 14
141 269
20 296
299 72
84 292
249 125
186 128
146 11
79 261
239 120
38 250
94 117
150 110
165 273
14 240
89 122
11 165
195 218
173 171
142 273
260 54
239 185
185 204
265 44
22 221
260 251
101 38
0 29
228 150
266 283
129 28
58 75
187 267
60 271
209 250
20 66
249 49
152 171
257 132
253 216
206 211
132 80
79 91
263 235
286 100
107 295
26 260
274 240
196 187
265 122
146 237
267 250
184 253
214 0
114 258
92 65
13 264
196 39
274 9
130 95
209 21
121 137
14 219
58 15
91 191
284 276
2 58
262 244
113 162
207 25
25 55
150 52
172 265
130 244
220 194
20 90
287 126
64 98
60 46
15 147
99 30
295 265
98 83
98 180
76 68
96 259
45 25
150 48
26 166
17 185
103 32
285 125
253 33
132 42
154 16
125 186
161 139
187 168
139 208
227 45
220 132
242 253
80 1
24 91
100 270
73 183
163 82
247 72
86 186
211 64
87 256
73 23
246 88
196 106
39 77
97 1
179 133
43 140
179 234
61 107
13 46
184 290
85 294
36 195
136 218
155 240
52 22
98 286
233 66
285 80
89 147
175 162
217 210
135 242
82 139
139 271
80 78
96 199
86 124
280 135
140 176
251 125
212 106
87 119
117 291
109 7
159 49
200 153
47 293
248 116
252 130
297 158
55 201
124 287
182 177
183 277
260 157
31 66
4 10
96 69
219 74
110 230
143 253
186 35
271 299
152 150
111 294
228 237
17 115
62 14
135 143
191 226
217 72
283 175
10 205
3 132
297 49
158 145
9 80
52 83
189 26
49 262
209 130
208 148
151 231
66 132
135 193
75 102
54 98
167 171
115 241
33 103
20 210
292 85
160 161
106 233
15 114
234 13
185 140
213 1
190 268
283 151
160 197
73 165
283 68
283 89
255 212
1 23
58 87
28 207
226 241
90 146
191 215
53 218
1 12
53 122
162 72
72 256
103 105
7 221
98 55
141 59
190 36
178 151
181 259
266 27
14 41
264 196
270 133
160 72
15 269
226 8
12 69
198 113
257 4
83 77
22 179
10 297
68 127
256 27
74 150
9 291
277 150
7 103
128 226
282 178
147 2
31 77
228 40
198 232
98 293
156 234
110 212
277 196
31 216
27 279
132 258
233 266
225 52
40 258
214 206
297 279
244 73
203 216
248 235
209 296
127 220
28 131
200 149
281 90
108 171
127 208
104 255
169 47
130 112
168 210
204 164
105 154
214 193
19 50
90 265
83 2
150 232
77 4
262 167
62 80
45 8
59 168
162 4
124 142
294 65
296 141
253 277
258 16
200 22
57 126
116 27
194 23
22 61
191 260
37 164
42 141
153 109
8 138
259 103
219 154
198 271
124 22
74 178
171 261
16 165
28 139
46 182
21 233
283 183
26 143
224 181
107 128
154 169
156 204
80 141
8 30
99 109
13 28
275 113
48 114
198 32
75 295
140 283
277 147
159 163
219 175
256 45
164 274
202 163
210 94
277 58
235 1
112 227
199 2
74 193
243 273
170 273
142 106
107 267
297 132
64 12
207 160
131 131
123 209
10 130
198 175
224 150
49 265
187 245
146 167
4 94
21 283
185 55
235 156
80 215
120 246
196 58
191 264
92 103
288 183
214 18
237 264
254 272
64 238
49 145
14 36
80 179
175 182
181 238
234 129
42 165
75 83
72 70
74 63
122 89
2 257
35 150
118 187
261 242
36 88
73 297
243 40
16 92
135 59
32 299
260 167
18 217
30 124
27 127
284 193
154 270
286 126
92 253
203 103
236 126
222 115
171 60
273 70
285 65
103 278
19 171
6 182
36 156
234 261
97 32
184 50
183 69
217 275
174 281
186 282
215 245
251 218
207 123
84 211
109 92
101 215
142 127
129 186
90 228
150 148
122 119
177 84
65 98
200 149
201 65
240 203
287 275
7 156
78 271
217 272
226 31
173 264
278 233
172 114
41 43
188 215
27 57
39 88
107 115
111 46
111 78
185 206
10 21
112 97
245 43
76 74
208 124
108 261
2 74
110 181
244 103
232 135
57 134
278 66
288 208
256 184
159 198
88 3
152 171
53 22
92 154
271 9
260 296
232 15
256 73
121 161
156 240
203 87
148 126
71 189
235 287
29 78
65 213
28 263
201 221
261 159
169 103
286 247
147 255
10 161
240 236
226 69
80 194
82 222
200 22
281 219
128 232
279 186
270 6
144 5
220 213
109 187
103 47
212 167
16 98
234 120
92 228
4 297
173 233
83 69
45 141
273 218
36 54
24 279
97 122
21 121
275 229
163 10
52 234
47 12
116 160
123 30
89 248
141 203
39 10
115 70
110 7
124 81
73 163
261 76
223 123
198 238
217 206
239 97
175 201
15 109
143 11
51 287
125 120
267 119
203 230
136 298
236 207
64 100
154 298
207 36
156 228
13 118
114 66
257 250
127 76
25 251
5 101
134 272
296 142
47 137
191 91
275 252
118 164
175 200
110 194
48 103
0 246
97 211
166 238
27 251
82 0
165 1
101 63
123 0
218 32
84 222
151 69
35 64
281 76
256 125
234 179
42 45
133 50
154 133
293 57
292 240
40 181
191 272
114 13
245 289
238 36
275 202
172 59
92 167
119 65
267 77
130 118
56 10
197 143
169 162
47 241
119 213
69 9
234 34
170 86
122 168
59 288
275 173
83 199
13 81
62 34
27 125
32 297
285 225
270 3
57 257
183 207
130 264
35 125
291 289
275 51
39 18
180 184
216 125
48 180
119 78
14 84
80 113
257 216
202 244
256 278
73 281
120 140
49 287
111 84
128 131
24 245
216 263
53 185
192 142
74 63
119 209
216 29
6 297
58 8
107 33
259 267
96 151
131 59
219 275
149 25
53 226
100 145
209 195
134 154
283 114
289 86
32 4
0 238
6 73
16 248
241 286
154 95
177 181
96 272
276 10
218 23
18 59
259 121
66 25
52 236
298 184
179 172
108 261
57 38
110 5
48 109
117 2
47 182
233 251
221 119
13 75
46 6
225 181
295 126
192 201
121 27
190 17
172 284
226 43
256 165
182 126
18 2
148 267
277 216
90 146
71 140
115 181
180 27
178 279
298 174
277 53
33 21
92 102
193 153
208 199
71 271
284 262
37 285
239 273
197 185
183 226
33 53
124 247
28 174
118 75
288 163
112 26
106 73
215 145
157 265
251 12
44 96
113 67
205 27
111 24
109 160
202 149
59 268
287 91
230 73
130 197
235 92
122 129
121 107
145 88
187 124
69 171
64 196
114 251
54 190
78 93
139 244
163 192
74 84
293 125
97 186
209 144
156 30
43 218
279 45
67 55
121 72
51 117
164 11
298 242
273 211
91 242
85 67
88 285
280 115
75 182
232 234
28 252
255 16
101 28
84 30
218 44
290 19
220 10
10 23
111 94
171 250
258 218
75 152
162 86
174 95
27 285
13 124
55 62
294 195
24 81
41 165
261 280
119 40
242 135
154 264
40 248
32 5
232 128
144 18
192 285
159 236
131 68
250 56
177 174
14 86
226 228
97 118
152 223
29 115
299 253
295 170
237 17
277 226
109 99
37 26
8 248
241 288
194 169
44 32
21 271
226 250
68 20
243 48
282 36
208 24
173 293
59 103
161 10
137 246
159 251
103 120
224 189
229 126
120 138
18 11
287 131
46 19
217 233
176 262
210 12
260 14
50 280
68 39
279 52
102 176
169 203
16 259
115 100
288 17
98 248
219 13
162 185
207 2
239 51
109 154
211 105
214 28
116 232
27 259
26 58
64 272
54 81
116 137
15 278
79 30
96 200
236 162
181 264
269 289
266 287
279 72
90 46
220 182
82 268
23 90
262 60
246 120
77 71
298 189
261 173
147 107
289 273
46 206
185 184
107 133
18 73
129 114
171 87
154 274
72 9
253 166
232 124
181 112
137 10
21 234
112 107
58 241
54 277
153 227
68 115
142 163
214 130
140 186
281 268
267 23
223 296
221 70
165 2
166 242
190 238
117 174
274 262
242 276
51 201
195 194
113 172
285 58
198 127
37 44
88 66
46 8
166 256
170 168
33 232
80 274
23 43
40 216
208 206
44 59
123 166
213 249
112 270
254 199
281 133
160 49
148 193
35 146
259 257
175 57
235 5
224 200
64 87
160 85
122 212
211 259
192 118
96 165
285 285
109 130
5 27
284 10
236 149
181 270
49 287
208 233
31 233
115 242
222 279
105 261
235 231
173 243
197 97
31 242
125 284
155 290
63 191
26 39
1 145
284 21
99 178
63 111
205 175
90 44
269 117
36 37
47 41
143 185
107 247
264 82
75 27
201 42
195 243
90 162
116 206
297 153
176 44
43 118
198 4
102 143
2 135
86 50
59 142
41 241
283 14
79 298
204 23
12 287
125 5
80 108
100 171
48 270
6 197
176 198
269 272
129 132
155 164
142 150
215 287
17 213
209 92
74 272
253 48
216 35
64 121
248 28
55 19
47 54
220 64
299 288
60 95
189 224
66 162
107 253
122 110
78 263
163 121
181 93
248 36
75 6
298 299
262 228
294 201
239 97
0 64
18 192
36 199
9 279
223 47
293 172
130 78
76 74
266 184
211 113
175 16
171 55
157 82
275 169
20 119
73 47
193 270
251 54
222 134
266 280
205 298
86 49
100 77
58 40
203 247
95 13
49 1
169 189
240 191
133 211
181 40
49 120
82 221
214 195
274 97
69 125
39 141
125 122
171 39
137 63
168 46
112 54
292 174
245 249
75 182
209 64
256 173
8 72
64 75
111 57
273 10
299 98
258 238
207 147
195 133
8 117
175 273
251 66
210 86
22 245
177 70
203 86
298 263
8 230
154 236
194 223
229 35
186 36
293 235
160 283
162 228
249 242
262 120
76 201
280 208
51 169
232 95
167 115
260 129
201 181
158 188
113 250
116 37
153 193
250 151
76 3
106 17
49 177
141 198
121 0
290 264
242 65
141 29
18 273
210 18
38 183
45 107
119 93
109 209
116 288
21 227
269 68
96 181
241 172
109 253
265 241
87 251
279 98
278 172
88 261
217 296
87 79
46 153
17 7
297 93
237 251
204 153
102 95
191 187
218 158
299 280
20 168
154 86
90 50
210 59
128 130
148 136
91 33
153 177
230 98
273 238
32 204
45 279
25 109
201 125
49 210
68 97
30 272
127 120
219 85
136 39
70 60
281 181
249 149
144 11
70 150
66 156
157 234
3 14
212 23
12 35
79 133
103 7
279 234
149 273
115 226
50 201
91 15
288 174
242 10
84 79
261 81
46 113
70 27
241 72
244 206
154 296
101 298
55 287
83 169
135 190
194 130
286 93
19 168
287 2
223 238
90 87
288 195
96 268
94 265
260 124
247 93
87 107
25 177
4 16
298 241
139 6
174 61
290 262
157 280
91 152
294 269
261 213
272 75
115 167
163 279
152 106
121 245
197 198
280 280
151 230
148 110
150 233
150 13
293 262
256 69
272 31
252 166
27 272
44 279
14 192
225 252
170 246
132 235
109 74
299 270
207 10
80 163
187 232
289 182
220 199
165 83
68 149
137 180
0 208
185 142
56 251
138 103
163 62
12 253
236 157
4 276
36 166
211 181
197 173
212 87
18 37
191 191
224 283
81 287
92 232
225 23
291 61
79 112
294 273
294 291
9 232
77 75
291 118
266 197
196 169
188 188
66 196
150 14
249 113
110 290
57 18
108 221
145 46
94 130
1 280
161 150
228 155
207 296
196 190
287 110
215 296
243 90
110 297
216 109
143 235
116 240
230 271
99 219
123 297
166 188
157 93
89 41
225 289
6 218
226 105
110 161
137 225
83 196
184 84
291 21
38 125
149 246
77 143
59 203
8 232
290 76
276 80
216 264
34 38
198 240
109 296
107 189
17 13
292 188
186 50
156 64
246 220
272 134
225 278
197 262
28 103
19 186
299 34
93 127
59 264
292 232
254 16
3 191
32 226
214 153
160 70
283 80
102 251
148 30
285 49
193 12
92 70
20 123
99 246
255 76
138 163
13 29
268 184
17 249
183 206
170 298
260 49
29 11
234 10
177 266
64 219
297 158
9 9
223 270
127 216
104 87
165 137
139 49
193 0
214 47
262 253
27 212
93 10
56 298
83 42
175 235
125 34
213 104
64 105
16 124
140 20
75 143
244 254
158 217
254 278
276 216
19 189
114 36
171 163
166 279
207 2
104 206
139 233
175 70
215 232
14 105
38 244
183 0
151 31
194 236
38 55
206 286
45 5
138 135
103 90
0 119
62 35
199 249
58 251
239 73
79 195
130 168
255 33
101 228
238 203
12 268
38 180
112 152
183 207
159 152
211 261
182 14
1 289
200 108
40 224
260 157
211 118
55 250
154 34
203 137
94 68
263 93
260 140
33 229
102 232
90 34
257 19
154 52
232 263
68 295
8 45
75 226
33 122
95 257
141 223
171 210
141 111
43 42
33 143
244 269
228 258
51 275
277 167
239 106
25 170
213 15
47 110
137 13
48 126
190 236
17 18
282 271
91 114
1 218
283 15
205 169
179 147
218 255
105 60
179 82
140 237
108 237
108 84
46 42
187 276
220 31
51 51
32 121
163 224
243 129
12 115
211 242
208 192
4 250
127 191
65 53
15 152
147 53
283 268
132 141
233 249
8 21
240 274
206 299
140 42
44 264
124 163
269 79
39 103
196 286
129 75
88 100
161 217
17 209
81 169
239 40
1 279
61 12
94 36
13 216
55 217
98 125
252 255
3 121
226 106
176 195
187 42
73 112
292 41
264 129
248 272
278 213
95 192
265 67
299 215
213 166
14 11
214 136
196 153
288 39
233 250
170 173
186 51
187 233
100 57
195 243
50 214
207 120
142 241
188 252
226 131
11 259
118 120
106 220
66 234
142 160
291 242
37 290
255 195
276 2
243 269
28 22
68 200
48 109
86 289
255 171
185 275
7 131
162 161
261 207
99 36
255 117
4 145
269 218
65 152
4 16
34 88
114 218
222 226
251 124
271 280
289 103
34 26
183 119
248 207
245 197
89 85
10 273
108 84
13 167
236 53
283 51
239 211
259 68
275 47
235 134
14 119
203 248
271 209
105 256
32 135
84 134
117 75
57 203
90 96
33 234
299 261
239 294
181 71
96 166
126 271
183 246
142 126
137 80
229 181
15 111
130 114
146 226
14 82
191 218
225 31
270 253
211 90
266 213
100 285
227 65
155 7
220 118
15 215
223 20
196 125
60 188
233 3
292 247
150 176
104 141
5 35
189 145
78 286
198 131
223 34
26 16
97 187
40 185
51 231
295 154
256 2
167 107
72 28
183 9
247 9
283 147
7 230
38 68
57 107
145 231
52 87
86 213
177 198
99 256
89 218
282 177
82 153
270 75
136 273
136 181
101 186
21 221
241 104
31 190
59 54
298 62
188 115
286 242
140 11
14 31
110 230
193 45
246 80
270 207
72 44
245 3
269 67
203 120
20 63
132 44
10 197
294 167
110 225
168 181
215 92
241 52
155 105
120 208
294 287
29 284
197 3
54 250
101 52
232 288
1 60
12 173
89 246
185 75
27 178
249 230
129 252
266 42
28 141
127 267
68 229
125 204
66 87
267 215
232 147
147 13
291 90
287 10
225 240
243 263
175 98
129 269
111 269
244 224
217 286
281 131
217 277
107 291
162 62
236 70
242 241
61 204
37 91
283 190
12 130
68 126
204 223
31 268
20 116
53 88
184 104
272 175
294 70
236 96
111 260
131 166
263 128
106 124
221 202
144 32
48 256
73 117
262 182
171 16
57 144
44 239
249 239
244 123
28 92
99 182
105 162
71 148
47 130
184 8
204 211
228 284
6 202
132 217
74 248
172 174
244 286
211 227
226 152
222 155
278 219
78 170
1 77
32 250
106 22
165 205
100 6
242 227
104 55
217 259
136 200
2 255
204 111
120 28
234 39
65 294
172 83
101 52
71 150
255 126
113 280
61 147
212 218
99 265
127 113
186 294
2 16
220 145
99 89
218 288
23 148
181 240
70 110
149 55
71 160
158 263
160 155
220 236
129 188
51 48
142 30
34 243
194 166
194 107
210 184
187 167
15 168
73 163
290 280
273 72
44 8
213 212
23 227
233 250
115 124
14 184
164 226
132 264
88 162
9 202
73 263
130 22
113 293
232 72
287 264
115 285
128 19
296 75
95 299
83 184
123 82
259 1
53 71
240 282
30 253
183 198
148 253
279 294
36 120
208 74
198 77
174 163
202 58
113 69
26 291
252 113
224 213
182 262
134 181
164 88
52 178
105 259
293 223
119 35
221 68
160 173
110 114
76 199
172 213
239 10
109 244
116 255
172 173
66 98
168 245
274 113
86 244
134 178
33 227
31 150
229 293
111 145
269 186
16 189
52 44
298 16
173 232
160 226
286 220
98 119
85 194
272 132
36 89
34 140
165 99
259 137
10 34
59 289
271 42
44 9
68 187
188 297
29 227
118 245
285 125
12 53
152 215
180 186
47 37
162 130
114 88
269 142
19 75
266 70
199 139
155 274
86 36
58 288
88 204
75 130
251 195
183 256
5 51
282 120
126 1
188 53
104 182
297 195
167 198
204 32
254 176
35 105
163 54
195 198
60 253
191 223
99 112
100 94
239 3
209 123
114 299
141 108
20 12
151 293
283 99
215 272
155 283
297 133
29 227
224 153
263 171
110 263
222 19
9 232
137 113
228 90
147 178
180 127
266 187
102 76
224 142
74 118
112 136
245 204
280 222
218 1
212 168
152 255
15 64
58 54
298 128
112 71
53 119
241 138
148 224
184 195
93 200
247 94
257 26
131 138
67 101
204 28
258 266
161 14
97 197
189 209
15 16
186 281
194 55
0 297
211 74
177 239
130 112
133 106
193 47
280 83
58 113
146 284
299 50
107 93
243 17
219 273
208 111
225 0
170 222
282 124
6 299
23 70
11 50
201 107
297 87
36 131
159 242
74 197
10 136
88 229
50 45
236 2
295 167
122 265
79 173
56 127
189 255
207 163
102 213
115 143
137 271
57 39
195 72
289 24
97 176
299 282
112 299
87 149
180 192
247 190
199 76
203 34
196 113
96 276
22 4
55 213
284 23
67 256
154 263
270 3
260 183
243 181
13 203
106 152
106 133
183 219
115 293
260 55
173 5
188 74
102 72
241 127
247 242
40 297
67 99
248 39
7 262
67 97
116 80
94 119
7 32
66 146
109 17
126 118
178 38
135 286
212 107
172 244
289 190
21 143
270 269
227 89
23 277
23 14
173 31
226 165
282 104
197 108
85 278
187 167
267 154
59 235
78 155
236 121
111 14
217 237
200 274
230 200
86 56
277 0
115 157
214 143
232 12
70 5
124 97
